seed,features,mask,n_features,logprob,logprob_se,info_lower_bound,exact_info,exact_logprob,gap
0,none,0,0,-4.981546947860718,0.030005464284627043,0.0010600043980275586,0.0,-4.948509927820423,0.03303702004029496
0,f1_strong_t1,100000000,1,-4.835747077560425,0.030885148535778836,0.14685987469832007,0.18318119104721087,-4.771777085422592,0.06396999213783339
0,f2_strong_t2,10000000,1,-4.187689970874787,0.02947568100638113,0.7949169813839587,0.8047189562170504,-4.125575819578504,0.062114151296282394
0,f3_dup_a,1000000,1,-4.706026708602905,0.028736008054737704,0.27658024365584044,0.32549318486783363,-4.6379502941060675,0.06807641449683732
0,f4_dup_b,100000,1,-4.702775270462036,0.028662978638666785,0.2798316817967095,0.32549318486783363,-4.636306122346894,0.06646914811514204
0,f5_null,10000,1,-4.984453500938415,0.03034322722042791,-0.001846548679670157,0.0,-4.948509927820423,0.03594357311799268
0,f6_suppressor,1000,1,-4.998135045337677,0.030796322944186345,-0.015528093078931882,0.0,-4.948509927820423,0.0496251175172544
0,f7_weak,100,1,-4.848130090618134,0.029839662955741888,0.13447686164061157,0.15374234987398028,-4.804330904157414,0.043799186460719675
0,f8_bigcoef,10,1,-4.663357053661346,0.029758486894267078,0.3192498985973993,0.3465735902799726,-4.612382318277969,0.05097473538337738
0,noise_0,1,1,-4.984521819210053,0.030138215589455203,-0.0019148669513073813,0.0,-4.948509927820423,0.0360118913896299
0,f1_strong_t1|f2_strong_t2,110000000,2,-4.044005579853057,0.030245320598777947,0.9386013724056879,0.9879001472642611,-3.948842977180674,0.0951626026723833
0,f1_strong_t1|f3_dup_a,101000000,2,-4.549829852104187,0.029716923659149196,0.43277710015455817,0.5086743759150446,-4.4612174517082375,0.08861240039594964
0,f1_strong_t1|f4_dup_b,100100000,2,-4.55397626247406,0.029803615647567,0.42863068978468544,0.5086743759150446,-4.459573279949064,0.09440298252499613
0,f1_strong_t1|f5_null,100010000,2,-4.839427319717407,0.031347134394407894,0.14317963254133836,0.18318119104721087,-4.771777085422592,0.06765023429481509
0,f1_strong_t1|f6_suppressor,100001000,2,-3.1911382199287415,0.03264448028097247,1.7914687323300038,1.9669985459645072,-3.009229956626878,0.18190826330186338
0,f1_strong_t1|f7_weak,100000100,2,-4.706476586914063,0.030727530156931054,0.2761303653446827,0.33692354092119114,-4.627598061759583,0.07887852515447946
0,f1_strong_t1|f8_bigcoef,100000010,2,-4.518039251708984,0.03033855995541868,0.46456770054976104,0.5297547813271836,-4.435649475880138,0.08238977582884655
0,f1_strong_t1|noise_0,100000001,2,-4.8350085359573365,0.03117355770286737,0.1475984163014088,0.18318119104721087,-4.771777085422592,0.06323145053474466
0,f2_strong_t2|f3_dup_a,11000000,2,-3.9145337008476258,0.02815866488424151,1.0680732514111195,1.130212141084884,-3.8150161858641485,0.09951751498347727
0,f2_strong_t2|f4_dup_b,10100000,2,-3.906155750465393,0.028048546266856864,1.0764512017933523,1.130212141084884,-3.813372014104975,0.09278373636041781
0,f2_strong_t2|f5_null,10010000,2,-4.190647034168244,0.029813410134503813,0.7919599180905017,0.8047189562170504,-4.125575819578504,0.06507121458973941
0,f2_strong_t2|f6_suppressor,10001000,2,-4.201898081684113,0.030343643365781357,0.7807088705746326,0.8047189562170504,-4.125575819578504,0.07632226210560855
0,f2_strong_t2|f7_weak,10000100,2,-4.050360974407196,0.029078459419392747,0.9322459778515491,0.9584613060910306,-3.981396795915495,0.06896417849170122
0,f2_strong_t2|f8_bigcoef,10000010,2,-3.865932222747803,0.02946098200354859,1.1166747295109425,1.151292546497023,-3.7894482100360496,0.0764840127117532
0,f2_strong_t2|noise_0,10000001,2,-4.190423369026184,0.029391442827189206,0.7921835832325614,0.8047189562170504,-4.125575819578504,0.06484754944767968
0,f3_dup_a|f4_dup_b,1100000,2,-4.705657723808288,0.03051772498993165,0.2769492284504569,0.3356904520389953,-4.6273228499969425,0.07833487381134585
0,f3_dup_a|f5_null,1010000,2,-4.710115753173828,0.02902835078887602,0.27249119908491704,0.32549318486783363,-4.6379502941060675,0.07216545906776073
0,f3_dup_a|f6_suppressor,1001000,2,-4.721098718929291,0.02943043978698133,0.2615082333294545,0.32549318486783363,-4.6379502941060675,0.08314842482322327
0,f3_dup_a|f7_weak,1000100,2,-4.572476016426086,0.028635335298634344,0.410130935832659,0.4792355347418139,-4.493771270443058,0.07870474598302835
0,f3_dup_a|f8_bigcoef,1000010,2,-4.387892053508758,0.028432569420878656,0.5947148987499871,0.6720667751478063,-4.3018226845636125,0.08606936894514572
0,f3_dup_a|noise_0,1000001,2,-4.7111615740776065,0.02902611279720779,0.2714453781811388,0.32549318486783363,-4.6379502941060675,0.07321127997153898
0,f4_dup_b|f5_null,110000,2,-4.7064029413223265,0.02896333869697686,0.2762040109364188,0.32549318486783363,-4.636306122346894,0.07009681897543274
0,f4_dup_b|f6_suppressor,101000,2,-4.7197941519737245,0.029519323103007405,0.26281280028502074,0.32549318486783363,-4.636306122346894,0.08348802962683077
0,f4_dup_b|f7_weak,100100,2,-4.56845682554245,0.02866004977537576,0.4141501267162955,0.4792355347418139,-4.492127098683885,0.07632972685856476
0,f4_dup_b|f8_bigcoef,100010,2,-4.3845219613075255,0.028538243345747494,0.5980849909512198,0.6720667751478063,-4.300178512804439,0.08434344850308673
0,f4_dup_b|noise_0,100001,2,-4.707920435810089,0.028685549140342416,0.27468651644865627,0.32549318486783363,-4.636306122346894,0.07161431346319524
0,f5_null|f6_suppressor,11000,2,-5.001027040958404,0.031187952769523335,-0.018420088699659054,0.0,-4.948509927820423,0.052517113137981575
0,f5_null|f7_weak,10100,2,-4.848438345241546,0.030141143525676792,0.13416860701719902,0.15374234987398028,-4.804330904157414,0.044107441084132226
0,f5_null|f8_bigcoef,10010,2,-4.667173144626617,0.02999872773554993,0.3154338076321279,0.3465735902799726,-4.612382318277969,0.054790826348648736
0,f5_null|noise_0,10001,2,-4.988697707176208,0.030403517230410185,-0.006090754917463137,0.0,-4.948509927820423,0.04018777935578566
0,f6_suppressor|f7_weak,1100,2,-4.865152791881561,0.03074394156887311,0.11745416037718392,0.15374234987398028,-4.804330904157414,0.06082188772414732
0,f6_suppressor|f8_bigcoef,1010,2,-4.677411392688751,0.030352484840935657,0.3051955595699942,0.3465735902799726,-4.612382318277969,0.06502907441078243
0,f6_suppressor|noise_0,1001,2,-4.996928072929382,0.031055059240894706,-0.014321120670636844,0.0,-4.948509927820423,0.048418145108959365
0,f7_weak|f8_bigcoef,110,2,-4.587055380153656,0.03015405921523215,0.39555157210508884,0.42933080951875946,-4.528096470063545,0.05895891009011134
0,f7_weak|noise_0,101,2,-4.852153182029724,0.029890698282271925,0.13045377022902116,0.15374234987398028,-4.804330904157414,0.04782227787231008
0,f8_bigcoef|noise_0,11,2,-4.668248075675964,0.02987565020405889,0.31435887658278094,0.3465735902799726,-4.612382318277969,0.05586575739799571
0,f1_strong_t1|f2_strong_t2|f3_dup_a,111000000,3,-3.757844328594208,0.028922344109731313,1.2247626236645375,1.3133933321320947,-3.6382833434663175,0.11956098512789026
0,f1_strong_t1|f2_strong_t2|f4_dup_b,110100000,3,-3.756196247768402,0.02882326272389199,1.2264107044903434,1.3133933321320947,-3.6366391717071442,0.11955707606125765
0,f1_strong_t1|f2_strong_t2|f5_null,110010000,3,-4.047743258666992,0.030694861333305682,0.9348636935917529,0.9879001472642611,-3.948842977180674,0.09890028148631824
0,f1_strong_t1|f2_strong_t2|f6_suppressor,110001000,3,-2.3693808968544006,0.032115436109060015,2.6132260554043447,2.7717175021815574,-2.1862958483849595,0.18308504846944107
0,f1_strong_t1|f2_strong_t2|f7_weak,110000100,3,-3.9114321531295775,0.029851846024917132,1.0711747991291678,1.1416424971382413,-3.804663953517664,0.10676819961191342
0,f1_strong_t1|f2_strong_t2|f8_bigcoef,110000010,3,-3.7230864583969114,0.02986035512925155,1.2595204938618338,1.3344737375442337,-3.6127153676382178,0.11037109075869367
0,f1_strong_t1|f2_strong_t2|noise_0,110000001,3,-4.040608697509765,0.03024803160293243,0.94199825474898,0.9879001472642611,-3.948842977180674,0.09176572032909114
0,f1_strong_t1|f3_dup_a|f4_dup_b,101100000,3,-4.55942656507492,0.03171400046087259,0.4231803871838249,0.5188716430862063,-4.45059000759911,0.10883655747581056
0,f1_strong_t1|f3_dup_a|f5_null,101010000,3,-4.553576385211945,0.030128778954078932,0.42903056704680065,0.5086743759150446,-4.4612174517082375,0.09235893350370716
0,f1_strong_t1|f3_dup_a|f6_suppressor,101001000,3,-2.9063885843276975,0.031134266512995654,2.0762183679310477,2.292491730832341,-2.6986703229125224,0.20771826141517513
0,f1_strong_t1|f3_dup_a|f7_weak,101000100,3,-4.4257219338417055,0.029598931432658918,0.5568850184170397,0.6624167257890249,-4.317038428045227,0.10868350579647856
0,f1_strong_t1|f3_dup_a|f8_bigcoef,101000010,3,-4.232731836032867,0.029000969886337175,0.7498751162258781,0.8552479661950173,-4.125089842165781,0.1076419938670865
0,f1_strong_t1|f3_dup_a|noise_0,101000001,3,-4.556337375068664,0.030168055754511872,0.4262695771900811,0.5086743759150446,-4.4612174517082375,0.09511992336042674
0,f1_strong_t1|f4_dup_b|f5_null,100110000,3,-4.5537405836105345,0.030161260490759238,0.4288663686482108,0.5086743759150446,-4.459573279949064,0.09416730366147075
0,f1_strong_t1|f4_dup_b|f6_suppressor,100101000,3,-2.932993999290466,0.031532225372178674,2.049612952968279,2.292491730832341,-2.697026151153349,0.23596784813711702
0,f1_strong_t1|f4_dup_b|f7_weak,100100100,3,-4.423656444072724,0.02969315440714189,0.5589505081860215,0.6624167257890249,-4.315394256286054,0.10826218778666963
0,f1_strong_t1|f4_dup_b|f8_bigcoef,100100010,3,-4.238641478443146,0.02931904761758313,0.7439654738155994,0.8552479661950173,-4.123445670406608,0.11519580803653806
0,f1_strong_t1|f4_dup_b|noise_0,100100001,3,-4.554544109344483,0.029789503551297735,0.42806284291426255,0.5086743759150446,-4.459573279949064,0.09497082939541901
0,f1_strong_t1|f5_null|f6_suppressor,100011000,3,-3.200152044582367,0.03318378584383264,1.7824549076763785,1.9669985459645072,-3.009229956626878,0.1909220879554887
0,f1_strong_t1|f5_null|f7_weak,100010100,3,-4.707553429794311,0.030958872453540252,0.27505352246443415,0.33692354092119114,-4.627598061759583,0.07995536803472802
0,f1_strong_t1|f5_null|f8_bigcoef,100010010,3,-4.5233957156181335,0.030737039793373788,0.4592112366406118,0.5297547813271836,-4.435649475880138,0.08774623973799578
0,f1_strong_t1|f5_null|noise_0,100010001,3,-4.841714568042755,0.031556156950984945,0.1408923842159906,0.18318119104721087,-4.771777085422592,0.06993748262016286
0,f1_strong_t1|f6_suppressor|f7_weak,100001100,3,-3.0398280029296876,0.032457373849013794,1.9427789493290577,2.1207408958384875,-2.865050932963869,0.17477706996581865
0,f1_strong_t1|f6_suppressor|f8_bigcoef,100001010,3,-2.8684575289726255,0.03204334118131738,2.1141494232861198,2.3135721362444794,-2.6731023470844235,0.195355181888202
0,f1_strong_t1|f6_suppressor|noise_0,100001001,3,-3.1991663090705873,0.03315585111734077,1.783440643188158,1.9669985459645072,-3.009229956626878,0.1899363524437092
0,f1_strong_t1|f7_weak|f8_bigcoef,100000110,3,-4.445259354114532,0.030906910253776898,0.5373475981442128,0.6125120005659704,-4.351363627665714,0.09389572644881827
0,f1_strong_t1|f7_weak|noise_0,100000101,3,-4.709364161586762,0.03088540714854593,0.27324279067198365,0.33692354092119114,-4.627598061759583,0.08176609982717853
0,f1_strong_t1|f8_bigcoef|noise_0,100000011,3,-4.522476763343811,0.030665467103594947,0.46013018891493385,0.5297547813271836,-4.435649475880138,0.08682728746367374
0,f2_strong_t2|f3_dup_a|f4_dup_b,11100000,3,-3.905667290687561,0.029816210537858382,1.0769396615711844,1.1404094082560454,-3.8043887417550226,0.10127854893253829
0,f2_strong_t2|f3_dup_a|f5_null,11010000,3,-3.919385252666473,0.02843823740457037,1.063221699592272,1.130212141084884,-3.8150161858641485,0.10436906680232472
0,f2_strong_t2|f3_dup_a|f6_suppressor,11001000,3,-3.9294472776412963,0.0289674124648717,1.053159674617449,1.130212141084884,-3.8150161858641485,0.11443109177714783
0,f2_strong_t2|f3_dup_a|f7_weak,11000100,3,-3.773565185546875,0.027818642910207615,1.2090417667118705,1.2839544909588643,-3.6708371622011393,0.1027280233457355
0,f2_strong_t2|f3_dup_a|f8_bigcoef,11000010,3,-3.5907735314369202,0.027937318322051964,1.391833420821825,1.4767857313648562,-3.478888576321694,0.11188495511522634
0,f2_strong_t2|f3_dup_a|noise_0,11000001,3,-3.919760416507721,0.02826524844405019,1.0628465357510244,1.130212141084884,-3.8150161858641485,0.10474423064357241
0,f2_strong_t2|f4_dup_b|f5_null,10110000,3,-3.910609007549286,0.028306949951534106,1.0719979447094592,1.130212141084884,-3.813372014104975,0.09723699344431092
0,f2_strong_t2|f4_dup_b|f6_suppressor,10101000,3,-3.918846682357788,0.028852438114998036,1.0637602699009574,1.130212141084884,-3.813372014104975,0.10547466825281271
0,f2_strong_t2|f4_dup_b|f7_weak,10100100,3,-3.7667294430732725,0.027686657568135473,1.2158775091854728,1.2839544909588643,-3.669192990441967,0.09753645263130561
0,f2_strong_t2|f4_dup_b|f8_bigcoef,10100010,3,-3.585459497833252,0.028014178606826864,1.3971474544254932,1.4767857313648562,-3.4772444045625206,0.10821509327073153
0,f2_strong_t2|f4_dup_b|noise_0,10100001,3,-3.9106349838256835,0.027867890797025167,1.0719719684330618,1.130212141084884,-3.813372014104975,0.09726296972070836
0,f2_strong_t2|f5_null|f6_suppressor,10011000,3,-4.206302287483215,0.030692606647346462,0.7763046647755303,0.8047189562170504,-4.125575819578504,0.08072646790471083
0,f2_strong_t2|f5_null|f7_weak,10010100,3,-4.050876570892334,0.029341314066919245,0.9317303813664113,0.9584613060910306,-3.981396795915495,0.06947977497683899
0,f2_strong_t2|f5_null|f8_bigcoef,10010010,3,-3.872996872806549,0.02978493162906235,1.1096100794521964,1.151292546497023,-3.7894482100360496,0.08354866277049933
0,f2_strong_t2|f5_null|noise_0,10010001,3,-4.195643893718719,0.029734885871532904,0.7869630585400262,0.8047189562170504,-4.125575819578504,0.07006807414021488
0,f2_strong_t2|f6_suppressor|f7_weak,10001100,3,-4.067573554515839,0.029939608750747092,0.9150333977429064,0.9584613060910306,-3.981396795915495,0.0861767586003439
0,f2_strong_t2|f6_suppressor|f8_bigcoef,10001010,3,-3.8826762364387513,0.03000545198274689,1.099930715819994,1.151292546497023,-3.7894482100360496,0.09322802640270167
0,f2_strong_t2|f6_suppressor|noise_0,10001001,3,-4.201735956287384,0.030405658683587234,0.7808709959713616,0.8047189562170504,-4.125575819578504,0.07616013670887956
0,f2_strong_t2|f7_weak|f8_bigcoef,10000110,3,-3.7824939990043642,0.02963223210439432,1.200112953254381,1.2340497657358096,-3.705162361821627,0.07733163718273728
0,f2_strong_t2|f7_weak|noise_0,10000101,3,-4.055799379825592,0.02899643293111737,0.9268075724331535,0.9584613060910306,-3.981396795915495,0.0744025839100968
0,f2_strong_t2|f8_bigcoef|noise_0,10000011,3,-3.8706076548576354,0.02937641058146164,1.11199929740111,1.151292546497023,-3.7894482100360496,0.08115944482158577
0,f3_dup_a|f4_dup_b|f5_null,1110000,3,-4.710350114440918,0.030750699043493434,0.27225683781782717,0.3356904520389953,-4.6273228499969425,0.08302726444397557
0,f3_dup_a|f4_dup_b|f6_suppressor,1101000,3,-4.71981372423172,0.031116966341341402,0.2627932280270251,0.3356904520389953,-4.6273228499969425,0.09249087423477764
0,f3_dup_a|f4_dup_b|f7_weak,1100100,3,-4.571712282943726,0.030522914274993557,0.4108946693150193,0.48943280191297556,-4.483143826333933,0.08856845660979307
0,f3_dup_a|f4_dup_b|f8_bigcoef,1100010,3,-4.383732595539093,0.03029728380207012,0.5988743567196524,0.682264042318968,-4.291195240454487,0.09253735508460625
0,f3_dup_a|f4_dup_b|noise_0,1100001,3,-4.714395051765442,0.030713585075481845,0.268211900493303,0.3356904520389953,-4.6273228499969425,0.08707220176849972
0,f3_dup_a|f5_null|f6_suppressor,1011000,3,-4.725148037147522,0.029937638139456147,0.257458915111223,0.32549318486783363,-4.6379502941060675,0.08719774304145478
0,f3_dup_a|f5_null|f7_weak,1010100,3,-4.573762194728851,0.028825114055260257,0.40884475752989413,0.4792355347418139,-4.493771270443058,0.07999092428579324
0,f3_dup_a|f5_null|f8_bigcoef,1010010,3,-4.391791283512116,0.02864350657431243,0.5908156687466297,0.6720667751478063,-4.3018226845636125,0.08996859894850306
0,f3_dup_a|f5_null|noise_0,1010001,3,-4.712275906848907,0.029131922301945275,0.2703310454098382,0.32549318486783363,-4.6379502941060675,0.07432561274283955
0,f3_dup_a|f6_suppressor|f7_weak,1001100,3,-4.5906492852211,0.029498273881609142,0.39195766703764523,0.4792355347418139,-4.493771270443058,0.09687801477804214
0,f3_dup_a|f6_suppressor|f8_bigcoef,1001010,3,-4.400871262359619,0.029008373567827764,0.5817356898991264,0.6720667751478063,-4.3018226845636125,0.0990485777960064
0,f3_dup_a|f6_suppressor|noise_0,1001001,3,-4.725233345222473,0.029878418896139087,0.2573736070362722,0.32549318486783363,-4.6379502941060675,0.08728305111640555
0,f3_dup_a|f7_weak|f8_bigcoef,1000110,3,-4.3085313322067265,0.02894006344990891,0.6740756200520188,0.7548239943865932,-4.21753683634919,0.0909944958575366
0,f3_dup_a|f7_weak|noise_0,1000101,3,-4.57796834936142,0.028724394323991286,0.40463860289732523,0.4792355347418139,-4.493771270443058,0.08419707891836214
0,f3_dup_a|f8_bigcoef|noise_0,1000011,3,-4.393323812103271,0.028536975737378355,0.5892831401554739,0.6720667751478063,-4.3018226845636125,0.09150112753965889
0,f4_dup_b|f5_null|f6_suppressor,111000,3,-4.7198139960289005,0.029961999006906163,0.2627929562298448,0.32549318486783363,-4.636306122346894,0.08350787368200674
0,f4_dup_b|f5_null|f7_weak,110100,3,-4.569783440113068,0.028844243917507853,0.41282351214567736,0.4792355347418139,-4.492127098683885,0.07765634142918287
0,f4_dup_b|f5_null|f8_bigcoef,110010,3,-4.385093561935425,0.02871347468781449,0.5975133903233205,0.6720667751478063,-4.300178512804439,0.08491504913098602
0,f4_dup_b|f5_null|noise_0,110001,3,-4.711939808654785,0.028913119865895228,0.27066714360396027,0.32549318486783363,-4.636306122346894,0.07563368630789125
0,f4_dup_b|f6_suppressor|f7_weak,101100,3,-4.584379144382477,0.02949953822231369,0.39822780787626844,0.4792355347418139,-4.492127098683885,0.0922520456985918
0,f4_dup_b|f6_suppressor|f8_bigcoef,101010,3,-4.399592480850219,0.029133412909074785,0.5830144714085259,0.6720667751478063,-4.300178512804439,0.09941396804578062
0,f4_dup_b|f6_suppressor|noise_0,101001,3,-4.723655409049988,0.029618590880473666,0.2589515432087577,0.32549318486783363,-4.636306122346894,0.08734928670309383
0,f4_dup_b|f7_weak|f8_bigcoef,100110,3,-4.306357085227966,0.02903375024476324,0.676249867030779,0.7548239943865932,-4.215892664590016,0.09046442063795013
0,f4_dup_b|f7_weak|noise_0,100101,3,-4.574523953342438,0.02857388608078558,0.4080829989163073,0.4792355347418139,-4.492127098683885,0.08239685465855295
0,f4_dup_b|f8_bigcoef|noise_0,100011,3,-4.388231887722015,0.028387749676678998,0.5943750645367301,0.6720667751478063,-4.300178512804439,0.08805337491757648
0,f5_null|f6_suppressor|f7_weak,11100,3,-4.864896444892883,0.031072626489059698,0.11771050736586197,0.15374234987398028,-4.804330904157414,0.06056554073546927
0,f5_null|f6_suppressor|f8_bigcoef,11010,3,-4.681413159561157,0.0306639486895626,0.30119379269758806,0.3465735902799726,-4.612382318277969,0.0690308412831886
0,f5_null|f6_suppressor|noise_0,11001,3,-5.003204109573364,0.031338472982721834,-0.02059715731461864,0.0,-4.948509927820423,0.05469418175294116
0,f5_null|f7_weak|f8_bigcoef,10110,3,-4.590384235763549,0.03034562356800599,0.3922227164951959,0.42933080951875946,-4.528096470063545,0.06228776570000427
0,f5_null|f7_weak|noise_0,10101,3,-4.8543310954093934,0.030115327999086946,0.12827585684935183,0.15374234987398028,-4.804330904157414,0.05000019125197941
0,f5_null|f8_bigcoef|noise_0,10011,3,-4.675143012332916,0.030090883418770847,0.307463939925829,0.3465735902799726,-4.612382318277969,0.06276069405494766
0,f6_suppressor|f7_weak|f8_bigcoef,1110,3,-4.603821587944031,0.03091043378335772,0.3787853643147141,0.42933080951875946,-4.528096470063545,0.07572511788048608
0,f6_suppressor|f7_weak|noise_0,1101,3,-4.86503774843216,0.030875167619438305,0.11756920382658542,0.15374234987398028,-4.804330904157414,0.06070684427474582
0,f6_suppressor|f8_bigcoef|noise_0,1011,3,-4.679975384044647,0.030607635734611532,0.30263156821409787,0.3465735902799726,-4.612382318277969,0.06759306576667878
0,f7_weak|f8_bigcoef|noise_0,111,3,-4.590816354751587,0.030211137118418233,0.3917905975071587,0.42933080951875946,-4.528096470063545,0.06271988468804146
0,f1_strong_t1|f2_strong_t2|f3_dup_a|f4_dup_b,111100000,4,-3.7562483353614806,0.030757144804885953,1.2263586168972647,1.3235905993032566,-3.6276558993571917,0.12859243600428893
0,f1_strong_t1|f2_strong_t2|f3_dup_a|f5_null,111010000,4,-3.761950931739807,0.029317000421882997,1.220656020518938,1.3133933321320947,-3.6382833434663175,0.12366758827348967
0,f1_strong_t1|f2_strong_t2|f3_dup_a|f6_suppressor,111001000,4,-2.091814086818695,0.03068421044776813,2.89079286544005,3.097210687049391,-1.875736214670604,0.21607787214809115
0,f1_strong_t1|f2_strong_t2|f3_dup_a|f7_weak,111000100,4,-3.6239972793579103,0.028622806084721765,1.358609672900835,1.467135682006075,-3.4941043198033093,0.129892959554601
0,f1_strong_t1|f2_strong_t2|f3_dup_a|f8_bigcoef,111000010,4,-3.4345558033943178,0.028301592018874014,1.5480511488644275,1.6599669224120674,-3.302155733923863,0.1324000694704548
0,f1_strong_t1|f2_strong_t2|f3_dup_a|noise_0,111000001,4,-3.7615489605903627,0.02922461551195535,1.2210579916683826,1.3133933321320947,-3.6382833434663175,0.12326561712404516
0,f1_strong_t1|f2_strong_t2|f4_dup_b|f5_null,110110000,4,-3.759790550327301,0.029179408587608896,1.2228164019314445,1.3133933321320947,-3.6366391717071442,0.12315137862015657
0,f1_strong_t1|f2_strong_t2|f4_dup_b|f6_suppressor,110101000,4,-2.0914164551734924,0.030292122535166284,2.891190497085253,3.097210687049391,-1.8740920429114303,0.21732441226206212
0,f1_strong_t1|f2_strong_t2|f4_dup_b|f7_weak,110100100,4,-3.621704340171814,0.02844990291088632,1.3609026120869312,1.467135682006075,-3.492460148044135,0.12924419212767901
0,f1_strong_t1|f2_strong_t2|f4_dup_b|f8_bigcoef,110100010,4,-3.4385566036224366,0.02858291577058929,1.5440503486363086,1.6599669224120674,-3.3005115621646897,0.138045041457747
0,f1_strong_t1|f2_strong_t2|f4_dup_b|noise_0,110100001,4,-3.7561890621185303,0.028725604921118718,1.226417890140215,1.3133933321320947,-3.6366391717071442,0.11954989041138608
0,f1_strong_t1|f2_strong_t2|f5_null|f6_suppressor,110011000,4,-2.3769400084495547,0.03267477761183096,2.6056669438091906,2.7717175021815574,-2.1862958483849595,0.19064416006459517
0,f1_strong_t1|f2_strong_t2|f5_null|f7_weak,110010100,4,-3.9121669095039366,0.03009634055576993,1.0704400427548086,1.1416424971382413,-3.804663953517664,0.10750295598627257
0,f1_strong_t1|f2_strong_t2|f5_null|f8_bigcoef,110010010,4,-3.7311201025009155,0.03027121091501154,1.2514868497578298,1.3344737375442337,-3.6127153676382178,0.11840473486269776
0,f1_strong_t1|f2_strong_t2|f5_null|noise_0,110010001,4,-4.049804209804535,0.030737497715242448,0.9328027424542107,0.9879001472642611,-3.948842977180674,0.10096123262386048
0,f1_strong_t1|f2_strong_t2|f6_suppressor|f7_weak,110001100,4,-2.24335354347229,0.03183692865744911,2.739253408786455,2.9254598520555377,-2.0421168247219508,0.20123671875033944
0,f1_strong_t1|f2_strong_t2|f6_suppressor|f8_bigcoef,110001010,4,-2.044953265285492,0.03182350865562556,2.9376536869732535,3.11829109246153,-1.8501682388425047,0.19478502644298712
0,f1_strong_t1|f2_strong_t2|f6_suppressor|noise_0,110001001,4,-2.3696745394706724,0.03222264804877932,2.612932412788073,2.7717175021815574,-2.1862958483849595,0.18337869108571292
0,f1_strong_t1|f2_strong_t2|f7_weak|f8_bigcoef,110000110,4,-3.6445180625915525,0.03015041379280087,1.3380888896671927,1.4172309567830204,-3.528429519423795,0.11608854316775741
0,f1_strong_t1|f2_strong_t2|f7_weak|noise_0,110000101,4,-3.91340213098526,0.029894596801143057,1.0692048212734853,1.1416424971382413,-3.804663953517664,0.10873817746759595
0,f1_strong_t1|f2_strong_t2|f8_bigcoef|noise_0,110000011,4,-3.721436743927002,0.029913732965023077,1.2611702083317433,1.3344737375442337,-3.6127153676382178,0.1087213762887842
0,f1_strong_t1|f3_dup_a|f4_dup_b|f5_null,101110000,4,-4.560054133892059,0.03199379677173492,0.422552818366686,0.5188716430862063,-4.450590007599112,0.10946412629294766
0,f1_strong_t1|f3_dup_a|f4_dup_b|f6_suppressor,101101000,4,-2.8834352298736574,0.03274856165148915,2.099171722385088,2.302688998003503,-2.688042878803397,0.19539235107026043
0,f1_strong_t1|f3_dup_a|f4_dup_b|f7_weak,101100100,4,-4.4312783450126645,0.03172212269053882,0.5513286072460808,0.6726139929601865,-4.306410983936101,0.12486736107656338
0,f1_strong_t1|f3_dup_a|f4_dup_b|f8_bigcoef,101100010,4,-4.239521960163117,0.031174648889738282,0.7430849920956284,0.8654452333661787,-4.114462398056656,0.1250595621064612
0,f1_strong_t1|f3_dup_a|f4_dup_b|noise_0,101100001,4,-4.563869557571411,0.031899066176075096,0.4187373946873345,0.5188716430862063,-4.45059000759911,0.11327954997230094
0,f1_strong_t1|f3_dup_a|f5_null|f6_suppressor,101011000,4,-2.9021867586135865,0.031680644528316135,2.0804201936451587,2.292491730832341,-2.6986703229125224,0.20351643570106415
0,f1_strong_t1|f3_dup_a|f5_null|f7_weak,101010100,4,-4.423008027648926,0.029769395090250225,0.5595989246098192,0.6624167257890249,-4.317038428045227,0.10596959960369912
0,f1_strong_t1|f3_dup_a|f5_null|f8_bigcoef,101010010,4,-4.23610374174118,0.029306886748774887,0.7465032105175649,0.8552479661950173,-4.125089842165781,0.11101389957539975
0,f1_strong_t1|f3_dup_a|f5_null|noise_0,101010001,4,-4.5567888082504275,0.03034843822060873,0.42581814400831774,0.5086743759150446,-4.4612174517082375,0.09557135654219007
0,f1_strong_t1|f3_dup_a|f6_suppressor|f7_weak,101001100,4,-2.7768285773277284,0.03124117016999964,2.205778374931017,2.446234080706321,-2.5544912992495132,0.22233727807821513
0,f1_strong_t1|f3_dup_a|f6_suppressor|f8_bigcoef,101001010,4,-2.5969812111854553,0.030556821680822827,2.38562574107329,2.639065321112313,-2.362542713370068,0.2344384978153875
0,f1_strong_t1|f3_dup_a|f6_suppressor|noise_0,101001001,4,-2.9491783695220946,0.03218004679319256,2.0334285827366507,2.292491730832341,-2.6986703229125224,0.25050804660957215
0,f1_strong_t1|f3_dup_a|f7_weak|f8_bigcoef,101000110,4,-4.1576250777244566,0.02967281453610753,0.8249818745342887,0.938005185433804,-4.040803993951359,0.11682108377309763
0,f1_strong_t1|f3_dup_a|f7_weak|noise_0,101000101,4,-4.432176432704925,0.029893049018634023,0.5504305195538199,0.6624167257890249,-4.317038428045227,0.11513800465969837
0,f1_strong_t1|f3_dup_a|f8_bigcoef|noise_0,101000011,4,-4.239483067893982,0.029321356032791294,0.7431238843647634,0.8552479661950173,-4.125089842165781,0.11439322572820121
0,f1_strong_t1|f4_dup_b|f5_null|f6_suppressor,100111000,4,-2.9177107273101806,0.03195689589953166,2.0648962249485647,2.292491730832341,-2.697026151153349,0.22068457615683146
0,f1_strong_t1|f4_dup_b|f5_null|f7_weak,100110100,4,-4.421137257862091,0.029898741355211825,0.5614696943966546,0.6624167257890249,-4.315394256286054,0.10574300157603655
0,f1_strong_t1|f4_dup_b|f5_null|f8_bigcoef,100110010,4,-4.2374729053497315,0.02961213277350226,0.7451340469090137,0.8552479661950173,-4.123445670406608,0.11402723494312372
0,f1_strong_t1|f4_dup_b|f5_null|noise_0,100110001,4,-4.558878283977508,0.030136465628828102,0.4237286682812371,0.5086743759150446,-4.459573279949064,0.09930500402844444
0,f1_strong_t1|f4_dup_b|f6_suppressor|f7_weak,100101100,4,-2.7704794637680052,0.03112229220658161,2.21212748849074,2.446234080706321,-2.55284712749034,0.21763233627766532
0,f1_strong_t1|f4_dup_b|f6_suppressor|f8_bigcoef,100101010,4,-2.6378201871871947,0.03134578516115109,2.3447867650715506,2.639065321112313,-2.3608985416108945,0.27692164557630017
0,f1_strong_t1|f4_dup_b|f6_suppressor|noise_0,100101001,4,-2.9511203859329225,0.03189622088261607,2.031486566325823,2.292491730832341,-2.697026151153349,0.2540942347795734
0,f1_strong_t1|f4_dup_b|f7_weak|f8_bigcoef,100100110,4,-4.163584053993225,0.029985296396379188,0.8190228982655201,0.938005185433804,-4.039159822192186,0.12442423180103912
0,f1_strong_t1|f4_dup_b|f7_weak|noise_0,100100101,4,-4.4281634943008426,0.029663494568714692,0.5544434579579027,0.6624167257890249,-4.315394256286054,0.11276923801478844
0,f1_strong_t1|f4_dup_b|f8_bigcoef|noise_0,100100011,4,-4.240489053821563,0.0292823527453197,0.7421178984371819,0.8552479661950173,-4.123445670406608,0.11704338341495557
0,f1_strong_t1|f5_null|f6_suppressor|f7_weak,100011100,4,-3.072701996803284,0.032897959259449834,1.9099049554554615,2.1207408958384875,-2.865050932963869,0.2076510638394149
0,f1_strong_t1|f5_null|f6_suppressor|f8_bigcoef,100011010,4,-2.86883477563858,0.0325887921972513,2.113772176620165,2.3135721362444794,-2.6731023470844235,0.19573242855415662
0,f1_strong_t1|f5_null|f6_suppressor|noise_0,100011001,4,-3.2043711176872254,0.03347298649282797,1.77823583457152,1.9669985459645072,-3.009229956626878,0.1951411610603473
0,f1_strong_t1|f5_null|f7_weak|f8_bigcoef,100010110,4,-4.449234878635407,0.03110558496619427,0.5333720736233385,0.6125120005659704,-4.351363627665714,0.09787125096969262
0,f1_strong_t1|f5_null|f7_weak|noise_0,100010101,4,-4.712595979595184,0.031141434887572858,0.27001097266356133,0.33692354092119114,-4.627598061759583,0.08499791783560084
0,f1_strong_t1|f5_null|f8_bigcoef|noise_0,100010011,4,-4.530028883361816,0.03097596531579487,0.452578068896929,0.5297547813271836,-4.435649475880138,0.09437940748167861
0,f1_strong_t1|f6_suppressor|f7_weak|f8_bigcoef,100001110,4,-2.7893884491920473,0.03251737539916786,2.193218503066698,2.3963293554832665,-2.588816498870001,0.20057195032204644
0,f1_strong_t1|f6_suppressor|f7_weak|noise_0,100001101,4,-3.053794397735596,0.03294983061552383,1.9288125545231494,2.1207408958384875,-2.865050932963869,0.188743464771727
0,f1_strong_t1|f6_suppressor|f8_bigcoef|noise_0,100001011,4,-2.8620433433532715,0.032385579960784235,2.120563608905474,2.3135721362444794,-2.6731023470844235,0.18894099626884797
0,f1_strong_t1|f7_weak|f8_bigcoef|noise_0,100000111,4,-4.44926140460968,0.031035311025937377,0.5333455476490654,0.6125120005659704,-4.351363627665714,0.09789777694396573
0,f2_strong_t2|f3_dup_a|f4_dup_b|f5_null,11110000,4,-3.91024707365036,0.0300495871544698,1.0723598786083852,1.1404094082560454,-3.8043887417550226,0.10585833189533744
0,f2_strong_t2|f3_dup_a|f4_dup_b|f6_suppressor,11101000,4,-3.9182383913993837,0.03061280927916317,1.0643685608593616,1.1404094082560454,-3.8043887417550226,0.11384964964436106
0,f2_strong_t2|f3_dup_a|f4_dup_b|f7_weak,11100100,4,-3.7643826732635497,0.02956834402631585,1.2182242789951956,1.2941517581300257,-3.660209718092013,0.10417295517153669
0,f2_strong_t2|f3_dup_a|f4_dup_b|f8_bigcoef,11100010,4,-3.580859024810791,0.029785217827391477,1.4017479274479543,1.4869829985360181,-3.4682611322125676,0.11259789259822339
0,f2_strong_t2|f3_dup_a|f4_dup_b|noise_0,11100001,4,-3.91291644821167,0.029882046311672985,1.0696905040470752,1.1404094082560454,-3.8043887417550226,0.10852770645664744
0,f2_strong_t2|f3_dup_a|f5_null|f6_suppressor,11011000,4,-3.93501123418808,0.02938816451601602,1.0475957180706654,1.130212141084884,-3.8150161858641485,0.11999504832393137
0,f2_strong_t2|f3_dup_a|f5_null|f7_weak,11010100,4,-3.776404485321045,0.028008792315407698,1.2062024669377003,1.2839544909588643,-3.6708371622011393,0.10556732311990569
0,f2_strong_t2|f3_dup_a|f5_null|f8_bigcoef,11010010,4,-3.5985245290756227,0.028192946849852785,1.3840824231831226,1.4767857313648562,-3.478888576321694,0.1196359527539288
0,f2_strong_t2|f3_dup_a|f5_null|noise_0,11010001,4,-3.9244391491889954,0.028493794317314993,1.05816780306975,1.130212141084884,-3.8150161858641485,0.10942296332484691
0,f2_strong_t2|f3_dup_a|f6_suppressor|f7_weak,11001100,4,-3.7927519580841063,0.028742295915398914,1.189854994174639,1.2839544909588643,-3.6708371622011393,0.12191479588296694
0,f2_strong_t2|f3_dup_a|f6_suppressor|f8_bigcoef,11001010,4,-3.606493873023987,0.02849472824564755,1.3761130792347585,1.4767857313648562,-3.478888576321694,0.12760529670229293
0,f2_strong_t2|f3_dup_a|f6_suppressor|noise_0,11001001,4,-3.9315742842674255,0.02920789164427291,1.0510326679913198,1.130212141084884,-3.8150161858641485,0.11655809840327702
0,f2_strong_t2|f3_dup_a|f7_weak|f8_bigcoef,11000110,4,-3.5024451364517213,0.02823866686732356,1.480161815807024,1.5595429506036433,-3.3946027281072713,0.10784240834445002
0,f2_strong_t2|f3_dup_a|f7_weak|noise_0,11000101,4,-3.779447515296936,0.027825799418213094,1.2031594369618093,1.2839544909588643,-3.6708371622011393,0.1086103530957967
0,f2_strong_t2|f3_dup_a|f8_bigcoef|noise_0,11000011,4,-3.5949185108184816,0.02794524359499977,1.3876884414402637,1.4767857313648562,-3.478888576321694,0.11602993449678767
0,f2_strong_t2|f4_dup_b|f5_null|f6_suppressor,10111000,4,-3.9218033744812013,0.029182849536116696,1.060803577777544,1.130212141084884,-3.813372014104975,0.10843136037622614
0,f2_strong_t2|f4_dup_b|f5_null|f7_weak,10110100,4,-3.770029692935944,0.02787120835952139,1.2125772593228015,1.2839544909588643,-3.669192990441967,0.10083670249397692
0,f2_strong_t2|f4_dup_b|f5_null|f8_bigcoef,10110010,4,-3.5920880589485167,0.028249864096808613,1.3905188933102286,1.4767857313648562,-3.4772444045625206,0.11484365438599609
0,f2_strong_t2|f4_dup_b|f5_null|noise_0,10110001,4,-3.916053469657898,0.02811941064782941,1.0665534826008471,1.130212141084884,-3.813372014104975,0.10268145555292296
0,f2_strong_t2|f4_dup_b|f6_suppressor|f7_weak,10101100,4,-3.7819042658805846,0.02857701657636282,1.2007026863781607,1.2839544909588643,-3.669192990441967,0.1127112754386177
0,f2_strong_t2|f4_dup_b|f6_suppressor|f8_bigcoef,10101010,4,-3.599917535495758,0.02858657045064823,1.3826894167629873,1.4767857313648562,-3.4772444045625206,0.1226731309332374
0,f2_strong_t2|f4_dup_b|f6_suppressor|noise_0,10101001,4,-3.9223462326049803,0.028810298492745124,1.060260719653765,1.130212141084884,-3.813372014104975,0.1089742185000051
0,f2_strong_t2|f4_dup_b|f7_weak|f8_bigcoef,10100110,4,-3.499015344619751,0.028310259052347974,1.4835916076389943,1.5595429506036433,-3.392958556348098,0.10605678827165299
0,f2_strong_t2|f4_dup_b|f7_weak|noise_0,10100101,4,-3.774185940551758,0.0275468473135158,1.2084210117069873,1.2839544909588643,-3.669192990441967,0.10499295010979104
0,f2_strong_t2|f4_dup_b|f8_bigcoef|noise_0,10100011,4,-3.590731293964386,0.027771358064674345,1.3918756582943592,1.4767857313648562,-3.4772444045625206,0.11348688940186547
0,f2_strong_t2|f5_null|f6_suppressor|f7_weak,10011100,4,-4.067363715553284,0.030211212000268172,0.9152432367054617,0.9584613060910306,-3.981396795915495,0.08596691963778857
0,f2_strong_t2|f5_null|f6_suppressor|f8_bigcoef,10011010,4,-3.8908135566711426,0.030385318396554225,1.0917933955876027,1.151292546497023,-3.7894482100360496,0.101365346635093
0,f2_strong_t2|f5_null|f6_suppressor|noise_0,10011001,4,-4.209270788002014,0.030784116659441495,0.7733361642567314,0.8047189562170504,-4.125575819578504,0.08369496842350976
0,f2_strong_t2|f5_null|f7_weak|f8_bigcoef,10010110,4,-3.786412544155121,0.02982985896931467,1.1961944081036244,1.2340497657358096,-3.705162361821627,0.0812501823334939
0,f2_strong_t2|f5_null|f7_weak|noise_0,10010101,4,-4.056542240047455,0.029243666825072796,0.9260647122112902,0.9584613060910306,-3.981396795915495,0.07514544413196012
0,f2_strong_t2|f5_null|f8_bigcoef|noise_0,10010011,4,-3.881104099082947,0.02974644188181103,1.1015028531757984,1.151292546497023,-3.7894482100360496,0.09165588904689725
0,f2_strong_t2|f6_suppressor|f7_weak|f8_bigcoef,10001110,4,-3.8048280455589296,0.03031754138865725,1.1777789066998157,1.2340497657358096,-3.705162361821627,0.09966568373730267
0,f2_strong_t2|f6_suppressor|f7_weak|noise_0,10001101,4,-4.067892527294159,0.029959759942161105,0.9147144249645862,0.9584613060910306,-3.981396795915495,0.08649573137866406
0,f2_strong_t2|f6_suppressor|f8_bigcoef|noise_0,10001011,4,-3.88234829454422,0.03004053786965853,1.1002586577145252,1.151292546497023,-3.7894482100360496,0.09290008450817044
0,f2_strong_t2|f7_weak|f8_bigcoef|noise_0,10000111,4,-3.7855214415550233,0.029484605008312986,1.197085510703722,1.2340497657358096,-3.705162361821627,0.0803590797333964
0,f3_dup_a|f4_dup_b|f5_null|f6_suppressor,1111000,4,-4.724780539321899,0.03160143463665317,0.25782641293684616,0.3356904520389953,-4.6273228499969425,0.09745768932495658
0,f3_dup_a|f4_dup_b|f5_null|f7_weak,1110100,4,-4.5760965885162355,0.03067300541759305,0.4065103637425098,0.48943280191297556,-4.483143826333933,0.09295276218230253
0,f3_dup_a|f4_dup_b|f5_null|f8_bigcoef,1110010,4,-4.388096532440185,0.030508096442112984,0.59451041981856,0.682264042318968,-4.291195240454487,0.09690129198569863
0,f3_dup_a|f4_dup_b|f5_null|noise_0,1110001,4,-4.718508804702759,0.030858690932375046,0.2640981475559867,0.3356904520389953,-4.6273228499969425,0.09118595470581603
0,f3_dup_a|f4_dup_b|f6_suppressor|f7_weak,1101100,4,-4.58599882516861,0.03122596405170679,0.3966081270901354,0.48943280191297556,-4.483143826333933,0.10285499883467697
0,f3_dup_a|f4_dup_b|f6_suppressor|f8_bigcoef,1101010,4,-4.397825141048432,0.030790187234395437,0.5847818112103136,0.682264042318968,-4.291195240454487,0.10662990059394506
0,f3_dup_a|f4_dup_b|f6_suppressor|noise_0,1101001,4,-4.727962450313568,0.03144584723262154,0.25464450194517685,0.3356904520389953,-4.6273228499969425,0.10063960031662589
0,f3_dup_a|f4_dup_b|f7_weak|f8_bigcoef,1100110,4,-4.304479053497315,0.030865687212694295,0.6781278987614305,0.7650212615577549,-4.206909392240064,0.09756966125725075
0,f3_dup_a|f4_dup_b|f7_weak|noise_0,1100101,4,-4.5815602432250975,0.030583391840194932,0.4010467090336478,0.48943280191297556,-4.483143826333933,0.09841641689116454
0,f3_dup_a|f4_dup_b|f8_bigcoef|noise_0,1100011,4,-4.3926902459144594,0.030391085961930263,0.5899167063442858,0.682264042318968,-4.291195240454487,0.10149500545997281
0,f3_dup_a|f5_null|f6_suppressor|f7_weak,1011100,4,-4.592798720550537,0.02989027182793093,0.38980823170820855,0.4792355347418139,-4.493771270443058,0.09902745010747882
0,f3_dup_a|f5_null|f6_suppressor|f8_bigcoef,1011010,4,-4.404292865657807,0.02934306340576914,0.5783140866009386,0.6720667751478063,-4.3018226845636125,0.10247018109419415
0,f3_dup_a|f5_null|f6_suppressor|noise_0,1011001,4,-4.726890432929992,0.030093035346682204,0.25571651932875294,0.32549318486783363,-4.6379502941060675,0.08894013882392482
0,f3_dup_a|f5_null|f7_weak|f8_bigcoef,1010110,4,-4.3112844813346864,0.029101221723561423,0.6713224709240588,0.7548239943865932,-4.21753683634919,0.09374764498549659
0,f3_dup_a|f5_null|f7_weak|noise_0,1010101,4,-4.578241601371765,0.028792455821619076,0.4043653508869802,0.4792355347418139,-4.493771270443058,0.08447033092870715
0,f3_dup_a|f5_null|f8_bigcoef|noise_0,1010011,4,-4.396811834430695,0.02861586889164339,0.5857951178280505,0.6720667751478063,-4.3018226845636125,0.09498914986708229
0,f3_dup_a|f6_suppressor|f7_weak|f8_bigcoef,1001110,4,-4.32522309923172,0.029692403518944307,0.6573838530270253,0.7548239943865932,-4.21753683634919,0.10768626288253014
0,f3_dup_a|f6_suppressor|f7_weak|noise_0,1001101,4,-4.594853269100189,0.029689597694159707,0.3877536831585564,0.4792355347418139,-4.493771270443058,0.10108199865713097
0,f3_dup_a|f6_suppressor|f8_bigcoef|noise_0,1001011,4,-4.4055198347091675,0.029278625852201492,0.5770871175495778,0.6720667751478063,-4.3018226845636125,0.10369715014555503
0,f3_dup_a|f7_weak|f8_bigcoef|noise_0,1000111,4,-4.312732626342774,0.02893620611396824,0.6698743259159716,0.7548239943865932,-4.21753683634919,0.0951957899935838
0,f4_dup_b|f5_null|f6_suppressor|f7_weak,111100,4,-4.583799837779999,0.029852475802398214,0.39880711447874617,0.4792355347418139,-4.492127098683885,0.09167273909611406
0,f4_dup_b|f5_null|f6_suppressor|f8_bigcoef,111010,4,-4.40007669916153,0.029453337169989893,0.5825302530972154,0.6720667751478063,-4.300178512804439,0.09989818635709113
0,f4_dup_b|f5_null|f6_suppressor|noise_0,111001,4,-4.725589283275604,0.029970708298408647,0.25701766898314116,0.32549318486783363,-4.636306122346894,0.08928316092871036
0,f4_dup_b|f5_null|f7_weak|f8_bigcoef,110110,4,-4.308290803527832,0.029194546759023266,0.6743161487309131,0.7548239943865932,-4.215892664590016,0.09239813893781612
0,f4_dup_b|f5_null|f7_weak|noise_0,110101,4,-4.575628813552856,0.028716123121225175,0.40697813870588906,0.4792355347418139,-4.492127098683885,0.08350171486897118
0,f4_dup_b|f5_null|f8_bigcoef|noise_0,110011,4,-4.3914459699630735,0.02854478821287162,0.5911609822956718,0.6720667751478063,-4.300178512804439,0.09126745715863471
0,f4_dup_b|f6_suppressor|f7_weak|f8_bigcoef,101110,4,-4.325335490703583,0.029767447089142026,0.6572714615551627,0.7548239943865932,-4.215892664590016,0.10944282611356648
0,f4_dup_b|f6_suppressor|f7_weak|noise_0,101101,4,-4.589251615905762,0.029537345441864826,0.39335533635298336,0.4792355347418139,-4.492127098683885,0.09712451722187687
0,f4_dup_b|f6_suppressor|f8_bigcoef|noise_0,101011,4,-4.40393491821289,0.029189966065843363,0.5786720340458551,0.6720667751478063,-4.300178512804439,0.10375640540845144
0,f4_dup_b|f7_weak|f8_bigcoef|noise_0,100111,4,-4.311065439510346,0.02886996158872661,0.6715415127483997,0.7548239943865932,-4.215892664590016,0.0951727749203295
0,f5_null|f6_suppressor|f7_weak|f8_bigcoef,11110,4,-4.60803132982254,0.031134877528005495,0.3745756224362049,0.42933080951875946,-4.528096470063545,0.07993485975899528
0,f5_null|f6_suppressor|f7_weak|noise_0,11101,4,-4.868260105705261,0.031153994037009424,0.11434684655348448,0.15374234987398028,-4.804330904157414,0.06392920154784676
0,f5_null|f6_suppressor|f8_bigcoef|noise_0,11011,4,-4.687045977592469,0.030816566283070338,0.2955609746662766,0.3465735902799726,-4.612382318277969,0.07466365931450003
0,f5_null|f7_weak|f8_bigcoef|noise_0,10111,4,-4.59636836271286,0.030364318464965817,0.3862385895458855,0.42933080951875946,-4.528096470063545,0.06827189264931466
0,f6_suppressor|f7_weak|f8_bigcoef|noise_0,1111,4,-4.6035245091438295,0.03098361802533727,0.3790824431149158,0.42933080951875946,-4.528096470063545,0.07542803908028439
0,f1_strong_t1|f2_strong_t2|f3_dup_a|f4_dup_b|f5_null,111110000,5,-3.7590173458099367,0.03107931363594017,1.2235896064488085,1.3235905993032566,-3.6276558993571917,0.13136144645274506
0,f1_strong_t1|f2_strong_t2|f3_dup_a|f4_dup_b|f6_suppressor,111101000,5,-2.063819769668579,0.03188617194444059,2.918787182590166,3.1074079542205526,-1.8651087705614784,0.19871099910710077
0,f1_strong_t1|f2_strong_t2|f3_dup_a|f4_dup_b|f7_weak,111100100,5,-3.6222256676673887,0.03055223528872372,1.3603812845913565,1.477332949177237,-3.4834768756941825,0.13874879197320622
0,f1_strong_t1|f2_strong_t2|f3_dup_a|f4_dup_b|f8_bigcoef,111100010,5,-3.432658786392212,0.030420000379413913,1.5499481658665335,1.6701641895832289,-3.291528289814737,0.14113049657747467
0,f1_strong_t1|f2_strong_t2|f3_dup_a|f4_dup_b|noise_0,111100001,5,-3.7610203631401062,0.03089614625687536,1.221586589118639,1.3235905993032566,-3.6276558993571917,0.13336446378291456
0,f1_strong_t1|f2_strong_t2|f3_dup_a|f5_null|f6_suppressor,111011000,5,-2.0960743389129637,0.03107208611941992,2.8865326133457816,3.097210687049391,-1.875736214670604,0.22033812424235966
0,f1_strong_t1|f2_strong_t2|f3_dup_a|f5_null|f7_weak,111010100,5,-3.625281272602081,0.028837182611189442,1.3573256796566642,1.467135682006075,-3.4941043198033093,0.13117695279877184
0,f1_strong_t1|f2_strong_t2|f3_dup_a|f5_null|f8_bigcoef,111010010,5,-3.4408140161514282,0.02863982937704217,1.541792936107317,1.6599669224120674,-3.302155733923863,0.13865828222756527
0,f1_strong_t1|f2_strong_t2|f3_dup_a|f5_null|noise_0,111010001,5,-3.7667342096328738,0.02952219405628198,1.2158727426258715,1.3133933321320947,-3.6382833434663175,0.1284508661665562
0,f1_strong_t1|f2_strong_t2|f3_dup_a|f6_suppressor|f7_weak,111001100,5,-1.9666935759544373,0.03066166821034945,3.015913376304308,3.2509530369233715,-1.7315571910075949,0.2351363849468424
0,f1_strong_t1|f2_strong_t2|f3_dup_a|f6_suppressor|f8_bigcoef,111001010,5,-1.7692757230758667,0.030248220383236962,3.2133312291828786,3.443784277329364,-1.539608605128149,0.22966711794771766
0,f1_strong_t1|f2_strong_t2|f3_dup_a|f6_suppressor|noise_0,111001001,5,-2.120234211540222,0.03126020237147929,2.862372740718523,3.097210687049391,-1.875736214670604,0.24449799686961815
0,f1_strong_t1|f2_strong_t2|f3_dup_a|f7_weak|f8_bigcoef,111000110,5,-3.3527621661186218,0.028762107236411164,1.6298447861401235,1.742724141650854,-3.2178698857094394,0.13489228040918233
0,f1_strong_t1|f2_strong_t2|f3_dup_a|f7_weak|noise_0,111000101,5,-3.631092759037018,0.028853824747145748,1.3515141932217274,1.467135682006075,-3.4941043198033093,0.13698843923370863
0,f1_strong_t1|f2_strong_t2|f3_dup_a|f8_bigcoef|noise_0,111000011,5,-3.4369014223098753,0.02852376874959416,1.54570552994887,1.6599669224120674,-3.302155733923863,0.1347456883860123
0,f1_strong_t1|f2_strong_t2|f4_dup_b|f5_null|f6_suppressor,110111000,5,-2.085457403278351,0.030697581186788506,2.8971495489803942,3.097210687049391,-1.8740920429114303,0.21136536036692077
0,f1_strong_t1|f2_strong_t2|f4_dup_b|f5_null|f7_weak,110110100,5,-3.623370812892914,0.028691492888398028,1.3592361393658314,1.467135682006075,-3.492460148044135,0.13091066484877878
0,f1_strong_t1|f2_strong_t2|f4_dup_b|f5_null|f8_bigcoef,110110010,5,-3.4445781920433043,0.028861778162026466,1.538028760215441,1.6599669224120674,-3.3005115621646897,0.14406662987861463
0,f1_strong_t1|f2_strong_t2|f4_dup_b|f5_null|noise_0,110110001,5,-3.763063736629486,0.02910666185887602,1.2195432156292592,1.3133933321320947,-3.6366391717071442,0.1264245649223419
0,f1_strong_t1|f2_strong_t2|f4_dup_b|f6_suppressor|f7_weak,110101100,5,-1.9627452863693238,0.03002098127984804,3.0198616658894215,3.2509530369233715,-1.7299130192484216,0.23283226712090221
0,f1_strong_t1|f2_strong_t2|f4_dup_b|f6_suppressor|f8_bigcoef,110101010,5,-1.7989585309028626,0.03048557518849755,3.1836484213558824,3.443784277329364,-1.5379644333689753,0.26099409753388736
0,f1_strong_t1|f2_strong_t2|f4_dup_b|f6_suppressor|noise_0,110101001,5,-2.099746386051178,0.03028596865133713,2.8828605662075675,3.097210687049391,-1.8740920429114303,0.22565434313974753
0,f1_strong_t1|f2_strong_t2|f4_dup_b|f7_weak|f8_bigcoef,110100110,5,-3.3560704056739805,0.028922420635588253,1.6265365465847648,1.742724141650854,-3.216225713950266,0.1398446917237144
0,f1_strong_t1|f2_strong_t2|f4_dup_b|f7_weak|noise_0,110100101,5,-3.625989482975006,0.02841508411870775,1.3566174692837394,1.467135682006075,-3.492460148044135,0.13352933493087082
0,f1_strong_t1|f2_strong_t2|f4_dup_b|f8_bigcoef|noise_0,110100011,5,-3.438804204368591,0.028449904401459024,1.5438027478901541,1.6599669224120674,-3.3005115621646897,0.13829264220390147
0,f1_strong_t1|f2_strong_t2|f5_null|f6_suppressor|f7_weak,110011100,5,-2.252646722602844,0.032163863777792547,2.729960229655901,2.9254598520555377,-2.0421168247219508,0.21052989788089338
0,f1_strong_t1|f2_strong_t2|f5_null|f6_suppressor|f8_bigcoef,110011010,5,-2.051226927661896,0.03237159999586718,2.9313800245968493,3.11829109246153,-1.8501682388425047,0.20105868881939126
0,f1_strong_t1|f2_strong_t2|f5_null|f6_suppressor|noise_0,110011001,5,-2.3798894775390624,0.03270500664624574,2.602717474719683,2.7717175021815574,-2.1862958483849595,0.19359362915410294
0,f1_strong_t1|f2_strong_t2|f5_null|f7_weak|f8_bigcoef,110010110,5,-3.6476396506309507,0.030354276993030723,1.3349673016277945,1.4172309567830204,-3.528429519423795,0.11921013120715562
0,f1_strong_t1|f2_strong_t2|f5_null|f7_weak|noise_0,110010101,5,-3.9173273756980898,0.03019779138600086,1.0652795765606555,1.1416424971382413,-3.804663953517664,0.11266342218042569
0,f1_strong_t1|f2_strong_t2|f5_null|f8_bigcoef|noise_0,110010011,5,-3.734205878829956,0.03035553139148404,1.2484010734287891,1.3344737375442337,-3.6127153676382178,0.12149051119173837
0,f1_strong_t1|f2_strong_t2|f6_suppressor|f7_weak|f8_bigcoef,110001110,5,-1.9889643733024598,0.03211228727229798,2.9936425789562855,3.201048311700317,-1.765882390628082,0.22308198267437773
0,f1_strong_t1|f2_strong_t2|f6_suppressor|f7_weak|noise_0,110001101,5,-2.2677013891220095,0.03209164665171048,2.714905563136736,2.9254598520555377,-2.0421168247219508,0.2255845644000587
0,f1_strong_t1|f2_strong_t2|f6_suppressor|f8_bigcoef|noise_0,110001011,5,-2.0502979831695556,0.031893321643982814,2.9323089690891897,3.11829109246153,-1.8501682388425047,0.20012974432705088
0,f1_strong_t1|f2_strong_t2|f7_weak|f8_bigcoef|noise_0,110000111,5,-3.644727838230133,0.03014683655921634,1.3378791140286124,1.4172309567830204,-3.528429519423795,0.11629831880633779
0,f1_strong_t1|f3_dup_a|f4_dup_b|f5_null|f6_suppressor,101111000,5,-2.8871679940223696,0.033216340415331926,2.0954389582363757,2.302688998003503,-2.688042878803397,0.19912511521897258
0,f1_strong_t1|f3_dup_a|f4_dup_b|f5_null|f7_weak,101110100,5,-4.431574655914306,0.031864555282928,0.551032296344439,0.6726139929601865,-4.306410983936101,0.12516367197820522
0,f1_strong_t1|f3_dup_a|f4_dup_b|f5_null|f8_bigcoef,101110010,5,-4.2407137357711795,0.03143742433889158,0.7418932164875658,0.8654452333661787,-4.114462398056656,0.1262513377145238
0,f1_strong_t1|f3_dup_a|f4_dup_b|f5_null|noise_0,101110001,5,-4.566887882995606,0.0321348772886518,0.4157190692631394,0.5188716430862063,-4.450590007599112,0.11629787539649428
0,f1_strong_t1|f3_dup_a|f4_dup_b|f6_suppressor|f7_weak,101101100,5,-2.7339298427581786,0.032507855856839823,2.2486771095005667,2.456431347877483,-2.543863855140388,0.1900659876177908
0,f1_strong_t1|f3_dup_a|f4_dup_b|f6_suppressor|f8_bigcoef,101101010,5,-2.58948249874115,0.032410171633650335,2.3931244535175953,2.6492625882834755,-2.3519152692609415,0.23756722948020847
0,f1_strong_t1|f3_dup_a|f4_dup_b|f6_suppressor|noise_0,101101001,5,-2.91895307970047,0.033407219763395675,2.0636538725582754,2.302688998003503,-2.688042878803397,0.23091020089707293
0,f1_strong_t1|f3_dup_a|f4_dup_b|f7_weak|f8_bigcoef,101100110,5,-4.163932423496246,0.03189297680881075,0.8186745287624992,0.9482024526049658,-4.030176549842233,0.13375587365401298
0,f1_strong_t1|f3_dup_a|f4_dup_b|f7_weak|noise_0,101100101,5,-4.440107541942597,0.03184062428223772,0.5424994103161485,0.6726139929601865,-4.306410983936101,0.1336965580064957
0,f1_strong_t1|f3_dup_a|f4_dup_b|f8_bigcoef|noise_0,101100011,5,-4.245689573860169,0.0312805734220278,0.7369173783985765,0.8654452333661787,-4.114462398056656,0.13122717580351306
0,f1_strong_t1|f3_dup_a|f5_null|f6_suppressor|f7_weak,101011100,5,-2.781995076274872,0.031544005523082834,2.2006118759838733,2.446234080706321,-2.5544912992495132,0.22750377702535873
0,f1_strong_t1|f3_dup_a|f5_null|f6_suppressor|f8_bigcoef,101011010,5,-2.5839032258033754,0.030927505299506768,2.39870372645537,2.639065321112313,-2.362542713370068,0.22136051243330757
0,f1_strong_t1|f3_dup_a|f5_null|f6_suppressor|noise_0,101011001,5,-2.9219053242683413,0.03224642604877436,2.060701627990404,2.292491730832341,-2.6986703229125224,0.22323500135581886
0,f1_strong_t1|f3_dup_a|f5_null|f7_weak|f8_bigcoef,101010110,5,-4.159912110424042,0.029825612318134742,0.8226948418347035,0.938005185433804,-4.040803993951359,0.11910811647268282
0,f1_strong_t1|f3_dup_a|f5_null|f7_weak|noise_0,101010101,5,-4.430227736949921,0.02994421864645167,0.5523792153088243,0.6624167257890249,-4.317038428045227,0.11318930890469403
0,f1_strong_t1|f3_dup_a|f5_null|f8_bigcoef|noise_0,101010011,5,-4.2427354946136475,0.029476270018807503,0.7398714576450978,0.8552479661950173,-4.125089842165781,0.11764565244786684
0,f1_strong_t1|f3_dup_a|f6_suppressor|f7_weak|f8_bigcoef,101001110,5,-2.5097573729515075,0.031191325146992088,2.472849579307238,2.7218225403511003,-2.278256865155645,0.2315005077958623
0,f1_strong_t1|f3_dup_a|f6_suppressor|f7_weak|noise_0,101001101,5,-2.809919365119934,0.031996293826222974,2.172687587138811,2.446234080706321,-2.5544912992495132,0.2554280658704209
0,f1_strong_t1|f3_dup_a|f6_suppressor|f8_bigcoef|noise_0,101001011,5,-2.5917596465110777,0.030860817555059306,2.3908473057476676,2.639065321112313,-2.362542713370068,0.22921693314100988
0,f1_strong_t1|f3_dup_a|f7_weak|f8_bigcoef|noise_0,101000111,5,-4.163186850452423,0.029778380315841964,0.8194201018063225,0.938005185433804,-4.040803993951359,0.12238285650106384
0,f1_strong_t1|f4_dup_b|f5_null|f6_suppressor|f7_weak,100111100,5,-2.7814595747947695,0.031527580637408584,2.201147377463976,2.446234080706321,-2.55284712749034,0.22861244730442953
0,f1_strong_t1|f4_dup_b|f5_null|f6_suppressor|f8_bigcoef,100111010,5,-2.594349017047882,0.031604835269564105,2.3882579352108633,2.639065321112313,-2.3608985416108945,0.2334504754369875
0,f1_strong_t1|f4_dup_b|f5_null|f6_suppressor|noise_0,100111001,5,-2.9242233035087586,0.03202918075826023,2.0583836487499867,2.292491730832341,-2.697026151153349,0.2271971523554095
0,f1_strong_t1|f4_dup_b|f5_null|f7_weak|f8_bigcoef,100110110,5,-4.163435062789917,0.030140738885500385,0.8191718894688282,0.938005185433804,-4.039159822192186,0.12427524059773098
0,f1_strong_t1|f4_dup_b|f5_null|f7_weak|noise_0,100110101,5,-4.429189799976349,0.02990460064237848,0.5534171522823961,0.6624167257890249,-4.315394256286054,0.1137955436902951
0,f1_strong_t1|f4_dup_b|f5_null|f8_bigcoef|noise_0,100110011,5,-4.24456179189682,0.02950586835627639,0.7380451603619251,0.8552479661950173,-4.123445670406608,0.12111612149021234
0,f1_strong_t1|f4_dup_b|f6_suppressor|f7_weak|f8_bigcoef,100101110,5,-2.541855899143219,0.03156674968262016,2.4407510531155263,2.7218225403511003,-2.2766126933964714,0.26524320574674753
0,f1_strong_t1|f4_dup_b|f6_suppressor|f7_weak|noise_0,100101101,5,-2.7915043617248534,0.03135453194719293,2.191102590533892,2.446234080706321,-2.55284712749034,0.23865723423451346
0,f1_strong_t1|f4_dup_b|f6_suppressor|f8_bigcoef|noise_0,100101011,5,-2.607049955558777,0.031091815448603635,2.3755569966999683,2.639065321112313,-2.3608985416108945,0.24615141394788242
0,f1_strong_t1|f4_dup_b|f7_weak|f8_bigcoef|noise_0,100100111,5,-4.1670463270187375,0.029854362636276957,0.8155606252400078,0.938005185433804,-4.039159822192186,0.1278865048265514
0,f1_strong_t1|f5_null|f6_suppressor|f7_weak|f8_bigcoef,100011110,5,-2.802743431854248,0.03280295951607636,2.1798635204044974,2.3963293554832665,-2.588816498870001,0.21392693298424703
0,f1_strong_t1|f5_null|f6_suppressor|f7_weak|noise_0,100011101,5,-3.075133430957794,0.03304416429875801,1.9074735213009513,2.1207408958384875,-2.865050932963869,0.2100824979939251
0,f1_strong_t1|f5_null|f6_suppressor|f8_bigcoef|noise_0,100011011,5,-2.8690164268493654,0.032668486614093266,2.11359052540938,2.3135721362444794,-2.6731023470844235,0.1959140797649419
0,f1_strong_t1|f5_null|f7_weak|f8_bigcoef|noise_0,100010111,5,-4.455690634441376,0.03121965906836307,0.5269163178173697,0.6125120005659704,-4.351363627665714,0.10432700677566142
0,f1_strong_t1|f6_suppressor|f7_weak|f8_bigcoef|noise_0,100001111,5,-2.782634279823303,0.03260706134952596,2.1999726724354423,2.3963293554832665,-2.588816498870001,0.19381778095330215
0,f2_strong_t2|f3_dup_a|f4_dup_b|f5_null|f6_suppressor,11111000,5,-3.924369748401642,0.03098346188388403,1.0582372038571033,1.1404094082560454,-3.8043887417550226,0.11998100664661937
0,f2_strong_t2|f3_dup_a|f4_dup_b|f5_null|f7_weak,11110100,5,-3.7696280762672423,0.02977062068872328,1.212978875991503,1.2941517581300257,-3.660209718092013,0.10941835817522927
0,f2_strong_t2|f3_dup_a|f4_dup_b|f5_null|f8_bigcoef,11110010,5,-3.5872488975524903,0.029977435158582567,1.395358054706255,1.4869829985360181,-3.4682611322125676,0.11898776533992272
0,f2_strong_t2|f3_dup_a|f4_dup_b|f5_null|noise_0,11110001,5,-3.9199083982467653,0.03008958053816662,1.06269855401198,1.1404094082560454,-3.8043887417550226,0.11551965649174267
0,f2_strong_t2|f3_dup_a|f4_dup_b|f6_suppressor|f7_weak,11101100,5,-3.780544808292389,0.03045062307767978,1.2020621439663564,1.2941517581300257,-3.660209718092013,0.12033509020037592
0,f2_strong_t2|f3_dup_a|f4_dup_b|f6_suppressor|f8_bigcoef,11101010,5,-3.593604206752777,0.03031832718258991,1.3890027455059681,1.4869829985360181,-3.4682611322125676,0.12534307454020954
0,f2_strong_t2|f3_dup_a|f4_dup_b|f6_suppressor|noise_0,11101001,5,-3.9259966799736024,0.030785598424541986,1.056610272285143,1.1404094082560454,-3.8043887417550226,0.12160793821857974
0,f2_strong_t2|f3_dup_a|f4_dup_b|f7_weak|f8_bigcoef,11100110,5,-3.4911009516716005,0.030129581611395083,1.4915060005871448,1.5697402177748048,-3.3839752839981445,0.107125667673456
0,f2_strong_t2|f3_dup_a|f4_dup_b|f7_weak|noise_0,11100101,5,-3.7749673189163206,0.02958354851055269,1.2076396333424246,1.2941517581300257,-3.660209718092013,0.11475760082430764
0,f2_strong_t2|f3_dup_a|f4_dup_b|f8_bigcoef|noise_0,11100011,5,-3.5897113089561463,0.029790564051780294,1.392895643302599,1.4869829985360181,-3.4682611322125676,0.12145017674357872
0,f2_strong_t2|f3_dup_a|f5_null|f6_suppressor|f7_weak,11011100,5,-3.796224168586731,0.028999492209881093,1.1863827836720144,1.2839544909588643,-3.6708371622011393,0.12538700638559153
0,f2_strong_t2|f3_dup_a|f5_null|f6_suppressor|f8_bigcoef,11011010,5,-3.61419769449234,0.028831659933328015,1.3684092577664053,1.4767857313648562,-3.478888576321694,0.13530911817064606
0,f2_strong_t2|f3_dup_a|f5_null|f6_suppressor|noise_0,11011001,5,-3.9390087834358214,0.02955192053992879,1.0435981688229239,1.130212141084884,-3.8150161858641485,0.12399259757167291
0,f2_strong_t2|f3_dup_a|f5_null|f7_weak|f8_bigcoef,11010110,5,-3.507343928527832,0.028371370234519636,1.4752630237309132,1.5595429506036433,-3.3946027281072713,0.1127412004205608
0,f2_strong_t2|f3_dup_a|f5_null|f7_weak|noise_0,11010101,5,-3.782064091491699,0.027950915387214215,1.200542860767046,1.2839544909588643,-3.6708371622011393,0.11122692929055988
0,f2_strong_t2|f3_dup_a|f5_null|f8_bigcoef|noise_0,11010011,5,-3.6038420303344725,0.028172005351477715,1.3787649219242728,1.4767857313648562,-3.478888576321694,0.12495345401277858
0,f2_strong_t2|f3_dup_a|f6_suppressor|f7_weak|f8_bigcoef,11001110,5,-3.523873307800293,0.02900886306432557,1.4587336444584524,1.5595429506036433,-3.3946027281072713,0.12927057969302158
0,f2_strong_t2|f3_dup_a|f6_suppressor|f7_weak|noise_0,11001101,5,-3.79556081533432,0.028811441564662466,1.1870461369244252,1.2839544909588643,-3.6708371622011393,0.12472365313318079
0,f2_strong_t2|f3_dup_a|f6_suppressor|f8_bigcoef|noise_0,11001011,5,-3.6094638595581054,0.028649250158627917,1.3731430927006398,1.4767857313648562,-3.478888576321694,0.13057528323641154
0,f2_strong_t2|f3_dup_a|f7_weak|f8_bigcoef|noise_0,11000111,5,-3.504374854373932,0.028109465681981152,1.4782320978848134,1.5595429506036433,-3.3946027281072713,0.10977212626666066
0,f2_strong_t2|f4_dup_b|f5_null|f6_suppressor|f7_weak,10111100,5,-3.7830226614952087,0.028821896569020917,1.1995842907635366,1.2839544909588643,-3.669192990441967,0.11382967105324182
0,f2_strong_t2|f4_dup_b|f5_null|f6_suppressor|f8_bigcoef,10111010,5,-3.6049374306678774,0.028879728563428783,1.3776695215908679,1.4767857313648562,-3.4772444045625206,0.12769302610535682
0,f2_strong_t2|f4_dup_b|f5_null|f6_suppressor|noise_0,10111001,5,-3.9262339379310607,0.029146129968563857,1.0563730143276846,1.130212141084884,-3.813372014104975,0.11286192382608551
0,f2_strong_t2|f4_dup_b|f5_null|f7_weak|f8_bigcoef,10110110,5,-3.5022146028518675,0.028429480173594087,1.4803923494068778,1.5595429506036433,-3.392958556348098,0.10925604650376952
0,f2_strong_t2|f4_dup_b|f5_null|f7_weak|noise_0,10110101,5,-3.775806973361969,0.027695554640810874,1.2067999788967763,1.2839544909588643,-3.669192990441967,0.10661398292000213
0,f2_strong_t2|f4_dup_b|f5_null|f8_bigcoef|noise_0,10110011,5,-3.5979660008430483,0.028004039712689645,1.384640951415697,1.4767857313648562,-3.4772444045625206,0.1207215962805277
0,f2_strong_t2|f4_dup_b|f6_suppressor|f7_weak|f8_bigcoef,10101110,5,-3.520218224239349,0.029077302362805642,1.4623887280193961,1.5595429506036433,-3.392958556348098,0.1272596678912512
0,f2_strong_t2|f4_dup_b|f6_suppressor|f7_weak|noise_0,10101101,5,-3.7876074760437013,0.028493193508744245,1.194999476215044,1.2839544909588643,-3.669192990441967,0.1184144856017344
0,f2_strong_t2|f4_dup_b|f6_suppressor|f8_bigcoef|noise_0,10101011,5,-3.6039198117256164,0.028452319369069685,1.378687140533129,1.4767857313648562,-3.4772444045625206,0.12667540716309578
0,f2_strong_t2|f4_dup_b|f7_weak|f8_bigcoef|noise_0,10100111,5,-3.5037338346481324,0.028012977824694897,1.478873117610613,1.5595429506036433,-3.392958556348098,0.11077527830003442
0,f2_strong_t2|f5_null|f6_suppressor|f7_weak|f8_bigcoef,10011110,5,-3.8082200079917907,0.030540477077590857,1.1743869442669546,1.2340497657358096,-3.705162361821627,0.10305764617016377
0,f2_strong_t2|f5_null|f6_suppressor|f7_weak|noise_0,10011101,5,-4.0704218828201295,0.03025779389589782,0.9121850694386158,0.9584613060910306,-3.981396795915495,0.08902508690463451
0,f2_strong_t2|f5_null|f6_suppressor|f8_bigcoef|noise_0,10011011,5,-3.891971045207977,0.0303849882913903,1.090635907050768,1.151292546497023,-3.7894482100360496,0.10252283517192762
0,f2_strong_t2|f5_null|f7_weak|f8_bigcoef|noise_0,10010111,5,-3.792432231807709,0.029695270484499384,1.1901747204510364,1.2340497657358096,-3.705162361821627,0.08726986998608188
0,f2_strong_t2|f6_suppressor|f7_weak|f8_bigcoef|noise_0,10001111,5,-3.801211923599243,0.030188575625738928,1.181395028659502,1.2340497657358096,-3.705162361821627,0.09604956177761625
0,f3_dup_a|f4_dup_b|f5_null|f6_suppressor|f7_weak,1111100,5,-4.589838254642487,0.031577691011866145,0.3927686976162583,0.48943280191297556,-4.483143826333933,0.10669442830855402
0,f3_dup_a|f4_dup_b|f5_null|f6_suppressor|f8_bigcoef,1111010,5,-4.400454083633423,0.03115707348891707,0.5821528686253226,0.682264042318968,-4.291195240454487,0.10925884317893608
0,f3_dup_a|f4_dup_b|f5_null|f6_suppressor|noise_0,1111001,5,-4.732951764965057,0.031745753864906794,0.24965518729368785,0.3356904520389953,-4.6273228499969425,0.10562891496811488
0,f3_dup_a|f4_dup_b|f5_null|f7_weak|f8_bigcoef,1110110,5,-4.309536549568176,0.03102895969992803,0.673070402690569,0.7650212615577549,-4.206909392240064,0.10262715732811234
0,f3_dup_a|f4_dup_b|f5_null|f7_weak|noise_0,1110101,5,-4.584211528778076,0.03066058585002875,0.39839542348066903,0.48943280191297556,-4.483143826333933,0.10106770244414331
0,f3_dup_a|f4_dup_b|f5_null|f8_bigcoef|noise_0,1110011,5,-4.3990508849143986,0.030493565318895646,0.5835560673443467,0.682264042318968,-4.291195240454487,0.10785564445991191
0,f3_dup_a|f4_dup_b|f6_suppressor|f7_weak|f8_bigcoef,1101110,5,-4.320829212856292,0.03152026735866985,0.6617777394024529,0.7650212615577549,-4.206909392240064,0.1139198206162284
0,f3_dup_a|f4_dup_b|f6_suppressor|f7_weak|noise_0,1101101,5,-4.595513115406036,0.03139624315681102,0.38709383685270904,0.48943280191297556,-4.483143826333933,0.1123692890721033
0,f3_dup_a|f4_dup_b|f6_suppressor|f8_bigcoef|noise_0,1101011,5,-4.405935612297058,0.031005747274910046,0.5766713399616874,0.682264042318968,-4.291195240454487,0.11474037184257124
0,f3_dup_a|f4_dup_b|f7_weak|f8_bigcoef|noise_0,1100111,5,-4.313710931205749,0.0308490817007484,0.668896021052996,0.7650212615577549,-4.206909392240064,0.10680153896568534
0,f3_dup_a|f5_null|f6_suppressor|f7_weak|f8_bigcoef,1011110,5,-4.328927859783173,0.02994017129303799,0.6536790924755724,0.7548239943865932,-4.21753683634919,0.111391023433983
0,f3_dup_a|f5_null|f6_suppressor|f7_weak|noise_0,1011101,5,-4.594554835319519,0.029881028507675104,0.38805211693922637,0.4792355347418139,-4.493771270443058,0.10078356487646101
0,f3_dup_a|f5_null|f6_suppressor|f8_bigcoef|noise_0,1011011,5,-4.408735956001282,0.029439585687610893,0.5738709962574635,0.6720667751478063,-4.3018226845636125,0.10691327143766927
0,f3_dup_a|f5_null|f7_weak|f8_bigcoef|noise_0,1010111,5,-4.316489783287048,0.028979935711826773,0.6661171689716969,0.7548239943865932,-4.21753683634919,0.0989529469378585
0,f3_dup_a|f6_suppressor|f7_weak|f8_bigcoef|noise_0,1001111,5,-4.327070251083374,0.029769143168139722,0.6555367011753717,0.7548239943865932,-4.21753683634919,0.10953341473418376
0,f4_dup_b|f5_null|f6_suppressor|f7_weak|f8_bigcoef,111110,5,-4.326859943199158,0.030031781182816113,0.6557470090595876,0.7548239943865932,-4.215892664590016,0.11096727860914157
0,f4_dup_b|f5_null|f6_suppressor|f7_weak|noise_0,111101,5,-4.58985778799057,0.029819611493750696,0.3927491642681753,0.4792355347418139,-4.492127098683885,0.09773068930668494
0,f4_dup_b|f5_null|f6_suppressor|f8_bigcoef|noise_0,111011,5,-4.40632938709259,0.0294431737037896,0.5762775651661549,0.6720667751478063,-4.300178512804439,0.10615087428815162
0,f4_dup_b|f5_null|f7_weak|f8_bigcoef|noise_0,110111,5,-4.314441589355469,0.029001533535687223,0.6681653629032764,0.7548239943865932,-4.215892664590016,0.09854892476545274
0,f4_dup_b|f6_suppressor|f7_weak|f8_bigcoef|noise_0,101111,5,-4.327334211540222,0.029769578877988527,0.655272740718523,0.7548239943865932,-4.215892664590016,0.11144154695020614
0,f5_null|f6_suppressor|f7_weak|f8_bigcoef|noise_0,11111,5,-4.6109323387145995,0.03120197348166159,0.37167461354414577,0.42933080951875946,-4.528096470063545,0.08283586865105441
0,f1_strong_t1|f2_strong_t2|f3_dup_a|f4_dup_b|f5_null|f6_suppressor,111111000,6,-2.0707279032707215,0.032365324242227024,2.9118790489880237,3.1074079542205526,-1.8651087705614784,0.20561913270924315
0,f1_strong_t1|f2_strong_t2|f3_dup_a|f4_dup_b|f5_null|f7_weak,111110100,6,-3.623990727996826,0.03079041001574835,1.3586162242619193,1.477332949177237,-3.4834768756941825,0.14051385230264346
0,f1_strong_t1|f2_strong_t2|f3_dup_a|f4_dup_b|f5_null|f8_bigcoef,111110010,6,-3.4379071186065673,0.03067335463568535,1.544699833652178,1.6701641895832289,-3.291528289814737,0.14637882879183017
0,f1_strong_t1|f2_strong_t2|f3_dup_a|f4_dup_b|f5_null|noise_0,111110001,6,-3.765275583934784,0.031197820349292953,1.2173313683239613,1.3235905993032566,-3.6276558993571917,0.13761968457759233
0,f1_strong_t1|f2_strong_t2|f3_dup_a|f4_dup_b|f6_suppressor|f7_weak,111101100,6,-1.9327159690856934,0.03180750624363586,3.049890983173052,3.261150304094533,-1.7209297468984697,0.21178622218722376
0,f1_strong_t1|f2_strong_t2|f3_dup_a|f4_dup_b|f6_suppressor|f8_bigcoef,111101010,6,-1.7569320388793945,0.03186962083378999,3.2256749133793505,3.4539815445005253,-1.5289811610190234,0.22795087786037116
0,f1_strong_t1|f2_strong_t2|f3_dup_a|f4_dup_b|f6_suppressor|noise_0,111101001,6,-2.085656119823456,0.03223351006095879,2.8969508324352895,3.1074079542205526,-1.8651087705614784,0.2205473492619774
0,f1_strong_t1|f2_strong_t2|f3_dup_a|f4_dup_b|f7_weak|f8_bigcoef,111100110,6,-3.348832088947296,0.0309110699178068,1.6337748633114493,1.752921408822016,-3.2072424416003145,0.14158964734698154
0,f1_strong_t1|f2_strong_t2|f3_dup_a|f4_dup_b|f7_weak|noise_0,111100101,6,-3.6304709906578063,0.030666103627420824,1.352135961600939,1.477332949177237,-3.4834768756941825,0.1469941149636238
0,f1_strong_t1|f2_strong_t2|f3_dup_a|f4_dup_b|f8_bigcoef|noise_0,111100011,6,-3.437224032115936,0.030490293099490293,1.545382920142809,1.6701641895832289,-3.291528289814737,0.14569574230119908
0,f1_strong_t1|f2_strong_t2|f3_dup_a|f5_null|f6_suppressor|f7_weak,111011100,6,-1.9791840188980103,0.030940029452453485,3.003422933360735,3.2509530369233715,-1.7315571910075949,0.24762682789041546
0,f1_strong_t1|f2_strong_t2|f3_dup_a|f5_null|f6_suppressor|f8_bigcoef,111011010,6,-1.773684431552887,0.03072466706288873,3.2089225207058583,3.443784277329364,-1.539608605128149,0.234075826424738
0,f1_strong_t1|f2_strong_t2|f3_dup_a|f5_null|f6_suppressor|noise_0,111011001,6,-2.1091110547065735,0.03146676362124119,2.873495897552172,3.097210687049391,-1.875736214670604,0.23337484003596942
0,f1_strong_t1|f2_strong_t2|f3_dup_a|f5_null|f7_weak|f8_bigcoef,111010110,6,-3.3559655529022216,0.028935411993094712,1.6266413993565236,1.742724141650854,-3.21786988570944,0.13809566719278177
0,f1_strong_t1|f2_strong_t2|f3_dup_a|f5_null|f7_weak|noise_0,111010101,6,-3.6316540484428406,0.029007443400062075,1.3509529038159047,1.467135682006075,-3.4941043198033093,0.1375497286395313
0,f1_strong_t1|f2_strong_t2|f3_dup_a|f5_null|f8_bigcoef|noise_0,111010011,6,-3.446197564792633,0.028792973720209378,1.5364093874661124,1.6599669224120674,-3.302155733923863,0.14404183086876987
0,f1_strong_t1|f2_strong_t2|f3_dup_a|f6_suppressor|f7_weak|f8_bigcoef,111001110,6,-1.6954376476287842,0.030783490191943562,3.287169304629961,3.52654149656815,-1.455322756913727,0.2401148907150572
0,f1_strong_t1|f2_strong_t2|f3_dup_a|f6_suppressor|f7_weak|noise_0,111001101,6,-1.9994216342926026,0.031126684242437565,2.983185317966143,3.2509530369233715,-1.7315571910075949,0.2678644432850077
0,f1_strong_t1|f2_strong_t2|f3_dup_a|f6_suppressor|f8_bigcoef|noise_0,111001011,6,-1.7781282678604127,0.03047320616764339,3.2044786843983326,3.443784277329364,-1.539608605128149,0.23851966273226366
0,f1_strong_t1|f2_strong_t2|f3_dup_a|f7_weak|f8_bigcoef|noise_0,111000111,6,-3.3543387440681456,0.028804843612842735,1.6282682081905997,1.742724141650854,-3.2178698857094394,0.13646885835870615
0,f1_strong_t1|f2_strong_t2|f4_dup_b|f5_null|f6_suppressor|f7_weak,110111100,6,-1.9667051392555237,0.030459178860410212,3.0159018130032216,3.2509530369233715,-1.7299130192484211,0.2367921200071026
0,f1_strong_t1|f2_strong_t2|f4_dup_b|f5_null|f6_suppressor|f8_bigcoef,110111010,6,-1.7674877430915832,0.030705799961139726,3.2151192091671623,3.443784277329364,-1.5379644333689753,0.22952330972260793
0,f1_strong_t1|f2_strong_t2|f4_dup_b|f5_null|f6_suppressor|noise_0,110111001,6,-2.09049338722229,0.030688803707344062,2.892113565036455,3.097210687049391,-1.8740920429114303,0.2164013443108599
0,f1_strong_t1|f2_strong_t2|f4_dup_b|f5_null|f7_weak|f8_bigcoef,110110110,6,-3.3593881614685057,0.029121716944651547,1.6232187907902396,1.742724141650854,-3.216225713950266,0.1431624475182396
0,f1_strong_t1|f2_strong_t2|f4_dup_b|f5_null|f7_weak|noise_0,110110101,6,-3.629236641597748,0.0286918694856494,1.3533703106609973,1.467135682006075,-3.492460148044135,0.13677649355361288
0,f1_strong_t1|f2_strong_t2|f4_dup_b|f5_null|f8_bigcoef|noise_0,110110011,6,-3.447967677974701,0.02874534454755215,1.5346392742840442,1.6599669224120674,-3.3005115621646897,0.1474561158100114
0,f1_strong_t1|f2_strong_t2|f4_dup_b|f6_suppressor|f7_weak|f8_bigcoef,110101110,6,-1.7265348923683166,0.030748876032458308,3.2560720598904287,3.52654149656815,-1.4536785851545533,0.2728563072137633
0,f1_strong_t1|f2_strong_t2|f4_dup_b|f6_suppressor|f7_weak|noise_0,110101101,6,-1.9811680274009704,0.030140022963862867,3.0014389248577746,3.2509530369233715,-1.7299130192484216,0.25125500815254886
0,f1_strong_t1|f2_strong_t2|f4_dup_b|f6_suppressor|f8_bigcoef|noise_0,110101011,6,-1.7809194514274598,0.030190029972167524,3.2016875008312855,3.443784277329364,-1.5379644333689753,0.24295501805848452
0,f1_strong_t1|f2_strong_t2|f4_dup_b|f7_weak|f8_bigcoef|noise_0,110100111,6,-3.357546641635895,0.028751150953908598,1.6250603106228505,1.742724141650854,-3.216225713950266,0.14132092768562865
0,f1_strong_t1|f2_strong_t2|f5_null|f6_suppressor|f7_weak|f8_bigcoef,110011110,6,-1.9829654480934142,0.03223484705451495,2.9996415041653313,3.201048311700317,-1.765882390628082,0.21708305746533219
0,f1_strong_t1|f2_strong_t2|f5_null|f6_suppressor|f7_weak|noise_0,110011101,6,-2.2668809182167053,0.03223010020755278,2.71572603404204,2.9254598520555377,-2.0421168247219508,0.22476409349475457
0,f1_strong_t1|f2_strong_t2|f5_null|f6_suppressor|f8_bigcoef|noise_0,110011011,6,-2.058507366847992,0.03226458041196155,2.924099585410753,3.11829109246153,-1.8501682388425047,0.20833912800548737
0,f1_strong_t1|f2_strong_t2|f5_null|f7_weak|f8_bigcoef|noise_0,110010111,6,-3.6514052344322203,0.03037111530830352,1.331201717826525,1.4172309567830204,-3.528429519423795,0.12297571500842519
0,f1_strong_t1|f2_strong_t2|f6_suppressor|f7_weak|f8_bigcoef|noise_0,110001111,6,-1.992978730583191,0.03202191809398001,2.989628221675554,3.201048311700317,-1.765882390628082,0.22709633995510892
0,f1_strong_t1|f3_dup_a|f4_dup_b|f5_null|f6_suppressor|f7_weak,101111100,6,-2.7510822715759278,0.03290750450258115,2.2315246806828175,2.456431347877483,-2.543863855140388,0.20721841643553995
0,f1_strong_t1|f3_dup_a|f4_dup_b|f5_null|f6_suppressor|f8_bigcoef,101111010,6,-2.560922478866577,0.032663876728430685,2.421684473392168,2.6492625882834755,-2.3519152692609415,0.20900720960563568
0,f1_strong_t1|f3_dup_a|f4_dup_b|f5_null|f6_suppressor|noise_0,101111001,6,-2.9012778186798096,0.03368242531195341,2.0813291335789357,2.302688998003503,-2.688042878803397,0.21323493987641262
0,f1_strong_t1|f3_dup_a|f4_dup_b|f5_null|f7_weak|f8_bigcoef,101110110,6,-4.166191473770142,0.03206108659663283,0.8164154784886035,0.9482024526049658,-4.030176549842233,0.1360149239279087
0,f1_strong_t1|f3_dup_a|f4_dup_b|f5_null|f7_weak|noise_0,101110101,6,-4.440528290653229,0.031968278237152134,0.5420786616055162,0.6726139929601865,-4.306410983936101,0.13411730671712796
0,f1_strong_t1|f3_dup_a|f4_dup_b|f5_null|f8_bigcoef|noise_0,101110011,6,-4.251098233604431,0.031464114661713505,0.7315087186543145,0.8654452333661787,-4.114462398056656,0.13663583554777503
0,f1_strong_t1|f3_dup_a|f4_dup_b|f6_suppressor|f7_weak|f8_bigcoef,101101110,6,-2.4806405683517454,0.03262158580041747,2.501966383907,2.732019807522262,-2.267629421046519,0.21301114730522652
0,f1_strong_t1|f3_dup_a|f4_dup_b|f6_suppressor|f7_weak|noise_0,101101101,6,-2.765772175693512,0.033031049801561775,2.2168347765652334,2.456431347877483,-2.543863855140388,0.22190832055312404
0,f1_strong_t1|f3_dup_a|f4_dup_b|f6_suppressor|f8_bigcoef|noise_0,101101011,6,-2.575245619392395,0.0324345932972198,2.4073613328663503,2.6492625882834755,-2.3519152692609415,0.22333035013145341
0,f1_strong_t1|f3_dup_a|f4_dup_b|f7_weak|f8_bigcoef|noise_0,101100111,6,-4.170841361141205,0.03187881244568728,0.8117655911175401,0.9482024526049658,-4.030176549842233,0.14066481129897213
0,f1_strong_t1|f3_dup_a|f5_null|f6_suppressor|f7_weak|f8_bigcoef,101011110,6,-2.513985325717926,0.03135999320655694,2.4686216265408194,2.7218225403511003,-2.278256865155645,0.2357284605622807
0,f1_strong_t1|f3_dup_a|f5_null|f6_suppressor|f7_weak|noise_0,101011101,6,-2.7980531730651856,0.03188689571640626,2.1845537791935596,2.446234080706321,-2.5544912992495132,0.2435618738156724
0,f1_strong_t1|f3_dup_a|f5_null|f6_suppressor|f8_bigcoef|noise_0,101011011,6,-2.5892628420829773,0.03105431669507446,2.393344110175768,2.639065321112313,-2.362542713370068,0.22672012871290947
0,f1_strong_t1|f3_dup_a|f5_null|f7_weak|f8_bigcoef|noise_0,101010111,6,-4.166494718837738,0.029857472968771358,0.8161122334210074,0.938005185433804,-4.040803993951359,0.125690724886379
0,f1_strong_t1|f3_dup_a|f6_suppressor|f7_weak|f8_bigcoef|noise_0,101001111,6,-2.5165852347373963,0.031326895656164755,2.466021717521349,2.7218225403511003,-2.278256865155645,0.23832836958175108
0,f1_strong_t1|f4_dup_b|f5_null|f6_suppressor|f7_weak|f8_bigcoef,100111110,6,-2.5281432956695555,0.031726276099391895,2.4544636565891897,2.7218225403511003,-2.2766126933964714,0.2515306022730841
0,f1_strong_t1|f4_dup_b|f5_null|f6_suppressor|f7_weak|noise_0,100111101,6,-2.7940728039741516,0.03163113720620664,2.1885341482845937,2.446234080706321,-2.55284712749034,0.24122567648381166
0,f1_strong_t1|f4_dup_b|f5_null|f6_suppressor|f8_bigcoef|noise_0,100111011,6,-2.582850471782684,0.03127623918390011,2.399756480476061,2.639065321112313,-2.3608985416108945,0.2219519301717896
0,f1_strong_t1|f4_dup_b|f5_null|f7_weak|f8_bigcoef|noise_0,100110111,6,-4.170563406848907,0.029993064964187376,0.8120435454098383,0.938005185433804,-4.039159822192186,0.13140358465672097
0,f1_strong_t1|f4_dup_b|f6_suppressor|f7_weak|f8_bigcoef|noise_0,100101111,6,-2.5294968894958494,0.03132935333138245,2.453110062762896,2.7218225403511003,-2.2766126933964714,0.25288419609937796
0,f1_strong_t1|f5_null|f6_suppressor|f7_weak|f8_bigcoef|noise_0,100011111,6,-2.7999900040626526,0.03263671110762897,2.1826169481960926,2.3963293554832665,-2.588816498870001,0.21117350519265177
0,f2_strong_t2|f3_dup_a|f4_dup_b|f5_null|f6_suppressor|f7_weak,11111100,6,-3.785252355670929,0.03069253153942504,1.1973545965878163,1.2941517581300257,-3.660209718092013,0.12504263757891598
0,f2_strong_t2|f3_dup_a|f4_dup_b|f5_null|f6_suppressor|f8_bigcoef,11111010,6,-3.6009252725601195,0.03064611147047412,1.3816816796986258,1.4869829985360181,-3.4682611322125676,0.13266414034755192
0,f2_strong_t2|f3_dup_a|f4_dup_b|f5_null|f6_suppressor|noise_0,11111001,6,-3.933863442325592,0.03111793839697075,1.0487435099331535,1.1404094082560454,-3.8043887417550226,0.1294747005705692
0,f2_strong_t2|f3_dup_a|f4_dup_b|f5_null|f7_weak|f8_bigcoef,11110110,6,-3.4965148467063902,0.030247157511392616,1.486092105552355,1.5697402177748048,-3.3839752839981445,0.11253956270824572
0,f2_strong_t2|f3_dup_a|f4_dup_b|f5_null|f7_weak|noise_0,11110101,6,-3.7793896398544313,0.02974496097806477,1.203217312404314,1.2941517581300257,-3.660209718092013,0.11917992176241832
0,f2_strong_t2|f3_dup_a|f4_dup_b|f5_null|f8_bigcoef|noise_0,11110011,6,-3.5991901482582094,0.02997675572518381,1.383416804000536,1.4869829985360181,-3.4682611322125676,0.13092901604564178
0,f2_strong_t2|f3_dup_a|f4_dup_b|f6_suppressor|f7_weak|f8_bigcoef,11101110,6,-3.5098055813789366,0.030869825360235314,1.4728013708798087,1.5697402177748048,-3.3839752839981445,0.1258302973807921
0,f2_strong_t2|f3_dup_a|f4_dup_b|f6_suppressor|f7_weak|noise_0,11101101,6,-3.7908728189468386,0.030507182623639342,1.1917341333119067,1.2941517581300257,-3.660209718092013,0.13066310085482558
0,f2_strong_t2|f3_dup_a|f4_dup_b|f6_suppressor|f8_bigcoef|noise_0,11101011,6,-3.602201450252533,0.030438608476537322,1.3804055020062123,1.4869829985360181,-3.4682611322125676,0.13394031803996542
0,f2_strong_t2|f3_dup_a|f4_dup_b|f7_weak|f8_bigcoef|noise_0,11100111,6,-3.499380918121338,0.03002899467157272,1.4832260341374073,1.5697402177748048,-3.3839752839981445,0.11540563412319349
0,f2_strong_t2|f3_dup_a|f5_null|f6_suppressor|f7_weak|f8_bigcoef,11011110,6,-3.5277939120292663,0.029213418997009005,1.454813040229479,1.5595429506036433,-3.3946027281072713,0.13319118392199503
0,f2_strong_t2|f3_dup_a|f5_null|f6_suppressor|f7_weak|noise_0,11011101,6,-3.7997998522758483,0.029038451678423872,1.182807099982897,1.2839544909588643,-3.6708371622011393,0.12896269007470895
0,f2_strong_t2|f3_dup_a|f5_null|f6_suppressor|f8_bigcoef|noise_0,11011011,6,-3.617823500919342,0.02891378636158805,1.3647834513394033,1.4767857313648562,-3.478888576321694,0.1389349245976481
0,f2_strong_t2|f3_dup_a|f5_null|f7_weak|f8_bigcoef|noise_0,11010111,6,-3.512058018684387,0.028227110422451546,1.4705489335743582,1.5595429506036433,-3.3946027281072713,0.11745529057711579
0,f2_strong_t2|f3_dup_a|f6_suppressor|f7_weak|f8_bigcoef|noise_0,11001111,6,-3.522306024169922,0.028886970372261754,1.4603009280888233,1.5595429506036433,-3.3946027281072713,0.12770329606265074
0,f2_strong_t2|f4_dup_b|f5_null|f6_suppressor|f7_weak|f8_bigcoef,10111110,6,-3.5219163610458373,0.029243213107125823,1.460690591212908,1.5595429506036433,-3.392958556348098,0.12895780469773932
0,f2_strong_t2|f4_dup_b|f5_null|f6_suppressor|f7_weak|noise_0,10111101,6,-3.7894476166725157,0.028760249921696363,1.1931593355862296,1.2839544909588643,-3.669192990441967,0.12025462623054883
0,f2_strong_t2|f4_dup_b|f5_null|f6_suppressor|f8_bigcoef|noise_0,10111011,6,-3.608367567062378,0.02874732667923972,1.3742393851963675,1.4767857313648562,-3.4772444045625206,0.13112316249985723
0,f2_strong_t2|f4_dup_b|f5_null|f7_weak|f8_bigcoef|noise_0,10110111,6,-3.5084206214904787,0.02812068779058536,1.4741863307682666,1.5595429506036433,-3.392958556348098,0.11546206514238078
0,f2_strong_t2|f4_dup_b|f6_suppressor|f7_weak|f8_bigcoef|noise_0,10101111,6,-3.5216161993026733,0.02883826582839345,1.460990752956072,1.5595429506036433,-3.392958556348098,0.12865764295457538
0,f2_strong_t2|f5_null|f6_suppressor|f7_weak|f8_bigcoef|noise_0,10011111,6,-3.807445723628998,0.030420611683190355,1.1751612286297473,1.2340497657358096,-3.705162361821627,0.10228336180737108
0,f3_dup_a|f4_dup_b|f5_null|f6_suppressor|f7_weak|f8_bigcoef,1111110,6,-4.32494840555191,0.031802787203023444,0.657658546706835,0.7650212615577549,-4.206909392240064,0.1180390133118463
0,f3_dup_a|f4_dup_b|f5_null|f6_suppressor|f7_weak|noise_0,1111101,6,-4.597507694244385,0.03161872870514237,0.3850992580143604,0.48943280191297556,-4.483143826333933,0.11436386791045194
0,f3_dup_a|f4_dup_b|f5_null|f6_suppressor|f8_bigcoef|noise_0,1111011,6,-4.410773639965058,0.031228551599013377,0.5718333122936876,0.682264042318968,-4.291195240454487,0.11957839951057103
0,f3_dup_a|f4_dup_b|f5_null|f7_weak|f8_bigcoef|noise_0,1110111,6,-4.3196892753601075,0.03095028040243776,0.6629176768986378,0.7650212615577549,-4.206909392240064,0.1127798831200435
0,f3_dup_a|f4_dup_b|f6_suppressor|f7_weak|f8_bigcoef|noise_0,1101111,6,-4.327670920372009,0.031587446394501784,0.6549360318867361,0.7650212615577549,-4.206909392240064,0.12076152813194518
0,f3_dup_a|f5_null|f6_suppressor|f7_weak|f8_bigcoef|noise_0,1011111,6,-4.330823473930359,0.029899442499480764,0.6517834783283867,0.7548239943865932,-4.21753683634919,0.11328663758116875
0,f4_dup_b|f5_null|f6_suppressor|f7_weak|f8_bigcoef|noise_0,111111,6,-4.330580904197693,0.029982889651065058,0.6520260480610522,0.7548239943865932,-4.215892664590016,0.11468823960767693
0,f1_strong_t1|f2_strong_t2|f3_dup_a|f4_dup_b|f5_null|f6_suppressor|f7_weak,111111100,7,-1.9487215795516968,0.03229353545013032,3.0338853727070485,3.261150304094533,-1.7209297468984697,0.2277918326532271
0,f1_strong_t1|f2_strong_t2|f3_dup_a|f4_dup_b|f5_null|f6_suppressor|f8_bigcoef,111111010,7,-1.7493231246948242,0.03222861425606366,3.233283827563921,3.4539815445005253,-1.5289811610190234,0.22034196367580083
0,f1_strong_t1|f2_strong_t2|f3_dup_a|f4_dup_b|f5_null|f6_suppressor|noise_0,111111001,7,-2.076607068347931,0.032563505639437954,2.9059998839108143,3.1074079542205526,-1.8651087705614784,0.21149829778645257
0,f1_strong_t1|f2_strong_t2|f3_dup_a|f4_dup_b|f5_null|f7_weak|f8_bigcoef,111110110,7,-3.352388750553131,0.03109752266798,1.6302182017056142,1.752921408822016,-3.2072424416003145,0.14514630895281666
0,f1_strong_t1|f2_strong_t2|f3_dup_a|f4_dup_b|f5_null|f7_weak|noise_0,111110101,7,-3.6321019457817076,0.030888104441570415,1.3505050064770376,1.477332949177237,-3.4834768756941825,0.14862507008752512
0,f1_strong_t1|f2_strong_t2|f3_dup_a|f4_dup_b|f5_null|f8_bigcoef|noise_0,111110011,7,-3.4452039120674134,0.030737935558448806,1.537403040191332,1.6701641895832289,-3.291528289814737,0.15367562225267628
0,f1_strong_t1|f2_strong_t2|f3_dup_a|f4_dup_b|f6_suppressor|f7_weak|f8_bigcoef,111101110,7,-1.6662065039634704,0.03210576752608448,3.316400448295275,3.5367387637393115,-1.4446953128046012,0.2215111911588692
0,f1_strong_t1|f2_strong_t2|f3_dup_a|f4_dup_b|f6_suppressor|f7_weak|noise_0,111101101,7,-1.9566343470573426,0.032072403775657427,3.0259726052014027,3.261150304094533,-1.7209297468984697,0.23570460015887296
0,f1_strong_t1|f2_strong_t2|f3_dup_a|f4_dup_b|f6_suppressor|f8_bigcoef|noise_0,111101011,7,-1.7551872799873351,0.03179084655827902,3.2274196722714104,3.4539815445005253,-1.5289811610190234,0.22620611896831178
0,f1_strong_t1|f2_strong_t2|f3_dup_a|f4_dup_b|f7_weak|f8_bigcoef|noise_0,111100111,7,-3.3541573280334473,0.030898077222213192,1.628449624225298,1.752921408822016,-3.2072424416003145,0.14691488643313289
0,f1_strong_t1|f2_strong_t2|f3_dup_a|f5_null|f6_suppressor|f7_weak|f8_bigcoef,111011110,7,-1.6982148960113526,0.030905767356205083,3.284392056247393,3.52654149656815,-1.4553227569137268,0.24289213909762575
0,f1_strong_t1|f2_strong_t2|f3_dup_a|f5_null|f6_suppressor|f7_weak|noise_0,111011101,7,-1.9976480256080626,0.03119685200560843,2.9849589266506826,3.2509530369233715,-1.7315571910075949,0.2660908346004678
0,f1_strong_t1|f2_strong_t2|f3_dup_a|f5_null|f6_suppressor|f8_bigcoef|noise_0,111011011,7,-1.7823179450988769,0.030730125937154757,3.2002890071598684,3.443784277329364,-1.539608605128149,0.24270933997072786
0,f1_strong_t1|f2_strong_t2|f3_dup_a|f5_null|f7_weak|f8_bigcoef|noise_0,111010111,7,-3.3602122754096984,0.028931072597409745,1.622394676849047,1.742724141650854,-3.21786988570944,0.14234238970025848
0,f1_strong_t1|f2_strong_t2|f3_dup_a|f6_suppressor|f7_weak|f8_bigcoef|noise_0,111001111,7,-1.7141984704017639,0.030782629547827,3.2684084818569814,3.52654149656815,-1.455322756913727,0.25887571348803684
0,f1_strong_t1|f2_strong_t2|f4_dup_b|f5_null|f6_suppressor|f7_weak|f8_bigcoef,110111110,7,-1.7095612785339356,0.03083082212202516,3.27304567372481,3.52654149656815,-1.4536785851545533,0.2558826933793823
0,f1_strong_t1|f2_strong_t2|f4_dup_b|f5_null|f6_suppressor|f7_weak|noise_0,110111101,7,-1.9727872794151307,0.030432397620782214,3.009819672843615,3.2509530369233715,-1.7299130192484211,0.24287426016670954
0,f1_strong_t1|f2_strong_t2|f4_dup_b|f5_null|f6_suppressor|f8_bigcoef|noise_0,110111011,7,-1.7646148588180541,0.03037317363170367,3.2179920934406914,3.443784277329364,-1.5379644333689753,0.22665042544907887
0,f1_strong_t1|f2_strong_t2|f4_dup_b|f5_null|f7_weak|f8_bigcoef|noise_0,110110111,7,-3.364002824115753,0.028919094961117376,1.6186041281429921,1.742724141650854,-3.216225713950266,0.147777110165487
0,f1_strong_t1|f2_strong_t2|f4_dup_b|f6_suppressor|f7_weak|f8_bigcoef|noise_0,110101111,7,-1.7202925673484801,0.030430277774862565,3.2623143849102654,3.52654149656815,-1.4536785851545533,0.26661398219392685
0,f1_strong_t1|f2_strong_t2|f5_null|f6_suppressor|f7_weak|f8_bigcoef|noise_0,110011111,7,-1.992591568851471,0.0319506501894096,2.9900153834072745,3.201048311700317,-1.765882390628082,0.22670917822338899
0,f1_strong_t1|f3_dup_a|f4_dup_b|f5_null|f6_suppressor|f7_weak|f8_bigcoef,101111110,7,-2.481039616394043,0.03283251802582361,2.5015673358647024,2.732019807522262,-2.267629421046519,0.21341019534752403
0,f1_strong_t1|f3_dup_a|f4_dup_b|f5_null|f6_suppressor|f7_weak|noise_0,101111101,7,-2.7659041689872743,0.03324498459721689,2.216702783271471,2.456431347877483,-2.543863855140388,0.2220403138468865
0,f1_strong_t1|f3_dup_a|f4_dup_b|f5_null|f6_suppressor|f8_bigcoef|noise_0,101111011,7,-2.560534310913086,0.032632380228707854,2.4220726413456592,2.6492625882834755,-2.3519152692609415,0.2086190416521445
0,f1_strong_t1|f3_dup_a|f4_dup_b|f5_null|f7_weak|f8_bigcoef|noise_0,101110111,7,-4.1761067326545716,0.03201875572791312,0.8065002196041737,0.9482024526049658,-4.030176549842233,0.1459301828123385
0,f1_strong_t1|f3_dup_a|f4_dup_b|f6_suppressor|f7_weak|f8_bigcoef|noise_0,101101111,7,-2.4862260275840757,0.032640043474033174,2.4963809246746695,2.732019807522262,-2.267629421046519,0.21859660653755686
0,f1_strong_t1|f3_dup_a|f5_null|f6_suppressor|f7_weak|f8_bigcoef|noise_0,101011111,7,-2.519488260936737,0.031246560985519905,2.4631186913220082,2.7218225403511003,-2.278256865155645,0.24123139578109187
0,f1_strong_t1|f4_dup_b|f5_null|f6_suppressor|f7_weak|f8_bigcoef|noise_0,100111111,7,-2.5202713701248167,0.03139911719532998,2.4623355821339286,2.7218225403511003,-2.2766126933964714,0.2436586767283453
0,f2_strong_t2|f3_dup_a|f4_dup_b|f5_null|f6_suppressor|f7_weak|f8_bigcoef,11111110,7,-3.514315139579773,0.03106692697765128,1.4682918126789724,1.5697402177748048,-3.3839752839981445,0.13033985558162842
0,f2_strong_t2|f3_dup_a|f4_dup_b|f5_null|f6_suppressor|f7_weak|noise_0,11111101,7,-3.7955227279663086,0.030726058734171335,1.1870842242924367,1.2941517581300257,-3.660209718092013,0.13531300987429562
0,f2_strong_t2|f3_dup_a|f4_dup_b|f5_null|f6_suppressor|f8_bigcoef|noise_0,11111011,7,-3.6110010917663575,0.030749671038782626,1.3716058604923878,1.4869829985360181,-3.4682611322125676,0.14273995955378993
0,f2_strong_t2|f3_dup_a|f4_dup_b|f5_null|f7_weak|f8_bigcoef|noise_0,11110111,7,-3.506734351348877,0.03013560768099921,1.4758726009098684,1.5697402177748048,-3.3839752839981445,0.12275906735073239
0,f2_strong_t2|f3_dup_a|f4_dup_b|f6_suppressor|f7_weak|f8_bigcoef|noise_0,11101111,7,-3.5165325756073,0.030751539971724102,1.4660743766514455,1.5697402177748048,-3.3839752839981445,0.1325572916091553
0,f2_strong_t2|f3_dup_a|f5_null|f6_suppressor|f7_weak|f8_bigcoef|noise_0,11011111,7,-3.5288315890312196,0.029046599902466216,1.4537753632275257,1.5595429506036433,-3.3946027281072713,0.13422886092394837
0,f2_strong_t2|f4_dup_b|f5_null|f6_suppressor|f7_weak|f8_bigcoef|noise_0,10111111,7,-3.524306588459015,0.029006075842616864,1.4583003637997303,1.5595429506036433,-3.392958556348098,0.13134803211091706
0,f3_dup_a|f4_dup_b|f5_null|f6_suppressor|f7_weak|f8_bigcoef|noise_0,1111111,7,-4.3322329710960386,0.031772352384074984,0.6503739811627067,0.7650212615577549,-4.206909392240064,0.12532357885597456
0,f1_strong_t1|f2_strong_t2|f3_dup_a|f4_dup_b|f5_null|f6_suppressor|f7_weak|f8_bigcoef,111111110,8,-1.67421265001297,0.03244123245980416,3.3083943022457754,3.5367387637393115,-1.4446953128046012,0.22951733720836875
0,f1_strong_t1|f2_strong_t2|f3_dup_a|f4_dup_b|f5_null|f6_suppressor|f7_weak|noise_0,111111101,8,-1.954207271194458,0.03236556111808917,3.028399681064287,3.261150304094533,-1.7209297468984697,0.23327752429598836
0,f1_strong_t1|f2_strong_t2|f3_dup_a|f4_dup_b|f5_null|f6_suppressor|f8_bigcoef|noise_0,111111011,8,-1.7475769488334656,0.03205463962204645,3.2350300034252797,3.4539815445005253,-1.5289811610190234,0.21859578781444222
0,f1_strong_t1|f2_strong_t2|f3_dup_a|f4_dup_b|f5_null|f7_weak|f8_bigcoef|noise_0,111110111,8,-3.3591118850708006,0.03106750735857533,1.6234950671879447,1.752921408822016,-3.2072424416003145,0.15186944347048614
0,f1_strong_t1|f2_strong_t2|f3_dup_a|f4_dup_b|f6_suppressor|f7_weak|f8_bigcoef|noise_0,111101111,8,-1.6716224848747254,0.031908856027893014,3.31098446738402,3.5367387637393115,-1.4446953128046012,0.22692717207012425
0,f1_strong_t1|f2_strong_t2|f3_dup_a|f5_null|f6_suppressor|f7_weak|f8_bigcoef|noise_0,111011111,8,-1.712345101737976,0.030722682832050978,3.270261850520769,3.52654149656815,-1.4553227569137268,0.25702234482424924
0,f1_strong_t1|f2_strong_t2|f4_dup_b|f5_null|f6_suppressor|f7_weak|f8_bigcoef|noise_0,110111111,8,-1.7045472016334533,0.03042374789285174,3.278059750625292,3.52654149656815,-1.4536785851545533,0.2508686164789
0,f1_strong_t1|f3_dup_a|f4_dup_b|f5_null|f6_suppressor|f7_weak|f8_bigcoef|noise_0,101111111,8,-2.486863999938965,0.03274855509319621,2.4957429523197803,2.732019807522262,-2.267629421046519,0.21923457889244613
0,f2_strong_t2|f3_dup_a|f4_dup_b|f5_null|f6_suppressor|f7_weak|f8_bigcoef|noise_0,11111111,8,-3.5226486046791075,0.030941483817963588,1.4599583475796378,1.5697402177748048,-3.3839752839981445,0.13867332068096294
0,f1_strong_t1|f2_strong_t2|f3_dup_a|f4_dup_b|f5_null|f6_suppressor|f7_weak|f8_bigcoef|noise_0,111111111,9,-1.6739969848632812,0.03217043279685422,3.308609967395464,3.5367387637393115,-1.4446953128046012,0.22930167205868002
1,none,0,0,-4.972142961215973,0.02924179863050933,0.010463991042771958,0.0,-4.948509927820423,0.023633033395550562
1,f1_strong_t1,100000000,1,-4.8215409191131595,0.030622967290350765,0.16106603314558576,0.18318119104721087,-4.771777085422592,0.049763833690567694
1,f2_strong_t2,10000000,1,-4.17666516532898,0.0303428596685919,0.8059417869297656,0.8047189562170504,-4.125575819578504,0.05108934575047552
1,f3_dup_a,1000000,1,-4.684229212665558,0.027720044601576094,0.29837773959318703,0.32549318486783363,-4.6379502941060675,0.046278918559490734
1,f4_dup_b,100000,1,-4.686528473949433,0.027520380598311866,0.29607847830931266,0.32549318486783363,-4.636306122346894,0.05022235160253885
1,f5_null,10000,1,-4.9803775024414065,0.029563315470360813,0.0022294498173387467,0.0,-4.948509927820423,0.031867574620983774
1,f6_suppressor,1000,1,-4.997061298084259,0.030144277756517603,-0.014454345825513748,0.0,-4.948509927820423,0.04855137026383627
1,f7_weak,100,1,-4.839750143146515,0.02968407599069451,0.14285680911223064,0.15374234987398028,-4.804330904157414,0.0354192389891006
1,f8_bigcoef,10,1,-4.652508219337463,0.02938064792157618,0.33009873292128233,0.3465735902799726,-4.612382318277969,0.04012590105949432
1,noise_0,1,1,-4.9790425828933715,0.029525543351849596,0.003564369365373743,0.0,-4.948509927820423,0.030532655072948778
1,f1_strong_t1|f2_strong_t2,110000000,2,-4.021147467899323,0.031573413558020486,0.9614594843594224,0.9879001472642611,-3.948842977180674,0.07230449071864875
1,f1_strong_t1|f3_dup_a,101000000,2,-4.522650101089478,0.028809854813515536,0.45995685116926754,0.5086743759150446,-4.4612174517082375,0.06143264938124027
1,f1_strong_t1|f4_dup_b,100100000,2,-4.528349795627594,0.02867702482854057,0.45425715663115085,0.5086743759150446,-4.459573279949064,0.06877651567853071
1,f1_strong_t1|f5_null,100010000,2,-4.83506526145935,0.031309844680014645,0.14754169079939494,0.18318119104721087,-4.771777085422592,0.06328817603675851
1,f1_strong_t1|f6_suppressor,100001000,2,-3.1656990840911865,0.033082742749499766,1.8169078681675588,1.9669985459645072,-3.009229956626878,0.1564691274643084
1,f1_strong_t1|f7_weak,100000100,2,-4.688085726451874,0.03095156975156187,0.29452122580687146,0.33692354092119114,-4.627598061759583,0.06048766469229072
1,f1_strong_t1|f8_bigcoef,100000010,2,-4.497896110057831,0.030370739802478498,0.4847108422009141,0.5297547813271836,-4.435649475880138,0.062246634177693494
1,f1_strong_t1|noise_0,100000001,2,-4.835839505958557,0.03137296003656765,0.14676744630018845,0.18318119104721087,-4.771777085422592,0.064062420535965
1,f2_strong_t2|f3_dup_a,11000000,2,-3.8840356149673463,0.028714392400929968,1.098571337291399,1.130212141084884,-3.8150161858641485,0.0690194291031978
1,f2_strong_t2|f4_dup_b,10100000,2,-3.88678938703537,0.028089269858370722,1.0958175652233755,1.130212141084884,-3.813372014104975,0.07341737293039463
1,f2_strong_t2|f5_null,10010000,2,-4.187072359752655,0.030808237018042254,0.7955345925060904,0.8047189562170504,-4.125575819578504,0.06149654017415074
1,f2_strong_t2|f6_suppressor,10001000,2,-4.189352192020416,0.030938971706818585,0.7932547602383293,0.8047189562170504,-4.125575819578504,0.06377637244191181
1,f2_strong_t2|f7_weak,10000100,2,-4.046820127868652,0.030542177122091414,0.9357868243900933,0.9584613060910306,-3.981396795915495,0.06542333195315697
1,f2_strong_t2|f8_bigcoef,10000010,2,-3.8576367929458617,0.03037104513968108,1.1249701593128836,1.151292546497023,-3.7894482100360496,0.06818858290981211
1,f2_strong_t2|noise_0,10000001,2,-4.181688378238678,0.030378212845674844,0.8009185740200673,0.8047189562170504,-4.125575819578504,0.05611255866017384
1,f3_dup_a|f4_dup_b,1100000,2,-4.675809873867035,0.02936721696990322,0.30679707839171044,0.3356904520389953,-4.6273228499969425,0.048487023870092294
1,f3_dup_a|f5_null,1010000,2,-4.689984214115142,0.02802704939259107,0.29262273814360285,0.32549318486783363,-4.6379502941060675,0.05203392000907492
1,f3_dup_a|f6_suppressor,1001000,2,-4.693389390182495,0.02846943728218073,0.28921756207625027,0.32549318486783363,-4.6379502941060675,0.055439096076427496
1,f3_dup_a|f7_weak,1000100,2,-4.548217528438568,0.028054199691332177,0.43438942382017753,0.4792355347418139,-4.493771270443058,0.05444625799550984
1,f3_dup_a|f8_bigcoef,1000010,2,-4.356556456661225,0.027487700201844066,0.6260504955975206,0.6720667751478063,-4.3018226845636125,0.05473377209761221
1,f3_dup_a|noise_0,1000001,2,-4.691880927276611,0.027982555767979325,0.29072602498213396,0.32549318486783363,-4.6379502941060675,0.05393063317054381
1,f4_dup_b|f5_null,110000,2,-4.694623056602478,0.027954231185387517,0.28798389565626703,0.32549318486783363,-4.636306122346894,0.058316934255584485
1,f4_dup_b|f6_suppressor,101000,2,-4.702467383956909,0.028244320022710566,0.28013956830183595,0.32549318486783363,-4.636306122346894,0.06616126161001556
1,f4_dup_b|f7_weak,100100,2,-4.549854627895355,0.027702636720617152,0.4327523243633902,0.4792355347418139,-4.492127098683885,0.05772752921147006
1,f4_dup_b|f8_bigcoef,100010,2,-4.359966233348846,0.027722008413943282,0.6226407189098992,0.6720667751478063,-4.300178512804439,0.059787720544407286
1,f4_dup_b|noise_0,100001,2,-4.693727520561218,0.027832890677405294,0.28887943169752717,0.32549318486783363,-4.636306122346894,0.05742139821432435
1,f5_null|f6_suppressor,11000,2,-5.001522822189331,0.030448413539165994,-0.018915869930586027,0.0,-4.948509927820423,0.05301289436890855
1,f5_null|f7_weak,10100,2,-4.847606157875061,0.029879319233541896,0.13500079438368395,0.15374234987398028,-4.804330904157414,0.04327525371764729
1,f5_null|f8_bigcoef,10010,2,-4.6623823379516605,0.029761942108264258,0.3202246143070848,0.3465735902799726,-4.612382318277969,0.05000001967369183
1,f5_null|noise_0,10001,2,-4.991537993812561,0.030012038071638485,-0.008931041553815966,0.0,-4.948509927820423,0.04302806599213849
1,f6_suppressor|f7_weak,1100,2,-4.861274991130829,0.030726123649659022,0.12133196112791644,0.15374234987398028,-4.804330904157414,0.0569440869734148
1,f6_suppressor|f8_bigcoef,1010,2,-4.672942719745636,0.03023181595124618,0.30966423251310893,0.3465735902799726,-4.612382318277969,0.060560401467667724
1,f6_suppressor|noise_0,1001,2,-5.000726729488373,0.03054762102974752,-0.018119777229627765,0.0,-4.948509927820423,0.052216801667950286
1,f7_weak|f8_bigcoef,110,2,-4.577219962596893,0.03022602653264824,0.40538698966185205,0.42933080951875946,-4.528096470063545,0.049123492533348134
1,f7_weak|noise_0,101,2,-4.842109002113342,0.029763522699421917,0.14049795014540312,0.15374234987398028,-4.804330904157414,0.037778097955928125
1,f8_bigcoef|noise_0,11,2,-4.659057828712464,0.029651399629386403,0.3235491235462815,0.3465735902799726,-4.612382318277969,0.04667551043449514
1,f1_strong_t1|f2_strong_t2|f3_dup_a,111000000,3,-3.7200431171417234,0.02988772063718105,1.2625638351170219,1.3133933321320947,-3.6382833434663175,0.08175977367540588
1,f1_strong_t1|f2_strong_t2|f4_dup_b,110100000,3,-3.7213446299552917,0.029321061339027166,1.2612623223034536,1.3133933321320947,-3.6366391717071442,0.08470545824814746
1,f1_strong_t1|f2_strong_t2|f5_null,110010000,3,-4.03215653142929,0.032126623402705896,0.9504504208294549,0.9879001472642611,-3.948842977180674,0.0833135542486163
1,f1_strong_t1|f2_strong_t2|f6_suppressor,110001000,3,-2.3669403120040893,0.034278566614521735,2.615666640254656,2.7717175021815574,-2.1862958483849595,0.18064446361912978
1,f1_strong_t1|f2_strong_t2|f7_weak,110000100,3,-3.8943268232345583,0.031805043877016555,1.088280129024187,1.1416424971382413,-3.804663953517664,0.08966286971689419
1,f1_strong_t1|f2_strong_t2|f8_bigcoef,110000010,3,-3.698643169593811,0.03123920824312276,1.2839637826649342,1.3344737375442337,-3.6127153676382178,0.08592780195559335
1,f1_strong_t1|f2_strong_t2|noise_0,110000001,3,-4.026233048534393,0.031722963676563486,0.9563739037243524,0.9879001472642611,-3.948842977180674,0.07739007135371878
1,f1_strong_t1|f3_dup_a|f4_dup_b,101100000,3,-4.516279045677185,0.030406792948100985,0.46632790658156065,0.5188716430862063,-4.45059000759911,0.0656890380780748
1,f1_strong_t1|f3_dup_a|f5_null,101010000,3,-4.52840613899231,0.029217728733547634,0.4542008132664357,0.5086743759150446,-4.4612174517082375,0.06718868728407212
1,f1_strong_t1|f3_dup_a|f6_suppressor,101001000,3,-2.857444987487793,0.030980971355543972,2.1251619647709523,2.292491730832341,-2.6986703229125224,0.15877466457527056
1,f1_strong_t1|f3_dup_a|f7_weak,101000100,3,-4.387577370643616,0.029142378041733877,0.5950295816151296,0.6624167257890249,-4.317038428045227,0.07053894259838867
1,f1_strong_t1|f3_dup_a|f8_bigcoef,101000010,3,-4.192867978668213,0.02818095011651373,0.7897389735905325,0.8552479661950173,-4.125089842165781,0.06777813650243214
1,f1_strong_t1|f3_dup_a|noise_0,101000001,3,-4.537701606559754,0.02948037276443809,0.44490534569899154,0.5086743759150446,-4.4612174517082375,0.07648415485151627
1,f1_strong_t1|f4_dup_b|f5_null,100110000,3,-4.533094852828979,0.029151357123889863,0.4495120994297661,0.5086743759150446,-4.459573279949064,0.07352157287991545
1,f1_strong_t1|f4_dup_b|f6_suppressor,100101000,3,-2.8696110716819763,0.030995695806308312,2.112995880576769,2.292491730832341,-2.697026151153349,0.17258492052862717
1,f1_strong_t1|f4_dup_b|f7_weak,100100100,3,-4.391216212558747,0.02886645357980458,0.5913907396999987,0.6624167257890249,-4.315394256286054,0.0758219562726925
1,f1_strong_t1|f4_dup_b|f8_bigcoef,100100010,3,-4.197375198459625,0.02839797311637698,0.7852317537991205,0.8552479661950173,-4.123445670406608,0.073929528053017
1,f1_strong_t1|f4_dup_b|noise_0,100100001,3,-4.542165631484985,0.02945392184243494,0.4404413207737603,0.5086743759150446,-4.459573279949064,0.08259235153592126
1,f1_strong_t1|f5_null|f6_suppressor,100011000,3,-3.1977259818077086,0.034011921201950436,1.7848809704510367,1.9669985459645072,-3.009229956626878,0.18849602518083053
1,f1_strong_t1|f5_null|f7_weak,100010100,3,-4.700213212776184,0.031476783989812344,0.2823937394825613,0.33692354092119114,-4.627598061759583,0.07261515101660088
1,f1_strong_t1|f5_null|f8_bigcoef,100010010,3,-4.508735636997223,0.03090296131776355,0.4738713152615226,0.5297547813271836,-4.435649475880138,0.07308616111708499
1,f1_strong_t1|f5_null|noise_0,100010001,3,-4.852239239025116,0.032097429278861125,0.13036771323362917,0.18318119104721087,-4.771777085422592,0.08046215360252429
1,f1_strong_t1|f6_suppressor|f7_weak,100001100,3,-3.027579210472107,0.03326081512949679,1.9550277417866382,2.1207408958384875,-2.865050932963869,0.16252827750823817
1,f1_strong_t1|f6_suppressor|f8_bigcoef,100001010,3,-2.8368614658355713,0.03314035328763779,2.145745486423174,2.3135721362444794,-2.6731023470844235,0.1637591187511478
1,f1_strong_t1|f6_suppressor|noise_0,100001001,3,-3.1713482608795167,0.0342664629697862,1.8112586913792286,1.9669985459645072,-3.009229956626878,0.16211830425263862
1,f1_strong_t1|f7_weak|f8_bigcoef,100000110,3,-4.423796907711029,0.03126986203005993,0.558810044547716,0.6125120005659704,-4.351363627665714,0.07243328004531513
1,f1_strong_t1|f7_weak|noise_0,100000101,3,-4.696438587379456,0.031482722862531294,0.2861683648792894,0.33692354092119114,-4.627598061759583,0.06884052561987275
1,f1_strong_t1|f8_bigcoef|noise_0,100000011,3,-4.504792399215698,0.030650537521996788,0.4778145530430473,0.5297547813271836,-4.435649475880138,0.06914292333556027
1,f2_strong_t2|f3_dup_a|f4_dup_b,11100000,3,-3.878002408027649,0.02995027330381017,1.1046045442310963,1.1404094082560454,-3.8043887417550226,0.07361366627262633
1,f2_strong_t2|f3_dup_a|f5_null,11010000,3,-3.8923714253425596,0.029194496249520065,1.0902355269161856,1.130212141084884,-3.8150161858641485,0.07735523947841116
1,f2_strong_t2|f3_dup_a|f6_suppressor,11001000,3,-3.885933539772034,0.02924057682079292,1.0966734124867115,1.130212141084884,-3.8150161858641485,0.07091735390788534
1,f2_strong_t2|f3_dup_a|f7_weak,11000100,3,-3.7525803473472594,0.028949254416305917,1.2300266049114859,1.2839544909588643,-3.6708371622011393,0.08174318514612011
1,f2_strong_t2|f3_dup_a|f8_bigcoef,11000010,3,-3.563680440616608,0.02854441936363742,1.4189265116421375,1.4767857313648562,-3.478888576321694,0.08479186429491392
1,f2_strong_t2|f3_dup_a|noise_0,11000001,3,-3.89435679807663,0.02880895896445652,1.0882501541821155,1.130212141084884,-3.8150161858641485,0.07934061221248134
1,f2_strong_t2|f4_dup_b|f5_null,10110000,3,-3.896677132987976,0.02869114021620338,1.0859298192707691,1.130212141084884,-3.813372014104975,0.08330511888300096
1,f2_strong_t2|f4_dup_b|f6_suppressor,10101000,3,-3.893585690307617,0.02864209062283515,1.0890212619511281,1.130212141084884,-3.813372014104975,0.08021367620264197
1,f2_strong_t2|f4_dup_b|f7_weak,10100100,3,-3.751564042472839,0.02826252635441318,1.2310429097859061,1.2839544909588643,-3.669192990441967,0.08237105203087225
1,f2_strong_t2|f4_dup_b|f8_bigcoef,10100010,3,-3.561323686981201,0.02829310638989876,1.4212832652775442,1.4767857313648562,-3.4772444045625206,0.08407928241868046
1,f2_strong_t2|f4_dup_b|noise_0,10100001,3,-3.895262661743164,0.028275609764602833,1.0873442905155812,1.130212141084884,-3.813372014104975,0.08189064763818887
1,f2_strong_t2|f5_null|f6_suppressor,10011000,3,-4.195702170467377,0.03139412412138446,0.7869047817913684,0.8047189562170504,-4.125575819578504,0.07012635088887276
1,f2_strong_t2|f5_null|f7_weak,10010100,3,-4.055060538864136,0.03086337326831675,0.9275464133946096,0.9584613060910306,-3.981396795915495,0.07366374294864064
1,f2_strong_t2|f5_null|f8_bigcoef,10010010,3,-3.8695072176933287,0.030762100336825412,1.1130997345654166,1.151292546497023,-3.7894482100360496,0.08005900765727914
1,f2_strong_t2|f5_null|noise_0,10010001,3,-4.190985821723938,0.030830277833406465,0.7916211305348071,0.8047189562170504,-4.125575819578504,0.06541000214543402
1,f2_strong_t2|f6_suppressor|f7_weak,10001100,3,-4.060001355075836,0.031385121465107475,0.9226055971829092,0.9584613060910306,-3.981396795915495,0.07860455916034104
1,f2_strong_t2|f6_suppressor|f8_bigcoef,10001010,3,-3.870978304004669,0.03106557997153276,1.1116286482540763,1.151292546497023,-3.7894482100360496,0.08153009396861943
1,f2_strong_t2|f6_suppressor|noise_0,10001001,3,-4.193292179775238,0.0310514300512334,0.7893147724835075,0.8047189562170504,-4.125575819578504,0.06771636019673366
1,f2_strong_t2|f7_weak|f8_bigcoef,10000110,3,-3.7867880767822264,0.031192710819041757,1.1958188754765189,1.2340497657358096,-3.705162361821627,0.08162571496059945
1,f2_strong_t2|f7_weak|noise_0,10000101,3,-4.04526491098404,0.0305085361418373,0.9373420412747056,0.9584613060910306,-3.981396795915495,0.06386811506854473
1,f2_strong_t2|f8_bigcoef|noise_0,10000011,3,-3.8629171367645263,0.030483576954874168,1.119689815494219,1.151292546497023,-3.7894482100360496,0.07346892672847671
1,f3_dup_a|f4_dup_b|f5_null,1110000,3,-4.681488164615631,0.02971483979628195,0.30111878764311406,0.3356904520389953,-4.6273228499969425,0.054165314618688676
1,f3_dup_a|f4_dup_b|f6_suppressor,1101000,3,-4.6903454911232,0.030117938689021205,0.29226146113554563,0.3356904520389953,-4.6273228499969425,0.0630226411262571
1,f3_dup_a|f4_dup_b|f7_weak,1100100,3,-4.54021879196167,0.029598687529881085,0.4423881602970754,0.48943280191297556,-4.483143826333933,0.05707496562773695
1,f3_dup_a|f4_dup_b|f8_bigcoef,1100010,3,-4.3469798353195195,0.02937778327681901,0.6356271169392258,0.682264042318968,-4.291195240454487,0.055784594865032844
1,f3_dup_a|f4_dup_b|noise_0,1100001,3,-4.682660069084167,0.029692067523857512,0.2999468831745782,0.3356904520389953,-4.6273228499969425,0.055337219087224554
1,f3_dup_a|f5_null|f6_suppressor,1011000,3,-4.6971657766342165,0.028720222226221885,0.28544117562452875,0.32549318486783363,-4.6379502941060675,0.05921548252814901
1,f3_dup_a|f5_null|f7_weak,1010100,3,-4.555749899673462,0.02828300579807406,0.4268570525852837,0.4792355347418139,-4.493771270443058,0.06197862923040365
1,f3_dup_a|f5_null|f8_bigcoef,1010010,3,-4.364514156627655,0.027787411806252618,0.6180927956310907,0.6720667751478063,-4.3018226845636125,0.06269147206404213
1,f3_dup_a|f5_null|noise_0,1010001,3,-4.699802319335937,0.028440231406851733,0.282804632922808,0.32549318486783363,-4.6379502941060675,0.06185202522986977
1,f3_dup_a|f6_suppressor|f7_weak,1001100,3,-4.555612062835693,0.02894127675335486,0.4269948894230522,0.4792355347418139,-4.493771270443058,0.06184079239263518
1,f3_dup_a|f6_suppressor|f8_bigcoef,1001010,3,-4.366642943191528,0.02826190671630641,0.6159640090672172,0.6720667751478063,-4.3018226845636125,0.06482025862791563
1,f3_dup_a|f6_suppressor|noise_0,1001001,3,-4.701187090682984,0.028900293862820465,0.2814198615757615,0.32549318486783363,-4.6379502941060675,0.06323679657691628
1,f3_dup_a|f7_weak|f8_bigcoef,1000110,3,-4.279115275669098,0.028463190586292552,0.7034916765896471,0.7548239943865932,-4.21753683634919,0.06157843931990836
1,f3_dup_a|f7_weak|noise_0,1000101,3,-4.554448241615296,0.028165967359910737,0.4281587106434497,0.4792355347418139,-4.493771270443058,0.06067697117223769
1,f3_dup_a|f8_bigcoef|noise_0,1000011,3,-4.363781251430511,0.02774541297110525,0.6188257008282338,0.6720667751478063,-4.3018226845636125,0.061958566866898934
1,f4_dup_b|f5_null|f6_suppressor,111000,3,-4.708244427680969,0.028597925665720877,0.2743625245777759,0.32549318486783363,-4.636306122346894,0.07193830533407564
1,f4_dup_b|f5_null|f7_weak,110100,3,-4.56014559841156,0.02814404969129932,0.42246135384718553,0.4792355347418139,-4.492127098683885,0.06801849972767471
1,f4_dup_b|f5_null|f8_bigcoef,110010,3,-4.3702136155128475,0.02807500459095069,0.6123933367458978,0.6720667751478063,-4.300178512804439,0.07003510270840874
1,f4_dup_b|f5_null|noise_0,110001,3,-4.702826081752777,0.028376226624483927,0.27978087050596834,0.32549318486783363,-4.636306122346894,0.06651995940588318
1,f4_dup_b|f6_suppressor|f7_weak,101100,3,-4.561907298469543,0.02867163776029924,0.42069965378920227,0.4792355347418139,-4.492127098683885,0.06978019978565797
1,f4_dup_b|f6_suppressor|f8_bigcoef,101010,3,-4.367322324466706,0.02840688697388706,0.6152846277920396,0.6720667751478063,-4.300178512804439,0.0671438116622669
1,f4_dup_b|f6_suppressor|noise_0,101001,3,-4.710734150123596,0.02881325302813281,0.2718728021351495,0.32549318486783363,-4.636306122346894,0.07442802777670199
1,f4_dup_b|f7_weak|f8_bigcoef,100110,3,-4.280578792095184,0.028507341512763986,0.702028160163561,0.7548239943865932,-4.215892664590016,0.06468612750516822
1,f4_dup_b|f7_weak|noise_0,100101,3,-4.5551103764534,0.027997623185888842,0.4274965758053453,0.4792355347418139,-4.492127098683885,0.06298327776951496
1,f4_dup_b|f8_bigcoef|noise_0,100011,3,-4.368340802669525,0.028051916018061705,0.6142661495892199,0.6720667751478063,-4.300178512804439,0.06816228986508666
1,f5_null|f6_suppressor|f7_weak,11100,3,-4.868497270774841,0.030914511386335938,0.11410968148390399,0.15374234987398028,-4.804330904157414,0.06416636661742725
1,f5_null|f6_suppressor|f8_bigcoef,11010,3,-4.6818982283592225,0.030592469656161785,0.30070872389952275,0.3465735902799726,-4.612382318277969,0.0695159100812539
1,f5_null|f6_suppressor|noise_0,11001,3,-5.0108958159446715,0.030999620670794547,-0.028288863685926202,0.0,-4.948509927820423,0.06238588812424872
1,f5_null|f7_weak|f8_bigcoef,10110,3,-4.583592706775665,0.030474334752916176,0.3990142454830803,0.42933080951875946,-4.528096470063545,0.055496236712119895
1,f5_null|f7_weak|noise_0,10101,3,-4.855285086727142,0.03024735205707453,0.12732186553160307,0.15374234987398028,-4.804330904157414,0.05095418256972817
1,f5_null|f8_bigcoef|noise_0,10011,3,-4.67169279127121,0.03009269149617779,0.31091416098753566,0.3465735902799726,-4.612382318277969,0.05931047299324099
1,f6_suppressor|f7_weak|f8_bigcoef,1110,3,-4.594118741226196,0.031187504775912606,0.3884882110325494,0.42933080951875946,-4.528096470063545,0.0660222711626508
1,f6_suppressor|f7_weak|noise_0,1101,3,-4.8631970038414005,0.03087854958748073,0.11940994841734476,0.15374234987398028,-4.804330904157414,0.058866099683986484
1,f6_suppressor|f8_bigcoef|noise_0,1011,3,-4.67562610912323,0.030511121824040727,0.30698084313551544,0.3465735902799726,-4.612382318277969,0.06324379084526122
1,f7_weak|f8_bigcoef|noise_0,111,3,-4.580474538516999,0.03044538088327425,0.4021324137417466,0.42933080951875946,-4.528096470063545,0.05237806845345361
1,f1_strong_t1|f2_strong_t2|f3_dup_a|f4_dup_b,111100000,4,-3.7153835089683533,0.031221467582541188,1.267223443290392,1.3235905993032566,-3.6276558993571917,0.08772760961116166
1,f1_strong_t1|f2_strong_t2|f3_dup_a|f5_null,111010000,4,-3.7289217339515686,0.030385487421905125,1.2536852183071767,1.3133933321320947,-3.6382833434663175,0.09063839048525102
1,f1_strong_t1|f2_strong_t2|f3_dup_a|f6_suppressor,111001000,4,-2.0664009342193603,0.032439448514888405,2.916206018039385,3.097210687049391,-1.875736214670604,0.1906647195487563
1,f1_strong_t1|f2_strong_t2|f3_dup_a|f7_weak,111000100,4,-3.5919110455513,0.03010673551311294,1.3906959067074451,1.467135682006075,-3.4941043198033093,0.09780672574799087
1,f1_strong_t1|f2_strong_t2|f3_dup_a|f8_bigcoef,111000010,4,-3.3976013941764833,0.029309072685777468,1.585005558082262,1.6599669224120674,-3.302155733923863,0.09544566025262036
1,f1_strong_t1|f2_strong_t2|f3_dup_a|noise_0,111000001,4,-3.729761760520935,0.030076172269819755,1.2528451917378103,1.3133933321320947,-3.6382833434663175,0.09147841705461746
1,f1_strong_t1|f2_strong_t2|f4_dup_b|f5_null,110110000,4,-3.7293771941185,0.029933486436329416,1.2532297581402454,1.3133933321320947,-3.6366391717071442,0.09273802241135565
1,f1_strong_t1|f2_strong_t2|f4_dup_b|f6_suppressor,110101000,4,-2.0836378534317017,0.031971987546185916,2.8989690988270436,3.097210687049391,-1.8740920429114303,0.20954581052027144
1,f1_strong_t1|f2_strong_t2|f4_dup_b|f7_weak,110100100,4,-3.5892253818511963,0.029533380723194256,1.393381570407549,1.467135682006075,-3.492460148044135,0.09676523380706126
1,f1_strong_t1|f2_strong_t2|f4_dup_b|f8_bigcoef,110100010,4,-3.3973159406661986,0.02915353112129199,1.5852910115925467,1.6599669224120674,-3.3005115621646897,0.09680437850150891
1,f1_strong_t1|f2_strong_t2|f4_dup_b|noise_0,110100001,4,-3.729590988063812,0.029575181295358962,1.2530159641949332,1.3133933321320947,-3.6366391717071442,0.09295181635666783
1,f1_strong_t1|f2_strong_t2|f5_null|f6_suppressor,110011000,4,-2.3972574900627137,0.03512590756440506,2.5853494621960316,2.7717175021815574,-2.1862958483849595,0.21096164167775422
1,f1_strong_t1|f2_strong_t2|f5_null|f7_weak,110010100,4,-3.9019043870925905,0.03214472392275343,1.0807025651661548,1.1416424971382413,-3.804663953517664,0.0972404335749264
1,f1_strong_t1|f2_strong_t2|f5_null|f8_bigcoef,110010010,4,-3.707844009780884,0.031707065647781495,1.2747629424778615,1.3344737375442337,-3.6127153676382178,0.09512864214266603
1,f1_strong_t1|f2_strong_t2|f5_null|noise_0,110010001,4,-4.038537629318237,0.03231334326069315,0.9440693229405079,0.9879001472642611,-3.948842977180674,0.08969465213756322
1,f1_strong_t1|f2_strong_t2|f6_suppressor|f7_weak,110001100,4,-2.237566369056702,0.03461839964240739,2.7450405832020435,2.9254598520555377,-2.0421168247219508,0.19544954433475104
1,f1_strong_t1|f2_strong_t2|f6_suppressor|f8_bigcoef,110001010,4,-2.0421016730308534,0.03451685357035573,2.940505279227892,3.11829109246153,-1.8501682388425047,0.19193343418834874
1,f1_strong_t1|f2_strong_t2|f6_suppressor|noise_0,110001001,4,-2.369850593662262,0.03481722005493414,2.6127563585964833,2.7717175021815574,-2.1862958483849595,0.18355474527730253
1,f1_strong_t1|f2_strong_t2|f7_weak|f8_bigcoef,110000110,4,-3.6315081475257873,0.032136619980708464,1.351098804732958,1.4172309567830204,-3.528429519423795,0.1030786281019922
1,f1_strong_t1|f2_strong_t2|f7_weak|noise_0,110000101,4,-3.8948225108146666,0.03186960346907185,1.0877844414440787,1.1416424971382413,-3.804663953517664,0.0901585572970025
1,f1_strong_t1|f2_strong_t2|f8_bigcoef|noise_0,110000011,4,-3.7032089635849,0.03132677654213731,1.2793979886738454,1.3344737375442337,-3.6127153676382178,0.09049359594668216
1,f1_strong_t1|f3_dup_a|f4_dup_b|f5_null,101110000,4,-4.523257149791718,0.030789394341416445,0.4593498024670275,0.5188716430862063,-4.450590007599112,0.07266714219260617
1,f1_strong_t1|f3_dup_a|f4_dup_b|f6_suppressor,101101000,4,-2.858179749107361,0.03256243127547862,2.1244272031513844,2.302688998003503,-2.688042878803397,0.17013687030396385
1,f1_strong_t1|f3_dup_a|f4_dup_b|f7_weak,101100100,4,-4.38288759727478,0.03074830166870969,0.5997193549839652,0.6726139929601865,-4.306410983936101,0.07647661333867894
1,f1_strong_t1|f3_dup_a|f4_dup_b|f8_bigcoef,101100010,4,-4.184602988147736,0.030015865921653367,0.7980039641110093,0.8654452333661787,-4.114462398056656,0.07014059009108031
1,f1_strong_t1|f3_dup_a|f4_dup_b|noise_0,101100001,4,-4.529225457763672,0.031001939823770707,0.4533814944950736,0.5188716430862063,-4.45059000759911,0.07863545016456186
1,f1_strong_t1|f3_dup_a|f5_null|f6_suppressor,101011000,4,-2.8791037205696104,0.03176630501309393,2.103503231689135,2.292491730832341,-2.6986703229125224,0.180433397657088
1,f1_strong_t1|f3_dup_a|f5_null|f7_weak,101010100,4,-4.39632622127533,0.029544181205867468,0.5862807309834155,0.6624167257890249,-4.317038428045227,0.07928779323010282
1,f1_strong_t1|f3_dup_a|f5_null|f8_bigcoef,101010010,4,-4.198740690422058,0.028533861203903003,0.7838662618366872,0.8552479661950173,-4.125089842165781,0.07365084825627743
1,f1_strong_t1|f3_dup_a|f5_null|noise_0,101010001,4,-4.545378842449188,0.029917736651628002,0.4372281098095572,0.5086743759150446,-4.4612174517082375,0.08416139074095064
1,f1_strong_t1|f3_dup_a|f6_suppressor|f7_weak,101001100,4,-2.741404109954834,0.031285318101002116,2.2412028423039114,2.446234080706321,-2.5544912992495132,0.18691281070532062
1,f1_strong_t1|f3_dup_a|f6_suppressor|f8_bigcoef,101001010,4,-2.530763898563385,0.030936411991340926,2.4518430536953604,2.639065321112313,-2.362542713370068,0.16822118519331708
1,f1_strong_t1|f3_dup_a|f6_suppressor|noise_0,101001001,4,-2.8735821506500243,0.03211579303470129,2.109024801608721,2.292491730832341,-2.6986703229125224,0.1749118277375019
1,f1_strong_t1|f3_dup_a|f7_weak|f8_bigcoef,101000110,4,-4.1183368765831,0.02925870074640255,0.8642700756756456,0.938005185433804,-4.040803993951359,0.07753288263174074
1,f1_strong_t1|f3_dup_a|f7_weak|noise_0,101000101,4,-4.400266746234894,0.029650715010944316,0.5823402060238516,0.6624167257890249,-4.317038428045227,0.0832283181896667
1,f1_strong_t1|f3_dup_a|f8_bigcoef|noise_0,101000011,4,-4.204269691371918,0.02860547456873214,0.7783372608868273,0.8552479661950173,-4.125089842165781,0.0791798492061373
1,f1_strong_t1|f4_dup_b|f5_null|f6_suppressor,100111000,4,-2.8984883329391478,0.031606753009380525,2.0841186193195975,2.292491730832341,-2.697026151153349,0.20146218178579867
1,f1_strong_t1|f4_dup_b|f5_null|f7_weak,100110100,4,-4.401573624038696,0.02933171652371287,0.581033328220049,0.6624167257890249,-4.315394256286054,0.08617936775264212
1,f1_strong_t1|f4_dup_b|f5_null|f8_bigcoef,100110010,4,-4.2058413493156435,0.02880721795540151,0.7767656029431018,0.8552479661950173,-4.123445670406608,0.08239567890903565
1,f1_strong_t1|f4_dup_b|f5_null|noise_0,100110001,4,-4.550834342384339,0.029913095154317948,0.4317726098744066,0.5086743759150446,-4.459573279949064,0.09126106243527499
1,f1_strong_t1|f4_dup_b|f6_suppressor|f7_weak,100101100,4,-2.7313740745544433,0.03138077875823251,2.251232877704302,2.446234080706321,-2.55284712749034,0.17852694706410333
1,f1_strong_t1|f4_dup_b|f6_suppressor|f8_bigcoef,100101010,4,-2.5370997643470763,0.031061640586318776,2.445507187911669,2.639065321112313,-2.3608985416108945,0.17620122273618177
1,f1_strong_t1|f4_dup_b|f6_suppressor|noise_0,100101001,4,-2.8671048100471497,0.03219824149522977,2.1155021422115956,2.292491730832341,-2.697026151153349,0.17007865889380058
1,f1_strong_t1|f4_dup_b|f7_weak|f8_bigcoef,100100110,4,-4.123046474647522,0.02940028281696401,0.8595604776112236,0.938005185433804,-4.039159822192186,0.08388665245533566
1,f1_strong_t1|f4_dup_b|f7_weak|noise_0,100100101,4,-4.4030829159736635,0.029631587484442418,0.5795240362850818,0.6624167257890249,-4.315394256286054,0.08768865968760942
1,f1_strong_t1|f4_dup_b|f8_bigcoef|noise_0,100100011,4,-4.20788039150238,0.028893079477169792,0.7747265607563651,0.8552479661950173,-4.123445670406608,0.08443472109577232
1,f1_strong_t1|f5_null|f6_suppressor|f7_weak,100011100,4,-3.0542392842292787,0.03420974001231305,1.9283676680294666,2.1207408958384875,-2.865050932963869,0.18918835126540978
1,f1_strong_t1|f5_null|f6_suppressor|f8_bigcoef,100011010,4,-2.8705421162605287,0.03416824024948038,2.1120648359982166,2.3135721362444794,-2.6731023470844235,0.19743976917610517
1,f1_strong_t1|f5_null|f6_suppressor|noise_0,100011001,4,-3.1907906218528748,0.03495947734591832,1.7918163304058705,1.9669985459645072,-3.009229956626878,0.18156066522599668
1,f1_strong_t1|f5_null|f7_weak|f8_bigcoef,100010110,4,-4.435507775878906,0.031749783115958004,0.547099176379839,0.6125120005659704,-4.351363627665714,0.08414414821319216
1,f1_strong_t1|f5_null|f7_weak|noise_0,100010101,4,-4.713452418422699,0.03217932382050127,0.26915453383604593,0.33692354092119114,-4.627598061759583,0.08585435666311625
1,f1_strong_t1|f5_null|f8_bigcoef|noise_0,100010011,4,-4.519931829166413,0.03134544192987908,0.4626751230923327,0.5297547813271836,-4.435649475880138,0.08428235328627487
1,f1_strong_t1|f6_suppressor|f7_weak|f8_bigcoef,100001110,4,-2.773669909667969,0.03401969065896902,2.2089370425907764,2.3963293554832665,-2.588816498870001,0.18485341079796802
1,f1_strong_t1|f6_suppressor|f7_weak|noise_0,100001101,4,-3.0336650404930117,0.03400739461332897,1.9489419117657336,2.1207408958384875,-2.865050932963869,0.16861410752914274
1,f1_strong_t1|f6_suppressor|f8_bigcoef|noise_0,100001011,4,-2.844139902687073,0.03379160433484162,2.1384670495716724,2.3135721362444794,-2.6731023470844235,0.17103755560264933
1,f1_strong_t1|f7_weak|f8_bigcoef|noise_0,100000111,4,-4.429580692768097,0.03152548079698955,0.5530262594906485,0.6125120005659704,-4.351363627665714,0.07821706510238258
1,f2_strong_t2|f3_dup_a|f4_dup_b|f5_null,11110000,4,-3.8850481483459474,0.03056563195063795,1.097558803912798,1.1404094082560454,-3.8043887417550226,0.08065940659092474
1,f2_strong_t2|f3_dup_a|f4_dup_b|f6_suppressor,11101000,4,-3.8832795389175416,0.030575781877286854,1.0993274133412037,1.1404094082560454,-3.8043887417550226,0.07889079716251901
1,f2_strong_t2|f3_dup_a|f4_dup_b|f7_weak,11100100,4,-3.745036866760254,0.03021481436710106,1.2375700854984912,1.2941517581300257,-3.660209718092013,0.08482714866824104
1,f2_strong_t2|f3_dup_a|f4_dup_b|f8_bigcoef,11100010,4,-3.552347258377075,0.030050752076925535,1.4302596938816703,1.4869829985360181,-3.4682611322125676,0.08408612616450739
1,f2_strong_t2|f3_dup_a|f4_dup_b|noise_0,11100001,4,-3.8845158493041994,0.030041935611155552,1.098091102954546,1.1404094082560454,-3.8043887417550226,0.08012710754917673
1,f2_strong_t2|f3_dup_a|f5_null|f6_suppressor,11011000,4,-3.8918021991729734,0.029704464497508985,1.0908047530857718,1.130212141084884,-3.8150161858641485,0.07678601330882495
1,f2_strong_t2|f3_dup_a|f5_null|f7_weak,11010100,4,-3.761623417663574,0.029316029391019155,1.2209835345951712,1.2839544909588643,-3.6708371622011393,0.0907862554624348
1,f2_strong_t2|f3_dup_a|f5_null|f8_bigcoef,11010010,4,-3.573871138763428,0.028914857513249962,1.4087358134953174,1.4767857313648562,-3.478888576321694,0.09498256244173398
1,f2_strong_t2|f3_dup_a|f5_null|noise_0,11010001,4,-3.9022358015060425,0.029314982871005667,1.0803711507527027,1.130212141084884,-3.8150161858641485,0.08721961564189407
1,f2_strong_t2|f3_dup_a|f6_suppressor|f7_weak,11001100,4,-3.7568934390068054,0.029702840668351556,1.22571351325194,1.2839544909588643,-3.6708371622011393,0.08605627680566608
1,f2_strong_t2|f3_dup_a|f6_suppressor|f8_bigcoef,11001010,4,-3.566579119873047,0.029158360228437322,1.4160278323856983,1.4767857313648562,-3.478888576321694,0.08769054355135308
1,f2_strong_t2|f3_dup_a|f6_suppressor|noise_0,11001001,4,-3.8981018790245057,0.029405674262879503,1.0845050732342396,1.130212141084884,-3.8150161858641485,0.08308569316035719
1,f2_strong_t2|f3_dup_a|f7_weak|f8_bigcoef,11000110,4,-3.48995267162323,0.029480853235915698,1.4926542806355152,1.5595429506036433,-3.3946027281072713,0.09534994351595882
1,f2_strong_t2|f3_dup_a|f7_weak|noise_0,11000101,4,-3.757925803852081,0.028908439308176995,1.2246811484066642,1.2839544909588643,-3.6708371622011393,0.08708864165094177
1,f2_strong_t2|f3_dup_a|f8_bigcoef|noise_0,11000011,4,-3.5723019293785097,0.028695228477085367,1.4103050228802356,1.4767857313648562,-3.478888576321694,0.09341335305681575
1,f2_strong_t2|f4_dup_b|f5_null|f6_suppressor,10111000,4,-3.901039031124115,0.029287191721309638,1.08156792113463,1.130212141084884,-3.813372014104975,0.08766701701914004
1,f2_strong_t2|f4_dup_b|f5_null|f7_weak,10110100,4,-3.7626981428146364,0.02873558549820201,1.2199088094441088,1.2839544909588643,-3.669192990441967,0.09350515237266954
1,f2_strong_t2|f4_dup_b|f5_null|f8_bigcoef,10110010,4,-3.574271942138672,0.028841571354769523,1.4083350101200733,1.4767857313648562,-3.4772444045625206,0.09702753757615135
1,f2_strong_t2|f4_dup_b|f5_null|noise_0,10110001,4,-3.9038349873542786,0.028863571677734665,1.0787719649044667,1.130212141084884,-3.813372014104975,0.09046297324930341
1,f2_strong_t2|f4_dup_b|f6_suppressor|f7_weak,10101100,4,-3.7597097686767578,0.029043708623555514,1.2228971835819875,1.2839544909588643,-3.669192990441967,0.09051677823479087
1,f2_strong_t2|f4_dup_b|f6_suppressor|f8_bigcoef,10101010,4,-3.5650636331558228,0.028884121806304234,1.4175433191029225,1.4767857313648562,-3.4772444045625206,0.08781922859330216
1,f2_strong_t2|f4_dup_b|f6_suppressor|noise_0,10101001,4,-3.900751312828064,0.02893295729039902,1.0818556394306813,1.130212141084884,-3.813372014104975,0.0873792987230888
1,f2_strong_t2|f4_dup_b|f7_weak|f8_bigcoef,10100110,4,-3.4867434356689455,0.029236733056888498,1.4958635165897998,1.5595429506036433,-3.392958556348098,0.09378487932084756
1,f2_strong_t2|f4_dup_b|f7_weak|noise_0,10100101,4,-3.7556985984802247,0.028327042222042784,1.2269083537785206,1.2839544909588643,-3.669192990441967,0.0865056080382578
1,f2_strong_t2|f4_dup_b|f8_bigcoef|noise_0,10100011,4,-3.5693539194107053,0.028527559456270692,1.41325303284804,1.4767857313648562,-3.4772444045625206,0.09210951484818475
1,f2_strong_t2|f5_null|f6_suppressor|f7_weak,10011100,4,-4.068213462924957,0.031671473352744825,0.9143934893337882,0.9584613060910306,-3.981396795915495,0.08681666700946211
1,f2_strong_t2|f5_null|f6_suppressor|f8_bigcoef,10011010,4,-3.881007258605957,0.03143396331878604,1.1015996936527883,1.151292546497023,-3.7894482100360496,0.09155904856990738
1,f2_strong_t2|f5_null|f6_suppressor|noise_0,10011001,4,-4.203326635932922,0.031507831249818354,0.7792803163258233,0.8047189562170504,-4.125575819578504,0.07775081635441783
1,f2_strong_t2|f5_null|f7_weak|f8_bigcoef,10010110,4,-3.7951460433006288,0.031475903909992956,1.1874609089581165,1.2340497657358096,-3.705162361821627,0.08998368147900182
1,f2_strong_t2|f5_null|f7_weak|noise_0,10010101,4,-4.055896477222443,0.03091814103507835,0.9267104750363027,0.9584613060910306,-3.981396795915495,0.07449968130694762
1,f2_strong_t2|f5_null|f8_bigcoef|noise_0,10010011,4,-3.8736974500656127,0.030838414482608406,1.1089095021931326,1.151292546497023,-3.7894482100360496,0.08424924002956313
1,f2_strong_t2|f6_suppressor|f7_weak|f8_bigcoef,10001110,4,-3.7972062089920042,0.03198437277597528,1.185400743266741,1.2340497657358096,-3.705162361821627,0.09204384717037728
1,f2_strong_t2|f6_suppressor|f7_weak|noise_0,10001101,4,-4.058482355117798,0.03135934716034331,0.9241245971409473,0.9584613060910306,-3.981396795915495,0.07708555920230298
1,f2_strong_t2|f6_suppressor|f8_bigcoef|noise_0,10001011,4,-3.8754511466026305,0.03114352065481031,1.1071558056561148,1.151292546497023,-3.7894482100360496,0.08600293656658087
1,f2_strong_t2|f7_weak|f8_bigcoef|noise_0,10000111,4,-3.7885925948143004,0.03134189852196529,1.1940143574444448,1.2340497657358096,-3.705162361821627,0.08343023299267349
1,f3_dup_a|f4_dup_b|f5_null|f6_suppressor,1111000,4,-4.690705507278443,0.030404300226746405,0.29190144498030257,0.3356904520389953,-4.6273228499969425,0.06338265728150017
1,f3_dup_a|f4_dup_b|f5_null|f7_weak,1110100,4,-4.547134361457824,0.029913259727699912,0.43547259080092093,0.48943280191297556,-4.483143826333933,0.06399053512389141
1,f3_dup_a|f4_dup_b|f5_null|f8_bigcoef,1110010,4,-4.354645903110504,0.02969062557888367,0.627961049148241,0.682264042318968,-4.291195240454487,0.06345066265601762
1,f3_dup_a|f4_dup_b|f5_null|noise_0,1110001,4,-4.689731441879273,0.03015055942249645,0.29287551037947246,0.3356904520389953,-4.6273228499969425,0.06240859188233028
1,f3_dup_a|f4_dup_b|f6_suppressor|f7_weak,1101100,4,-4.555576337909699,0.030616418664401675,0.42703061434904654,0.48943280191297556,-4.483143826333933,0.0724325115757658
1,f3_dup_a|f4_dup_b|f6_suppressor|f8_bigcoef,1101010,4,-4.356976279735565,0.030146419545095865,0.6256306725231804,0.682264042318968,-4.291195240454487,0.06578103928107826
1,f3_dup_a|f4_dup_b|f6_suppressor|noise_0,1101001,4,-4.69703997631073,0.03064934532914292,0.28556697594801506,0.3356904520389953,-4.6273228499969425,0.06971712631378768
1,f3_dup_a|f4_dup_b|f7_weak|f8_bigcoef,1100110,4,-4.266983953666687,0.030246618752842833,0.7156229985920586,0.7650212615577549,-4.206909392240064,0.06007456142662271
1,f3_dup_a|f4_dup_b|f7_weak|noise_0,1100101,4,-4.542820834350586,0.029758497682331474,0.43978611790815947,0.48943280191297556,-4.483143826333933,0.05967700801665288
1,f3_dup_a|f4_dup_b|f8_bigcoef|noise_0,1100011,4,-4.353834567070007,0.02968012420479092,0.6287723851887383,0.682264042318968,-4.291195240454487,0.0626393266155203
1,f3_dup_a|f5_null|f6_suppressor|f7_weak,1011100,4,-4.563618581962586,0.029107299781638465,0.41898837029615965,0.4792355347418139,-4.493771270443058,0.06984731151952772
1,f3_dup_a|f5_null|f6_suppressor|f8_bigcoef,1011010,4,-4.373044893550873,0.028553793991905607,0.6095620587078727,0.6720667751478063,-4.3018226845636125,0.07122220898726006
1,f3_dup_a|f5_null|f6_suppressor|noise_0,1011001,4,-4.706422979831696,0.02927641136129434,0.2761839724270496,0.32549318486783363,-4.6379502941060675,0.06847268572562815
1,f3_dup_a|f5_null|f7_weak|f8_bigcoef,1010110,4,-4.286104284286499,0.028690398140659382,0.6965026679722461,0.7548239943865932,-4.21753683634919,0.06856744793730929
1,f3_dup_a|f5_null|f7_weak|noise_0,1010101,4,-4.565037680339813,0.028625479300415563,0.4175692719189321,0.4792355347418139,-4.493771270443058,0.07126640989675526
1,f3_dup_a|f5_null|f8_bigcoef|noise_0,1010011,4,-4.373376985168457,0.028123801636626658,0.6092299670902879,0.6720667751478063,-4.3018226845636125,0.07155430060484491
1,f3_dup_a|f6_suppressor|f7_weak|f8_bigcoef,1001110,4,-4.288477335929871,0.02934021882874492,0.6941296163288744,0.7548239943865932,-4.21753683634919,0.07094049958068105
1,f3_dup_a|f6_suppressor|f7_weak|noise_0,1001101,4,-4.563655510902405,0.02920799447749086,0.41895144135634066,0.4792355347418139,-4.493771270443058,0.06988424045934671
1,f3_dup_a|f6_suppressor|f8_bigcoef|noise_0,1001011,4,-4.373325764465332,0.028575505532878943,0.609281187793413,0.6720667751478063,-4.3018226845636125,0.07150307990171978
1,f3_dup_a|f7_weak|f8_bigcoef|noise_0,1000111,4,-4.285265493965149,0.028664242705864363,0.6973414582935966,0.7548239943865932,-4.21753683634919,0.06772865761595881
1,f4_dup_b|f5_null|f6_suppressor|f7_weak,111100,4,-4.570210627651215,0.02889896782105098,0.4123963246075304,0.4792355347418139,-4.492127098683885,0.07808352896732984
1,f4_dup_b|f5_null|f6_suppressor|f8_bigcoef,111010,4,-4.3777374801635744,0.028723080603260134,0.6048694720951708,0.6720667751478063,-4.300178512804439,0.0775589673591357
1,f4_dup_b|f5_null|f6_suppressor|noise_0,111001,4,-4.71677073507309,0.029261132545362417,0.2658362171856554,0.32549318486783363,-4.636306122346894,0.0804646127261961
1,f4_dup_b|f5_null|f7_weak|f8_bigcoef,110110,4,-4.29077423658371,0.02883883006104303,0.6918327156750355,0.7548239943865932,-4.215892664590016,0.07488157199369372
1,f4_dup_b|f5_null|f7_weak|noise_0,110101,4,-4.567875221633911,0.028595504160101218,0.41473173062483415,0.4792355347418139,-4.492127098683885,0.07574812295002609
1,f4_dup_b|f5_null|f8_bigcoef|noise_0,110011,4,-4.380438903808594,0.028489480451457536,0.6021680484501513,0.6720667751478063,-4.300178512804439,0.08026039100415527
1,f4_dup_b|f6_suppressor|f7_weak|f8_bigcoef,101110,4,-4.2863952021598815,0.029399514396729245,0.6962117500988638,0.7548239943865932,-4.215892664590016,0.07050253756986535
1,f4_dup_b|f6_suppressor|f7_weak|noise_0,101101,4,-4.569215999698639,0.029093552301554856,0.41339095256010605,0.4792355347418139,-4.492127098683885,0.07708890101475419
1,f4_dup_b|f6_suppressor|f8_bigcoef|noise_0,101011,4,-4.377872691345215,0.028818178372841032,0.6047342609135304,0.6720667751478063,-4.300178512804439,0.0776941785407761
1,f4_dup_b|f7_weak|f8_bigcoef|noise_0,100111,4,-4.287051922416687,0.02879488680328735,0.6955550298420583,0.7548239943865932,-4.215892664590016,0.07115925782667087
1,f5_null|f6_suppressor|f7_weak|f8_bigcoef,11110,4,-4.603513920783997,0.03145480548071608,0.37909303147474827,0.42933080951875946,-4.528096470063545,0.07541745072045192
1,f5_null|f6_suppressor|f7_weak|noise_0,11101,4,-4.875977604484558,0.03133359935712005,0.10662934777418709,0.15374234987398028,-4.804330904157414,0.07164670032714415
1,f5_null|f6_suppressor|f8_bigcoef|noise_0,11011,4,-4.687438210773468,0.030931062734064492,0.29516874148527705,0.3465735902799726,-4.612382318277969,0.0750558924954996
1,f5_null|f7_weak|f8_bigcoef|noise_0,10111,4,-4.591768564033508,0.03090372753091378,0.3908383882252373,0.42933080951875946,-4.528096470063545,0.06367209396996287
1,f6_suppressor|f7_weak|f8_bigcoef|noise_0,1111,4,-4.596050715446472,0.0314200709897343,0.38655623681227347,0.42933080951875946,-4.528096470063545,0.06795424538292671
1,f1_strong_t1|f2_strong_t2|f3_dup_a|f4_dup_b|f5_null,111110000,5,-3.7221862416267397,0.031762179574858745,1.2604207106320056,1.3235905993032566,-3.6276558993571917,0.09453034226954804
1,f1_strong_t1|f2_strong_t2|f3_dup_a|f4_dup_b|f6_suppressor,111101000,5,-2.0679922825813293,0.0336563437851916,2.914614669677416,3.1074079542205526,-1.8651087705614784,0.2028835120198509
1,f1_strong_t1|f2_strong_t2|f3_dup_a|f4_dup_b|f7_weak,111100100,5,-3.584963872432709,0.03152041988005001,1.3976430798260364,1.477332949177237,-3.4834768756941825,0.10148699673852635
1,f1_strong_t1|f2_strong_t2|f3_dup_a|f4_dup_b|f8_bigcoef,111100010,5,-3.3896869745254516,0.031004856502577626,1.5929199777332936,1.6701641895832289,-3.291528289814737,0.09815868471071454
1,f1_strong_t1|f2_strong_t2|f3_dup_a|f4_dup_b|noise_0,111100001,5,-3.7221415654182435,0.031389400705174396,1.2604653868405018,1.3235905993032566,-3.6276558993571917,0.0944856660610518
1,f1_strong_t1|f2_strong_t2|f3_dup_a|f5_null|f6_suppressor,111011000,5,-2.0824546005249025,0.033298255880476815,2.900152351733843,3.097210687049391,-1.875736214670604,0.20671838585429847
1,f1_strong_t1|f2_strong_t2|f3_dup_a|f5_null|f7_weak,111010100,5,-3.59990381526947,0.030472904010767975,1.3827031369892753,1.467135682006075,-3.4941043198033093,0.10579949546616074
1,f1_strong_t1|f2_strong_t2|f3_dup_a|f5_null|f8_bigcoef,111010010,5,-3.405196345615387,0.02970651195832311,1.5774106066433582,1.6599669224120674,-3.302155733923863,0.10304061169152412
1,f1_strong_t1|f2_strong_t2|f3_dup_a|f5_null|noise_0,111010001,5,-3.7385454732894896,0.030602263717511447,1.2440614789692557,1.3133933321320947,-3.6382833434663175,0.10026212982317206
1,f1_strong_t1|f2_strong_t2|f3_dup_a|f6_suppressor|f7_weak,111001100,5,-1.945679677581787,0.032835395394189136,3.036927274676958,3.2509530369233715,-1.7315571910075949,0.2141224865741922
1,f1_strong_t1|f2_strong_t2|f3_dup_a|f6_suppressor|f8_bigcoef,111001010,5,-1.7361981068611145,0.03225840529899712,3.2464088453976307,3.443784277329364,-1.539608605128149,0.19658950173296552
1,f1_strong_t1|f2_strong_t2|f3_dup_a|f6_suppressor|noise_0,111001001,5,-2.0836583433151246,0.03323220730736751,2.8989486089436207,3.097210687049391,-1.875736214670604,0.20792212864452053
1,f1_strong_t1|f2_strong_t2|f3_dup_a|f7_weak|f8_bigcoef,111000110,5,-3.3272737059593203,0.030305358904308775,1.655333246299425,1.742724141650854,-3.2178698857094394,0.10940382024988082
1,f1_strong_t1|f2_strong_t2|f3_dup_a|f7_weak|noise_0,111000101,5,-3.599336075115204,0.030265606515538904,1.3832708771435414,1.467135682006075,-3.4941043198033093,0.10523175531189466
1,f1_strong_t1|f2_strong_t2|f3_dup_a|f8_bigcoef|noise_0,111000011,5,-3.403944111728668,0.0294177044116228,1.578662840530077,1.6599669224120674,-3.302155733923863,0.10178837780480521
1,f1_strong_t1|f2_strong_t2|f4_dup_b|f5_null|f6_suppressor,110111000,5,-2.100279278087616,0.03269767233986036,2.8823276741711292,3.097210687049391,-1.8740920429114303,0.22618723517618577
1,f1_strong_t1|f2_strong_t2|f4_dup_b|f5_null|f7_weak,110110100,5,-3.5963043848991396,0.029939067525577644,1.3863025673596057,1.467135682006075,-3.492460148044135,0.10384423685500455
1,f1_strong_t1|f2_strong_t2|f4_dup_b|f5_null|f8_bigcoef,110110010,5,-3.4038448245048523,0.02965082910100544,1.578762127753893,1.6599669224120674,-3.3005115621646897,0.1033332623401626
1,f1_strong_t1|f2_strong_t2|f4_dup_b|f5_null|noise_0,110110001,5,-3.739408723640442,0.03017861424031419,1.2431982286183034,1.3133933321320947,-3.6366391717071442,0.10276955193329762
1,f1_strong_t1|f2_strong_t2|f4_dup_b|f6_suppressor|f7_weak,110101100,5,-1.930839879322052,0.032260940110971345,3.051767072936693,3.2509530369233715,-1.7299130192484216,0.20092686007363048
1,f1_strong_t1|f2_strong_t2|f4_dup_b|f6_suppressor|f8_bigcoef,110101010,5,-1.7435504884719848,0.032150232239748874,3.2390564637867607,3.443784277329364,-1.5379644333689753,0.20558605510300954
1,f1_strong_t1|f2_strong_t2|f4_dup_b|f6_suppressor|noise_0,110101001,5,-2.078100627040863,0.03279578967237503,2.9045063252178824,3.097210687049391,-1.8740920429114303,0.20400858412943257
1,f1_strong_t1|f2_strong_t2|f4_dup_b|f7_weak|f8_bigcoef,110100110,5,-3.3267747378349304,0.03020436230944169,1.655832214423815,1.742724141650854,-3.216225713950266,0.11054902388466425
1,f1_strong_t1|f2_strong_t2|f4_dup_b|f7_weak|noise_0,110100101,5,-3.5951586307525636,0.029763298429085757,1.3874483215061817,1.467135682006075,-3.492460148044135,0.10269848270842852
1,f1_strong_t1|f2_strong_t2|f4_dup_b|f8_bigcoef|noise_0,110100011,5,-3.403343810749054,0.029386955835276903,1.5792631415096912,1.6599669224120674,-3.3005115621646897,0.10283224858436446
1,f1_strong_t1|f2_strong_t2|f5_null|f6_suppressor|f7_weak,110011100,5,-2.265220411109924,0.035564630785209904,2.717386541148821,2.9254598520555377,-2.0421168247219508,0.22310358638797334
1,f1_strong_t1|f2_strong_t2|f5_null|f6_suppressor|f8_bigcoef,110011010,5,-2.0677634985923765,0.035339623989897186,2.9148434536663688,3.11829109246153,-1.8501682388425047,0.21759525974987182
1,f1_strong_t1|f2_strong_t2|f5_null|f6_suppressor|noise_0,110011001,5,-2.394541053390503,0.03546752078264768,2.5880658988682423,2.7717175021815574,-2.1862958483849595,0.20824520500554344
1,f1_strong_t1|f2_strong_t2|f5_null|f7_weak|f8_bigcoef,110010110,5,-3.6388872961997984,0.03250277587323776,1.3437196560589468,1.4172309567830204,-3.528429519423795,0.11045777677600332
1,f1_strong_t1|f2_strong_t2|f5_null|f7_weak|noise_0,110010101,5,-3.904129889583588,0.032354446056004876,1.0784770626751574,1.1416424971382413,-3.804663953517664,0.0994659360659238
1,f1_strong_t1|f2_strong_t2|f5_null|f8_bigcoef|noise_0,110010011,5,-3.7136127145767213,0.03175339066991681,1.268994237682024,1.3344737375442337,-3.6127153676382178,0.1008973469385035
1,f1_strong_t1|f2_strong_t2|f6_suppressor|f7_weak|f8_bigcoef,110001110,5,-1.9735527881622315,0.03532886980793093,3.009054164096514,3.201048311700317,-1.765882390628082,0.2076703975341494
1,f1_strong_t1|f2_strong_t2|f6_suppressor|f7_weak|noise_0,110001101,5,-2.239123617267609,0.03480026100584219,2.7434833349911365,2.9254598520555377,-2.0421168247219508,0.197006792545658
1,f1_strong_t1|f2_strong_t2|f6_suppressor|f8_bigcoef|noise_0,110001011,5,-2.0530672423362732,0.03486224027316051,2.929539709922472,3.11829109246153,-1.8501682388425047,0.20289900349376855
1,f1_strong_t1|f2_strong_t2|f7_weak|f8_bigcoef|noise_0,110000111,5,-3.6327816348075865,0.03216803008665958,1.3498253174511587,1.4172309567830204,-3.528429519423795,0.10435211538379141
1,f1_strong_t1|f3_dup_a|f4_dup_b|f5_null|f6_suppressor,101111000,5,-2.8766754228591918,0.03303507731848747,2.1059315293995535,2.302688998003503,-2.688042878803397,0.18863254405579477
1,f1_strong_t1|f3_dup_a|f4_dup_b|f5_null|f7_weak,101110100,5,-4.392904264736176,0.03113696988363359,0.5897026875225695,0.6726139929601865,-4.306410983936101,0.08649328080007468
1,f1_strong_t1|f3_dup_a|f4_dup_b|f5_null|f8_bigcoef,101110010,5,-4.192432797336578,0.030306309572283155,0.790174154922167,0.8654452333661787,-4.114462398056656,0.07797039927992255
1,f1_strong_t1|f3_dup_a|f4_dup_b|f5_null|noise_0,101110001,5,-4.535187375259399,0.03136266170937632,0.4474195769993461,0.5188716430862063,-4.450590007599112,0.08459736766028758
1,f1_strong_t1|f3_dup_a|f4_dup_b|f6_suppressor|f7_weak,101101100,5,-2.7253662227630615,0.03308919205999538,2.2572407294956838,2.456431347877483,-2.543863855140388,0.1815023676226737
1,f1_strong_t1|f3_dup_a|f4_dup_b|f6_suppressor|f8_bigcoef,101101010,5,-2.5179543491363527,0.03238098562339696,2.4646526031223925,2.6492625882834755,-2.3519152692609415,0.16603907987541122
1,f1_strong_t1|f3_dup_a|f4_dup_b|f6_suppressor|noise_0,101101001,5,-2.853444369983673,0.03353355188934799,2.129162582275072,2.302688998003503,-2.688042878803397,0.16540149118027614
1,f1_strong_t1|f3_dup_a|f4_dup_b|f7_weak|f8_bigcoef,101100110,5,-4.108918099021912,0.03106295982071658,0.8736888532368337,0.9482024526049658,-4.030176549842233,0.07874154917967857
1,f1_strong_t1|f3_dup_a|f4_dup_b|f7_weak|noise_0,101100101,5,-4.390885042762756,0.031210862041254357,0.5917219094959894,0.6726139929601865,-4.306410983936101,0.08447405882665482
1,f1_strong_t1|f3_dup_a|f4_dup_b|f8_bigcoef|noise_0,101100011,5,-4.194829682064056,0.03045417805710042,0.787777270194689,0.8654452333661787,-4.114462398056656,0.08036728400740056
1,f1_strong_t1|f3_dup_a|f5_null|f6_suppressor|f7_weak,101011100,5,-2.758734065246582,0.03212238013891806,2.2238728870121633,2.446234080706321,-2.5544912992495132,0.2042427659970687
1,f1_strong_t1|f3_dup_a|f5_null|f6_suppressor|f8_bigcoef,101011010,5,-2.5605201323509217,0.031735528436042916,2.4220868199078236,2.639065321112313,-2.362542713370068,0.19797741898085386
1,f1_strong_t1|f3_dup_a|f5_null|f6_suppressor|noise_0,101011001,5,-2.892981039714813,0.03276429184140338,2.0896259125439323,2.292491730832341,-2.6986703229125224,0.19431071680229062
1,f1_strong_t1|f3_dup_a|f5_null|f7_weak|f8_bigcoef,101010110,5,-4.124413945102692,0.02957372533433137,0.8581930071560535,0.938005185433804,-4.040803993951359,0.08360995115133285
1,f1_strong_t1|f3_dup_a|f5_null|f7_weak|noise_0,101010101,5,-4.411315875053406,0.030168651266682202,0.5712910772053394,0.6624167257890249,-4.317038428045227,0.09427744700817886
1,f1_strong_t1|f3_dup_a|f5_null|f8_bigcoef|noise_0,101010011,5,-4.212720291137695,0.02908420401003895,0.76988666112105,0.8552479661950173,-4.125089842165781,0.08763044897191463
1,f1_strong_t1|f3_dup_a|f6_suppressor|f7_weak|f8_bigcoef,101001110,5,-2.468329884147644,0.03179410318901374,2.514277068111101,2.7218225403511003,-2.278256865155645,0.19007301899199902
1,f1_strong_t1|f3_dup_a|f6_suppressor|f7_weak|noise_0,101001101,5,-2.7557161148071287,0.03220854767741105,2.2268908374516165,2.446234080706321,-2.5544912992495132,0.2012248155576155
1,f1_strong_t1|f3_dup_a|f6_suppressor|f8_bigcoef|noise_0,101001011,5,-2.542988051700592,0.031374860034739036,2.4396189005581532,2.639065321112313,-2.362542713370068,0.18044533833052423
1,f1_strong_t1|f3_dup_a|f7_weak|f8_bigcoef|noise_0,101000111,5,-4.127416546630859,0.029611285308821,0.8551904056278863,0.938005185433804,-4.040803993951359,0.08661255267950008
1,f1_strong_t1|f4_dup_b|f5_null|f6_suppressor|f7_weak,100111100,5,-2.7656036248207094,0.032193182268837994,2.217003327438036,2.446234080706321,-2.55284712749034,0.2127564973303695
1,f1_strong_t1|f4_dup_b|f5_null|f6_suppressor|f8_bigcoef,100111010,5,-2.558654303741455,0.031655119182272616,2.4239526485172904,2.639065321112313,-2.3608985416108945,0.19775576213056034
1,f1_strong_t1|f4_dup_b|f5_null|f6_suppressor|noise_0,100111001,5,-2.8859231038093567,0.032645229229947205,2.0966838484493886,2.292491730832341,-2.697026151153349,0.1888969526560076
1,f1_strong_t1|f4_dup_b|f5_null|f7_weak|f8_bigcoef,100110110,5,-4.1318379117012025,0.029717165412945182,0.8507690405575428,0.938005185433804,-4.039159822192186,0.09267808950901646
1,f1_strong_t1|f4_dup_b|f5_null|f7_weak|noise_0,100110101,5,-4.415481223487854,0.030115336752235718,0.5671257287708915,0.6624167257890249,-4.315394256286054,0.10008696720179966
1,f1_strong_t1|f4_dup_b|f5_null|f8_bigcoef|noise_0,100110011,5,-4.220738135910034,0.029422284231366988,0.7618688163487111,0.8552479661950173,-4.123445670406608,0.0972924655034264
1,f1_strong_t1|f4_dup_b|f6_suppressor|f7_weak|f8_bigcoef,100101110,5,-2.473585839366913,0.0322232931074075,2.5090211128918325,2.7218225403511003,-2.2766126933964714,0.19697314597044135
1,f1_strong_t1|f4_dup_b|f6_suppressor|f7_weak|noise_0,100101101,5,-2.7403639138221743,0.03239733426147926,2.242243038436571,2.446234080706321,-2.55284712749034,0.18751678633183433
1,f1_strong_t1|f4_dup_b|f6_suppressor|f8_bigcoef|noise_0,100101011,5,-2.5353147541046144,0.031845714709077905,2.447292198154131,2.639065321112313,-2.3608985416108945,0.17441621249371986
1,f1_strong_t1|f4_dup_b|f7_weak|f8_bigcoef|noise_0,100100111,5,-4.131121386528015,0.029864930792993696,0.8514855657307301,0.938005185433804,-4.039159822192186,0.09196156433582914
1,f1_strong_t1|f5_null|f6_suppressor|f7_weak|f8_bigcoef,100011110,5,-2.8058624835014343,0.03511512297875021,2.176744468757311,2.3963293554832665,-2.588816498870001,0.21704598463143343
1,f1_strong_t1|f5_null|f6_suppressor|f7_weak|noise_0,100011101,5,-3.0576509875297546,0.0350989432069524,1.9249559647289907,2.1207408958384875,-2.865050932963869,0.1926000545658857
1,f1_strong_t1|f5_null|f6_suppressor|f8_bigcoef|noise_0,100011011,5,-2.8635046772003174,0.03446118950926573,2.119102275058428,2.3135721362444794,-2.6731023470844235,0.19040233011589391
1,f1_strong_t1|f5_null|f7_weak|f8_bigcoef|noise_0,100010111,5,-4.444440252399445,0.03219197440545635,0.5381666998593007,0.6125120005659704,-4.351363627665714,0.09307662473373046
1,f1_strong_t1|f6_suppressor|f7_weak|f8_bigcoef|noise_0,100001111,5,-2.7774002973556517,0.03449710325365286,2.2052066549030935,2.3963293554832665,-2.588816498870001,0.18858379848565088
1,f2_strong_t2|f3_dup_a|f4_dup_b|f5_null|f6_suppressor,11111000,5,-3.88695237531662,0.03117237443899191,1.0956545769421253,1.1404094082560454,-3.8043887417550226,0.08256363356159735
1,f2_strong_t2|f3_dup_a|f4_dup_b|f5_null|f7_weak,11110100,5,-3.7536217576026916,0.03068851053653103,1.2289851946560537,1.2941517581300257,-3.660209718092013,0.09341203951067856
1,f2_strong_t2|f3_dup_a|f4_dup_b|f5_null|f8_bigcoef,11110010,5,-3.561301610279083,0.03050993940887161,1.4213053419796622,1.4869829985360181,-3.4682611322125676,0.0930404780665155
1,f2_strong_t2|f3_dup_a|f4_dup_b|f5_null|noise_0,11110001,5,-3.890246205806732,0.0306333866571868,1.0923607464520133,1.1404094082560454,-3.8043887417550226,0.08585746405170935
1,f2_strong_t2|f3_dup_a|f4_dup_b|f6_suppressor|f7_weak,11101100,5,-3.753979068660736,0.031086595661137455,1.2286278835980093,1.2941517581300257,-3.660209718092013,0.09376935056872293
1,f2_strong_t2|f3_dup_a|f4_dup_b|f6_suppressor|f8_bigcoef,11101010,5,-3.556734303474426,0.03074724762308386,1.4258726487843192,1.4869829985360181,-3.4682611322125676,0.0884731712618585
1,f2_strong_t2|f3_dup_a|f4_dup_b|f6_suppressor|noise_0,11101001,5,-3.890655321788788,0.0307942291953982,1.0919516304699575,1.1404094082560454,-3.8043887417550226,0.0862665800337652
1,f2_strong_t2|f3_dup_a|f4_dup_b|f7_weak|f8_bigcoef,11100110,5,-3.47658609752655,0.031018705128287097,1.5060208547321952,1.5697402177748048,-3.3839752839981445,0.09261081352840561
1,f2_strong_t2|f3_dup_a|f4_dup_b|f7_weak|noise_0,11100101,5,-3.746516965293884,0.030173570935408255,1.2360899869648612,1.2941517581300257,-3.660209718092013,0.0863072472018711
1,f2_strong_t2|f3_dup_a|f4_dup_b|f8_bigcoef|noise_0,11100011,5,-3.558150480747223,0.030200896164493635,1.4244564715115224,1.4869829985360181,-3.4682611322125676,0.08988934853465524
1,f2_strong_t2|f3_dup_a|f5_null|f6_suppressor|f7_weak,11011100,5,-3.7648594929695127,0.030057729041120126,1.2177474592892326,1.2839544909588643,-3.6708371622011393,0.09402233076837341
1,f2_strong_t2|f3_dup_a|f5_null|f6_suppressor|f8_bigcoef,11011010,5,-3.575043927669525,0.029516305742122956,1.4075630245892201,1.4767857313648562,-3.478888576321694,0.09615535134783126
1,f2_strong_t2|f3_dup_a|f5_null|f6_suppressor|noise_0,11011001,5,-3.9027597249984742,0.029879004969521263,1.079847227260271,1.130212141084884,-3.8150161858641485,0.08774353913432575
1,f2_strong_t2|f3_dup_a|f5_null|f7_weak|f8_bigcoef,11010110,5,-3.4980551069259644,0.029745359571456284,1.4845518453327808,1.5595429506036433,-3.3946027281072713,0.10345237881869318
1,f2_strong_t2|f3_dup_a|f5_null|f7_weak|noise_0,11010101,5,-3.767734722995758,0.029360347616088068,1.2148722292629874,1.2839544909588643,-3.6708371622011393,0.09689756079461853
1,f2_strong_t2|f3_dup_a|f5_null|f8_bigcoef|noise_0,11010011,5,-3.582171036815643,0.029075961250521767,1.400435915443102,1.4767857313648562,-3.478888576321694,0.10328246049394929
1,f2_strong_t2|f3_dup_a|f6_suppressor|f7_weak|f8_bigcoef,11001110,5,-3.492468807888031,0.030201046179974912,1.4901381443707145,1.5595429506036433,-3.3946027281072713,0.09786607978075956
1,f2_strong_t2|f3_dup_a|f6_suppressor|f7_weak|noise_0,11001101,5,-3.7630248043060304,0.02975588165588754,1.219582147952715,1.2839544909588643,-3.6708371622011393,0.09218764210489105
1,f2_strong_t2|f3_dup_a|f6_suppressor|f8_bigcoef|noise_0,11001011,5,-3.5766860236167908,0.029323546356678505,1.4059209286419545,1.4767857313648562,-3.478888576321694,0.09779744729509687
1,f2_strong_t2|f3_dup_a|f7_weak|f8_bigcoef|noise_0,11000111,5,-3.495037498855591,0.02958055567905347,1.4875694534031543,1.5595429506036433,-3.3946027281072713,0.10043477074831975
1,f2_strong_t2|f4_dup_b|f5_null|f6_suppressor|f7_weak,10111100,5,-3.7690616163253785,0.029543587001598284,1.2135453359333668,1.2839544909588643,-3.669192990441967,0.09986862588341161
1,f2_strong_t2|f4_dup_b|f5_null|f6_suppressor|f8_bigcoef,10111010,5,-3.576363597869873,0.02947471935469226,1.4062433543888724,1.4767857313648562,-3.4772444045625206,0.0991191933073523
1,f2_strong_t2|f4_dup_b|f5_null|f6_suppressor|noise_0,10111001,5,-3.9066915815353394,0.029493972498671885,1.075915370723406,1.130212141084884,-3.813372014104975,0.09331956743036418
1,f2_strong_t2|f4_dup_b|f5_null|f7_weak|f8_bigcoef,10110110,5,-3.498471647453308,0.029635864670840582,1.484135304805437,1.5595429506036433,-3.392958556348098,0.10551309110521023
1,f2_strong_t2|f4_dup_b|f5_null|f7_weak|noise_0,10110101,5,-3.7664466609954834,0.02886153728142664,1.2161602912632619,1.2839544909588643,-3.669192990441967,0.09725367055351652
1,f2_strong_t2|f4_dup_b|f5_null|f8_bigcoef|noise_0,10110011,5,-3.5806365973472594,0.029024065607722735,1.401970354911486,1.4767857313648562,-3.4772444045625206,0.10339219278473877
1,f2_strong_t2|f4_dup_b|f6_suppressor|f7_weak|f8_bigcoef,10101110,5,-3.4880661529541017,0.029974809836197477,1.4945407993046436,1.5595429506036433,-3.392958556348098,0.09510759660600376
1,f2_strong_t2|f4_dup_b|f6_suppressor|f7_weak|noise_0,10101101,5,-3.762934794616699,0.029221729738419872,1.2196721576420462,1.2839544909588643,-3.669192990441967,0.09374180417473221
1,f2_strong_t2|f4_dup_b|f6_suppressor|f8_bigcoef|noise_0,10101011,5,-3.572536116695404,0.029159740298803718,1.4100708355633413,1.4767857313648562,-3.4772444045625206,0.09529171213288334
1,f2_strong_t2|f4_dup_b|f7_weak|f8_bigcoef|noise_0,10100111,5,-3.4909713889122007,0.029365192230976746,1.4916355633465446,1.5595429506036433,-3.392958556348098,0.09801283256410276
1,f2_strong_t2|f5_null|f6_suppressor|f7_weak|f8_bigcoef,10011110,5,-3.8074854946136476,0.032251121287734136,1.1751214576450977,1.2340497657358096,-3.705162361821627,0.10232313279202065
1,f2_strong_t2|f5_null|f6_suppressor|f7_weak|noise_0,10011101,5,-4.069594271755219,0.031715657975789256,0.9130126805035266,0.9584613060910306,-3.981396795915495,0.0881974758397237
1,f2_strong_t2|f5_null|f6_suppressor|f8_bigcoef|noise_0,10011011,5,-3.886653520488739,0.03156518378922599,1.0959534317700061,1.151292546497023,-3.7894482100360496,0.09720531045268954
1,f2_strong_t2|f5_null|f7_weak|f8_bigcoef|noise_0,10010111,5,-3.797068221569061,0.03160702562487246,1.185538730689684,1.2340497657358096,-3.705162361821627,0.09190585974743426
1,f2_strong_t2|f6_suppressor|f7_weak|f8_bigcoef|noise_0,10001111,5,-3.7989571388244627,0.0320593922681418,1.1836498134342825,1.2340497657358096,-3.705162361821627,0.09379477700283578
1,f3_dup_a|f4_dup_b|f5_null|f6_suppressor|f7_weak,1111100,5,-4.558604660987854,0.030779538537883684,0.4240022912708916,0.48943280191297556,-4.483143826333933,0.07546083465392073
1,f3_dup_a|f4_dup_b|f5_null|f6_suppressor|f8_bigcoef,1111010,5,-4.36191807308197,0.030402104812538227,0.6206888791767753,0.682264042318968,-4.291195240454487,0.07072283262748336
1,f3_dup_a|f4_dup_b|f5_null|f6_suppressor|noise_0,1111001,5,-4.698724968338013,0.031011648672959278,0.2838819839207325,0.3356904520389953,-4.6273228499969425,0.07140211834107024
1,f3_dup_a|f4_dup_b|f5_null|f7_weak|f8_bigcoef,1110110,5,-4.2734977157592775,0.03049557221063911,0.7091092364994678,0.7650212615577549,-4.206909392240064,0.06658832351921351
1,f3_dup_a|f4_dup_b|f5_null|f7_weak|noise_0,1110101,5,-4.553702883911133,0.03028309189534994,0.4289040683476122,0.48943280191297556,-4.483143826333933,0.07055905757720016
1,f3_dup_a|f4_dup_b|f5_null|f8_bigcoef|noise_0,1110011,5,-4.362751192855835,0.03006929643304267,0.6198557594029106,0.682264042318968,-4.291195240454487,0.07155595240134804
1,f3_dup_a|f4_dup_b|f6_suppressor|f7_weak|f8_bigcoef,1101110,5,-4.278717237567902,0.03121906366731852,0.7038897146908436,0.7650212615577549,-4.206909392240064,0.07180784532783768
1,f3_dup_a|f4_dup_b|f6_suppressor|f7_weak|noise_0,1101101,5,-4.560195621776581,0.030972259077519118,0.4224113304821646,0.48943280191297556,-4.483143826333933,0.07705179544264773
1,f3_dup_a|f4_dup_b|f6_suppressor|f8_bigcoef|noise_0,1101011,5,-4.365127362346649,0.030549406448607416,0.6174795899120964,0.682264042318968,-4.291195240454487,0.07393212189216225
1,f3_dup_a|f4_dup_b|f7_weak|f8_bigcoef|noise_0,1100111,5,-4.271766142654419,0.03044694782571133,0.7108408096043259,0.7650212615577549,-4.206909392240064,0.06485675041435535
1,f3_dup_a|f5_null|f6_suppressor|f7_weak|f8_bigcoef,1011110,5,-4.297886687660217,0.02961794794161686,0.6847202645985284,0.7548239943865932,-4.21753683634919,0.08034985131102701
1,f3_dup_a|f5_null|f6_suppressor|f7_weak|noise_0,1011101,5,-4.572673521232605,0.029583244136359862,0.40993343102614066,0.4792355347418139,-4.493771270443058,0.07890225078954671
1,f3_dup_a|f5_null|f6_suppressor|f8_bigcoef|noise_0,1011011,5,-4.380338165473938,0.028963657469138208,0.6022687867848076,0.6720667751478063,-4.3018226845636125,0.07851548091032523
1,f3_dup_a|f5_null|f7_weak|f8_bigcoef|noise_0,1010111,5,-4.295243539619446,0.029049123163963696,0.6873634126392991,0.7548239943865932,-4.21753683634919,0.0777067032702563
1,f3_dup_a|f6_suppressor|f7_weak|f8_bigcoef|noise_0,1001111,5,-4.2942168329238894,0.029599644629812336,0.6883901193348558,0.7548239943865932,-4.21753683634919,0.0766799965746996
1,f4_dup_b|f5_null|f6_suppressor|f7_weak|f8_bigcoef,111110,5,-4.2979839851379396,0.029690720302000383,0.6846229671208057,0.7548239943865932,-4.215892664590016,0.08209132054792345
1,f4_dup_b|f5_null|f6_suppressor|f7_weak|noise_0,111101,5,-4.579718926239014,0.02954150980404722,0.40288802601973117,0.4792355347418139,-4.492127098683885,0.08759182755512906
1,f4_dup_b|f5_null|f6_suppressor|f8_bigcoef|noise_0,111011,5,-4.388929825305938,0.02923281145418954,0.5936771269528069,0.6720667751478063,-4.300178512804439,0.08875131250149959
1,f4_dup_b|f5_null|f7_weak|f8_bigcoef|noise_0,110111,5,-4.300734163284302,0.029288986768721142,0.6818727889744434,0.7548239943865932,-4.215892664590016,0.08484149869428581
1,f4_dup_b|f6_suppressor|f7_weak|f8_bigcoef|noise_0,101111,5,-4.294869184780121,0.02975017313037119,0.687737767478624,0.7548239943865932,-4.215892664590016,0.07897652019010515
1,f5_null|f6_suppressor|f7_weak|f8_bigcoef|noise_0,11111,5,-4.607605654525757,0.03181764880452557,0.3750012977329886,0.42933080951875946,-4.528096470063545,0.07950918446221156
1,f1_strong_t1|f2_strong_t2|f3_dup_a|f4_dup_b|f5_null|f6_suppressor,111111000,6,-2.0815518144607545,0.03433774979094081,2.9010551377979907,3.1074079542205526,-1.8651087705614784,0.21644304389927616
1,f1_strong_t1|f2_strong_t2|f3_dup_a|f4_dup_b|f5_null|f7_weak,111110100,6,-3.5923050505638123,0.031934986276927126,1.390301901694933,1.477332949177237,-3.4834768756941825,0.10882817486962981
1,f1_strong_t1|f2_strong_t2|f3_dup_a|f4_dup_b|f5_null|f8_bigcoef,111110010,6,-3.3955481479644773,0.031359818338130396,1.587058804294268,1.6701641895832289,-3.291528289814737,0.10401985814974024
1,f1_strong_t1|f2_strong_t2|f3_dup_a|f4_dup_b|f5_null|noise_0,111110001,6,-3.727708469581604,0.031887655612905845,1.2548984826771412,1.3235905993032566,-3.6276558993571917,0.10005257022441238
1,f1_strong_t1|f2_strong_t2|f3_dup_a|f4_dup_b|f6_suppressor|f7_weak,111101100,6,-1.9204528096199036,0.034058259257606284,3.0621541426388417,3.261150304094533,-1.7209297468984697,0.19952306272143394
1,f1_strong_t1|f2_strong_t2|f3_dup_a|f4_dup_b|f6_suppressor|f8_bigcoef,111101010,6,-1.7255804620742798,0.033529719110829116,3.257026490184465,3.4539815445005253,-1.5289811610190234,0.19659930105525647
1,f1_strong_t1|f2_strong_t2|f3_dup_a|f4_dup_b|f6_suppressor|noise_0,111101001,6,-2.0717244765281677,0.03435130771559426,2.9108824757305776,3.1074079542205526,-1.8651087705614784,0.20661570596668932
1,f1_strong_t1|f2_strong_t2|f3_dup_a|f4_dup_b|f7_weak|f8_bigcoef,111100110,6,-3.3174743010520933,0.03203813065933859,1.665132651206652,1.752921408822016,-3.2072424416003145,0.11023185945177882
1,f1_strong_t1|f2_strong_t2|f3_dup_a|f4_dup_b|f7_weak|noise_0,111100101,6,-3.5868619442939758,0.03163234312940662,1.3957450079647695,1.477332949177237,-3.4834768756941825,0.10338506859979324
1,f1_strong_t1|f2_strong_t2|f3_dup_a|f4_dup_b|f8_bigcoef|noise_0,111100011,6,-3.3947713170051577,0.031152970304287736,1.5878356352535876,1.6701641895832289,-3.291528289814737,0.10324302719042056
1,f1_strong_t1|f2_strong_t2|f3_dup_a|f5_null|f6_suppressor|f7_weak,111011100,6,-1.9686907573699952,0.03367429004717265,3.01391619488875,3.2509530369233715,-1.7315571910075949,0.23713356636240035
1,f1_strong_t1|f2_strong_t2|f3_dup_a|f5_null|f6_suppressor|f8_bigcoef,111011010,6,-1.7580063590049744,0.033029477018559725,3.224600593253771,3.443784277329364,-1.539608605128149,0.21839775387682536
1,f1_strong_t1|f2_strong_t2|f3_dup_a|f5_null|f6_suppressor|noise_0,111011001,6,-2.099116962814331,0.0338300007794853,2.8834899894444144,3.097210687049391,-1.875736214670604,0.22338074814372688
1,f1_strong_t1|f2_strong_t2|f3_dup_a|f5_null|f7_weak|f8_bigcoef,111010110,6,-3.333274048423767,0.030641705154607103,1.6493329038349782,1.742724141650854,-3.21786988570944,0.11540416271432719
1,f1_strong_t1|f2_strong_t2|f3_dup_a|f5_null|f7_weak|noise_0,111010101,6,-3.6075633501052855,0.030714293044369245,1.3750436021534598,1.467135682006075,-3.4941043198033093,0.11345903030197624
1,f1_strong_t1|f2_strong_t2|f3_dup_a|f5_null|f8_bigcoef|noise_0,111010011,6,-3.413236369895935,0.029932528083592716,1.5693705823628101,1.6599669224120674,-3.302155733923863,0.11108063597207218
1,f1_strong_t1|f2_strong_t2|f3_dup_a|f6_suppressor|f7_weak|f8_bigcoef,111001110,6,-1.671292235469818,0.033163244311861115,3.311314716788927,3.52654149656815,-1.455322756913727,0.21596947855609105
1,f1_strong_t1|f2_strong_t2|f3_dup_a|f6_suppressor|f7_weak|noise_0,111001101,6,-1.9632700932502747,0.03332600392241951,3.0193368590084706,3.2509530369233715,-1.7315571910075949,0.23171290224267982
1,f1_strong_t1|f2_strong_t2|f3_dup_a|f6_suppressor|f8_bigcoef|noise_0,111001011,6,-1.7522536644935607,0.03252933713425102,3.2303532877651846,3.443784277329364,-1.539608605128149,0.21264505936541167
1,f1_strong_t1|f2_strong_t2|f3_dup_a|f7_weak|f8_bigcoef|noise_0,111000111,6,-3.331276424217224,0.030436022920747388,1.6513305280415214,1.742724141650854,-3.2178698857094394,0.11340653850778448
1,f1_strong_t1|f2_strong_t2|f4_dup_b|f5_null|f6_suppressor|f7_weak,110111100,6,-1.9566525784492492,0.033031407187387785,3.025954373809496,3.2509530369233715,-1.7299130192484211,0.2267395592008281
1,f1_strong_t1|f2_strong_t2|f4_dup_b|f5_null|f6_suppressor|f8_bigcoef,110111010,6,-1.7593853757858275,0.03287375830644123,3.223221576472918,3.443784277329364,-1.5379644333689753,0.22142094241685228
1,f1_strong_t1|f2_strong_t2|f4_dup_b|f5_null|f6_suppressor|noise_0,110111001,6,-2.0954183444976806,0.03323546169436324,2.8871886077610647,3.097210687049391,-1.8740920429114303,0.22132630158625033
1,f1_strong_t1|f2_strong_t2|f4_dup_b|f5_null|f7_weak|f8_bigcoef,110110110,6,-3.3324289828300477,0.03052411584867055,1.6501779694286975,1.742724141650854,-3.216225713950266,0.11620326887978161
1,f1_strong_t1|f2_strong_t2|f4_dup_b|f5_null|f7_weak|noise_0,110110101,6,-3.602670173740387,0.030189131003771172,1.3799367785183585,1.467135682006075,-3.492460148044135,0.11021002569625171
1,f1_strong_t1|f2_strong_t2|f4_dup_b|f5_null|f8_bigcoef|noise_0,110110011,6,-3.4122544589996338,0.029876701123742976,1.5703524932591115,1.6599669224120674,-3.3005115621646897,0.1117428968349441
1,f1_strong_t1|f2_strong_t2|f4_dup_b|f6_suppressor|f7_weak|f8_bigcoef,110101110,6,-1.6690733794212342,0.03335346091655802,3.3135335728375113,3.52654149656815,-1.4536785851545533,0.21539479426668096
1,f1_strong_t1|f2_strong_t2|f4_dup_b|f6_suppressor|f7_weak|noise_0,110101101,6,-1.9437094758033753,0.03294445966625911,3.03889747645537,3.2509530369233715,-1.7299130192484216,0.21379645655495372
1,f1_strong_t1|f2_strong_t2|f4_dup_b|f6_suppressor|f8_bigcoef|noise_0,110101011,6,-1.7488897214889527,0.03273980594604729,3.2337172307697926,3.443784277329364,-1.5379644333689753,0.21092528811997746
1,f1_strong_t1|f2_strong_t2|f4_dup_b|f7_weak|f8_bigcoef|noise_0,110100111,6,-3.3299831845283507,0.030371336756412032,1.6526237677303945,1.742724141650854,-3.216225713950266,0.11375747057808461
1,f1_strong_t1|f2_strong_t2|f5_null|f6_suppressor|f7_weak|f8_bigcoef,110011110,6,-2.0021588697433472,0.03620559524234686,2.980448082515398,3.201048311700317,-1.765882390628082,0.23627647911526517
1,f1_strong_t1|f2_strong_t2|f5_null|f6_suppressor|f7_weak|noise_0,110011101,6,-2.2641890818595884,0.035699054493150674,2.718417870399157,2.9254598520555377,-2.0421168247219508,0.22207225713763767
1,f1_strong_t1|f2_strong_t2|f5_null|f6_suppressor|f8_bigcoef|noise_0,110011011,6,-2.067868089199066,0.035409991711695475,2.914738863059679,3.11829109246153,-1.8501682388425047,0.21769985035656148
1,f1_strong_t1|f2_strong_t2|f5_null|f7_weak|f8_bigcoef|noise_0,110010111,6,-3.641293361854553,0.03256079279953159,1.3413135904041922,1.4172309567830204,-3.528429519423795,0.11286384243075798
1,f1_strong_t1|f2_strong_t2|f6_suppressor|f7_weak|f8_bigcoef|noise_0,110001111,6,-1.986882306098938,0.03550559460259559,2.9957246461598075,3.201048311700317,-1.765882390628082,0.22099991547085596
1,f1_strong_t1|f3_dup_a|f4_dup_b|f5_null|f6_suppressor|f7_weak,101111100,6,-2.7455670793533327,0.033683912908606645,2.2370398729054126,2.456431347877483,-2.543863855140388,0.20170322421294484
1,f1_strong_t1|f3_dup_a|f4_dup_b|f5_null|f6_suppressor|f8_bigcoef,101111010,6,-2.5460898657798765,0.032902132107256093,2.4365170864788688,2.6492625882834755,-2.3519152692609415,0.19417459651893498
1,f1_strong_t1|f3_dup_a|f4_dup_b|f5_null|f6_suppressor|noise_0,101111001,6,-2.8652704800605773,0.033847858065718966,2.117336472198168,2.302688998003503,-2.688042878803397,0.1772276012571803
1,f1_strong_t1|f3_dup_a|f4_dup_b|f5_null|f7_weak|f8_bigcoef,101110110,6,-4.1144735314369205,0.03128098446553807,0.8681334208218248,0.9482024526049658,-4.030176549842233,0.08429698159468746
1,f1_strong_t1|f3_dup_a|f4_dup_b|f5_null|f7_weak|noise_0,101110101,6,-4.401236983585358,0.03161646823213144,0.5813699686733873,0.6726139929601865,-4.306410983936101,0.09482599964925686
1,f1_strong_t1|f3_dup_a|f4_dup_b|f5_null|f8_bigcoef|noise_0,101110011,6,-4.203756460571289,0.030813734642757003,0.7788504916874563,0.8654452333661787,-4.114462398056656,0.08929406251463323
1,f1_strong_t1|f3_dup_a|f4_dup_b|f6_suppressor|f7_weak|f8_bigcoef,101101110,6,-2.4494005182266236,0.03367155779077007,2.5332064340321216,2.732019807522262,-2.267629421046519,0.18177109718010476
1,f1_strong_t1|f3_dup_a|f4_dup_b|f6_suppressor|f7_weak|noise_0,101101101,6,-2.7386764669418335,0.03408477003721848,2.2439304853169117,2.456431347877483,-2.543863855140388,0.1948126118014457
1,f1_strong_t1|f3_dup_a|f4_dup_b|f6_suppressor|f8_bigcoef|noise_0,101101011,6,-2.5196465393066405,0.0330244071495654,2.4629604129521048,2.6492625882834755,-2.3519152692609415,0.167731270045699
1,f1_strong_t1|f3_dup_a|f4_dup_b|f7_weak|f8_bigcoef|noise_0,101100111,6,-4.114851446533203,0.03139942879231872,0.8677555057255422,0.9482024526049658,-4.030176549842233,0.08467489669097006
1,f1_strong_t1|f3_dup_a|f5_null|f6_suppressor|f7_weak|f8_bigcoef,101011110,6,-2.4969506457328796,0.032687574699730056,2.4856563065258657,2.7218225403511003,-2.278256865155645,0.21869378057723443
1,f1_strong_t1|f3_dup_a|f5_null|f6_suppressor|f7_weak|noise_0,101011101,6,-2.768063584423065,0.033001771583823426,2.21454336783568,2.446234080706321,-2.5544912992495132,0.21357228517355198
1,f1_strong_t1|f3_dup_a|f5_null|f6_suppressor|f8_bigcoef|noise_0,101011011,6,-2.556712561225891,0.0319169933252547,2.425894391032854,2.639065321112313,-2.362542713370068,0.19416984785582336
1,f1_strong_t1|f3_dup_a|f5_null|f7_weak|f8_bigcoef|noise_0,101010111,6,-4.137187537384033,0.030134072797205563,0.8454194148747121,0.938005185433804,-4.040803993951359,0.0963835434326743
1,f1_strong_t1|f3_dup_a|f6_suppressor|f7_weak|f8_bigcoef|noise_0,101001111,6,-2.487976365661621,0.03224564309842674,2.494630586597124,2.7218225403511003,-2.278256865155645,0.209719500505976
1,f1_strong_t1|f4_dup_b|f5_null|f6_suppressor|f7_weak|f8_bigcoef,100111110,6,-2.5030078603744506,0.033048609121125595,2.4795990918842947,2.7218225403511003,-2.2766126933964714,0.22639516697797912
1,f1_strong_t1|f4_dup_b|f5_null|f6_suppressor|f7_weak|noise_0,100111101,6,-2.758385296726227,0.033077269618145985,2.2242216555325185,2.446234080706321,-2.55284712749034,0.20553816923588686
1,f1_strong_t1|f4_dup_b|f5_null|f6_suppressor|f8_bigcoef|noise_0,100111011,6,-2.553780865573883,0.03233672166400062,2.4288260866848623,2.639065321112313,-2.3608985416108945,0.19288232396298843
1,f1_strong_t1|f4_dup_b|f5_null|f7_weak|f8_bigcoef|noise_0,100110111,6,-4.143777476501465,0.03036408679304492,0.8388294757572803,0.938005185433804,-4.039159822192186,0.10461765430927894
1,f1_strong_t1|f4_dup_b|f6_suppressor|f7_weak|f8_bigcoef|noise_0,100101111,6,-2.4698389468193054,0.03284707165743368,2.51276800543944,2.7218225403511003,-2.2766126933964714,0.19322625342283395
1,f1_strong_t1|f5_null|f6_suppressor|f7_weak|f8_bigcoef|noise_0,100011111,6,-2.79562021112442,0.035405541381088715,2.186986741134325,2.3963293554832665,-2.588816498870001,0.2068037122544193
1,f2_strong_t2|f3_dup_a|f4_dup_b|f5_null|f6_suppressor|f7_weak,11111100,6,-3.7585358657836916,0.0315156715302427,1.2240710864750537,1.2941517581300257,-3.660209718092013,0.09832614769167858
1,f2_strong_t2|f3_dup_a|f4_dup_b|f5_null|f6_suppressor|f8_bigcoef,11111010,6,-3.5645176337242126,0.03121422817335825,1.4180893185345327,1.4869829985360181,-3.4682611322125676,0.096256501511645
1,f2_strong_t2|f3_dup_a|f4_dup_b|f5_null|f6_suppressor|noise_0,11111001,6,-3.8922508376121523,0.031360206265114474,1.090356114646593,1.1404094082560454,-3.8043887417550226,0.08786209585712967
1,f2_strong_t2|f3_dup_a|f4_dup_b|f5_null|f7_weak|f8_bigcoef,11110110,6,-3.4839977186203,0.031385482825759474,1.4986092336384451,1.5697402177748048,-3.3839752839981445,0.10002243462215565
1,f2_strong_t2|f3_dup_a|f4_dup_b|f5_null|f7_weak|noise_0,11110101,6,-3.7544568588256837,0.030697754848186,1.2281500934330616,1.2941517581300257,-3.660209718092013,0.09424714073367069
1,f2_strong_t2|f3_dup_a|f4_dup_b|f5_null|f8_bigcoef|noise_0,11110011,6,-3.566772620677948,0.030643139446934108,1.4158343315807973,1.4869829985360181,-3.4682611322125676,0.09851148846538038
1,f2_strong_t2|f3_dup_a|f4_dup_b|f6_suppressor|f7_weak|f8_bigcoef,11101110,6,-3.4813133021354674,0.031820937391330364,1.5012936501232779,1.5697402177748048,-3.3839752839981445,0.0973380181373229
1,f2_strong_t2|f3_dup_a|f4_dup_b|f6_suppressor|f7_weak|noise_0,11101101,6,-3.7551216648101806,0.03114559758925715,1.2274852874485647,1.2941517581300257,-3.660209718092013,0.0949119467181676
1,f2_strong_t2|f3_dup_a|f4_dup_b|f6_suppressor|f8_bigcoef|noise_0,11101011,6,-3.56450164308548,0.0309343871396977,1.4181053091732654,1.4869829985360181,-3.4682611322125676,0.0962405108729123
1,f2_strong_t2|f3_dup_a|f4_dup_b|f7_weak|f8_bigcoef|noise_0,11100111,6,-3.4784540272712707,0.031056383567625717,1.5041529249874745,1.5697402177748048,-3.3839752839981445,0.09447874327312622
1,f2_strong_t2|f3_dup_a|f5_null|f6_suppressor|f7_weak|f8_bigcoef,11011110,6,-3.5019374828338625,0.030482248599684195,1.4806694694248828,1.5595429506036433,-3.3946027281072713,0.10733475472659126
1,f2_strong_t2|f3_dup_a|f5_null|f6_suppressor|f7_weak|noise_0,11011101,6,-3.772394320869446,0.0301803021411659,1.2102126313892994,1.2839544909588643,-3.6708371622011393,0.10155715866830661
1,f2_strong_t2|f3_dup_a|f5_null|f6_suppressor|f8_bigcoef|noise_0,11011011,6,-3.5843054613113403,0.029733465440359333,1.398301490947405,1.4767857313648562,-3.478888576321694,0.10541688498964641
1,f2_strong_t2|f3_dup_a|f5_null|f7_weak|f8_bigcoef|noise_0,11010111,6,-3.5040390805244446,0.02987283753370889,1.4785678717343007,1.5595429506036433,-3.3946027281072713,0.10943635241717331
1,f2_strong_t2|f3_dup_a|f6_suppressor|f7_weak|f8_bigcoef|noise_0,11001111,6,-3.4992391306877138,0.030354347642580555,1.4833678215710315,1.5595429506036433,-3.3946027281072713,0.10463640258044249
1,f2_strong_t2|f4_dup_b|f5_null|f6_suppressor|f7_weak|f8_bigcoef,10111110,6,-3.501251627635956,0.030406246047449126,1.4813553246227893,1.5595429506036433,-3.392958556348098,0.10829307128785803
1,f2_strong_t2|f4_dup_b|f5_null|f6_suppressor|f7_weak|noise_0,10111101,6,-3.770056062698364,0.02965775131731889,1.2125508895603812,1.2839544909588643,-3.669192990441967,0.10086307225639723
1,f2_strong_t2|f4_dup_b|f5_null|f6_suppressor|f8_bigcoef|noise_0,10111011,6,-3.5827138133049012,0.02969464451020136,1.399893138953844,1.4767857313648562,-3.4772444045625206,0.10546940874238064
1,f2_strong_t2|f4_dup_b|f5_null|f7_weak|f8_bigcoef|noise_0,10110111,6,-3.50262068567276,0.02974342030692875,1.479986266585985,1.5595429506036433,-3.392958556348098,0.10966212932466224
1,f2_strong_t2|f4_dup_b|f6_suppressor|f7_weak|f8_bigcoef|noise_0,10101111,6,-3.4929853256225587,0.030164007511088383,1.4896216266361866,1.5595429506036433,-3.392958556348098,0.10002676927446075
1,f2_strong_t2|f5_null|f6_suppressor|f7_weak|f8_bigcoef|noise_0,10011111,6,-3.8103172386169435,0.03239375816850767,1.1722897136418018,1.2340497657358096,-3.705162361821627,0.10515487679531654
1,f3_dup_a|f4_dup_b|f5_null|f6_suppressor|f7_weak|f8_bigcoef,1111110,6,-4.283816830253601,0.03143920038256578,0.6987901220051445,0.7650212615577549,-4.206909392240064,0.07690743801353683
1,f3_dup_a|f4_dup_b|f5_null|f6_suppressor|f7_weak|noise_0,1111101,6,-4.565591538047791,0.031307594778518036,0.41701541421095456,0.48943280191297556,-4.483143826333933,0.08244771171385779
1,f3_dup_a|f4_dup_b|f5_null|f6_suppressor|f8_bigcoef|noise_0,1111011,6,-4.370212394618988,0.030884204335073787,0.6123945576397576,0.682264042318968,-4.291195240454487,0.07901715416450106
1,f3_dup_a|f4_dup_b|f5_null|f7_weak|f8_bigcoef|noise_0,1110111,6,-4.281280876255035,0.03088280498150367,0.7013260760037099,0.7650212615577549,-4.206909392240064,0.0743714840149714
1,f3_dup_a|f4_dup_b|f6_suppressor|f7_weak|f8_bigcoef|noise_0,1101111,6,-4.284054496955871,0.03151675458006798,0.6985524553028739,0.7650212615577549,-4.206909392240064,0.07714510471580738
1,f3_dup_a|f5_null|f6_suppressor|f7_weak|f8_bigcoef|noise_0,1011111,6,-4.304405814456939,0.029984852002225015,0.678201137801806,0.7548239943865932,-4.21753683634919,0.0868689781077494
1,f4_dup_b|f5_null|f6_suppressor|f7_weak|f8_bigcoef|noise_0,111111,6,-4.307008045768738,0.03016443841430773,0.6755989064900074,0.7548239943865932,-4.215892664590016,0.09111538117872175
1,f1_strong_t1|f2_strong_t2|f3_dup_a|f4_dup_b|f5_null|f6_suppressor|f7_weak,111111100,7,-1.9380381797790527,0.03471520214497013,3.0445687724796926,3.261150304094533,-1.7209297468984697,0.217108432880583
1,f1_strong_t1|f2_strong_t2|f3_dup_a|f4_dup_b|f5_null|f6_suppressor|f8_bigcoef,111111010,7,-1.7487863557815553,0.03424880864669769,3.23382059647719,3.4539815445005253,-1.5289811610190234,0.2198051947625319
1,f1_strong_t1|f2_strong_t2|f3_dup_a|f4_dup_b|f5_null|f6_suppressor|noise_0,111111001,7,-2.0731527198791504,0.03470035343206903,2.909454232379595,3.1074079542205526,-1.8651087705614784,0.208043949317672
1,f1_strong_t1|f2_strong_t2|f3_dup_a|f4_dup_b|f5_null|f7_weak|f8_bigcoef,111110110,7,-3.320260349750519,0.03227264929037064,1.6623466025082263,1.752921408822016,-3.2072424416003145,0.11301790815020452
1,f1_strong_t1|f2_strong_t2|f3_dup_a|f4_dup_b|f5_null|f7_weak|noise_0,111110101,7,-3.5926024735450746,0.032054104605444764,1.3900044787136707,1.477332949177237,-3.4834768756941825,0.10912559785089204
1,f1_strong_t1|f2_strong_t2|f3_dup_a|f4_dup_b|f5_null|f8_bigcoef|noise_0,111110011,7,-3.4002985307693483,0.03153408518697515,1.582308421489397,1.6701641895832289,-3.291528289814737,0.10877024095461119
1,f1_strong_t1|f2_strong_t2|f3_dup_a|f4_dup_b|f6_suppressor|f7_weak|f8_bigcoef,111101110,7,-1.6451548042297364,0.034766211637748984,3.337452148029009,3.5367387637393115,-1.4446953128046012,0.2004594914251352
1,f1_strong_t1|f2_strong_t2|f3_dup_a|f4_dup_b|f6_suppressor|f7_weak|noise_0,111101101,7,-1.9363534399986266,0.03466848716867229,3.046253512260119,3.261150304094533,-1.7209297468984697,0.21542369310015697
1,f1_strong_t1|f2_strong_t2|f3_dup_a|f4_dup_b|f6_suppressor|f8_bigcoef|noise_0,111101011,7,-1.7324018265724181,0.033901727147775555,3.2502051256863274,3.4539815445005253,-1.5289811610190234,0.20342066555339477
1,f1_strong_t1|f2_strong_t2|f3_dup_a|f4_dup_b|f7_weak|f8_bigcoef|noise_0,111100111,7,-3.315807779407501,0.032091977858353174,1.6667991728512441,1.752921408822016,-3.2072424416003145,0.10856533780718669
1,f1_strong_t1|f2_strong_t2|f3_dup_a|f5_null|f6_suppressor|f7_weak|f8_bigcoef,111011110,7,-1.689777419757843,0.0338999403295601,3.2928295325009023,3.52654149656815,-1.4553227569137268,0.2344546628441162
1,f1_strong_t1|f2_strong_t2|f3_dup_a|f5_null|f6_suppressor|f7_weak|noise_0,111011101,7,-1.977801263332367,0.03416939110992617,3.0048056889263783,3.2509530369233715,-1.7315571910075949,0.24624407232477208
1,f1_strong_t1|f2_strong_t2|f3_dup_a|f5_null|f6_suppressor|f8_bigcoef|noise_0,111011011,7,-1.7623961874008178,0.03322150453284209,3.2202107648579275,3.443784277329364,-1.539608605128149,0.22278758227266882
1,f1_strong_t1|f2_strong_t2|f3_dup_a|f5_null|f7_weak|f8_bigcoef|noise_0,111010111,7,-3.3406190957069395,0.03080195424001916,1.6419878565518058,1.742724141650854,-3.21786988570944,0.12274920999749961
1,f1_strong_t1|f2_strong_t2|f3_dup_a|f6_suppressor|f7_weak|f8_bigcoef|noise_0,111001111,7,-1.6876930010795592,0.033399206861488714,3.2949139511791863,3.52654149656815,-1.455322756913727,0.23237024416583218
1,f1_strong_t1|f2_strong_t2|f4_dup_b|f5_null|f6_suppressor|f7_weak|f8_bigcoef,110111110,7,-1.6942169807434082,0.0340855429720534,3.288389971515337,3.52654149656815,-1.4536785851545533,0.24053839558885493
1,f1_strong_t1|f2_strong_t2|f4_dup_b|f5_null|f6_suppressor|f7_weak|noise_0,110111101,7,-1.9582262127876282,0.033415574987964165,3.024380739471117,3.2509530369233715,-1.7299130192484211,0.2283131935392071
1,f1_strong_t1|f2_strong_t2|f4_dup_b|f5_null|f6_suppressor|f8_bigcoef|noise_0,110111011,7,-1.756985334300995,0.033050219255877616,3.22562161795775,3.443784277329364,-1.5379644333689753,0.21902090093201965
1,f1_strong_t1|f2_strong_t2|f4_dup_b|f5_null|f7_weak|f8_bigcoef|noise_0,110110111,7,-3.3374958117485045,0.030707237210840396,1.6451111405102408,1.742724141650854,-3.216225713950266,0.12127009779823839
1,f1_strong_t1|f2_strong_t2|f4_dup_b|f6_suppressor|f7_weak|f8_bigcoef|noise_0,110101111,7,-1.672837526321411,0.03368595288960905,3.3097694259373345,3.52654149656815,-1.4536785851545533,0.21915894116685775
1,f1_strong_t1|f2_strong_t2|f5_null|f6_suppressor|f7_weak|f8_bigcoef|noise_0,110011111,7,-2.0011508524894714,0.036186633511627916,2.981456099769274,3.201048311700317,-1.765882390628082,0.2352684618613894
1,f1_strong_t1|f3_dup_a|f4_dup_b|f5_null|f6_suppressor|f7_weak|f8_bigcoef,101111110,7,-2.4763848640441894,0.03424527246540696,2.506222088214556,2.732019807522262,-2.267629421046519,0.20875544299767057
1,f1_strong_t1|f3_dup_a|f4_dup_b|f5_null|f6_suppressor|f7_weak|noise_0,101111101,7,-2.738662436389923,0.034284524319754886,2.2439445158688223,2.456431347877483,-2.543863855140388,0.1947985812495352
1,f1_strong_t1|f3_dup_a|f4_dup_b|f5_null|f6_suppressor|f8_bigcoef|noise_0,101111011,7,-2.5298682578086855,0.03341405553725187,2.4527386944500598,2.6492625882834755,-2.3519152692609415,0.177952988547744
1,f1_strong_t1|f3_dup_a|f4_dup_b|f5_null|f7_weak|f8_bigcoef|noise_0,101110111,7,-4.123077469635009,0.03175991318563274,0.8595294826237359,0.9482024526049658,-4.030176549842233,0.09290091979277637
1,f1_strong_t1|f3_dup_a|f4_dup_b|f6_suppressor|f7_weak|f8_bigcoef|noise_0,101101111,7,-2.458626448059082,0.034174344340701636,2.5239805041996632,2.732019807522262,-2.267629421046519,0.19099702701256316
1,f1_strong_t1|f3_dup_a|f5_null|f6_suppressor|f7_weak|f8_bigcoef|noise_0,101011111,7,-2.4986510307312013,0.03287407230439683,2.483955921527544,2.7218225403511003,-2.278256865155645,0.22039416557555613
1,f1_strong_t1|f4_dup_b|f5_null|f6_suppressor|f7_weak|f8_bigcoef|noise_0,100111111,7,-2.4828461500167847,0.033517743091742686,2.4997608022419606,2.7218225403511003,-2.2766126933964714,0.20623345662031323
1,f2_strong_t2|f3_dup_a|f4_dup_b|f5_null|f6_suppressor|f7_weak|f8_bigcoef,11111110,7,-3.488064323806763,0.03219544614472594,1.4945426284519825,1.5697402177748048,-3.3839752839981445,0.10408903980861828
1,f2_strong_t2|f3_dup_a|f4_dup_b|f5_null|f6_suppressor|f7_weak|noise_0,11111101,7,-3.7587511182785036,0.03158277855305217,1.2238558339802417,1.2941517581300257,-3.660209718092013,0.0985414001864906
1,f2_strong_t2|f3_dup_a|f4_dup_b|f5_null|f6_suppressor|f8_bigcoef|noise_0,11111011,7,-3.5709968551635742,0.03141183819267115,1.411610097095171,1.4869829985360181,-3.4682611322125676,0.10273572295100664
1,f2_strong_t2|f3_dup_a|f4_dup_b|f5_null|f7_weak|f8_bigcoef|noise_0,11110111,7,-3.486902140426636,0.031411239516622974,1.4957048118321095,1.5697402177748048,-3.3839752839981445,0.10292685642849131
1,f2_strong_t2|f3_dup_a|f4_dup_b|f6_suppressor|f7_weak|f8_bigcoef|noise_0,11101111,7,-3.483429942893982,0.031903944931135374,1.4991770093647632,1.5697402177748048,-3.3839752839981445,0.0994546588958376
1,f2_strong_t2|f3_dup_a|f5_null|f6_suppressor|f7_weak|f8_bigcoef|noise_0,11011111,7,-3.509427172279358,0.030688823678942195,1.4731797799793873,1.5595429506036433,-3.3946027281072713,0.1148244441720867
1,f2_strong_t2|f4_dup_b|f5_null|f6_suppressor|f7_weak|f8_bigcoef|noise_0,10111111,7,-3.504360780239105,0.030575740215177154,1.4782461720196403,1.5595429506036433,-3.392958556348098,0.11140222389100707
1,f3_dup_a|f4_dup_b|f5_null|f6_suppressor|f7_weak|f8_bigcoef|noise_0,1111111,7,-4.290508244991303,0.03183173532765119,0.6920987072674425,0.7650212615577549,-4.206909392240064,0.0835988527512388
1,f1_strong_t1|f2_strong_t2|f3_dup_a|f4_dup_b|f5_null|f6_suppressor|f7_weak|f8_bigcoef,111111110,8,-1.6675282405853271,0.03537460690944413,3.315078711673418,3.5367387637393115,-1.4446953128046012,0.22283292778072594
1,f1_strong_t1|f2_strong_t2|f3_dup_a|f4_dup_b|f5_null|f6_suppressor|f7_weak|noise_0,111111101,8,-1.93939020652771,0.034995628568508866,3.0432167457310353,3.261150304094533,-1.7209297468984697,0.21846045962924032
1,f1_strong_t1|f2_strong_t2|f3_dup_a|f4_dup_b|f5_null|f6_suppressor|f8_bigcoef|noise_0,111111011,8,-1.7419535821914673,0.03446642753092088,3.240653370067278,3.4539815445005253,-1.5289811610190234,0.21297242117244397
1,f1_strong_t1|f2_strong_t2|f3_dup_a|f4_dup_b|f5_null|f7_weak|f8_bigcoef|noise_0,111110111,8,-3.3203618461608886,0.03238103594619577,1.6622451060978567,1.752921408822016,-3.2072424416003145,0.11311940456057412
1,f1_strong_t1|f2_strong_t2|f3_dup_a|f4_dup_b|f6_suppressor|f7_weak|f8_bigcoef|noise_0,111101111,8,-1.6561088587760926,0.035004207122245036,3.3264980934826527,3.5367387637393115,-1.4446953128046012,0.21141354597149142
1,f1_strong_t1|f2_strong_t2|f3_dup_a|f5_null|f6_suppressor|f7_weak|f8_bigcoef|noise_0,111011111,8,-1.7014332258224487,0.03407595931681112,3.281173726436297,3.52654149656815,-1.4553227569137268,0.2461104689087219
1,f1_strong_t1|f2_strong_t2|f4_dup_b|f5_null|f6_suppressor|f7_weak|f8_bigcoef|noise_0,110111111,8,-1.6883024206161499,0.0340993772842979,3.294304531642595,3.52654149656815,-1.4536785851545533,0.2346238354615966
1,f1_strong_t1|f3_dup_a|f4_dup_b|f5_null|f6_suppressor|f7_weak|f8_bigcoef|noise_0,101111111,8,-2.4581307901382448,0.0343796173115591,2.5244761621205005,2.732019807522262,-2.267629421046519,0.19050136909172588
1,f2_strong_t2|f3_dup_a|f4_dup_b|f5_null|f6_suppressor|f7_weak|f8_bigcoef|noise_0,11111111,8,-3.4904642850875853,0.03227088024133714,1.49214266717116,1.5697402177748048,-3.3839752839981445,0.10648900108944082
1,f1_strong_t1|f2_strong_t2|f3_dup_a|f4_dup_b|f5_null|f6_suppressor|f7_weak|f8_bigcoef|noise_0,111111111,9,-1.662153960132599,0.03536067589858297,3.320452992126146,3.5367387637393115,-1.4446953128046012,0.2174586473279978
5,none,0,0,-4.9660846765518185,0.02897876722553223,0.01652227570692677,0.0,-4.948509927820423,0.01757474873139575
5,f1_strong_t1,100000000,1,-4.80659098033905,0.029887344569069715,0.17601597191969542,0.18318119104721087,-4.771777085422592,0.03481389491645803
5,f2_strong_t2,10000000,1,-4.168746628379822,0.02909642223743699,0.8138603238789237,0.8047189562170504,-4.125575819578504,0.043170808801317406
5,f3_dup_a,1000000,1,-4.686587296295166,0.02819304869363215,0.2960196559635797,0.32549318486783363,-4.6379502941060675,0.048637002189098055
5,f4_dup_b,100000,1,-4.684575553226471,0.02790579830785163,0.2980313990322747,0.32549318486783363,-4.636306122346894,0.0482694308795768
5,f5_null,10000,1,-4.975183185195923,0.029351477629082173,0.0074237670628223285,0.0,-4.948509927820423,0.026673257375500192
5,f6_suppressor,1000,1,-4.9703949656486515,0.029407946739423815,0.012211986610093817,0.0,-4.948509927820423,0.021885037828228704
5,f7_weak,100,1,-4.830523968315124,0.02886606924116907,0.15208298394362085,0.15374234987398028,-4.804330904157414,0.02619306415771039
5,f8_bigcoef,10,1,-4.646571120452881,0.028759816095473255,0.33603583180586405,0.3465735902799726,-4.612382318277969,0.0341888021749126
5,noise_0,1,1,-4.974589532852173,0.02916672828760142,0.008017419406572301,0.0,-4.948509927820423,0.02607960503175022
5,f1_strong_t1|f2_strong_t2,110000000,2,-4.013451956176758,0.030122389280700195,0.9691549960819872,0.9879001472642611,-3.948842977180674,0.06460897899608398
5,f1_strong_t1|f3_dup_a,101000000,2,-4.523728878974914,0.029308079849689715,0.4588780732838309,0.5086743759150446,-4.4612174517082375,0.06251142726667691
5,f1_strong_t1|f4_dup_b,100100000,2,-4.5177209406852725,0.02869089950117455,0.46488601157347276,0.5086743759150446,-4.459573279949064,0.058147660736208806
5,f1_strong_t1|f5_null,100010000,2,-4.815003005123138,0.03013876523635933,0.167603947135607,0.18318119104721087,-4.771777085422592,0.043225919700546456
5,f1_strong_t1|f6_suppressor,100001000,2,-3.1547658593177794,0.03126461830958483,1.8278410929409659,1.9669985459645072,-3.009229956626878,0.14553590269090133
5,f1_strong_t1|f7_weak,100000100,2,-4.668066944503784,0.029867894516278814,0.31454000775496116,0.33692354092119114,-4.627598061759583,0.04046888274420102
5,f1_strong_t1|f8_bigcoef,100000010,2,-4.486844201946258,0.029571529770102294,0.49576275031248684,0.5297547813271836,-4.435649475880138,0.051194726066120744
5,f1_strong_t1|noise_0,100000001,2,-4.816467799091339,0.029913179388941672,0.16613915316740613,0.18318119104721087,-4.771777085422592,0.04469071366874733
5,f2_strong_t2|f3_dup_a,11000000,2,-3.888751573419571,0.028295340524446978,1.0938553788391743,1.130212141084884,-3.8150161858641485,0.07373538755542253
5,f2_strong_t2|f4_dup_b,10100000,2,-3.890199322271347,0.02794240710709556,1.0924076299873984,1.130212141084884,-3.813372014104975,0.07682730816637173
5,f2_strong_t2|f5_null,10010000,2,-4.178803828430175,0.029448071876355692,0.8038031238285699,0.8047189562170504,-4.125575819578504,0.05322800885167123
5,f2_strong_t2|f6_suppressor,10001000,2,-4.179213797283173,0.029970941422970965,0.8033931549755726,0.8047189562170504,-4.125575819578504,0.053637977704668494
5,f2_strong_t2|f7_weak,10000100,2,-4.031744077062607,0.029127158004642537,0.9508628751961385,0.9584613060910306,-3.981396795915495,0.05034728114711173
5,f2_strong_t2|f8_bigcoef,10000010,2,-3.8444600088119505,0.029213502235381373,1.1381469434467948,1.151292546497023,-3.7894482100360496,0.0550117987759009
5,f2_strong_t2|noise_0,10000001,2,-4.180829383087159,0.029494472003179086,0.8017775691715867,0.8047189562170504,-4.125575819578504,0.0552535635086544
5,f3_dup_a|f4_dup_b,1100000,2,-4.675058076667786,0.029815548742120605,0.30754887559095945,0.3356904520389953,-4.6273228499969425,0.04773522667084329
5,f3_dup_a|f5_null,1010000,2,-4.689933084774017,0.0285656851481911,0.29267386748472823,0.32549318486783363,-4.6379502941060675,0.05198279066794953
5,f3_dup_a|f6_suppressor,1001000,2,-4.690548318958283,0.028740254596617883,0.29205863330046267,0.32549318486783363,-4.6379502941060675,0.0525980248522151
5,f3_dup_a|f7_weak,1000100,2,-4.550215993976593,0.027816001376633887,0.4323909582821521,0.4792355347418139,-4.493771270443058,0.056444723533535246
5,f3_dup_a|f8_bigcoef,1000010,2,-4.3684640270233155,0.027813900986768787,0.6141429252354298,0.6720667751478063,-4.3018226845636125,0.06664134245970299
5,f3_dup_a|noise_0,1000001,2,-4.693961474895477,0.028277927707468894,0.28864547736326784,0.32549318486783363,-4.6379502941060675,0.05601118078940992
5,f4_dup_b|f5_null,110000,2,-4.693233158016205,0.02824758572837379,0.2893737942425405,0.32549318486783363,-4.636306122346894,0.05692703566931101
5,f4_dup_b|f6_suppressor,101000,2,-4.685160242080689,0.028656054324310638,0.2974467101780567,0.32549318486783363,-4.636306122346894,0.04885411973379483
5,f4_dup_b|f7_weak,100100,2,-4.550003353977203,0.02789415289538116,0.43260359828154193,0.4792355347418139,-4.492127098683885,0.0578762552933183
5,f4_dup_b|f8_bigcoef,100010,2,-4.368293990516663,0.027759402951355473,0.6143129617420824,0.6720667751478063,-4.300178512804439,0.06811547771222415
5,f4_dup_b|noise_0,100001,2,-4.693797050952911,0.02811786301253809,0.28880990130583406,0.32549318486783363,-4.636306122346894,0.057490928606017455
5,f5_null|f6_suppressor,11000,2,-4.979502091217041,0.029794252400628825,0.0031048610417041544,0.0,-4.948509927820423,0.030992163396618366
5,f5_null|f7_weak,10100,2,-4.839408574295044,0.029319778173313743,0.14319837796370116,0.15374234987398028,-4.804330904157414,0.03507767013763008
5,f5_null|f8_bigcoef,10010,2,-4.655451754188538,0.029015465594234343,0.32715519807020765,0.3465735902799726,-4.612382318277969,0.043069435910569
5,f5_null|noise_0,10001,2,-4.981585927677155,0.029725410135130262,0.0010210245815907015,0.0,-4.948509927820423,0.03307599985673182
5,f6_suppressor|f7_weak,1100,2,-4.83589087562561,0.029395242659289753,0.14671607663313502,0.15374234987398028,-4.804330904157414,0.031559971468196224
5,f6_suppressor|f8_bigcoef,1010,2,-4.649142827224732,0.029197334714431745,0.33346412503401357,0.3465735902799726,-4.612382318277969,0.03676050894676308
5,f6_suppressor|noise_0,1001,2,-4.981673701667786,0.029637539794612585,0.0009332505909593891,0.0,-4.948509927820423,0.03316377384736313
5,f7_weak|f8_bigcoef,110,2,-4.5750477479934695,0.029186092556430298,0.4075592042652758,0.42933080951875946,-4.528096470063545,0.04695127792992437
5,f7_weak|noise_0,101,2,-4.836496050930023,0.0290361991832323,0.14611090132872206,0.15374234987398028,-4.804330904157414,0.03216514677260918
5,f8_bigcoef|noise_0,11,2,-4.656404350948334,0.029018363012493116,0.32620260131041157,0.3465735902799726,-4.612382318277969,0.044022032670365085
5,f1_strong_t1|f2_strong_t2|f3_dup_a,111000000,3,-3.723105109643936,0.02899040663989376,1.2595018426148092,1.3133933321320947,-3.6382833434663175,0.0848217661776185
5,f1_strong_t1|f2_strong_t2|f4_dup_b,110100000,3,-3.726729869556427,0.028680594150561376,1.2558770827023182,1.3133933321320947,-3.6366391717071442,0.09009069784928281
5,f1_strong_t1|f2_strong_t2|f5_null,110010000,3,-4.021850461244584,0.030322135285915854,0.9607564910141617,0.9879001472642611,-3.948842977180674,0.07300748406390944
5,f1_strong_t1|f2_strong_t2|f6_suppressor,110001000,3,-2.344563101100922,0.03187900405808581,2.6380438511578235,2.7717175021815574,-2.1862958483849595,0.15826725271596231
5,f1_strong_t1|f2_strong_t2|f7_weak,110000100,3,-3.8775948279857637,0.03032585100728044,1.1050121242729816,1.1416424971382413,-3.804663953517664,0.07293087446809965
5,f1_strong_t1|f2_strong_t2|f8_bigcoef,110000010,3,-3.6857463479042054,0.02976668787732836,1.2968606043545399,1.3344737375442337,-3.6127153676382178,0.07303098026598764
5,f1_strong_t1|f2_strong_t2|noise_0,110000001,3,-4.023863295125961,0.03041469269401587,0.9587436571327839,0.9879001472642611,-3.948842977180674,0.0750203179452873
5,f1_strong_t1|f3_dup_a|f4_dup_b,101100000,3,-4.516688624572754,0.031038020223575474,0.4659183276859915,0.5188716430862063,-4.45059000759911,0.06609861697364394
5,f1_strong_t1|f3_dup_a|f5_null,101010000,3,-4.523765225505829,0.029317656430219965,0.4588417267529161,0.5086743759150446,-4.4612174517082375,0.06254777379759169
5,f1_strong_t1|f3_dup_a|f6_suppressor,101001000,3,-2.878109657096863,0.030457020858056336,2.1044972951618823,2.292491730832341,-2.6986703229125224,0.17943933418434055
5,f1_strong_t1|f3_dup_a|f7_weak,101000100,3,-4.387172481822968,0.028911538227552297,0.5954344704357775,0.6624167257890249,-4.317038428045227,0.07013405377774085
5,f1_strong_t1|f3_dup_a|f8_bigcoef,101000010,3,-4.206602074623108,0.028651653896391287,0.7760048776356374,0.8552479661950173,-4.125089842165781,0.0815122324573272
5,f1_strong_t1|f3_dup_a|noise_0,101000001,3,-4.534113733673096,0.029180110919388828,0.44849321858564917,0.5086743759150446,-4.4612174517082375,0.07289628196485864
5,f1_strong_t1|f4_dup_b|f5_null,100110000,3,-4.524803795051575,0.02889226228732302,0.45780315720717013,0.5086743759150446,-4.459573279949064,0.06523051510251143
5,f1_strong_t1|f4_dup_b|f6_suppressor,100101000,3,-2.8674683595657346,0.029942991502419445,2.1151385926930106,2.292491730832341,-2.697026151153349,0.17044220841238555
5,f1_strong_t1|f4_dup_b|f7_weak,100100100,3,-4.3835026615142825,0.028725246823576724,0.5991042907444628,0.6624167257890249,-4.315394256286054,0.06810840522822836
5,f1_strong_t1|f4_dup_b|f8_bigcoef,100100010,3,-4.204034328556061,0.028421576792817406,0.7785726237026847,0.8552479661950173,-4.123445670406608,0.08058865814945282
5,f1_strong_t1|f4_dup_b|noise_0,100100001,3,-4.530847471237182,0.02881381871105808,0.45175948102156305,0.5086743759150446,-4.459573279949064,0.07127419128811852
5,f1_strong_t1|f5_null|f6_suppressor,100011000,3,-3.1766926513671874,0.03157806838196581,1.805914300891558,1.9669985459645072,-3.009229956626878,0.16746269474030928
5,f1_strong_t1|f5_null|f7_weak,100010100,3,-4.678759252357483,0.030148908339681823,0.3038476999012625,0.33692354092119114,-4.627598061759583,0.0511611905978997
5,f1_strong_t1|f5_null|f8_bigcoef,100010010,3,-4.494080501747131,0.029746667208676393,0.48852645051161403,0.5297547813271836,-4.435649475880138,0.05843102586699356
5,f1_strong_t1|f5_null|noise_0,100010001,3,-4.824530473613739,0.03060014464334282,0.15807647864500662,0.18318119104721087,-4.771777085422592,0.05275338819114683
5,f1_strong_t1|f6_suppressor|f7_weak,100001100,3,-3.0183558782577515,0.03129336517077347,1.9642510740009937,2.1207408958384875,-2.865050932963869,0.1533049452938826
5,f1_strong_t1|f6_suppressor|f8_bigcoef,100001010,3,-2.8454715220451354,0.031197038836096706,2.13713543021361,2.3135721362444794,-2.6731023470844235,0.1723691749607119
5,f1_strong_t1|f6_suppressor|noise_0,100001001,3,-3.154153143501282,0.031398925459922025,1.8284538087574633,1.9669985459645072,-3.009229956626878,0.14492318687440386
5,f1_strong_t1|f7_weak|f8_bigcoef,100000110,3,-4.4115986369133,0.02997029669785105,0.5710083153454457,0.6125120005659704,-4.351363627665714,0.0602350092475854
5,f1_strong_t1|f7_weak|noise_0,100000101,3,-4.6817012528419495,0.02976012088483804,0.3009056994167958,0.33692354092119114,-4.627598061759583,0.054103191082366386
5,f1_strong_t1|f8_bigcoef|noise_0,100000011,3,-4.494797241973877,0.029553537205314027,0.48780971028486864,0.5297547813271836,-4.435649475880138,0.05914776609373895
5,f2_strong_t2|f3_dup_a|f4_dup_b,11100000,3,-3.880848372411728,0.02992565860304805,1.1017585798470173,1.1404094082560454,-3.8043887417550226,0.07645963065670536
5,f2_strong_t2|f3_dup_a|f5_null,11010000,3,-3.890317036008835,0.028732001158757913,1.0922899162499102,1.130212141084884,-3.8150161858641485,0.07530085014468657
5,f2_strong_t2|f3_dup_a|f6_suppressor,11001000,3,-3.892743969774246,0.029108380234865,1.0898629824844992,1.130212141084884,-3.8150161858641485,0.0777277839100976
5,f2_strong_t2|f3_dup_a|f7_weak,11000100,3,-3.7505906029701235,0.02817050192100699,1.2320163492886218,1.2839544909588643,-3.6708371622011393,0.07975344076898416
5,f2_strong_t2|f3_dup_a|f8_bigcoef,11000010,3,-3.5638638907432556,0.028207721014493144,1.4187430615154897,1.4767857313648562,-3.478888576321694,0.0849753144215617
5,f2_strong_t2|f3_dup_a|noise_0,11000001,3,-3.8975796822071076,0.02862166779965106,1.0850272700516377,1.130212141084884,-3.8150161858641485,0.08256349634295912
5,f2_strong_t2|f4_dup_b|f5_null,10110000,3,-3.9003152661800384,0.02828203914938161,1.0822916860787068,1.130212141084884,-3.813372014104975,0.08694325207506326
5,f2_strong_t2|f4_dup_b|f6_suppressor,10101000,3,-3.8974884572029116,0.02900560727662136,1.0851184950558337,1.130212141084884,-3.813372014104975,0.08411644309793642
5,f2_strong_t2|f4_dup_b|f7_weak,10100100,3,-3.7559011938095095,0.02798639743399464,1.2267057584492358,1.2839544909588643,-3.669192990441967,0.08670820336754259
5,f2_strong_t2|f4_dup_b|f8_bigcoef,10100010,3,-3.566265691280365,0.028104499709929162,1.4163412609783803,1.4767857313648562,-3.4772444045625206,0.08902128671784437
5,f2_strong_t2|f4_dup_b|noise_0,10100001,3,-3.9036798864364624,0.028307468834618214,1.078927065822283,1.130212141084884,-3.813372014104975,0.09030787233148718
5,f2_strong_t2|f5_null|f6_suppressor,10011000,3,-4.188271952772141,0.030256887234550143,0.7943349994866047,0.8047189562170504,-4.125575819578504,0.06269613319363643
5,f2_strong_t2|f5_null|f7_weak,10010100,3,-4.038034098100662,0.029512933581403132,0.9445728541580829,0.9584613060910306,-3.981396795915495,0.05663730218516738
5,f2_strong_t2|f5_null|f8_bigcoef,10010010,3,-3.855695516490936,0.029340364261737965,1.1269114357678092,1.151292546497023,-3.7894482100360496,0.06624730645488652
5,f2_strong_t2|f5_null|noise_0,10010001,3,-4.187975089597702,0.030022604132433392,0.7946318626610429,0.8047189562170504,-4.125575819578504,0.062399270019198205
5,f2_strong_t2|f6_suppressor|f7_weak,10001100,3,-4.038539934587479,0.030017705374300565,0.9440670176712667,0.9584613060910306,-3.981396795915495,0.05714313867198362
5,f2_strong_t2|f6_suppressor|f8_bigcoef,10001010,3,-3.8509980016231538,0.029971033730256353,1.1316089506355915,1.151292546497023,-3.7894482100360496,0.06154979158710416
5,f2_strong_t2|f6_suppressor|noise_0,10001001,3,-4.194619145345688,0.03025412271888725,0.7879878069130575,0.8047189562170504,-4.125575819578504,0.06904332576718364
5,f2_strong_t2|f7_weak|f8_bigcoef,10000110,3,-3.769032325601578,0.02973397935636224,1.2135746266571674,1.2340497657358096,-3.705162361821627,0.06386996377995091
5,f2_strong_t2|f7_weak|noise_0,10000101,3,-4.040773518037796,0.029474096710478053,0.9418334342209489,0.9584613060910306,-3.981396795915495,0.059376722122301384
5,f2_strong_t2|f8_bigcoef|noise_0,10000011,3,-3.8539488931179045,0.029645049273092052,1.1286580591408408,1.151292546497023,-3.7894482100360496,0.06450068308185486
5,f3_dup_a|f4_dup_b|f5_null,1110000,3,-4.678430414581299,0.0302341500787232,0.30417653767744657,0.3356904520389953,-4.6273228499969425,0.05110756458435617
5,f3_dup_a|f4_dup_b|f6_suppressor,1101000,3,-4.68650639667511,0.030847319900731786,0.2961005555836351,0.3356904520389953,-4.6273228499969425,0.05918354667816761
5,f3_dup_a|f4_dup_b|f7_weak,1100100,3,-4.535792832088471,0.029593706096564056,0.44681412017027444,0.48943280191297556,-4.483143826333933,0.0526490057545379
5,f3_dup_a|f4_dup_b|f8_bigcoef,1100010,3,-4.351263998794556,0.02956531189318165,0.6313429534641894,0.682264042318968,-4.291195240454487,0.060068758340069195
5,f3_dup_a|f4_dup_b|noise_0,1100001,3,-4.682036099910736,0.0299298185029031,0.3005708523480095,0.3356904520389953,-4.6273228499969425,0.05471324991379323
5,f3_dup_a|f5_null|f6_suppressor,1011000,3,-4.6969652633667,0.029020614756936756,0.28564168889204566,0.32549318486783363,-4.6379502941060675,0.0590149692606321
5,f3_dup_a|f5_null|f7_weak,1010100,3,-4.554786528301239,0.028368139456322918,0.4278204239575061,0.4792355347418139,-4.493771270443058,0.06101525785818129
5,f3_dup_a|f5_null|f8_bigcoef,1010010,3,-4.370612232780457,0.028151131023482562,0.6119947194782887,0.6720667751478063,-4.3018226845636125,0.06878954821684413
5,f3_dup_a|f5_null|noise_0,1010001,3,-4.697484233665467,0.02887899961441923,0.28512271859327853,0.32549318486783363,-4.6379502941060675,0.05953393955939923
5,f3_dup_a|f6_suppressor|f7_weak,1001100,3,-4.551802590322494,0.02843167896755561,0.43080436193625093,0.4792355347418139,-4.493771270443058,0.05803131987943644
5,f3_dup_a|f6_suppressor|f8_bigcoef,1001010,3,-4.36920749206543,0.028368764538123245,0.6133994601933157,0.6720667751478063,-4.3018226845636125,0.06738480750181708
5,f3_dup_a|f6_suppressor|noise_0,1001001,3,-4.697842822551728,0.028755822390969348,0.2847641297070176,0.32549318486783363,-4.6379502941060675,0.059892528445660176
5,f3_dup_a|f7_weak|f8_bigcoef,1000110,3,-4.297339317035675,0.028176611305027213,0.6852676352230702,0.7548239943865932,-4.21753683634919,0.07980248068648521
5,f3_dup_a|f7_weak|noise_0,1000101,3,-4.556892885589599,0.027977866024625667,0.4257140666691459,0.4792355347418139,-4.493771270443058,0.06312161514654147
5,f3_dup_a|f8_bigcoef|noise_0,1000011,3,-4.376338707447052,0.02796455565855536,0.6062682448116936,0.6720667751478063,-4.3018226845636125,0.07451602288343917
5,f4_dup_b|f5_null|f6_suppressor,111000,3,-4.696008773708344,0.028911110376828177,0.2865981785504017,0.32549318486783363,-4.636306122346894,0.05970265136144981
5,f4_dup_b|f5_null|f7_weak,110100,3,-4.557712231254578,0.028321087035751237,0.4248947210041676,0.4792355347418139,-4.492127098683885,0.06558513257069265
5,f4_dup_b|f5_null|f8_bigcoef,110010,3,-4.376330784797668,0.028012841533635403,0.6062761674610773,0.6720667751478063,-4.300178512804439,0.07615227199322927
5,f4_dup_b|f5_null|noise_0,110001,3,-4.7012515292167665,0.028619515339474027,0.2813554230419788,0.32549318486783363,-4.636306122346894,0.06494540686987271
5,f4_dup_b|f6_suppressor|f7_weak,101100,3,-4.550168320178986,0.028559392486689407,0.4324386320797595,0.4792355347418139,-4.492127098683885,0.058041221495100714
5,f4_dup_b|f6_suppressor|f8_bigcoef,101010,3,-4.365838688564301,0.028447446537120148,0.6167682636944445,0.6720667751478063,-4.300178512804439,0.06566017575986205
5,f4_dup_b|f6_suppressor|noise_0,101001,3,-4.6970631841659545,0.028708087309031644,0.2855437680927908,0.32549318486783363,-4.636306122346894,0.06075706181906071
5,f4_dup_b|f7_weak|f8_bigcoef,100110,3,-4.298356941127777,0.028442241740105626,0.6842500111309686,0.7548239943865932,-4.215892664590016,0.08246427653776056
5,f4_dup_b|f7_weak|noise_0,100101,3,-4.5602095896720884,0.028114966219463522,0.42239736258665683,0.4792355347418139,-4.492127098683885,0.0680824909882034
5,f4_dup_b|f8_bigcoef|noise_0,100011,3,-4.376420315933228,0.027966695175587808,0.6061866363255177,0.6720667751478063,-4.300178512804439,0.07624180312878881
5,f5_null|f6_suppressor|f7_weak,11100,3,-4.842697994709015,0.029734701842881513,0.13990895754973032,0.15374234987398028,-4.804330904157414,0.038367090551600924
5,f5_null|f6_suppressor|f8_bigcoef,11010,3,-4.658488181972504,0.029471361392669294,0.32411877028624136,0.3465735902799726,-4.612382318277969,0.04610586369453529
5,f5_null|f6_suppressor|noise_0,11001,3,-4.993410424613953,0.030275068032133298,-0.01080347235520751,0.0,-4.948509927820423,0.04490049679353003
5,f5_null|f7_weak|f8_bigcoef,10110,3,-4.582889374923706,0.02957282165374477,0.3997175773350392,0.42933080951875946,-4.528096470063545,0.054792904860160974
5,f5_null|f7_weak|noise_0,10101,3,-4.842795968723297,0.029608657636416708,0.1398109835354484,0.15374234987398028,-4.804330904157414,0.038465064565882834
5,f5_null|f8_bigcoef|noise_0,10011,3,-4.664419927406311,0.02943541088682165,0.3181870248524339,0.3465735902799726,-4.612382318277969,0.052037609128342766
5,f6_suppressor|f7_weak|f8_bigcoef,1110,3,-4.578924371623993,0.02970281763672079,0.4036825806347526,0.42933080951875946,-4.528096470063545,0.050827901560447586
5,f6_suppressor|f7_weak|noise_0,1101,3,-4.843620314502716,0.029481840219178625,0.13898663775602937,0.15374234987398028,-4.804330904157414,0.03928941034530187
5,f6_suppressor|f8_bigcoef|noise_0,1011,3,-4.6617026244163515,0.02937660316135423,0.32090432784239376,0.3465735902799726,-4.612382318277969,0.0493203061383829
5,f7_weak|f8_bigcoef|noise_0,111,3,-4.582045196247101,0.029417610745526644,0.4005617560116441,0.42933080951875946,-4.528096470063545,0.05394872618355606
5,f1_strong_t1|f2_strong_t2|f3_dup_a|f4_dup_b,111100000,4,-3.7144523099422453,0.03055851815908215,1.2681546423165,1.3235905993032566,-3.6276558993571917,0.08679641058505361
5,f1_strong_t1|f2_strong_t2|f3_dup_a|f5_null,111010000,4,-3.7219038657665253,0.029234552181089765,1.26070308649222,1.3133933321320947,-3.6382833434663175,0.08362052230020778
5,f1_strong_t1|f2_strong_t2|f3_dup_a|f6_suppressor,111001000,4,-2.0597369948387145,0.03070660660151666,2.9228699574200308,3.097210687049391,-1.875736214670604,0.1840007801681105
5,f1_strong_t1|f2_strong_t2|f3_dup_a|f7_weak,111000100,4,-3.587542762851715,0.028956372294717064,1.3950641894070301,1.467135682006075,-3.4941043198033093,0.09343844304840587
5,f1_strong_t1|f2_strong_t2|f3_dup_a|f8_bigcoef,111000010,4,-3.4004846514225004,0.02859776729124356,1.5821223008362448,1.6599669224120674,-3.302155733923863,0.09832891749863748
5,f1_strong_t1|f2_strong_t2|f3_dup_a|noise_0,111000001,4,-3.7329743087291716,0.02929368253310658,1.2496326435295737,1.3133933321320947,-3.6382833434663175,0.09469096526285403
5,f1_strong_t1|f2_strong_t2|f4_dup_b|f5_null,110110000,4,-3.7335069843769073,0.028827701703107417,1.249099967881838,1.3133933321320947,-3.6366391717071442,0.09686781266976308
5,f1_strong_t1|f2_strong_t2|f4_dup_b|f6_suppressor,110101000,4,-2.0574309386253358,0.03038663019633782,2.9251760136334095,3.097210687049391,-1.8740920429114303,0.1833388957139055
5,f1_strong_t1|f2_strong_t2|f4_dup_b|f7_weak,110100100,4,-3.594203157901764,0.02890044417688209,1.3884037943569814,1.467135682006075,-3.492460148044135,0.10174300985762885
5,f1_strong_t1|f2_strong_t2|f4_dup_b|f8_bigcoef,110100010,4,-3.4015274706840515,0.028487637994553748,1.5810794815746938,1.6599669224120674,-3.3005115621646897,0.10101590851936182
5,f1_strong_t1|f2_strong_t2|f4_dup_b|noise_0,110100001,4,-3.738185479259491,0.02901879179660316,1.2444214729992544,1.3133933321320947,-3.6366391717071442,0.10154630755234662
5,f1_strong_t1|f2_strong_t2|f5_null|f6_suppressor,110011000,4,-2.3665660640716553,0.03208796160851054,2.61604088818709,2.7717175021815574,-2.1862958483849595,0.18027021568669577
5,f1_strong_t1|f2_strong_t2|f5_null|f7_weak,110010100,4,-3.8809812836170194,0.030464004154577128,1.1016256686417258,1.1416424971382413,-3.804663953517664,0.07631733009935537
5,f1_strong_t1|f2_strong_t2|f5_null|f8_bigcoef,110010010,4,-3.6958650266170503,0.029925757552512363,1.286741925641695,1.3344737375442337,-3.6127153676382178,0.08314965897883253
5,f1_strong_t1|f2_strong_t2|f5_null|noise_0,110010001,4,-4.032157610607147,0.03085066372807263,0.9504493416515984,0.9879001472642611,-3.948842977180674,0.08331463342647272
5,f1_strong_t1|f2_strong_t2|f6_suppressor|f7_weak,110001100,4,-2.2155117188453675,0.032111333303530026,2.767095233413378,2.9254598520555377,-2.0421168247219508,0.1733948941234167
5,f1_strong_t1|f2_strong_t2|f6_suppressor|f8_bigcoef,110001010,4,-2.0385318093299865,0.031927017693107934,2.944075142928759,3.11829109246153,-1.8501682388425047,0.18836357048748176
5,f1_strong_t1|f2_strong_t2|f6_suppressor|noise_0,110001001,4,-2.3546789954185487,0.03231376207031769,2.6279279568401965,2.7717175021815574,-2.1862958483849595,0.16838314703358925
5,f1_strong_t1|f2_strong_t2|f7_weak|f8_bigcoef,110000110,4,-3.611719518995285,0.030449589795959638,1.3708874332634604,1.4172309567830204,-3.528429519423795,0.08328999957148975
5,f1_strong_t1|f2_strong_t2|f7_weak|noise_0,110000101,4,-3.8886433651447296,0.030408324437105984,1.0939635871140156,1.1416424971382413,-3.804663953517664,0.08397941162706557
5,f1_strong_t1|f2_strong_t2|f8_bigcoef|noise_0,110000011,4,-3.693067759656906,0.03005516942873869,1.2895391926018394,1.3344737375442337,-3.6127153676382178,0.08035239201868816
5,f1_strong_t1|f3_dup_a|f4_dup_b|f5_null,101110000,4,-4.513109095287323,0.031103513091451384,0.4694978569714223,0.5188716430862063,-4.450590007599112,0.06251908768821135
5,f1_strong_t1|f3_dup_a|f4_dup_b|f6_suppressor,101101000,4,-2.859953304481506,0.03226240614364921,2.122653647777239,2.302688998003503,-2.688042878803397,0.1719104256781092
5,f1_strong_t1|f3_dup_a|f4_dup_b|f7_weak,101100100,4,-4.374295787858963,0.03073721951784777,0.6083111643997823,0.6726139929601865,-4.306410983936101,0.06788480392286189
5,f1_strong_t1|f3_dup_a|f4_dup_b|f8_bigcoef,101100010,4,-4.196398568010331,0.030601383455779462,0.7862083842484147,0.8654452333661787,-4.114462398056656,0.08193616995367492
5,f1_strong_t1|f3_dup_a|f4_dup_b|noise_0,101100001,4,-4.522347230958939,0.030960094133165028,0.4602597212998063,0.5188716430862063,-4.45059000759911,0.07175722335982915
5,f1_strong_t1|f3_dup_a|f5_null|f6_suppressor,101011000,4,-2.887904500770569,0.03081129770010733,2.0947024514881765,2.292491730832341,-2.6986703229125224,0.18923417785804642
5,f1_strong_t1|f3_dup_a|f5_null|f7_weak,101010100,4,-4.3898479014396665,0.02917559227490958,0.5927590508190788,0.6624167257890249,-4.317038428045227,0.07280947339443955
5,f1_strong_t1|f3_dup_a|f5_null|f8_bigcoef,101010010,4,-4.206789712810516,0.028767873215094192,0.7758172394482292,0.8552479661950173,-4.125089842165781,0.08169987064473538
5,f1_strong_t1|f3_dup_a|f5_null|noise_0,101010001,4,-4.536525548744201,0.02963352981701706,0.44608140351454395,0.5086743759150446,-4.4612174517082375,0.07530809703596386
5,f1_strong_t1|f3_dup_a|f6_suppressor|f7_weak,101001100,4,-2.739904688549042,0.030261939521943025,2.2427022637097034,2.446234080706321,-2.5544912992495132,0.18541338929952866
5,f1_strong_t1|f3_dup_a|f6_suppressor|f8_bigcoef,101001010,4,-2.5579625383377076,0.030281164090636158,2.4246444139210377,2.639065321112313,-2.362542713370068,0.19541982496763977
5,f1_strong_t1|f3_dup_a|f6_suppressor|noise_0,101001001,4,-2.902604652118683,0.03067830647372198,2.0800023001400625,2.292491730832341,-2.6986703229125224,0.2039343292061604
5,f1_strong_t1|f3_dup_a|f7_weak|f8_bigcoef,101000110,4,-4.13322904677391,0.029007166865341483,0.8493779054848352,0.938005185433804,-4.040803993951359,0.0924250528225512
5,f1_strong_t1|f3_dup_a|f7_weak|noise_0,101000101,4,-4.397581532239914,0.028793721669545767,0.5850254200188312,0.6624167257890249,-4.317038428045227,0.08054310419468713
5,f1_strong_t1|f3_dup_a|f8_bigcoef|noise_0,101000011,4,-4.214253639316559,0.028612481294569964,0.7683533129421862,0.8552479661950173,-4.125089842165781,0.08916379715077838
5,f1_strong_t1|f4_dup_b|f5_null|f6_suppressor,100111000,4,-2.8979024659633636,0.030208923706070173,2.0847044862953816,2.292491730832341,-2.697026151153349,0.20087631481001456
5,f1_strong_t1|f4_dup_b|f5_null|f7_weak,100110100,4,-4.38924274930954,0.028954283668802386,0.5933642029492052,0.6624167257890249,-4.315394256286054,0.07384849302348595
5,f1_strong_t1|f4_dup_b|f5_null|f8_bigcoef,100110010,4,-4.2083561740398405,0.028579307507681662,0.7742507782189048,0.8552479661950173,-4.123445670406608,0.08491050363323271
5,f1_strong_t1|f4_dup_b|f5_null|noise_0,100110001,4,-4.53748020324707,0.029300670302662816,0.44512674901167504,0.5086743759150446,-4.459573279949064,0.07790692329800653
5,f1_strong_t1|f4_dup_b|f6_suppressor|f7_weak,100101100,4,-2.7403287524223328,0.030132175202217358,2.2422781998364125,2.446234080706321,-2.55284712749034,0.18748162493199283
5,f1_strong_t1|f4_dup_b|f6_suppressor|f8_bigcoef,100101010,4,-2.554859187412262,0.029966131668127935,2.427747764846483,2.639065321112313,-2.3608985416108945,0.19396064580136763
5,f1_strong_t1|f4_dup_b|f6_suppressor|noise_0,100101001,4,-2.8678765022277832,0.030174993500330868,2.114730450030962,2.292491730832341,-2.697026151153349,0.17085035107443414
5,f1_strong_t1|f4_dup_b|f7_weak|f8_bigcoef,100100110,4,-4.132586328125,0.029127390602779676,0.8500206241337454,0.938005185433804,-4.039159822192186,0.09342650593281387
5,f1_strong_t1|f4_dup_b|f7_weak|noise_0,100100101,4,-4.397619145822525,0.028772918401490353,0.58498780643622,0.6624167257890249,-4.315394256286054,0.08222488953647122
5,f1_strong_t1|f4_dup_b|f8_bigcoef|noise_0,100100011,4,-4.213731050729751,0.02852351020154749,0.7688759015289941,0.8552479661950173,-4.123445670406608,0.09028538032314337
5,f1_strong_t1|f5_null|f6_suppressor|f7_weak,100011100,4,-3.0352634346961973,0.03165478048842035,1.947343517562548,2.1207408958384875,-2.865050932963869,0.17021250173232838
5,f1_strong_t1|f5_null|f6_suppressor|f8_bigcoef,100011010,4,-2.863763069629669,0.03152035444030492,2.118843882629076,2.3135721362444794,-2.6731023470844235,0.1906607225452457
5,f1_strong_t1|f5_null|f6_suppressor|noise_0,100011001,4,-3.1722195335388186,0.031964806096267104,1.8103874187199267,1.9669985459645072,-3.009229956626878,0.1629895769119405
5,f1_strong_t1|f5_null|f7_weak|f8_bigcoef,100010110,4,-4.42008364238739,0.03030269103098357,0.5625233098713549,0.6125120005659704,-4.351363627665714,0.06872001472167621
5,f1_strong_t1|f5_null|f7_weak|noise_0,100010101,4,-4.688300722885132,0.03039436883220571,0.29430622937361317,0.33692354092119114,-4.627598061759583,0.06070266112554901
5,f1_strong_t1|f5_null|f8_bigcoef|noise_0,100010011,4,-4.505022713947296,0.030161727650372193,0.477584238311449,0.5297547813271836,-4.435649475880138,0.06937323806715856
5,f1_strong_t1|f6_suppressor|f7_weak|f8_bigcoef,100001110,4,-2.7656573378562928,0.031737127345576974,2.2169496144024525,2.3963293554832665,-2.588816498870001,0.17684083898629188
5,f1_strong_t1|f6_suppressor|f7_weak|noise_0,100001101,4,-3.0330310647964476,0.03130547484678526,1.9495758874622977,2.1207408958384875,-2.865050932963869,0.16798013183257865
5,f1_strong_t1|f6_suppressor|f8_bigcoef|noise_0,100001011,4,-2.8589181529045105,0.03120795573791925,2.123688799354235,2.3135721362444794,-2.6731023470844235,0.18581580582008694
5,f1_strong_t1|f7_weak|f8_bigcoef|noise_0,100000111,4,-4.4225199066638945,0.029982840745463736,0.5600870455948508,0.6125120005659704,-4.351363627665714,0.07115627899818033
5,f2_strong_t2|f3_dup_a|f4_dup_b|f5_null,11110000,4,-3.885102326345444,0.030430907689680164,1.0975046259133014,1.1404094082560454,-3.8043887417550226,0.08071358459042122
5,f2_strong_t2|f3_dup_a|f4_dup_b|f6_suppressor,11101000,4,-3.889044589471817,0.030939947456579343,1.0935623627869284,1.1404094082560454,-3.8043887417550226,0.08465584771679424
5,f2_strong_t2|f3_dup_a|f4_dup_b|f7_weak,11100100,4,-3.743215020418167,0.029795586650103692,1.2393919318405784,1.2941517581300257,-3.660209718092013,0.08300530232615388
5,f2_strong_t2|f3_dup_a|f4_dup_b|f8_bigcoef,11100010,4,-3.548877595806122,0.02999116905247169,1.4337293564526234,1.4869829985360181,-3.4682611322125676,0.08061646359355423
5,f2_strong_t2|f3_dup_a|f4_dup_b|noise_0,11100001,4,-3.889598819541931,0.030291792778663784,1.0930081327168142,1.1404094082560454,-3.8043887417550226,0.08521007778690848
5,f2_strong_t2|f3_dup_a|f5_null|f6_suppressor,11011000,4,-3.896173912000656,0.029439295108081822,1.0864330402580893,1.130212141084884,-3.8150161858641485,0.08115772613650751
5,f2_strong_t2|f3_dup_a|f5_null|f7_weak,11010100,4,-3.7504427870750425,0.02863663341413127,1.2321641651837028,1.2839544909588643,-3.6708371622011393,0.07960562487390321
5,f2_strong_t2|f3_dup_a|f5_null|f8_bigcoef,11010010,4,-3.5648949959754943,0.028419262492545925,1.417711956283251,1.4767857313648562,-3.478888576321694,0.0860064196538004
5,f2_strong_t2|f3_dup_a|f5_null|noise_0,11010001,4,-3.8989615145683287,0.02923668583316106,1.0836454376904165,1.130212141084884,-3.8150161858641485,0.08394532870418026
5,f2_strong_t2|f3_dup_a|f6_suppressor|f7_weak,11001100,4,-3.7532960053920745,0.02894317667343199,1.2293109468666708,1.2839544909588643,-3.6708371622011393,0.08245884319093522
5,f2_strong_t2|f3_dup_a|f6_suppressor|f8_bigcoef,11001010,4,-3.5638898057460784,0.028941675857510295,1.418717146512667,1.4767857313648562,-3.478888576321694,0.08500122942438448
5,f2_strong_t2|f3_dup_a|f6_suppressor|noise_0,11001001,4,-3.90520400223732,0.02940038476692686,1.0774029500214253,1.130212141084884,-3.8150161858641485,0.09018781637317153
5,f2_strong_t2|f3_dup_a|f7_weak|f8_bigcoef,11000110,4,-3.4901611685752867,0.028776733431605826,1.4924457836834586,1.5595429506036433,-3.3946027281072713,0.09555844046801543
5,f2_strong_t2|f3_dup_a|f7_weak|noise_0,11000101,4,-3.7599468486309053,0.028483125883822288,1.22266010362784,1.2839544909588643,-3.6708371622011393,0.08910968642976602
5,f2_strong_t2|f3_dup_a|f8_bigcoef|noise_0,11000011,4,-3.571384076690674,0.028500298782358685,1.4112228755680714,1.4767857313648562,-3.478888576321694,0.09249550036898002
5,f2_strong_t2|f4_dup_b|f5_null|f6_suppressor,10111000,4,-3.9052584003448487,0.02920360560695975,1.0773485519138966,1.130212141084884,-3.813372014104975,0.09188638623987355
5,f2_strong_t2|f4_dup_b|f5_null|f7_weak,10110100,4,-3.7600445052623748,0.02830301219487151,1.2225624469963705,1.2839544909588643,-3.669192990441967,0.09085151482040787
5,f2_strong_t2|f4_dup_b|f5_null|f8_bigcoef,10110010,4,-3.574084422492981,0.028230091713989037,1.4085225297657642,1.4767857313648562,-3.4772444045625206,0.09684001793046049
5,f2_strong_t2|f4_dup_b|f5_null|noise_0,10110001,4,-3.9116770536899566,0.028812120642500223,1.0709298985687887,1.130212141084884,-3.813372014104975,0.09830503958498138
5,f2_strong_t2|f4_dup_b|f6_suppressor|f7_weak,10101100,4,-3.7575860074043272,0.028978282594457398,1.225020944854418,1.2839544909588643,-3.669192990441967,0.08839301696236035
5,f2_strong_t2|f4_dup_b|f6_suppressor|f8_bigcoef,10101010,4,-3.5666928454399107,0.029025824043419673,1.4159141068188346,1.4767857313648562,-3.4772444045625206,0.08944844087739012
5,f2_strong_t2|f4_dup_b|f6_suppressor|noise_0,10101001,4,-3.9122744980335233,0.02921624082296078,1.070332454225222,1.130212141084884,-3.813372014104975,0.09890248392854817
5,f2_strong_t2|f4_dup_b|f7_weak|f8_bigcoef,10100110,4,-3.49399287443161,0.028797657866460893,1.488614077827135,1.5595429506036433,-3.392958556348098,0.10103431808351226
5,f2_strong_t2|f4_dup_b|f7_weak|noise_0,10100101,4,-3.768796829032898,0.028347867417596456,1.2138101232258474,1.2839544909588643,-3.669192990441967,0.09960383859093103
5,f2_strong_t2|f4_dup_b|f8_bigcoef|noise_0,10100011,4,-3.5773486047267915,0.028413332161831274,1.4052583475319538,1.4767857313648562,-3.4772444045625206,0.1001042001642709
5,f2_strong_t2|f5_null|f6_suppressor|f7_weak,10011100,4,-4.045120606660843,0.030267792445302647,0.9374863455979021,0.9584613060910306,-3.981396795915495,0.06372381074534816
5,f2_strong_t2|f5_null|f6_suppressor|f8_bigcoef,10011010,4,-3.8630472219944,0.030086212161474685,1.1195597302643452,1.151292546497023,-3.7894482100360496,0.0735990119583505
5,f2_strong_t2|f5_null|f6_suppressor|noise_0,10011001,4,-4.2067859255313875,0.030865302080532394,0.7758210267273578,0.8047189562170504,-4.125575819578504,0.08121010595288336
5,f2_strong_t2|f5_null|f7_weak|f8_bigcoef,10010110,4,-3.779018046283722,0.029939245438230722,1.2035889059750233,1.2340497657358096,-3.705162361821627,0.073855684462095
5,f2_strong_t2|f5_null|f7_weak|noise_0,10010101,4,-4.045312842750549,0.03002242809715062,0.9372941095081959,0.9584613060910306,-3.981396795915495,0.06391604683505436
5,f2_strong_t2|f5_null|f8_bigcoef|noise_0,10010011,4,-3.8630220279693606,0.02990793639609397,1.1195849242893847,1.151292546497023,-3.7894482100360496,0.07357381793331097
5,f2_strong_t2|f6_suppressor|f7_weak|f8_bigcoef,10001110,4,-3.7747356161117556,0.030520327928989274,1.2078713361469897,1.2340497657358096,-3.705162361821627,0.06957325429012862
5,f2_strong_t2|f6_suppressor|f7_weak|noise_0,10001101,4,-4.048472963190079,0.030191147444366753,0.9341339890686662,0.9584613060910306,-3.981396795915495,0.0670761672745841
5,f2_strong_t2|f6_suppressor|f8_bigcoef|noise_0,10001011,4,-3.864995321083069,0.03029722198409258,1.1176116311756763,1.151292546497023,-3.7894482100360496,0.07554711104701939
5,f2_strong_t2|f7_weak|f8_bigcoef|noise_0,10000111,4,-3.7743132100582124,0.03004298555058906,1.2082937422005329,1.2340497657358096,-3.705162361821627,0.06915084823658546
5,f3_dup_a|f4_dup_b|f5_null|f6_suppressor,1111000,4,-4.69183992805481,0.031148351887635605,0.2907670242039355,0.3356904520389953,-4.6273228499969425,0.06451707805786722
5,f3_dup_a|f4_dup_b|f5_null|f7_weak,1110100,4,-4.540399642753601,0.030111103764806208,0.442207309505144,0.48943280191297556,-4.483143826333933,0.05725581641966837
5,f3_dup_a|f4_dup_b|f5_null|f8_bigcoef,1110010,4,-4.355322609138489,0.02994309481240076,0.6272843431202562,0.682264042318968,-4.291195240454487,0.06412736868400248
5,f3_dup_a|f4_dup_b|f5_null|noise_0,1110001,4,-4.685013620758057,0.03053694057100407,0.29759333150068823,0.3356904520389953,-4.6273228499969425,0.05769077076111451
5,f3_dup_a|f4_dup_b|f6_suppressor|f7_weak,1101100,4,-4.5417282298088075,0.03046360357539347,0.44087872244993775,0.48943280191297556,-4.483143826333933,0.05858440347487459
5,f3_dup_a|f4_dup_b|f6_suppressor|f8_bigcoef,1101010,4,-4.363498276042939,0.03056565525573547,0.6191086762158067,0.682264042318968,-4.291195240454487,0.07230303558845197
5,f3_dup_a|f4_dup_b|f6_suppressor|noise_0,1101001,4,-4.693551054430008,0.030813190340241797,0.289055897828737,0.3356904520389953,-4.6273228499969425,0.06622820443306576
5,f3_dup_a|f4_dup_b|f7_weak|f8_bigcoef,1100110,4,-4.278614092683792,0.03007749517488423,0.703992859574953,0.7650212615577549,-4.206909392240064,0.07170470044372834
5,f3_dup_a|f4_dup_b|f7_weak|noise_0,1100101,4,-4.542079870605469,0.02975884561115513,0.4405270816532765,0.48943280191297556,-4.483143826333933,0.05893604427153587
5,f3_dup_a|f4_dup_b|f8_bigcoef|noise_0,1100011,4,-4.35650791683197,0.029711067041601716,0.6260990354267753,0.682264042318968,-4.291195240454487,0.06531267637748339
5,f3_dup_a|f5_null|f6_suppressor|f7_weak,1011100,4,-4.5579859393119815,0.02880619367767712,0.4246210129467638,0.4792355347418139,-4.493771270443058,0.06421466886892357
5,f3_dup_a|f5_null|f6_suppressor|f8_bigcoef,1011010,4,-4.375463363265991,0.02862280379933876,0.6071435889927539,0.6720667751478063,-4.3018226845636125,0.07364067870237889
5,f3_dup_a|f5_null|f6_suppressor|noise_0,1011001,4,-4.705875255012512,0.029322373645052777,0.27673169724623303,0.32549318486783363,-4.6379502941060675,0.06792496090644473
5,f3_dup_a|f5_null|f7_weak|f8_bigcoef,1010110,4,-4.300967484283447,0.0286668947393761,0.6816394679752982,0.7548239943865932,-4.21753683634919,0.08343064793425725
5,f3_dup_a|f5_null|f7_weak|noise_0,1010101,4,-4.560245561885834,0.028624998705869723,0.4223613903729113,0.4792355347418139,-4.493771270443058,0.06647429144277606
5,f3_dup_a|f5_null|f8_bigcoef|noise_0,1010011,4,-4.379388796997071,0.028497557785511992,0.6032181552616747,0.6720667751478063,-4.3018226845636125,0.07756611243345812
5,f3_dup_a|f6_suppressor|f7_weak|f8_bigcoef,1001110,4,-4.294648358535767,0.02873043968385698,0.6879585937229784,0.7548239943865932,-4.21753683634919,0.07711152218657702
5,f3_dup_a|f6_suppressor|f7_weak|noise_0,1001101,4,-4.559477495670318,0.028432808037334743,0.42312945658842693,0.4792355347418139,-4.493771270443058,0.06570622522726044
5,f3_dup_a|f6_suppressor|f8_bigcoef|noise_0,1001011,4,-4.3756136443138125,0.02833902002516174,0.6069933079449328,0.6720667751478063,-4.3018226845636125,0.0737909597502
5,f3_dup_a|f7_weak|f8_bigcoef|noise_0,1000111,4,-4.304822171211243,0.0283838993428611,0.6777847810475022,0.7548239943865932,-4.21753683634919,0.08728533486205325
5,f4_dup_b|f5_null|f6_suppressor|f7_weak,111100,4,-4.558953527832031,0.028887131012325287,0.42365342442671405,0.4792355347418139,-4.492127098683885,0.06682642914814618
5,f4_dup_b|f5_null|f6_suppressor|f8_bigcoef,111010,4,-4.375386640930175,0.028685113828172674,0.6072203113285699,0.6720667751478063,-4.300178512804439,0.07520812812573663
5,f4_dup_b|f5_null|f6_suppressor|noise_0,111001,4,-4.709814656448364,0.029231715796024887,0.27279229581038145,0.32549318486783363,-4.636306122346894,0.07350853410147007
5,f4_dup_b|f5_null|f7_weak|f8_bigcoef,110110,4,-4.3060157121658325,0.028832641096264627,0.6765912400929128,0.7548239943865932,-4.215892664590016,0.09012304757581635
5,f4_dup_b|f5_null|f7_weak|noise_0,110101,4,-4.566213594722748,0.02863348299591646,0.4163933575359975,0.4792355347418139,-4.492127098683885,0.07408649603886275
5,f4_dup_b|f5_null|f8_bigcoef|noise_0,110011,4,-4.383376098442078,0.028360613908174303,0.5992308538166675,0.6720667751478063,-4.300178512804439,0.08319758563763902
5,f4_dup_b|f6_suppressor|f7_weak|f8_bigcoef,101110,4,-4.294145949172973,0.0290076263250146,0.6884610030857718,0.7548239943865932,-4.215892664590016,0.07825328458295733
5,f4_dup_b|f6_suppressor|f7_weak|noise_0,101101,4,-4.562666565608978,0.028661089584965594,0.41994038664976685,0.4792355347418139,-4.492127098683885,0.07053946692509339
5,f4_dup_b|f6_suppressor|f8_bigcoef|noise_0,101011,4,-4.379235658454895,0.028489554382116613,0.6033712938038507,0.6720667751478063,-4.300178512804439,0.07905714565045585
5,f4_dup_b|f7_weak|f8_bigcoef|noise_0,100111,4,-4.306240599632263,0.028593454163247763,0.6763663526264825,0.7548239943865932,-4.215892664590016,0.0903479350422467
5,f5_null|f6_suppressor|f7_weak|f8_bigcoef,11110,4,-4.585639125537872,0.03000668940766241,0.39696782672087316,0.42933080951875946,-4.528096470063545,0.05754265547432702
5,f5_null|f6_suppressor|f7_weak|noise_0,11101,4,-4.8531017146110536,0.030013278612464184,0.12950523764769173,0.15374234987398028,-4.804330904157414,0.04877081045363951
5,f5_null|f6_suppressor|f8_bigcoef|noise_0,11011,4,-4.674546478652954,0.02990088637645165,0.30806047360579125,0.3465735902799726,-4.612382318277969,0.0621641603749854
5,f5_null|f7_weak|f8_bigcoef|noise_0,10111,4,-4.590213464164734,0.029931503728894346,0.39239348809401164,0.42933080951875946,-4.528096470063545,0.06211699410118854
5,f6_suppressor|f7_weak|f8_bigcoef|noise_0,1111,4,-4.586875506877899,0.029807438653226034,0.3957314453808465,0.42933080951875946,-4.528096470063545,0.0587790368143537
5,f1_strong_t1|f2_strong_t2|f3_dup_a|f4_dup_b|f5_null,111110000,5,-3.7151867906570435,0.03083467156292968,1.2674201616017018,1.3235905993032566,-3.6276558993571917,0.08753089129985181
5,f1_strong_t1|f2_strong_t2|f3_dup_a|f4_dup_b|f6_suppressor,111101000,5,-2.052294419670105,0.032206283167850826,2.93031253258864,3.1074079542205526,-1.8651087705614784,0.18718564910862678
5,f1_strong_t1|f2_strong_t2|f3_dup_a|f4_dup_b|f7_weak,111100100,5,-3.57705521068573,0.030468352685855512,1.4055517415730154,1.477332949177237,-3.4834768756941825,0.09357833499154733
5,f1_strong_t1|f2_strong_t2|f3_dup_a|f4_dup_b|f8_bigcoef,111100010,5,-3.38496232008934,0.030317919861982325,1.597644632169405,1.6701641895832289,-3.291528289814737,0.09343403027460306
5,f1_strong_t1|f2_strong_t2|f3_dup_a|f4_dup_b|noise_0,111100001,5,-3.722287295627594,0.03085215037384176,1.2603196566311512,1.3235905993032566,-3.6276558993571917,0.0946313962704024
5,f1_strong_t1|f2_strong_t2|f3_dup_a|f5_null|f6_suppressor,111011000,5,-2.0678508043289185,0.0309627901130522,2.9147561479298267,3.097210687049391,-1.875736214670604,0.19211458965831452
5,f1_strong_t1|f2_strong_t2|f3_dup_a|f5_null|f7_weak,111010100,5,-3.5846231977939604,0.029242707224258715,1.3979837544647848,1.467135682006075,-3.4941043198033093,0.09051887799065117
5,f1_strong_t1|f2_strong_t2|f3_dup_a|f5_null|f8_bigcoef,111010010,5,-3.3986221677303314,0.028748427276633334,1.5839847845284138,1.6599669224120674,-3.302155733923863,0.09646643380646847
5,f1_strong_t1|f2_strong_t2|f3_dup_a|f5_null|noise_0,111010001,5,-3.73457877869606,0.029758536032122033,1.2480281735626853,1.3133933321320947,-3.6382833434663175,0.09629543522974249
5,f1_strong_t1|f2_strong_t2|f3_dup_a|f6_suppressor|f7_weak,111001100,5,-1.9287646695137024,0.03074731114812611,3.053842282745043,3.2509530369233715,-1.7315571910075949,0.19720747850610754
5,f1_strong_t1|f2_strong_t2|f3_dup_a|f6_suppressor|f8_bigcoef,111001010,5,-1.7373149689674376,0.03055528572139353,3.245291983291308,3.443784277329364,-1.539608605128149,0.19770636383928863
5,f1_strong_t1|f2_strong_t2|f3_dup_a|f6_suppressor|noise_0,111001001,5,-2.074357677745819,0.031291806633062906,2.9082492745129263,3.097210687049391,-1.875736214670604,0.198621463075215
5,f1_strong_t1|f2_strong_t2|f3_dup_a|f7_weak|f8_bigcoef,111000110,5,-3.329260138130188,0.02929990753056398,1.6533468141285574,1.742724141650854,-3.2178698857094394,0.1113902524207484
5,f1_strong_t1|f2_strong_t2|f3_dup_a|f7_weak|noise_0,111000101,5,-3.5985886306285857,0.029137573227000824,1.3840183216301596,1.467135682006075,-3.4941043198033093,0.10448431082527643
5,f1_strong_t1|f2_strong_t2|f3_dup_a|f8_bigcoef|noise_0,111000011,5,-3.4068576364994048,0.02886075414211358,1.5757493157593405,1.6599669224120674,-3.302155733923863,0.1047019025755418
5,f1_strong_t1|f2_strong_t2|f4_dup_b|f5_null|f6_suppressor,110111000,5,-2.0873739486694336,0.030397861534227844,2.8952330035893117,3.097210687049391,-1.8740920429114303,0.21328190575800332
5,f1_strong_t1|f2_strong_t2|f4_dup_b|f5_null|f7_weak,110110100,5,-3.5946822430610657,0.028979786791443272,1.3879247091976796,1.467135682006075,-3.492460148044135,0.10222209501693058
5,f1_strong_t1|f2_strong_t2|f4_dup_b|f5_null|f8_bigcoef,110110010,5,-3.404994041442871,0.02851377427320954,1.577612910815874,1.6599669224120674,-3.3005115621646897,0.10448247927818155
5,f1_strong_t1|f2_strong_t2|f4_dup_b|f5_null|noise_0,110110001,5,-3.7449943486213684,0.02938990778935707,1.237612603637377,1.3133933321320947,-3.6366391717071442,0.10835517691422414
5,f1_strong_t1|f2_strong_t2|f4_dup_b|f6_suppressor|f7_weak,110101100,5,-1.930028708744049,0.030739665679824838,3.052578243514696,3.2509530369233715,-1.7299130192484216,0.20011568949562752
5,f1_strong_t1|f2_strong_t2|f4_dup_b|f6_suppressor|f8_bigcoef,110101010,5,-1.7459523644447326,0.03089932203875914,3.2366545878140127,3.443784277329364,-1.5379644333689753,0.2079879310757573
5,f1_strong_t1|f2_strong_t2|f4_dup_b|f6_suppressor|noise_0,110101001,5,-2.0673276854515077,0.03077866703406289,2.9152792668072376,3.097210687049391,-1.8740920429114303,0.1932356425400774
5,f1_strong_t1|f2_strong_t2|f4_dup_b|f7_weak|f8_bigcoef,110100110,5,-3.3322957338809966,0.029382248739326603,1.6503112183777486,1.742724141650854,-3.216225713950266,0.11607001993073052
5,f1_strong_t1|f2_strong_t2|f4_dup_b|f7_weak|noise_0,110100101,5,-3.6057813136577606,0.0291155735718385,1.3768256386009847,1.467135682006075,-3.492460148044135,0.11332116561362549
5,f1_strong_t1|f2_strong_t2|f4_dup_b|f8_bigcoef|noise_0,110100011,5,-3.411463459587097,0.028790454223510942,1.571143492671648,1.6599669224120674,-3.3005115621646897,0.11095189742240752
5,f1_strong_t1|f2_strong_t2|f5_null|f6_suppressor|f7_weak,110011100,5,-2.235820085334778,0.03244838016651613,2.7467868669239675,2.9254598520555377,-2.0421168247219508,0.19370326061282706
5,f1_strong_t1|f2_strong_t2|f5_null|f6_suppressor|f8_bigcoef,110011010,5,-2.0516194274902344,0.03188565510836271,2.930987524768511,3.11829109246153,-1.8501682388425047,0.2014511886477297
5,f1_strong_t1|f2_strong_t2|f5_null|f6_suppressor|noise_0,110011001,5,-2.3722358631134033,0.03270834203661612,2.610371089145342,2.7717175021815574,-2.1862958483849595,0.1859400147284438
5,f1_strong_t1|f2_strong_t2|f5_null|f7_weak|f8_bigcoef,110010110,5,-3.6176788063526155,0.030587096354525056,1.3649281459061298,1.4172309567830204,-3.528429519423795,0.08924928692882039
5,f1_strong_t1|f2_strong_t2|f5_null|f7_weak|noise_0,110010101,5,-3.8915432656764986,0.030854826467560166,1.0910636865822467,1.1416424971382413,-3.804663953517664,0.08687931215883449
5,f1_strong_t1|f2_strong_t2|f5_null|f8_bigcoef|noise_0,110010011,5,-3.703401093864441,0.030454512809491945,1.2792058583943042,1.3344737375442337,-3.6127153676382178,0.09068572622622328
5,f1_strong_t1|f2_strong_t2|f6_suppressor|f7_weak|f8_bigcoef,110001110,5,-1.9642663427352904,0.03265869008787076,3.018340609523455,3.201048311700317,-1.765882390628082,0.19838395210720838
5,f1_strong_t1|f2_strong_t2|f6_suppressor|f7_weak|noise_0,110001101,5,-2.2346523797035216,0.03225997621615061,2.7479545725552237,2.9254598520555377,-2.0421168247219508,0.19253555498157082
5,f1_strong_t1|f2_strong_t2|f6_suppressor|f8_bigcoef|noise_0,110001011,5,-2.056381809425354,0.032195828609533406,2.9262251428333914,3.11829109246153,-1.8501682388425047,0.20621357058284917
5,f1_strong_t1|f2_strong_t2|f7_weak|f8_bigcoef|noise_0,110000111,5,-3.61827435131073,0.03056743920812986,1.3643326009480155,1.4172309567830204,-3.528429519423795,0.0898448318869347
5,f1_strong_t1|f3_dup_a|f4_dup_b|f5_null|f6_suppressor,101111000,5,-2.867266631221771,0.032478978161425476,2.115340321036974,2.302688998003503,-2.688042878803397,0.17922375241837418
5,f1_strong_t1|f3_dup_a|f4_dup_b|f5_null|f7_weak,101110100,5,-4.374538550615311,0.031019021714515697,0.6080684016434343,0.6726139929601865,-4.306410983936101,0.06812756667920983
5,f1_strong_t1|f3_dup_a|f4_dup_b|f5_null|f8_bigcoef,101110010,5,-4.193906807756424,0.030722131159575675,0.7887001445023216,0.8654452333661787,-4.114462398056656,0.07944440969976796
5,f1_strong_t1|f3_dup_a|f4_dup_b|f5_null|noise_0,101110001,5,-4.52198010854721,0.03133088836758098,0.46062684371153484,0.5188716430862063,-4.450590007599112,0.07139010094809883
5,f1_strong_t1|f3_dup_a|f4_dup_b|f6_suppressor|f7_weak,101101100,5,-2.7271358840942383,0.032168315306312936,2.255471068164507,2.456431347877483,-2.543863855140388,0.18327202895385053
5,f1_strong_t1|f3_dup_a|f4_dup_b|f6_suppressor|f8_bigcoef,101101010,5,-2.5330766680717467,0.031976751675505656,2.4495302841869986,2.6492625882834755,-2.3519152692609415,0.18116139881080517
5,f1_strong_t1|f3_dup_a|f4_dup_b|f6_suppressor|noise_0,101101001,5,-2.865917298698425,0.032429806171473126,2.11668965356032,2.302688998003503,-2.688042878803397,0.17787441989502817
5,f1_strong_t1|f3_dup_a|f4_dup_b|f7_weak|f8_bigcoef,101100110,5,-4.119386472797394,0.031023661065696765,0.8632204794613516,0.9482024526049658,-4.030176549842233,0.08920992295516061
5,f1_strong_t1|f3_dup_a|f4_dup_b|f7_weak|noise_0,101100101,5,-4.380135516929626,0.030626057184769087,0.602471435329119,0.6726139929601865,-4.306410983936101,0.07372453299352522
5,f1_strong_t1|f3_dup_a|f4_dup_b|f8_bigcoef|noise_0,101100011,5,-4.19657118434906,0.030517928457087545,0.7860357679096852,0.8654452333661787,-4.114462398056656,0.08210878629240437
5,f1_strong_t1|f3_dup_a|f5_null|f6_suppressor|f7_weak,101011100,5,-2.760452975845337,0.03074538900001077,2.2221539764134084,2.446234080706321,-2.5544912992495132,0.20596167659582365
5,f1_strong_t1|f3_dup_a|f5_null|f6_suppressor|f8_bigcoef,101011010,5,-2.570124813079834,0.03065047327205142,2.4124821391789113,2.639065321112313,-2.362542713370068,0.20758209970976615
5,f1_strong_t1|f3_dup_a|f5_null|f6_suppressor|noise_0,101011001,5,-2.9080904774665832,0.031244712828133476,2.074516474792162,2.292491730832341,-2.6986703229125224,0.20942015455406082
5,f1_strong_t1|f3_dup_a|f5_null|f7_weak|f8_bigcoef,101010110,5,-4.135944548273087,0.029340523681964645,0.8466624039856585,0.938005185433804,-4.040803993951359,0.09514055432172785
5,f1_strong_t1|f3_dup_a|f5_null|f7_weak|noise_0,101010101,5,-4.4013333257198335,0.029337128254074113,0.5812736265389118,0.6624167257890249,-4.317038428045227,0.08429489767460652
5,f1_strong_t1|f3_dup_a|f5_null|f8_bigcoef|noise_0,101010011,5,-4.2184068937301635,0.029084622804119123,0.7642000585285817,0.8552479661950173,-4.125089842165781,0.09331705156438286
5,f1_strong_t1|f3_dup_a|f6_suppressor|f7_weak|f8_bigcoef,101001110,5,-2.470256634616852,0.030740836768846123,2.5123503176418933,2.7218225403511003,-2.278256865155645,0.19199976946120678
5,f1_strong_t1|f3_dup_a|f6_suppressor|f7_weak|noise_0,101001101,5,-2.7694677415847777,0.030315608398940277,2.2131392106739676,2.446234080706321,-2.5544912992495132,0.21497644233526447
5,f1_strong_t1|f3_dup_a|f6_suppressor|f8_bigcoef|noise_0,101001011,5,-2.590085465335846,0.030401210758956108,2.3925214869228992,2.639065321112313,-2.362542713370068,0.22754275196577822
5,f1_strong_t1|f3_dup_a|f7_weak|f8_bigcoef|noise_0,101000111,5,-4.142002807855606,0.028988254729541297,0.8406041444031391,0.938005185433804,-4.040803993951359,0.10119881390424723
5,f1_strong_t1|f4_dup_b|f5_null|f6_suppressor|f7_weak,100111100,5,-2.760943889093399,0.03038611780196296,2.2216630631653462,2.446234080706321,-2.55284712749034,0.20809676160305912
5,f1_strong_t1|f4_dup_b|f5_null|f6_suppressor|f8_bigcoef,100111010,5,-2.5795965436935426,0.030259033786210036,2.4030104085652026,2.639065321112313,-2.3608985416108945,0.2186980020826481
5,f1_strong_t1|f4_dup_b|f5_null|f6_suppressor|noise_0,100111001,5,-2.8997122049331665,0.03070390405095069,2.0828947473255788,2.292491730832341,-2.697026151153349,0.2026860537798174
5,f1_strong_t1|f4_dup_b|f5_null|f7_weak|f8_bigcoef,100110110,5,-4.137521848344803,0.02939429963921777,0.8450851039139424,0.938005185433804,-4.039159822192186,0.0983620261526168
5,f1_strong_t1|f4_dup_b|f5_null|f7_weak|noise_0,100110101,5,-4.401368025493622,0.02922873735649953,0.5812389267651232,0.6624167257890249,-4.315394256286054,0.08597376920756794
5,f1_strong_t1|f4_dup_b|f5_null|f8_bigcoef|noise_0,100110011,5,-4.217954732084274,0.02889824543779542,0.7646522201744714,0.8552479661950173,-4.123445670406608,0.09450906167766604
5,f1_strong_t1|f4_dup_b|f6_suppressor|f7_weak|f8_bigcoef,100101110,5,-2.486703985786438,0.030724701996268738,2.495902966472307,2.7218225403511003,-2.2766126933964714,0.2100912923899667
5,f1_strong_t1|f4_dup_b|f6_suppressor|f7_weak|noise_0,100101101,5,-2.7410453484535218,0.03019067318286732,2.2415616038052235,2.446234080706321,-2.55284712749034,0.18819822096318184
5,f1_strong_t1|f4_dup_b|f6_suppressor|f8_bigcoef|noise_0,100101011,5,-2.555527442073822,0.02995560021666287,2.427079510184923,2.639065321112313,-2.3608985416108945,0.19462890046292758
5,f1_strong_t1|f4_dup_b|f7_weak|f8_bigcoef|noise_0,100100111,5,-4.141703418254853,0.02911335754339289,0.8409035340038926,0.938005185433804,-4.039159822192186,0.10254359606266661
5,f1_strong_t1|f5_null|f6_suppressor|f7_weak|f8_bigcoef,100011110,5,-2.775381622982025,0.03212781008344323,2.2072253292767203,2.3963293554832665,-2.588816498870001,0.18656512411202408
5,f1_strong_t1|f5_null|f6_suppressor|f7_weak|noise_0,100011101,5,-3.041742607784271,0.03179657118617007,1.9408643444744742,2.1207408958384875,-2.865050932963869,0.17669167482040216
5,f1_strong_t1|f5_null|f6_suppressor|f8_bigcoef|noise_0,100011011,5,-2.8670642179489136,0.031628176252757254,2.1155427343098316,2.3135721362444794,-2.6731023470844235,0.19396187086449013
5,f1_strong_t1|f5_null|f7_weak|f8_bigcoef|noise_0,100010111,5,-4.430790566062927,0.030542395018767585,0.5518163861958181,0.6125120005659704,-4.351363627665714,0.07942693839721304
5,f1_strong_t1|f6_suppressor|f7_weak|f8_bigcoef|noise_0,100001111,5,-2.783689607143402,0.03160932349240225,2.198917345115343,2.3963293554832665,-2.588816498870001,0.1948731082734012
5,f2_strong_t2|f3_dup_a|f4_dup_b|f5_null|f6_suppressor,11111000,5,-3.8944582787036897,0.031320278244855976,1.0881486735550556,1.1404094082560454,-3.8043887417550226,0.09006953694866704
5,f2_strong_t2|f3_dup_a|f4_dup_b|f5_null|f7_weak,11110100,5,-3.7419757028102874,0.03021871012020193,1.240631249448458,1.2941517581300257,-3.660209718092013,0.08176598471827434
5,f2_strong_t2|f3_dup_a|f4_dup_b|f5_null|f8_bigcoef,11110010,5,-3.5531073405742646,0.030258768634590694,1.4294996116844807,1.4869829985360181,-3.4682611322125676,0.08484620836169698
5,f2_strong_t2|f3_dup_a|f4_dup_b|f5_null|noise_0,11110001,5,-3.8912677350997926,0.030912062029631954,1.0913392171589527,1.1404094082560454,-3.8043887417550226,0.08687899334477
5,f2_strong_t2|f3_dup_a|f4_dup_b|f6_suppressor|f7_weak,11101100,5,-3.7450924556255343,0.030703895123327586,1.237514496633211,1.2941517581300257,-3.660209718092013,0.08488273753352127
5,f2_strong_t2|f3_dup_a|f4_dup_b|f6_suppressor|f8_bigcoef,11101010,5,-3.5540963906288146,0.030884117764885297,1.4285105616299307,1.4869829985360181,-3.4682611322125676,0.08583525841624695
5,f2_strong_t2|f3_dup_a|f4_dup_b|f6_suppressor|noise_0,11101001,5,-3.89878889336586,0.03115294500886975,1.0838180588928852,1.1404094082560454,-3.8043887417550226,0.09440015161083748
5,f2_strong_t2|f3_dup_a|f4_dup_b|f7_weak|f8_bigcoef,11100110,5,-3.476324067687988,0.030569288015715648,1.5062828845707572,1.5697402177748048,-3.3839752839981445,0.09234878368984356
5,f2_strong_t2|f3_dup_a|f4_dup_b|f7_weak|noise_0,11100101,5,-3.750570748329163,0.0301110634000439,1.2320362039295825,1.2941517581300257,-3.660209718092013,0.09036103023714981
5,f2_strong_t2|f3_dup_a|f4_dup_b|f8_bigcoef|noise_0,11100011,5,-3.55403473906517,0.03029505081268943,1.4285722131935752,1.4869829985360181,-3.4682611322125676,0.08577360685260249
5,f2_strong_t2|f3_dup_a|f5_null|f6_suppressor|f7_weak,11011100,5,-3.7548534055709837,0.029284324940605833,1.2277535466877616,1.2839544909588643,-3.6708371622011393,0.08401624336984437
5,f2_strong_t2|f3_dup_a|f5_null|f6_suppressor|f8_bigcoef,11011010,5,-3.5690117473602294,0.029073670025022244,1.4135952048985159,1.4767857313648562,-3.478888576321694,0.09012317103853551
5,f2_strong_t2|f3_dup_a|f5_null|f6_suppressor|noise_0,11011001,5,-3.911754381752014,0.02998331431138721,1.070852570506731,1.130212141084884,-3.8150161858641485,0.0967381958878657
5,f2_strong_t2|f3_dup_a|f5_null|f7_weak|f8_bigcoef,11010110,5,-3.4928938285827638,0.02907809728296762,1.4897131236759815,1.5595429506036433,-3.3946027281072713,0.0982911004754925
5,f2_strong_t2|f3_dup_a|f5_null|f7_weak|noise_0,11010101,5,-3.759354115962982,0.029111035355888822,1.2232528362957633,1.2839544909588643,-3.6708371622011393,0.08851695376184265
5,f2_strong_t2|f3_dup_a|f5_null|f8_bigcoef|noise_0,11010011,5,-3.572842741394043,0.028868756293149143,1.4097642108647022,1.4767857313648562,-3.478888576321694,0.09395416507234922
5,f2_strong_t2|f3_dup_a|f6_suppressor|f7_weak|f8_bigcoef,11001110,5,-3.4897585560798645,0.029457880320466274,1.4928483961788808,1.5595429506036433,-3.3946027281072713,0.09515582797259325
5,f2_strong_t2|f3_dup_a|f6_suppressor|f7_weak|noise_0,11001101,5,-3.763447130203247,0.029091246872064568,1.2191598220554982,1.2839544909588643,-3.6708371622011393,0.09260996800210775
5,f2_strong_t2|f3_dup_a|f6_suppressor|f8_bigcoef|noise_0,11001011,5,-3.573929055929184,0.02916593934416919,1.4086778963295612,1.4767857313648562,-3.478888576321694,0.09504047960749018
5,f2_strong_t2|f3_dup_a|f7_weak|f8_bigcoef|noise_0,11000111,5,-3.4969643287181853,0.029050443818463445,1.48564262354056,1.5595429506036433,-3.3946027281072713,0.10236160061091404
5,f2_strong_t2|f4_dup_b|f5_null|f6_suppressor|f7_weak,10111100,5,-3.76304652132988,0.029163881856836577,1.2195604309288655,1.2839544909588643,-3.669192990441967,0.09385353088791293
5,f2_strong_t2|f4_dup_b|f5_null|f6_suppressor|f8_bigcoef,10111010,5,-3.5760103214263914,0.029070491514215913,1.4065966308323539,1.4767857313648562,-3.4772444045625206,0.09876591686387082
5,f2_strong_t2|f4_dup_b|f5_null|f6_suppressor|noise_0,10111001,5,-3.923324309206009,0.029688596384444713,1.0592826430527365,1.130212141084884,-3.813372014104975,0.10995229510103366
5,f2_strong_t2|f4_dup_b|f5_null|f7_weak|f8_bigcoef,10110110,5,-3.5014078915596007,0.028991371953314297,1.4811990606991445,1.5595429506036433,-3.392958556348098,0.1084493352115028
5,f2_strong_t2|f4_dup_b|f5_null|f7_weak|noise_0,10110101,5,-3.772308312702179,0.028844758435226162,1.2102986395565662,1.2839544909588643,-3.669192990441967,0.10311532226021214
5,f2_strong_t2|f4_dup_b|f5_null|f8_bigcoef|noise_0,10110011,5,-3.5846353158473967,0.02870072304650364,1.3979716364113486,1.4767857313648562,-3.4772444045625206,0.1073909112848761
5,f2_strong_t2|f4_dup_b|f6_suppressor|f7_weak|f8_bigcoef,10101110,5,-3.4914191170692446,0.029650341542944755,1.4911878351895007,1.5595429506036433,-3.392958556348098,0.09846056072114662
5,f2_strong_t2|f4_dup_b|f6_suppressor|f7_weak|noise_0,10101101,5,-3.770489065504074,0.029169023183975584,1.2121178867546711,1.2839544909588643,-3.669192990441967,0.10129607506210725
5,f2_strong_t2|f4_dup_b|f6_suppressor|f8_bigcoef|noise_0,10101011,5,-3.5808157356739043,0.029225253488593575,1.401791216584841,1.4767857313648562,-3.4772444045625206,0.10357133111138372
5,f2_strong_t2|f4_dup_b|f7_weak|f8_bigcoef|noise_0,10100111,5,-3.5045260491371155,0.029090040969932555,1.4780809031216298,1.5595429506036433,-3.392958556348098,0.11156749278901756
5,f2_strong_t2|f5_null|f6_suppressor|f7_weak|f8_bigcoef,10011110,5,-3.7839565086364746,0.03065151148375961,1.1986504436222707,1.2340497657358096,-3.705162361821627,0.07879414681484764
5,f2_strong_t2|f5_null|f6_suppressor|f7_weak|noise_0,10011101,5,-4.05544519367218,0.030688145825727466,0.927161758586565,0.9584613060910306,-3.981396795915495,0.07404839775668526
5,f2_strong_t2|f5_null|f6_suppressor|f8_bigcoef|noise_0,10011011,5,-3.8795187469005583,0.03062352000762234,1.103088205358187,1.151292546497023,-3.7894482100360496,0.09007053686450872
5,f2_strong_t2|f5_null|f7_weak|f8_bigcoef|noise_0,10010111,5,-3.783673504447937,0.030432439967594763,1.1989334478108082,1.2340497657358096,-3.705162361821627,0.0785111426263101
5,f2_strong_t2|f6_suppressor|f7_weak|f8_bigcoef|noise_0,10001111,5,-3.78183143286705,0.030712698076597395,1.2007755193916951,1.2340497657358096,-3.705162361821627,0.0766690710454232
5,f3_dup_a|f4_dup_b|f5_null|f6_suppressor|f7_weak,1111100,5,-4.549680843734741,0.030905834051333913,0.43292610852400415,0.48943280191297556,-4.483143826333933,0.0665370174008082
5,f3_dup_a|f4_dup_b|f5_null|f6_suppressor|f8_bigcoef,1111010,5,-4.366363738918304,0.0308136309317991,0.6162432133404412,0.682264042318968,-4.291195240454487,0.07516849846381746
5,f3_dup_a|f4_dup_b|f5_null|f6_suppressor|noise_0,1111001,5,-4.698529094362259,0.031279697506832745,0.2840778578964862,0.3356904520389953,-4.6273228499969425,0.07120624436531653
5,f3_dup_a|f4_dup_b|f5_null|f7_weak|f8_bigcoef,1110110,5,-4.284253054141998,0.030550391488899133,0.6983538981167472,0.7650212615577549,-4.206909392240064,0.07734366190193409
5,f3_dup_a|f4_dup_b|f5_null|f7_weak|noise_0,1110101,5,-4.543653334712983,0.030347313016589723,0.4389536175457627,0.48943280191297556,-4.483143826333933,0.06050950837904967
5,f3_dup_a|f4_dup_b|f5_null|f8_bigcoef|noise_0,1110011,5,-4.3598312249183655,0.03025410464574444,0.6227757273403798,0.682264042318968,-4.291195240454487,0.06863598446387886
5,f3_dup_a|f4_dup_b|f6_suppressor|f7_weak|f8_bigcoef,1101110,5,-4.2832205089569095,0.0309063911052752,0.6993864433018357,0.7650212615577549,-4.206909392240064,0.07631111671684554
5,f3_dup_a|f4_dup_b|f6_suppressor|f7_weak|noise_0,1101101,5,-4.546773521709442,0.030426524983083687,0.43583343054930346,0.48943280191297556,-4.483143826333933,0.06362969537550889
5,f3_dup_a|f4_dup_b|f6_suppressor|f8_bigcoef|noise_0,1101011,5,-4.364153594970703,0.030425385624303778,0.6184533572880424,0.682264042318968,-4.291195240454487,0.07295835451621624
5,f3_dup_a|f4_dup_b|f7_weak|f8_bigcoef|noise_0,1100111,5,-4.282531227016449,0.03021358835770777,0.7000757252422964,0.7650212615577549,-4.206909392240064,0.07562183477638484
5,f3_dup_a|f5_null|f6_suppressor|f7_weak|f8_bigcoef,1011110,5,-4.300641767597199,0.029081163708046934,0.6819651846615464,0.7548239943865932,-4.21753683634919,0.083104931248009
5,f3_dup_a|f5_null|f6_suppressor|f7_weak|noise_0,1011101,5,-4.566162042760849,0.02897395358387805,0.4164449094978959,0.4792355347418139,-4.493771270443058,0.07239077231779145
5,f3_dup_a|f5_null|f6_suppressor|f8_bigcoef|noise_0,1011011,5,-4.384625592422485,0.0288723032368623,0.5979813598362602,0.6720667751478063,-4.3018226845636125,0.08280290785887257
5,f3_dup_a|f5_null|f7_weak|f8_bigcoef|noise_0,1010111,5,-4.308260138416291,0.028962403142525038,0.6743468138424547,0.7548239943865932,-4.21753683634919,0.09072330206710078
5,f3_dup_a|f6_suppressor|f7_weak|f8_bigcoef|noise_0,1001111,5,-4.301535702610016,0.028755383806495706,0.6810712496487294,0.7548239943865932,-4.21753683634919,0.08399886626082598
5,f4_dup_b|f5_null|f6_suppressor|f7_weak|f8_bigcoef,111110,5,-4.303794967746734,0.029293094250473065,0.6788119845120111,0.7548239943865932,-4.215892664590016,0.0879023031567181
5,f4_dup_b|f5_null|f6_suppressor|f7_weak|noise_0,111101,5,-4.572824689674378,0.029113922666198378,0.40978226258436745,0.4792355347418139,-4.492127098683885,0.08069759099049278
5,f4_dup_b|f5_null|f6_suppressor|f8_bigcoef|noise_0,111011,5,-4.390356354427338,0.02894434988832154,0.5922505978314074,0.6720667751478063,-4.300178512804439,0.0901778416228991
5,f4_dup_b|f5_null|f7_weak|f8_bigcoef|noise_0,110111,5,-4.3142602610588074,0.02909771156089174,0.6683466911999378,0.7548239943865932,-4.215892664590016,0.09836759646879134
5,f4_dup_b|f6_suppressor|f7_weak|f8_bigcoef|noise_0,101111,5,-4.307710437297821,0.029054131393147407,0.6748965149609241,0.7548239943865932,-4.215892664590016,0.09181777270780511
5,f5_null|f6_suppressor|f7_weak|f8_bigcoef|noise_0,11111,5,-4.597411669921875,0.030301818815671722,0.38519528233686984,0.42933080951875946,-4.528096470063545,0.06931519985833035
5,f1_strong_t1|f2_strong_t2|f3_dup_a|f4_dup_b|f5_null|f6_suppressor,111111000,6,-2.0598612926483155,0.032382334457677735,2.9227456596104298,3.1074079542205526,-1.8651087705614784,0.19475252208683713
5,f1_strong_t1|f2_strong_t2|f3_dup_a|f4_dup_b|f5_null|f7_weak,111110100,6,-3.5726918409347532,0.030724087016205184,1.409915111323992,1.477332949177237,-3.4834768756941825,0.08921496524057071
5,f1_strong_t1|f2_strong_t2|f3_dup_a|f4_dup_b|f5_null|f8_bigcoef,111110010,6,-3.385610750389099,0.03050585138855257,1.5969962018696462,1.6701641895832289,-3.291528289814737,0.09408246057436198
5,f1_strong_t1|f2_strong_t2|f3_dup_a|f4_dup_b|f5_null|noise_0,111110001,6,-3.7226229793548584,0.03130714063142311,1.2599839729038869,1.3235905993032566,-3.6276558993571917,0.09496707999766674
5,f1_strong_t1|f2_strong_t2|f3_dup_a|f4_dup_b|f6_suppressor|f7_weak,111101100,6,-1.9151969056129456,0.03220076173928003,3.0674100466458,3.261150304094533,-1.7209297468984697,0.19426715871447597
5,f1_strong_t1|f2_strong_t2|f3_dup_a|f4_dup_b|f6_suppressor|f8_bigcoef,111101010,6,-1.7246041571617126,0.032455706761851756,3.258002795097033,3.4539815445005253,-1.5289811610190234,0.1956229961426892
5,f1_strong_t1|f2_strong_t2|f3_dup_a|f4_dup_b|f6_suppressor|noise_0,111101001,6,-2.0600324145317077,0.03276825627982861,2.9225745377270376,3.1074079542205526,-1.8651087705614784,0.19492364397022932
5,f1_strong_t1|f2_strong_t2|f3_dup_a|f4_dup_b|f7_weak|f8_bigcoef,111100110,6,-3.313344329547882,0.031029812430260605,1.6692626227108631,1.752921408822016,-3.2072424416003145,0.1061018879475677
5,f1_strong_t1|f2_strong_t2|f3_dup_a|f4_dup_b|f7_weak|noise_0,111100101,6,-3.5848514580726625,0.030700017785825536,1.3977554941860828,1.477332949177237,-3.4834768756941825,0.10137458237847996
5,f1_strong_t1|f2_strong_t2|f3_dup_a|f4_dup_b|f8_bigcoef|noise_0,111100011,6,-3.388430209350586,0.030583629914505958,1.5941767429081595,1.6701641895832289,-3.291528289814737,0.0969019195358487
5,f1_strong_t1|f2_strong_t2|f3_dup_a|f5_null|f6_suppressor|f7_weak,111011100,6,-1.9376071192741393,0.03105455701091978,3.044999832984606,3.2509530369233715,-1.7315571910075949,0.20604992826654445
5,f1_strong_t1|f2_strong_t2|f3_dup_a|f5_null|f6_suppressor|f8_bigcoef,111011010,6,-1.7452026316642761,0.030747487961066793,3.237404320594469,3.443784277329364,-1.539608605128149,0.20559402653612713
5,f1_strong_t1|f2_strong_t2|f3_dup_a|f5_null|f6_suppressor|noise_0,111011001,6,-2.082744976520538,0.03166298448355115,2.899861975738207,3.097210687049391,-1.875736214670604,0.2070087618499341
5,f1_strong_t1|f2_strong_t2|f3_dup_a|f5_null|f7_weak|f8_bigcoef,111010110,6,-3.3269047270774843,0.02952681840263674,1.655702225181261,1.742724141650854,-3.21786988570944,0.10903484136804442
5,f1_strong_t1|f2_strong_t2|f3_dup_a|f5_null|f7_weak|noise_0,111010101,6,-3.5970758605480193,0.029627024867774,1.385531091710726,1.467135682006075,-3.4941043198033093,0.10297154074471004
5,f1_strong_t1|f2_strong_t2|f3_dup_a|f5_null|f8_bigcoef|noise_0,111010011,6,-3.4090986047267915,0.029182255484076762,1.5735083475319538,1.6599669224120674,-3.302155733923863,0.10694287080292852
5,f1_strong_t1|f2_strong_t2|f3_dup_a|f6_suppressor|f7_weak|f8_bigcoef,111001110,6,-1.6630457229614257,0.03127497843132404,3.3195612292973196,3.52654149656815,-1.455322756913727,0.2077229660476987
5,f1_strong_t1|f2_strong_t2|f3_dup_a|f6_suppressor|f7_weak|noise_0,111001101,6,-1.9489951223373414,0.03103031059048575,3.033611829921404,3.2509530369233715,-1.7315571910075949,0.21743793132974654
5,f1_strong_t1|f2_strong_t2|f3_dup_a|f6_suppressor|f8_bigcoef|noise_0,111001011,6,-1.7647800923347474,0.031051326451831552,3.217826859923998,3.443784277329364,-1.539608605128149,0.2251714872065984
5,f1_strong_t1|f2_strong_t2|f3_dup_a|f7_weak|f8_bigcoef|noise_0,111000111,6,-3.3342608052730562,0.029441380439468746,1.648346146985689,1.742724141650854,-3.2178698857094394,0.1163909195636168
5,f1_strong_t1|f2_strong_t2|f4_dup_b|f5_null|f6_suppressor|f7_weak,110111100,6,-1.9460583683013917,0.030754019000267925,3.0365485839573534,3.2509530369233715,-1.7299130192484211,0.21614534905297056
5,f1_strong_t1|f2_strong_t2|f4_dup_b|f5_null|f6_suppressor|f8_bigcoef,110111010,6,-1.7580439823150635,0.03051534635855851,3.2245629699436815,3.443784277329364,-1.5379644333689753,0.22007954894608828
5,f1_strong_t1|f2_strong_t2|f4_dup_b|f5_null|f6_suppressor|noise_0,110111001,6,-2.094575886440277,0.031062744202440134,2.8880310658184682,3.097210687049391,-1.8740920429114303,0.22048384352884676
5,f1_strong_t1|f2_strong_t2|f4_dup_b|f5_null|f7_weak|f8_bigcoef,110110110,6,-3.33377167634964,0.02940587971760314,1.6488352759091054,1.742724141650854,-3.216225713950266,0.11754596239937376
5,f1_strong_t1|f2_strong_t2|f4_dup_b|f5_null|f7_weak|noise_0,110110101,6,-3.6073815881729128,0.029452008932120802,1.3752253640858325,1.467135682006075,-3.492460148044135,0.1149214401287777
5,f1_strong_t1|f2_strong_t2|f4_dup_b|f5_null|f8_bigcoef|noise_0,110110011,6,-3.4158309700489045,0.02900866972751619,1.5667759822098408,1.6599669224120674,-3.3005115621646897,0.1153194078842148
5,f1_strong_t1|f2_strong_t2|f4_dup_b|f6_suppressor|f7_weak|f8_bigcoef,110101110,6,-1.6801416350364684,0.031658876890593456,3.3024653172222767,3.52654149656815,-1.4536785851545533,0.22646304988191512
5,f1_strong_t1|f2_strong_t2|f4_dup_b|f6_suppressor|f7_weak|noise_0,110101101,6,-1.9452525953292847,0.03077130706665354,3.0373543569294608,3.2509530369233715,-1.7299130192484216,0.21533957608086318
5,f1_strong_t1|f2_strong_t2|f4_dup_b|f6_suppressor|f8_bigcoef|noise_0,110101011,6,-1.74979166431427,0.030733766448999434,3.2328152879444754,3.443784277329364,-1.5379644333689753,0.21182723094529465
5,f1_strong_t1|f2_strong_t2|f4_dup_b|f7_weak|f8_bigcoef|noise_0,110100111,6,-3.3392694284915923,0.02948580108098015,1.643337523767153,1.742724141650854,-3.216225713950266,0.12304371454132612
5,f1_strong_t1|f2_strong_t2|f5_null|f6_suppressor|f7_weak|f8_bigcoef,110011110,6,-1.9759863144874572,0.032826754430291955,3.006620637771288,3.201048311700317,-1.765882390628082,0.21010392385937515
5,f1_strong_t1|f2_strong_t2|f5_null|f6_suppressor|f7_weak|noise_0,110011101,6,-2.2395310192108155,0.03259378865947245,2.7430759330479297,2.9254598520555377,-2.0421168247219508,0.19741419448886477
5,f1_strong_t1|f2_strong_t2|f5_null|f6_suppressor|f8_bigcoef|noise_0,110011011,6,-2.056278800392151,0.032249387348304445,2.9263281518665942,3.11829109246153,-1.8501682388425047,0.20611056154964635
5,f1_strong_t1|f2_strong_t2|f5_null|f7_weak|f8_bigcoef|noise_0,110010111,6,-3.625504516077042,0.030984405611333202,1.3571024361817035,1.4172309567830204,-3.528429519423795,0.0970749966532467
5,f1_strong_t1|f2_strong_t2|f6_suppressor|f7_weak|f8_bigcoef|noise_0,110001111,6,-1.9821179839134215,0.03258796240025243,3.0004889683453237,3.201048311700317,-1.765882390628082,0.21623559328533948
5,f1_strong_t1|f3_dup_a|f4_dup_b|f5_null|f6_suppressor|f7_weak,101111100,6,-2.7411787917137147,0.03258139656932312,2.2414281605450306,2.456431347877483,-2.543863855140388,0.19731493657332688
5,f1_strong_t1|f3_dup_a|f4_dup_b|f5_null|f6_suppressor|f8_bigcoef,101111010,6,-2.540643883895874,0.03227350427503028,2.4419630683628712,2.6492625882834755,-2.3519152692609415,0.1887286146349325
5,f1_strong_t1|f3_dup_a|f4_dup_b|f5_null|f6_suppressor|noise_0,101111001,6,-2.8784106965065,0.03273296788604421,2.104196255752245,2.302688998003503,-2.688042878803397,0.19036781770310318
5,f1_strong_t1|f3_dup_a|f4_dup_b|f5_null|f7_weak|f8_bigcoef,101110110,6,-4.119752550125122,0.03132674520385124,0.8628544021336229,0.9482024526049658,-4.030176549842233,0.08957600028288937
5,f1_strong_t1|f3_dup_a|f4_dup_b|f5_null|f7_weak|noise_0,101110101,6,-4.381006580257416,0.031116894260641965,0.6016003720013297,0.6726139929601865,-4.306410983936101,0.07459559632131452
5,f1_strong_t1|f3_dup_a|f4_dup_b|f5_null|f8_bigcoef|noise_0,101110011,6,-4.197353743028641,0.030902239639884657,0.7852532092301043,0.8654452333661787,-4.114462398056656,0.08289134497198525
5,f1_strong_t1|f3_dup_a|f4_dup_b|f6_suppressor|f7_weak|f8_bigcoef,101101110,6,-2.452677934360504,0.03245677221476804,2.529929017898241,2.732019807522262,-2.267629421046519,0.1850485133139852
5,f1_strong_t1|f3_dup_a|f4_dup_b|f6_suppressor|f7_weak|noise_0,101101101,6,-2.724353094100952,0.03202275359476927,2.258253858157793,2.456431347877483,-2.543863855140388,0.18048923896056435
5,f1_strong_t1|f3_dup_a|f4_dup_b|f6_suppressor|f8_bigcoef|noise_0,101101011,6,-2.5332698724746705,0.03194535809157774,2.4493370797840748,2.6492625882834755,-2.3519152692609415,0.18135460321372898
5,f1_strong_t1|f3_dup_a|f4_dup_b|f7_weak|f8_bigcoef|noise_0,101100111,6,-4.1194824232578275,0.03089150221813278,0.8631245290009177,0.9482024526049658,-4.030176549842233,0.08930587341559448
5,f1_strong_t1|f3_dup_a|f5_null|f6_suppressor|f7_weak|f8_bigcoef,101011110,6,-2.4867454270362854,0.03118634628482573,2.49586152522246,2.7218225403511003,-2.278256865155645,0.20848856188064024
5,f1_strong_t1|f3_dup_a|f5_null|f6_suppressor|f7_weak|noise_0,101011101,6,-2.770709905052185,0.030941954559385813,2.2118970472065604,2.446234080706321,-2.5544912992495132,0.2162186058026716
5,f1_strong_t1|f3_dup_a|f5_null|f6_suppressor|f8_bigcoef|noise_0,101011011,6,-2.5951313986778257,0.03088285452755576,2.3874755535809196,2.639065321112313,-2.362542713370068,0.2325886853077579
5,f1_strong_t1|f3_dup_a|f5_null|f7_weak|f8_bigcoef|noise_0,101010111,6,-4.14672716846466,0.02949486803949733,0.835879783794085,0.938005185433804,-4.040803993951359,0.10592317451330135
5,f1_strong_t1|f3_dup_a|f6_suppressor|f7_weak|f8_bigcoef|noise_0,101001111,6,-2.5103827343940734,0.03068092726577472,2.472224217864672,2.7218225403511003,-2.278256865155645,0.23212586923842826
5,f1_strong_t1|f4_dup_b|f5_null|f6_suppressor|f7_weak|f8_bigcoef,100111110,6,-2.4952264068603514,0.030907843196832686,2.487380545398394,2.7218225403511003,-2.2766126933964714,0.21861371346387992
5,f1_strong_t1|f4_dup_b|f5_null|f6_suppressor|f7_weak|noise_0,100111101,6,-2.761712048625946,0.030604390790354315,2.220894903632799,2.446234080706321,-2.55284712749034,0.20886492113560617
5,f1_strong_t1|f4_dup_b|f5_null|f6_suppressor|f8_bigcoef|noise_0,100111011,6,-2.579218010044098,0.030355182714550087,2.4033889422146473,2.639065321112313,-2.3608985416108945,0.2183194684332035
5,f1_strong_t1|f4_dup_b|f5_null|f7_weak|f8_bigcoef|noise_0,100110111,6,-4.147096217632294,0.02956111956130001,0.8355107346264514,0.938005185433804,-4.039159822192186,0.1079363954401078
5,f1_strong_t1|f4_dup_b|f6_suppressor|f7_weak|f8_bigcoef|noise_0,100101111,6,-2.4903943900108336,0.030572081796518852,2.4922125622479117,2.7218225403511003,-2.2766126933964714,0.2137816966143622
5,f1_strong_t1|f5_null|f6_suppressor|f7_weak|f8_bigcoef|noise_0,100011111,6,-2.785161005973816,0.032077084101410844,2.197445946284929,2.3963293554832665,-2.588816498870001,0.19634450710381524
5,f2_strong_t2|f3_dup_a|f4_dup_b|f5_null|f6_suppressor|f7_weak,11111100,6,-3.747105675935745,0.031021104188972293,1.2355012763230002,1.2941517581300257,-3.660209718092013,0.08689595784373205
5,f2_strong_t2|f3_dup_a|f4_dup_b|f5_null|f6_suppressor|f8_bigcoef,11111010,6,-3.5590610852241515,0.0310651654312063,1.4235458670345937,1.4869829985360181,-3.4682611322125676,0.09079995301158394
5,f2_strong_t2|f3_dup_a|f4_dup_b|f5_null|f6_suppressor|noise_0,11111001,6,-3.9030107419490814,0.03171059042635007,1.079596210309664,1.1404094082560454,-3.8043887417550226,0.09862200019405876
5,f2_strong_t2|f3_dup_a|f4_dup_b|f5_null|f7_weak|f8_bigcoef,11110110,6,-3.4790368665218354,0.030847562990588658,1.5035700857369099,1.5697402177748048,-3.3839752839981445,0.0950615825236909
5,f2_strong_t2|f3_dup_a|f4_dup_b|f5_null|f7_weak|noise_0,11110101,6,-3.7481131881713865,0.030693725370407626,1.2344937640873588,1.2941517581300257,-3.660209718092013,0.08790347007937349
5,f2_strong_t2|f3_dup_a|f4_dup_b|f5_null|f8_bigcoef|noise_0,11110011,6,-3.556303237485886,0.030695532211449023,1.4263037147728594,1.4869829985360181,-3.4682611322125676,0.08804210527331824
5,f2_strong_t2|f3_dup_a|f4_dup_b|f6_suppressor|f7_weak|f8_bigcoef,11101110,6,-3.4780046391010284,0.0314074980555497,1.5046023131577169,1.5697402177748048,-3.3839752839981445,0.0940293551028839
5,f2_strong_t2|f3_dup_a|f4_dup_b|f6_suppressor|f7_weak|noise_0,11101101,6,-3.753028644609451,0.030866790897948703,1.229578307649294,1.2941517581300257,-3.660209718092013,0.09281892651743817
5,f2_strong_t2|f3_dup_a|f4_dup_b|f6_suppressor|f8_bigcoef|noise_0,11101011,6,-3.5606245943069457,0.031045883942783337,1.4219823579517996,1.4869829985360181,-3.4682611322125676,0.09236346209437807
5,f2_strong_t2|f3_dup_a|f4_dup_b|f7_weak|f8_bigcoef|noise_0,11100111,6,-3.4798026163578033,0.030829388669709003,1.502804335900942,1.5697402177748048,-3.3839752839981445,0.09582733235965879
5,f2_strong_t2|f3_dup_a|f5_null|f6_suppressor|f7_weak|f8_bigcoef,11011110,6,-3.495688344526291,0.02965644265010317,1.4869186077324543,1.5595429506036433,-3.3946027281072713,0.1010856164190197
5,f2_strong_t2|f3_dup_a|f5_null|f6_suppressor|f7_weak|noise_0,11011101,6,-3.765976338481903,0.029680069197442552,1.2166306137768421,1.2839544909588643,-3.6708371622011393,0.09513917628076385
5,f2_strong_t2|f3_dup_a|f5_null|f6_suppressor|f8_bigcoef|noise_0,11011011,6,-3.5822742948532103,0.029536305829230492,1.400332657405535,1.4767857313648562,-3.478888576321694,0.10338571853151635
5,f2_strong_t2|f3_dup_a|f5_null|f7_weak|f8_bigcoef|noise_0,11010111,6,-3.499996256160736,0.02951803665162901,1.4826106960980092,1.5595429506036433,-3.3946027281072713,0.1053935280534648
5,f2_strong_t2|f3_dup_a|f6_suppressor|f7_weak|f8_bigcoef|noise_0,11001111,6,-3.4980549266815184,0.029630401704707442,1.4845520255772269,1.5595429506036433,-3.3946027281072713,0.10345219857424715
5,f2_strong_t2|f4_dup_b|f5_null|f6_suppressor|f7_weak|f8_bigcoef,10111110,6,-3.50139654712677,0.02973920985445764,1.4812104051319754,1.5595429506036433,-3.392958556348098,0.10843799077867189
5,f2_strong_t2|f4_dup_b|f5_null|f6_suppressor|f7_weak|noise_0,10111101,6,-3.778289703464508,0.029604266192863226,1.2043172487942373,1.2839544909588643,-3.669192990441967,0.10909671302254109
5,f2_strong_t2|f4_dup_b|f5_null|f6_suppressor|f8_bigcoef|noise_0,10111011,6,-3.592613487148285,0.029496432422981764,1.3899934651104604,1.4767857313648562,-3.4772444045625206,0.11536908258576428
5,f2_strong_t2|f4_dup_b|f5_null|f7_weak|f8_bigcoef|noise_0,10110111,6,-3.5115497730255125,0.029456174911841673,1.4710571792332328,1.5595429506036433,-3.392958556348098,0.11859121667741457
5,f2_strong_t2|f4_dup_b|f6_suppressor|f7_weak|f8_bigcoef|noise_0,10101111,6,-3.504268197631836,0.029823259743371168,1.4783387546269093,1.5595429506036433,-3.392958556348098,0.11130964128373799
5,f2_strong_t2|f5_null|f6_suppressor|f7_weak|f8_bigcoef|noise_0,10011111,6,-3.7943660291194914,0.031084501403684177,1.188240923139254,1.2340497657358096,-3.705162361821627,0.08920366729786444
5,f3_dup_a|f4_dup_b|f5_null|f6_suppressor|f7_weak|f8_bigcoef,1111110,6,-4.290553171110153,0.031306742413954286,0.6920537811485925,0.7650212615577549,-4.206909392240064,0.08364377887008878
5,f3_dup_a|f4_dup_b|f5_null|f6_suppressor|f7_weak|noise_0,1111101,6,-4.553735233783722,0.030988083602463953,0.4288717184750235,0.48943280191297556,-4.483143826333933,0.07059140744978887
5,f3_dup_a|f4_dup_b|f5_null|f6_suppressor|f8_bigcoef|noise_0,1111011,6,-4.371198673152923,0.030914188075081048,0.611408279105822,0.682264042318968,-4.291195240454487,0.08000343269843668
5,f3_dup_a|f4_dup_b|f5_null|f7_weak|f8_bigcoef|noise_0,1110111,6,-4.2867434080123905,0.030795755124731438,0.6958635442463548,0.7650212615577549,-4.206909392240064,0.07983401577232652
5,f3_dup_a|f4_dup_b|f6_suppressor|f7_weak|f8_bigcoef|noise_0,1101111,6,-4.2853662407398225,0.030844204124590293,0.6972407115189228,0.7650212615577549,-4.206909392240064,0.07845684849975854
5,f3_dup_a|f5_null|f6_suppressor|f7_weak|f8_bigcoef|noise_0,1011111,6,-4.30855696773529,0.02929320353143435,0.6740499845234549,0.7548239943865932,-4.21753683634919,0.09102013138610054
5,f4_dup_b|f5_null|f6_suppressor|f7_weak|f8_bigcoef|noise_0,111111,6,-4.318427750301361,0.02952595155505749,0.664179201957384,0.7548239943865932,-4.215892664590016,0.10253508571134518
5,f1_strong_t1|f2_strong_t2|f3_dup_a|f4_dup_b|f5_null|f6_suppressor|f7_weak,111111100,7,-1.9217130967140197,0.03240194066639205,3.060893855544726,3.261150304094533,-1.7209297468984697,0.20078334981555002
5,f1_strong_t1|f2_strong_t2|f3_dup_a|f4_dup_b|f5_null|f6_suppressor|f8_bigcoef,111111010,7,-1.7234033505439759,0.03226539773429649,3.2592036017147694,3.4539815445005253,-1.5289811610190234,0.1944221895249525
5,f1_strong_t1|f2_strong_t2|f3_dup_a|f4_dup_b|f5_null|f6_suppressor|noise_0,111111001,7,-2.067878397464752,0.032911289463712315,2.914728554793993,3.1074079542205526,-1.8651087705614784,0.20276962690327371
5,f1_strong_t1|f2_strong_t2|f3_dup_a|f4_dup_b|f5_null|f7_weak|f8_bigcoef,111110110,7,-3.311095745897293,0.031184122772926356,1.6715112063614521,1.752921408822016,-3.2072424416003145,0.1038533042969787
5,f1_strong_t1|f2_strong_t2|f3_dup_a|f4_dup_b|f5_null|f7_weak|noise_0,111110101,7,-3.5814285196304323,0.031150705345481287,1.401178432628313,1.477332949177237,-3.4834768756941825,0.09795164393624978
5,f1_strong_t1|f2_strong_t2|f3_dup_a|f4_dup_b|f5_null|f8_bigcoef|noise_0,111110011,7,-3.3899754973888396,0.030912447161458263,1.5926314548699056,1.6701641895832289,-3.291528289814737,0.09844720757410252
5,f1_strong_t1|f2_strong_t2|f3_dup_a|f4_dup_b|f6_suppressor|f7_weak|f8_bigcoef,111101110,7,-1.6462852563858033,0.03294441796279577,3.3363216958729423,3.5367387637393115,-1.4446953128046012,0.20158994358120208
5,f1_strong_t1|f2_strong_t2|f3_dup_a|f4_dup_b|f6_suppressor|f7_weak|noise_0,111101101,7,-1.9255311277389526,0.032385228002045685,3.0570758245197927,3.261150304094533,-1.7209297468984697,0.20460138084048296
5,f1_strong_t1|f2_strong_t2|f3_dup_a|f4_dup_b|f6_suppressor|f8_bigcoef|noise_0,111101011,7,-1.722872891521454,0.03247179773352355,3.2597340607372915,3.4539815445005253,-1.5289811610190234,0.19389173050243058
5,f1_strong_t1|f2_strong_t2|f3_dup_a|f4_dup_b|f7_weak|f8_bigcoef|noise_0,111100111,7,-3.3150408870697023,0.03113428430259932,1.667566065189043,1.752921408822016,-3.2072424416003145,0.10779844546938788
5,f1_strong_t1|f2_strong_t2|f3_dup_a|f5_null|f6_suppressor|f7_weak|f8_bigcoef,111011110,7,-1.6773472228050232,0.03153415640727656,3.305259729453722,3.52654149656815,-1.4553227569137268,0.22202446589129643
5,f1_strong_t1|f2_strong_t2|f3_dup_a|f5_null|f6_suppressor|f7_weak|noise_0,111011101,7,-1.9556176362991333,0.03152955794017917,3.0269893159596117,3.2509530369233715,-1.7315571910075949,0.22406044529153846
5,f1_strong_t1|f2_strong_t2|f3_dup_a|f5_null|f6_suppressor|f8_bigcoef|noise_0,111011011,7,-1.7624970871925354,0.031035297524270877,3.2201098650662097,3.443784277329364,-1.539608605128149,0.22288848206438638
5,f1_strong_t1|f2_strong_t2|f3_dup_a|f5_null|f7_weak|f8_bigcoef|noise_0,111010111,7,-3.3372008395671844,0.02986341980380118,1.645406112691561,1.742724141650854,-3.21786988570944,0.1193309538577445
5,f1_strong_t1|f2_strong_t2|f3_dup_a|f6_suppressor|f7_weak|f8_bigcoef|noise_0,111001111,7,-1.6886942952156068,0.03137811850909274,3.2939126570431387,3.52654149656815,-1.455322756913727,0.23337153830187973
5,f1_strong_t1|f2_strong_t2|f4_dup_b|f5_null|f6_suppressor|f7_weak|f8_bigcoef,110111110,7,-1.6845064071655274,0.03145407565530676,3.298100545093218,3.52654149656815,-1.4536785851545533,0.23082782201097407
5,f1_strong_t1|f2_strong_t2|f4_dup_b|f5_null|f6_suppressor|f7_weak|noise_0,110111101,7,-1.955592312335968,0.031000599195378828,3.0270146399227773,3.2509530369233715,-1.7299130192484211,0.22567929308754686
5,f1_strong_t1|f2_strong_t2|f4_dup_b|f5_null|f6_suppressor|f8_bigcoef|noise_0,110111011,7,-1.7649659042358399,0.030859739541412617,3.217641048022905,3.443784277329364,-1.5379644333689753,0.22700147086686462
5,f1_strong_t1|f2_strong_t2|f4_dup_b|f5_null|f7_weak|f8_bigcoef|noise_0,110110111,7,-3.342471009540558,0.02973919714428137,1.6401359427181874,1.742724141650854,-3.216225713950266,0.12624529559029174
5,f1_strong_t1|f2_strong_t2|f4_dup_b|f6_suppressor|f7_weak|f8_bigcoef|noise_0,110101111,7,-1.6891276361465455,0.03131486082047275,3.2934793161122,3.52654149656815,-1.4536785851545533,0.2354490509919922
5,f1_strong_t1|f2_strong_t2|f5_null|f6_suppressor|f7_weak|f8_bigcoef|noise_0,110011111,7,-1.9791563173294067,0.032789336460819246,3.0034506349293384,3.201048311700317,-1.765882390628082,0.2132739267013246
5,f1_strong_t1|f3_dup_a|f4_dup_b|f5_null|f6_suppressor|f7_weak|f8_bigcoef,101111110,7,-2.4624326254844666,0.03282230631125017,2.5201743267742787,2.732019807522262,-2.267629421046519,0.19480320443794774
5,f1_strong_t1|f3_dup_a|f4_dup_b|f5_null|f6_suppressor|f7_weak|noise_0,101111101,7,-2.737363017177582,0.032565653016711285,2.2452439350811635,2.456431347877483,-2.543863855140388,0.19349916203719397
5,f1_strong_t1|f3_dup_a|f4_dup_b|f5_null|f6_suppressor|f8_bigcoef|noise_0,101111011,7,-2.548259918022156,0.032334175541589245,2.4343470342365894,2.6492625882834755,-2.3519152692609415,0.19634464876121438
5,f1_strong_t1|f3_dup_a|f4_dup_b|f5_null|f7_weak|f8_bigcoef|noise_0,101110111,7,-4.122442325305939,0.03137514711369474,0.8601646269528063,0.9482024526049658,-4.030176549842233,0.09226577546370596
5,f1_strong_t1|f3_dup_a|f4_dup_b|f6_suppressor|f7_weak|f8_bigcoef|noise_0,101101111,7,-2.454146892642975,0.032160125925299106,2.5284600596157705,2.732019807522262,-2.267629421046519,0.18651747159645593
5,f1_strong_t1|f3_dup_a|f5_null|f6_suppressor|f7_weak|f8_bigcoef|noise_0,101011111,7,-2.5056942744255064,0.031108297986259643,2.476912677833239,2.7218225403511003,-2.278256865155645,0.22743740926986122
5,f1_strong_t1|f4_dup_b|f5_null|f6_suppressor|f7_weak|f8_bigcoef|noise_0,100111111,7,-2.499931519985199,0.030866521093336385,2.4826754322735463,2.7218225403511003,-2.2766126933964714,0.2233188265887276
5,f2_strong_t2|f3_dup_a|f4_dup_b|f5_null|f6_suppressor|f7_weak|f8_bigcoef,11111110,7,-3.4836722577095034,0.03161631733513073,1.4989346945492419,1.5697402177748048,-3.3839752839981445,0.09969697371135888
5,f2_strong_t2|f3_dup_a|f4_dup_b|f5_null|f6_suppressor|f7_weak|noise_0,11111101,7,-3.7553114884376524,0.0314062636878914,1.227295463821093,1.2941517581300257,-3.660209718092013,0.09510177034563938
5,f2_strong_t2|f3_dup_a|f4_dup_b|f5_null|f6_suppressor|f8_bigcoef|noise_0,11111011,7,-3.566963053035736,0.03141869056946281,1.4156438992230092,1.4869829985360181,-3.4682611322125676,0.09870192082316853
5,f2_strong_t2|f3_dup_a|f4_dup_b|f5_null|f7_weak|f8_bigcoef|noise_0,11110111,7,-3.4812115026473998,0.03125496925167245,1.5013954496113455,1.5697402177748048,-3.3839752839981445,0.09723621864925525
5,f2_strong_t2|f3_dup_a|f4_dup_b|f6_suppressor|f7_weak|f8_bigcoef|noise_0,11101111,7,-3.4819633445739746,0.03151344173131782,1.5006436076847707,1.5697402177748048,-3.3839752839981445,0.0979880605758301
5,f2_strong_t2|f3_dup_a|f5_null|f6_suppressor|f7_weak|f8_bigcoef|noise_0,11011111,7,-3.5064772767543793,0.030082361559155536,1.476129675504366,1.5595429506036433,-3.3946027281072713,0.111874548647108
5,f2_strong_t2|f4_dup_b|f5_null|f6_suppressor|f7_weak|f8_bigcoef|noise_0,10111111,7,-3.516402730321884,0.030136365294751406,1.4662042219368612,1.5595429506036433,-3.392958556348098,0.12344417397378615
5,f3_dup_a|f4_dup_b|f5_null|f6_suppressor|f7_weak|f8_bigcoef|noise_0,1111111,7,-4.2930126933574675,0.0314059536992108,0.6895942589012778,0.7650212615577549,-4.206909392240064,0.0861033011174035
5,f1_strong_t1|f2_strong_t2|f3_dup_a|f4_dup_b|f5_null|f6_suppressor|f7_weak|f8_bigcoef,111111110,8,-1.6490646515846252,0.03286406441819997,3.33354230067412,3.5367387637393115,-1.4446953128046012,0.20436933878002406
5,f1_strong_t1|f2_strong_t2|f3_dup_a|f4_dup_b|f5_null|f6_suppressor|f7_weak|noise_0,111111101,8,-1.9312581337928771,0.032677418601592366,3.0513488184658684,3.261150304094533,-1.7209297468984697,0.21032838689440747
5,f1_strong_t1|f2_strong_t2|f3_dup_a|f4_dup_b|f5_null|f6_suppressor|f8_bigcoef|noise_0,111111011,8,-1.7296787611961364,0.032540548995594706,3.252928191062609,3.4539815445005253,-1.5289811610190234,0.20069760017711302
5,f1_strong_t1|f2_strong_t2|f3_dup_a|f4_dup_b|f5_null|f7_weak|f8_bigcoef|noise_0,111110111,8,-3.315828711605072,0.03148472830201758,1.6667782406536733,1.752921408822016,-3.2072424416003145,0.10858627000475751
5,f1_strong_t1|f2_strong_t2|f3_dup_a|f4_dup_b|f6_suppressor|f7_weak|f8_bigcoef|noise_0,111101111,8,-1.6506896479606628,0.0327197770582362,3.3319173042980825,3.5367387637393115,-1.4446953128046012,0.20599433515606158
5,f1_strong_t1|f2_strong_t2|f3_dup_a|f5_null|f6_suppressor|f7_weak|f8_bigcoef|noise_0,111011111,8,-1.6922968284606934,0.03165697823447157,3.2903101237980517,3.52654149656815,-1.4553227569137268,0.2369740715469666
5,f1_strong_t1|f2_strong_t2|f4_dup_b|f5_null|f6_suppressor|f7_weak|f8_bigcoef|noise_0,110111111,8,-1.6919643586158752,0.03138206124201419,3.29064259364287,3.52654149656815,-1.4536785851545533,0.23828577346132196
5,f1_strong_t1|f3_dup_a|f4_dup_b|f5_null|f6_suppressor|f7_weak|f8_bigcoef|noise_0,101111111,8,-2.460327860450745,0.032623871886567485,2.5222790918080005,2.732019807522262,-2.267629421046519,0.19269843940422593
5,f2_strong_t2|f3_dup_a|f4_dup_b|f5_null|f6_suppressor|f7_weak|f8_bigcoef|noise_0,11111111,8,-3.4886521327972413,0.0319535241799907,1.493954819461504,1.5697402177748048,-3.3839752839981445,0.10467684879909678
5,f1_strong_t1|f2_strong_t2|f3_dup_a|f4_dup_b|f5_null|f6_suppressor|f7_weak|f8_bigcoef|noise_0,111111111,9,-1.6566725140571594,0.032974558552595144,3.325934438201586,3.5367387637393115,-1.4446953128046012,0.21197720125255826
10,none,0,0,-4.969026922512055,0.029740354629943875,0.013580029746690592,0.0,-4.948509927820423,0.02051699469163193
10,f1_strong_t1,100000000,1,-4.811258035469055,0.0301572222731285,0.17134891678969044,0.18318119104721087,-4.771777085422592,0.039480950046463015
10,f2_strong_t2,10000000,1,-4.162941610431671,0.029743351692122177,0.8196653418270738,0.8047189562170504,-4.125575819578504,0.03736579085316727
10,f3_dup_a,1000000,1,-4.6814559425354005,0.028415671876066386,0.30115100972334474,0.32549318486783363,-4.6379502941060675,0.04350564842933302
10,f4_dup_b,100000,1,-4.67780892238617,0.0282985873399983,0.3047980298725754,0.32549318486783363,-4.636306122346894,0.04150280003927609
10,f5_null,10000,1,-4.970226672267914,0.02979840725555069,0.012380279990831689,0.0,-4.948509927820423,0.021716744447490832
10,f6_suppressor,1000,1,-4.974700313186646,0.029983436196222363,0.00790663907209943,0.0,-4.948509927820423,0.02619038536622309
10,f7_weak,100,1,-4.836353376960754,0.029838501959935225,0.1462535752979912,0.15374234987398028,-4.804330904157414,0.03202247280334003
10,f8_bigcoef,10,1,-4.649470449733734,0.03017726323822383,0.3331365025250115,0.3465735902799726,-4.612382318277969,0.03708813145576517
10,noise_0,1,1,-4.975947177219391,0.029724535215475294,0.006659775039354443,0.0,-4.948509927820423,0.027437249398968078
10,f1_strong_t1|f2_strong_t2,110000000,2,-4.00331687078476,0.030184654758423485,0.9792900814739856,0.9879001472642611,-3.948842977180674,0.05447389360408561
10,f1_strong_t1|f3_dup_a,101000000,2,-4.524296434402466,0.02887708632075543,0.45831051785627963,0.5086743759150446,-4.4612174517082375,0.06307898269422818
10,f1_strong_t1|f4_dup_b,100100000,2,-4.524520662593842,0.02893484397040466,0.4580862896649034,0.5086743759150446,-4.459573279949064,0.06494738264477817
10,f1_strong_t1|f5_null,100010000,2,-4.816783225822449,0.030690474696417662,0.1658237264362965,0.18318119104721087,-4.771777085422592,0.04500614039985695
10,f1_strong_t1|f6_suppressor,100001000,2,-3.1350160482406615,0.032791834773259275,1.8475909040180838,1.9669985459645072,-3.009229956626878,0.1257860916137834
10,f1_strong_t1|f7_weak,100000100,2,-4.676018616485596,0.030231685901939323,0.30658833577314937,0.33692354092119114,-4.627598061759583,0.04842055472601281
10,f1_strong_t1|f8_bigcoef,100000010,2,-4.490885139846802,0.0301499026616321,0.4917218124119431,0.5297547813271836,-4.435649475880138,0.05523566396666446
10,f1_strong_t1|noise_0,100000001,2,-4.817373527526856,0.030259131852544554,0.1652334247318894,0.18318119104721087,-4.771777085422592,0.04559644210426406
10,f2_strong_t2|f3_dup_a,11000000,2,-3.8776446929931643,0.028664012780560015,1.104962259265581,1.130212141084884,-3.8150161858641485,0.0626285071290158
10,f2_strong_t2|f4_dup_b,10100000,2,-3.872866869354248,0.028596992715299963,1.1097400829044974,1.130212141084884,-3.813372014104975,0.05949485524927267
10,f2_strong_t2|f5_null,10010000,2,-4.1700312612533565,0.02997563053374463,0.8125756910053887,0.8047189562170504,-4.125575819578504,0.04445544167485238
10,f2_strong_t2|f6_suppressor,10001000,2,-4.168712713241577,0.030207242062467624,0.8138942390171682,0.8047189562170504,-4.125575819578504,0.04313689366307294
10,f2_strong_t2|f7_weak,10000100,2,-4.032973633861542,0.02996895535236385,0.9496333183972032,0.9584613060910306,-3.981396795915495,0.05157683794604706
10,f2_strong_t2|f8_bigcoef,10000010,2,-3.8427486287117003,0.03001627632703832,1.139858323547045,1.151292546497023,-3.7894482100360496,0.05330041867565072
10,f2_strong_t2|noise_0,10000001,2,-4.172150723743439,0.030031177506730847,0.8104562285153065,0.8047189562170504,-4.125575819578504,0.046574904164934594
10,f3_dup_a|f4_dup_b,1100000,2,-4.666855010890961,0.029858045066900693,0.3157519413677843,0.3356904520389953,-4.6273228499969425,0.03953216089401845
10,f3_dup_a|f5_null,1010000,2,-4.679932424545288,0.02850313289521491,0.3026745277134575,0.32549318486783363,-4.6379502941060675,0.04198213043922028
10,f3_dup_a|f6_suppressor,1001000,2,-4.694366175174713,0.029050966958495038,0.28824077708403184,0.32549318486783363,-4.6379502941060675,0.05641588106864592
10,f3_dup_a|f7_weak,1000100,2,-4.550676365947723,0.028627335629081898,0.4319305863110223,0.4792355347418139,-4.493771270443058,0.05690509550466505
10,f3_dup_a|f8_bigcoef,1000010,2,-4.3644436796188355,0.02890789062767179,0.6181632726399098,0.6720667751478063,-4.3018226845636125,0.062620995055223
10,f3_dup_a|noise_0,1000001,2,-4.687382496547699,0.02850250052346576,0.29522445571104594,0.32549318486783363,-4.6379502941060675,0.04943220244163182
10,f4_dup_b|f5_null,110000,2,-4.676342797279358,0.028252360895515184,0.3062641549793872,0.32549318486783363,-4.636306122346894,0.04003667493246432
10,f4_dup_b|f6_suppressor,101000,2,-4.6927100261688235,0.02906380805088755,0.2898969260899218,0.32549318486783363,-4.636306122346894,0.056403903821929724
10,f4_dup_b|f7_weak,100100,2,-4.542717144966126,0.028339598474293553,0.4398898072926194,0.4792355347418139,-4.492127098683885,0.05059004628224084
10,f4_dup_b|f8_bigcoef,100010,2,-4.362838821697235,0.028722645062381917,0.6197681305615106,0.6720667751478063,-4.300178512804439,0.06266030889279595
10,f4_dup_b|noise_0,100001,2,-4.6869260763168334,0.028273382876666506,0.29568087594191184,0.32549318486783363,-4.636306122346894,0.05061995396993968
10,f5_null|f6_suppressor,11000,2,-4.977549312210083,0.030264586128463656,0.005057640048661938,0.0,-4.948509927820423,0.029039384389660583
10,f5_null|f7_weak,10100,2,-4.838420327949524,0.03004419041655442,0.14418662430922158,0.15374234987398028,-4.804330904157414,0.03408942379210966
10,f5_null|f8_bigcoef,10010,2,-4.650596203899384,0.030094752303038107,0.3320107483593615,0.3465735902799726,-4.612382318277969,0.038213885621415145
10,f5_null|noise_0,10001,2,-4.978743704509735,0.02995581580523862,0.00386324774901059,0.0,-4.948509927820423,0.03023377668931193
10,f6_suppressor|f7_weak,1100,2,-4.844833027839661,0.030012496250828996,0.13777392441908454,0.15374234987398028,-4.804330904157414,0.040502123682246705
10,f6_suppressor|f8_bigcoef,1010,2,-4.659678934288025,0.03058986213100932,0.3229280179707201,0.3465735902799726,-4.612382318277969,0.047296616010056525
10,f6_suppressor|noise_0,1001,2,-4.98392795085907,0.030063887631939276,-0.001320998600324863,0.0,-4.948509927820423,0.035418023038647384
10,f7_weak|f8_bigcoef,110,2,-4.5792409049987794,0.030672460568104864,0.40336604725996583,0.42933080951875946,-4.528096470063545,0.05114443493523435
10,f7_weak|noise_0,101,2,-4.844265021514893,0.02981661464790624,0.13834193074385226,0.15374234987398028,-4.804330904157414,0.03993411735747898
10,f8_bigcoef|noise_0,11,2,-4.656776905345917,0.030149980187358358,0.32583004691282813,0.3465735902799726,-4.612382318277969,0.04439458706794852
10,f1_strong_t1|f2_strong_t2|f3_dup_a,111000000,3,-3.719189621257782,0.029076564673584788,1.263417331000963,1.3133933321320947,-3.6382833434663175,0.08090627779146464
10,f1_strong_t1|f2_strong_t2|f4_dup_b,110100000,3,-3.7147077063560485,0.029058428240095063,1.2678992459026968,1.3133933321320947,-3.6366391717071442,0.07806853464890429
10,f1_strong_t1|f2_strong_t2|f5_null,110010000,3,-4.009893952846527,0.030590825933068534,0.9727129994122183,0.9879001472642611,-3.948842977180674,0.061050975665852825
10,f1_strong_t1|f2_strong_t2|f6_suppressor,110001000,3,-2.331444944000244,0.03357728021575101,2.6511620082585012,2.7717175021815574,-2.1862958483849595,0.14514909561528455
10,f1_strong_t1|f2_strong_t2|f7_weak,110000100,3,-3.870901347541809,0.030411805025562743,1.1117056047169362,1.1416424971382413,-3.804663953517664,0.06623739402414497
10,f1_strong_t1|f2_strong_t2|f8_bigcoef,110000010,3,-3.686268371963501,0.030162638333984342,1.2963385802952443,1.3344737375442337,-3.6127153676382178,0.07355300432528322
10,f1_strong_t1|f2_strong_t2|noise_0,110000001,3,-4.01176126089096,0.030283294605432314,0.970845691367785,0.9879001472642611,-3.948842977180674,0.06291828371028618
10,f1_strong_t1|f3_dup_a|f4_dup_b,101100000,3,-4.523766247558593,0.030662365258597824,0.4588407047001519,0.5188716430862063,-4.45059000759911,0.07317623995948352
10,f1_strong_t1|f3_dup_a|f5_null,101010000,3,-4.525912457656861,0.029266462754500223,0.4566944946018845,0.5086743759150446,-4.4612174517082375,0.06469500594862332
10,f1_strong_t1|f3_dup_a|f6_suppressor,101001000,3,-2.8502910106658934,0.031169721971334864,2.132315941592852,2.292491730832341,-2.6986703229125224,0.151620687753371
10,f1_strong_t1|f3_dup_a|f7_weak,101000100,3,-4.392385929393768,0.029094162602054136,0.5902210228649771,0.6624167257890249,-4.317038428045227,0.07534750134854118
10,f1_strong_t1|f3_dup_a|f8_bigcoef,101000010,3,-4.205636102676392,0.02874726653305026,0.7769708495823533,0.8552479661950173,-4.125089842165781,0.08054626051061131
10,f1_strong_t1|f3_dup_a|noise_0,101000001,3,-4.5295131035804745,0.02897222878314844,0.45309384867827074,0.5086743759150446,-4.4612174517082375,0.06829565187223707
10,f1_strong_t1|f4_dup_b|f5_null,100110000,3,-4.523945793914795,0.029198853215264324,0.4586611583439506,0.5086743759150446,-4.459573279949064,0.06437251396573096
10,f1_strong_t1|f4_dup_b|f6_suppressor,100101000,3,-2.839981922721863,0.03130339909841431,2.1426250295368825,2.292491730832341,-2.697026151153349,0.1429557715685137
10,f1_strong_t1|f4_dup_b|f7_weak,100100100,3,-4.387807048988343,0.029002957284370346,0.5947999032704026,0.6624167257890249,-4.315394256286054,0.07241279270228862
10,f1_strong_t1|f4_dup_b|f8_bigcoef,100100010,3,-4.20552358789444,0.028835610793436998,0.7770833643643051,0.8552479661950173,-4.123445670406608,0.08207791748783233
10,f1_strong_t1|f4_dup_b|noise_0,100100001,3,-4.529526760578156,0.02892092004600306,0.45308019168058955,0.5086743759150446,-4.459573279949064,0.06995348062909201
10,f1_strong_t1|f5_null|f6_suppressor,100011000,3,-3.130462989807129,0.03308577659919233,1.8521439624516165,1.9669985459645072,-3.009229956626878,0.1212330331802507
10,f1_strong_t1|f5_null|f7_weak,100010100,3,-4.68084861164093,0.030818481274647733,0.30175834061781526,0.33692354092119114,-4.627598061759583,0.05325054988134692
10,f1_strong_t1|f5_null|f8_bigcoef,100010010,3,-4.4955866051673885,0.030443384866144934,0.4870203470913568,0.5297547813271836,-4.435649475880138,0.05993712928725081
10,f1_strong_t1|f5_null|noise_0,100010001,3,-4.821534951019287,0.030748230186959463,0.1610720012394582,0.18318119104721087,-4.771777085422592,0.04975786559669526
10,f1_strong_t1|f6_suppressor|f7_weak,100001100,3,-3.0082463954925536,0.03259116299487521,1.9743605567661917,2.1207408958384875,-2.865050932963869,0.14319546252868465
10,f1_strong_t1|f6_suppressor|f8_bigcoef,100001010,3,-2.8206085891723633,0.03320034254908947,2.161998363086382,2.3135721362444794,-2.6731023470844235,0.14750624208793983
10,f1_strong_t1|f6_suppressor|noise_0,100001001,3,-3.1620360333442687,0.03277962915137802,1.8205709189144765,1.9669985459645072,-3.009229956626878,0.15280607671739066
10,f1_strong_t1|f7_weak|f8_bigcoef,100000110,3,-4.417893659782409,0.030919067114168995,0.5647132924763358,0.6125120005659704,-4.351363627665714,0.06653003211669528
10,f1_strong_t1|f7_weak|noise_0,100000101,3,-4.684329078483581,0.030417893813370577,0.2982778737751639,0.33692354092119114,-4.627598061759583,0.05673101672399827
10,f1_strong_t1|f8_bigcoef|noise_0,100000011,3,-4.4972995126724244,0.03025580110779655,0.48530743958632083,0.5297547813271836,-4.435649475880138,0.061650036792286755
10,f2_strong_t2|f3_dup_a|f4_dup_b,11100000,3,-3.867650457572937,0.030261293426213656,1.1149564946858082,1.1404094082560454,-3.8043887417550226,0.06326171581791451
10,f2_strong_t2|f3_dup_a|f5_null,11010000,3,-3.8756428374290466,0.02868201008373596,1.1069641148296987,1.130212141084884,-3.8150161858641485,0.060626651564898104
10,f2_strong_t2|f3_dup_a|f6_suppressor,11001000,3,-3.888255666255951,0.029327135729592224,1.0943512860027944,1.130212141084884,-3.8150161858641485,0.07323948039180239
10,f2_strong_t2|f3_dup_a|f7_weak,11000100,3,-3.7463886322021485,0.028846282742189353,1.2362183200565968,1.2839544909588643,-3.6708371622011393,0.07555147000100915
10,f2_strong_t2|f3_dup_a|f8_bigcoef,11000010,3,-3.56068052110672,0.0288569629949472,1.4219264311520252,1.4767857313648562,-3.478888576321694,0.08179194478502616
10,f2_strong_t2|f3_dup_a|noise_0,11000001,3,-3.8875785618782044,0.028944721634290273,1.095028390380541,1.130212141084884,-3.8150161858641485,0.07256237601405591
10,f2_strong_t2|f4_dup_b|f5_null,10110000,3,-3.872377436065674,0.028405650595290953,1.1102295161930713,1.130212141084884,-3.813372014104975,0.0590054219606988
10,f2_strong_t2|f4_dup_b|f6_suppressor,10101000,3,-3.8814875080108644,0.029105540508616846,1.1011194442478809,1.130212141084884,-3.813372014104975,0.06811549390588922
10,f2_strong_t2|f4_dup_b|f7_weak,10100100,3,-3.7387247353553774,0.028773805857246953,1.2438822169033679,1.2839544909588643,-3.669192990441967,0.06953174491341052
10,f2_strong_t2|f4_dup_b|f8_bigcoef,10100010,3,-3.556370231437683,0.028847733777035464,1.4262367208210622,1.4767857313648562,-3.4772444045625206,0.07912582687516245
10,f2_strong_t2|f4_dup_b|noise_0,10100001,3,-3.883949691581726,0.028642379001285138,1.0986572606770193,1.130212141084884,-3.813372014104975,0.07057767747675081
10,f2_strong_t2|f5_null|f6_suppressor,10011000,3,-4.176874721431732,0.03050978479998807,0.8057322308270134,0.8047189562170504,-4.125575819578504,0.05129890185322772
10,f2_strong_t2|f5_null|f7_weak,10010100,3,-4.036959815597534,0.03013649441320771,0.9456471366612114,0.9584613060910306,-3.981396795915495,0.05556301968203892
10,f2_strong_t2|f5_null|f8_bigcoef,10010010,3,-3.8465281949043275,0.030078546852630002,1.1360787573544178,1.151292546497023,-3.7894482100360496,0.05707998486827792
10,f2_strong_t2|f5_null|noise_0,10010001,3,-4.178269302368164,0.030275806942236385,0.8043376498905817,0.8047189562170504,-4.125575819578504,0.05269348278965946
10,f2_strong_t2|f6_suppressor|f7_weak,10001100,3,-4.040626201820373,0.030366324015618274,0.9419807504383719,0.9584613060910306,-3.981396795915495,0.05922940590487835
10,f2_strong_t2|f6_suppressor|f8_bigcoef,10001010,3,-3.847624200630188,0.03058145350971561,1.134982751628557,1.151292546497023,-3.7894482100360496,0.05817599059413858
10,f2_strong_t2|f6_suppressor|noise_0,10001001,3,-4.179418608474731,0.030519957235566945,0.8031883437840142,0.8047189562170504,-4.125575819578504,0.053842788896226956
10,f2_strong_t2|f7_weak|f8_bigcoef,10000110,3,-3.778093200969696,0.030833132799270864,1.2045137512890491,1.2340497657358096,-3.705162361821627,0.0729308391480692
10,f2_strong_t2|f7_weak|noise_0,10000101,3,-4.043415141201019,0.030231047099920506,0.939191811057726,0.9584613060910306,-3.981396795915495,0.0620183452855243
10,f2_strong_t2|f8_bigcoef|noise_0,10000011,3,-3.8498240662574768,0.03030905466077241,1.1327828860012685,1.151292546497023,-3.7894482100360496,0.06037585622142716
10,f3_dup_a|f4_dup_b|f5_null,1110000,3,-4.666016113948822,0.030040966461667568,0.3165908383099234,0.3356904520389953,-4.6273228499969425,0.03869326395187933
10,f3_dup_a|f4_dup_b|f6_suppressor,1101000,3,-4.693851536846161,0.03086340241211351,0.2887554154125844,0.3356904520389953,-4.6273228499969425,0.06652868684921831
10,f3_dup_a|f4_dup_b|f7_weak,1100100,3,-4.533422315216065,0.030142647047091777,0.44918463704268063,0.48943280191297556,-4.483143826333933,0.05027848888213171
10,f3_dup_a|f4_dup_b|f8_bigcoef,1100010,3,-4.3512445123672485,0.030335206398450137,0.6313624398914968,0.682264042318968,-4.291195240454487,0.06004927191276188
10,f3_dup_a|f4_dup_b|noise_0,1100001,3,-4.676271181964874,0.029958474892224914,0.30633577029387116,0.3356904520389953,-4.6273228499969425,0.04894833196793158
10,f3_dup_a|f5_null|f6_suppressor,1011000,3,-4.693584735393524,0.029201849948004552,0.289022216865221,0.32549318486783363,-4.6379502941060675,0.05563444128745676
10,f3_dup_a|f5_null|f7_weak,1010100,3,-4.5529813396453855,0.02887074940699808,0.42962561261335974,0.4792355347418139,-4.493771270443058,0.05921006920232763
10,f3_dup_a|f5_null|f8_bigcoef,1010010,3,-4.363291010570526,0.02882348567799337,0.6193159416882192,0.6720667751478063,-4.3018226845636125,0.06146832600691354
10,f3_dup_a|f5_null|noise_0,1010001,3,-4.690143741035461,0.02868632779055805,0.2924632112232839,0.32549318486783363,-4.6379502941060675,0.05219344692939387
10,f3_dup_a|f6_suppressor|f7_weak,1001100,3,-4.564569161891937,0.02915417260277249,0.41803779036680844,0.4792355347418139,-4.493771270443058,0.07079789144887894
10,f3_dup_a|f6_suppressor|f8_bigcoef,1001010,3,-4.381021439647674,0.02964584251970129,0.601585512611071,0.6720667751478063,-4.3018226845636125,0.07919875508406182
10,f3_dup_a|f6_suppressor|noise_0,1001001,3,-4.700683020401001,0.02905552652125471,0.28192393185774467,0.32549318486783363,-4.6379502941060675,0.0627327262949331
10,f3_dup_a|f7_weak|f8_bigcoef,1000110,3,-4.293129393005371,0.029617327794605595,0.6894775592533744,0.7548239943865932,-4.21753683634919,0.07559255665618103
10,f3_dup_a|f7_weak|noise_0,1000101,3,-4.55692188243866,0.028683442389835747,0.42568506982008536,0.4792355347418139,-4.493771270443058,0.06315061199560201
10,f3_dup_a|f8_bigcoef|noise_0,1000011,3,-4.370366534137726,0.028954439159901386,0.6122404181210195,0.6720667751478063,-4.3018226845636125,0.0685438495741133
10,f4_dup_b|f5_null|f6_suppressor,111000,3,-4.687828883075714,0.028951611036737473,0.29477806918303084,0.32549318486783363,-4.636306122346894,0.05152276072882067
10,f4_dup_b|f5_null|f7_weak,110100,3,-4.545542029762268,0.028431082278065387,0.4370649224964769,0.4792355347418139,-4.492127098683885,0.053414931078383354
10,f4_dup_b|f5_null|f8_bigcoef,110010,3,-4.360842265033722,0.028532731711440974,0.6217646872250233,0.6720667751478063,-4.300178512804439,0.06066375222928322
10,f4_dup_b|f5_null|noise_0,110001,3,-4.686540856838226,0.028309660561229303,0.2960660954205192,0.32549318486783363,-4.636306122346894,0.05023473449133231
10,f4_dup_b|f6_suppressor|f7_weak,101100,3,-4.559245662021637,0.02892963759721279,0.423361290237108,0.4792355347418139,-4.492127098683885,0.06711856333775224
10,f4_dup_b|f6_suppressor|f8_bigcoef,101010,3,-4.37721492023468,0.029470353010065158,0.6053920320240653,0.6720667751478063,-4.300178512804439,0.0770364074302412
10,f4_dup_b|f6_suppressor|noise_0,101001,3,-4.699450188732147,0.028989945901664274,0.28315676352659835,0.32549318486783363,-4.636306122346894,0.06314406638525316
10,f4_dup_b|f7_weak|f8_bigcoef,100110,3,-4.288429527282715,0.029360287081294758,0.6941774249760302,0.7548239943865932,-4.215892664590016,0.07253686269269899
10,f4_dup_b|f7_weak|noise_0,100101,3,-4.552341378307342,0.028357885738157416,0.4302655739514032,0.4792355347418139,-4.492127098683885,0.060214279623457045
10,f4_dup_b|f8_bigcoef|noise_0,100011,3,-4.370215974617004,0.028680976594766042,0.6123909776417413,0.6720667751478063,-4.300178512804439,0.0700374618125652
10,f5_null|f6_suppressor|f7_weak,11100,3,-4.848425779533386,0.03036340357269635,0.13418117272535923,0.15374234987398028,-4.804330904157414,0.04409487537597201
10,f5_null|f6_suppressor|f8_bigcoef,11010,3,-4.661356756305695,0.03070825689246564,0.32125019595305027,0.3465735902799726,-4.612382318277969,0.048974438027726386
10,f5_null|f6_suppressor|noise_0,11001,3,-4.98640417432785,0.030432572040102367,-0.003797222069104933,0.0,-4.948509927820423,0.037894246507427454
10,f5_null|f7_weak|f8_bigcoef,10110,3,-4.581912455749512,0.03086408601054593,0.4006944965092334,0.42933080951875946,-4.528096470063545,0.053815985685966794
10,f5_null|f7_weak|noise_0,10101,3,-4.84598412027359,0.030089917714488906,0.13662283198515546,0.15374234987398028,-4.804330904157414,0.041653216116175784
10,f5_null|f8_bigcoef|noise_0,10011,3,-4.65791951379776,0.030136057659042502,0.3246874384609857,0.3465735902799726,-4.612382318277969,0.04553719551979096
10,f6_suppressor|f7_weak|f8_bigcoef,1110,3,-4.589604434394836,0.031102588448842346,0.39300251786390916,0.42933080951875946,-4.528096470063545,0.06150796433129102
10,f6_suppressor|f7_weak|noise_0,1101,3,-4.852881053733825,0.030163907994960538,0.1297258985249199,0.15374234987398028,-4.804330904157414,0.04855014957641135
10,f6_suppressor|f8_bigcoef|noise_0,1011,3,-4.664315033435821,0.030505114691450307,0.31829191882292385,0.3465735902799726,-4.612382318277969,0.051932715157852805
10,f7_weak|f8_bigcoef|noise_0,111,3,-4.587773141384125,0.030787609209054344,0.3948338108746201,0.42933080951875946,-4.528096470063545,0.05967667132058008
10,f1_strong_t1|f2_strong_t2|f3_dup_a|f4_dup_b,111100000,4,-3.7208304388046263,0.030813156195238518,1.261776513454119,1.3235905993032566,-3.6276558993571917,0.09317453944743459
10,f1_strong_t1|f2_strong_t2|f3_dup_a|f5_null,111010000,4,-3.7173477390289307,0.02928352422695088,1.2652592132298146,1.3133933321320947,-3.6382833434663175,0.07906439556261313
10,f1_strong_t1|f2_strong_t2|f3_dup_a|f6_suppressor,111001000,4,-2.0534712876319885,0.032190843365261415,2.929135664626757,3.097210687049391,-1.875736214670604,0.17773507296138447
10,f1_strong_t1|f2_strong_t2|f3_dup_a|f7_weak,111000100,4,-3.5866948884963987,0.02928789995127393,1.3959120637623466,1.467135682006075,-3.4941043198033093,0.09259056869308946
10,f1_strong_t1|f2_strong_t2|f3_dup_a|f8_bigcoef,111000010,4,-3.4007283056259157,0.028818120267869944,1.5818786466328296,1.6599669224120674,-3.302155733923863,0.09857257170205269
10,f1_strong_t1|f2_strong_t2|f3_dup_a|noise_0,111000001,4,-3.7266517528533933,0.029230620524966843,1.255955199405352,1.3133933321320947,-3.6382833434663175,0.0883684093870758
10,f1_strong_t1|f2_strong_t2|f4_dup_b|f5_null,110110000,4,-3.7153614268302917,0.029152306543049157,1.2672455254284536,1.3133933321320947,-3.6366391717071442,0.07872225512314746
10,f1_strong_t1|f2_strong_t2|f4_dup_b|f6_suppressor,110101000,4,-2.028233261489868,0.03190599771109896,2.954373690768877,3.097210687049391,-1.8740920429114303,0.15414121857843788
10,f1_strong_t1|f2_strong_t2|f4_dup_b|f7_weak,110100100,4,-3.580373204898834,0.02928470197857629,1.4022337473599111,1.467135682006075,-3.492460148044135,0.08791305685469908
10,f1_strong_t1|f2_strong_t2|f4_dup_b|f8_bigcoef,110100010,4,-3.3988069180488587,0.028999800201546293,1.5838000342098866,1.6599669224120674,-3.3005115621646897,0.09829535588416904
10,f1_strong_t1|f2_strong_t2|f4_dup_b|noise_0,110100001,4,-3.7212497098922728,0.029016485146768915,1.2613572423664725,1.3133933321320947,-3.6366391717071442,0.08461053818512854
10,f1_strong_t1|f2_strong_t2|f5_null|f6_suppressor,110011000,4,-2.3293529885292052,0.033577692666820036,2.65325396372954,2.7717175021815574,-2.1862958483849595,0.14305714014424575
10,f1_strong_t1|f2_strong_t2|f5_null|f7_weak,110010100,4,-3.873787442302704,0.030750183273187195,1.1088195099560414,1.1416424971382413,-3.804663953517664,0.06912348878503982
10,f1_strong_t1|f2_strong_t2|f5_null|f8_bigcoef,110010010,4,-3.689566605567932,0.03033781996893316,1.2930403466908134,1.3344737375442337,-3.6127153676382178,0.07685123792971416
10,f1_strong_t1|f2_strong_t2|f5_null|noise_0,110010001,4,-4.016536199378967,0.030684799763519434,0.9660707528797783,0.9879001472642611,-3.948842977180674,0.06769322219829288
10,f1_strong_t1|f2_strong_t2|f6_suppressor|f7_weak,110001100,4,-2.2035500766754152,0.033510915576826616,2.77905687558333,2.9254598520555377,-2.0421168247219508,0.16143325195346447
10,f1_strong_t1|f2_strong_t2|f6_suppressor|f8_bigcoef,110001010,4,-2.012824689102173,0.03396026166075289,2.9697822631565725,3.11829109246153,-1.8501682388425047,0.16265645025966813
10,f1_strong_t1|f2_strong_t2|f6_suppressor|noise_0,110001001,4,-2.3421378604888914,0.03340075562983356,2.640469091769854,2.7717175021815574,-2.1862958483849595,0.1558420121039319
10,f1_strong_t1|f2_strong_t2|f7_weak|f8_bigcoef,110000110,4,-3.6158533069610597,0.031019227317998464,1.3667536452976856,1.4172309567830204,-3.528429519423795,0.08742378753726454
10,f1_strong_t1|f2_strong_t2|f7_weak|noise_0,110000101,4,-3.880764905643463,0.030567334471970166,1.1018420466152823,1.1416424971382413,-3.804663953517664,0.07610095212579893
10,f1_strong_t1|f2_strong_t2|f8_bigcoef|noise_0,110000011,4,-3.691377417564392,0.03033054329908516,1.2912295346943532,1.3344737375442337,-3.6127153676382178,0.07866204992617432
10,f1_strong_t1|f3_dup_a|f4_dup_b|f5_null,101110000,4,-4.523900283718109,0.031006326175168582,0.45870666854063646,0.5188716430862063,-4.450590007599112,0.07331027611899721
10,f1_strong_t1|f3_dup_a|f4_dup_b|f6_suppressor,101101000,4,-2.8286844091415406,0.032932891415165186,2.1539225431172047,2.302688998003503,-2.688042878803397,0.14064153033814364
10,f1_strong_t1|f3_dup_a|f4_dup_b|f7_weak,101100100,4,-4.39157296924591,0.030973408193805053,0.591033983012835,0.6726139929601865,-4.306410983936101,0.08516198530980912
10,f1_strong_t1|f3_dup_a|f4_dup_b|f8_bigcoef,101100010,4,-4.203633180332184,0.030495619370150315,0.7789737719265615,0.8654452333661787,-4.114462398056656,0.0891707822755281
10,f1_strong_t1|f3_dup_a|f4_dup_b|noise_0,101100001,4,-4.529296234035492,0.030732280866863658,0.4533107182232534,0.5188716430862063,-4.45059000759911,0.07870622643638203
10,f1_strong_t1|f3_dup_a|f5_null|f6_suppressor,101011000,4,-2.836430436706543,0.031158834274140113,2.1461765155522023,2.292491730832341,-2.6986703229125224,0.13776011379402053
10,f1_strong_t1|f3_dup_a|f5_null|f7_weak,101010100,4,-4.395651568794251,0.02956172622140602,0.5869553834644945,0.6624167257890249,-4.317038428045227,0.07861314074902381
10,f1_strong_t1|f3_dup_a|f5_null|f8_bigcoef,101010010,4,-4.206416199970246,0.028952236697745506,0.7761907522884997,0.8552479661950173,-4.125089842165781,0.08132635780446495
10,f1_strong_t1|f3_dup_a|f5_null|noise_0,101010001,4,-4.532745955562592,0.02932994578906619,0.4498609966961533,0.5086743759150446,-4.4612174517082375,0.0715285038543545
10,f1_strong_t1|f3_dup_a|f6_suppressor|f7_weak,101001100,4,-2.7210475011825563,0.030951954298810317,2.261559451076189,2.446234080706321,-2.5544912992495132,0.1665562019330431
10,f1_strong_t1|f3_dup_a|f6_suppressor|f8_bigcoef,101001010,4,-2.5177570778846743,0.03116911200192342,2.464849874374071,2.639065321112313,-2.362542713370068,0.15521436451460646
10,f1_strong_t1|f3_dup_a|f6_suppressor|noise_0,101001001,4,-2.8626991847991943,0.030947130873933002,2.119907767459551,2.292491730832341,-2.6986703229125224,0.16402886188667187
10,f1_strong_t1|f3_dup_a|f7_weak|f8_bigcoef,101000110,4,-4.13225911693573,0.029725273258641424,0.8503478353230154,0.938005185433804,-4.040803993951359,0.09145512298437097
10,f1_strong_t1|f3_dup_a|f7_weak|noise_0,101000101,4,-4.3991565395355225,0.02925832551879705,0.5834504127232227,0.6624167257890249,-4.317038428045227,0.08211811149029558
10,f1_strong_t1|f3_dup_a|f8_bigcoef|noise_0,101000011,4,-4.211352284622192,0.02885646287681455,0.771254667636553,0.8552479661950173,-4.125089842165781,0.08626244245641157
10,f1_strong_t1|f4_dup_b|f5_null|f6_suppressor,100111000,4,-2.831168498134613,0.031364777789032794,2.1514384541241323,2.292491730832341,-2.697026151153349,0.13414234698126393
10,f1_strong_t1|f4_dup_b|f5_null|f7_weak,100110100,4,-4.391288928413391,0.02936940263575697,0.5913180238453544,0.6624167257890249,-4.315394256286054,0.0758946721273368
10,f1_strong_t1|f4_dup_b|f5_null|f8_bigcoef,100110010,4,-4.204720624065399,0.028879795399443478,0.7778863281933459,0.8552479661950173,-4.123445670406608,0.08127495365879156
10,f1_strong_t1|f4_dup_b|f5_null|noise_0,100110001,4,-4.530902891349792,0.029129327990687327,0.4517040609089529,0.5086743759150446,-4.459573279949064,0.07132961140072869
10,f1_strong_t1|f4_dup_b|f6_suppressor|f7_weak,100101100,4,-2.7058183230400084,0.03091960646414897,2.276788629218737,2.446234080706321,-2.55284712749034,0.15297119554966843
10,f1_strong_t1|f4_dup_b|f6_suppressor|f8_bigcoef,100101010,4,-2.5206299208641054,0.031232002293043036,2.46197703139464,2.639065321112313,-2.3608985416108945,0.1597313792532109
10,f1_strong_t1|f4_dup_b|f6_suppressor|noise_0,100101001,4,-2.8632439098358153,0.031192336832682258,2.11936304242293,2.292491730832341,-2.697026151153349,0.16621775868246624
10,f1_strong_t1|f4_dup_b|f7_weak|f8_bigcoef,100100110,4,-4.129797696685791,0.029629237574708717,0.8528092555729545,0.938005185433804,-4.039159822192186,0.09063787449360472
10,f1_strong_t1|f4_dup_b|f7_weak|noise_0,100100101,4,-4.39461459569931,0.029081339597872184,0.5879923565594352,0.6624167257890249,-4.315394256286054,0.07922033941325601
10,f1_strong_t1|f4_dup_b|f8_bigcoef|noise_0,100100011,4,-4.211164632606506,0.02880696683726212,0.7714423196522393,0.8552479661950173,-4.123445670406608,0.08771896219989817
10,f1_strong_t1|f5_null|f6_suppressor|f7_weak,100011100,4,-3.0016249897003173,0.03287988849786441,1.980981962558428,2.1207408958384875,-2.865050932963869,0.1365740567364484
10,f1_strong_t1|f5_null|f6_suppressor|f8_bigcoef,100011010,4,-2.820208041858673,0.03330437837718502,2.1623989104000723,2.3135721362444794,-2.6731023470844235,0.1471056947742495
10,f1_strong_t1|f5_null|f6_suppressor|noise_0,100011001,4,-3.148362807369232,0.03306651184228473,1.8342441448895133,1.9669985459645072,-3.009229956626878,0.13913285074235393
10,f1_strong_t1|f5_null|f7_weak|f8_bigcoef,100010110,4,-4.423083219909668,0.03136475745138589,0.5595237323490769,0.6125120005659704,-4.351363627665714,0.07171959224395419
10,f1_strong_t1|f5_null|f7_weak|noise_0,100010101,4,-4.687907806205749,0.03085531050848779,0.29469914605299596,0.33692354092119114,-4.627598061759583,0.060309744446166214
10,f1_strong_t1|f5_null|f8_bigcoef|noise_0,100010011,4,-4.5016634318351745,0.030512716774620113,0.4809435204235708,0.5297547813271836,-4.435649475880138,0.06601395595503678
10,f1_strong_t1|f6_suppressor|f7_weak|f8_bigcoef,100001110,4,-2.7488478475570677,0.03324523654691574,2.2337591047016776,2.3963293554832665,-2.588816498870001,0.1600313486870668
10,f1_strong_t1|f6_suppressor|f7_weak|noise_0,100001101,4,-3.0113622544288634,0.032537874144975554,1.9712446978298819,2.1207408958384875,-2.865050932963869,0.14631132146499448
10,f1_strong_t1|f6_suppressor|f8_bigcoef|noise_0,100001011,4,-2.8436716868400573,0.03319203543794929,2.138935265418688,2.3135721362444794,-2.6731023470844235,0.17056933975563382
10,f1_strong_t1|f7_weak|f8_bigcoef|noise_0,100000111,4,-4.425614902591706,0.031105177625617136,0.5569920496670395,0.6125120005659704,-4.351363627665714,0.0742512749259916
10,f2_strong_t2|f3_dup_a|f4_dup_b|f5_null,11110000,4,-3.864256495857239,0.03022197547903555,1.1183504564015063,1.1404094082560454,-3.8043887417550226,0.05986775410221634
10,f2_strong_t2|f3_dup_a|f4_dup_b|f6_suppressor,11101000,4,-3.8845455652236938,0.031148243585291616,1.0980613870350515,1.1404094082560454,-3.8043887417550226,0.08015682346867115
10,f2_strong_t2|f3_dup_a|f4_dup_b|f7_weak,11100100,4,-3.731807293319702,0.030508072982218762,1.250799658939043,1.2941517581300257,-3.660209718092013,0.07159757522768917
10,f2_strong_t2|f3_dup_a|f4_dup_b|f8_bigcoef,11100010,4,-3.5495093737602232,0.03054230381323042,1.433097578498522,1.4869829985360181,-3.4682611322125676,0.08124824154765564
10,f2_strong_t2|f3_dup_a|f4_dup_b|noise_0,11100001,4,-3.8740250075340272,0.030389079671131806,1.108581944724718,1.1404094082560454,-3.8043887417550226,0.06963626577900461
10,f2_strong_t2|f3_dup_a|f5_null|f6_suppressor,11011000,4,-3.888508496761322,0.029350326057982025,1.0940984554974231,1.130212141084884,-3.8150161858641485,0.07349231089717367
10,f2_strong_t2|f3_dup_a|f5_null|f7_weak,11010100,4,-3.7442143847465514,0.028845663466136345,1.2383925675121938,1.2839544909588643,-3.6708371622011393,0.07337722254541212
10,f2_strong_t2|f3_dup_a|f5_null|f8_bigcoef,11010010,4,-3.5584069981575013,0.028823837074785794,1.424199954101244,1.4767857313648562,-3.478888576321694,0.07951842183580737
10,f2_strong_t2|f3_dup_a|f5_null|noise_0,11010001,4,-3.88785218372345,0.028964939124165753,1.0947547685352954,1.130212141084884,-3.8150161858641485,0.0728359978593014
10,f2_strong_t2|f3_dup_a|f6_suppressor|f7_weak,11001100,4,-3.760769931411743,0.0294944315025846,1.2218370208470022,1.2839544909588643,-3.6708371622011393,0.08993276921060378
10,f2_strong_t2|f3_dup_a|f6_suppressor|f8_bigcoef,11001010,4,-3.571859925842285,0.029599594051297525,1.4107470264164603,1.4767857313648562,-3.478888576321694,0.09297134952059105
10,f2_strong_t2|f3_dup_a|f6_suppressor|noise_0,11001001,4,-3.8969152010917663,0.02955182804222875,1.085691751166979,1.130212141084884,-3.8150161858641485,0.08189901522761778
10,f2_strong_t2|f3_dup_a|f7_weak|f8_bigcoef,11000110,4,-3.492268810749054,0.02969640220884256,1.4903381415096915,1.5595429506036433,-3.3946027281072713,0.09766608264178256
10,f2_strong_t2|f3_dup_a|f7_weak|noise_0,11000101,4,-3.7548765701293947,0.029017543796808397,1.2277303821293506,1.2839544909588643,-3.6708371622011393,0.08403940792825537
10,f2_strong_t2|f3_dup_a|f8_bigcoef|noise_0,11000011,4,-3.5675994423866273,0.02914354015441688,1.415007509872118,1.4767857313648562,-3.478888576321694,0.08871086606493339
10,f2_strong_t2|f4_dup_b|f5_null|f6_suppressor,10111000,4,-3.881200379180908,0.029036316052675936,1.101406573077837,1.130212141084884,-3.813372014104975,0.06782836507593304
10,f2_strong_t2|f4_dup_b|f5_null|f7_weak,10110100,4,-3.7390189589500427,0.028599161624724,1.2435879933087026,1.2839544909588643,-3.669192990441967,0.06982596850807576
10,f2_strong_t2|f4_dup_b|f5_null|f8_bigcoef,10110010,4,-3.5546737917900084,0.028600399011925105,1.4279331604687369,1.4767857313648562,-3.4772444045625206,0.07742938722748782
10,f2_strong_t2|f4_dup_b|f5_null|noise_0,10110001,4,-3.882962180042267,0.028498027809082362,1.0996447722164784,1.130212141084884,-3.813372014104975,0.06959016593729173
10,f2_strong_t2|f4_dup_b|f6_suppressor|f7_weak,10101100,4,-3.751242862606049,0.029313518430664254,1.2313640896526965,1.2839544909588643,-3.669192990441967,0.08204987216408188
10,f2_strong_t2|f4_dup_b|f6_suppressor|f8_bigcoef,10101010,4,-3.564219632911682,0.029466352135858985,1.418387319347063,1.4767857313648562,-3.4772444045625206,0.0869752283491616
10,f2_strong_t2|f4_dup_b|f6_suppressor|noise_0,10101001,4,-3.891363665485382,0.029203965334956405,1.0912432867733632,1.130212141084884,-3.813372014104975,0.07799165138040687
10,f2_strong_t2|f4_dup_b|f7_weak|f8_bigcoef,10100110,4,-3.4884444228172304,0.029699572532704804,1.4941625294415148,1.5595429506036433,-3.392958556348098,0.09548586646913249
10,f2_strong_t2|f4_dup_b|f7_weak|noise_0,10100101,4,-3.7481909237861633,0.02874800957194296,1.234416028472582,1.2839544909588643,-3.669192990441967,0.07899793334419636
10,f2_strong_t2|f4_dup_b|f8_bigcoef|noise_0,10100011,4,-3.5628549515724184,0.028910853194995458,1.419752000686327,1.4767857313648562,-3.4772444045625206,0.08561054700989779
10,f2_strong_t2|f5_null|f6_suppressor|f7_weak,10011100,4,-4.045744782543182,0.03061124113003039,0.936862169715563,0.9584613060910306,-3.981396795915495,0.06434798662768726
10,f2_strong_t2|f5_null|f6_suppressor|f8_bigcoef,10011010,4,-3.8532393617630003,0.030691295030817564,1.129367590495745,1.151292546497023,-3.7894482100360496,0.06379115172695071
10,f2_strong_t2|f5_null|f6_suppressor|noise_0,10011001,4,-4.18705695104599,0.03086523564547262,0.7955500012127557,0.8047189562170504,-4.125575819578504,0.06148113146748546
10,f2_strong_t2|f5_null|f7_weak|f8_bigcoef,10010110,4,-3.7813959299087525,0.030891951240107855,1.2012110223499928,1.2340497657358096,-3.705162361821627,0.07623356808712556
10,f2_strong_t2|f5_null|f7_weak|noise_0,10010101,4,-4.047850829982758,0.030410279220253602,0.9347561222759877,0.9584613060910306,-3.981396795915495,0.06645403406726258
10,f2_strong_t2|f5_null|f8_bigcoef|noise_0,10010011,4,-3.8528605216026306,0.030324625398742047,1.1297464306561147,1.151292546497023,-3.7894482100360496,0.063412311566581
10,f2_strong_t2|f6_suppressor|f7_weak|f8_bigcoef,10001110,4,-3.782319710350037,0.03130538771261865,1.2002872419087085,1.2340497657358096,-3.705162361821627,0.07715734852840983
10,f2_strong_t2|f6_suppressor|f7_weak|noise_0,10001101,4,-4.052149492454529,0.030680725768071047,0.9304574598042166,0.9584613060910306,-3.981396795915495,0.07075269653903371
10,f2_strong_t2|f6_suppressor|f8_bigcoef|noise_0,10001011,4,-3.8548499696731566,0.030807119116299707,1.1277569825855887,1.151292546497023,-3.7894482100360496,0.06540175963710704
10,f2_strong_t2|f7_weak|f8_bigcoef|noise_0,10000111,4,-3.7877811074256895,0.031138795040004264,1.1948258448330558,1.2340497657358096,-3.705162361821627,0.08261874560406257
10,f3_dup_a|f4_dup_b|f5_null|f6_suppressor,1111000,4,-4.686613334751129,0.030857885464547947,0.2959936175076159,0.3356904520389953,-4.6273228499969425,0.059290484754186856
10,f3_dup_a|f4_dup_b|f5_null|f7_weak,1110100,4,-4.5353652659416195,0.03035067087863953,0.4472416863171258,0.48943280191297556,-4.483143826333933,0.05222143960768655
10,f3_dup_a|f4_dup_b|f5_null|f8_bigcoef,1110010,4,-4.350008404636383,0.030324097489529432,0.6325985476223623,0.682264042318968,-4.291195240454487,0.058813164181896305
10,f3_dup_a|f4_dup_b|f5_null|noise_0,1110001,4,-4.678098437595367,0.030159894135091143,0.3045085146633779,0.3356904520389953,-4.6273228499969425,0.05077558759842482
10,f3_dup_a|f4_dup_b|f6_suppressor|f7_weak,1101100,4,-4.558794992256164,0.030960017690621813,0.42381196000258115,0.48943280191297556,-4.483143826333933,0.0756511659222312
10,f3_dup_a|f4_dup_b|f6_suppressor|f8_bigcoef,1101010,4,-4.3782719791412354,0.03132931444579638,0.6043349731175098,0.682264042318968,-4.291195240454487,0.08707673868674881
10,f3_dup_a|f4_dup_b|f6_suppressor|noise_0,1101001,4,-4.697011973571778,0.030766022387334786,0.2855949786869676,0.3356904520389953,-4.6273228499969425,0.06968912357483514
10,f3_dup_a|f4_dup_b|f7_weak|f8_bigcoef,1100110,4,-4.276167582035065,0.031116633608540542,0.7064393702236806,0.7650212615577549,-4.206909392240064,0.06925818979500065
10,f3_dup_a|f4_dup_b|f7_weak|noise_0,1100101,4,-4.543120889186859,0.03024165213396266,0.439486063071886,0.48943280191297556,-4.483143826333933,0.059977062852926366
10,f3_dup_a|f4_dup_b|f8_bigcoef|noise_0,1100011,4,-4.357571202564239,0.030394938154354477,0.625035749694506,0.682264042318968,-4.291195240454487,0.0663759621097526
10,f3_dup_a|f5_null|f6_suppressor|f7_weak,1011100,4,-4.568782939815521,0.02940370538293605,0.4138240124432242,0.4792355347418139,-4.493771270443058,0.07501166937246317
10,f3_dup_a|f5_null|f6_suppressor|f8_bigcoef,1011010,4,-4.3790316513061525,0.029560700400692114,0.6035753009525928,0.6720667751478063,-4.3018226845636125,0.07720896674253996
10,f3_dup_a|f5_null|f6_suppressor|noise_0,1011001,4,-4.701670726585388,0.02927169505692681,0.28093622567335697,0.32549318486783363,-4.6379502941060675,0.0637204324793208
10,f3_dup_a|f5_null|f7_weak|f8_bigcoef,1010110,4,-4.2937307188987734,0.029732185357873295,0.6888762333599718,0.7548239943865932,-4.21753683634919,0.07619388254958359
10,f3_dup_a|f5_null|f7_weak|noise_0,1010101,4,-4.559556068706512,0.02890040902588847,0.4230508835522331,0.4792355347418139,-4.493771270443058,0.06578479826345429
10,f3_dup_a|f5_null|f8_bigcoef|noise_0,1010011,4,-4.371537227725983,0.028919142064167774,0.6110697245327623,0.6720667751478063,-4.3018226845636125,0.06971454316237047
10,f3_dup_a|f6_suppressor|f7_weak|f8_bigcoef,1001110,4,-4.309225559616089,0.03017426424275336,0.6733813926426562,0.7548239943865932,-4.21753683634919,0.09168872326689925
10,f3_dup_a|f6_suppressor|f7_weak|noise_0,1001101,4,-4.569432883930206,0.029242353720159014,0.413174068328539,0.4792355347418139,-4.493771270443058,0.0756616134871484
10,f3_dup_a|f6_suppressor|f8_bigcoef|noise_0,1001011,4,-4.384643688297272,0.029468848783836248,0.5979632639614731,0.6720667751478063,-4.3018226845636125,0.08282100373365964
10,f3_dup_a|f7_weak|f8_bigcoef|noise_0,1000111,4,-4.298570157718658,0.029679369167266517,0.6840367945400869,0.7548239943865932,-4.21753683634919,0.0810333213694685
10,f4_dup_b|f5_null|f6_suppressor|f7_weak,111100,4,-4.558937075614929,0.029001900345223864,0.4236698766438165,0.4792355347418139,-4.492127098683885,0.06680997693104374
10,f4_dup_b|f5_null|f6_suppressor|f8_bigcoef,111010,4,-4.374451516342163,0.029285408595828222,0.6081554359165819,0.6720667751478063,-4.300178512804439,0.07427300353772459
10,f4_dup_b|f5_null|f6_suppressor|noise_0,111001,4,-4.6972822722435,0.028982791975938057,0.28532468001524514,0.32549318486783363,-4.636306122346894,0.06097614989660638
10,f4_dup_b|f5_null|f7_weak|f8_bigcoef,110110,4,-4.290656049251556,0.02936241406617985,0.6919509030071893,0.7548239943865932,-4.215892664590016,0.07476338466153987
10,f4_dup_b|f5_null|f7_weak|noise_0,110101,4,-4.55502282371521,0.028466071686381406,0.42758412854353534,0.4792355347418139,-4.492127098683885,0.0628957250313249
10,f4_dup_b|f5_null|f8_bigcoef|noise_0,110011,4,-4.3687955152511595,0.028532171285323055,0.6138114370075858,0.6720667751478063,-4.300178512804439,0.06861700244672075
10,f4_dup_b|f6_suppressor|f7_weak|f8_bigcoef,101110,4,-4.303794061470032,0.02995149849572614,0.6788128907887137,0.7548239943865932,-4.215892664590016,0.08790139688001553
10,f4_dup_b|f6_suppressor|f7_weak|noise_0,101101,4,-4.566682499885559,0.029008034627955304,0.4159244523731864,0.4792355347418139,-4.492127098683885,0.07455540120167381
10,f4_dup_b|f6_suppressor|f8_bigcoef|noise_0,101011,4,-4.381589001464843,0.029270748592274267,0.601017950793902,0.6720667751478063,-4.300178512804439,0.08141048866040457
10,f4_dup_b|f7_weak|f8_bigcoef|noise_0,100111,4,-4.295685897445678,0.029390485056292645,0.6869210548130669,0.7548239943865932,-4.215892664590016,0.07979323285566231
10,f5_null|f6_suppressor|f7_weak|f8_bigcoef,11110,4,-4.593645394039154,0.031413174977502394,0.38896155821959155,0.42933080951875946,-4.528096470063545,0.06554892397560863
10,f5_null|f6_suppressor|f7_weak|noise_0,11101,4,-4.855030428123474,0.030495920229294878,0.12757652413527154,0.15374234987398028,-4.804330904157414,0.0506995239660597
10,f5_null|f6_suppressor|f8_bigcoef|noise_0,11011,4,-4.66791245803833,0.03069123629525673,0.31469449422041507,0.3465735902799726,-4.612382318277969,0.055530139760361585
10,f5_null|f7_weak|f8_bigcoef|noise_0,10111,4,-4.588440471839905,0.030969354292735868,0.39416648041884006,0.42933080951875946,-4.528096470063545,0.06034400177636012
10,f6_suppressor|f7_weak|f8_bigcoef|noise_0,1111,4,-4.596994711017609,0.031229229588745112,0.38561224124113647,0.42933080951875946,-4.528096470063545,0.06889824095406372
10,f1_strong_t1|f2_strong_t2|f3_dup_a|f4_dup_b|f5_null,111110000,5,-3.7170049300193786,0.03097672989553244,1.2656020222393667,1.3235905993032566,-3.6276558993571917,0.08934903066218691
10,f1_strong_t1|f2_strong_t2|f3_dup_a|f4_dup_b|f6_suppressor,111101000,5,-2.0194156955718996,0.03368902714609492,2.9631912566868457,3.1074079542205526,-1.8651087705614784,0.1543069250104212
10,f1_strong_t1|f2_strong_t2|f3_dup_a|f4_dup_b|f7_weak,111100100,5,-3.589019817829132,0.031180350956384398,1.3935871344296134,1.477332949177237,-3.4834768756941825,0.10554294213494941
10,f1_strong_t1|f2_strong_t2|f3_dup_a|f4_dup_b|f8_bigcoef,111100010,5,-3.3962511333465577,0.030604944275908555,1.5863558189121876,1.6701641895832289,-3.291528289814737,0.1047228435318206
10,f1_strong_t1|f2_strong_t2|f3_dup_a|f4_dup_b|noise_0,111100001,5,-3.7242853589057923,0.03088592859208669,1.258321593352953,1.3235905993032566,-3.6276558993571917,0.09662945954860058
10,f1_strong_t1|f2_strong_t2|f3_dup_a|f5_null|f6_suppressor,111011000,5,-2.0356426470756532,0.03183919380081208,2.946964305183092,3.097210687049391,-1.875736214670604,0.1599064324050492
10,f1_strong_t1|f2_strong_t2|f3_dup_a|f5_null|f7_weak,111010100,5,-3.5839866094589232,0.029473953074477498,1.398620342799822,1.467135682006075,-3.4941043198033093,0.08988228965561396
10,f1_strong_t1|f2_strong_t2|f3_dup_a|f5_null|f8_bigcoef,111010010,5,-3.39883647851944,0.028926611804120362,1.5837704737393055,1.6599669224120674,-3.302155733923863,0.09668074459557685
10,f1_strong_t1|f2_strong_t2|f3_dup_a|f5_null|noise_0,111010001,5,-3.726364330482483,0.029443067667977753,1.2562426217762623,1.3133933321320947,-3.6382833434663175,0.0880809870161654
10,f1_strong_t1|f2_strong_t2|f3_dup_a|f6_suppressor|f7_weak,111001100,5,-1.921832506942749,0.032115269494386055,3.060774445315996,3.2509530369233715,-1.7315571910075949,0.19027531593515423
10,f1_strong_t1|f2_strong_t2|f3_dup_a|f6_suppressor|f8_bigcoef,111001010,5,-1.7287011240005494,0.03232019402907792,3.253905828258196,3.443784277329364,-1.539608605128149,0.18909251887240042
10,f1_strong_t1|f2_strong_t2|f3_dup_a|f6_suppressor|noise_0,111001001,5,-2.0516337913513185,0.03174572353667951,2.9309731609074268,3.097210687049391,-1.875736214670604,0.17589757668071448
10,f1_strong_t1|f2_strong_t2|f3_dup_a|f7_weak|f8_bigcoef,111000110,5,-3.3300336923599243,0.02981793502879696,1.652573259898821,1.742724141650854,-3.2178698857094394,0.11216380665048487
10,f1_strong_t1|f2_strong_t2|f3_dup_a|f7_weak|noise_0,111000101,5,-3.5946536524772643,0.02941270628445772,1.387953299781481,1.467135682006075,-3.4941043198033093,0.10054933267395505
10,f1_strong_t1|f2_strong_t2|f3_dup_a|f8_bigcoef|noise_0,111000011,5,-3.4054753058433533,0.02896233040993255,1.577131646415392,1.6599669224120674,-3.302155733923863,0.10331957191949037
10,f1_strong_t1|f2_strong_t2|f4_dup_b|f5_null|f6_suppressor,110111000,5,-2.0257547790527344,0.031767105879772765,2.956852173206011,3.097210687049391,-1.8740920429114303,0.1516627361413041
10,f1_strong_t1|f2_strong_t2|f4_dup_b|f5_null|f7_weak,110110100,5,-3.5819505570411683,0.029367611428652594,1.400656395217577,1.467135682006075,-3.492460148044135,0.0894904089970332
10,f1_strong_t1|f2_strong_t2|f4_dup_b|f5_null|f8_bigcoef,110110010,5,-3.397579458808899,0.028979365345298335,1.5850274934498465,1.6599669224120674,-3.3005115621646897,0.09706789664420912
10,f1_strong_t1|f2_strong_t2|f4_dup_b|f5_null|noise_0,110110001,5,-3.7234456486701966,0.02912470699596984,1.2591613035885487,1.3133933321320947,-3.6366391717071442,0.08680647696305233
10,f1_strong_t1|f2_strong_t2|f4_dup_b|f6_suppressor|f7_weak,110101100,5,-1.8984462191581726,0.03184533906774258,3.084160733100573,3.2509530369233715,-1.7299130192484216,0.16853319990975102
10,f1_strong_t1|f2_strong_t2|f4_dup_b|f6_suppressor|f8_bigcoef,110101010,5,-1.7074018365859986,0.031794955276400264,3.2752051156727466,3.443784277329364,-1.5379644333689753,0.16943740321702339
10,f1_strong_t1|f2_strong_t2|f4_dup_b|f6_suppressor|noise_0,110101001,5,-2.0453575910568236,0.031624132827977165,2.9372493612019217,3.097210687049391,-1.8740920429114303,0.1712655481453933
10,f1_strong_t1|f2_strong_t2|f4_dup_b|f7_weak|f8_bigcoef,110100110,5,-3.328280193042755,0.029965682945615635,1.6543267592159903,1.742724141650854,-3.216225713950266,0.11205447909248889
10,f1_strong_t1|f2_strong_t2|f4_dup_b|f7_weak|noise_0,110100101,5,-3.5852257192611696,0.029130972678199682,1.3973812329975757,1.467135682006075,-3.492460148044135,0.09276557121703455
10,f1_strong_t1|f2_strong_t2|f4_dup_b|f8_bigcoef|noise_0,110100011,5,-3.4008296125411985,0.028936414248113874,1.5817773397175467,1.6599669224120674,-3.3005115621646897,0.10031805037650887
10,f1_strong_t1|f2_strong_t2|f5_null|f6_suppressor|f7_weak,110011100,5,-2.1980707653045655,0.03348261759080897,2.78453618695418,2.9254598520555377,-2.0421168247219508,0.1559539405826147
10,f1_strong_t1|f2_strong_t2|f5_null|f6_suppressor|f8_bigcoef,110011010,5,-2.009997570705414,0.033767968964231516,2.9726093815533314,3.11829109246153,-1.8501682388425047,0.15982933186290915
10,f1_strong_t1|f2_strong_t2|f5_null|f6_suppressor|noise_0,110011001,5,-2.3408461404800414,0.03362902840221356,2.641760811778704,2.7717175021815574,-2.1862958483849595,0.15455029209508186
10,f1_strong_t1|f2_strong_t2|f5_null|f7_weak|f8_bigcoef,110010110,5,-3.6185680859565736,0.031239097215191275,1.3640388663021716,1.4172309567830204,-3.528429519423795,0.09013856653277852
10,f1_strong_t1|f2_strong_t2|f5_null|f7_weak|noise_0,110010101,5,-3.8839863837242126,0.030842966262658193,1.0986205685345327,1.1416424971382413,-3.804663953517664,0.0793224302065485
10,f1_strong_t1|f2_strong_t2|f5_null|f8_bigcoef|noise_0,110010011,5,-3.694344471168518,0.030511114889509465,1.2882624810902272,1.3344737375442337,-3.6127153676382178,0.08162910353030028
10,f1_strong_t1|f2_strong_t2|f6_suppressor|f7_weak|f8_bigcoef,110001110,5,-1.9449184226989746,0.034151119442024064,3.0376885295597704,3.201048311700317,-1.765882390628082,0.17903603207089258
10,f1_strong_t1|f2_strong_t2|f6_suppressor|f7_weak|noise_0,110001101,5,-2.210004692745209,0.03332398345532947,2.7726022595135364,2.9254598520555377,-2.0421168247219508,0.16788786802325806
10,f1_strong_t1|f2_strong_t2|f6_suppressor|f8_bigcoef|noise_0,110001011,5,-2.0210456380844115,0.033761615331800526,2.9615613141743338,3.11829109246153,-1.8501682388425047,0.1708773992419068
10,f1_strong_t1|f2_strong_t2|f7_weak|f8_bigcoef|noise_0,110000111,5,-3.623698770046234,0.031192528490160413,1.3589081822125113,1.4172309567830204,-3.528429519423795,0.09526925062243885
10,f1_strong_t1|f3_dup_a|f4_dup_b|f5_null|f6_suppressor,101111000,5,-2.817048962593079,0.03308540210458551,2.1655579896656665,2.302688998003503,-2.688042878803397,0.1290060837896818
10,f1_strong_t1|f3_dup_a|f4_dup_b|f5_null|f7_weak,101110100,5,-4.393660788059234,0.03133620416167537,0.5889461641995108,0.6726139929601865,-4.306410983936101,0.08724980412313332
10,f1_strong_t1|f3_dup_a|f4_dup_b|f5_null|f8_bigcoef,101110010,5,-4.2032683027267455,0.030682791857031724,0.7793386495319998,0.8654452333661787,-4.114462398056656,0.08880590467008975
10,f1_strong_t1|f3_dup_a|f4_dup_b|f5_null|noise_0,101110001,5,-4.530376748085022,0.031049777152124532,0.4522302041737234,0.5188716430862063,-4.450590007599112,0.07978674048591028
10,f1_strong_t1|f3_dup_a|f4_dup_b|f6_suppressor|f7_weak,101101100,5,-2.701025346660614,0.032926197089510334,2.2815816055981313,2.456431347877483,-2.543863855140388,0.15716149152022618
10,f1_strong_t1|f3_dup_a|f4_dup_b|f6_suppressor|f8_bigcoef,101101010,5,-2.508629196643829,0.03296697112168605,2.473977755614916,2.6492625882834755,-2.3519152692609415,0.1567139273828877
10,f1_strong_t1|f3_dup_a|f4_dup_b|f6_suppressor|noise_0,101101001,5,-2.848051506328583,0.03294803204540689,2.1345554459301623,2.302688998003503,-2.688042878803397,0.16000862752518596
10,f1_strong_t1|f3_dup_a|f4_dup_b|f7_weak|f8_bigcoef,101100110,5,-4.127899581336975,0.03143403965895706,0.8547073709217701,0.9482024526049658,-4.030176549842233,0.09772303149474215
10,f1_strong_t1|f3_dup_a|f4_dup_b|f7_weak|noise_0,101100101,5,-4.398306739902496,0.03106554952063274,0.5843002123562488,0.6726139929601865,-4.306410983936101,0.09189575596639532
10,f1_strong_t1|f3_dup_a|f4_dup_b|f8_bigcoef|noise_0,101100011,5,-4.208033469772339,0.030562933543131564,0.7745734824864066,0.8654452333661787,-4.114462398056656,0.09357107171568302
10,f1_strong_t1|f3_dup_a|f5_null|f6_suppressor|f7_weak,101011100,5,-2.7096810967445375,0.031087030315511188,2.272925855514208,2.446234080706321,-2.5544912992495132,0.15518979749502426
10,f1_strong_t1|f3_dup_a|f5_null|f6_suppressor|f8_bigcoef,101011010,5,-2.520028953552246,0.031243008969402065,2.4625779987064993,2.639065321112313,-2.362542713370068,0.15748624018217816
10,f1_strong_t1|f3_dup_a|f5_null|f6_suppressor|noise_0,101011001,5,-2.851100242996216,0.031048583006533605,2.1315067092625295,2.292491730832341,-2.6986703229125224,0.15242992008369338
10,f1_strong_t1|f3_dup_a|f5_null|f7_weak|f8_bigcoef,101010110,5,-4.133955652141571,0.0300854220911804,0.848651300117174,0.938005185433804,-4.040803993951359,0.09315165819021232
10,f1_strong_t1|f3_dup_a|f5_null|f7_weak|noise_0,101010101,5,-4.401255718994141,0.02959807445013759,0.5813512332646047,0.6624167257890249,-4.317038428045227,0.08421729094891361
10,f1_strong_t1|f3_dup_a|f5_null|f8_bigcoef|noise_0,101010011,5,-4.212898470401764,0.029038355236347076,0.7697084818569815,0.8552479661950173,-4.125089842165781,0.08780862823598312
10,f1_strong_t1|f3_dup_a|f6_suppressor|f7_weak|f8_bigcoef,101001110,5,-2.4561455226898192,0.03149285816530222,2.526461429568926,2.7218225403511003,-2.278256865155645,0.17788865753417404
10,f1_strong_t1|f3_dup_a|f6_suppressor|f7_weak|noise_0,101001101,5,-2.714768157482147,0.030817925298293233,2.267838794776598,2.446234080706321,-2.5544912992495132,0.16027685823263393
10,f1_strong_t1|f3_dup_a|f6_suppressor|f8_bigcoef|noise_0,101001011,5,-2.5342809019088746,0.031133675026561523,2.4483260503498707,2.639065321112313,-2.362542713370068,0.17173818853880674
10,f1_strong_t1|f3_dup_a|f7_weak|f8_bigcoef|noise_0,101000111,5,-4.138637886047364,0.029844229171682772,0.8439690662113817,0.938005185433804,-4.040803993951359,0.09783389209600468
10,f1_strong_t1|f4_dup_b|f5_null|f6_suppressor|f7_weak,100111100,5,-2.70078281545639,0.031037328747158765,2.281824136802355,2.446234080706321,-2.55284712749034,0.14793568796605028
10,f1_strong_t1|f4_dup_b|f5_null|f6_suppressor|f8_bigcoef,100111010,5,-2.5203761151313784,0.031126910307842474,2.462230837127367,2.639065321112313,-2.3608985416108945,0.15947757352048386
10,f1_strong_t1|f4_dup_b|f5_null|f6_suppressor|noise_0,100111001,5,-2.8497993878364563,0.031157629973267785,2.132807564422289,2.292491730832341,-2.697026151153349,0.15277323668310716
10,f1_strong_t1|f4_dup_b|f5_null|f7_weak|f8_bigcoef,100110110,5,-4.131207517623901,0.02983176033240206,0.8513994346348444,0.938005185433804,-4.039159822192186,0.09204769543171487
10,f1_strong_t1|f4_dup_b|f5_null|f7_weak|noise_0,100110101,5,-4.397229059410095,0.029301060353615894,0.5853778928486504,0.6624167257890249,-4.315394256286054,0.08183480312404079
10,f1_strong_t1|f4_dup_b|f5_null|f8_bigcoef|noise_0,100110011,5,-4.210725179672242,0.028854652418080395,0.7718817725865037,0.8552479661950173,-4.123445670406608,0.08727950926563377
10,f1_strong_t1|f4_dup_b|f6_suppressor|f7_weak|f8_bigcoef,100101110,5,-2.445860188961029,0.03135628884253358,2.536746763297716,2.7218225403511003,-2.2766126933964714,0.16924749556455776
10,f1_strong_t1|f4_dup_b|f6_suppressor|f7_weak|noise_0,100101101,5,-2.7143483180999755,0.030929867281435527,2.26825863415877,2.446234080706321,-2.55284712749034,0.16150119060963553
10,f1_strong_t1|f4_dup_b|f6_suppressor|f8_bigcoef|noise_0,100101011,5,-2.541112990951538,0.03108873360271874,2.441493961307207,2.639065321112313,-2.3608985416108945,0.18021444934064368
10,f1_strong_t1|f4_dup_b|f7_weak|f8_bigcoef|noise_0,100100111,5,-4.133892027378082,0.02966139624250059,0.8487149248806629,0.938005185433804,-4.039159822192186,0.09473220518589631
10,f1_strong_t1|f5_null|f6_suppressor|f7_weak|f8_bigcoef,100011110,5,-2.7447325728416443,0.033513237934161846,2.237874379417101,2.3963293554832665,-2.588816498870001,0.15591607397164342
10,f1_strong_t1|f5_null|f6_suppressor|f7_weak|noise_0,100011101,5,-3.009272856426239,0.032803901396579314,1.9733340958325063,2.1207408958384875,-2.865050932963869,0.14422192346237006
10,f1_strong_t1|f5_null|f6_suppressor|f8_bigcoef|noise_0,100011011,5,-2.8351902027130125,0.033245009385113204,2.147416749545733,2.3135721362444794,-2.6731023470844235,0.16208785562858896
10,f1_strong_t1|f5_null|f7_weak|f8_bigcoef|noise_0,100010111,5,-4.428935049247742,0.03144520195665093,0.5536719030110033,0.6125120005659704,-4.351363627665714,0.07757142158202779
10,f1_strong_t1|f6_suppressor|f7_weak|f8_bigcoef|noise_0,100001111,5,-2.7605835604667663,0.03338595763741319,2.222023391791979,2.3963293554832665,-2.588816498870001,0.17176706159676547
10,f2_strong_t2|f3_dup_a|f4_dup_b|f5_null|f6_suppressor,11111000,5,-3.877829972076416,0.03103332174985712,1.1047769801823293,1.1404094082560454,-3.8043887417550226,0.07344123032139338
10,f2_strong_t2|f3_dup_a|f4_dup_b|f5_null|f7_weak,11110100,5,-3.7295960423469543,0.03047565193366411,1.253010909911791,1.2941517581300257,-3.660209718092013,0.06938632425494129
10,f2_strong_t2|f3_dup_a|f4_dup_b|f5_null|f8_bigcoef,11110010,5,-3.54779042634964,0.030451865397500458,1.4348165259091052,1.4869829985360181,-3.4682611322125676,0.07952929413707244
10,f2_strong_t2|f3_dup_a|f4_dup_b|f5_null|noise_0,11110001,5,-3.8732013496398925,0.030359996199206138,1.1094056026188528,1.1404094082560454,-3.8043887417550226,0.06881260788486987
10,f2_strong_t2|f3_dup_a|f4_dup_b|f6_suppressor|f7_weak,11101100,5,-3.753357008266449,0.03141512966599098,1.2292499439922961,1.2941517581300257,-3.660209718092013,0.09314729017443613
10,f2_strong_t2|f3_dup_a|f4_dup_b|f6_suppressor|f8_bigcoef,11101010,5,-3.5666060740470886,0.03143609520010253,1.4160008782116567,1.4869829985360181,-3.4682611322125676,0.09834494183452103
10,f2_strong_t2|f3_dup_a|f4_dup_b|f6_suppressor|noise_0,11101001,5,-3.889427272415161,0.03122303314081715,1.0931796798435842,1.1404094082560454,-3.8043887417550226,0.08503853066013844
10,f2_strong_t2|f3_dup_a|f4_dup_b|f7_weak|f8_bigcoef,11100110,5,-3.478755538368225,0.03144040157735127,1.5038514138905201,1.5697402177748048,-3.3839752839981445,0.09478025437008064
10,f2_strong_t2|f3_dup_a|f4_dup_b|f7_weak|noise_0,11100101,5,-3.7399142473220826,0.03056367402155848,1.2426927049366627,1.2941517581300257,-3.660209718092013,0.07970452923006954
10,f2_strong_t2|f3_dup_a|f4_dup_b|f8_bigcoef|noise_0,11100011,5,-3.554250804901123,0.030676796898336627,1.428356147357622,1.4869829985360181,-3.4682611322125676,0.08598967268855562
10,f2_strong_t2|f3_dup_a|f5_null|f6_suppressor|f7_weak,11011100,5,-3.7598555114746093,0.029503594771330313,1.222751440784136,1.2839544909588643,-3.6708371622011393,0.08901834927346997
10,f2_strong_t2|f3_dup_a|f5_null|f6_suppressor|f8_bigcoef,11011010,5,-3.56925814332962,0.029530755838465813,1.413348808929125,1.4767857313648562,-3.478888576321694,0.09036956700792631
10,f2_strong_t2|f3_dup_a|f5_null|f6_suppressor|noise_0,11011001,5,-3.900374472427368,0.02959437371476859,1.0822324798313772,1.130212141084884,-3.8150161858641485,0.08535828656321964
10,f2_strong_t2|f3_dup_a|f5_null|f7_weak|f8_bigcoef,11010110,5,-3.4920780730247496,0.029689430060069393,1.4905288792339957,1.5595429506036433,-3.3946027281072713,0.09747534491747833
10,f2_strong_t2|f3_dup_a|f5_null|f7_weak|noise_0,11010101,5,-3.7557691711425782,0.0290059576256221,1.226837781116167,1.2839544909588643,-3.6708371622011393,0.08493200894143893
10,f2_strong_t2|f3_dup_a|f5_null|f8_bigcoef|noise_0,11010011,5,-3.565642297744751,0.029056370824016926,1.4169646545139942,1.4767857313648562,-3.478888576321694,0.08675372142305715
10,f2_strong_t2|f3_dup_a|f6_suppressor|f7_weak|f8_bigcoef,11001110,5,-3.5044166118621827,0.03033613565278948,1.4781903403965626,1.5595429506036433,-3.3946027281072713,0.10981388375491141
10,f2_strong_t2|f3_dup_a|f6_suppressor|f7_weak|noise_0,11001101,5,-3.7672713728904723,0.02967189709361706,1.215335579368273,1.2839544909588643,-3.6708371622011393,0.096434210689333
10,f2_strong_t2|f3_dup_a|f6_suppressor|f8_bigcoef|noise_0,11001011,5,-3.578323209095001,0.029747802908527222,1.4042837431637443,1.4767857313648562,-3.478888576321694,0.09943463277330711
10,f2_strong_t2|f3_dup_a|f7_weak|f8_bigcoef|noise_0,11000111,5,-3.497536097240448,0.029878064079512556,1.4850708550182974,1.5595429506036433,-3.3946027281072713,0.10293336913317663
10,f2_strong_t2|f4_dup_b|f5_null|f6_suppressor|f7_weak,10111100,5,-3.7501202637672426,0.029216176699397124,1.2324866884915027,1.2839544909588643,-3.669192990441967,0.08092727332527572
10,f2_strong_t2|f4_dup_b|f5_null|f6_suppressor|f8_bigcoef,10111010,5,-3.5621660632133483,0.029307597504526474,1.420440889045397,1.4767857313648562,-3.4772444045625206,0.08492165865082768
10,f2_strong_t2|f4_dup_b|f5_null|f6_suppressor|noise_0,10111001,5,-3.8916912163734434,0.02916892447649534,1.0909157358853019,1.130212141084884,-3.813372014104975,0.07831920226846822
10,f2_strong_t2|f4_dup_b|f5_null|f7_weak|f8_bigcoef,10110110,5,-3.489670502376556,0.029508460649420157,1.492936449882189,1.5595429506036433,-3.392958556348098,0.09671194602845823
10,f2_strong_t2|f4_dup_b|f5_null|f7_weak|noise_0,10110101,5,-3.7505915040016173,0.028629130845620254,1.232015448257128,1.2839544909588643,-3.669192990441967,0.08139851355965044
10,f2_strong_t2|f4_dup_b|f5_null|f8_bigcoef|noise_0,10110011,5,-3.5615032828330992,0.028694814064561296,1.421103669425646,1.4767857313648562,-3.4772444045625206,0.08425887827057865
10,f2_strong_t2|f4_dup_b|f6_suppressor|f7_weak|f8_bigcoef,10101110,5,-3.498605458641052,0.03028594579827085,1.484001493617693,1.5595429506036433,-3.392958556348098,0.10564690229295426
10,f2_strong_t2|f4_dup_b|f6_suppressor|f7_weak|noise_0,10101101,5,-3.75975303812027,0.02944035313270434,1.2228539141384753,1.2839544909588643,-3.669192990441967,0.09056004767830306
10,f2_strong_t2|f4_dup_b|f6_suppressor|f8_bigcoef|noise_0,10101011,5,-3.5711333220481873,0.02950667579758943,1.411473630210558,1.4767857313648562,-3.4772444045625206,0.09388891748566675
10,f2_strong_t2|f4_dup_b|f7_weak|f8_bigcoef|noise_0,10100111,5,-3.49470793428421,0.02972087830529635,1.4878990179745353,1.5595429506036433,-3.392958556348098,0.10174937793611205
10,f2_strong_t2|f5_null|f6_suppressor|f7_weak|f8_bigcoef,10011110,5,-3.786961100387573,0.03145579630477649,1.1956458518711721,1.2340497657358096,-3.705162361821627,0.08179873856594622
10,f2_strong_t2|f5_null|f6_suppressor|f7_weak|noise_0,10011101,5,-4.056238090133667,0.03095723378935613,0.9263688621250781,0.9584613060910306,-3.981396795915495,0.0748412942181722
10,f2_strong_t2|f5_null|f6_suppressor|f8_bigcoef|noise_0,10011011,5,-3.86020343875885,0.030952576934101618,1.1224035134998953,1.151292546497023,-3.7894482100360496,0.07075522872280038
10,f2_strong_t2|f5_null|f7_weak|f8_bigcoef|noise_0,10010111,5,-3.7897730423927305,0.03119934813453556,1.1928339098660148,1.2340497657358096,-3.705162361821627,0.08461068057110355
10,f2_strong_t2|f6_suppressor|f7_weak|f8_bigcoef|noise_0,10001111,5,-3.7933047107696534,0.03165390995716395,1.189302241489092,1.2340497657358096,-3.705162361821627,0.08814234894802642
10,f3_dup_a|f4_dup_b|f5_null|f6_suppressor|f7_weak,1111100,5,-4.555474754810334,0.031038696544669873,0.4271321974484117,0.48943280191297556,-4.483143826333933,0.07233092847640066
10,f3_dup_a|f4_dup_b|f5_null|f6_suppressor|f8_bigcoef,1111010,5,-4.372240949249267,0.03120656431508762,0.610366003009478,0.682264042318968,-4.291195240454487,0.08104570879478068
10,f3_dup_a|f4_dup_b|f5_null|f6_suppressor|noise_0,1111001,5,-4.695007009983063,0.030882874869590467,0.28759994227568253,0.3356904520389953,-4.6273228499969425,0.06768415998612021
10,f3_dup_a|f4_dup_b|f5_null|f7_weak|f8_bigcoef,1110110,5,-4.278582627296448,0.031255091709806435,0.7040243249622975,0.7650212615577549,-4.206909392240064,0.07167323505638379
10,f3_dup_a|f4_dup_b|f5_null|f7_weak|noise_0,1110101,5,-4.5461658400535585,0.03047662568061277,0.4364411122051868,0.48943280191297556,-4.483143826333933,0.06302201371962557
10,f3_dup_a|f4_dup_b|f5_null|f8_bigcoef|noise_0,1110011,5,-4.358901253032684,0.030438684873830654,0.6237056992260612,0.682264042318968,-4.291195240454487,0.06770601257819742
10,f3_dup_a|f4_dup_b|f6_suppressor|f7_weak|f8_bigcoef,1101110,5,-4.299859582996368,0.03190765815933632,0.6827473692623771,0.7650212615577549,-4.206909392240064,0.09295019075630417
10,f3_dup_a|f4_dup_b|f6_suppressor|f7_weak|noise_0,1101101,5,-4.563617623329162,0.031040973416196382,0.41898932892958296,0.48943280191297556,-4.483143826333933,0.08047379699522939
10,f3_dup_a|f4_dup_b|f6_suppressor|f8_bigcoef|noise_0,1101011,5,-4.379820596885681,0.031147579831446066,0.6027863553730644,0.682264042318968,-4.291195240454487,0.08862535643119429
10,f3_dup_a|f4_dup_b|f7_weak|f8_bigcoef|noise_0,1100111,5,-4.28403649969101,0.031208314324245565,0.6985704525677354,0.7650212615577549,-4.206909392240064,0.07712710745094586
10,f3_dup_a|f5_null|f6_suppressor|f7_weak|f8_bigcoef,1011110,5,-4.311783242225647,0.03036200347929631,0.6708237100330985,0.7548239943865932,-4.21753683634919,0.09424640587645694
10,f3_dup_a|f5_null|f6_suppressor|f7_weak|noise_0,1011101,5,-4.573545754623413,0.029425319296441953,0.40906119763533244,0.4792355347418139,-4.493771270443058,0.07977448418035493
10,f3_dup_a|f5_null|f6_suppressor|f8_bigcoef|noise_0,1011011,5,-4.385070775985718,0.029493839552410684,0.5975361762730271,0.6720667751478063,-4.3018226845636125,0.08324809142210565
10,f3_dup_a|f5_null|f7_weak|f8_bigcoef|noise_0,1010111,5,-4.300481382751465,0.029819968955900368,0.6821255695072805,0.7548239943865932,-4.21753683634919,0.08294454640227489
10,f3_dup_a|f6_suppressor|f7_weak|f8_bigcoef|noise_0,1001111,5,-4.313853148269653,0.03020938292284179,0.6687538039890919,0.7548239943865932,-4.21753683634919,0.09631631192046353
10,f4_dup_b|f5_null|f6_suppressor|f7_weak|f8_bigcoef,111110,5,-4.304987535858154,0.030037322326185927,0.6776194164005913,0.7548239943865932,-4.215892664590016,0.08909487126813787
10,f4_dup_b|f5_null|f6_suppressor|f7_weak|noise_0,111101,5,-4.566676706981659,0.029049419620823205,0.4159302452770861,0.4792355347418139,-4.492127098683885,0.07454960829777413
10,f4_dup_b|f5_null|f6_suppressor|f8_bigcoef|noise_0,111011,5,-4.381126990795136,0.029166586798191202,0.6014799614636095,0.6720667751478063,-4.300178512804439,0.08094847799069704
10,f4_dup_b|f5_null|f7_weak|f8_bigcoef|noise_0,110111,5,-4.297623106956482,0.029401443210229875,0.6849838453022636,0.7548239943865932,-4.215892664590016,0.08173044236646554
10,f4_dup_b|f6_suppressor|f7_weak|f8_bigcoef|noise_0,101111,5,-4.308844140434265,0.029963580324468303,0.6737628118244805,0.7548239943865932,-4.215892664590016,0.09295147584424868
10,f5_null|f6_suppressor|f7_weak|f8_bigcoef|noise_0,11111,5,-4.599319347858429,0.0314863679170378,0.3832876044003166,0.42933080951875946,-4.528096470063545,0.07122287779488357
10,f1_strong_t1|f2_strong_t2|f3_dup_a|f4_dup_b|f5_null|f6_suppressor,111111000,6,-2.006250144004822,0.03352996127346064,2.9763568082539233,3.1074079542205526,-1.8651087705614784,0.14114137344334354
10,f1_strong_t1|f2_strong_t2|f3_dup_a|f4_dup_b|f5_null|f7_weak,111110100,6,-3.584253462600708,0.0312715460050809,1.3983534896580374,1.477332949177237,-3.4834768756941825,0.10077658690652536
10,f1_strong_t1|f2_strong_t2|f3_dup_a|f4_dup_b|f5_null|f8_bigcoef,111110010,6,-3.394698414993286,0.030695075205225963,1.5879085372654593,1.6701641895832289,-3.291528289814737,0.10317012517854884
10,f1_strong_t1|f2_strong_t2|f3_dup_a|f4_dup_b|f5_null|noise_0,111110001,6,-3.723146464347839,0.031016386450092345,1.2594604879109061,1.3235905993032566,-3.6276558993571917,0.09549056499064745
10,f1_strong_t1|f2_strong_t2|f3_dup_a|f4_dup_b|f6_suppressor|f7_weak,111101100,6,-1.9013457524299622,0.03391838171533257,3.0812611998287833,3.261150304094533,-1.7209297468984697,0.1804160055314925
10,f1_strong_t1|f2_strong_t2|f3_dup_a|f4_dup_b|f6_suppressor|f8_bigcoef,111101010,6,-1.7035083600997925,0.03372926081267477,3.279098592158953,3.4539815445005253,-1.5289811610190234,0.17452719908076908
10,f1_strong_t1|f2_strong_t2|f3_dup_a|f4_dup_b|f6_suppressor|noise_0,111101001,6,-2.0317077489852906,0.03342619694507139,2.9508992032734547,3.1074079542205526,-1.8651087705614784,0.16659897842381222
10,f1_strong_t1|f2_strong_t2|f3_dup_a|f4_dup_b|f7_weak|f8_bigcoef,111100110,6,-3.326946949005127,0.031675478412222464,1.6556600032536184,1.752921408822016,-3.2072424416003145,0.11970450740481242
10,f1_strong_t1|f2_strong_t2|f3_dup_a|f4_dup_b|f7_weak|noise_0,111100101,6,-3.5913358659744263,0.031118701668502103,1.391271086284319,1.477332949177237,-3.4834768756941825,0.10785899028024382
10,f1_strong_t1|f2_strong_t2|f3_dup_a|f4_dup_b|f8_bigcoef|noise_0,111100011,6,-3.40020413942337,0.03067656436833055,1.582402812835375,1.6701641895832289,-3.291528289814737,0.10867584960863308
10,f1_strong_t1|f2_strong_t2|f3_dup_a|f5_null|f6_suppressor|f7_weak,111011100,6,-1.9049856247901917,0.0318577624443712,3.0776213274685533,3.2509530369233715,-1.7315571910075949,0.17342843378259687
10,f1_strong_t1|f2_strong_t2|f3_dup_a|f5_null|f6_suppressor|f8_bigcoef,111011010,6,-1.7191017439842224,0.03188074740483156,3.263505208274523,3.443784277329364,-1.539608605128149,0.17949313885607343
10,f1_strong_t1|f2_strong_t2|f3_dup_a|f5_null|f6_suppressor|noise_0,111011001,6,-2.04088526763916,0.031738993158362254,2.9417216846195853,3.097210687049391,-1.875736214670604,0.16514905296855598
10,f1_strong_t1|f2_strong_t2|f3_dup_a|f5_null|f7_weak|f8_bigcoef,111010110,6,-3.3283764064788817,0.02994990436674374,1.6542305457798636,1.742724141650854,-3.21786988570944,0.11050652076944179
10,f1_strong_t1|f2_strong_t2|f3_dup_a|f5_null|f7_weak|noise_0,111010101,6,-3.5927101452827452,0.029538936054438265,1.389896806976,1.467135682006075,-3.4941043198033093,0.09860582547943597
10,f1_strong_t1|f2_strong_t2|f3_dup_a|f5_null|f8_bigcoef|noise_0,111010011,6,-3.4034710790634155,0.029079009810494966,1.5791358731953298,1.6599669224120674,-3.302155733923863,0.10131534513955254
10,f1_strong_t1|f2_strong_t2|f3_dup_a|f6_suppressor|f7_weak|f8_bigcoef,111001110,6,-1.6643500862121583,0.03272779765894873,3.318256866046587,3.52654149656815,-1.455322756913727,0.20902732929843126
10,f1_strong_t1|f2_strong_t2|f3_dup_a|f6_suppressor|f7_weak|noise_0,111001101,6,-1.9259577910423278,0.03188565808793906,3.0566491612164173,3.2509530369233715,-1.7315571910075949,0.19440060003473292
10,f1_strong_t1|f2_strong_t2|f3_dup_a|f6_suppressor|f8_bigcoef|noise_0,111001011,6,-1.7297547783851623,0.03210274482718586,3.252852173873583,3.443784277329364,-1.539608605128149,0.19014617325701333
10,f1_strong_t1|f2_strong_t2|f3_dup_a|f7_weak|f8_bigcoef|noise_0,111000111,6,-3.334761727809906,0.029868438327738427,1.6478452244488393,1.742724141650854,-3.2178698857094394,0.11689184210046655
10,f1_strong_t1|f2_strong_t2|f4_dup_b|f5_null|f6_suppressor|f7_weak,110111100,6,-1.8957361066818237,0.031787690905214466,3.0868708455769216,3.2509530369233715,-1.7299130192484211,0.16582308743340257
10,f1_strong_t1|f2_strong_t2|f4_dup_b|f5_null|f6_suppressor|f8_bigcoef,110111010,6,-1.7058601666450501,0.031661093919936815,3.276746785613695,3.443784277329364,-1.5379644333689753,0.16789573327607488
10,f1_strong_t1|f2_strong_t2|f4_dup_b|f5_null|f6_suppressor|noise_0,110111001,6,-2.0359663663864134,0.03161091406149215,2.946640585872332,3.097210687049391,-1.8740920429114303,0.1618743234749831
10,f1_strong_t1|f2_strong_t2|f4_dup_b|f5_null|f7_weak|f8_bigcoef,110110110,6,-3.3288999365806577,0.029943649535865938,1.6537070156780875,1.742724141650854,-3.216225713950266,0.11267422263039162
10,f1_strong_t1|f2_strong_t2|f4_dup_b|f5_null|f7_weak|noise_0,110110101,6,-3.5878826667785644,0.029201064725259483,1.394724285480181,1.467135682006075,-3.492460148044135,0.0954225187344293
10,f1_strong_t1|f2_strong_t2|f4_dup_b|f5_null|f8_bigcoef|noise_0,110110011,6,-3.401306162071228,0.02894744253099376,1.5813007901875173,1.6599669224120674,-3.3005115621646897,0.10079459990653827
10,f1_strong_t1|f2_strong_t2|f4_dup_b|f6_suppressor|f7_weak|f8_bigcoef,110101110,6,-1.6377784657478331,0.03224307799683607,3.344828486510912,3.52654149656815,-1.4536785851545533,0.18409988059327986
10,f1_strong_t1|f2_strong_t2|f4_dup_b|f6_suppressor|f7_weak|noise_0,110101101,6,-1.9087316716194154,0.03172600286857829,3.0738752806393297,3.2509530369233715,-1.7299130192484216,0.1788186523709938
10,f1_strong_t1|f2_strong_t2|f4_dup_b|f6_suppressor|f8_bigcoef|noise_0,110101011,6,-1.7177677376747131,0.03151067076987071,3.264839214584032,3.443784277329364,-1.5379644333689753,0.17980330430573788
10,f1_strong_t1|f2_strong_t2|f4_dup_b|f7_weak|f8_bigcoef|noise_0,110100111,6,-3.330751037311554,0.029828100681223654,1.6518559149471912,1.742724141650854,-3.216225713950266,0.11452532336128796
10,f1_strong_t1|f2_strong_t2|f5_null|f6_suppressor|f7_weak|f8_bigcoef,110011110,6,-1.9452570077896119,0.034207460849255154,3.0373499444691334,3.201048311700317,-1.765882390628082,0.1793746171615298
10,f1_strong_t1|f2_strong_t2|f5_null|f6_suppressor|f7_weak|noise_0,110011101,6,-2.208419883441925,0.03347621179113402,2.77418706881682,2.9254598520555377,-2.0421168247219508,0.1663030587199743
10,f1_strong_t1|f2_strong_t2|f5_null|f6_suppressor|f8_bigcoef|noise_0,110011011,6,-2.019094871330261,0.03380487044716214,2.963512080928484,3.11829109246153,-1.8501682388425047,0.16892663248775652
10,f1_strong_t1|f2_strong_t2|f5_null|f7_weak|f8_bigcoef|noise_0,110010111,6,-3.6255719371795654,0.03139681620374479,1.35703501507918,1.4172309567830204,-3.528429519423795,0.09714241775577026
10,f1_strong_t1|f2_strong_t2|f6_suppressor|f7_weak|f8_bigcoef|noise_0,110001111,6,-1.9510987550735475,0.03418733578421666,3.0315081971851976,3.201048311700317,-1.765882390628082,0.1852163644454654
10,f1_strong_t1|f3_dup_a|f4_dup_b|f5_null|f6_suppressor|f7_weak,101111100,6,-2.6937725975990294,0.033024512575886164,2.288834354659716,2.456431347877483,-2.543863855140388,0.1499087424586416
10,f1_strong_t1|f3_dup_a|f4_dup_b|f5_null|f6_suppressor|f8_bigcoef,101111010,6,-2.5089288103103637,0.033057602956412,2.4736781419483815,2.6492625882834755,-2.3519152692609415,0.15701354104942222
10,f1_strong_t1|f3_dup_a|f4_dup_b|f5_null|f6_suppressor|noise_0,101111001,6,-2.8372806094169616,0.03308068871678161,2.1453263428417837,2.302688998003503,-2.688042878803397,0.1492377306135646
10,f1_strong_t1|f3_dup_a|f4_dup_b|f5_null|f7_weak|f8_bigcoef,101110110,6,-4.128854213714599,0.031754571735069216,0.8537527385441459,0.9482024526049658,-4.030176549842233,0.09867766387236632
10,f1_strong_t1|f3_dup_a|f4_dup_b|f5_null|f7_weak|noise_0,101110101,6,-4.399827441978455,0.031363343821969404,0.5827795102802904,0.6726139929601865,-4.306410983936101,0.09341645804235377
10,f1_strong_t1|f3_dup_a|f4_dup_b|f5_null|f8_bigcoef|noise_0,101110011,6,-4.20880503206253,0.030758685618445285,0.773801920196215,0.8654452333661787,-4.114462398056656,0.09434263400587461
10,f1_strong_t1|f3_dup_a|f4_dup_b|f6_suppressor|f7_weak|f8_bigcoef,101101110,6,-2.439493287849426,0.03337273102767348,2.543113664409319,2.732019807522262,-2.267629421046519,0.17186386680290733
10,f1_strong_t1|f3_dup_a|f4_dup_b|f6_suppressor|f7_weak|noise_0,101101101,6,-2.7047977699279784,0.03298336624173362,2.277809182330767,2.456431347877483,-2.543863855140388,0.16093391478759056
10,f1_strong_t1|f3_dup_a|f4_dup_b|f6_suppressor|f8_bigcoef|noise_0,101101011,6,-2.52362844543457,0.03282791732476531,2.458978506824175,2.6492625882834755,-2.3519152692609415,0.17171317617362858
10,f1_strong_t1|f3_dup_a|f4_dup_b|f7_weak|f8_bigcoef|noise_0,101100111,6,-4.133021791267395,0.03152796449463156,0.8495851609913503,0.9482024526049658,-4.030176549842233,0.10284524142516194
10,f1_strong_t1|f3_dup_a|f5_null|f6_suppressor|f7_weak|f8_bigcoef,101011110,6,-2.4518637702941897,0.0315462047256576,2.5307431819645556,2.7218225403511003,-2.278256865155645,0.1736069051385445
10,f1_strong_t1|f3_dup_a|f5_null|f6_suppressor|f7_weak|noise_0,101011101,6,-2.714454795074463,0.030988083712800644,2.268152157184282,2.446234080706321,-2.5544912992495132,0.15996349582494984
10,f1_strong_t1|f3_dup_a|f5_null|f6_suppressor|f8_bigcoef|noise_0,101011011,6,-2.5317519076347352,0.03108043775352419,2.45085504462401,2.639065321112313,-2.362542713370068,0.1692091942646674
10,f1_strong_t1|f3_dup_a|f5_null|f7_weak|f8_bigcoef|noise_0,101010111,6,-4.13968004989624,0.030116671925424936,0.842926902362505,0.938005185433804,-4.040803993951359,0.09887605594488136
10,f1_strong_t1|f3_dup_a|f6_suppressor|f7_weak|f8_bigcoef|noise_0,101001111,6,-2.4563546166419985,0.03154588802744711,2.526252335616747,2.7218225403511003,-2.278256865155645,0.17809775148635332
10,f1_strong_t1|f4_dup_b|f5_null|f6_suppressor|f7_weak|f8_bigcoef,100111110,6,-2.4445301089286806,0.03131744633566305,2.5380768433300647,2.7218225403511003,-2.2766126933964714,0.16791741553220918
10,f1_strong_t1|f4_dup_b|f5_null|f6_suppressor|f7_weak|noise_0,100111101,6,-2.7115622376441957,0.03088919650684997,2.2710447146145496,2.446234080706321,-2.55284712749034,0.15871511015385575
10,f1_strong_t1|f4_dup_b|f5_null|f6_suppressor|f8_bigcoef|noise_0,100111011,6,-2.5375747456550597,0.030925069417660152,2.4450322066036856,2.639065321112313,-2.3608985416108945,0.17667620404416517
10,f1_strong_t1|f4_dup_b|f5_null|f7_weak|f8_bigcoef|noise_0,100110111,6,-4.135887613773346,0.029838287721426587,0.846719338485399,0.938005185433804,-4.039159822192186,0.09672779158116018
10,f1_strong_t1|f4_dup_b|f6_suppressor|f7_weak|f8_bigcoef|noise_0,100101111,6,-2.4539522427558897,0.03141221944894803,2.5286547095028555,2.7218225403511003,-2.2766126933964714,0.1773395493594183
10,f1_strong_t1|f5_null|f6_suppressor|f7_weak|f8_bigcoef|noise_0,100011111,6,-2.754856556510925,0.03355248488090483,2.22775039574782,2.3963293554832665,-2.588816498870001,0.16604005764092422
10,f2_strong_t2|f3_dup_a|f4_dup_b|f5_null|f6_suppressor|f7_weak,11111100,6,-3.747075616168976,0.03132566895506395,1.2355313360897693,1.2941517581300257,-3.660209718092013,0.08686589807696299
10,f2_strong_t2|f3_dup_a|f4_dup_b|f5_null|f6_suppressor|f8_bigcoef,11111010,6,-3.5605876665115357,0.03131184610220218,1.4220192857472096,1.4869829985360181,-3.4682611322125676,0.09232653429896809
10,f2_strong_t2|f3_dup_a|f4_dup_b|f5_null|f6_suppressor|noise_0,11111001,6,-3.886936208438873,0.03112387329628032,1.095670743819872,1.1404094082560454,-3.8043887417550226,0.0825474666838506
10,f2_strong_t2|f3_dup_a|f4_dup_b|f5_null|f7_weak|f8_bigcoef,11110110,6,-3.4792305623054505,0.03135216009239233,1.5033763899532948,1.5697402177748048,-3.3839752839981445,0.09525527830730596
10,f2_strong_t2|f3_dup_a|f4_dup_b|f5_null|f7_weak|noise_0,11110101,6,-3.7394993425369263,0.030530369504495704,1.243107609721819,1.2941517581300257,-3.660209718092013,0.07928962444491328
10,f2_strong_t2|f3_dup_a|f4_dup_b|f5_null|f8_bigcoef|noise_0,11110011,6,-3.553003219985962,0.03058555733906376,1.4296037322727835,1.4869829985360181,-3.4682611322125676,0.0847420877733942
10,f2_strong_t2|f3_dup_a|f4_dup_b|f6_suppressor|f7_weak|f8_bigcoef,11101110,6,-3.4970893728256227,0.032245285433066574,1.4855175794331226,1.5697402177748048,-3.3839752839981445,0.1131140888274782
10,f2_strong_t2|f3_dup_a|f4_dup_b|f6_suppressor|f7_weak|noise_0,11101101,6,-3.7580272267341615,0.03152221950114909,1.2245797255245838,1.2941517581300257,-3.660209718092013,0.09781750864214844
10,f2_strong_t2|f3_dup_a|f4_dup_b|f6_suppressor|f8_bigcoef|noise_0,11101011,6,-3.570873204898834,0.03145833152676554,1.4117337473599112,1.4869829985360181,-3.4682611322125676,0.10261207268626649
10,f2_strong_t2|f3_dup_a|f4_dup_b|f7_weak|f8_bigcoef|noise_0,11100111,6,-3.4861024848937987,0.0315321147153243,1.4965044673649466,1.5697402177748048,-3.3839752839981445,0.10212720089565419
10,f2_strong_t2|f3_dup_a|f5_null|f6_suppressor|f7_weak|f8_bigcoef,11011110,6,-3.5047850977897643,0.030374961997977224,1.477821854468981,1.5595429506036433,-3.3946027281072713,0.11018236968249306
10,f2_strong_t2|f3_dup_a|f5_null|f6_suppressor|f7_weak|noise_0,11011101,6,-3.7699989013671873,0.029704815472092593,1.212608050891558,1.2839544909588643,-3.6708371622011393,0.09916173916604798
10,f2_strong_t2|f3_dup_a|f5_null|f6_suppressor|f8_bigcoef|noise_0,11011011,6,-3.576565384578705,0.029672182058710268,1.4060415676800404,1.4767857313648562,-3.478888576321694,0.09767680825701097
10,f2_strong_t2|f3_dup_a|f5_null|f7_weak|f8_bigcoef|noise_0,11010111,6,-3.499234944725037,0.029858643804824246,1.4833720075337085,1.5595429506036433,-3.3946027281072713,0.10463221661776556
10,f2_strong_t2|f3_dup_a|f6_suppressor|f7_weak|f8_bigcoef|noise_0,11001111,6,-3.5101378993988037,0.03055562731028177,1.4724690528599416,1.5595429506036433,-3.3946027281072713,0.11553517129153246
10,f2_strong_t2|f4_dup_b|f5_null|f6_suppressor|f7_weak|f8_bigcoef,10111110,6,-3.497567113685608,0.030206865631969976,1.4850398385731371,1.5595429506036433,-3.392958556348098,0.10460855733751018
10,f2_strong_t2|f4_dup_b|f5_null|f6_suppressor|f7_weak|noise_0,10111101,6,-3.7596923394203188,0.02934138715671689,1.2229146128384265,1.2839544909588643,-3.669192990441967,0.09049934897835188
10,f2_strong_t2|f4_dup_b|f5_null|f6_suppressor|f8_bigcoef|noise_0,10111011,6,-3.5695844417572022,0.029380101367583907,1.413022510501543,1.4767857313648562,-3.4772444045625206,0.09234003719468165
10,f2_strong_t2|f4_dup_b|f5_null|f7_weak|f8_bigcoef|noise_0,10110111,6,-3.4974478548049928,0.02956007740146349,1.4851590974537525,1.5595429506036433,-3.392958556348098,0.10448929845689481
10,f2_strong_t2|f4_dup_b|f6_suppressor|f7_weak|f8_bigcoef|noise_0,10101111,6,-3.5045052480697634,0.030347372583007837,1.478101704188982,1.5595429506036433,-3.392958556348098,0.11154669172166543
10,f2_strong_t2|f5_null|f6_suppressor|f7_weak|f8_bigcoef|noise_0,10011111,6,-3.796710963630676,0.031825253308866416,1.185895988628069,1.2340497657358096,-3.705162361821627,0.09154860180904922
10,f3_dup_a|f4_dup_b|f5_null|f6_suppressor|f7_weak|f8_bigcoef,1111110,6,-4.298567576408386,0.032010312194541514,0.6840393758503591,0.7650212615577549,-4.206909392240064,0.09165818416832217
10,f3_dup_a|f4_dup_b|f5_null|f6_suppressor|f7_weak|noise_0,1111101,6,-4.562242796325684,0.031083917202667767,0.4203641559330613,0.48943280191297556,-4.483143826333933,0.07909896999175103
10,f3_dup_a|f4_dup_b|f5_null|f6_suppressor|f8_bigcoef|noise_0,1111011,6,-4.378100570964813,0.031135928112322683,0.6045063812939322,0.682264042318968,-4.291195240454487,0.08690533051032645
10,f3_dup_a|f4_dup_b|f5_null|f7_weak|f8_bigcoef|noise_0,1110111,6,-4.2866804332733155,0.031374621471684426,0.6959265189854298,0.7650212615577549,-4.206909392240064,0.0797710410332515
10,f3_dup_a|f4_dup_b|f6_suppressor|f7_weak|f8_bigcoef|noise_0,1101111,6,-4.304188275718689,0.03192075304268458,0.6784186765400566,0.7650212615577549,-4.206909392240064,0.09727888347862468
10,f3_dup_a|f5_null|f6_suppressor|f7_weak|f8_bigcoef|noise_0,1011111,6,-4.317348962497711,0.030397977716381877,0.6652579897610345,0.7548239943865932,-4.21753683634919,0.09981212614852097
10,f4_dup_b|f5_null|f6_suppressor|f7_weak|f8_bigcoef|noise_0,111111,6,-4.312321673679352,0.03002814798350272,0.6702852785793931,0.7548239943865932,-4.215892664590016,0.09642900908933605
10,f1_strong_t1|f2_strong_t2|f3_dup_a|f4_dup_b|f5_null|f6_suppressor|f7_weak,111111100,7,-1.8840094773292542,0.0336516289789746,3.098597474929491,3.261150304094533,-1.7209297468984697,0.1630797304307845
10,f1_strong_t1|f2_strong_t2|f3_dup_a|f4_dup_b|f5_null|f6_suppressor|f8_bigcoef,111111010,7,-1.6971668691635131,0.03357477616658577,3.2854400830952324,3.4539815445005253,-1.5289811610190234,0.16818570814448974
10,f1_strong_t1|f2_strong_t2|f3_dup_a|f4_dup_b|f5_null|f6_suppressor|noise_0,111111001,7,-2.0208762882232665,0.033519018147429545,2.961730664035479,3.1074079542205526,-1.8651087705614784,0.1557675176617881
10,f1_strong_t1|f2_strong_t2|f3_dup_a|f4_dup_b|f5_null|f7_weak|f8_bigcoef,111110110,7,-3.3261408171653746,0.031721928394644945,1.6564661350933707,1.752921408822016,-3.2072424416003145,0.11889837556506011
10,f1_strong_t1|f2_strong_t2|f3_dup_a|f4_dup_b|f5_null|f7_weak|noise_0,111110101,7,-3.5897334233283997,0.031201701692821257,1.3928735289303456,1.477332949177237,-3.4834768756941825,0.10625654763421721
10,f1_strong_t1|f2_strong_t2|f3_dup_a|f4_dup_b|f5_null|f8_bigcoef|noise_0,111110011,7,-3.3988486684799195,0.03075262075810621,1.5837582837788258,1.6701641895832289,-3.291528289814737,0.1073203786651824
10,f1_strong_t1|f2_strong_t2|f3_dup_a|f4_dup_b|f6_suppressor|f7_weak|f8_bigcoef,111101110,7,-1.6369228816986083,0.03431787159355165,3.3456840705601367,3.5367387637393115,-1.4446953128046012,0.19222756889400716
10,f1_strong_t1|f2_strong_t2|f3_dup_a|f4_dup_b|f6_suppressor|f7_weak|noise_0,111101101,7,-1.9084293852806091,0.03380147561424816,3.074177566978136,3.261150304094533,-1.7209297468984697,0.18749963838213946
10,f1_strong_t1|f2_strong_t2|f3_dup_a|f4_dup_b|f6_suppressor|f8_bigcoef|noise_0,111101011,7,-1.7096228875160218,0.03341696747732206,3.2729840647427233,3.4539815445005253,-1.5289811610190234,0.1806417264969984
10,f1_strong_t1|f2_strong_t2|f3_dup_a|f4_dup_b|f7_weak|f8_bigcoef|noise_0,111100111,7,-3.331083931064606,0.03163537813385203,1.6515230211941394,1.752921408822016,-3.2072424416003145,0.12384148946429141
10,f1_strong_t1|f2_strong_t2|f3_dup_a|f5_null|f6_suppressor|f7_weak|f8_bigcoef,111011110,7,-1.6545193365097046,0.03240953560467649,3.3280876157490407,3.52654149656815,-1.4553227569137268,0.1991965795959778
10,f1_strong_t1|f2_strong_t2|f3_dup_a|f5_null|f6_suppressor|f7_weak|noise_0,111011101,7,-1.9179750513076783,0.031851347637759125,3.064631900951067,3.2509530369233715,-1.7315571910075949,0.18641786030008345
10,f1_strong_t1|f2_strong_t2|f3_dup_a|f5_null|f6_suppressor|f8_bigcoef|noise_0,111011011,7,-1.7221918818473816,0.03178499812858267,3.260415070411364,3.443784277329364,-1.539608605128149,0.18258327671923258
10,f1_strong_t1|f2_strong_t2|f3_dup_a|f5_null|f7_weak|f8_bigcoef|noise_0,111010111,7,-3.33344873418808,0.029985825060835844,1.6491582180706654,1.742724141650854,-3.21786988570944,0.11557884847863997
10,f1_strong_t1|f2_strong_t2|f3_dup_a|f6_suppressor|f7_weak|f8_bigcoef|noise_0,111001111,7,-1.6645662569999695,0.032716981239074495,3.3180406952587758,3.52654149656815,-1.455322756913727,0.20924350008624248
10,f1_strong_t1|f2_strong_t2|f4_dup_b|f5_null|f6_suppressor|f7_weak|f8_bigcoef,110111110,7,-1.6429530364990235,0.03217370960885185,3.3396539157597216,3.52654149656815,-1.4536785851545533,0.18927445134447018
10,f1_strong_t1|f2_strong_t2|f4_dup_b|f5_null|f6_suppressor|f7_weak|noise_0,110111101,7,-1.9057467405319213,0.0316485582944336,3.076860211726824,3.2509530369233715,-1.7299130192484211,0.17583372128350017
10,f1_strong_t1|f2_strong_t2|f4_dup_b|f5_null|f6_suppressor|f8_bigcoef|noise_0,110111011,7,-1.7145750312805175,0.03147740051771461,3.2680319209782276,3.443784277329364,-1.5379644333689753,0.1766105979115422
10,f1_strong_t1|f2_strong_t2|f4_dup_b|f5_null|f7_weak|f8_bigcoef|noise_0,110110111,7,-3.3330326593399047,0.029873666619784342,1.6495742929188406,1.742724141650854,-3.216225713950266,0.11680694538963854
10,f1_strong_t1|f2_strong_t2|f4_dup_b|f6_suppressor|f7_weak|f8_bigcoef|noise_0,110101111,7,-1.642008589553833,0.03206436922844521,3.3405983627049123,3.52654149656815,-1.4536785851545533,0.18833000439927972
10,f1_strong_t1|f2_strong_t2|f5_null|f6_suppressor|f7_weak|f8_bigcoef|noise_0,110011111,7,-1.9535334938049316,0.03434371279594798,3.029073458453814,3.201048311700317,-1.765882390628082,0.18765110317684952
10,f1_strong_t1|f3_dup_a|f4_dup_b|f5_null|f6_suppressor|f7_weak|f8_bigcoef,101111110,7,-2.4392606319427492,0.0333954186776415,2.543346320315996,2.732019807522262,-2.267629421046519,0.17163121089623035
10,f1_strong_t1|f3_dup_a|f4_dup_b|f5_null|f6_suppressor|f7_weak|noise_0,101111101,7,-2.7046930011749266,0.03305846258933853,2.2779139510838187,2.456431347877483,-2.543863855140388,0.1608291460345388
10,f1_strong_t1|f3_dup_a|f4_dup_b|f5_null|f6_suppressor|f8_bigcoef|noise_0,101111011,7,-2.522358467102051,0.03288621756491595,2.4602484851566944,2.6492625882834755,-2.3519152692609415,0.1704431978411094
10,f1_strong_t1|f3_dup_a|f4_dup_b|f5_null|f7_weak|f8_bigcoef|noise_0,101110111,7,-4.133998896503448,0.03179311700534217,0.8486080557552969,0.9482024526049658,-4.030176549842233,0.10382234666121537
10,f1_strong_t1|f3_dup_a|f4_dup_b|f6_suppressor|f7_weak|f8_bigcoef|noise_0,101101111,7,-2.4449157086372377,0.033325257262112065,2.5376912436215076,2.732019807522262,-2.267629421046519,0.17728628759071885
10,f1_strong_t1|f3_dup_a|f5_null|f6_suppressor|f7_weak|f8_bigcoef|noise_0,101011111,7,-2.4577292239189146,0.031607561242729676,2.5248777283398307,2.7218225403511003,-2.278256865155645,0.1794723587632694
10,f1_strong_t1|f4_dup_b|f5_null|f6_suppressor|f7_weak|f8_bigcoef|noise_0,100111111,7,-2.4597439091682434,0.03133316620951807,2.522863043090502,2.7218225403511003,-2.2766126933964714,0.18313121577177194
10,f2_strong_t2|f3_dup_a|f4_dup_b|f5_null|f6_suppressor|f7_weak|f8_bigcoef,11111110,7,-3.49272181520462,0.03216506793895224,1.489885137054125,1.5697402177748048,-3.3839752839981445,0.1087465312064757
10,f2_strong_t2|f3_dup_a|f4_dup_b|f5_null|f6_suppressor|f7_weak|noise_0,11111101,7,-3.7549680599212647,0.03140297460835065,1.2276388923374806,1.2941517581300257,-3.660209718092013,0.09475834182925169
10,f2_strong_t2|f3_dup_a|f4_dup_b|f5_null|f6_suppressor|f8_bigcoef|noise_0,11111011,7,-3.567227611064911,0.0313490011050198,1.4153793411938342,1.4869829985360181,-3.4682611322125676,0.09896647885234344
10,f2_strong_t2|f3_dup_a|f4_dup_b|f5_null|f7_weak|f8_bigcoef|noise_0,11110111,7,-3.4869994695663453,0.03146392125137441,1.4956074826924,1.5697402177748048,-3.3839752839981445,0.10302418556820081
10,f2_strong_t2|f3_dup_a|f4_dup_b|f6_suppressor|f7_weak|f8_bigcoef|noise_0,11101111,7,-3.501940018558502,0.03227950038905242,1.4806669337002432,1.5697402177748048,-3.3839752839981445,0.11796473456035761
10,f2_strong_t2|f3_dup_a|f5_null|f6_suppressor|f7_weak|f8_bigcoef|noise_0,11011111,7,-3.512892617034912,0.030585306467373514,1.4697143352238333,1.5595429506036433,-3.3946027281072713,0.1182898889276407
10,f2_strong_t2|f4_dup_b|f5_null|f6_suppressor|f7_weak|f8_bigcoef|noise_0,10111111,7,-3.5070220713615416,0.03029565561252991,1.4755848808972036,1.5595429506036433,-3.392958556348098,0.1140635150134437
10,f3_dup_a|f4_dup_b|f5_null|f6_suppressor|f7_weak|f8_bigcoef|noise_0,1111111,7,-4.305768658828735,0.0320587185770626,0.6768382934300101,0.7650212615577549,-4.206909392240064,0.09885926658867117
10,f1_strong_t1|f2_strong_t2|f3_dup_a|f4_dup_b|f5_null|f6_suppressor|f7_weak|f8_bigcoef,111111110,8,-1.634881019115448,0.03409922595665991,3.3477259331432974,3.5367387637393115,-1.4446953128046012,0.19018570631084675
10,f1_strong_t1|f2_strong_t2|f3_dup_a|f4_dup_b|f5_null|f6_suppressor|f7_weak|noise_0,111111101,8,-1.898786152935028,0.03372423384674271,3.083820799323717,3.261150304094533,-1.7209297468984697,0.1778564060365584
10,f1_strong_t1|f2_strong_t2|f3_dup_a|f4_dup_b|f5_null|f6_suppressor|f8_bigcoef|noise_0,111111011,8,-1.7026419339179992,0.033393999440108804,3.279965018340746,3.4539815445005253,-1.5289811610190234,0.17366077289897586
10,f1_strong_t1|f2_strong_t2|f3_dup_a|f4_dup_b|f5_null|f7_weak|f8_bigcoef|noise_0,111110111,8,-3.3308457752227785,0.03171974993463699,1.6517611770359668,1.752921408822016,-3.2072424416003145,0.123603333622464
10,f1_strong_t1|f2_strong_t2|f3_dup_a|f4_dup_b|f6_suppressor|f7_weak|f8_bigcoef|noise_0,111101111,8,-1.64047813205719,0.03418988082996015,3.3421288202015553,3.5367387637393115,-1.4446953128046012,0.19578281925258878
10,f1_strong_t1|f2_strong_t2|f3_dup_a|f5_null|f6_suppressor|f7_weak|f8_bigcoef|noise_0,111011111,8,-1.6639883937835693,0.03268187666027948,3.318618558475176,3.52654149656815,-1.4553227569137268,0.20866563686984252
10,f1_strong_t1|f2_strong_t2|f4_dup_b|f5_null|f6_suppressor|f7_weak|f8_bigcoef|noise_0,110111111,8,-1.6507533433914185,0.03213659250209533,3.331853608867327,3.52654149656815,-1.4536785851545533,0.19707475823686527
10,f1_strong_t1|f3_dup_a|f4_dup_b|f5_null|f6_suppressor|f7_weak|f8_bigcoef|noise_0,101111111,8,-2.44565906829834,0.03339805985239741,2.5369478839604054,2.732019807522262,-2.267629421046519,0.17802964725182102
10,f2_strong_t2|f3_dup_a|f4_dup_b|f5_null|f6_suppressor|f7_weak|f8_bigcoef|noise_0,11111111,8,-3.5011372534751892,0.03226324923126534,1.481469698783556,1.5697402177748048,-3.3839752839981445,0.11716196947704471
10,f1_strong_t1|f2_strong_t2|f3_dup_a|f4_dup_b|f5_null|f6_suppressor|f7_weak|f8_bigcoef|noise_0,111111111,9,-1.6431636795043945,0.0341649965605585,3.339443272754351,3.5367387637393115,-1.4446953128046012,0.19846836669979329
15,none,0,0,-4.9633551445960995,0.02948949453473794,0.01925180766264578,0.0,-4.948509927820423,0.01484521677567674
15,f1_strong_t1,100000000,1,-4.806449404525757,0.03016559904577603,0.17615754773298864,0.18318119104721087,-4.771777085422592,0.03467231910316482
15,f2_strong_t2,10000000,1,-4.168991967105866,0.030338780044644888,0.8136149851528796,0.8047189562170504,-4.125575819578504,0.04341614752736156
15,f3_dup_a,1000000,1,-4.6782939243316655,0.02804504546648062,0.3043130279270798,0.32549318486783363,-4.6379502941060675,0.04034363022559795
15,f4_dup_b,100000,1,-4.6847490863800045,0.028237840789934906,0.29785786587874075,0.32549318486783363,-4.636306122346894,0.04844296403311077
15,f5_null,10000,1,-4.971896963500977,0.029781883821309668,0.010709988757768407,0.0,-4.948509927820423,0.023387035680554114
15,f6_suppressor,1000,1,-4.975017298221588,0.029781595249690276,0.0075896540371571675,0.0,-4.948509927820423,0.026507370401165353
15,f7_weak,100,1,-4.8313051773071285,0.02938417966594902,0.15130177495161679,0.15374234987398028,-4.804330904157414,0.026974273149714456
15,f8_bigcoef,10,1,-4.645651900196076,0.029926406563280928,0.3369550520626694,0.3465735902799726,-4.612382318277969,0.03326958191810725
15,noise_0,1,1,-4.973179119873047,0.02943135179897824,0.009427832385698665,0.0,-4.948509927820423,0.024669192052623856
15,f1_strong_t1|f2_strong_t2,110000000,2,-4.011427274417877,0.03102482796344988,0.9711796778408681,0.9879001472642611,-3.948842977180674,0.06258429723720305
15,f1_strong_t1|f3_dup_a,101000000,2,-4.513005111694336,0.02874380474992277,0.4696018405644091,0.5086743759150446,-4.4612174517082375,0.05178765998609869
15,f1_strong_t1|f4_dup_b,100100000,2,-4.520956870365143,0.02903565463784693,0.4616500818936027,0.5086743759150446,-4.459573279949064,0.06138359041607888
15,f1_strong_t1|f5_null,100010000,2,-4.8153986536026,0.03055913981016099,0.16720829865614562,0.18318119104721087,-4.771777085422592,0.04362156818000784
15,f1_strong_t1|f6_suppressor,100001000,2,-3.139787858772278,0.03239981112974144,1.8428190934864674,1.9669985459645072,-3.009229956626878,0.13055790214539975
15,f1_strong_t1|f7_weak,100000100,2,-4.678640502262115,0.030125161554536907,0.30396644999663014,0.33692354092119114,-4.627598061759583,0.05104244050253204
15,f1_strong_t1|f8_bigcoef,100000010,2,-4.487580215835571,0.030355776169649726,0.4950267364231742,0.5297547813271836,-4.435649475880138,0.0519307399554334
15,f1_strong_t1|noise_0,100000001,2,-4.8211772863388065,0.030208539856522942,0.1614296659199388,0.18318119104721087,-4.771777085422592,0.049400200916214665
15,f2_strong_t2|f3_dup_a,11000000,2,-3.881994908618927,0.028947056143114956,1.1006120436398183,1.130212141084884,-3.8150161858641485,0.06697872275477845
15,f2_strong_t2|f4_dup_b,10100000,2,-3.8886122440338133,0.029063206371983324,1.093994708224932,1.130212141084884,-3.813372014104975,0.07524022992883816
15,f2_strong_t2|f5_null,10010000,2,-4.174060829257965,0.03071559552172236,0.80854612300078,0.8047189562170504,-4.125575819578504,0.04848500967946112
15,f2_strong_t2|f6_suppressor,10001000,2,-4.18145760307312,0.030832658358875508,0.801149349185625,0.8047189562170504,-4.125575819578504,0.055881783494616144
15,f2_strong_t2|f7_weak,10000100,2,-4.04104919719696,0.030331600423756183,0.9415577550617851,0.9584613060910306,-3.981396795915495,0.059652401281465206
15,f2_strong_t2|f8_bigcoef,10000010,2,-3.8475749378204345,0.030362459167327827,1.1350320144383108,1.151292546497023,-3.7894482100360496,0.05812672778438488
15,f2_strong_t2|noise_0,10000001,2,-4.176525091075897,0.0304310983392401,0.8060818611828484,0.8047189562170504,-4.125575819578504,0.0509492714973927
15,f3_dup_a|f4_dup_b,1100000,2,-4.672531404113769,0.029863286425577576,0.31007554814497595,0.3356904520389953,-4.6273228499969425,0.04520855411682678
15,f3_dup_a|f5_null,1010000,2,-4.6867749007225035,0.028308358261250537,0.2958320515362418,0.32549318486783363,-4.6379502941060675,0.04882460661643595
15,f3_dup_a|f6_suppressor,1001000,2,-4.687916392707825,0.02850132614923787,0.2946905595509204,0.32549318486783363,-4.6379502941060675,0.04996609860175738
15,f3_dup_a|f7_weak,1000100,2,-4.5446964869499205,0.027954971918353465,0.4379104653088248,0.4792355347418139,-4.493771270443058,0.05092521650686255
15,f3_dup_a|f8_bigcoef,1000010,2,-4.360593756389618,0.028533077870449425,0.6220131958691271,0.6720667751478063,-4.3018226845636125,0.058771071826005716
15,f3_dup_a|noise_0,1000001,2,-4.690699925804138,0.028229046471132616,0.29190702645460753,0.32549318486783363,-4.6379502941060675,0.05274963169807023
15,f4_dup_b|f5_null,110000,2,-4.693478597927093,0.028703638554122005,0.28912835433165185,0.32549318486783363,-4.636306122346894,0.057172475580199666
15,f4_dup_b|f6_suppressor,101000,2,-4.698082804775238,0.02872950263077572,0.2845241474835074,0.32549318486783363,-4.636306122346894,0.06177668242834411
15,f4_dup_b|f7_weak,100100,2,-4.549582674121857,0.02826779293367418,0.43302427813688826,0.4792355347418139,-4.492127098683885,0.05745557543797197
15,f4_dup_b|f8_bigcoef,100010,2,-4.363781422615051,0.02855538876596681,0.6188255296436944,0.6720667751478063,-4.300178512804439,0.06360290981061212
15,f4_dup_b|noise_0,100001,2,-4.692579591560364,0.028369014103721935,0.29002736069838164,0.32549318486783363,-4.636306122346894,0.05627346921346987
15,f5_null|f6_suppressor,11000,2,-4.979091031074524,0.03025654150297273,0.0035159211842215043,0.0,-4.948509927820423,0.030581103254101016
15,f5_null|f7_weak,10100,2,-4.840978209018707,0.029669151693506386,0.14162874324003827,0.15374234987398028,-4.804330904157414,0.03664730486129297
15,f5_null|f8_bigcoef,10010,2,-4.655911012840271,0.030361316599622098,0.3266959394184745,0.3465735902799726,-4.612382318277969,0.04352869456230213
15,f5_null|noise_0,10001,2,-4.9824190372467045,0.029940836414380348,0.00018791501204074024,0.0,-4.948509927820423,0.03390910942628178
15,f6_suppressor|f7_weak,1100,2,-4.841495835113525,0.030052039133482023,0.14111111714522018,0.15374234987398028,-4.804330904157414,0.037164930956111064
15,f6_suppressor|f8_bigcoef,1010,2,-4.654976935100556,0.03007061179169262,0.3276300171581896,0.3465735902799726,-4.612382318277969,0.04259461682258703
15,f6_suppressor|noise_0,1001,2,-4.982558047294616,0.029681220210247945,4.890496412901513e-05,0.0,-4.948509927820423,0.034048119474193506
15,f7_weak|f8_bigcoef,110,2,-4.5722615780830385,0.030283776454345365,0.4103453741757068,0.42933080951875946,-4.528096470063545,0.04416510801949336
15,f7_weak|noise_0,101,2,-4.837289215087891,0.029344781488439695,0.1453177371708545,0.15374234987398028,-4.804330904157414,0.03295831093047674
15,f8_bigcoef|noise_0,11,2,-4.654784160614014,0.029784031794078358,0.3278227916447314,0.3465735902799726,-4.612382318277969,0.04240184233604527
15,f1_strong_t1|f2_strong_t2|f3_dup_a,111000000,3,-3.7196814721107483,0.02962954802052868,1.262925480147997,1.3133933321320947,-3.6382833434663175,0.08139812864443075
15,f1_strong_t1|f2_strong_t2|f4_dup_b,110100000,3,-3.72327692861557,0.02964527482326087,1.2593300236431753,1.3133933321320947,-3.6366391717071442,0.08663775690842579
15,f1_strong_t1|f2_strong_t2|f5_null,110010000,3,-4.01724574842453,0.03143612594903952,0.965361203834215,0.9879001472642611,-3.948842977180674,0.06840277124385619
15,f1_strong_t1|f2_strong_t2|f6_suppressor,110001000,3,-2.3415312104225157,0.033593988519714846,2.6410757418362296,2.7717175021815574,-2.1862958483849595,0.15523536203755617
15,f1_strong_t1|f2_strong_t2|f7_weak,110000100,3,-3.885413542175293,0.030967123294564934,1.0971934100834524,1.1416424971382413,-3.804663953517664,0.08074958865762882
15,f1_strong_t1|f2_strong_t2|f8_bigcoef,110000010,3,-3.690992323207855,0.03090582594476002,1.29161462905089,1.3344737375442337,-3.6127153676382178,0.07827695556963743
15,f1_strong_t1|f2_strong_t2|noise_0,110000001,3,-4.0209953141212464,0.031095819284720445,0.9616116381374988,0.9879001472642611,-3.948842977180674,0.07215233694057233
15,f1_strong_t1|f3_dup_a|f4_dup_b,101100000,3,-4.505418546772003,0.030535263030244186,0.4771884054867419,0.5188716430862063,-4.45059000759911,0.05482853917289354
15,f1_strong_t1|f3_dup_a|f5_null,101010000,3,-4.519289552783966,0.029023305779143502,0.46331739947477946,0.5086743759150446,-4.4612174517082375,0.058072101075728355
15,f1_strong_t1|f3_dup_a|f6_suppressor,101001000,3,-2.846592113018036,0.03129109783564566,2.1360148392407092,2.292491730832341,-2.6986703229125224,0.14792179010551365
15,f1_strong_t1|f3_dup_a|f7_weak,101000100,3,-4.381427516269683,0.02861915864103032,0.6011794359890619,0.6624167257890249,-4.317038428045227,0.06438908822445644
15,f1_strong_t1|f3_dup_a|f8_bigcoef,101000010,3,-4.193788834953308,0.028796167716314703,0.7888181173054374,0.8552479661950173,-4.125089842165781,0.06869899278752722
15,f1_strong_t1|f3_dup_a|noise_0,101000001,3,-4.5254607325553895,0.028960969356290545,0.4571462197033558,0.5086743759150446,-4.4612174517082375,0.06424328084715203
15,f1_strong_t1|f4_dup_b|f5_null,100110000,3,-4.527075761985778,0.029510380420939092,0.45553119027296685,0.5086743759150446,-4.459573279949064,0.06750248203671472
15,f1_strong_t1|f4_dup_b|f6_suppressor,100101000,3,-2.8507871027946474,0.031223588387837616,2.131819849464098,2.292491730832341,-2.697026151153349,0.15376095164129833
15,f1_strong_t1|f4_dup_b|f7_weak,100100100,3,-4.3860055842399595,0.028949544118546194,0.5966013680187858,0.6624167257890249,-4.315394256286054,0.07061132795390535
15,f1_strong_t1|f4_dup_b|f8_bigcoef,100100010,3,-4.19678369436264,0.02894676507521172,0.7858232578961051,0.8552479661950173,-4.123445670406608,0.0733380239560324
15,f1_strong_t1|f4_dup_b|noise_0,100100001,3,-4.526318077564239,0.02908911561182048,0.45628887469450596,0.5086743759150446,-4.459573279949064,0.0667447976151756
15,f1_strong_t1|f5_null|f6_suppressor,100011000,3,-3.1387484332084656,0.03288080853280807,1.8438585190502796,1.9669985459645072,-3.009229956626878,0.12951847658158755
15,f1_strong_t1|f5_null|f7_weak,100010100,3,-4.686568960094452,0.030444890848634235,0.29603799216429305,0.33692354092119114,-4.627598061759583,0.058970898334869126
15,f1_strong_t1|f5_null|f8_bigcoef,100010010,3,-4.497068646526337,0.030841515576492638,0.4855383057324083,0.5297547813271836,-4.435649475880138,0.061419170646199284
15,f1_strong_t1|f5_null|noise_0,100010001,3,-4.830971933460235,0.030688485919359656,0.15163501879851005,0.18318119104721087,-4.771777085422592,0.05919484803764341
15,f1_strong_t1|f6_suppressor|f7_weak,100001100,3,-3.000320488071442,0.032812446812606144,1.9822864641873035,2.1207408958384875,-2.865050932963869,0.13526955510757288
15,f1_strong_t1|f6_suppressor|f8_bigcoef,100001010,3,-2.8088895659446718,0.03269403225408263,2.1737173863140735,2.3135721362444794,-2.6731023470844235,0.13578721886024825
15,f1_strong_t1|f6_suppressor|noise_0,100001001,3,-3.1578033774375918,0.03269999465955565,1.8248035748211535,1.9669985459645072,-3.009229956626878,0.14857342081071367
15,f1_strong_t1|f7_weak|f8_bigcoef,100000110,3,-4.417743283748627,0.03079918035293169,0.5648636685101183,0.6125120005659704,-4.351363627665714,0.06637965608291285
15,f1_strong_t1|f7_weak|noise_0,100000101,3,-4.684195437335968,0.03006161517858302,0.29841151492277707,0.33692354092119114,-4.627598061759583,0.05659737557638511
15,f1_strong_t1|f8_bigcoef|noise_0,100000011,3,-4.501093223953247,0.030267031548898652,0.4815137283054982,0.5297547813271836,-4.435649475880138,0.06544374807310938
15,f2_strong_t2|f3_dup_a|f4_dup_b,11100000,3,-3.8727224981307984,0.030704084991142678,1.109884454127947,1.1404094082560454,-3.8043887417550226,0.06833375637577577
15,f2_strong_t2|f3_dup_a|f5_null,11010000,3,-3.887325598812103,0.02919968445623985,1.0952813534466421,1.130212141084884,-3.8150161858641485,0.07230941294795468
15,f2_strong_t2|f3_dup_a|f6_suppressor,11001000,3,-3.8934683531761167,0.029458765092793576,1.0891385990826286,1.130212141084884,-3.8150161858641485,0.07845216731196825
15,f2_strong_t2|f3_dup_a|f7_weak,11000100,3,-3.752745788478851,0.02885986985814954,1.2298611637798942,1.2839544909588643,-3.6708371622011393,0.08190862627771178
15,f2_strong_t2|f3_dup_a|f8_bigcoef,11000010,3,-3.5595475125312803,0.028996736603550555,1.423059439727465,1.4767857313648562,-3.478888576321694,0.08065893620958642
15,f2_strong_t2|f3_dup_a|noise_0,11000001,3,-3.8934276885032655,0.02911652686648324,1.0891792637554798,1.130212141084884,-3.8150161858641485,0.078411502639117
15,f2_strong_t2|f4_dup_b|f5_null,10110000,3,-3.894806422328949,0.029473452249341434,1.0878005299297961,1.130212141084884,-3.813372014104975,0.08143440822397396
15,f2_strong_t2|f4_dup_b|f6_suppressor,10101000,3,-3.901680848312378,0.029717728077631348,1.0809261039463673,1.130212141084884,-3.813372014104975,0.08830883420740276
15,f2_strong_t2|f4_dup_b|f7_weak,10100100,3,-3.759331116104126,0.029033580278920938,1.2232758361546194,1.2839544909588643,-3.669192990441967,0.09013812566215895
15,f2_strong_t2|f4_dup_b|f8_bigcoef,10100010,3,-3.5671930788993835,0.028957839966727926,1.4154138733593618,1.4767857313648562,-3.4772444045625206,0.08994867433686293
15,f2_strong_t2|f4_dup_b|noise_0,10100001,3,-3.8978592316627503,0.02921283596311281,1.084747720595995,1.130212141084884,-3.813372014104975,0.08448721755777511
15,f2_strong_t2|f5_null|f6_suppressor,10011000,3,-4.181829114532471,0.031197464933448396,0.8007778377262742,0.8047189562170504,-4.125575819578504,0.056253294953966915
15,f2_strong_t2|f5_null|f7_weak,10010100,3,-4.046567069244385,0.030682576878565994,0.9360398830143604,0.9584613060910306,-3.981396795915495,0.06517027332888992
15,f2_strong_t2|f5_null|f8_bigcoef,10010010,3,-3.85179218044281,0.030880436233002757,1.1308147718159351,1.151292546497023,-3.7894482100360496,0.06234397040676054
15,f2_strong_t2|f5_null|noise_0,10010001,3,-4.185689105415344,0.03087779895883001,0.7969178468434013,0.8047189562170504,-4.125575819578504,0.060113285836839836
15,f2_strong_t2|f6_suppressor|f7_weak,10001100,3,-4.051965127086639,0.0310224557541622,0.9306418251721063,0.9584613060910306,-3.981396795915495,0.07056833117114403
15,f2_strong_t2|f6_suppressor|f8_bigcoef,10001010,3,-3.860102385139465,0.031003265123278435,1.1225045671192801,1.151292546497023,-3.7894482100360496,0.07065417510341554
15,f2_strong_t2|f6_suppressor|noise_0,10001001,3,-4.188166891098023,0.030770276124174392,0.7944400611607225,0.8047189562170504,-4.125575819578504,0.06259107151951859
15,f2_strong_t2|f7_weak|f8_bigcoef,10000110,3,-3.775223457622528,0.030909133565552846,1.2073834946362174,1.2340497657358096,-3.705162361821627,0.07006109580090092
15,f2_strong_t2|f7_weak|noise_0,10000101,3,-4.047349786186218,0.030421426204697354,0.9352571660725273,0.9584613060910306,-3.981396795915495,0.06595299027072299
15,f2_strong_t2|f8_bigcoef|noise_0,10000011,3,-3.8578071146011355,0.030500899442838705,1.1247998376576098,1.151292546497023,-3.7894482100360496,0.06835890456508587
15,f3_dup_a|f4_dup_b|f5_null,1110000,3,-4.68274172039032,0.030206565140472468,0.2998652318684254,0.3356904520389953,-4.6273228499969425,0.05541887039337734
15,f3_dup_a|f4_dup_b|f6_suppressor,1101000,3,-4.687836231327057,0.030472038694462734,0.2947707209316883,0.3356904520389953,-4.6273228499969425,0.06051338133011441
15,f3_dup_a|f4_dup_b|f7_weak,1100100,3,-4.533773780441284,0.029741332916382094,0.4488331718174612,0.48943280191297556,-4.483143826333933,0.05062995410735116
15,f3_dup_a|f4_dup_b|f8_bigcoef,1100010,3,-4.348968574142456,0.030133531342959183,0.6336383781162889,0.682264042318968,-4.291195240454487,0.057773333687969775
15,f3_dup_a|f4_dup_b|noise_0,1100001,3,-4.68124269618988,0.030068790131093204,0.3013642560688652,0.3356904520389953,-4.6273228499969425,0.05391984619293755
15,f3_dup_a|f5_null|f6_suppressor,1011000,3,-4.6931083257675175,0.028882769189920263,0.2894986264912278,0.32549318486783363,-4.6379502941060675,0.05515803166144995
15,f3_dup_a|f5_null|f7_weak,1010100,3,-4.553915281581879,0.028190958653112004,0.42869167067686664,0.4792355347418139,-4.493771270443058,0.06014401113882073
15,f3_dup_a|f5_null|f8_bigcoef,1010010,3,-4.372817097091675,0.02884699108460205,0.6097898551670706,0.6720667751478063,-4.3018226845636125,0.07099441252806216
15,f3_dup_a|f5_null|noise_0,1010001,3,-4.699458544445037,0.028606065864936712,0.28314840781370787,0.32549318486783363,-4.6379502941060675,0.061508250338969894
15,f3_dup_a|f6_suppressor|f7_weak,1001100,3,-4.554667800998688,0.028795578875846054,0.4279391512600572,0.4792355347418139,-4.493771270443058,0.06089653055563016
15,f3_dup_a|f6_suppressor|f8_bigcoef,1001010,3,-4.37038267660141,0.028765049569464303,0.6122242756573355,0.6720667751478063,-4.3018226845636125,0.06855999203779728
15,f3_dup_a|f6_suppressor|noise_0,1001001,3,-4.697388502788543,0.02862681715415889,0.2852184494702019,0.32549318486783363,-4.6379502941060675,0.059438208682475846
15,f3_dup_a|f7_weak|f8_bigcoef,1000110,3,-4.286550774097442,0.029032925103213602,0.696056178161303,0.7548239943865932,-4.21753683634919,0.06901393774825237
15,f3_dup_a|f7_weak|noise_0,1000101,3,-4.554482525157929,0.028135922260755074,0.42812442710081644,0.4792355347418139,-4.493771270443058,0.06071125471487093
15,f3_dup_a|f8_bigcoef|noise_0,1000011,3,-4.37481143655777,0.02860645380164623,0.6077955157009756,0.6720667751478063,-4.3018226845636125,0.07298875199415722
15,f4_dup_b|f5_null|f6_suppressor,111000,3,-4.702245506381988,0.029248084684819115,0.28036144587675693,0.32549318486783363,-4.636306122346894,0.06593938403509458
15,f4_dup_b|f5_null|f7_weak,110100,3,-4.55780065126419,0.028557306645432653,0.42480630099455485,0.4792355347418139,-4.492127098683885,0.06567355258030538
15,f4_dup_b|f5_null|f8_bigcoef,110010,3,-4.371947389984131,0.028991799705846626,0.6106595622746145,0.6720667751478063,-4.300178512804439,0.07176887717969205
15,f4_dup_b|f5_null|noise_0,110001,3,-4.703447756195068,0.02887972473385489,0.27915919606367723,0.32549318486783363,-4.636306122346894,0.06714163384817429
15,f4_dup_b|f6_suppressor|f7_weak,101100,3,-4.562373792266846,0.028993473019971322,0.42023315999189936,0.4792355347418139,-4.492127098683885,0.07024669358296087
15,f4_dup_b|f6_suppressor|f8_bigcoef,101010,3,-4.3758110996246335,0.028894903038363062,0.6067958526341117,0.6720667751478063,-4.300178512804439,0.0756325868201948
15,f4_dup_b|f6_suppressor|noise_0,101001,3,-4.70208757982254,0.02875808625704138,0.2805193724362054,0.32549318486783363,-4.636306122346894,0.06578145747564612
15,f4_dup_b|f7_weak|f8_bigcoef,100110,3,-4.288865976142883,0.029086880494048978,0.6937409761158619,0.7548239943865932,-4.215892664590016,0.07297331155286724
15,f4_dup_b|f7_weak|noise_0,100101,3,-4.5572537484169,0.028318982107723562,0.42535320384184505,0.4792355347418139,-4.492127098683885,0.06512664973301519
15,f4_dup_b|f8_bigcoef|noise_0,100011,3,-4.372735238838196,0.02854760132316089,0.6098717134205494,0.6720667751478063,-4.300178512804439,0.07255672603375718
15,f5_null|f6_suppressor|f7_weak,11100,3,-4.848272718715668,0.030433942884324616,0.13433423354307727,0.15374234987398028,-4.804330904157414,0.04394181455825397
15,f5_null|f6_suppressor|f8_bigcoef,11010,3,-4.6616470903396605,0.030596396767810594,0.32095986191908477,0.3465735902799726,-4.612382318277969,0.049264772061691886
15,f5_null|f6_suppressor|noise_0,11001,3,-4.984976455116272,0.030209414208622266,-0.002369502857527017,0.0,-4.948509927820423,0.03646652729584954
15,f5_null|f7_weak|f8_bigcoef,10110,3,-4.58221375617981,0.030709018833634093,0.40039319607893553,0.42933080951875946,-4.528096470063545,0.05411728611626465
15,f5_null|f7_weak|noise_0,10101,3,-4.8468475915908815,0.02983906412722096,0.13575936066786376,0.15374234987398028,-4.804330904157414,0.04251668743346748
15,f5_null|f8_bigcoef|noise_0,10011,3,-4.665506607055664,0.030366811676487023,0.31710034520308117,0.3465735902799726,-4.612382318277969,0.05312428877769548
15,f6_suppressor|f7_weak|f8_bigcoef,1110,3,-4.580012259483337,0.03083178599394135,0.40259469277540827,0.42933080951875946,-4.528096470063545,0.05191578941979191
15,f6_suppressor|f7_weak|noise_0,1101,3,-4.845839849281311,0.02998850014355003,0.13676710297743444,0.15374234987398028,-4.804330904157414,0.0415089451238968
15,f6_suppressor|f8_bigcoef|noise_0,1011,3,-4.663046679973602,0.029951543017049772,0.31956027228514294,0.3465735902799726,-4.612382318277969,0.05066436169563371
15,f7_weak|f8_bigcoef|noise_0,111,3,-4.57923840007782,0.03017470994291947,0.4033685521809254,0.42933080951875946,-4.528096470063545,0.051141930014274806
15,f1_strong_t1|f2_strong_t2|f3_dup_a|f4_dup_b,111100000,4,-3.7092373439788817,0.03139219228410469,1.2733696082798636,1.3235905993032566,-3.6276558993571917,0.08158144462169004
15,f1_strong_t1|f2_strong_t2|f3_dup_a|f5_null,111010000,4,-3.72258042049408,0.029876093444813387,1.2600265317646655,1.3133933321320947,-3.6382833434663175,0.08429707702776223
15,f1_strong_t1|f2_strong_t2|f3_dup_a|f6_suppressor,111001000,4,-2.0401439050674437,0.03207660151585463,2.9424630471913016,3.097210687049391,-1.875736214670604,0.16440769039683967
15,f1_strong_t1|f2_strong_t2|f3_dup_a|f7_weak,111000100,4,-3.5920361028671266,0.029523614654838548,1.3905708493916187,1.467135682006075,-3.4941043198033093,0.09793178306381733
15,f1_strong_t1|f2_strong_t2|f3_dup_a|f8_bigcoef,111000010,4,-3.398281537914276,0.029405015114003553,1.5843254143444692,1.6599669224120674,-3.302155733923863,0.09612580399041315
15,f1_strong_t1|f2_strong_t2|f3_dup_a|noise_0,111000001,4,-3.7286517555236816,0.029802701321214334,1.2539551967350637,1.3133933321320947,-3.6382833434663175,0.09036841205736401
15,f1_strong_t1|f2_strong_t2|f4_dup_b|f5_null,110110000,4,-3.7288308809280397,0.030127500780683318,1.2537760713307056,1.3133933321320947,-3.6366391717071442,0.09219170922089548
15,f1_strong_t1|f2_strong_t2|f4_dup_b|f6_suppressor,110101000,4,-2.0474352387428283,0.03184419230342572,2.935171713515917,3.097210687049391,-1.8740920429114303,0.173343195831398
15,f1_strong_t1|f2_strong_t2|f4_dup_b|f7_weak,110100100,4,-3.5937053426742556,0.029586715349094305,1.3889016095844897,1.467135682006075,-3.492460148044135,0.1012451946301205
15,f1_strong_t1|f2_strong_t2|f4_dup_b|f8_bigcoef,110100010,4,-3.4010148953437804,0.029346863533220077,1.5815920569149649,1.6599669224120674,-3.3005115621646897,0.10050333317909077
15,f1_strong_t1|f2_strong_t2|f4_dup_b|noise_0,110100001,4,-3.7309239671707153,0.0296890401794754,1.25168298508803,1.3133933321320947,-3.6366391717071442,0.09428479546357105
15,f1_strong_t1|f2_strong_t2|f5_null|f6_suppressor,110011000,4,-2.3369265376091004,0.03389988626584431,2.645680414649645,2.7717175021815574,-2.1862958483849595,0.1506306892241409
15,f1_strong_t1|f2_strong_t2|f5_null|f7_weak,110010100,4,-3.891154499721527,0.03141308404693278,1.0914524525372182,1.1416424971382413,-3.804663953517664,0.08649054620386298
15,f1_strong_t1|f2_strong_t2|f5_null|f8_bigcoef,110010010,4,-3.697560405445099,0.03146826197039041,1.2850465468136463,1.3344737375442337,-3.6127153676382178,0.08484503780688124
15,f1_strong_t1|f2_strong_t2|f5_null|noise_0,110010001,4,-4.029412108802795,0.03153009848904216,0.9531948434559503,0.9879001472642611,-3.948842977180674,0.08056913162212087
15,f1_strong_t1|f2_strong_t2|f6_suppressor|f7_weak,110001100,4,-2.2043722376823425,0.0339181505705217,2.778234714576403,2.9254598520555377,-2.0421168247219508,0.1622554129603917
15,f1_strong_t1|f2_strong_t2|f6_suppressor|f8_bigcoef,110001010,4,-2.0072728865623475,0.03342676831435806,2.975334065696398,3.11829109246153,-1.8501682388425047,0.15710464771984278
15,f1_strong_t1|f2_strong_t2|f6_suppressor|noise_0,110001001,4,-2.350964856719971,0.033680332419768366,2.6316420955387745,2.7717175021815574,-2.1862958483849595,0.1646690083350113
15,f1_strong_t1|f2_strong_t2|f7_weak|f8_bigcoef,110000110,4,-3.6196830605506896,0.03147475326477754,1.3629238917080557,1.4172309567830204,-3.528429519423795,0.09125354112689443
15,f1_strong_t1|f2_strong_t2|f7_weak|noise_0,110000101,4,-3.893235608768463,0.03103035333678005,1.0893713434902823,1.1416424971382413,-3.804663953517664,0.08857165525079891
15,f1_strong_t1|f2_strong_t2|f8_bigcoef|noise_0,110000011,4,-3.7038500495910647,0.030946320357366913,1.2787569026676806,1.3344737375442337,-3.6127153676382178,0.09113468195284691
15,f1_strong_t1|f3_dup_a|f4_dup_b|f5_null,101110000,4,-4.513397020816803,0.030971087385690096,0.46920993144194245,0.5188716430862063,-4.450590007599112,0.06280701321769122
15,f1_strong_t1|f3_dup_a|f4_dup_b|f6_suppressor,101101000,4,-2.836032813644409,0.03296890986228684,2.146574138614336,2.302688998003503,-2.688042878803397,0.14798993484101208
15,f1_strong_t1|f3_dup_a|f4_dup_b|f7_weak,101100100,4,-4.369603718662262,0.030515687173800203,0.6130032335964835,0.6726139929601865,-4.306410983936101,0.06319273472616072
15,f1_strong_t1|f3_dup_a|f4_dup_b|f8_bigcoef,101100010,4,-4.185283164691925,0.03056348872272101,0.7973237875668202,0.8654452333661787,-4.114462398056656,0.07082076663526937
15,f1_strong_t1|f3_dup_a|f4_dup_b|noise_0,101100001,4,-4.515065999031067,0.030758805058334237,0.46754095322767864,0.5188716430862063,-4.45059000759911,0.06447599143195681
15,f1_strong_t1|f3_dup_a|f5_null|f6_suppressor,101011000,4,-2.837317535018921,0.03122300025315228,2.1452894172398245,2.292491730832341,-2.6986703229125224,0.1386472121063984
15,f1_strong_t1|f3_dup_a|f5_null|f7_weak,101010100,4,-4.389169330501557,0.02895685965393968,0.5934376217571886,0.6624167257890249,-4.317038428045227,0.07213090245632969
15,f1_strong_t1|f3_dup_a|f5_null|f8_bigcoef,101010010,4,-4.2031046235084535,0.029178887998355076,0.7795023287502918,0.8552479661950173,-4.125089842165781,0.07801478134267281
15,f1_strong_t1|f3_dup_a|f5_null|noise_0,101010001,4,-4.530978079223633,0.02927054775201072,0.4516288730351121,0.5086743759150446,-4.4612174517082375,0.06976062751539569
15,f1_strong_t1|f3_dup_a|f6_suppressor|f7_weak,101001100,4,-2.709563570213318,0.0314519337540117,2.273043382045427,2.446234080706321,-2.5544912992495132,0.15507227096380483
15,f1_strong_t1|f3_dup_a|f6_suppressor|f8_bigcoef,101001010,4,-2.5137768323898317,0.0310621481082805,2.4688301198689135,2.639065321112313,-2.362542713370068,0.1512341190197639
15,f1_strong_t1|f3_dup_a|f6_suppressor|noise_0,101001001,4,-2.8674560108184814,0.03162787323680206,2.115150941440264,2.292491730832341,-2.6986703229125224,0.16878568790595905
15,f1_strong_t1|f3_dup_a|f7_weak|f8_bigcoef,101000110,4,-4.1223131982803345,0.02944728763504234,0.8602937539784108,0.938005185433804,-4.040803993951359,0.08150920432897557
15,f1_strong_t1|f3_dup_a|f7_weak|noise_0,101000101,4,-4.389630876255035,0.028796524270711363,0.5929760760037102,0.6624167257890249,-4.317038428045227,0.07259244820980815
15,f1_strong_t1|f3_dup_a|f8_bigcoef|noise_0,101000011,4,-4.208847281742096,0.028910924717749586,0.7737596705166494,0.8552479661950173,-4.125089842165781,0.0837574395763152
15,f1_strong_t1|f4_dup_b|f5_null|f6_suppressor,100111000,4,-2.849780225753784,0.031632441518704306,2.132826726504961,2.292491730832341,-2.697026151153349,0.152754074600435
15,f1_strong_t1|f4_dup_b|f5_null|f7_weak,100110100,4,-4.3914116394996645,0.029285143759863554,0.5911953127590808,0.6624167257890249,-4.315394256286054,0.0760173832136104
15,f1_strong_t1|f4_dup_b|f5_null|f8_bigcoef,100110010,4,-4.203651076602935,0.029522665546638512,0.7789558756558099,0.8552479661950173,-4.123445670406608,0.08020540619632754
15,f1_strong_t1|f4_dup_b|f5_null|noise_0,100110001,4,-4.53391452293396,0.029571938772810773,0.4486924293247849,0.5086743759150446,-4.459573279949064,0.07434124298489664
15,f1_strong_t1|f4_dup_b|f6_suppressor|f7_weak,100101100,4,-2.7101340879440308,0.031496620412881954,2.2724728643147145,2.446234080706321,-2.55284712749034,0.15728696045369084
15,f1_strong_t1|f4_dup_b|f6_suppressor|f8_bigcoef,100101010,4,-2.5234688413619994,0.031305523287851994,2.459138110896746,2.639065321112313,-2.3608985416108945,0.16257029975110493
15,f1_strong_t1|f4_dup_b|f6_suppressor|noise_0,100101001,4,-2.8639207951545713,0.031606836813552794,2.118686157104174,2.292491730832341,-2.697026151153349,0.16689464400122223
15,f1_strong_t1|f4_dup_b|f7_weak|f8_bigcoef,100100110,4,-4.124695221328736,0.02955798600151386,0.8579117309300095,0.938005185433804,-4.039159822192186,0.08553539913654973
15,f1_strong_t1|f4_dup_b|f7_weak|noise_0,100100101,4,-4.391562084579467,0.02893711838280153,0.5910448676792779,0.6624167257890249,-4.315394256286054,0.07616782829341329
15,f1_strong_t1|f4_dup_b|f8_bigcoef|noise_0,100100011,4,-4.206463679885864,0.02892001197890022,0.7761432723728809,0.8552479661950173,-4.123445670406608,0.08301800947925653
15,f1_strong_t1|f5_null|f6_suppressor|f7_weak,100011100,4,-3.0145399638175965,0.03330102464157432,1.9680669884411488,2.1207408958384875,-2.865050932963869,0.14948903085372756
15,f1_strong_t1|f5_null|f6_suppressor|f8_bigcoef,100011010,4,-2.8154422982215883,0.03317457264241358,2.167164654037157,2.3135721362444794,-2.6731023470844235,0.1423399511371648
15,f1_strong_t1|f5_null|f6_suppressor|noise_0,100011001,4,-3.1653051498413087,0.03323878966755612,1.8173018024174366,1.9669985459645072,-3.009229956626878,0.15607519321443064
15,f1_strong_t1|f5_null|f7_weak|f8_bigcoef,100010110,4,-4.425200080108643,0.031327134887293544,0.5574068721501027,0.6125120005659704,-4.351363627665714,0.07383645244292847
15,f1_strong_t1|f5_null|f7_weak|noise_0,100010101,4,-4.69522715549469,0.03054309653222962,0.28737979676405523,0.33692354092119114,-4.627598061759583,0.06762909373510695
15,f1_strong_t1|f5_null|f8_bigcoef|noise_0,100010011,4,-4.512020686435699,0.030850493423338357,0.4705862658230462,0.5297547813271836,-4.435649475880138,0.0763712105555614
15,f1_strong_t1|f6_suppressor|f7_weak|f8_bigcoef,100001110,4,-2.7384926891326904,0.033465537812580645,2.244114263126055,2.3963293554832665,-2.588816498870001,0.14967619026268952
15,f1_strong_t1|f6_suppressor|f7_weak|noise_0,100001101,4,-3.018584995555878,0.0329991710219437,1.9640219567028674,2.1207408958384875,-2.865050932963869,0.15353406259200897
15,f1_strong_t1|f6_suppressor|f8_bigcoef|noise_0,100001011,4,-2.8244365942955016,0.032584161503479696,2.1581703579632436,2.3135721362444794,-2.6731023470844235,0.15133424721107813
15,f1_strong_t1|f7_weak|f8_bigcoef|noise_0,100000111,4,-4.426131367874145,0.030668356314108386,0.5564755843846001,0.6125120005659704,-4.351363627665714,0.07476774020843102
15,f2_strong_t2|f3_dup_a|f4_dup_b|f5_null,11110000,4,-3.88095544052124,0.031102700212762714,1.1016515117375052,1.1404094082560454,-3.8043887417550226,0.07656669876621747
15,f2_strong_t2|f3_dup_a|f4_dup_b|f6_suppressor,11101000,4,-3.8880977482795713,0.031434131772786776,1.094509203979174,1.1404094082560454,-3.8043887417550226,0.08370900652454871
15,f2_strong_t2|f3_dup_a|f4_dup_b|f7_weak,11100100,4,-3.739659075641632,0.03056723929435131,1.2429478766171131,1.2941517581300257,-3.660209718092013,0.07944935754961913
15,f2_strong_t2|f3_dup_a|f4_dup_b|f8_bigcoef,11100010,4,-3.5495141883850096,0.030663403072715298,1.4330927638737356,1.4869829985360181,-3.4682611322125676,0.08125305617244205
15,f2_strong_t2|f3_dup_a|f4_dup_b|noise_0,11100001,4,-3.8820444233894347,0.030943218024224194,1.1005625288693106,1.1404094082560454,-3.8043887417550226,0.07765568163441205
15,f2_strong_t2|f3_dup_a|f5_null|f6_suppressor,11011000,4,-3.894002921772003,0.02971640145130599,1.0886040304867421,1.130212141084884,-3.8150161858641485,0.07898673590785465
15,f2_strong_t2|f3_dup_a|f5_null|f7_weak,11010100,4,-3.757587341785431,0.02910385060156818,1.2250196104733142,1.2839544909588643,-3.6708371622011393,0.08675017958429176
15,f2_strong_t2|f3_dup_a|f5_null|f8_bigcoef,11010010,4,-3.5682108781814574,0.029388029642301857,1.4143960740772878,1.4767857313648562,-3.478888576321694,0.08932230185976353
15,f2_strong_t2|f3_dup_a|f5_null|noise_0,11010001,4,-3.8989748434066773,0.029407755263290866,1.083632108852068,1.130212141084884,-3.8150161858641485,0.08395865754252885
15,f2_strong_t2|f3_dup_a|f6_suppressor|f7_weak,11001100,4,-3.7655397590637207,0.02961913532517603,1.2170671931950245,1.2839544909588643,-3.6708371622011393,0.09470259686258142
15,f2_strong_t2|f3_dup_a|f6_suppressor|f8_bigcoef,11001010,4,-3.5741892137527467,0.02956209446142201,1.4084177385059986,1.4767857313648562,-3.478888576321694,0.09530063743105277
15,f2_strong_t2|f3_dup_a|f6_suppressor|noise_0,11001001,4,-3.9024189527511597,0.02949153787414089,1.0801879995075856,1.130212141084884,-3.8150161858641485,0.08740276688701121
15,f2_strong_t2|f3_dup_a|f7_weak|f8_bigcoef,11000110,4,-3.487194341278076,0.02960481573142696,1.4954126109806691,1.5595429506036433,-3.3946027281072713,0.09259161317080489
15,f2_strong_t2|f3_dup_a|f7_weak|noise_0,11000101,4,-3.762957654953003,0.029033262115657345,1.2196492973057422,1.2839544909588643,-3.6708371622011393,0.09212049275186374
15,f2_strong_t2|f3_dup_a|f8_bigcoef|noise_0,11000011,4,-3.576450325489044,0.029224885465730065,1.4061566267697012,1.4767857313648562,-3.478888576321694,0.09756174916735016
15,f2_strong_t2|f4_dup_b|f5_null|f6_suppressor,10111000,4,-3.902311561393738,0.030135632980116546,1.0802953908650075,1.130212141084884,-3.813372014104975,0.08893954728876263
15,f2_strong_t2|f4_dup_b|f5_null|f7_weak,10110100,4,-3.7638212306976317,0.02933383145797237,1.2187857215611135,1.2839544909588643,-3.669192990441967,0.09462824025566485
15,f2_strong_t2|f4_dup_b|f5_null|f8_bigcoef,10110010,4,-3.5685654297828675,0.02943268915140074,1.4140415224758778,1.4767857313648562,-3.4772444045625206,0.09132102522034691
15,f2_strong_t2|f4_dup_b|f5_null|noise_0,10110001,4,-3.9041359568595886,0.02963963244482854,1.0784709953991567,1.130212141084884,-3.813372014104975,0.09076394275461341
15,f2_strong_t2|f4_dup_b|f6_suppressor|f7_weak,10101100,4,-3.7695289650917054,0.02979896070486547,1.2130779871670399,1.2839544909588643,-3.669192990441967,0.10033597464973854
15,f2_strong_t2|f4_dup_b|f6_suppressor|f8_bigcoef,10101010,4,-3.581462582111359,0.02962598216965735,1.4011443701473865,1.4767857313648562,-3.4772444045625206,0.10421817754883822
15,f2_strong_t2|f4_dup_b|f6_suppressor|noise_0,10101001,4,-3.907037249279022,0.029664110689998777,1.075569702979723,1.130212141084884,-3.813372014104975,0.09366523517404701
15,f2_strong_t2|f4_dup_b|f7_weak|f8_bigcoef,10100110,4,-3.49229413690567,0.029593246556470266,1.4903128153530751,1.5595429506036433,-3.392958556348098,0.09933558055757219
15,f2_strong_t2|f4_dup_b|f7_weak|noise_0,10100101,4,-3.7662543652534484,0.029104736285928433,1.216352587005297,1.2839544909588643,-3.669192990441967,0.09706137481148147
15,f2_strong_t2|f4_dup_b|f8_bigcoef|noise_0,10100011,4,-3.579213890171051,0.029078034679818274,1.4033930620876944,1.4767857313648562,-3.4772444045625206,0.10196948560853025
15,f2_strong_t2|f5_null|f6_suppressor|f7_weak,10011100,4,-4.053760675048828,0.03132593911061886,0.9288462772099173,0.9584613060910306,-3.981396795915495,0.07236387913333298
15,f2_strong_t2|f5_null|f6_suppressor|f8_bigcoef,10011010,4,-3.861787840270996,0.031462377571675554,1.1208191119877493,1.151292546497023,-3.7894482100360496,0.07233963023494638
15,f2_strong_t2|f5_null|f6_suppressor|noise_0,10011001,4,-4.1916549483299255,0.03113810325096736,0.7909520039288198,0.8047189562170504,-4.125575819578504,0.0660791287514213
15,f2_strong_t2|f5_null|f7_weak|f8_bigcoef,10010110,4,-3.7801612610816955,0.03134734025047134,1.2024456911770498,1.2340497657358096,-3.705162361821627,0.07499889926006853
15,f2_strong_t2|f5_null|f7_weak|noise_0,10010101,4,-4.055067205810547,0.03080357555074874,0.9275397464481987,0.9584613060910306,-3.981396795915495,0.07367040989505158
15,f2_strong_t2|f5_null|f8_bigcoef|noise_0,10010011,4,-3.864760574054718,0.031090940078030028,1.1178463782040273,1.151292546497023,-3.7894482100360496,0.07531236401866837
15,f2_strong_t2|f6_suppressor|f7_weak|f8_bigcoef,10001110,4,-3.7847097559928895,0.03165411257176351,1.1978971962658558,1.2340497657358096,-3.705162361821627,0.07954739417126255
15,f2_strong_t2|f6_suppressor|f7_weak|noise_0,10001101,4,-4.054094527149201,0.030967120869668047,0.9285124251095445,0.9584613060910306,-3.981396795915495,0.07269773123370582
15,f2_strong_t2|f6_suppressor|f8_bigcoef|noise_0,10001011,4,-3.871019157218933,0.030920236268452722,1.1115877950398123,1.151292546497023,-3.7894482100360496,0.08157094718288338
15,f2_strong_t2|f7_weak|f8_bigcoef|noise_0,10000111,4,-3.7828411573410032,0.03105274789040076,1.199765794917742,1.2340497657358096,-3.705162361821627,0.07767879551937629
15,f3_dup_a|f4_dup_b|f5_null|f6_suppressor,1111000,4,-4.694890765953064,0.030914948351795816,0.28771618630568163,0.3356904520389953,-4.6273228499969425,0.0675679159561211
15,f3_dup_a|f4_dup_b|f5_null|f7_weak,1110100,4,-4.543251515293122,0.03006667038293489,0.4393554369656236,0.48943280191297556,-4.483143826333933,0.06010768895918872
15,f3_dup_a|f4_dup_b|f5_null|f8_bigcoef,1110010,4,-4.3617216510772705,0.030569810268444665,0.6208853011814748,0.682264042318968,-4.291195240454487,0.07052641062278386
15,f3_dup_a|f4_dup_b|f5_null|noise_0,1110001,4,-4.695248997116089,0.030450784819741745,0.2873579551426566,0.3356904520389953,-4.6273228499969425,0.06792614711914613
15,f3_dup_a|f4_dup_b|f6_suppressor|f7_weak,1101100,4,-4.5504732176780704,0.030698307643988856,0.43213373458067483,0.48943280191297556,-4.483143826333933,0.06732939134413751
15,f3_dup_a|f4_dup_b|f6_suppressor|f8_bigcoef,1101010,4,-4.364915751361847,0.030652966088354713,0.617691200896898,0.682264042318968,-4.291195240454487,0.07372051090736065
15,f3_dup_a|f4_dup_b|f6_suppressor|noise_0,1101001,4,-4.695431005287171,0.03067826384244813,0.28717594697157445,0.3356904520389953,-4.6273228499969425,0.06810815529022829
15,f3_dup_a|f4_dup_b|f7_weak|f8_bigcoef,1100110,4,-4.270737275028229,0.03061876476233177,0.7118696772305162,0.7650212615577549,-4.206909392240064,0.06382788278816509
15,f3_dup_a|f4_dup_b|f7_weak|noise_0,1100101,4,-4.544167774105072,0.02992128117702582,0.43843917815367295,0.48943280191297556,-4.483143826333933,0.0610239477711394
15,f3_dup_a|f4_dup_b|f8_bigcoef|noise_0,1100011,4,-4.360721377468109,0.030266555692112264,0.6218855747906362,0.682264042318968,-4.291195240454487,0.06952613701362242
15,f3_dup_a|f5_null|f6_suppressor|f7_weak,1011100,4,-4.5614419506073,0.02910328222689473,0.42116500165144544,0.4792355347418139,-4.493771270443058,0.06767068016424194
15,f3_dup_a|f5_null|f6_suppressor|f8_bigcoef,1011010,4,-4.378040388393402,0.029142012870917552,0.604566563865343,0.6720667751478063,-4.3018226845636125,0.07621770382978976
15,f3_dup_a|f5_null|f6_suppressor|noise_0,1011001,4,-4.701362636756897,0.029026163941456042,0.2812443155018487,0.32549318486783363,-4.6379502941060675,0.06341234265082907
15,f3_dup_a|f5_null|f7_weak|f8_bigcoef,1010110,4,-4.296859739208221,0.029358181776547414,0.685747213050524,0.7548239943865932,-4.21753683634919,0.07932290285903143
15,f3_dup_a|f5_null|f7_weak|noise_0,1010101,4,-4.561685512065887,0.028425005811232498,0.42092144019285804,0.4792355347418139,-4.493771270443058,0.06791424162282933
15,f3_dup_a|f5_null|f8_bigcoef|noise_0,1010011,4,-4.387050754165649,0.02899999180750941,0.5955561980930959,0.6720667751478063,-4.3018226845636125,0.08522806960203688
15,f3_dup_a|f6_suppressor|f7_weak|f8_bigcoef,1001110,4,-4.297004821586609,0.029605038910979493,0.6856021306721365,0.7548239943865932,-4.21753683634919,0.07946798523741894
15,f3_dup_a|f6_suppressor|f7_weak|noise_0,1001101,4,-4.562397005939483,0.02892837238397589,0.4202099463192619,0.4792355347418139,-4.493771270443058,0.06862573549642548
15,f3_dup_a|f6_suppressor|f8_bigcoef|noise_0,1001011,4,-4.380525345611573,0.028791333717605897,0.6020816066471726,0.6720667751478063,-4.3018226845636125,0.0787026610479602
15,f3_dup_a|f7_weak|f8_bigcoef|noise_0,1000111,4,-4.29923737745285,0.029088143483422493,0.6833695748058952,0.7548239943865932,-4.21753683634919,0.08170054110366021
15,f4_dup_b|f5_null|f6_suppressor|f7_weak,111100,4,-4.5680924908638,0.029388366126496736,0.41451446139494497,0.4792355347418139,-4.492127098683885,0.07596539217991527
15,f4_dup_b|f5_null|f6_suppressor|f8_bigcoef,111010,4,-4.382445979118347,0.029436629850736754,0.6001609731403983,0.6720667751478063,-4.300178512804439,0.08226746631390824
15,f4_dup_b|f5_null|f6_suppressor|noise_0,111001,4,-4.706726617622375,0.029267699829694127,0.2758803346363701,0.32549318486783363,-4.636306122346894,0.07042049527548144
15,f4_dup_b|f5_null|f7_weak|f8_bigcoef,110110,4,-4.297021874904632,0.029483183241283392,0.685585077354113,0.7548239943865932,-4.215892664590016,0.08112921031461617
15,f4_dup_b|f5_null|f7_weak|noise_0,110101,4,-4.564722883701324,0.028706017521556975,0.417884068557421,0.4792355347418139,-4.492127098683885,0.07259578501743924
15,f4_dup_b|f5_null|f8_bigcoef|noise_0,110011,4,-4.383679964828492,0.029085574334877545,0.5989269874302536,0.6720667751478063,-4.300178512804439,0.0835014520240529
15,f4_dup_b|f6_suppressor|f7_weak|f8_bigcoef,101110,4,-4.299042208099365,0.029632486197914143,0.68356474415938,0.7548239943865932,-4.215892664590016,0.08314954350934922
15,f4_dup_b|f6_suppressor|f7_weak|noise_0,101101,4,-4.567833849716187,0.02903878639025216,0.4147731025425587,0.4792355347418139,-4.492127098683885,0.07570675103230151
15,f4_dup_b|f6_suppressor|f8_bigcoef|noise_0,101011,4,-4.381940200138092,0.028814751515948013,0.6006667521206532,0.6720667751478063,-4.300178512804439,0.0817616873336533
15,f4_dup_b|f7_weak|f8_bigcoef|noise_0,100111,4,-4.298464979457855,0.029101922998932307,0.68414197280089,0.7548239943865932,-4.215892664590016,0.08257231486783922
15,f5_null|f6_suppressor|f7_weak|f8_bigcoef,11110,4,-4.58626797132492,0.031325694212048436,0.3963389809338249,0.42933080951875946,-4.528096470063545,0.05817150126137527
15,f5_null|f6_suppressor|f7_weak|noise_0,11101,4,-4.852065857601166,0.030456399073197405,0.13054109465757957,0.15374234987398028,-4.804330904157414,0.04773495344375167
15,f5_null|f6_suppressor|f8_bigcoef|noise_0,11011,4,-4.669175697422028,0.03053051453524133,0.3134312548367175,0.3465735902799726,-4.612382318277969,0.05679337914405913
15,f5_null|f7_weak|f8_bigcoef|noise_0,10111,4,-4.590269942474365,0.03076486740028639,0.3923370097843799,0.42933080951875946,-4.528096470063545,0.062173472410820274
15,f6_suppressor|f7_weak|f8_bigcoef|noise_0,1111,4,-4.586480152606964,0.030684036736144074,0.396126799651781,0.42933080951875946,-4.528096470063545,0.05838368254341919
15,f1_strong_t1|f2_strong_t2|f3_dup_a|f4_dup_b|f5_null,111110000,5,-3.7156756145477297,0.03181953878951738,1.2669313377110156,1.3235905993032566,-3.6276558993571917,0.08801971519053797
15,f1_strong_t1|f2_strong_t2|f3_dup_a|f4_dup_b|f6_suppressor,111101000,5,-2.029595148277283,0.033539808926266526,2.9530118039814623,3.1074079542205526,-1.8651087705614784,0.16448637771580454
15,f1_strong_t1|f2_strong_t2|f3_dup_a|f4_dup_b|f7_weak,111100100,5,-3.579031311798096,0.03135230143528421,1.4035756404606494,1.477332949177237,-3.4834768756941825,0.09555443610391334
15,f1_strong_t1|f2_strong_t2|f3_dup_a|f4_dup_b|f8_bigcoef,111100010,5,-3.387444939136505,0.03116915155951263,1.5951620131222404,1.6701641895832289,-3.291528289814737,0.0959166493217678
15,f1_strong_t1|f2_strong_t2|f3_dup_a|f4_dup_b|noise_0,111100001,5,-3.7168162302017214,0.031589293342160436,1.265790722057024,1.3235905993032566,-3.6276558993571917,0.08916033084452968
15,f1_strong_t1|f2_strong_t2|f3_dup_a|f5_null|f6_suppressor,111011000,5,-2.0367214605331423,0.03206684028293741,2.945885491725603,3.097210687049391,-1.875736214670604,0.16098524586253826
15,f1_strong_t1|f2_strong_t2|f3_dup_a|f5_null|f7_weak,111010100,5,-3.5965198429107668,0.029864629115429572,1.3860871093479785,1.467135682006075,-3.4941043198033093,0.1024155231074575
15,f1_strong_t1|f2_strong_t2|f3_dup_a|f5_null|f8_bigcoef,111010010,5,-3.403819701576233,0.029815325115184258,1.5787872506825122,1.6599669224120674,-3.302155733923863,0.10166396765237007
15,f1_strong_t1|f2_strong_t2|f3_dup_a|f5_null|noise_0,111010001,5,-3.732151565361023,0.030015117648473883,1.2504553868977224,1.3133933321320947,-3.6382833434663175,0.09386822189470534
15,f1_strong_t1|f2_strong_t2|f3_dup_a|f6_suppressor|f7_weak,111001100,5,-1.9159125769615173,0.032283779711965825,3.066694375297228,3.2509530369233715,-1.7315571910075949,0.18435538595392242
15,f1_strong_t1|f2_strong_t2|f3_dup_a|f6_suppressor|f8_bigcoef,111001010,5,-1.7142818759918212,0.03176069309025867,3.2683250762669243,3.443784277329364,-1.539608605128149,0.17467327086367224
15,f1_strong_t1|f2_strong_t2|f3_dup_a|f6_suppressor|noise_0,111001001,5,-2.058081861782074,0.03224944001959347,2.924525090476671,3.097210687049391,-1.875736214670604,0.18234564711147017
15,f1_strong_t1|f2_strong_t2|f3_dup_a|f7_weak|f8_bigcoef,111000110,5,-3.3253149475097654,0.030033649345692966,1.6572920047489799,1.742724141650854,-3.2178698857094394,0.10744506180032598
15,f1_strong_t1|f2_strong_t2|f3_dup_a|f7_weak|noise_0,111000101,5,-3.5998154195785523,0.02967577602399471,1.382791532680193,1.467135682006075,-3.4941043198033093,0.10571109977524307
15,f1_strong_t1|f2_strong_t2|f3_dup_a|f8_bigcoef|noise_0,111000011,5,-3.412533803653717,0.029586985858879058,1.5700731486050281,1.6599669224120674,-3.302155733923863,0.1103780697298542
15,f1_strong_t1|f2_strong_t2|f4_dup_b|f5_null|f6_suppressor,110111000,5,-2.046549880599976,0.03229621615683073,2.9360570716587695,3.097210687049391,-1.8740920429114303,0.1724578376885455
15,f1_strong_t1|f2_strong_t2|f4_dup_b|f5_null|f7_weak,110110100,5,-3.598538887119293,0.030022081966868005,1.3840680651394521,1.467135682006075,-3.492460148044135,0.10607873907515808
15,f1_strong_t1|f2_strong_t2|f4_dup_b|f5_null|f8_bigcoef,110110010,5,-3.403734822845459,0.029933462534645235,1.5788721294132864,1.6599669224120674,-3.3005115621646897,0.10322326068076926
15,f1_strong_t1|f2_strong_t2|f4_dup_b|f5_null|noise_0,110110001,5,-3.736593417739868,0.030138395624216486,1.2460135345188772,1.3133933321320947,-3.6366391717071442,0.09995424603272385
15,f1_strong_t1|f2_strong_t2|f4_dup_b|f6_suppressor|f7_weak,110101100,5,-1.9153187035560608,0.03216313799677291,3.0672882487026847,3.2509530369233715,-1.7299130192484216,0.18540568430763926
15,f1_strong_t1|f2_strong_t2|f4_dup_b|f6_suppressor|f8_bigcoef,110101010,5,-1.7227606810569762,0.031734154550122975,3.259846271201769,3.443784277329364,-1.5379644333689753,0.18479624768800096
15,f1_strong_t1|f2_strong_t2|f4_dup_b|f6_suppressor|noise_0,110101001,5,-2.068633713531494,0.03226151750170233,2.9139732387272512,3.097210687049391,-1.8740920429114303,0.19454167062006378
15,f1_strong_t1|f2_strong_t2|f4_dup_b|f7_weak|f8_bigcoef,110100110,5,-3.329235436439514,0.03004198252252439,1.6533715158192313,1.742724141650854,-3.216225713950266,0.1130097224892479
15,f1_strong_t1|f2_strong_t2|f4_dup_b|f7_weak|noise_0,110100101,5,-3.6004571722984315,0.02958272377106912,1.3821497799603137,1.467135682006075,-3.492460148044135,0.10799702425429647
15,f1_strong_t1|f2_strong_t2|f4_dup_b|f8_bigcoef|noise_0,110100011,5,-3.412788530921936,0.029328676890064697,1.5698184213368092,1.6599669224120674,-3.3005115621646897,0.11227696875724646
15,f1_strong_t1|f2_strong_t2|f5_null|f6_suppressor|f7_weak,110011100,5,-2.210689270591736,0.03419989450972811,2.7719176816670092,2.9254598520555377,-2.0421168247219508,0.16857244586978526
15,f1_strong_t1|f2_strong_t2|f5_null|f6_suppressor|f8_bigcoef,110011010,5,-2.0122920400619506,0.03402270270650837,2.9703149121967947,3.11829109246153,-1.8501682388425047,0.16212380121944592
15,f1_strong_t1|f2_strong_t2|f5_null|f6_suppressor|noise_0,110011001,5,-2.3499579995155333,0.033910195514604675,2.632648952743212,2.7717175021815574,-2.1862958483849595,0.1636621511305738
15,f1_strong_t1|f2_strong_t2|f5_null|f7_weak|f8_bigcoef,110010110,5,-3.6266076691627505,0.03205708362236138,1.3559992830959948,1.4172309567830204,-3.528429519423795,0.09817814973895533
15,f1_strong_t1|f2_strong_t2|f5_null|f7_weak|noise_0,110010101,5,-3.9021455629348756,0.03146196253386155,1.0804613893238697,1.1416424971382413,-3.804663953517664,0.09748160941721151
15,f1_strong_t1|f2_strong_t2|f5_null|f8_bigcoef|noise_0,110010011,5,-3.712617474555969,0.03154044684329899,1.2699894777027763,1.3344737375442337,-3.6127153676382178,0.09990210691775125
15,f1_strong_t1|f2_strong_t2|f6_suppressor|f7_weak|f8_bigcoef,110001110,5,-1.9343176551818848,0.034215678970904974,3.0482892970768605,3.201048311700317,-1.765882390628082,0.16843526455380275
15,f1_strong_t1|f2_strong_t2|f6_suppressor|f7_weak|noise_0,110001101,5,-2.2144095703125,0.03394958087764266,2.768197381946245,2.9254598520555377,-2.0421168247219508,0.1722927455905494
15,f1_strong_t1|f2_strong_t2|f6_suppressor|f8_bigcoef|noise_0,110001011,5,-2.020420936870575,0.033419196373610315,2.9621860153881703,3.11829109246153,-1.8501682388425047,0.1702526980280703
15,f1_strong_t1|f2_strong_t2|f7_weak|f8_bigcoef|noise_0,110000111,5,-3.6310387455940245,0.0315293646660335,1.3515682066647208,1.4172309567830204,-3.528429519423795,0.10260922617022938
15,f1_strong_t1|f3_dup_a|f4_dup_b|f5_null|f6_suppressor,101111000,5,-2.835326090335846,0.033219320895635784,2.147280861922899,2.302688998003503,-2.688042878803397,0.14728321153244917
15,f1_strong_t1|f3_dup_a|f4_dup_b|f5_null|f7_weak,101110100,5,-4.376210194396973,0.030945461000005725,0.6063967578617726,0.6726139929601865,-4.306410983936101,0.06979921046087156
15,f1_strong_t1|f3_dup_a|f4_dup_b|f5_null|f8_bigcoef,101110010,5,-4.194571526145935,0.03105996642325608,0.7880354261128106,0.8654452333661787,-4.114462398056656,0.08010912808927895
15,f1_strong_t1|f3_dup_a|f4_dup_b|f5_null|noise_0,101110001,5,-4.525719094562531,0.031202240309394228,0.45688785769621454,0.5188716430862063,-4.450590007599112,0.07512908696341913
15,f1_strong_t1|f3_dup_a|f4_dup_b|f6_suppressor|f7_weak,101101100,5,-2.7017487144470214,0.033127917535866185,2.280858237811724,2.456431347877483,-2.543863855140388,0.15788485930663354
15,f1_strong_t1|f3_dup_a|f4_dup_b|f6_suppressor|f8_bigcoef,101101010,5,-2.498859693145752,0.03274665784267049,2.4837472591129934,2.6492625882834755,-2.3519152692609415,0.14694442388481033
15,f1_strong_t1|f3_dup_a|f4_dup_b|f6_suppressor|noise_0,101101001,5,-2.847350076961517,0.03326091654977094,2.135256875297228,2.302688998003503,-2.688042878803397,0.15930719815812022
15,f1_strong_t1|f3_dup_a|f4_dup_b|f7_weak|f8_bigcoef,101100110,5,-4.108767887401581,0.031215451463346307,0.8738390648571643,0.9482024526049658,-4.030176549842233,0.07859133755934788
15,f1_strong_t1|f3_dup_a|f4_dup_b|f7_weak|noise_0,101100101,5,-4.3773130930900574,0.030642252316046687,0.6052938591686878,0.6726139929601865,-4.306410983936101,0.07090210915395634
15,f1_strong_t1|f3_dup_a|f4_dup_b|f8_bigcoef|noise_0,101100011,5,-4.197701702976227,0.0307247206471849,0.7849052492825184,0.8654452333661787,-4.114462398056656,0.08323930491957121
15,f1_strong_t1|f3_dup_a|f5_null|f6_suppressor|f7_weak,101011100,5,-2.712013519668579,0.03154796391625952,2.270593432590166,2.446234080706321,-2.5544912992495132,0.15752222041906583
15,f1_strong_t1|f3_dup_a|f5_null|f6_suppressor|f8_bigcoef,101011010,5,-2.522680715751648,0.031403590546424394,2.4599262365070973,2.639065321112313,-2.362542713370068,0.16013800238158016
15,f1_strong_t1|f3_dup_a|f5_null|f6_suppressor|noise_0,101011001,5,-2.8573769437789918,0.031645195917278594,2.1252300084797535,2.292491730832341,-2.6986703229125224,0.15870662086646936
15,f1_strong_t1|f3_dup_a|f5_null|f7_weak|f8_bigcoef,101010110,5,-4.129024123382568,0.029923704344677584,0.8535828288761769,0.938005185433804,-4.040803993951359,0.08822012943120949
15,f1_strong_t1|f3_dup_a|f5_null|f7_weak|noise_0,101010101,5,-4.395029981040954,0.02911810658540321,0.587576971217791,0.6624167257890249,-4.317038428045227,0.07799155299572735
15,f1_strong_t1|f3_dup_a|f5_null|f8_bigcoef|noise_0,101010011,5,-4.217071938323975,0.02934017684562755,0.7655350139347705,0.8552479661950173,-4.125089842165781,0.09198209615819408
15,f1_strong_t1|f3_dup_a|f6_suppressor|f7_weak|f8_bigcoef,101001110,5,-2.437138935661316,0.031951776087137035,2.5454680165974293,2.7218225403511003,-2.278256865155645,0.15888207050567082
15,f1_strong_t1|f3_dup_a|f6_suppressor|f7_weak|noise_0,101001101,5,-2.7293721135139464,0.03172186822619847,2.253234838744799,2.446234080706321,-2.5544912992495132,0.17488081426443314
15,f1_strong_t1|f3_dup_a|f6_suppressor|f8_bigcoef|noise_0,101001011,5,-2.528801817035675,0.031360589585767366,2.45380513522307,2.639065321112313,-2.362542713370068,0.16625910366560737
15,f1_strong_t1|f3_dup_a|f7_weak|f8_bigcoef|noise_0,101000111,5,-4.133131547641754,0.029467699231297582,0.8494754046169914,0.938005185433804,-4.040803993951359,0.09232755369039491
15,f1_strong_t1|f4_dup_b|f5_null|f6_suppressor|f7_weak,100111100,5,-2.72316335067749,0.03194514360895494,2.259443601581255,2.446234080706321,-2.55284712749034,0.17031622318715023
15,f1_strong_t1|f4_dup_b|f5_null|f6_suppressor|f8_bigcoef,100111010,5,-2.534115149307251,0.03179358137385627,2.4484918029514944,2.639065321112313,-2.3608985416108945,0.17321660769635638
15,f1_strong_t1|f4_dup_b|f5_null|f6_suppressor|noise_0,100111001,5,-2.8790707849502564,0.03212354176485249,2.103536167308489,2.292491730832341,-2.697026151153349,0.18204463379690727
15,f1_strong_t1|f4_dup_b|f5_null|f7_weak|f8_bigcoef,100110110,5,-4.131796242427826,0.030115582839071474,0.8508107098309194,0.938005185433804,-4.039159822192186,0.09263642023563978
15,f1_strong_t1|f4_dup_b|f5_null|f7_weak|noise_0,100110101,5,-4.3966446933746335,0.029354294468566914,0.5859622588841118,0.6624167257890249,-4.315394256286054,0.08125043708857937
15,f1_strong_t1|f4_dup_b|f5_null|f8_bigcoef|noise_0,100110011,5,-4.213897756195069,0.029544107925182427,0.7687091960636767,0.8552479661950173,-4.123445670406608,0.09045208578846076
15,f1_strong_t1|f4_dup_b|f6_suppressor|f7_weak|f8_bigcoef,100101110,5,-2.447161111164093,0.03200536924851913,2.5354458410946523,2.7218225403511003,-2.2766126933964714,0.17054841776762153
15,f1_strong_t1|f4_dup_b|f6_suppressor|f7_weak|noise_0,100101101,5,-2.731871553039551,0.0317358083270538,2.2507353992191943,2.446234080706321,-2.55284712749034,0.17902442554921105
15,f1_strong_t1|f4_dup_b|f6_suppressor|f8_bigcoef|noise_0,100101011,5,-2.5401445685386657,0.031422112886447556,2.4424623837200796,2.639065321112313,-2.3608985416108945,0.17924602692777114
15,f1_strong_t1|f4_dup_b|f7_weak|f8_bigcoef|noise_0,100100111,5,-4.131757747173309,0.02945541860733972,0.8508492050854359,0.938005185433804,-4.039159822192186,0.09259792498112329
15,f1_strong_t1|f5_null|f6_suppressor|f7_weak|f8_bigcoef,100011110,5,-2.747341477870941,0.03399224351577399,2.235265474387804,2.3963293554832665,-2.588816498870001,0.1585249790009402
15,f1_strong_t1|f5_null|f6_suppressor|f7_weak|noise_0,100011101,5,-3.0419653265953066,0.033587624382131226,1.9406416256634387,2.1207408958384875,-2.865050932963869,0.17691439363143768
15,f1_strong_t1|f5_null|f6_suppressor|f8_bigcoef|noise_0,100011011,5,-2.8343833716392517,0.03313995893970026,2.1482235806194936,2.3135721362444794,-2.6731023470844235,0.16128102455482818
15,f1_strong_t1|f5_null|f7_weak|f8_bigcoef|noise_0,100010111,5,-4.435390434646607,0.03127714958203183,0.5472165176121386,0.6125120005659704,-4.351363627665714,0.08402680698089249
15,f1_strong_t1|f6_suppressor|f7_weak|f8_bigcoef|noise_0,100001111,5,-2.7515631216049194,0.03333059934892951,2.231043830653826,2.3963293554832665,-2.588816498870001,0.16274662273491858
15,f2_strong_t2|f3_dup_a|f4_dup_b|f5_null|f6_suppressor,11111000,5,-3.893257217693329,0.031846462958098905,1.0893497345654164,1.1404094082560454,-3.8043887417550226,0.08886847593830627
15,f2_strong_t2|f3_dup_a|f4_dup_b|f5_null|f7_weak,11110100,5,-3.7468223101615905,0.030930574634682243,1.2357846420971548,1.2941517581300257,-3.660209718092013,0.0866125920695775
15,f2_strong_t2|f3_dup_a|f4_dup_b|f5_null|f8_bigcoef,11110010,5,-3.5567873963356016,0.031162322056759194,1.4258195559231437,1.4869829985360181,-3.4682611322125676,0.08852626412303399
15,f2_strong_t2|f3_dup_a|f4_dup_b|f5_null|noise_0,11110001,5,-3.8920380928993223,0.03132223512336314,1.090568859359423,1.1404094082560454,-3.8043887417550226,0.08764935114429973
15,f2_strong_t2|f3_dup_a|f4_dup_b|f6_suppressor|f7_weak,11101100,5,-3.7563699387550353,0.031433825506331836,1.22623701350371,1.2941517581300257,-3.660209718092013,0.09616022066302232
15,f2_strong_t2|f3_dup_a|f4_dup_b|f6_suppressor|f8_bigcoef,11101010,5,-3.569554845333099,0.031482586217414905,1.413052106925646,1.4869829985360181,-3.4682611322125676,0.10129371312053159
15,f2_strong_t2|f3_dup_a|f4_dup_b|f6_suppressor|noise_0,11101001,5,-3.8954335065841676,0.031545789446290995,1.0871734456745776,1.1404094082560454,-3.8043887417550226,0.09104476482914503
15,f2_strong_t2|f3_dup_a|f4_dup_b|f7_weak|f8_bigcoef,11100110,5,-3.4720806799888613,0.0311813495772428,1.510526272269884,1.5697402177748048,-3.3839752839981445,0.08810539599071676
15,f2_strong_t2|f3_dup_a|f4_dup_b|f7_weak|noise_0,11100101,5,-3.7486219054222105,0.030722957709445595,1.2339850468365348,1.2941517581300257,-3.660209718092013,0.08841218733019751
15,f2_strong_t2|f3_dup_a|f4_dup_b|f8_bigcoef|noise_0,11100011,5,-3.563136919784546,0.03090220166035516,1.4194700324741993,1.4869829985360181,-3.4682611322125676,0.09487578757197834
15,f2_strong_t2|f3_dup_a|f5_null|f6_suppressor|f7_weak,11011100,5,-3.7663030662536623,0.02984396685643977,1.216303886005083,1.2839544909588643,-3.6708371622011393,0.09546590405252298
15,f2_strong_t2|f3_dup_a|f5_null|f6_suppressor|f8_bigcoef,11011010,5,-3.5777949960708617,0.02988576768405504,1.4048119561878836,1.4767857313648562,-3.478888576321694,0.0989064197491678
15,f2_strong_t2|f3_dup_a|f5_null|f6_suppressor|noise_0,11011001,5,-3.902985583591461,0.02973802894965637,1.0796213686672842,1.130212141084884,-3.8150161858641485,0.0879693977273126
15,f2_strong_t2|f3_dup_a|f5_null|f7_weak|f8_bigcoef,11010110,5,-3.493620069694519,0.02998501210307636,1.4889868825642263,1.5595429506036433,-3.3946027281072713,0.09901734158724773
15,f2_strong_t2|f3_dup_a|f5_null|f7_weak|noise_0,11010101,5,-3.7685115770339968,0.02934317354388732,1.2140953752247485,1.2839544909588643,-3.6708371622011393,0.09767441483285744
15,f2_strong_t2|f3_dup_a|f5_null|f8_bigcoef|noise_0,11010011,5,-3.5841212317466735,0.029645775334713482,1.3984857205120718,1.4767857313648562,-3.478888576321694,0.10523265542497962
15,f2_strong_t2|f3_dup_a|f6_suppressor|f7_weak|f8_bigcoef,11001110,5,-3.4988380588531496,0.030323626758624787,1.4837688934055957,1.5595429506036433,-3.3946027281072713,0.10423533074587832
15,f2_strong_t2|f3_dup_a|f6_suppressor|f7_weak|noise_0,11001101,5,-3.771998652458191,0.029668034235543893,1.2106082998005543,1.2839544909588643,-3.6708371622011393,0.10116149025705168
15,f2_strong_t2|f3_dup_a|f6_suppressor|f8_bigcoef|noise_0,11001011,5,-3.5853786403656005,0.029598670556906476,1.3972283118931448,1.4767857313648562,-3.478888576321694,0.1064900640439066
15,f2_strong_t2|f3_dup_a|f7_weak|f8_bigcoef|noise_0,11000111,5,-3.5001822486877443,0.0298161009360545,1.482424703571001,1.5595429506036433,-3.3946027281072713,0.10557952058047304
15,f2_strong_t2|f4_dup_b|f5_null|f6_suppressor|f7_weak,10111100,5,-3.771424214076996,0.030134194559208072,1.2111827381817495,1.2839544909588643,-3.669192990441967,0.1022312236350289
15,f2_strong_t2|f4_dup_b|f5_null|f6_suppressor|f8_bigcoef,10111010,5,-3.582285041332245,0.03021530660098635,1.4003219109265004,1.4767857313648562,-3.4772444045625206,0.1050406367697243
15,f2_strong_t2|f4_dup_b|f5_null|f6_suppressor|noise_0,10111001,5,-3.910157746601105,0.030100023628376903,1.0724492056576405,1.130212141084884,-3.813372014104975,0.09678573249612965
15,f2_strong_t2|f4_dup_b|f5_null|f7_weak|f8_bigcoef,10110110,5,-3.4955896980285646,0.030017152843674354,1.4870172542301807,1.5595429506036433,-3.392958556348098,0.10263114168046661
15,f2_strong_t2|f4_dup_b|f5_null|f7_weak|noise_0,10110101,5,-3.7738448146820067,0.029506597540276912,1.2087621375767386,1.2839544909588643,-3.669192990441967,0.10465182424003983
15,f2_strong_t2|f4_dup_b|f5_null|f8_bigcoef|noise_0,10110011,5,-3.5849410831451416,0.029631856955607175,1.3976658691136037,1.4767857313648562,-3.4772444045625206,0.107696678582621
15,f2_strong_t2|f4_dup_b|f6_suppressor|f7_weak|f8_bigcoef,10101110,5,-3.502463843536377,0.030289060989518148,1.4801431087223684,1.5595429506036433,-3.392958556348098,0.1095052871882789
15,f2_strong_t2|f4_dup_b|f6_suppressor|f7_weak|noise_0,10101101,5,-3.7747562357902527,0.029752138610152305,1.2078507164684926,1.2839544909588643,-3.669192990441967,0.10556324534828576
15,f2_strong_t2|f4_dup_b|f6_suppressor|f8_bigcoef|noise_0,10101011,5,-3.5925549954414366,0.029548392327707226,1.3900519568173086,1.4767857313648562,-3.4772444045625206,0.11531059087891604
15,f2_strong_t2|f4_dup_b|f7_weak|f8_bigcoef|noise_0,10100111,5,-3.5027837772369383,0.029715495874197,1.479823175021807,1.5595429506036433,-3.392958556348098,0.10982522088884039
15,f2_strong_t2|f5_null|f6_suppressor|f7_weak|f8_bigcoef,10011110,5,-3.7862718603134153,0.032081268507212594,1.19633509194533,1.2340497657358096,-3.705162361821627,0.08110949849178839
15,f2_strong_t2|f5_null|f6_suppressor|f7_weak|noise_0,10011101,5,-4.06107897233963,0.03132224385767157,0.921527979919115,0.9584613060910306,-3.981396795915495,0.07968217642413533
15,f2_strong_t2|f5_null|f6_suppressor|f8_bigcoef|noise_0,10011011,5,-3.872497266292572,0.03145852601626995,1.1101096859661732,1.151292546497023,-3.7894482100360496,0.08304905625652248
15,f2_strong_t2|f5_null|f7_weak|f8_bigcoef|noise_0,10010111,5,-3.790839375305176,0.03160333737780435,1.1917675769535694,1.2340497657358096,-3.705162361821627,0.08567701348354895
15,f2_strong_t2|f6_suppressor|f7_weak|f8_bigcoef|noise_0,10001111,5,-3.7908583627700807,0.03160143445209011,1.1917485894886646,1.2340497657358096,-3.705162361821627,0.08569600094845375
15,f3_dup_a|f4_dup_b|f5_null|f6_suppressor|f7_weak,1111100,5,-4.558817057323456,0.031067407724574458,0.4237898949352896,0.48943280191297556,-4.483143826333933,0.07567323098952272
15,f3_dup_a|f4_dup_b|f5_null|f6_suppressor|f8_bigcoef,1111010,5,-4.374766482543945,0.03114002034089353,0.6078404697147999,0.682264042318968,-4.291195240454487,0.08357124208945876
15,f3_dup_a|f4_dup_b|f5_null|f6_suppressor|noise_0,1111001,5,-4.702440532302856,0.031069039796756476,0.2801664199558891,0.3356904520389953,-4.6273228499969425,0.07511768230591365
15,f3_dup_a|f4_dup_b|f5_null|f7_weak|f8_bigcoef,1110110,5,-4.281780253028869,0.031038828603201885,0.700826699229876,0.7650212615577549,-4.206909392240064,0.07487086078880534
15,f3_dup_a|f4_dup_b|f5_null|f7_weak|noise_0,1110101,5,-4.553113106918335,0.030284223244835616,0.42949384534041,0.48943280191297556,-4.483143826333933,0.06996928058440233
15,f3_dup_a|f4_dup_b|f5_null|f8_bigcoef|noise_0,1110011,5,-4.37535204076767,0.03070961870092412,0.6072549114910757,0.682264042318968,-4.291195240454487,0.08415680031318296
15,f3_dup_a|f4_dup_b|f6_suppressor|f7_weak|f8_bigcoef,1101110,5,-4.287422736930847,0.03135621509613016,0.695184215327898,0.7650212615577549,-4.206909392240064,0.0805133446907833
15,f3_dup_a|f4_dup_b|f6_suppressor|f7_weak|noise_0,1101101,5,-4.56017421836853,0.030895937504987172,0.42243273389021496,0.48943280191297556,-4.483143826333933,0.07703039203459738
15,f3_dup_a|f4_dup_b|f6_suppressor|f8_bigcoef|noise_0,1101011,5,-4.372752727508545,0.030711138152126335,0.6098542247502001,0.682264042318968,-4.291195240454487,0.08155748705405852
15,f3_dup_a|f4_dup_b|f7_weak|f8_bigcoef|noise_0,1100111,5,-4.282341410923004,0.030697648396041447,0.7002655413357415,0.7650212615577549,-4.206909392240064,0.0754320186829398
15,f3_dup_a|f5_null|f6_suppressor|f7_weak|f8_bigcoef,1011110,5,-4.301856129932403,0.029936856408462796,0.6807508223263419,0.7548239943865932,-4.21753683634919,0.08431929358321355
15,f3_dup_a|f5_null|f6_suppressor|f7_weak|noise_0,1011101,5,-4.5650857972145085,0.02919923790612315,0.4175211550442368,0.4792355347418139,-4.493771270443058,0.07131452677145056
15,f3_dup_a|f5_null|f6_suppressor|f8_bigcoef|noise_0,1011011,5,-4.388316189861298,0.029245450305077858,0.5942907623974474,0.6720667751478063,-4.3018226845636125,0.0864935052976854
15,f3_dup_a|f5_null|f7_weak|f8_bigcoef|noise_0,1010111,5,-4.307532552051544,0.029482577519233635,0.6750744002072011,0.7548239943865932,-4.21753683634919,0.08999571570235432
15,f3_dup_a|f6_suppressor|f7_weak|f8_bigcoef|noise_0,1001111,5,-4.306463594722747,0.029630192751968626,0.6761433575359979,0.7548239943865932,-4.21753683634919,0.08892675837355757
15,f4_dup_b|f5_null|f6_suppressor|f7_weak|f8_bigcoef,111110,5,-4.305965621566773,0.030153699160072826,0.6766413306919725,0.7548239943865932,-4.215892664590016,0.09007295697675666
15,f4_dup_b|f5_null|f6_suppressor|f7_weak|noise_0,111101,5,-4.5707184903144835,0.029363103951528868,0.41188846194426176,0.4792355347418139,-4.492127098683885,0.07859139163059847
15,f4_dup_b|f5_null|f6_suppressor|f8_bigcoef|noise_0,111011,5,-4.389528746318817,0.02940793907037974,0.5930782059399284,0.6720667751478063,-4.300178512804439,0.0893502335143781
15,f4_dup_b|f5_null|f7_weak|f8_bigcoef|noise_0,110111,5,-4.307715758037567,0.02958640829708221,0.6748911942211784,0.7548239943865932,-4.215892664590016,0.0918230934475508
15,f4_dup_b|f6_suppressor|f7_weak|f8_bigcoef|noise_0,101111,5,-4.306832549858093,0.029616688120633644,0.675774402400652,0.7548239943865932,-4.215892664590016,0.09093988526807717
15,f5_null|f6_suppressor|f7_weak|f8_bigcoef|noise_0,11111,5,-4.5928167899131775,0.031256464074566274,0.38979016234556774,0.42933080951875946,-4.528096470063545,0.06472031984963245
15,f1_strong_t1|f2_strong_t2|f3_dup_a|f4_dup_b|f5_null|f6_suppressor,111111000,6,-2.0302811690330507,0.03384059063380293,2.9523257832256946,3.1074079542205526,-1.8651087705614784,0.16517239847157228
15,f1_strong_t1|f2_strong_t2|f3_dup_a|f4_dup_b|f5_null|f7_weak,111110100,6,-3.5834896570205688,0.03179391626051568,1.3991172952381765,1.477332949177237,-3.4834768756941825,0.10001278132638625
15,f1_strong_t1|f2_strong_t2|f3_dup_a|f4_dup_b|f5_null|f8_bigcoef,111110010,6,-3.3932049889564513,0.03168552040908331,1.589401963302294,1.6701641895832289,-3.291528289814737,0.10167669914171418
15,f1_strong_t1|f2_strong_t2|f3_dup_a|f4_dup_b|f5_null|noise_0,111110001,6,-3.7245980679512023,0.03199045063273438,1.258008884307543,1.3235905993032566,-3.6276558993571917,0.09694216859401061
15,f1_strong_t1|f2_strong_t2|f3_dup_a|f4_dup_b|f6_suppressor|f7_weak,111101100,6,-1.9090341397285462,0.03384855271524804,3.073572812530199,3.261150304094533,-1.7209297468984697,0.18810439283007652
15,f1_strong_t1|f2_strong_t2|f3_dup_a|f4_dup_b|f6_suppressor|f8_bigcoef,111101010,6,-1.6995953177452088,0.03330810854586433,3.2830116345135365,3.4539815445005253,-1.5289811610190234,0.1706141567261854
15,f1_strong_t1|f2_strong_t2|f3_dup_a|f4_dup_b|f6_suppressor|noise_0,111101001,6,-2.0443764904022217,0.033840181585328165,2.9382304618565236,3.1074079542205526,-1.8651087705614784,0.1792677198407433
15,f1_strong_t1|f2_strong_t2|f3_dup_a|f4_dup_b|f7_weak|f8_bigcoef,111100110,6,-3.311885510635376,0.03180981520551573,1.6707214416233693,1.752921408822016,-3.2072424416003145,0.10464306903506149
15,f1_strong_t1|f2_strong_t2|f3_dup_a|f4_dup_b|f7_weak|noise_0,111100101,6,-3.5847108636856078,0.03141221287815335,1.3978960885731375,1.477332949177237,-3.4834768756941825,0.10123398799142524
15,f1_strong_t1|f2_strong_t2|f3_dup_a|f4_dup_b|f8_bigcoef|noise_0,111100011,6,-3.3995409269332884,0.031315646855367925,1.583066025325457,1.6701641895832289,-3.291528289814737,0.10801263711855125
15,f1_strong_t1|f2_strong_t2|f3_dup_a|f5_null|f6_suppressor|f7_weak,111011100,6,-1.915380872631073,0.032303117093596664,3.0672260796276722,3.2509530369233715,-1.7315571910075949,0.18382368162347817
15,f1_strong_t1|f2_strong_t2|f3_dup_a|f5_null|f6_suppressor|f8_bigcoef,111011010,6,-1.7254037307739258,0.03211714755006991,3.2572032214848194,3.443784277329364,-1.539608605128149,0.18579512564577683
15,f1_strong_t1|f2_strong_t2|f3_dup_a|f5_null|f6_suppressor|noise_0,111011001,6,-2.049670430469513,0.032249031181117827,2.9329365217892325,3.097210687049391,-1.875736214670604,0.17393421579890878
15,f1_strong_t1|f2_strong_t2|f3_dup_a|f5_null|f7_weak|f8_bigcoef,111010110,6,-3.3294682418823243,0.03054847168286648,1.653138710376421,1.742724141650854,-3.21786988570944,0.11159835617288438
15,f1_strong_t1|f2_strong_t2|f3_dup_a|f5_null|f7_weak|noise_0,111010101,6,-3.602860431098938,0.02997822165925611,1.3797465211598072,1.467135682006075,-3.4941043198033093,0.10875611129562879
15,f1_strong_t1|f2_strong_t2|f3_dup_a|f5_null|f8_bigcoef|noise_0,111010011,6,-3.41711005153656,0.029989459453148338,1.5654969007221853,1.6599669224120674,-3.302155733923863,0.11495431761269703
15,f1_strong_t1|f2_strong_t2|f3_dup_a|f6_suppressor|f7_weak|f8_bigcoef,111001110,6,-1.6429702275276183,0.03245288882760656,3.339636724731127,3.52654149656815,-1.455322756913727,0.1876474706138913
15,f1_strong_t1|f2_strong_t2|f3_dup_a|f6_suppressor|f7_weak|noise_0,111001101,6,-1.927886544895172,0.032540625800864774,3.054720407363573,3.2509530369233715,-1.7315571910075949,0.19632935388757722
15,f1_strong_t1|f2_strong_t2|f3_dup_a|f6_suppressor|f8_bigcoef|noise_0,111001011,6,-1.7301698073387146,0.0319967124357715,3.2524371449200307,3.443784277329364,-1.539608605128149,0.1905612022105656
15,f1_strong_t1|f2_strong_t2|f3_dup_a|f7_weak|f8_bigcoef|noise_0,111000111,6,-3.3388103578567505,0.030190122443302034,1.6437965944019948,1.742724141650854,-3.2178698857094394,0.12094047214731107
15,f1_strong_t1|f2_strong_t2|f4_dup_b|f5_null|f6_suppressor|f7_weak,110111100,6,-1.92156389875412,0.03255662568679173,3.0610430535046254,3.2509530369233715,-1.7299130192484211,0.1916508795056988
15,f1_strong_t1|f2_strong_t2|f4_dup_b|f5_null|f6_suppressor|f8_bigcoef,110111010,6,-1.7268669949531554,0.032347273526432845,3.2557399573055896,3.443784277329364,-1.5379644333689753,0.18890256158418017
15,f1_strong_t1|f2_strong_t2|f4_dup_b|f5_null|f6_suppressor|noise_0,110111001,6,-2.0683190773010254,0.032548389836523944,2.91428787495772,3.097210687049391,-1.8740920429114303,0.1942270343895951
15,f1_strong_t1|f2_strong_t2|f4_dup_b|f5_null|f7_weak|f8_bigcoef,110110110,6,-3.33144684343338,0.030600117930025185,1.6511601088253651,1.742724141650854,-3.216225713950266,0.11522112948311403
15,f1_strong_t1|f2_strong_t2|f4_dup_b|f5_null|f7_weak|noise_0,110110101,6,-3.6071451984405516,0.030012361921313128,1.3754617538181937,1.467135682006075,-3.492460148044135,0.11468505039641652
15,f1_strong_t1|f2_strong_t2|f4_dup_b|f5_null|f8_bigcoef|noise_0,110110011,6,-3.4171042413711548,0.02994412718062691,1.5655027108875905,1.6599669224120674,-3.3005115621646897,0.1165926792064651
15,f1_strong_t1|f2_strong_t2|f4_dup_b|f6_suppressor|f7_weak|f8_bigcoef,110101110,6,-1.6463684783935546,0.03243282168403843,3.3362384738651905,3.52654149656815,-1.4536785851545533,0.19268989323900132
15,f1_strong_t1|f2_strong_t2|f4_dup_b|f6_suppressor|f7_weak|noise_0,110101101,6,-1.9372404124259948,0.03241054442277284,3.0453665398327505,3.2509530369233715,-1.7299130192484216,0.2073273931775732
15,f1_strong_t1|f2_strong_t2|f4_dup_b|f6_suppressor|f8_bigcoef|noise_0,110101011,6,-1.7407809247016908,0.03184677479880275,3.2418260275570545,3.443784277329364,-1.5379644333689753,0.2028164913327155
15,f1_strong_t1|f2_strong_t2|f4_dup_b|f7_weak|f8_bigcoef|noise_0,110100111,6,-3.3401469984054564,0.030053062843367694,1.642459953853289,1.742724141650854,-3.216225713950266,0.12392128445519024
15,f1_strong_t1|f2_strong_t2|f5_null|f6_suppressor|f7_weak|f8_bigcoef,110011110,6,-1.946425347137451,0.03474083036924333,3.0361816051212944,3.201048311700317,-1.765882390628082,0.18054295650936902
15,f1_strong_t1|f2_strong_t2|f5_null|f6_suppressor|f7_weak|noise_0,110011101,6,-2.227329464817047,0.034311256142294584,2.755277487441698,2.9254598520555377,-2.0421168247219508,0.18521264009509641
15,f1_strong_t1|f2_strong_t2|f5_null|f6_suppressor|f8_bigcoef|noise_0,110011011,6,-2.0259754389762876,0.03397457325887241,2.9566315132824577,3.11829109246153,-1.8501682388425047,0.17580720013378293
15,f1_strong_t1|f2_strong_t2|f5_null|f7_weak|f8_bigcoef|noise_0,110010111,6,-3.6411799147605897,0.03216168304118254,1.3414270374981556,1.4172309567830204,-3.528429519423795,0.11275039533679454
15,f1_strong_t1|f2_strong_t2|f6_suppressor|f7_weak|f8_bigcoef|noise_0,110001111,6,-1.9488960830688478,0.03416259808798014,3.0337108691898975,3.201048311700317,-1.765882390628082,0.1830136924407657
15,f1_strong_t1|f3_dup_a|f4_dup_b|f5_null|f6_suppressor|f7_weak,101111100,6,-2.7039420680999755,0.033371957577988776,2.2786648841587698,2.456431347877483,-2.543863855140388,0.16007821295958768
15,f1_strong_t1|f3_dup_a|f4_dup_b|f5_null|f6_suppressor|f8_bigcoef,101111010,6,-2.511297718334198,0.03328020917325353,2.4713092339245475,2.6492625882834755,-2.3519152692609415,0.15938244907325627
15,f1_strong_t1|f3_dup_a|f4_dup_b|f5_null|f6_suppressor|noise_0,101111001,6,-2.8501523785591125,0.033536284742759256,2.1324545736996328,2.302688998003503,-2.688042878803397,0.16210949975571554
15,f1_strong_t1|f3_dup_a|f4_dup_b|f5_null|f7_weak|f8_bigcoef,101110110,6,-4.116711127376556,0.03177569478922646,0.8658958248821893,0.9482024526049658,-4.030176549842233,0.08653457753432292
15,f1_strong_t1|f3_dup_a|f4_dup_b|f5_null|f7_weak|noise_0,101110101,6,-4.38400721874237,0.03105253782700872,0.5985997335163749,0.6726139929601865,-4.306410983936101,0.07759623480626932
15,f1_strong_t1|f3_dup_a|f4_dup_b|f5_null|f8_bigcoef|noise_0,101110011,6,-4.207578654193878,0.03122746282336293,0.7750282980648668,0.8654452333661787,-4.114462398056656,0.09311625613722274
15,f1_strong_t1|f3_dup_a|f4_dup_b|f6_suppressor|f7_weak|f8_bigcoef,101101110,6,-2.4196329523086546,0.03339736048688292,2.5629739999500907,2.732019807522262,-2.267629421046519,0.15200353126213573
15,f1_strong_t1|f3_dup_a|f4_dup_b|f6_suppressor|f7_weak|noise_0,101101101,6,-2.7185614977836607,0.03338545138075606,2.2640454544750845,2.456431347877483,-2.543863855140388,0.17469764264327292
15,f1_strong_t1|f3_dup_a|f4_dup_b|f6_suppressor|f8_bigcoef|noise_0,101101011,6,-2.5110073340415955,0.033017928655881795,2.47159961821715,2.6492625882834755,-2.3519152692609415,0.15909206478065396
15,f1_strong_t1|f3_dup_a|f4_dup_b|f7_weak|f8_bigcoef|noise_0,101100111,6,-4.117929401874542,0.03125148650028056,0.8646775503842035,0.9482024526049658,-4.030176549842233,0.08775285203230876
15,f1_strong_t1|f3_dup_a|f5_null|f6_suppressor|f7_weak|f8_bigcoef,101011110,6,-2.448412731361389,0.032276518747701745,2.5341942208973562,2.7218225403511003,-2.278256865155645,0.17015586620574386
15,f1_strong_t1|f3_dup_a|f5_null|f6_suppressor|f7_weak|noise_0,101011101,6,-2.728350509738922,0.03187733988362653,2.2542564425198233,2.446234080706321,-2.5544912992495132,0.17385921048940878
15,f1_strong_t1|f3_dup_a|f5_null|f6_suppressor|f8_bigcoef|noise_0,101011011,6,-2.532273625278473,0.031575991092626335,2.4503333269802723,2.639065321112313,-2.362542713370068,0.16973091190840517
15,f1_strong_t1|f3_dup_a|f5_null|f7_weak|f8_bigcoef|noise_0,101010111,6,-4.138959773349762,0.02998324644500117,0.8436471789089834,0.938005185433804,-4.040803993951359,0.09815577939840292
15,f1_strong_t1|f3_dup_a|f6_suppressor|f7_weak|f8_bigcoef|noise_0,101001111,6,-2.4538249931335447,0.03204066419955435,2.5287819591252005,2.7218225403511003,-2.278256865155645,0.17556812797789956
15,f1_strong_t1|f4_dup_b|f5_null|f6_suppressor|f7_weak|f8_bigcoef,100111110,6,-2.4590866907119753,0.03234881155436229,2.52352026154677,2.7218225403511003,-2.2766126933964714,0.18247399731550384
15,f1_strong_t1|f4_dup_b|f5_null|f6_suppressor|f7_weak|noise_0,100111101,6,-2.754174400424957,0.032284978785149535,2.228432551833788,2.446234080706321,-2.55284712749034,0.20132727293461716
15,f1_strong_t1|f4_dup_b|f5_null|f6_suppressor|f8_bigcoef|noise_0,100111011,6,-2.5547549989700316,0.03195425511895114,2.4278519532887137,2.639065321112313,-2.3608985416108945,0.19385645735913704
15,f1_strong_t1|f4_dup_b|f5_null|f7_weak|f8_bigcoef|noise_0,100110111,6,-4.139028657817841,0.030075089387299817,0.8435782944409045,0.938005185433804,-4.039159822192186,0.09986883562565474
15,f1_strong_t1|f4_dup_b|f6_suppressor|f7_weak|f8_bigcoef|noise_0,100101111,6,-2.465977643299103,0.03196213852272292,2.5166293089596423,2.7218225403511003,-2.2766126933964714,0.18936494990263153
15,f1_strong_t1|f5_null|f6_suppressor|f7_weak|f8_bigcoef|noise_0,100011111,6,-2.7645300006866456,0.03400013167534219,2.2180769515720997,2.3963293554832665,-2.588816498870001,0.1757135018166447
15,f2_strong_t2|f3_dup_a|f4_dup_b|f5_null|f6_suppressor|f7_weak,11111100,6,-3.762141226863861,0.03182448947124346,1.220465725394884,1.2941517581300257,-3.660209718092013,0.1019315087718482
15,f2_strong_t2|f3_dup_a|f4_dup_b|f5_null|f6_suppressor|f8_bigcoef,11111010,6,-3.5743548334121704,0.03200230561594463,1.4082521188465749,1.4869829985360181,-3.4682611322125676,0.10609370119960282
15,f2_strong_t2|f3_dup_a|f4_dup_b|f5_null|f6_suppressor|noise_0,11111001,6,-3.901549334144592,0.031923405213970295,1.0810576181141531,1.1404094082560454,-3.8043887417550226,0.09716059238956953
15,f2_strong_t2|f3_dup_a|f4_dup_b|f5_null|f7_weak|f8_bigcoef,11110110,6,-3.4792944439888,0.031656119405224115,1.5033125082699454,1.5697402177748048,-3.3839752839981445,0.09531915999065532
15,f2_strong_t2|f3_dup_a|f4_dup_b|f5_null|f7_weak|noise_0,11110101,6,-3.757454322719574,0.031132393323507913,1.2251526295391715,1.2941517581300257,-3.660209718092013,0.0972446046275608
15,f2_strong_t2|f3_dup_a|f4_dup_b|f5_null|f8_bigcoef|noise_0,11110011,6,-3.571582759284973,0.03139242005058217,1.4110241929737724,1.4869829985360181,-3.4682611322125676,0.10332162707240533
15,f2_strong_t2|f3_dup_a|f4_dup_b|f6_suppressor|f7_weak|f8_bigcoef,11101110,6,-3.4902662435531617,0.032063860041172135,1.4923407087055836,1.5697402177748048,-3.3839752839981445,0.10629095955501722
15,f2_strong_t2|f3_dup_a|f4_dup_b|f6_suppressor|f7_weak|noise_0,11101101,6,-3.7641689811706542,0.03152572971317803,1.218437971088091,1.2941517581300257,-3.660209718092013,0.10395926307864123
15,f2_strong_t2|f3_dup_a|f4_dup_b|f6_suppressor|f8_bigcoef|noise_0,11101011,6,-3.5789774810791015,0.03148279305382697,1.4036294711796438,1.4869829985360181,-3.4682611322125676,0.11071634886653392
15,f2_strong_t2|f3_dup_a|f4_dup_b|f7_weak|f8_bigcoef|noise_0,11100111,6,-3.4846759002685546,0.031411706648143106,1.4979310519901907,1.5697402177748048,-3.3839752839981445,0.10070061627041005
15,f2_strong_t2|f3_dup_a|f5_null|f6_suppressor|f7_weak|f8_bigcoef,11011110,6,-3.500923260593414,0.03062158033132527,1.481683691665331,1.5595429506036433,-3.3946027281072713,0.10632053248614293
15,f2_strong_t2|f3_dup_a|f5_null|f6_suppressor|f7_weak|noise_0,11011101,6,-3.7733533029556274,0.029885188606281306,1.2092536493031179,1.2839544909588643,-3.6708371622011393,0.10251614075448812
15,f2_strong_t2|f3_dup_a|f5_null|f6_suppressor|f8_bigcoef|noise_0,11011011,6,-3.589634600162506,0.030015433540328464,1.3929723520962392,1.4767857313648562,-3.478888576321694,0.11074602384081222
15,f2_strong_t2|f3_dup_a|f5_null|f7_weak|f8_bigcoef|noise_0,11010111,6,-3.5066945417404174,0.03025681374219616,1.4759124105183279,1.5595429506036433,-3.3946027281072713,0.11209181363314613
15,f2_strong_t2|f3_dup_a|f6_suppressor|f7_weak|f8_bigcoef|noise_0,11001111,6,-3.5089889120101927,0.030371736121191845,1.4736180402485526,1.5595429506036433,-3.3946027281072713,0.11438618390292143
15,f2_strong_t2|f4_dup_b|f5_null|f6_suppressor|f7_weak|f8_bigcoef,10111110,6,-3.50440153799057,0.030752080348275902,1.4782054142681753,1.5595429506036433,-3.392958556348098,0.11144298164247202
15,f2_strong_t2|f4_dup_b|f5_null|f6_suppressor|f7_weak|noise_0,10111101,6,-3.7783341661453247,0.03009396234833488,1.2042727861134206,1.2839544909588643,-3.669192990441967,0.1091411757033578
15,f2_strong_t2|f4_dup_b|f5_null|f6_suppressor|f8_bigcoef|noise_0,10111011,6,-3.594552735233307,0.03018269503037271,1.3880542170254384,1.4767857313648562,-3.4772444045625206,0.11730833067078628
15,f2_strong_t2|f4_dup_b|f5_null|f7_weak|f8_bigcoef|noise_0,10110111,6,-3.509806489658356,0.03024419005842974,1.4728004626003894,1.5595429506036433,-3.392958556348098,0.11684793331025789
15,f2_strong_t2|f4_dup_b|f6_suppressor|f7_weak|f8_bigcoef|noise_0,10101111,6,-3.5119120651245117,0.03025788402328508,1.4706948871342336,1.5595429506036433,-3.392958556348098,0.11895350877641375
15,f2_strong_t2|f5_null|f6_suppressor|f7_weak|f8_bigcoef|noise_0,10011111,6,-3.79397025976181,0.03210583007154184,1.1886366924969352,1.2340497657358096,-3.705162361821627,0.08880789794018318
15,f3_dup_a|f4_dup_b|f5_null|f6_suppressor|f7_weak|f8_bigcoef,1111110,6,-4.296171953201294,0.031836534554605896,0.6864349990574512,0.7650212615577549,-4.206909392240064,0.08926256096123009
15,f3_dup_a|f4_dup_b|f5_null|f6_suppressor|f7_weak|noise_0,1111101,6,-4.5648306750297545,0.031203528240019193,0.4177762772289908,0.48943280191297556,-4.483143826333933,0.08168684869582155
15,f3_dup_a|f4_dup_b|f5_null|f6_suppressor|f8_bigcoef|noise_0,1111011,6,-4.384126799964905,0.0312365768608079,0.5984801522938401,0.682264042318968,-4.291195240454487,0.09293155951041854
15,f3_dup_a|f4_dup_b|f5_null|f7_weak|f8_bigcoef|noise_0,1110111,6,-4.295078486537934,0.031210863343762007,0.6875284657208116,0.7650212615577549,-4.206909392240064,0.08816909429786968
15,f3_dup_a|f4_dup_b|f6_suppressor|f7_weak|f8_bigcoef|noise_0,1101111,6,-4.297140262126923,0.03143979918907059,0.6854666901318227,0.7650212615577549,-4.206909392240064,0.09023086988685858
15,f3_dup_a|f5_null|f6_suppressor|f7_weak|f8_bigcoef|noise_0,1011111,6,-4.30996313123703,0.030039764041261803,0.6726438210217154,0.7548239943865932,-4.21753683634919,0.09242629488784004
15,f4_dup_b|f5_null|f6_suppressor|f7_weak|f8_bigcoef|noise_0,111111,6,-4.313008902454376,0.030126089998878093,0.6695980498043692,0.7548239943865932,-4.215892664590016,0.09711623786435997
15,f1_strong_t1|f2_strong_t2|f3_dup_a|f4_dup_b|f5_null|f6_suppressor|f7_weak,111111100,7,-1.9080017580986024,0.034059282970535516,3.074605194160143,3.261150304094533,-1.7209297468984697,0.18707201120013273
15,f1_strong_t1|f2_strong_t2|f3_dup_a|f4_dup_b|f5_null|f6_suppressor|f8_bigcoef,111111010,7,-1.7063000331878662,0.03395688795583066,3.276306919070879,3.4539815445005253,-1.5289811610190234,0.1773188721688428
15,f1_strong_t1|f2_strong_t2|f3_dup_a|f4_dup_b|f5_null|f6_suppressor|noise_0,111111001,7,-2.0443244536399843,0.03422416329396365,2.938282498618761,3.1074079542205526,-1.8651087705614784,0.17921568307850588
15,f1_strong_t1|f2_strong_t2|f3_dup_a|f4_dup_b|f5_null|f7_weak|f8_bigcoef,111110110,7,-3.3179801703453062,0.032361361125844104,1.664626781913439,1.752921408822016,-3.2072424416003145,0.11073772874499177
15,f1_strong_t1|f2_strong_t2|f3_dup_a|f4_dup_b|f5_null|f7_weak|noise_0,111110101,7,-3.591473315525055,0.03186915182276154,1.3911336367336902,1.477332949177237,-3.4834768756941825,0.10799643983087259
15,f1_strong_t1|f2_strong_t2|f3_dup_a|f4_dup_b|f5_null|f8_bigcoef|noise_0,111110011,7,-3.405030565738678,0.03184662037707076,1.5775763865200672,1.6701641895832289,-3.291528289814737,0.11350227592394102
15,f1_strong_t1|f2_strong_t2|f3_dup_a|f4_dup_b|f6_suppressor|f7_weak|f8_bigcoef,111101110,7,-1.6209647117614747,0.033861939559716746,3.361642240497271,3.5367387637393115,-1.4446953128046012,0.17626939895687355
15,f1_strong_t1|f2_strong_t2|f3_dup_a|f4_dup_b|f6_suppressor|f7_weak|noise_0,111101101,7,-1.914984625339508,0.033996019571936424,3.0676223269192375,3.261150304094533,-1.7209297468984697,0.1940548784410383
15,f1_strong_t1|f2_strong_t2|f3_dup_a|f4_dup_b|f6_suppressor|f8_bigcoef|noise_0,111101011,7,-1.7143287780761718,0.033539854870324314,3.2682781741825737,3.4539815445005253,-1.5289811610190234,0.18534761705714842
15,f1_strong_t1|f2_strong_t2|f3_dup_a|f4_dup_b|f7_weak|f8_bigcoef|noise_0,111100111,7,-3.3221784204483034,0.031895132215416636,1.660428531810442,1.752921408822016,-3.2072424416003145,0.1149359788479889
15,f1_strong_t1|f2_strong_t2|f3_dup_a|f5_null|f6_suppressor|f7_weak|f8_bigcoef,111011110,7,-1.6467137391090394,0.03273347949168703,3.335893213149706,3.52654149656815,-1.4553227569137268,0.1913909821953126
15,f1_strong_t1|f2_strong_t2|f3_dup_a|f5_null|f6_suppressor|f7_weak|noise_0,111011101,7,-1.9260151905059815,0.03250244596492546,3.056591761752764,3.2509530369233715,-1.7315571910075949,0.1944579994983866
15,f1_strong_t1|f2_strong_t2|f3_dup_a|f5_null|f6_suppressor|f8_bigcoef|noise_0,111011011,7,-1.7328497074127198,0.032356255350496646,3.2497572448460255,3.443784277329364,-1.539608605128149,0.1932411022845708
15,f1_strong_t1|f2_strong_t2|f3_dup_a|f5_null|f7_weak|f8_bigcoef|noise_0,111010111,7,-3.3417716119766236,0.030722448281046456,1.6408353402821216,1.742724141650854,-3.21786988570944,0.12390172626718376
15,f1_strong_t1|f2_strong_t2|f3_dup_a|f6_suppressor|f7_weak|f8_bigcoef|noise_0,111001111,7,-1.6561955080986024,0.032665181362602436,3.3264114441601427,3.52654149656815,-1.455322756913727,0.20087275118487535
15,f1_strong_t1|f2_strong_t2|f4_dup_b|f5_null|f6_suppressor|f7_weak|f8_bigcoef,110111110,7,-1.6550669722557068,0.032828666167141564,3.3275399800030385,3.52654149656815,-1.4536785851545533,0.20138838710115348
15,f1_strong_t1|f2_strong_t2|f4_dup_b|f5_null|f6_suppressor|f7_weak|noise_0,110111101,7,-1.9468752611160278,0.03278873836837149,3.0357316911427175,3.2509530369233715,-1.7299130192484211,0.2169622418676067
15,f1_strong_t1|f2_strong_t2|f4_dup_b|f5_null|f6_suppressor|f8_bigcoef|noise_0,110111011,7,-1.7458440346717834,0.03245550003853124,3.2367629175869617,3.443784277329364,-1.5379644333689753,0.20787960130280814
15,f1_strong_t1|f2_strong_t2|f4_dup_b|f5_null|f7_weak|f8_bigcoef|noise_0,110110111,7,-3.344342298603058,0.03064041708230973,1.6382646536556873,1.742724141650854,-3.216225713950266,0.12811658465279185
15,f1_strong_t1|f2_strong_t2|f4_dup_b|f6_suppressor|f7_weak|f8_bigcoef|noise_0,110101111,7,-1.6657112099647522,0.032439193508300435,3.316895742293993,3.52654149656815,-1.4536785851545533,0.2120326248101989
15,f1_strong_t1|f2_strong_t2|f5_null|f6_suppressor|f7_weak|f8_bigcoef|noise_0,110011111,7,-1.9606459921836854,0.03484562741105869,3.02196096007506,3.201048311700317,-1.765882390628082,0.19476360155560335
15,f1_strong_t1|f3_dup_a|f4_dup_b|f5_null|f6_suppressor|f7_weak|f8_bigcoef,101111110,7,-2.432027374649048,0.0338454107397899,2.5505795776096973,2.732019807522262,-2.267629421046519,0.16439795360252907
15,f1_strong_t1|f3_dup_a|f4_dup_b|f5_null|f6_suppressor|f7_weak|noise_0,101111101,7,-2.724238829421997,0.03375245068963038,2.2583681228367483,2.456431347877483,-2.543863855140388,0.1803749742816092
15,f1_strong_t1|f3_dup_a|f4_dup_b|f5_null|f6_suppressor|f8_bigcoef|noise_0,101111011,7,-2.522334195613861,0.03353507921300671,2.4602727566448843,2.6492625882834755,-2.3519152692609415,0.17041892635291944
15,f1_strong_t1|f3_dup_a|f4_dup_b|f5_null|f7_weak|f8_bigcoef|noise_0,101110111,7,-4.1272480338096615,0.03184544890461482,0.8553589184490837,0.9482024526049658,-4.030176549842233,0.09707148396742848
15,f1_strong_t1|f3_dup_a|f4_dup_b|f6_suppressor|f7_weak|f8_bigcoef|noise_0,101101111,7,-2.43306768579483,0.03345563932835605,2.549539266463915,2.732019807522262,-2.267629421046519,0.16543826474831125
15,f1_strong_t1|f3_dup_a|f5_null|f6_suppressor|f7_weak|f8_bigcoef|noise_0,101011111,7,-2.457928868198395,0.03245592035299451,2.5246780840603504,2.7218225403511003,-2.278256865155645,0.17967200304274966
15,f1_strong_t1|f4_dup_b|f5_null|f6_suppressor|f7_weak|f8_bigcoef|noise_0,100111111,7,-2.4845671180725097,0.032555721567313255,2.4980398341862355,2.7218225403511003,-2.2766126933964714,0.2079544246760383
15,f2_strong_t2|f3_dup_a|f4_dup_b|f5_null|f6_suppressor|f7_weak|f8_bigcoef,11111110,7,-3.496382781410217,0.03254273811870446,1.4862241708485282,1.5697402177748048,-3.3839752839981445,0.11240749741207257
15,f2_strong_t2|f3_dup_a|f4_dup_b|f5_null|f6_suppressor|f7_weak|noise_0,11111101,7,-3.7709263363838197,0.03188698104653591,1.2116806158749256,1.2941517581300257,-3.660209718092013,0.11071661829180668
15,f2_strong_t2|f3_dup_a|f4_dup_b|f5_null|f6_suppressor|f8_bigcoef|noise_0,11111011,7,-3.585532527351379,0.03206373608899164,1.397074424907366,1.4869829985360181,-3.4682611322125676,0.11727139513881157
15,f2_strong_t2|f3_dup_a|f4_dup_b|f5_null|f7_weak|f8_bigcoef|noise_0,11110111,7,-3.4932628573417666,0.03193426369997347,1.4893440949169787,1.5697402177748048,-3.3839752839981445,0.10928757334362205
15,f2_strong_t2|f3_dup_a|f4_dup_b|f6_suppressor|f7_weak|f8_bigcoef|noise_0,11101111,7,-3.4991468238830565,0.03210149353930121,1.4834601283756887,1.5697402177748048,-3.3839752839981445,0.11517153988491202
15,f2_strong_t2|f3_dup_a|f5_null|f6_suppressor|f7_weak|f8_bigcoef|noise_0,11011111,7,-3.510370675754547,0.03075942653211217,1.4722362765041983,1.5595429506036433,-3.3946027281072713,0.11576794764727572
15,f2_strong_t2|f4_dup_b|f5_null|f6_suppressor|f7_weak|f8_bigcoef|noise_0,10111111,7,-3.513839968109131,0.030780696793378443,1.4687669841496143,1.5595429506036433,-3.392958556348098,0.12088141176103306
15,f3_dup_a|f4_dup_b|f5_null|f6_suppressor|f7_weak|f8_bigcoef|noise_0,1111111,7,-4.305330109596253,0.031934308204066904,0.6772768426624927,0.7650212615577549,-4.206909392240064,0.09842071735618863
15,f1_strong_t1|f2_strong_t2|f3_dup_a|f4_dup_b|f5_null|f6_suppressor|f7_weak|f8_bigcoef,111111110,8,-1.6258071203231812,0.034297542302206156,3.356799831935564,3.5367387637393115,-1.4446953128046012,0.18111180751858003
15,f1_strong_t1|f2_strong_t2|f3_dup_a|f4_dup_b|f5_null|f6_suppressor|f7_weak|noise_0,111111101,8,-1.918927324104309,0.034384761065467125,3.0636796281544365,3.261150304094533,-1.7209297468984697,0.19799757720583933
15,f1_strong_t1|f2_strong_t2|f3_dup_a|f4_dup_b|f5_null|f6_suppressor|f8_bigcoef|noise_0,111111011,8,-1.7201733710289002,0.03418503127305865,3.2624335812298453,3.4539815445005253,-1.5289811610190234,0.19119221000987685
15,f1_strong_t1|f2_strong_t2|f3_dup_a|f4_dup_b|f5_null|f7_weak|f8_bigcoef|noise_0,111110111,8,-3.3299575289726255,0.03250007311271744,1.6526494232861197,1.752921408822016,-3.2072424416003145,0.12271508737231107
15,f1_strong_t1|f2_strong_t2|f3_dup_a|f4_dup_b|f6_suppressor|f7_weak|f8_bigcoef|noise_0,111101111,8,-1.6334647847175598,0.033998775864836975,3.3491421675411854,3.5367387637393115,-1.4446953128046012,0.18876947191295868
15,f1_strong_t1|f2_strong_t2|f3_dup_a|f5_null|f6_suppressor|f7_weak|f8_bigcoef|noise_0,111011111,8,-1.6580473308563233,0.033063104132378576,3.324559621402422,3.52654149656815,-1.4553227569137268,0.20272457394259646
15,f1_strong_t1|f2_strong_t2|f4_dup_b|f5_null|f6_suppressor|f7_weak|f8_bigcoef|noise_0,110111111,8,-1.6739401268005372,0.033096320823734295,3.308666825458208,3.52654149656815,-1.4536785851545533,0.22026154164598388
15,f1_strong_t1|f3_dup_a|f4_dup_b|f5_null|f6_suppressor|f7_weak|f8_bigcoef|noise_0,101111111,8,-2.446110591125488,0.034087639245835945,2.536496361133257,2.732019807522262,-2.267629421046519,0.17848117007896924
15,f2_strong_t2|f3_dup_a|f4_dup_b|f5_null|f6_suppressor|f7_weak|f8_bigcoef|noise_0,11111111,8,-3.5049144035339355,0.03260472213806052,1.4776925487248098,1.5697402177748048,-3.3839752839981445,0.12093911953579095
15,f1_strong_t1|f2_strong_t2|f3_dup_a|f4_dup_b|f5_null|f6_suppressor|f7_weak|f8_bigcoef|noise_0,111111111,9,-1.637159091091156,0.034559347005244614,3.3454478611675893,3.5367387637393115,-1.4446953128046012,0.1924637782865548
50,none,0,0,-4.971175225257873,0.02912242157874206,0.011431727000871916,0.0,-4.948509927820423,0.022665297437450604
50,f1_strong_t1,100000000,1,-4.8192201444625855,0.029543178650675274,0.16338680779615977,0.18318119104721087,-4.771777085422592,0.047443059039993685
50,f2_strong_t2,10000000,1,-4.173840582990646,0.03044223433842751,0.8087663692680991,0.8047189562170504,-4.125575819578504,0.04826476341214203
50,f3_dup_a,1000000,1,-4.69170047082901,0.02818822933366181,0.29090648142973485,0.32549318486783363,-4.6379502941060675,0.05375017672294291
50,f4_dup_b,100000,1,-4.695685166549683,0.028137271561509743,0.2869217857090627,0.32549318486783363,-4.636306122346894,0.05937904420278883
50,f5_null,10000,1,-4.986445381832123,0.029156599166521194,-0.0038384295733777662,0.0,-4.948509927820423,0.03793545401170029
50,f6_suppressor,1000,1,-4.981270372867584,0.029426759535043683,0.0013365793911610524,0.0,-4.948509927820423,0.03276044504716147
50,f7_weak,100,1,-4.843861037349701,0.029076900721477977,0.13874591490904464,0.15374234987398028,-4.804330904157414,0.0395301331922866
50,f8_bigcoef,10,1,-4.649563688087463,0.02884011583492641,0.33304326417128216,0.3465735902799726,-4.612382318277969,0.03718136980949449
50,noise_0,1,1,-4.9814214551925655,0.029227610218070105,0.0011854970661797637,0.0,-4.948509927820423,0.03291152737214276
50,f1_strong_t1|f2_strong_t2,110000000,2,-4.017958079338074,0.030374251836656478,0.9646488729206713,0.9879001472642611,-3.948842977180674,0.06911510215739991
50,f1_strong_t1|f3_dup_a,101000000,2,-4.534741546630859,0.028736977476222152,0.4478654056278861,0.5086743759150446,-4.4612174517082375,0.07352409492262169
50,f1_strong_t1|f4_dup_b,100100000,2,-4.541718355941772,0.028802519857826406,0.44088859631697286,0.5086743759150446,-4.459573279949064,0.0821450759927087
50,f1_strong_t1|f5_null,100010000,2,-4.833312536048889,0.029481341131368178,0.14929441620985617,0.18318119104721087,-4.771777085422592,0.06153545062629728
50,f1_strong_t1|f6_suppressor,100001000,2,-3.150429755115509,0.030449585058447335,1.8321771971432361,1.9669985459645072,-3.009229956626878,0.14119979848863107
50,f1_strong_t1|f7_weak,100000100,2,-4.683305574607849,0.029815267731059625,0.29930137765089615,0.33692354092119114,-4.627598061759583,0.05570751284826603
50,f1_strong_t1|f8_bigcoef,100000010,2,-4.503832844448089,0.029168389181093986,0.478774107810656,0.5297547813271836,-4.435649475880138,0.0681833685679516
50,f1_strong_t1|noise_0,100000001,2,-4.8291385169029235,0.02975746070671551,0.15346843535582178,0.18318119104721087,-4.771777085422592,0.05736143148033168
50,f2_strong_t2|f3_dup_a,11000000,2,-3.890874204015732,0.029125446651620243,1.0917327482430133,1.130212141084884,-3.8150161858641485,0.07585801815158355
50,f2_strong_t2|f4_dup_b,10100000,2,-3.896661752319336,0.029122625739262914,1.0859451999394092,1.130212141084884,-3.813372014104975,0.08328973821436092
50,f2_strong_t2|f5_null,10010000,2,-4.188916841840744,0.030359205959171978,0.7936901104180016,0.8047189562170504,-4.125575819578504,0.06334102226223948
50,f2_strong_t2|f6_suppressor,10001000,2,-4.184567839288712,0.030848486256787995,0.7980391129700335,0.8047189562170504,-4.125575819578504,0.05899201971020762
50,f2_strong_t2|f7_weak,10000100,2,-4.041481034851074,0.029896188820785475,0.9411259174076712,0.9584613060910306,-3.981396795915495,0.060084238935579126
50,f2_strong_t2|f8_bigcoef,10000010,2,-3.8495924932003023,0.029645523381805202,1.133014459058443,1.151292546497023,-3.7894482100360496,0.06014428316425269
50,f2_strong_t2|noise_0,10000001,2,-4.185126550006866,0.03084312561727186,0.7974804022518791,0.8047189562170504,-4.125575819578504,0.05955073042836201
50,f3_dup_a|f4_dup_b,1100000,2,-4.690648675441742,0.02998700287312033,0.29195827681700326,0.3356904520389953,-4.6273228499969425,0.06332582544479948
50,f3_dup_a|f5_null,1010000,2,-4.705425617694854,0.02823834071432133,0.27718133456389094,0.32549318486783363,-4.6379502941060675,0.06747532358878683
50,f3_dup_a|f6_suppressor,1001000,2,-4.703342639827729,0.028555340516490474,0.27926431243101657,0.32549318486783363,-4.6379502941060675,0.0653923457216612
50,f3_dup_a|f7_weak,1000100,2,-4.562252250957489,0.028124695524127215,0.42035470130125585,0.4792355347418139,-4.493771270443058,0.06848098051443152
50,f3_dup_a|f8_bigcoef,1000010,2,-4.368751112270355,0.027739230395033364,0.61385583998839,0.6720667751478063,-4.3018226845636125,0.06692842770674279
50,f3_dup_a|noise_0,1000001,2,-4.704279602718353,0.028299920567468276,0.2783273495403922,0.32549318486783363,-4.6379502941060675,0.06632930861228559
50,f4_dup_b|f5_null,110000,2,-4.707325714015961,0.02835538543687866,0.2752812382427843,0.32549318486783363,-4.636306122346894,0.07101959166906724
50,f4_dup_b|f6_suppressor,101000,2,-4.7042650758743285,0.0287438416704506,0.27834187638441676,0.32549318486783363,-4.636306122346894,0.06795895352743475
50,f4_dup_b|f7_weak,100100,2,-4.562878826904297,0.027979952129917954,0.4197281253544487,0.4792355347418139,-4.492127098683885,0.07075172822041154
50,f4_dup_b|f8_bigcoef,100010,2,-4.378487636327743,0.027869667867131454,0.6041193159310021,0.6720667751478063,-4.300178512804439,0.07830912352330444
50,f4_dup_b|noise_0,100001,2,-4.707037954711914,0.028236598801504052,0.2755689975468316,0.32549318486783363,-4.636306122346894,0.0707318323650199
50,f5_null|f6_suppressor,11000,2,-4.994277844810486,0.029636132091453528,-0.011670892551740586,0.0,-4.948509927820423,0.04576791699006311
50,f5_null|f7_weak,10100,2,-4.859813062381744,0.029291058376796287,0.12279388987700113,0.15374234987398028,-4.804330904157414,0.055482158224330114
50,f5_null|f8_bigcoef,10010,2,-4.664715600395203,0.029149104616573704,0.3178913518635422,0.3465735902799726,-4.612382318277969,0.052333282117234425
50,f5_null|noise_0,10001,2,-4.9975500945091245,0.029502718753716014,-0.014943142250379182,0.0,-4.948509927820423,0.0490401666887017
50,f6_suppressor|f7_weak,1100,2,-4.846420183753967,0.029448836710034766,0.1361867685047784,0.15374234987398028,-4.804330904157414,0.04208927959655284
50,f6_suppressor|f8_bigcoef,1010,2,-4.653678960037231,0.02906390402240642,0.32892799222151403,0.3465735902799726,-4.612382318277969,0.04129664175926262
50,f6_suppressor|noise_0,1001,2,-4.991494087028504,0.02959502056717667,-0.008887134769758553,0.0,-4.948509927820423,0.042984159208081074
50,f7_weak|f8_bigcoef,110,2,-4.579896907711029,0.02973825090164779,0.40271004454771653,0.42933080951875946,-4.528096470063545,0.051800437647483655
50,f7_weak|noise_0,101,2,-4.848695925426483,0.02919383027475917,0.13391102683226208,0.15374234987398028,-4.804330904157414,0.04436502126906916
50,f8_bigcoef|noise_0,11,2,-4.656986884880066,0.02886549841443777,0.3256200673786793,0.3465735902799726,-4.612382318277969,0.04460456660209733
50,f1_strong_t1|f2_strong_t2|f3_dup_a,111000000,3,-3.7322130854606628,0.029079092784904365,1.2503938667980825,1.3133933321320947,-3.6382833434663175,0.09392974199434523
50,f1_strong_t1|f2_strong_t2|f4_dup_b,110100000,3,-3.741749743509293,0.029327104675150702,1.2408572087494525,1.3133933321320947,-3.6366391717071442,0.10511057180214856
50,f1_strong_t1|f2_strong_t2|f5_null,110010000,3,-4.034708722114563,0.030219960239593134,0.9478982301441823,0.9879001472642611,-3.948842977180674,0.08586574493388888
50,f1_strong_t1|f2_strong_t2|f6_suppressor,110001000,3,-2.348842917442322,0.031653472382428154,2.6337640348164233,2.7717175021815574,-2.1862958483849595,0.1625470690573625
50,f1_strong_t1|f2_strong_t2|f7_weak,110000100,3,-3.881041979408264,0.030067278504130095,1.1015649728504813,1.1416424971382413,-3.804663953517664,0.07637802589059994
50,f1_strong_t1|f2_strong_t2|f8_bigcoef,110000010,3,-3.698248886346817,0.029635061556035135,1.2843580659119285,1.3344737375442337,-3.6127153676382178,0.08553351870859904
50,f1_strong_t1|f2_strong_t2|noise_0,110000001,3,-4.026400435972214,0.030823868671062443,0.9562065162865316,0.9879001472642611,-3.948842977180674,0.07755745879153952
50,f1_strong_t1|f3_dup_a|f4_dup_b,101100000,3,-4.538654645252228,0.030712918775021393,0.44395230700651744,0.5188716430862063,-4.45059000759911,0.088064637653118
50,f1_strong_t1|f3_dup_a|f5_null,101010000,3,-4.546992467975617,0.02870020161046467,0.43561448428312843,0.5086743759150446,-4.4612174517082375,0.08577501626737938
50,f1_strong_t1|f3_dup_a|f6_suppressor,101001000,3,-2.8693317317962648,0.029648972710031318,2.1132752204624805,2.292491730832341,-2.6986703229125224,0.17066140888374237
50,f1_strong_t1|f3_dup_a|f7_weak,101000100,3,-4.396449106693268,0.028760303180205143,0.5861578455654772,0.6624167257890249,-4.317038428045227,0.07941067864804108
50,f1_strong_t1|f3_dup_a|f8_bigcoef,101000010,3,-4.216255008792877,0.02829292851982929,0.7663519434658683,0.8552479661950173,-4.125089842165781,0.09116516662709628
50,f1_strong_t1|f3_dup_a|noise_0,101000001,3,-4.545719248199463,0.028902588139295585,0.43688770405928246,0.5086743759150446,-4.4612174517082375,0.08450179649122536
50,f1_strong_t1|f4_dup_b|f5_null,100110000,3,-4.552953515625,0.028815156288250977,0.4296534366337452,0.5086743759150446,-4.459573279949064,0.09338023567593634
50,f1_strong_t1|f4_dup_b|f6_suppressor,100101000,3,-2.8792945968627928,0.02997742607565311,2.1033123553959525,2.292491730832341,-2.697026151153349,0.18226844570944367
50,f1_strong_t1|f4_dup_b|f7_weak,100100100,3,-4.40237842245102,0.028701279161299265,0.5802285298077257,0.6624167257890249,-4.315394256286054,0.08698416616496552
50,f1_strong_t1|f4_dup_b|f8_bigcoef,100100010,3,-4.224240503501892,0.028189056512465695,0.7583664487568536,0.8552479661950173,-4.123445670406608,0.10079483309528392
50,f1_strong_t1|f4_dup_b|noise_0,100100001,3,-4.551462341880798,0.02880678457694465,0.43114461037794705,0.5086743759150446,-4.459573279949064,0.09188906193173452
50,f1_strong_t1|f5_null|f6_suppressor,100011000,3,-3.1612530103683474,0.03046359240510073,1.821353941890398,1.9669985459645072,-3.009229956626878,0.1520230537414693
50,f1_strong_t1|f5_null|f7_weak,100010100,3,-4.6972724467277525,0.029765161816101872,0.2853345055309928,0.33692354092119114,-4.627598061759583,0.06967438496816936
50,f1_strong_t1|f5_null|f8_bigcoef,100010010,3,-4.51917825050354,0.029405143394651535,0.46342870175520545,0.5297547813271836,-4.435649475880138,0.08352877462340214
50,f1_strong_t1|f5_null|noise_0,100010001,3,-4.841627620029449,0.02977262594261685,0.14097933222929626,0.18318119104721087,-4.771777085422592,0.0698505346068572
50,f1_strong_t1|f6_suppressor|f7_weak,100001100,3,-3.027059217453003,0.030653748052448155,1.9555477348057422,2.1207408958384875,-2.865050932963869,0.16200828448913418
50,f1_strong_t1|f6_suppressor|f8_bigcoef,100001010,3,-2.8270199993133547,0.030443915855979286,2.1555869529453906,2.3135721362444794,-2.6731023470844235,0.15391765222893117
50,f1_strong_t1|f6_suppressor|noise_0,100001001,3,-3.1529820653915404,0.03108928909471749,1.829624886867205,1.9669985459645072,-3.009229956626878,0.14375210876466227
50,f1_strong_t1|f7_weak|f8_bigcoef,100000110,3,-4.4245247227668765,0.030352896907544325,0.5580822294918688,0.6125120005659704,-4.351363627665714,0.07316109510116231
50,f1_strong_t1|f7_weak|noise_0,100000101,3,-4.6877533090591434,0.02992574278938425,0.29485364319960183,0.33692354092119114,-4.627598061759583,0.060155247299560344
50,f1_strong_t1|f8_bigcoef|noise_0,100000011,3,-4.50779995098114,0.029204924053206672,0.4748070012776049,0.5297547813271836,-4.435649475880138,0.0721504751010027
50,f2_strong_t2|f3_dup_a|f4_dup_b,11100000,3,-3.8882713903427124,0.030778297611539242,1.0943355619160329,1.1404094082560454,-3.8043887417550226,0.08388264858768979
50,f2_strong_t2|f3_dup_a|f5_null,11010000,3,-3.9070699427604674,0.029006963815273058,1.075537009498278,1.130212141084884,-3.8150161858641485,0.0920537568963189
50,f2_strong_t2|f3_dup_a|f6_suppressor,11001000,3,-3.9039364336013795,0.02955862876346414,1.0786705186573657,1.130212141084884,-3.8150161858641485,0.08892024773723106
50,f2_strong_t2|f3_dup_a|f7_weak,11000100,3,-3.7654556320667267,0.028803345945147885,1.2171513201920185,1.2839544909588643,-3.6708371622011393,0.09461846986558742
50,f2_strong_t2|f3_dup_a|f8_bigcoef,11000010,3,-3.5690038336753847,0.028318224369765495,1.4136031185833606,1.4767857313648562,-3.478888576321694,0.09011525735369075
50,f2_strong_t2|f3_dup_a|noise_0,11000001,3,-3.902266900444031,0.029523260539462404,1.0803400518147144,1.130212141084884,-3.8150161858641485,0.08725071457988243
50,f2_strong_t2|f4_dup_b|f5_null,10110000,3,-3.9100901263237,0.029192812621874262,1.0725168259350455,1.130212141084884,-3.813372014104975,0.09671811221872462
50,f2_strong_t2|f4_dup_b|f6_suppressor,10101000,3,-3.9114665771484374,0.029812732582336295,1.071140375110308,1.130212141084884,-3.813372014104975,0.0980945630434622
50,f2_strong_t2|f4_dup_b|f7_weak,10100100,3,-3.759965069580078,0.028621327698284526,1.2226418826786674,1.2839544909588643,-3.669192990441967,0.09077207913811103
50,f2_strong_t2|f4_dup_b|f8_bigcoef,10100010,3,-3.573948014354706,0.02835660745474831,1.4086589379040393,1.4767857313648562,-3.4772444045625206,0.0967036097921854
50,f2_strong_t2|f4_dup_b|noise_0,10100001,3,-3.904311864948273,0.02946650302398533,1.0782950873104724,1.130212141084884,-3.813372014104975,0.0909398508432977
50,f2_strong_t2|f5_null|f6_suppressor,10011000,3,-4.198952338075638,0.030999037919971682,0.7836546141831073,0.8047189562170504,-4.125575819578504,0.07337651849713378
50,f2_strong_t2|f5_null|f7_weak,10010100,3,-4.058791553974151,0.030028783111151168,0.923815398284594,0.9584613060910306,-3.981396795915495,0.07739475805865625
50,f2_strong_t2|f5_null|f8_bigcoef,10010010,3,-3.8643273451805116,0.029804952305403854,1.1182796070782337,1.151292546497023,-3.7894482100360496,0.07487913514446198
50,f2_strong_t2|f5_null|noise_0,10010001,3,-4.199161901855469,0.03095616445923017,0.7834450504032766,0.8047189562170504,-4.125575819578504,0.0735860822769645
50,f2_strong_t2|f6_suppressor|f7_weak,10001100,3,-4.052263957738877,0.030341648153136124,0.9303429945198687,0.9584613060910306,-3.981396795915495,0.0708671618233816
50,f2_strong_t2|f6_suppressor|f8_bigcoef,10001010,3,-3.8573129997730256,0.02999243786775325,1.1252939524857197,1.151292546497023,-3.7894482100360496,0.06786478973697596
50,f2_strong_t2|f6_suppressor|noise_0,10001001,3,-4.195394752502441,0.031201305130161568,0.7872121997563042,0.8047189562170504,-4.125575819578504,0.06981893292393693
50,f2_strong_t2|f7_weak|f8_bigcoef,10000110,3,-3.7809735912323,0.0302588584536794,1.2016333610264454,1.2340497657358096,-3.705162361821627,0.07581122941067298
50,f2_strong_t2|f7_weak|noise_0,10000101,3,-4.050939835262299,0.030374910046587836,0.9316671169964463,0.9584613060910306,-3.981396795915495,0.06954303934680395
50,f2_strong_t2|f8_bigcoef|noise_0,10000011,3,-3.85862019071579,0.030000025543501514,1.1239867615429553,1.151292546497023,-3.7894482100360496,0.0691719806797404
50,f3_dup_a|f4_dup_b|f5_null,1110000,3,-4.702301953220368,0.030225342983089057,0.28030499903837747,0.3356904520389953,-4.6273228499969425,0.07497910322342527
50,f3_dup_a|f4_dup_b|f6_suppressor,1101000,3,-4.706026334953308,0.030716244966593576,0.27658061730543704,0.3356904520389953,-4.6273228499969425,0.0787034849563657
50,f3_dup_a|f4_dup_b|f7_weak,1100100,3,-4.556019889545441,0.02988900426931713,0.4265870627133044,0.48943280191297556,-4.483143826333933,0.07287606321150797
50,f3_dup_a|f4_dup_b|f8_bigcoef,1100010,3,-4.370692450141907,0.02964957492378243,0.6119145021168384,0.682264042318968,-4.291195240454487,0.07949720968742024
50,f3_dup_a|f4_dup_b|noise_0,1100001,3,-4.700383428001404,0.03012866564547512,0.28222352425734165,0.3356904520389953,-4.6273228499969425,0.07306057800446109
50,f3_dup_a|f5_null|f6_suppressor,1011000,3,-4.712265931224823,0.028745042803030193,0.2703410210339223,0.32549318486783363,-4.6379502941060675,0.07431563711875544
50,f3_dup_a|f5_null|f7_weak,1010100,3,-4.577651208972931,0.028324148267318057,0.4049557432858144,0.4792355347418139,-4.493771270443058,0.08387993852987297
50,f3_dup_a|f5_null|f8_bigcoef,1010010,3,-4.3812379914283754,0.028019870673803102,0.6013689608303698,0.6720667751478063,-4.3018226845636125,0.07941530686476295
50,f3_dup_a|f5_null|noise_0,1010001,3,-4.718831217956543,0.02855268578221432,0.263775734302202,0.32549318486783363,-4.6379502941060675,0.08088092385047574
50,f3_dup_a|f6_suppressor|f7_weak,1001100,3,-4.568057528114319,0.02848758349586379,0.4145494241444263,0.4792355347418139,-4.493771270443058,0.07428625767126107
50,f3_dup_a|f6_suppressor|f8_bigcoef,1001010,3,-4.3776432026863095,0.028169510989795858,0.6049637495724358,0.6720667751478063,-4.3018226845636125,0.07582051812269697
50,f3_dup_a|f6_suppressor|noise_0,1001001,3,-4.715349115276337,0.028826684089424934,0.26725783698240857,0.32549318486783363,-4.6379502941060675,0.0773988211702692
50,f3_dup_a|f7_weak|f8_bigcoef,1000110,3,-4.299415355443954,0.028678009484628994,0.6831915968147912,0.7548239943865932,-4.21753683634919,0.08187851909476418
50,f3_dup_a|f7_weak|noise_0,1000101,3,-4.56976867685318,0.0283629618892095,0.4128382754055657,0.4792355347418139,-4.493771270443058,0.07599740641012165
50,f3_dup_a|f8_bigcoef|noise_0,1000011,3,-4.37791775560379,0.02785232270653954,0.604689196654955,0.6720667751478063,-4.3018226845636125,0.07609507104017776
50,f4_dup_b|f5_null|f6_suppressor,111000,3,-4.711469159412384,0.02890610188105675,0.2711377928463614,0.32549318486783363,-4.636306122346894,0.0751630370654901
50,f4_dup_b|f5_null|f7_weak,110100,3,-4.575883433628082,0.028227606691014408,0.40672351863066325,0.4792355347418139,-4.492127098683885,0.08375633494419699
50,f4_dup_b|f5_null|f8_bigcoef,110010,3,-4.3880900259017945,0.028215783064498675,0.5945169263569507,0.6720667751478063,-4.300178512804439,0.08791151309735579
50,f4_dup_b|f5_null|noise_0,110001,3,-4.720192919826507,0.02853210759923237,0.26241403243223793,0.32549318486783363,-4.636306122346894,0.08388679747961358
50,f4_dup_b|f6_suppressor|f7_weak,101100,3,-4.56801402015686,0.028526126743959247,0.4145929321018853,0.4792355347418139,-4.492127098683885,0.07588692147297493
50,f4_dup_b|f6_suppressor|f8_bigcoef,101010,3,-4.38567646856308,0.02837890952006398,0.5969304836956653,0.6720667751478063,-4.300178512804439,0.08549795575864128
50,f4_dup_b|f6_suppressor|noise_0,101001,3,-4.7155169816017155,0.028886984414361768,0.2670899706570298,0.32549318486783363,-4.636306122346894,0.07921085925482174
50,f4_dup_b|f7_weak|f8_bigcoef,100110,3,-4.302918378305435,0.02871838593821606,0.6796885739533103,0.7548239943865932,-4.215892664590016,0.0870257137154189
50,f4_dup_b|f7_weak|noise_0,100101,3,-4.5692274102210995,0.028119319181542392,0.4133795420376458,0.4792355347418139,-4.492127098683885,0.07710031153721442
50,f4_dup_b|f8_bigcoef|noise_0,100011,3,-4.382717207765579,0.027838460860677837,0.5998897444931659,0.6720667751478063,-4.300178512804439,0.08253869496114064
50,f5_null|f6_suppressor|f7_weak,11100,3,-4.861240502643585,0.029691318195040693,0.1213664496151603,0.15374234987398028,-4.804330904157414,0.05690959848617094
50,f5_null|f6_suppressor|f8_bigcoef,11010,3,-4.66836577129364,0.02948432605130999,0.3142411809651051,0.3465735902799726,-4.612382318277969,0.055983453015671536
50,f5_null|f6_suppressor|noise_0,11001,3,-5.006350962162018,0.02993710525254458,-0.023744009903272634,0.0,-4.948509927820423,0.057841034341595154
50,f5_null|f7_weak|f8_bigcoef,10110,3,-4.5941470114707945,0.03005016377446842,0.38845994078795076,0.42933080951875946,-4.528096470063545,0.06605054140724942
50,f5_null|f7_weak|noise_0,10101,3,-4.866219955539703,0.02960620400200339,0.11638699671904185,0.15374234987398028,-4.804330904157414,0.061889051382289395
50,f5_null|f8_bigcoef|noise_0,10011,3,-4.67102695350647,0.02932105145970659,0.3115799987522756,0.3465735902799726,-4.612382318277969,0.05864463522850105
50,f6_suppressor|f7_weak|f8_bigcoef,1110,3,-4.584383322048187,0.030065897527301468,0.3982236302105582,0.42933080951875946,-4.528096470063545,0.056286851984642006
50,f6_suppressor|f7_weak|noise_0,1101,3,-4.854409574890137,0.02957054061555732,0.12819737736860848,0.15374234987398028,-4.804330904157414,0.05007867073272276
50,f6_suppressor|f8_bigcoef|noise_0,1011,3,-4.660576177215576,0.029093068689484816,0.322030775043169,0.3465735902799726,-4.612382318277969,0.048193858937607637
50,f7_weak|f8_bigcoef|noise_0,111,3,-4.58481383934021,0.029777349311852438,0.39779311291853503,0.42933080951875946,-4.528096470063545,0.05671736927666515
50,f1_strong_t1|f2_strong_t2|f3_dup_a|f4_dup_b,111100000,4,-3.7384207776069642,0.03100033604509501,1.244186174651781,1.3235905993032566,-3.6276558993571917,0.11076487824977255
50,f1_strong_t1|f2_strong_t2|f3_dup_a|f5_null,111010000,4,-3.7465073013305665,0.028898530957046722,1.2360996509281788,1.3133933321320947,-3.6382833434663175,0.10822395786424899
50,f1_strong_t1|f2_strong_t2|f3_dup_a|f6_suppressor,111001000,4,-2.0661616862297056,0.030453068317150916,2.9164452660290396,3.097210687049391,-1.875736214670604,0.1904254715591016
50,f1_strong_t1|f2_strong_t2|f3_dup_a|f7_weak,111000100,4,-3.5944624834060668,0.028734559304351162,1.3881444688526785,1.467135682006075,-3.4941043198033093,0.10035816360275751
50,f1_strong_t1|f2_strong_t2|f3_dup_a|f8_bigcoef,111000010,4,-3.412281537103653,0.028311687723244182,1.5703254151550925,1.6599669224120674,-3.302155733923863,0.11012580317978982
50,f1_strong_t1|f2_strong_t2|f3_dup_a|noise_0,111000001,4,-3.741295718240738,0.02949160667441691,1.2413112340180072,1.3133933321320947,-3.6382833434663175,0.10301237477442049
50,f1_strong_t1|f2_strong_t2|f4_dup_b|f5_null,110110000,4,-3.7561284294605257,0.02925133403549849,1.2264785227982196,1.3133933321320947,-3.6366391717071442,0.11948925775338148
50,f1_strong_t1|f2_strong_t2|f4_dup_b|f6_suppressor,110101000,4,-2.0723450267791748,0.030423941709926412,2.9102619254795705,3.097210687049391,-1.8740920429114303,0.19825298386774448
50,f1_strong_t1|f2_strong_t2|f4_dup_b|f7_weak,110100100,4,-3.5980876597881317,0.028817824488278233,1.3845192924706136,1.467135682006075,-3.492460148044135,0.10562751174399665
50,f1_strong_t1|f2_strong_t2|f4_dup_b|f8_bigcoef,110100010,4,-3.4187437193870545,0.02841882311229717,1.5638632328716908,1.6599669224120674,-3.3005115621646897,0.1182321572223648
50,f1_strong_t1|f2_strong_t2|f4_dup_b|noise_0,110100001,4,-3.7497378893375397,0.02957005871811832,1.2328690629212056,1.3133933321320947,-3.6366391717071442,0.11309871763039547
50,f1_strong_t1|f2_strong_t2|f5_null|f6_suppressor,110011000,4,-2.3637660210609437,0.03147192361620779,2.6188409311978016,2.7717175021815574,-2.1862958483849595,0.1774701726759842
50,f1_strong_t1|f2_strong_t2|f5_null|f7_weak,110010100,4,-3.8947175862312315,0.030009562272038312,1.0878893660275137,1.1416424971382413,-3.804663953517664,0.09005363271356748
50,f1_strong_t1|f2_strong_t2|f5_null|f8_bigcoef,110010010,4,-3.7187723371982573,0.029760952991790116,1.263834615060488,1.3344737375442337,-3.6127153676382178,0.10605696956003952
50,f1_strong_t1|f2_strong_t2|f5_null|noise_0,110010001,4,-4.0421255284309385,0.030686509446492,0.9404814238278068,0.9879001472642611,-3.948842977180674,0.09328255125026441
50,f1_strong_t1|f2_strong_t2|f6_suppressor|f7_weak,110001100,4,-2.2208828201293946,0.03145725840799223,2.7617241321293506,2.9254598520555377,-2.0421168247219508,0.17876599540744387
50,f1_strong_t1|f2_strong_t2|f6_suppressor|f8_bigcoef,110001010,4,-2.024330258560181,0.031267309179216135,2.9582766936985645,3.11829109246153,-1.8501682388425047,0.1741620197176761
50,f1_strong_t1|f2_strong_t2|f6_suppressor|noise_0,110001001,4,-2.349484565448761,0.03249964262415358,2.6331223868099842,2.7717175021815574,-2.1862958483849595,0.16318871706380156
50,f1_strong_t1|f2_strong_t2|f7_weak|f8_bigcoef,110000110,4,-3.6212096570014953,0.030477092519744266,1.36139729525725,1.4172309567830204,-3.528429519423795,0.0927801375777002
50,f1_strong_t1|f2_strong_t2|f7_weak|noise_0,110000101,4,-3.887368390607834,0.030487814877080237,1.0952385616509113,1.1416424971382413,-3.804663953517664,0.08270443709016995
50,f1_strong_t1|f2_strong_t2|f8_bigcoef|noise_0,110000011,4,-3.7035511162757873,0.029888313224045806,1.279055835982958,1.3344737375442337,-3.6127153676382178,0.09083574863756949
50,f1_strong_t1|f3_dup_a|f4_dup_b|f5_null,101110000,4,-4.5500738899230955,0.030803858379398287,0.4325330623356498,0.5188716430862063,-4.450590007599112,0.09948388232398386
50,f1_strong_t1|f3_dup_a|f4_dup_b|f6_suppressor,101101000,4,-2.8826440408706664,0.031998500203272294,2.099962911388079,2.302688998003503,-2.688042878803397,0.1946011620672694
50,f1_strong_t1|f3_dup_a|f4_dup_b|f7_weak,101100100,4,-4.397227670669555,0.030557397935038602,0.5853792815891898,0.6726139929601865,-4.306410983936101,0.09081668673345433
50,f1_strong_t1|f3_dup_a|f4_dup_b|f8_bigcoef,101100010,4,-4.21581103181839,0.030088041990502322,0.7667959204403552,0.8654452333661787,-4.114462398056656,0.10134863376173442
50,f1_strong_t1|f3_dup_a|f4_dup_b|noise_0,101100001,4,-4.547467672491074,0.030750614472458113,0.43513927976767164,0.5188716430862063,-4.45059000759911,0.09687766489196381
50,f1_strong_t1|f3_dup_a|f5_null|f6_suppressor,101011000,4,-2.8763342721939087,0.02966573254888072,2.1062726800648366,2.292491730832341,-2.6986703229125224,0.1776639492813863
50,f1_strong_t1|f3_dup_a|f5_null|f7_weak,101010100,4,-4.410293799209595,0.028743691396560588,0.5723131530491505,0.6624167257890249,-4.317038428045227,0.09325537116436777
50,f1_strong_t1|f3_dup_a|f5_null|f8_bigcoef,101010010,4,-4.226891556692124,0.02840643091679891,0.7557153955666216,0.8552479661950173,-4.125089842165781,0.10180171452634301
50,f1_strong_t1|f3_dup_a|f5_null|noise_0,101010001,4,-4.557565488052369,0.0289065796738278,0.4250414642063767,0.5086743759150446,-4.4612174517082375,0.09634803634413114
50,f1_strong_t1|f3_dup_a|f6_suppressor|f7_weak,101001100,4,-2.737155005645752,0.029564208360354498,2.2454519466129934,2.446234080706321,-2.5544912992495132,0.18266370639623863
50,f1_strong_t1|f3_dup_a|f6_suppressor|f8_bigcoef,101001010,4,-2.5380872863769532,0.029449708981904448,2.444519665881792,2.639065321112313,-2.362542713370068,0.17554457300688542
50,f1_strong_t1|f3_dup_a|f6_suppressor|noise_0,101001001,4,-2.8836906396865847,0.03031515864881245,2.0989163125721606,2.292491730832341,-2.6986703229125224,0.18502031677406228
50,f1_strong_t1|f3_dup_a|f7_weak|f8_bigcoef,101000110,4,-4.138340748119354,0.029362755734044628,0.8442662041393909,0.938005185433804,-4.040803993951359,0.09753675416799545
50,f1_strong_t1|f3_dup_a|f7_weak|noise_0,101000101,4,-4.403370131015778,0.0288327509073949,0.5792368212429677,0.6624167257890249,-4.317038428045227,0.0863317029705506
50,f1_strong_t1|f3_dup_a|f8_bigcoef|noise_0,101000011,4,-4.222652208805084,0.028178023395015822,0.7599547434536609,0.8552479661950173,-4.125089842165781,0.09756236663930373
50,f1_strong_t1|f4_dup_b|f5_null|f6_suppressor,100111000,4,-2.888684787750244,0.03001632764008983,2.093922164508501,2.292491730832341,-2.697026151153349,0.19165863659689508
50,f1_strong_t1|f4_dup_b|f5_null|f7_weak,100110100,4,-4.414297996139527,0.028732645251070638,0.5683089561192185,0.6624167257890249,-4.315394256286054,0.09890373985347267
50,f1_strong_t1|f4_dup_b|f5_null|f8_bigcoef,100110010,4,-4.23726315369606,0.02840761198038177,0.7453437985626854,0.8552479661950173,-4.123445670406608,0.11381748328945207
50,f1_strong_t1|f4_dup_b|f5_null|noise_0,100110001,4,-4.564742682075501,0.028898507778112904,0.41786427018324446,0.5086743759150446,-4.459573279949064,0.1051694021264371
50,f1_strong_t1|f4_dup_b|f6_suppressor|f7_weak,100101100,4,-2.736050939655304,0.02965055129892065,2.2465560126034414,2.446234080706321,-2.55284712749034,0.18320381216496395
50,f1_strong_t1|f4_dup_b|f6_suppressor|f8_bigcoef,100101010,4,-2.5442313961982728,0.029673732621347048,2.4383755560604725,2.639065321112313,-2.3608985416108945,0.18333285458737825
50,f1_strong_t1|f4_dup_b|f6_suppressor|noise_0,100101001,4,-2.8909067314147947,0.03039288553160503,2.0917002208439506,2.292491730832341,-2.697026151153349,0.1938805802614456
50,f1_strong_t1|f4_dup_b|f7_weak|f8_bigcoef,100100110,4,-4.143106020641327,0.029193042451564632,0.839500931617418,0.938005185433804,-4.039159822192186,0.10394619844914121
50,f1_strong_t1|f4_dup_b|f7_weak|noise_0,100100101,4,-4.408303171253205,0.028718405259534906,0.5743037810055407,0.6624167257890249,-4.315394256286054,0.09290891496715048
50,f1_strong_t1|f4_dup_b|f8_bigcoef|noise_0,100100011,4,-4.227506164693833,0.028121539749757393,0.7551007875649125,0.8552479661950173,-4.123445670406608,0.10406049428722497
50,f1_strong_t1|f5_null|f6_suppressor|f7_weak,100011100,4,-3.0324251579761503,0.030692856512744858,1.950181794282595,2.1207408958384875,-2.865050932963869,0.16737422501228139
50,f1_strong_t1|f5_null|f6_suppressor|f8_bigcoef,100011010,4,-2.833898418331146,0.03049962425685556,2.148708533927599,2.3135721362444794,-2.6731023470844235,0.16079607124672268
50,f1_strong_t1|f5_null|f6_suppressor|noise_0,100011001,4,-3.1569383073806763,0.031193658585828607,1.825668644878069,1.9669985459645072,-3.009229956626878,0.14770835075379818
50,f1_strong_t1|f5_null|f7_weak|f8_bigcoef,100010110,4,-4.439785730552673,0.030518917907950215,0.5428212217060722,0.6125120005659704,-4.351363627665714,0.08842210288695895
50,f1_strong_t1|f5_null|f7_weak|noise_0,100010101,4,-4.703112554931641,0.02997202955451161,0.27949439732710424,0.33692354092119114,-4.627598061759583,0.07551449317205794
50,f1_strong_t1|f5_null|f8_bigcoef|noise_0,100010011,4,-4.523016802692413,0.029571782384035378,0.45959014956633215,0.5297547813271836,-4.435649475880138,0.08736732681227544
50,f1_strong_t1|f6_suppressor|f7_weak|f8_bigcoef,100001110,4,-2.755016461277008,0.03145381749695064,2.2275904909817372,2.3963293554832665,-2.588816498870001,0.16619996240700718
50,f1_strong_t1|f6_suppressor|f7_weak|noise_0,100001101,4,-3.023294474887848,0.031292234677270915,1.9593124773708972,2.1207408958384875,-2.865050932963869,0.15824354192397916
50,f1_strong_t1|f6_suppressor|f8_bigcoef|noise_0,100001011,4,-2.8301794890403746,0.030810167245683365,2.1524274632183706,2.3135721362444794,-2.6731023470844235,0.15707714195595113
50,f1_strong_t1|f7_weak|f8_bigcoef|noise_0,100000111,4,-4.429090573310852,0.030375841334833488,0.5535163789478936,0.6125120005659704,-4.351363627665714,0.07772694564513749
50,f2_strong_t2|f3_dup_a|f4_dup_b|f5_null,11110000,4,-3.90196143450737,0.030856349679669146,1.0806455177513752,1.1404094082560454,-3.8043887417550226,0.09757269275234748
50,f2_strong_t2|f3_dup_a|f4_dup_b|f6_suppressor,11101000,4,-3.909998686981201,0.031446972818472224,1.0726082652775442,1.1404094082560454,-3.8043887417550226,0.1056099452261785
50,f2_strong_t2|f3_dup_a|f4_dup_b|f7_weak,11100100,4,-3.752103956413269,0.030432679499263083,1.2305029958454763,1.2941517581300257,-3.660209718092013,0.09189423832125598
50,f2_strong_t2|f3_dup_a|f4_dup_b|f8_bigcoef,11100010,4,-3.564781421327591,0.02999102435957615,1.4178255309311543,1.4869829985360181,-3.4682611322125676,0.09652028911502342
50,f2_strong_t2|f3_dup_a|f4_dup_b|noise_0,11100001,4,-3.893316276550293,0.03102399168130727,1.0892906757084524,1.1404094082560454,-3.8043887417550226,0.08892753479527027
50,f2_strong_t2|f3_dup_a|f5_null|f6_suppressor,11011000,4,-3.9153523787498474,0.029583618069663125,1.0672545735088979,1.130212141084884,-3.8150161858641485,0.10033619288569895
50,f2_strong_t2|f3_dup_a|f5_null|f7_weak,11010100,4,-3.78297602853775,0.028825539465558388,1.1996309237209952,1.2839544909588643,-3.6708371622011393,0.11213886633661074
50,f2_strong_t2|f3_dup_a|f5_null|f8_bigcoef,11010010,4,-3.583095533704758,0.02846780640709667,1.3995114185539874,1.4767857313648562,-3.478888576321694,0.10420695738306396
50,f2_strong_t2|f3_dup_a|f5_null|noise_0,11010001,4,-3.920154804801941,0.02959525514986649,1.0624521474568045,1.130212141084884,-3.8150161858641485,0.1051386189377923
50,f2_strong_t2|f3_dup_a|f6_suppressor|f7_weak,11001100,4,-3.7756586680412294,0.02924300316801828,1.2069482842175159,1.2839544909588643,-3.6708371622011393,0.10482150584009009
50,f2_strong_t2|f3_dup_a|f6_suppressor|f8_bigcoef,11001010,4,-3.5811032554149627,0.028873160741236484,1.4015036968437826,1.4767857313648562,-3.478888576321694,0.10221467909326876
50,f2_strong_t2|f3_dup_a|f6_suppressor|noise_0,11001001,4,-3.9155968550682068,0.029985539802737514,1.0670100971905385,1.130212141084884,-3.8150161858641485,0.10058066920405828
50,f2_strong_t2|f3_dup_a|f7_weak|f8_bigcoef,11000110,4,-3.502177726602554,0.029140070523268682,1.480429225656191,1.5595429506036433,-3.3946027281072713,0.10757499849528296
50,f2_strong_t2|f3_dup_a|f7_weak|noise_0,11000101,4,-3.773489999246597,0.029260504917504426,1.2091169530121482,1.2839544909588643,-3.6708371622011393,0.1026528370454578
50,f2_strong_t2|f3_dup_a|f8_bigcoef|noise_0,11000011,4,-3.5777823536396025,0.028691357660822727,1.4048245986191428,1.4767857313648562,-3.478888576321694,0.0988937773179086
50,f2_strong_t2|f4_dup_b|f5_null|f6_suppressor,10111000,4,-3.919716209316254,0.029894193122384772,1.0628907429424914,1.130212141084884,-3.813372014104975,0.10634419521127869
50,f2_strong_t2|f4_dup_b|f5_null|f7_weak,10110100,4,-3.772750778198242,0.028720407301160895,1.2098561740605032,1.2839544909588643,-3.669192990441967,0.10355778775627522
50,f2_strong_t2|f4_dup_b|f5_null|f8_bigcoef,10110010,4,-3.5857906231880188,0.028568595581679866,1.3968163290707265,1.4767857313648562,-3.4772444045625206,0.10854621862549818
50,f2_strong_t2|f4_dup_b|f5_null|noise_0,10110001,4,-3.9184112898349763,0.02959744854278442,1.064195662423769,1.130212141084884,-3.813372014104975,0.10503927573000116
50,f2_strong_t2|f4_dup_b|f6_suppressor|f7_weak,10101100,4,-3.7702409801006316,0.029198253431753814,1.2123659721581137,1.2839544909588643,-3.669192990441967,0.10104798965866468
50,f2_strong_t2|f4_dup_b|f6_suppressor|f8_bigcoef,10101010,4,-3.5849720857620238,0.02887541315279664,1.3976348664967215,1.4767857313648562,-3.4772444045625206,0.10772768119950316
50,f2_strong_t2|f4_dup_b|f6_suppressor|noise_0,10101001,4,-3.9167114593982695,0.030024402644813965,1.0658954928604758,1.130212141084884,-3.813372014104975,0.10333944529329431
50,f2_strong_t2|f4_dup_b|f7_weak|f8_bigcoef,10100110,4,-3.5020781226158144,0.029004031423202976,1.4805288296429309,1.5595429506036433,-3.392958556348098,0.10911956626771646
50,f2_strong_t2|f4_dup_b|f7_weak|noise_0,10100101,4,-3.7665114035129545,0.02898684532901541,1.2160955487457907,1.2839544909588643,-3.669192990441967,0.09731841307098765
50,f2_strong_t2|f4_dup_b|f8_bigcoef|noise_0,10100011,4,-3.5782563596725465,0.028663356081593084,1.4043505925861988,1.4767857313648562,-3.4772444045625206,0.10101195511002592
50,f2_strong_t2|f5_null|f6_suppressor|f7_weak,10011100,4,-4.065856107902527,0.03057848734354927,0.9167508443562182,0.9584613060910306,-3.981396795915495,0.08445931198703205
50,f2_strong_t2|f5_null|f6_suppressor|f8_bigcoef,10011010,4,-3.8730844594955443,0.0303562037249692,1.109522492763201,1.151292546497023,-3.7894482100360496,0.08363624945949466
50,f2_strong_t2|f5_null|f6_suppressor|noise_0,10011001,4,-4.208334644603729,0.03133289266561357,0.774272307655016,0.8047189562170504,-4.125575819578504,0.08275882502522514
50,f2_strong_t2|f5_null|f7_weak|f8_bigcoef,10010110,4,-3.7958876378536224,0.030505873509339823,1.186719314405123,1.2340497657358096,-3.705162361821627,0.09072527603199543
50,f2_strong_t2|f5_null|f7_weak|noise_0,10010101,4,-4.067124433851242,0.030592593252201004,0.9154825184075035,0.9584613060910306,-3.981396795915495,0.08572763793574678
50,f2_strong_t2|f5_null|f8_bigcoef|noise_0,10010011,4,-3.8695390359401705,0.030272169160936054,1.1130679163185748,1.151292546497023,-3.7894482100360496,0.08009082590412087
50,f2_strong_t2|f6_suppressor|f7_weak|f8_bigcoef,10001110,4,-3.792136258363724,0.030690473053229108,1.1904706938950214,1.2340497657358096,-3.705162361821627,0.08697389654209697
50,f2_strong_t2|f6_suppressor|f7_weak|noise_0,10001101,4,-4.060315459299088,0.03071053915423018,0.9222914929596575,0.9584613060910306,-3.981396795915495,0.07891866338359277
50,f2_strong_t2|f6_suppressor|f8_bigcoef|noise_0,10001011,4,-3.8643914340019228,0.030199116895152735,1.1182155182568225,1.151292546497023,-3.7894482100360496,0.07494322396587316
50,f2_strong_t2|f7_weak|f8_bigcoef|noise_0,10000111,4,-3.7888294070720674,0.030644771597401154,1.193777545186678,1.2340497657358096,-3.705162361821627,0.08366704525044044
50,f3_dup_a|f4_dup_b|f5_null|f6_suppressor,1111000,4,-4.71473971195221,0.03099559097263245,0.2678672403065354,0.3356904520389953,-4.6273228499969425,0.08741686195526732
50,f3_dup_a|f4_dup_b|f5_null|f7_weak,1110100,4,-4.5693194065094,0.03017837162081251,0.4132875457493457,0.48943280191297556,-4.483143826333933,0.08617558017546667
50,f3_dup_a|f4_dup_b|f5_null|f8_bigcoef,1110010,4,-4.378575485992432,0.03000501294691512,0.6040314662663135,0.682264042318968,-4.291195240454487,0.0873802455379451
50,f3_dup_a|f4_dup_b|f5_null|noise_0,1110001,4,-4.711859690284729,0.030438214249814025,0.2707472619740159,0.3356904520389953,-4.6273228499969425,0.08453684028778685
50,f3_dup_a|f4_dup_b|f6_suppressor|f7_weak,1101100,4,-4.569701992321014,0.030533103063648377,0.41290495993773124,0.48943280191297556,-4.483143826333933,0.0865581659870811
50,f3_dup_a|f4_dup_b|f6_suppressor|f8_bigcoef,1101010,4,-4.387066768741608,0.030397403339186602,0.5955401835171372,0.682264042318968,-4.291195240454487,0.09587152828712142
50,f3_dup_a|f4_dup_b|f6_suppressor|noise_0,1101001,4,-4.7159034230232235,0.030839998913785523,0.26670352923552176,0.3356904520389953,-4.6273228499969425,0.08858057302628097
50,f3_dup_a|f4_dup_b|f7_weak|f8_bigcoef,1100110,4,-4.297215935182572,0.030535494215945216,0.6853910170761734,0.7650212615577549,-4.206909392240064,0.09030654294250784
50,f3_dup_a|f4_dup_b|f7_weak|noise_0,1100101,4,-4.560727581214905,0.030065421487690484,0.42187937104384066,0.48943280191297556,-4.483143826333933,0.07758375488097169
50,f3_dup_a|f4_dup_b|f8_bigcoef|noise_0,1100011,4,-4.374410712242127,0.02970748019510347,0.6081962400166185,0.682264042318968,-4.291195240454487,0.0832154717876401
50,f3_dup_a|f5_null|f6_suppressor|f7_weak,1011100,4,-4.582088164520264,0.028696422313812878,0.4005187877384815,0.4792355347418139,-4.493771270443058,0.08831689407720589
50,f3_dup_a|f5_null|f6_suppressor|f8_bigcoef,1011010,4,-4.385950227928162,0.02854853860197559,0.5966567243305834,0.6720667751478063,-4.3018226845636125,0.08412754336454942
50,f3_dup_a|f5_null|f6_suppressor|noise_0,1011001,4,-4.726313592243194,0.028985963765526434,0.25629336001555103,0.32549318486783363,-4.6379502941060675,0.08836329813712673
50,f3_dup_a|f5_null|f7_weak|f8_bigcoef,1010110,4,-4.313383397960663,0.028926722917818885,0.6692235542980827,0.7548239943865932,-4.21753683634919,0.09584656161147276
50,f3_dup_a|f5_null|f7_weak|noise_0,1010101,4,-4.589501716041565,0.028689339364224017,0.3931052362171803,0.4792355347418139,-4.493771270443058,0.09573044559850707
50,f3_dup_a|f5_null|f8_bigcoef|noise_0,1010011,4,-4.388966712665558,0.028253303395407527,0.5936402395931877,0.6720667751478063,-4.3018226845636125,0.0871440281019451
50,f3_dup_a|f6_suppressor|f7_weak|f8_bigcoef,1001110,4,-4.3038998254776,0.0291044292994343,0.6787071267811449,0.7548239943865932,-4.21753683634919,0.08636298912841056
50,f3_dup_a|f6_suppressor|f7_weak|noise_0,1001101,4,-4.576439615631103,0.028721698278332437,0.40616733662764215,0.4792355347418139,-4.493771270443058,0.08266834518804522
50,f3_dup_a|f6_suppressor|f8_bigcoef|noise_0,1001011,4,-4.384851424074173,0.028263651434528563,0.5977555281845719,0.6720667751478063,-4.3018226845636125,0.08302873951056089
50,f3_dup_a|f7_weak|f8_bigcoef|noise_0,1000111,4,-4.306116954803467,0.028848321222967273,0.6764899974552785,0.7548239943865932,-4.21753683634919,0.08858011845427693
50,f4_dup_b|f5_null|f6_suppressor|f7_weak,111100,4,-4.579212982273102,0.028712257811723752,0.40339396998564325,0.4792355347418139,-4.492127098683885,0.08708588358921698
50,f4_dup_b|f5_null|f6_suppressor|f8_bigcoef,111010,4,-4.394299026298523,0.02871305475944151,0.5883079259602226,0.6720667751478063,-4.300178512804439,0.0941205134940839
50,f4_dup_b|f5_null|f6_suppressor|noise_0,111001,4,-4.72596464509964,0.02906670231279569,0.2566423071591055,0.32549318486783363,-4.636306122346894,0.089658522752746
50,f4_dup_b|f5_null|f7_weak|f8_bigcoef,110110,4,-4.3145588731765745,0.029024068727440486,0.6680480790821708,0.7548239943865932,-4.215892664590016,0.09866620858655839
50,f4_dup_b|f5_null|f7_weak|noise_0,110101,4,-4.583070755767822,0.028428067073539467,0.3995361964909234,0.4792355347418139,-4.492127098683885,0.09094365708393681
50,f4_dup_b|f5_null|f8_bigcoef|noise_0,110011,4,-4.393127928733826,0.028248532071745346,0.5894790235249197,0.6720667751478063,-4.300178512804439,0.09294941592938688
50,f4_dup_b|f6_suppressor|f7_weak|f8_bigcoef,101110,4,-4.311316197013855,0.0292065913572788,0.6712907552448906,0.7548239943865932,-4.215892664590016,0.09542353242383861
50,f4_dup_b|f6_suppressor|f7_weak|noise_0,101101,4,-4.574100399017334,0.02860080195659571,0.40850655324141094,0.4792355347418139,-4.492127098683885,0.0819733003334493
50,f4_dup_b|f6_suppressor|f8_bigcoef|noise_0,101011,4,-4.387710897636413,0.028322817691266683,0.5948960546223319,0.6720667751478063,-4.300178512804439,0.08753238483197467
50,f4_dup_b|f7_weak|f8_bigcoef|noise_0,100111,4,-4.306854330396653,0.02877692876554822,0.6757526218620926,0.7548239943865932,-4.215892664590016,0.09096166580663656
50,f5_null|f6_suppressor|f7_weak|f8_bigcoef,11110,4,-4.598169309329987,0.030483485568091887,0.38443764292875837,0.42933080951875946,-4.528096470063545,0.07007283926644181
50,f5_null|f6_suppressor|f7_weak|noise_0,11101,4,-4.86958166513443,0.029933962661078152,0.11302528712431492,0.15374234987398028,-4.804330904157414,0.06525076097701632
50,f5_null|f6_suppressor|f8_bigcoef|noise_0,11011,4,-4.677697707462311,0.029652786709773355,0.3049092447964341,0.3465735902799726,-4.612382318277969,0.06531538918434254
50,f5_null|f7_weak|f8_bigcoef|noise_0,10111,4,-4.599072324848175,0.030247453245758296,0.38353462741057065,0.42933080951875946,-4.528096470063545,0.07097585478462953
50,f6_suppressor|f7_weak|f8_bigcoef|noise_0,1111,4,-4.587748062515259,0.030125517354470836,0.39485888974348615,0.42933080951875946,-4.528096470063545,0.05965159245171403
50,f1_strong_t1|f2_strong_t2|f3_dup_a|f4_dup_b|f5_null,111110000,5,-3.7510313294887543,0.030941628187717448,1.231575622769991,1.3235905993032566,-3.6276558993571917,0.1233754301315626
50,f1_strong_t1|f2_strong_t2|f3_dup_a|f4_dup_b|f6_suppressor,111101000,5,-2.050411815834045,0.032152811592912875,2.9321951364247,3.1074079542205526,-1.8651087705614784,0.1853030452725668
50,f1_strong_t1|f2_strong_t2|f3_dup_a|f4_dup_b|f7_weak,111100100,5,-3.593278355026245,0.030566667874800637,1.3893285972325002,1.477332949177237,-3.4834768756941825,0.10980147933206252
50,f1_strong_t1|f2_strong_t2|f3_dup_a|f4_dup_b|f8_bigcoef,111100010,5,-3.4117630127906797,0.030106351818411245,1.5708439394680656,1.6701641895832289,-3.291528289814737,0.12023472297594262
50,f1_strong_t1|f2_strong_t2|f3_dup_a|f4_dup_b|noise_0,111100001,5,-3.7424360852718355,0.031136335688677918,1.2401708669869098,1.3235905993032566,-3.6276558993571917,0.11478018591464378
50,f1_strong_t1|f2_strong_t2|f3_dup_a|f5_null|f6_suppressor,111011000,5,-2.078857240867615,0.030268760640592286,2.9037497113911304,3.097210687049391,-1.875736214670604,0.2031210261970109
50,f1_strong_t1|f2_strong_t2|f3_dup_a|f5_null|f7_weak,111010100,5,-3.6107921517848967,0.02862222815117553,1.3718148004738486,1.467135682006075,-3.4941043198033093,0.11668783198158739
50,f1_strong_t1|f2_strong_t2|f3_dup_a|f5_null|f8_bigcoef,111010010,5,-3.426929101753235,0.028356949088527733,1.5556778505055102,1.6599669224120674,-3.302155733923863,0.1247733678293721
50,f1_strong_t1|f2_strong_t2|f3_dup_a|f5_null|noise_0,111010001,5,-3.7565598974227905,0.029358594725868256,1.2260470548359548,1.3133933321320947,-3.6382833434663175,0.11827655395647296
50,f1_strong_t1|f2_strong_t2|f3_dup_a|f6_suppressor|f7_weak,111001100,5,-1.9362022970199586,0.030113069410551106,3.0464046552387867,3.2509530369233715,-1.7315571910075949,0.20464510601236374
50,f1_strong_t1|f2_strong_t2|f3_dup_a|f6_suppressor|f8_bigcoef,111001010,5,-1.745879030418396,0.030121097679771527,3.236727921840349,3.443784277329364,-1.539608605128149,0.20627042529024697
50,f1_strong_t1|f2_strong_t2|f3_dup_a|f6_suppressor|noise_0,111001001,5,-2.075324024486542,0.03130926955868876,2.9072829277722034,3.097210687049391,-1.875736214670604,0.19958780981593782
50,f1_strong_t1|f2_strong_t2|f3_dup_a|f7_weak|f8_bigcoef,111000110,5,-3.335244189071655,0.02917821708536058,1.6473627631870902,1.742724141650854,-3.2178698857094394,0.11737430336221566
50,f1_strong_t1|f2_strong_t2|f3_dup_a|f7_weak|noise_0,111000101,5,-3.6017478174209594,0.02912993151308978,1.3808591348377859,1.467135682006075,-3.4941043198033093,0.10764349761765013
50,f1_strong_t1|f2_strong_t2|f3_dup_a|f8_bigcoef|noise_0,111000011,5,-3.4179720266819,0.028467639661998216,1.5646349255768452,1.6599669224120674,-3.302155733923863,0.11581629275803706
50,f1_strong_t1|f2_strong_t2|f4_dup_b|f5_null|f6_suppressor,110111000,5,-2.0903348055839537,0.03057758365960157,2.8922721466747916,3.097210687049391,-1.8740920429114303,0.2162427626725234
50,f1_strong_t1|f2_strong_t2|f4_dup_b|f5_null|f7_weak,110110100,5,-3.612335086774826,0.02881756752695554,1.3702718654839194,1.467135682006075,-3.492460148044135,0.11987493873069077
50,f1_strong_t1|f2_strong_t2|f4_dup_b|f5_null|f8_bigcoef,110110010,5,-3.435515673303604,0.02850104391373403,1.5470912789551412,1.6599669224120674,-3.3005115621646897,0.13500411113891442
50,f1_strong_t1|f2_strong_t2|f4_dup_b|f5_null|noise_0,110110001,5,-3.764905995750427,0.029474145701329495,1.217700956508318,1.3133933321320947,-3.6366391717071442,0.12826682404328293
50,f1_strong_t1|f2_strong_t2|f4_dup_b|f6_suppressor|f7_weak,110101100,5,-1.9297063248634339,0.02997197044698057,3.0529006273953114,3.2509530369233715,-1.7299130192484216,0.1997933056150123
50,f1_strong_t1|f2_strong_t2|f4_dup_b|f6_suppressor|f8_bigcoef,110101010,5,-1.730411407470703,0.029739879085234566,3.252195544788042,3.443784277329364,-1.5379644333689753,0.19244697410172784
50,f1_strong_t1|f2_strong_t2|f4_dup_b|f6_suppressor|noise_0,110101001,5,-2.07870614233017,0.03117155051783838,2.9039008099285755,3.097210687049391,-1.8740920429114303,0.20461409941873954
50,f1_strong_t1|f2_strong_t2|f4_dup_b|f7_weak|f8_bigcoef,110100110,5,-3.3383473284244536,0.029084686449040834,1.6442596238342917,1.742724141650854,-3.216225713950266,0.12212161447418746
50,f1_strong_t1|f2_strong_t2|f4_dup_b|f7_weak|noise_0,110100101,5,-3.606341455698013,0.02905422296951335,1.3762654965607322,1.467135682006075,-3.492460148044135,0.11388130765387805
50,f1_strong_t1|f2_strong_t2|f4_dup_b|f8_bigcoef|noise_0,110100011,5,-3.4227277666091918,0.028559162225881285,1.5598791856495535,1.6599669224120674,-3.3005115621646897,0.1222162044445021
50,f1_strong_t1|f2_strong_t2|f5_null|f6_suppressor|f7_weak,110011100,5,-2.229470784664154,0.03121575753354912,2.753136167594591,2.9254598520555377,-2.0421168247219508,0.18735395994220339
50,f1_strong_t1|f2_strong_t2|f5_null|f6_suppressor|f8_bigcoef,110011010,5,-2.0432716796875,0.031139999896676616,2.9393352725712454,3.11829109246153,-1.8501682388425047,0.1931034408449952
50,f1_strong_t1|f2_strong_t2|f5_null|f6_suppressor|noise_0,110011001,5,-2.3575314332962036,0.03227801944814234,2.6250755189625417,2.7717175021815574,-2.1862958483849595,0.17123558491124413
50,f1_strong_t1|f2_strong_t2|f5_null|f7_weak|f8_bigcoef,110010110,5,-3.6394762055873873,0.030575297727834357,1.343130746671358,1.4172309567830204,-3.528429519423795,0.11104668616359215
50,f1_strong_t1|f2_strong_t2|f5_null|f7_weak|noise_0,110010101,5,-3.9024844442367552,0.030402463537613934,1.08012250802199,1.1416424971382413,-3.804663953517664,0.09782049071909116
50,f1_strong_t1|f2_strong_t2|f5_null|f8_bigcoef|noise_0,110010011,5,-3.7195080302238464,0.03006647420797008,1.263098922034899,1.3344737375442337,-3.6127153676382178,0.10679266258562858
50,f1_strong_t1|f2_strong_t2|f6_suppressor|f7_weak|f8_bigcoef,110001110,5,-1.9556432454109192,0.03215769600519698,3.026963706847826,3.201048311700317,-1.765882390628082,0.1897608547828371
50,f1_strong_t1|f2_strong_t2|f6_suppressor|f7_weak|noise_0,110001101,5,-2.215146300125122,0.03232272821752155,2.7674606521336234,2.9254598520555377,-2.0421168247219508,0.17302947540317115
50,f1_strong_t1|f2_strong_t2|f6_suppressor|f8_bigcoef|noise_0,110001011,5,-2.022175498867035,0.0318326146828477,2.96043145339171,3.11829109246153,-1.8501682388425047,0.17200726002453037
50,f1_strong_t1|f2_strong_t2|f7_weak|f8_bigcoef|noise_0,110000111,5,-3.6290579843997954,0.0307145419862823,1.3535489678589498,1.4172309567830204,-3.528429519423795,0.10062846497600031
50,f1_strong_t1|f3_dup_a|f4_dup_b|f5_null|f6_suppressor,101111000,5,-2.867907479286194,0.031787360904813336,2.1146994729725512,2.302688998003503,-2.688042878803397,0.17986460048279707
50,f1_strong_t1|f3_dup_a|f4_dup_b|f5_null|f7_weak,101110100,5,-4.408751683712006,0.030659068970611724,0.5738552685467395,0.6726139929601865,-4.306410983936101,0.10234069977590465
50,f1_strong_t1|f3_dup_a|f4_dup_b|f5_null|f8_bigcoef,101110010,5,-4.225585784339905,0.030317161655682674,0.7570211679188406,0.8654452333661787,-4.114462398056656,0.11112338628324903
50,f1_strong_t1|f3_dup_a|f4_dup_b|f5_null|noise_0,101110001,5,-4.556515633583069,0.03084140732302131,0.4260913186756765,0.5188716430862063,-4.450590007599112,0.10592562598395716
50,f1_strong_t1|f3_dup_a|f4_dup_b|f6_suppressor|f7_weak,101101100,5,-2.7161556453704834,0.031472619701825744,2.266451306888262,2.456431347877483,-2.543863855140388,0.17229179023009555
50,f1_strong_t1|f3_dup_a|f4_dup_b|f6_suppressor|f8_bigcoef,101101010,5,-2.535778765964508,0.03152061866280524,2.4468281862942374,2.6492625882834755,-2.3519152692609415,0.1838634967035664
50,f1_strong_t1|f3_dup_a|f4_dup_b|f6_suppressor|noise_0,101101001,5,-2.8853607802391052,0.03235271499332639,2.09724617201964,2.302688998003503,-2.688042878803397,0.19731790143570827
50,f1_strong_t1|f3_dup_a|f4_dup_b|f7_weak|f8_bigcoef,101100110,5,-4.1356722549915315,0.03098666311144647,0.8469346972672138,0.9482024526049658,-4.030176549842233,0.1054957051492984
50,f1_strong_t1|f3_dup_a|f4_dup_b|f7_weak|noise_0,101100101,5,-4.40110411901474,0.030497121122834515,0.5815028332440049,0.6726139929601865,-4.306410983936101,0.0946931350786393
50,f1_strong_t1|f3_dup_a|f4_dup_b|f8_bigcoef|noise_0,101100011,5,-4.219746513986587,0.02996251933660627,0.762860438272158,0.8654452333661787,-4.114462398056656,0.10528411592993159
50,f1_strong_t1|f3_dup_a|f5_null|f6_suppressor|f7_weak,101011100,5,-2.74509098405838,0.029557211072192224,2.2375159682003654,2.446234080706321,-2.5544912992495132,0.1905996848088667
50,f1_strong_t1|f3_dup_a|f5_null|f6_suppressor|f8_bigcoef,101011010,5,-2.5451365090370177,0.02951010103322577,2.4374704432217276,2.639065321112313,-2.362542713370068,0.1825937956669499
50,f1_strong_t1|f3_dup_a|f5_null|f6_suppressor|noise_0,101011001,5,-2.8820509252548216,0.03027252871213619,2.1005560270039236,2.292491730832341,-2.6986703229125224,0.18338060234229925
50,f1_strong_t1|f3_dup_a|f5_null|f7_weak|f8_bigcoef,101010110,5,-4.151669016742706,0.029443049255199426,0.8309379355160393,0.938005185433804,-4.040803993951359,0.11086502279134702
50,f1_strong_t1|f3_dup_a|f5_null|f7_weak|noise_0,101010101,5,-4.4185063856124875,0.02889756005822081,0.5641005666462577,0.6624167257890249,-4.317038428045227,0.10146795756726057
50,f1_strong_t1|f3_dup_a|f5_null|f8_bigcoef|noise_0,101010011,5,-4.233248178243637,0.028468447491393878,0.749358774015108,0.8552479661950173,-4.125089842165781,0.10815833607785663
50,f1_strong_t1|f3_dup_a|f6_suppressor|f7_weak|f8_bigcoef,101001110,5,-2.461041387653351,0.030189976614045065,2.5215655646053943,2.7218225403511003,-2.278256865155645,0.18278452249770583
50,f1_strong_t1|f3_dup_a|f6_suppressor|f7_weak|noise_0,101001101,5,-2.7522358911514284,0.030169785512313082,2.230371061107317,2.446234080706321,-2.5544912992495132,0.19774459190191518
50,f1_strong_t1|f3_dup_a|f6_suppressor|f8_bigcoef|noise_0,101001011,5,-2.5459387062072754,0.029760400254696916,2.43666824605147,2.639065321112313,-2.362542713370068,0.18339599283720753
50,f1_strong_t1|f3_dup_a|f7_weak|f8_bigcoef|noise_0,101000111,5,-4.14345622587204,0.029269837370356183,0.8391507263867055,0.938005185433804,-4.040803993951359,0.10265223192068085
50,f1_strong_t1|f4_dup_b|f5_null|f6_suppressor|f7_weak,100111100,5,-2.7469556241989137,0.029659442932053214,2.2356513280598316,2.446234080706321,-2.55284712749034,0.19410849670857377
50,f1_strong_t1|f4_dup_b|f5_null|f6_suppressor|f8_bigcoef,100111010,5,-2.560501821041107,0.02979116219500584,2.4221051312176383,2.639065321112313,-2.3608985416108945,0.1996032794302125
50,f1_strong_t1|f4_dup_b|f5_null|f6_suppressor|noise_0,100111001,5,-2.893981917762756,0.030548116086537777,2.088625034495989,2.292491730832341,-2.697026151153349,0.19695576660940706
50,f1_strong_t1|f4_dup_b|f5_null|f7_weak|f8_bigcoef,100110110,5,-4.156305731630325,0.0293290662573314,0.8263012206284204,0.938005185433804,-4.039159822192186,0.11714590943813885
50,f1_strong_t1|f4_dup_b|f5_null|f7_weak|noise_0,100110101,5,-4.422085028457642,0.02876305599817665,0.5605219238011037,0.6624167257890249,-4.315394256286054,0.10669077217158751
50,f1_strong_t1|f4_dup_b|f5_null|f8_bigcoef|noise_0,100110011,5,-4.242294287347794,0.028400153476418694,0.7403126649109515,0.8552479661950173,-4.123445670406608,0.11884861694118598
50,f1_strong_t1|f4_dup_b|f6_suppressor|f7_weak|f8_bigcoef,100101110,5,-2.4636463411331175,0.03018696157114896,2.5189606111256277,2.7218225403511003,-2.2766126933964714,0.1870336477366461
50,f1_strong_t1|f4_dup_b|f6_suppressor|f7_weak|noise_0,100101101,5,-2.746610118675232,0.030160371950439923,2.2359968335835134,2.446234080706321,-2.55284712749034,0.19376299118489193
50,f1_strong_t1|f4_dup_b|f6_suppressor|f8_bigcoef|noise_0,100101011,5,-2.5521126255035402,0.02983380269461148,2.430494326755205,2.639065321112313,-2.3608985416108945,0.19121408389264571
50,f1_strong_t1|f4_dup_b|f7_weak|f8_bigcoef|noise_0,100100111,5,-4.148002193498612,0.029167442386694827,0.8346047587601335,0.938005185433804,-4.039159822192186,0.10884237130642571
50,f1_strong_t1|f5_null|f6_suppressor|f7_weak|f8_bigcoef,100011110,5,-2.758099973297119,0.03158434154662372,2.2245069789616263,2.3963293554832665,-2.588816498870001,0.1692834744271181
50,f1_strong_t1|f5_null|f6_suppressor|f7_weak|noise_0,100011101,5,-3.022321230506897,0.031225889806629766,1.9602857217518483,2.1207408958384875,-2.865050932963869,0.15727029754302801
50,f1_strong_t1|f5_null|f6_suppressor|f8_bigcoef|noise_0,100011011,5,-2.829994972705841,0.030958850786768043,2.1526119795529044,2.3135721362444794,-2.6731023470844235,0.15689262562141737
50,f1_strong_t1|f5_null|f7_weak|f8_bigcoef|noise_0,100010111,5,-4.445232534885407,0.030655039136809368,0.5373744173733384,0.6125120005659704,-4.351363627665714,0.09386890721969277
50,f1_strong_t1|f6_suppressor|f7_weak|f8_bigcoef|noise_0,100001111,5,-2.7604668402671813,0.03193874773544382,2.222140111991564,2.3963293554832665,-2.588816498870001,0.17165034139718038
50,f2_strong_t2|f3_dup_a|f4_dup_b|f5_null|f6_suppressor,11111000,5,-3.9214182393074037,0.03164740293728388,1.0611887129513415,1.1404094082560454,-3.8043887417550226,0.11702949755238112
50,f2_strong_t2|f3_dup_a|f4_dup_b|f5_null|f7_weak,11110100,5,-3.7671463182449343,0.03055896603759283,1.215460634013811,1.2941517581300257,-3.660209718092013,0.10693660015292128
50,f2_strong_t2|f3_dup_a|f4_dup_b|f5_null|f8_bigcoef,11110010,5,-3.575388673257828,0.030198624178556323,1.4072182790009173,1.4869829985360181,-3.4682611322125676,0.10712754104526034
50,f2_strong_t2|f3_dup_a|f4_dup_b|f5_null|noise_0,11110001,5,-3.9087832658290864,0.031168860755835148,1.0738236864296589,1.1404094082560454,-3.8043887417550226,0.1043945240740638
50,f2_strong_t2|f3_dup_a|f4_dup_b|f6_suppressor|f7_weak,11101100,5,-3.7708859890937805,0.031050425585946867,1.2117209631649648,1.2941517581300257,-3.660209718092013,0.11067627100176747
50,f2_strong_t2|f3_dup_a|f4_dup_b|f6_suppressor|f8_bigcoef,11101010,5,-3.5848867407798766,0.03067435743616595,1.3977202114788687,1.4869829985360181,-3.4682611322125676,0.11662560856730897
50,f2_strong_t2|f3_dup_a|f4_dup_b|f6_suppressor|noise_0,11101001,5,-3.915052172231674,0.03166722120318342,1.0675547800270713,1.1404094082560454,-3.8043887417550226,0.11066343047665139
50,f2_strong_t2|f3_dup_a|f4_dup_b|f7_weak|f8_bigcoef,11100110,5,-3.492526398706436,0.030692498394245975,1.4900805535523092,1.5697402177748048,-3.3839752839981445,0.1085511147082916
50,f2_strong_t2|f3_dup_a|f4_dup_b|f7_weak|noise_0,11100101,5,-3.754814261054993,0.030713558308351832,1.2277926912037525,1.2941517581300257,-3.660209718092013,0.09460454296297982
50,f2_strong_t2|f3_dup_a|f4_dup_b|f8_bigcoef|noise_0,11100011,5,-3.567571019744873,0.030240682985108864,1.4150359325138724,1.4869829985360181,-3.4682611322125676,0.0993098875323053
50,f2_strong_t2|f3_dup_a|f5_null|f6_suppressor|f7_weak,11011100,5,-3.7901393571376802,0.029324294044819055,1.192467595121065,1.2839544909588643,-3.6708371622011393,0.11930219493654093
50,f2_strong_t2|f3_dup_a|f5_null|f6_suppressor|f8_bigcoef,11011010,5,-3.589581481075287,0.02910458349277278,1.3930254711834582,1.4767857313648562,-3.478888576321694,0.11069290475359317
50,f2_strong_t2|f3_dup_a|f5_null|f6_suppressor|noise_0,11011001,5,-3.9285113783836363,0.030030276315408597,1.054095573875109,1.130212141084884,-3.8150161858641485,0.11349519251948781
50,f2_strong_t2|f3_dup_a|f5_null|f7_weak|f8_bigcoef,11010110,5,-3.5195239188671112,0.029269041872539803,1.463083033391634,1.5595429506036433,-3.3946027281072713,0.12492119075983998
50,f2_strong_t2|f3_dup_a|f5_null|f7_weak|noise_0,11010101,5,-3.7944318834781647,0.02942035541803673,1.1881750687805805,1.2839544909588643,-3.6708371622011393,0.12359472127702542
50,f2_strong_t2|f3_dup_a|f5_null|f8_bigcoef|noise_0,11010011,5,-3.589581863975525,0.028946436104685492,1.3930250882832205,1.4767857313648562,-3.478888576321694,0.11069328765383091
50,f2_strong_t2|f3_dup_a|f6_suppressor|f7_weak|f8_bigcoef,11001110,5,-3.513505545711517,0.029631544868752534,1.469101406547228,1.5595429506036433,-3.3946027281072713,0.11890281760424593
50,f2_strong_t2|f3_dup_a|f6_suppressor|f7_weak|noise_0,11001101,5,-3.783190891122818,0.029640134482968934,1.1994160611359272,1.2839544909588643,-3.6708371622011393,0.11235372892167872
50,f2_strong_t2|f3_dup_a|f6_suppressor|f8_bigcoef|noise_0,11001011,5,-3.586972245836258,0.029083026240012546,1.3956347064224874,1.4767857313648562,-3.478888576321694,0.10808366951456394
50,f2_strong_t2|f3_dup_a|f7_weak|f8_bigcoef|noise_0,11000111,5,-3.510383681297302,0.029512448779914595,1.4722232709614431,1.5595429506036433,-3.3946027281072713,0.1157809531900309
50,f2_strong_t2|f4_dup_b|f5_null|f6_suppressor|f7_weak,10111100,5,-3.780494672203064,0.029282112197788687,1.2021122800556814,1.2839544909588643,-3.669192990441967,0.111301681761097
50,f2_strong_t2|f4_dup_b|f5_null|f6_suppressor|f8_bigcoef,10111010,5,-3.596393395233154,0.02917735782783387,1.3862135570255911,1.4767857313648562,-3.4772444045625206,0.11914899067063356
50,f2_strong_t2|f4_dup_b|f5_null|f6_suppressor|noise_0,10111001,5,-3.928184040260315,0.0301046362560947,1.0544229119984303,1.130212141084884,-3.813372014104975,0.11481202615533981
50,f2_strong_t2|f4_dup_b|f5_null|f7_weak|f8_bigcoef,10110110,5,-3.5137941120624543,0.029227889944717037,1.468812840196291,1.5595429506036433,-3.392958556348098,0.12083555571435634
50,f2_strong_t2|f4_dup_b|f5_null|f7_weak|noise_0,10110101,5,-3.7804547610759736,0.029150989277410604,1.2021521911827717,1.2839544909588643,-3.669192990441967,0.11126177063400666
50,f2_strong_t2|f4_dup_b|f5_null|f8_bigcoef|noise_0,10110011,5,-3.589049667215347,0.02891961134244877,1.3935572850433982,1.4767857313648562,-3.4772444045625206,0.11180526265282653
50,f2_strong_t2|f4_dup_b|f6_suppressor|f7_weak|f8_bigcoef,10101110,5,-3.5126566353321076,0.029514067290323565,1.4699503169266377,1.5595429506036433,-3.392958556348098,0.11969807898400964
50,f2_strong_t2|f4_dup_b|f6_suppressor|f7_weak|noise_0,10101101,5,-3.7759353492736816,0.029416462732769752,1.2066716029850637,1.2839544909588643,-3.669192990441967,0.10674235883171468
50,f2_strong_t2|f4_dup_b|f6_suppressor|f8_bigcoef|noise_0,10101011,5,-3.5875531596660615,0.02902007296641158,1.3950537925926838,1.4767857313648562,-3.4772444045625206,0.11030875510354088
50,f2_strong_t2|f4_dup_b|f7_weak|f8_bigcoef|noise_0,10100111,5,-3.5063053908348083,0.0293462553572889,1.476301561423937,1.5595429506036433,-3.392958556348098,0.11334683448671035
50,f2_strong_t2|f5_null|f6_suppressor|f7_weak|f8_bigcoef,10011110,5,-3.804936791229248,0.03102051079362598,1.1776701610294973,1.2340497657358096,-3.705162361821627,0.09977442940762105
50,f2_strong_t2|f5_null|f6_suppressor|f7_weak|noise_0,10011101,5,-4.073729376173019,0.03087805314901969,0.9088775760857262,0.9584613060910306,-3.981396795915495,0.09233258025752411
50,f2_strong_t2|f5_null|f6_suppressor|f8_bigcoef|noise_0,10011011,5,-3.8767370437145234,0.030592676092728404,1.1058699085442218,1.151292546497023,-3.7894482100360496,0.08728883367847384
50,f2_strong_t2|f5_null|f7_weak|f8_bigcoef|noise_0,10010111,5,-3.801319609212875,0.03096960654576318,1.1812873430458701,1.2340497657358096,-3.705162361821627,0.0961572473912482
50,f2_strong_t2|f6_suppressor|f7_weak|f8_bigcoef|noise_0,10001111,5,-3.795177478504181,0.030918392400691982,1.1874294737545643,1.2340497657358096,-3.705162361821627,0.09001511668255402
50,f3_dup_a|f4_dup_b|f5_null|f6_suppressor|f7_weak,1111100,5,-4.580879576301575,0.030781009246809904,0.40172737595717045,0.48943280191297556,-4.483143826333933,0.0977357499676419
50,f3_dup_a|f4_dup_b|f5_null|f6_suppressor|f8_bigcoef,1111010,5,-4.392986040496826,0.030774656910524868,0.5896209117619193,0.682264042318968,-4.291195240454487,0.10179080004233931
50,f3_dup_a|f4_dup_b|f5_null|f6_suppressor|noise_0,1111001,5,-4.726546550750732,0.03114696569638409,0.25606040150801324,0.3356904520389953,-4.6273228499969425,0.0992237007537895
50,f3_dup_a|f4_dup_b|f5_null|f7_weak|f8_bigcoef,1110110,5,-4.3072381775379185,0.030836237404508825,0.6753687747208268,0.7650212615577549,-4.206909392240064,0.1003287852978545
50,f3_dup_a|f4_dup_b|f5_null|f7_weak|noise_0,1110101,5,-4.576173932266236,0.030435537157969633,0.4064330199925097,0.48943280191297556,-4.483143826333933,0.09303010593230265
50,f3_dup_a|f4_dup_b|f5_null|f8_bigcoef|noise_0,1110011,5,-4.3818888593196865,0.030085047656360723,0.6007180929390588,0.682264042318968,-4.291195240454487,0.09069361886519989
50,f3_dup_a|f4_dup_b|f6_suppressor|f7_weak|f8_bigcoef,1101110,5,-4.310382670640945,0.03115928984002263,0.6722242816178001,0.7650212615577549,-4.206909392240064,0.10347327840088116
50,f3_dup_a|f4_dup_b|f6_suppressor|f7_weak|noise_0,1101101,5,-4.5741158581733705,0.03060150502287147,0.40849109408537476,0.48943280191297556,-4.483143826333933,0.09097203183943758
50,f3_dup_a|f4_dup_b|f6_suppressor|f8_bigcoef|noise_0,1101011,5,-4.389425711011887,0.030347602363946624,0.5931812412468584,0.682264042318968,-4.291195240454487,0.0982304705574002
50,f3_dup_a|f4_dup_b|f7_weak|f8_bigcoef|noise_0,1100111,5,-4.29977890086174,0.030629254945674384,0.6828280513970055,0.7650212615577549,-4.206909392240064,0.09286950862167576
50,f3_dup_a|f5_null|f6_suppressor|f7_weak|f8_bigcoef,1011110,5,-4.316786191415787,0.02942252975397268,0.6658207608429585,0.7548239943865932,-4.21753683634919,0.09924935506659693
50,f3_dup_a|f5_null|f6_suppressor|f7_weak|noise_0,1011101,5,-4.591780540084839,0.028953661203772452,0.39082641217390623,0.4792355347418139,-4.493771270443058,0.09800926964178114
50,f3_dup_a|f5_null|f6_suppressor|f8_bigcoef|noise_0,1011011,5,-4.395742553186417,0.028679596498899364,0.5868643990723283,0.6720667751478063,-4.3018226845636125,0.09391986862280444
50,f3_dup_a|f5_null|f7_weak|f8_bigcoef|noise_0,1010111,5,-4.320798441362381,0.029238445575432103,0.661808510896364,0.7548239943865932,-4.21753683634919,0.10326160501319137
50,f3_dup_a|f6_suppressor|f7_weak|f8_bigcoef|noise_0,1001111,5,-4.310570257854462,0.029211756778904176,0.6720366944042837,0.7548239943865932,-4.21753683634919,0.09303342150527172
50,f4_dup_b|f5_null|f6_suppressor|f7_weak|f8_bigcoef,111110,5,-4.322070510530472,0.029493291882474678,0.6605364417282731,0.7548239943865932,-4.215892664590016,0.1061778459404561
50,f4_dup_b|f5_null|f6_suppressor|f7_weak|noise_0,111101,5,-4.587587555980682,0.0288117327425792,0.39501939627806326,0.4792355347418139,-4.492127098683885,0.09546045729679697
50,f4_dup_b|f5_null|f6_suppressor|f8_bigcoef|noise_0,111011,5,-4.399970434761047,0.02872382311562046,0.582636517497698,0.6720667751478063,-4.300178512804439,0.09979192195660858
50,f4_dup_b|f5_null|f7_weak|f8_bigcoef|noise_0,110111,5,-4.319206237173081,0.029153020640423067,0.6634007150856647,0.7548239943865932,-4.215892664590016,0.1033135725830645
50,f4_dup_b|f6_suppressor|f7_weak|f8_bigcoef|noise_0,101111,5,-4.312898054218293,0.029203370934356442,0.6697088980404526,0.7548239943865932,-4.215892664590016,0.09700538962827654
50,f5_null|f6_suppressor|f7_weak|f8_bigcoef|noise_0,11111,5,-4.603453759765625,0.030616345199754095,0.3791531924931206,0.42933080951875946,-4.528096470063545,0.07535728970207956
50,f1_strong_t1|f2_strong_t2|f3_dup_a|f4_dup_b|f5_null|f6_suppressor,111111000,6,-2.0625487535476683,0.032099589360787044,2.920058198711077,3.1074079542205526,-1.8651087705614784,0.19743998298618992
50,f1_strong_t1|f2_strong_t2|f3_dup_a|f4_dup_b|f5_null|f7_weak,111110100,6,-3.6067640358924864,0.03054630899163435,1.3758429163662589,1.477332949177237,-3.4834768756941825,0.12328716019830388
50,f1_strong_t1|f2_strong_t2|f3_dup_a|f4_dup_b|f5_null|f8_bigcoef,111110010,6,-3.4235821140766145,0.030161044202984582,1.5590248381821308,1.6701641895832289,-3.291528289814737,0.1320538242618774
50,f1_strong_t1|f2_strong_t2|f3_dup_a|f4_dup_b|f5_null|noise_0,111110001,6,-3.75697874584198,0.031105078895842977,1.2256282064167654,1.3235905993032566,-3.6276558993571917,0.1293228464847882
50,f1_strong_t1|f2_strong_t2|f3_dup_a|f4_dup_b|f6_suppressor|f7_weak,111101100,6,-1.9013298494338988,0.03153995069525968,3.0812771028248465,3.261150304094533,-1.7209297468984697,0.18040010253542915
50,f1_strong_t1|f2_strong_t2|f3_dup_a|f4_dup_b|f6_suppressor|f8_bigcoef,111101010,6,-1.715634732246399,0.03144681092449831,3.266972220012346,3.4539815445005253,-1.5289811610190234,0.18665357122737558
50,f1_strong_t1|f2_strong_t2|f3_dup_a|f4_dup_b|f6_suppressor|noise_0,111101001,6,-2.065914496898651,0.03287363295740798,2.9166924553600944,3.1074079542205526,-1.8651087705614784,0.20080572633717253
50,f1_strong_t1|f2_strong_t2|f3_dup_a|f4_dup_b|f7_weak|f8_bigcoef,111100110,6,-3.329391307926178,0.030729288031649777,1.6532156443325672,1.752921408822016,-3.2072424416003145,0.12214886632586364
50,f1_strong_t1|f2_strong_t2|f3_dup_a|f4_dup_b|f7_weak|noise_0,111100101,6,-3.5965425225257874,0.03069194773713195,1.3860644297329578,1.477332949177237,-3.4834768756941825,0.11306564683160492
50,f1_strong_t1|f2_strong_t2|f3_dup_a|f4_dup_b|f8_bigcoef|noise_0,111100011,6,-3.413700247001648,0.030100479304585356,1.5689067052570973,1.6701641895832289,-3.291528289814737,0.12217195718691087
50,f1_strong_t1|f2_strong_t2|f3_dup_a|f5_null|f6_suppressor|f7_weak,111011100,6,-1.9510546403884887,0.029938668047917227,3.0315523118702563,3.2509530369233715,-1.7315571910075949,0.21949744938089388
50,f1_strong_t1|f2_strong_t2|f3_dup_a|f5_null|f6_suppressor|f8_bigcoef,111011010,6,-1.7573326971054077,0.029928556399987524,3.2252742551533373,3.443784277329364,-1.539608605128149,0.21772409197725873
50,f1_strong_t1|f2_strong_t2|f3_dup_a|f5_null|f6_suppressor|noise_0,111011001,6,-2.082607371425629,0.030998828138042108,2.8999995808331165,3.097210687049391,-1.875736214670604,0.20687115675502477
50,f1_strong_t1|f2_strong_t2|f3_dup_a|f5_null|f7_weak|f8_bigcoef,111010110,6,-3.3505696575164796,0.02918932534110596,1.6320372947422657,1.742724141650854,-3.21786988570944,0.13269977180703973
50,f1_strong_t1|f2_strong_t2|f3_dup_a|f5_null|f7_weak|noise_0,111010101,6,-3.619251179599762,0.02906607450206033,1.3633557726589833,1.467135682006075,-3.4941043198033093,0.12514685979645268
50,f1_strong_t1|f2_strong_t2|f3_dup_a|f5_null|f8_bigcoef|noise_0,111010011,6,-3.4303008199691774,0.02862356353449439,1.552306132289568,1.6599669224120674,-3.302155733923863,0.12814508604531438
50,f1_strong_t1|f2_strong_t2|f3_dup_a|f6_suppressor|f7_weak|f8_bigcoef,111001110,6,-1.6792138226509095,0.03091350495151855,3.303393129607836,3.52654149656815,-1.455322756913727,0.22389106573718243
50,f1_strong_t1|f2_strong_t2|f3_dup_a|f6_suppressor|f7_weak|noise_0,111001101,6,-1.9465746797561645,0.030973849979587426,3.036032272502581,3.2509530369233715,-1.7315571910075949,0.21501748874856963
50,f1_strong_t1|f2_strong_t2|f3_dup_a|f6_suppressor|f8_bigcoef|noise_0,111001011,6,-1.7516150575637817,0.03042084444835011,3.230991894694964,3.443784277329364,-1.539608605128149,0.21200645243563265
50,f1_strong_t1|f2_strong_t2|f3_dup_a|f7_weak|f8_bigcoef|noise_0,111000111,6,-3.341857184648514,0.029325474519423064,1.6407497676102314,1.742724141650854,-3.2178698857094394,0.12398729893907445
50,f1_strong_t1|f2_strong_t2|f4_dup_b|f5_null|f6_suppressor|f7_weak,110111100,6,-1.9430212284088135,0.02998853361409086,3.0395857238499318,3.2509530369233715,-1.7299130192484211,0.21310820916039241
50,f1_strong_t1|f2_strong_t2|f4_dup_b|f5_null|f6_suppressor|f8_bigcoef,110111010,6,-1.7558934692382813,0.029894339669694597,3.226713483020464,3.443784277329364,-1.5379644333689753,0.217929035869306
50,f1_strong_t1|f2_strong_t2|f4_dup_b|f5_null|f6_suppressor|noise_0,110111001,6,-2.0939703280448914,0.031150968330928168,2.888636624213854,3.097210687049391,-1.8740920429114303,0.21987828513346108
50,f1_strong_t1|f2_strong_t2|f4_dup_b|f5_null|f7_weak|f8_bigcoef,110110110,6,-3.353592133998871,0.029199047476070508,1.6290148182598743,1.742724141650854,-3.216225713950266,0.1373664200486049
50,f1_strong_t1|f2_strong_t2|f4_dup_b|f5_null|f7_weak|noise_0,110110101,6,-3.6209426466465,0.02901623061336804,1.3616643056122455,1.467135682006075,-3.492460148044135,0.12848249860236471
50,f1_strong_t1|f2_strong_t2|f4_dup_b|f5_null|f8_bigcoef|noise_0,110110011,6,-3.4377588575839995,0.028638389878231977,1.5448480946747458,1.6599669224120674,-3.3005115621646897,0.1372472954193098
50,f1_strong_t1|f2_strong_t2|f4_dup_b|f6_suppressor|f7_weak|f8_bigcoef,110101110,6,-1.6552494387626648,0.030197970654694414,3.3273575134960804,3.52654149656815,-1.4536785851545533,0.20157085360811156
50,f1_strong_t1|f2_strong_t2|f4_dup_b|f6_suppressor|f7_weak|noise_0,110101101,6,-1.935603882408142,0.03064902764880424,3.047003069850603,3.2509530369233715,-1.7299130192484216,0.20569086315972052
50,f1_strong_t1|f2_strong_t2|f4_dup_b|f6_suppressor|f8_bigcoef|noise_0,110101011,6,-1.738560874938965,0.030188344511514757,3.2440460773197803,3.443784277329364,-1.5379644333689753,0.20059644156998968
50,f1_strong_t1|f2_strong_t2|f4_dup_b|f7_weak|f8_bigcoef|noise_0,110100111,6,-3.345969473743439,0.029261395283812722,1.6366374785153064,1.742724141650854,-3.216225713950266,0.12974375979317276
50,f1_strong_t1|f2_strong_t2|f5_null|f6_suppressor|f7_weak|f8_bigcoef,110011110,6,-1.9689700759887696,0.03191505562737455,3.0136368762699757,3.201048311700317,-1.765882390628082,0.20308768536068755
50,f1_strong_t1|f2_strong_t2|f5_null|f6_suppressor|f7_weak|noise_0,110011101,6,-2.2233556978225706,0.03197067492079488,2.7592512544361747,2.9254598520555377,-2.0421168247219508,0.1812388731006198
50,f1_strong_t1|f2_strong_t2|f5_null|f6_suppressor|f8_bigcoef|noise_0,110011011,6,-2.0383143176078797,0.031809017923826344,2.9442926346508655,3.11829109246153,-1.8501682388425047,0.18814607876537504
50,f1_strong_t1|f2_strong_t2|f5_null|f7_weak|f8_bigcoef|noise_0,110010111,6,-3.6435196230888365,0.030858039760406433,1.3390873291699088,1.4172309567830204,-3.528429519423795,0.11509010366504135
50,f1_strong_t1|f2_strong_t2|f6_suppressor|f7_weak|f8_bigcoef|noise_0,110001111,6,-1.9540210867881775,0.03273953493512315,3.0285858654705677,3.201048311700317,-1.765882390628082,0.1881386961600955
50,f1_strong_t1|f3_dup_a|f4_dup_b|f5_null|f6_suppressor|f7_weak,101111100,6,-2.720879148864746,0.03137229392635617,2.2617278033939994,2.456431347877483,-2.543863855140388,0.1770152937243581
50,f1_strong_t1|f3_dup_a|f4_dup_b|f5_null|f6_suppressor|f8_bigcoef,101111010,6,-2.536804842185974,0.03153009957458728,2.4458021100727714,2.6492625882834755,-2.3519152692609415,0.18488957292503239
50,f1_strong_t1|f3_dup_a|f4_dup_b|f5_null|f6_suppressor|noise_0,101111001,6,-2.874437939453125,0.03229378227904639,2.1081690128056203,2.302688998003503,-2.688042878803397,0.186395060649728
50,f1_strong_t1|f3_dup_a|f4_dup_b|f5_null|f7_weak|f8_bigcoef,101110110,6,-4.146725125026703,0.031148135591972728,0.8358818272320425,0.9482024526049658,-4.030176549842233,0.1165485751844697
50,f1_strong_t1|f3_dup_a|f4_dup_b|f5_null|f7_weak|noise_0,101110101,6,-4.41285160241127,0.030653621052228033,0.5697553498474752,0.6726139929601865,-4.306410983936101,0.10644061847516895
50,f1_strong_t1|f3_dup_a|f4_dup_b|f5_null|f8_bigcoef|noise_0,101110011,6,-4.23022700548172,0.030258062557113788,0.7523799467770251,0.8654452333661787,-4.114462398056656,0.11576460742506445
50,f1_strong_t1|f3_dup_a|f4_dup_b|f6_suppressor|f7_weak|f8_bigcoef,101101110,6,-2.4446505296707155,0.031813297120611594,2.53795642258803,2.732019807522262,-2.267629421046519,0.17702110862419662
50,f1_strong_t1|f3_dup_a|f4_dup_b|f6_suppressor|f7_weak|noise_0,101101101,6,-2.730210990524292,0.03196193119284437,2.2523959617344533,2.456431347877483,-2.543863855140388,0.18634713538390413
50,f1_strong_t1|f3_dup_a|f4_dup_b|f6_suppressor|f8_bigcoef|noise_0,101101011,6,-2.536717572879791,0.03169022930523828,2.4458893793789542,2.6492625882834755,-2.3519152692609415,0.18480230361884953
50,f1_strong_t1|f3_dup_a|f4_dup_b|f7_weak|f8_bigcoef|noise_0,101100111,6,-4.1402274687290195,0.030894709850328203,0.8423794835297258,0.9482024526049658,-4.030176549842233,0.11005091888678642
50,f1_strong_t1|f3_dup_a|f5_null|f6_suppressor|f7_weak|f8_bigcoef,101011110,6,-2.475830804538727,0.030333215149584727,2.5067761477200183,2.7218225403511003,-2.278256865155645,0.19757393938308176
50,f1_strong_t1|f3_dup_a|f5_null|f6_suppressor|f7_weak|noise_0,101011101,6,-2.752787913322449,0.030034547083297294,2.2298190389362964,2.446234080706321,-2.5544912992495132,0.19829661407293564
50,f1_strong_t1|f3_dup_a|f5_null|f6_suppressor|f8_bigcoef|noise_0,101011011,6,-2.551309073352814,0.029921485380119052,2.4312978789059314,2.639065321112313,-2.362542713370068,0.18876635998274605
50,f1_strong_t1|f3_dup_a|f5_null|f7_weak|f8_bigcoef|noise_0,101010111,6,-4.158147273874283,0.029487816814300113,0.8244596783844624,0.938005185433804,-4.040803993951359,0.11734327992292393
50,f1_strong_t1|f3_dup_a|f6_suppressor|f7_weak|f8_bigcoef|noise_0,101001111,6,-2.4793834895133973,0.030661202096680294,2.503223462745348,2.7218225403511003,-2.278256865155645,0.20112662435775208
50,f1_strong_t1|f4_dup_b|f5_null|f6_suppressor|f7_weak|f8_bigcoef,100111110,6,-2.4735593952178956,0.030324732269691297,2.5090475570408497,2.7218225403511003,-2.2766126933964714,0.19694670182142415
50,f1_strong_t1|f4_dup_b|f5_null|f6_suppressor|f7_weak|noise_0,100111101,6,-2.754257836437225,0.030062180414678473,2.22834911582152,2.446234080706321,-2.55284712749034,0.2014107089468853
50,f1_strong_t1|f4_dup_b|f5_null|f6_suppressor|f8_bigcoef|noise_0,100111011,6,-2.558123086452484,0.030102124981432273,2.4244838658062613,2.639065321112313,-2.3608985416108945,0.19722454484158947
50,f1_strong_t1|f4_dup_b|f5_null|f7_weak|f8_bigcoef|noise_0,100110111,6,-4.162421980428696,0.02937465727379171,0.8201849718300496,0.938005185433804,-4.039159822192186,0.12326215823650966
50,f1_strong_t1|f4_dup_b|f6_suppressor|f7_weak|f8_bigcoef|noise_0,100101111,6,-2.473499855518341,0.030479170529242886,2.5091070967404043,2.7218225403511003,-2.2766126933964714,0.19688716212186952
50,f1_strong_t1|f5_null|f6_suppressor|f7_weak|f8_bigcoef|noise_0,100011111,6,-2.757568389606476,0.03198194877726221,2.2250385626522693,2.3963293554832665,-2.588816498870001,0.16875189073647512
50,f2_strong_t2|f3_dup_a|f4_dup_b|f5_null|f6_suppressor|f7_weak,11111100,6,-3.7842402159690858,0.031191624111738876,1.1983667362896595,1.2941517581300257,-3.660209718092013,0.12403049787707277
50,f2_strong_t2|f3_dup_a|f4_dup_b|f5_null|f6_suppressor|f8_bigcoef,11111010,6,-3.594949207353592,0.030969884293959356,1.3876577449051535,1.4869829985360181,-3.4682611322125676,0.1266880751410242
50,f2_strong_t2|f3_dup_a|f4_dup_b|f5_null|f6_suppressor|noise_0,11111001,6,-3.928058686733246,0.03181847279096426,1.0545482655254994,1.1404094082560454,-3.8043887417550226,0.12366994497822326
50,f2_strong_t2|f3_dup_a|f4_dup_b|f5_null|f7_weak|f8_bigcoef,11110110,6,-3.5044906095027923,0.03088359976861309,1.478116342755953,1.5697402177748048,-3.3839752839981445,0.12051532550464783
50,f2_strong_t2|f3_dup_a|f4_dup_b|f5_null|f7_weak|noise_0,11110101,6,-3.771860609579086,0.0309240358875457,1.2107463426796592,1.2941517581300257,-3.660209718092013,0.11165089148707308
50,f2_strong_t2|f3_dup_a|f4_dup_b|f5_null|f8_bigcoef|noise_0,11110011,6,-3.57728213391304,0.03051821031519002,1.4053248183457052,1.4869829985360181,-3.4682611322125676,0.10902100170047246
50,f2_strong_t2|f3_dup_a|f4_dup_b|f6_suppressor|f7_weak|f8_bigcoef,11101110,6,-3.510909724855423,0.03132079002251413,1.4716972274033222,1.5697402177748048,-3.3839752839981445,0.12693444085727856
50,f2_strong_t2|f3_dup_a|f4_dup_b|f6_suppressor|f7_weak|noise_0,11101101,6,-3.774309245443344,0.031244045754821245,1.2082977068154013,1.2941517581300257,-3.660209718092013,0.114099527351331
50,f2_strong_t2|f3_dup_a|f4_dup_b|f6_suppressor|f8_bigcoef|noise_0,11101011,6,-3.5875824541568755,0.030781977005754912,1.3950244981018698,1.4869829985360181,-3.4682611322125676,0.11932132194430789
50,f2_strong_t2|f3_dup_a|f4_dup_b|f7_weak|f8_bigcoef|noise_0,11100111,6,-3.495073546934128,0.03098853113229911,1.4875334053246174,1.5697402177748048,-3.3839752839981445,0.11109826293598335
50,f2_strong_t2|f3_dup_a|f5_null|f6_suppressor|f7_weak|f8_bigcoef,11011110,6,-3.5266273855686188,0.029860531828017865,1.4559795666901265,1.5595429506036433,-3.3946027281072713,0.1320246574613475
50,f2_strong_t2|f3_dup_a|f5_null|f6_suppressor|f7_weak|noise_0,11011101,6,-3.7995234253406527,0.02974072839925571,1.1830835269180926,1.2839544909588643,-3.6708371622011393,0.12868626313951337
50,f2_strong_t2|f3_dup_a|f5_null|f6_suppressor|f8_bigcoef|noise_0,11011011,6,-3.5956380836486814,0.029352150054222644,1.3869688686100639,1.4767857313648562,-3.478888576321694,0.11674950732698752
50,f2_strong_t2|f3_dup_a|f5_null|f7_weak|f8_bigcoef|noise_0,11010111,6,-3.5270085972309113,0.029808860232032636,1.455598355027834,1.5595429506036433,-3.3946027281072713,0.13240586912364005
50,f2_strong_t2|f3_dup_a|f6_suppressor|f7_weak|f8_bigcoef|noise_0,11001111,6,-3.5197867825984956,0.02989440968582549,1.4628201696602496,1.5595429506036433,-3.3946027281072713,0.12518405449122438
50,f2_strong_t2|f4_dup_b|f5_null|f6_suppressor|f7_weak|f8_bigcoef,10111110,6,-3.5245274499893187,0.02977356410412231,1.4580795022694266,1.5595429506036433,-3.392958556348098,0.1315688936412207
50,f2_strong_t2|f4_dup_b|f5_null|f6_suppressor|f7_weak|noise_0,10111101,6,-3.7893145542144775,0.02949303349099409,1.1932923980442678,1.2839544909588643,-3.669192990441967,0.1201215637725106
50,f2_strong_t2|f4_dup_b|f5_null|f6_suppressor|f8_bigcoef|noise_0,10111011,6,-3.599907356214523,0.029325391548313696,1.382699596044222,1.4767857313648562,-3.4772444045625206,0.12266295165200258
50,f2_strong_t2|f4_dup_b|f5_null|f7_weak|f8_bigcoef|noise_0,10110111,6,-3.518575091409683,0.029629908565237284,1.4640318608490621,1.5595429506036433,-3.392958556348098,0.1256165350615852
50,f2_strong_t2|f4_dup_b|f6_suppressor|f7_weak|f8_bigcoef|noise_0,10101111,6,-3.5142902014732362,0.02969150964463036,1.468316750785509,1.5595429506036433,-3.392958556348098,0.12133164512513828
50,f2_strong_t2|f5_null|f6_suppressor|f7_weak|f8_bigcoef|noise_0,10011111,6,-3.8090931579113008,0.031304106842696834,1.1735137943474445,1.2340497657358096,-3.705162361821627,0.10393079608967382
50,f3_dup_a|f4_dup_b|f5_null|f6_suppressor|f7_weak|f8_bigcoef,1111110,6,-4.319583841705322,0.03146552561623298,0.6630231105534232,0.7650212615577549,-4.206909392240064,0.11267444946525806
50,f3_dup_a|f4_dup_b|f5_null|f6_suppressor|f7_weak|noise_0,1111101,6,-4.586076789474487,0.030901719703526488,0.39653016278425834,0.48943280191297556,-4.483143826333933,0.102932963140554
50,f3_dup_a|f4_dup_b|f5_null|f6_suppressor|f8_bigcoef|noise_0,1111011,6,-4.398238310098648,0.030759924484292607,0.5843686421600971,0.682264042318968,-4.291195240454487,0.10704306964416155
50,f3_dup_a|f4_dup_b|f5_null|f7_weak|f8_bigcoef|noise_0,1110111,6,-4.310067382907867,0.030987367735927876,0.672539569350878,0.7650212615577549,-4.206909392240064,0.10315799066780329
50,f3_dup_a|f4_dup_b|f6_suppressor|f7_weak|f8_bigcoef|noise_0,1101111,6,-4.3119990724086765,0.031169017038042576,0.6706078798500688,0.7650212615577549,-4.206909392240064,0.10508968016861253
50,f3_dup_a|f5_null|f6_suppressor|f7_weak|f8_bigcoef|noise_0,1011111,6,-4.324509633255005,0.02958440622766007,0.6580973190037405,0.7548239943865932,-4.21753683634919,0.10697279690581496
50,f4_dup_b|f5_null|f6_suppressor|f7_weak|f8_bigcoef|noise_0,111111,6,-4.326681126499176,0.029577985715838025,0.655925825759569,0.7548239943865932,-4.215892664590016,0.11078846190916014
50,f1_strong_t1|f2_strong_t2|f3_dup_a|f4_dup_b|f5_null|f6_suppressor|f7_weak,111111100,7,-1.9140826155662536,0.03158211302173467,3.0685243366924917,3.261150304094533,-1.7209297468984697,0.19315286866778392
50,f1_strong_t1|f2_strong_t2|f3_dup_a|f4_dup_b|f5_null|f6_suppressor|f8_bigcoef,111111010,7,-1.7353577609062194,0.03147150500774835,3.247249191352526,3.4539815445005253,-1.5289811610190234,0.20637659988719603
50,f1_strong_t1|f2_strong_t2|f3_dup_a|f4_dup_b|f5_null|f6_suppressor|noise_0,111111001,7,-2.0709892663002014,0.03270116956678132,2.911617685958544,3.1074079542205526,-1.8651087705614784,0.20588049573872302
50,f1_strong_t1|f2_strong_t2|f3_dup_a|f4_dup_b|f5_null|f7_weak|f8_bigcoef,111110110,7,-3.3416460982322693,0.030812065998237995,1.640960854026476,1.752921408822016,-3.2072424416003145,0.13440365663195486
50,f1_strong_t1|f2_strong_t2|f3_dup_a|f4_dup_b|f5_null|f7_weak|noise_0,111110101,7,-3.610894667482376,0.030678427691709566,1.3717122847763692,1.477332949177237,-3.4834768756941825,0.12741779178819357
50,f1_strong_t1|f2_strong_t2|f3_dup_a|f4_dup_b|f5_null|f8_bigcoef|noise_0,111110011,7,-3.426169528245926,0.030240220971010402,1.5564374240128194,1.6701641895832289,-3.291528289814737,0.1346412384311888
50,f1_strong_t1|f2_strong_t2|f3_dup_a|f4_dup_b|f6_suppressor|f7_weak|f8_bigcoef,111101110,7,-1.6331198875427246,0.03171282115549789,3.349487064716021,3.5367387637393115,-1.4446953128046012,0.18842457473812346
50,f1_strong_t1|f2_strong_t2|f3_dup_a|f4_dup_b|f6_suppressor|f7_weak|noise_0,111101101,7,-1.9130380133628846,0.03217237124903587,3.069568938895861,3.261150304094533,-1.7209297468984697,0.19210826646441492
50,f1_strong_t1|f2_strong_t2|f3_dup_a|f4_dup_b|f6_suppressor|f8_bigcoef|noise_0,111101011,7,-1.7269699692726135,0.0318861624410961,3.2556369829861316,3.4539815445005253,-1.5289811610190234,0.1979888082535901
50,f1_strong_t1|f2_strong_t2|f3_dup_a|f4_dup_b|f7_weak|f8_bigcoef|noise_0,111100111,7,-3.334589241981506,0.030792811198926188,1.648017710277239,1.752921408822016,-3.2072424416003145,0.12734680038119173
50,f1_strong_t1|f2_strong_t2|f3_dup_a|f5_null|f6_suppressor|f7_weak|f8_bigcoef,111011110,7,-1.69364922208786,0.030706539424132543,3.2889577301708854,3.52654149656815,-1.4553227569137268,0.23832646517413325
50,f1_strong_t1|f2_strong_t2|f3_dup_a|f5_null|f6_suppressor|f7_weak|noise_0,111011101,7,-1.9548923013687134,0.0305972171626462,3.027714650890032,3.2509530369233715,-1.7315571910075949,0.22333511036111853
50,f1_strong_t1|f2_strong_t2|f3_dup_a|f5_null|f6_suppressor|f8_bigcoef|noise_0,111011011,7,-1.7615694135665894,0.030482988588248126,3.2210375386921557,3.443784277329364,-1.539608605128149,0.22196080843844035
50,f1_strong_t1|f2_strong_t2|f3_dup_a|f5_null|f7_weak|f8_bigcoef|noise_0,111010111,7,-3.3585629340171814,0.02945675500040729,1.6240440182415639,1.742724141650854,-3.21786988570944,0.14069304830774154
50,f1_strong_t1|f2_strong_t2|f3_dup_a|f6_suppressor|f7_weak|f8_bigcoef|noise_0,111001111,7,-1.6906488938331603,0.03139986671704313,3.291958058425585,3.52654149656815,-1.455322756913727,0.23532613691943327
50,f1_strong_t1|f2_strong_t2|f4_dup_b|f5_null|f6_suppressor|f7_weak|f8_bigcoef,110111110,7,-1.6731454491615296,0.030243526261864714,3.3094615030972157,3.52654149656815,-1.4536785851545533,0.21946686400697635
50,f1_strong_t1|f2_strong_t2|f4_dup_b|f5_null|f6_suppressor|f7_weak|noise_0,110111101,7,-1.953097724723816,0.0304358735554151,3.0295092275349296,3.2509530369233715,-1.7299130192484211,0.22318470547539482
50,f1_strong_t1|f2_strong_t2|f4_dup_b|f5_null|f6_suppressor|f8_bigcoef|noise_0,110111011,7,-1.7580691301345825,0.0303025776171357,3.2245378221241627,3.443784277329364,-1.5379644333689753,0.2201046967656073
50,f1_strong_t1|f2_strong_t2|f4_dup_b|f5_null|f7_weak|f8_bigcoef|noise_0,110110111,7,-3.36215843296051,0.029429567540532275,1.6204485192982352,1.742724141650854,-3.216225713950266,0.14593271901024396
50,f1_strong_t1|f2_strong_t2|f4_dup_b|f6_suppressor|f7_weak|f8_bigcoef|noise_0,110101111,7,-1.6607397422790526,0.030559018460487867,3.3218672099796924,3.52654149656815,-1.4536785851545533,0.20706115712449935
50,f1_strong_t1|f2_strong_t2|f5_null|f6_suppressor|f7_weak|f8_bigcoef|noise_0,110011111,7,-1.9658348534584045,0.03254688661364144,3.016772098800341,3.201048311700317,-1.765882390628082,0.19995246283032242
50,f1_strong_t1|f3_dup_a|f4_dup_b|f5_null|f6_suppressor|f7_weak|f8_bigcoef,101111110,7,-2.450821670150757,0.0318962544219196,2.5317852821079883,2.732019807522262,-2.267629421046519,0.18319224910423815
50,f1_strong_t1|f3_dup_a|f4_dup_b|f5_null|f6_suppressor|f7_weak|noise_0,101111101,7,-2.728705020236969,0.03180978361134683,2.253901932021776,2.456431347877483,-2.543863855140388,0.18484116509658133
50,f1_strong_t1|f3_dup_a|f4_dup_b|f5_null|f6_suppressor|f8_bigcoef|noise_0,101111011,7,-2.539807498836517,0.031729119081843817,2.442799453422228,2.6492625882834755,-2.3519152692609415,0.1878922295755756
50,f1_strong_t1|f3_dup_a|f4_dup_b|f5_null|f7_weak|f8_bigcoef|noise_0,101110111,7,-4.150987757110595,0.031141256535748882,0.83161919514815,0.9482024526049658,-4.030176549842233,0.12081120726836225
50,f1_strong_t1|f3_dup_a|f4_dup_b|f6_suppressor|f7_weak|f8_bigcoef|noise_0,101101111,7,-2.4523947956085204,0.03215598589702269,2.530212156650225,2.732019807522262,-2.267629421046519,0.18476537456200148
50,f1_strong_t1|f3_dup_a|f5_null|f6_suppressor|f7_weak|f8_bigcoef|noise_0,101011111,7,-2.484122223186493,0.03068548929875399,2.4984847290722523,2.7218225403511003,-2.278256865155645,0.20586535803084782
50,f1_strong_t1|f4_dup_b|f5_null|f6_suppressor|f7_weak|f8_bigcoef|noise_0,100111111,7,-2.4818716685295104,0.03072447004204234,2.500735283729235,2.7218225403511003,-2.2766126933964714,0.20525897513303892
50,f2_strong_t2|f3_dup_a|f4_dup_b|f5_null|f6_suppressor|f7_weak|f8_bigcoef,11111110,7,-3.523052264928818,0.031565856266962095,1.4595546873299274,1.5697402177748048,-3.3839752839981445,0.13907698093067333
50,f2_strong_t2|f3_dup_a|f4_dup_b|f5_null|f6_suppressor|f7_weak|noise_0,11111101,7,-3.7872601161956787,0.03136645815868242,1.1953468360630666,1.2941517581300257,-3.660209718092013,0.1270503981036657
50,f2_strong_t2|f3_dup_a|f4_dup_b|f5_null|f6_suppressor|f8_bigcoef|noise_0,11111011,7,-3.5960440792560577,0.031133585897264414,1.3865628730026875,1.4869829985360181,-3.4682611322125676,0.12778294704349014
50,f2_strong_t2|f3_dup_a|f4_dup_b|f5_null|f7_weak|f8_bigcoef|noise_0,11110111,7,-3.507362614297867,0.03127009568027288,1.4752443379608784,1.5697402177748048,-3.3839752839981445,0.12338733029972238
50,f2_strong_t2|f3_dup_a|f4_dup_b|f6_suppressor|f7_weak|f8_bigcoef|noise_0,11101111,7,-3.510686982965469,0.031467500481349366,1.471919969293276,1.5697402177748048,-3.3839752839981445,0.1267116989673247
50,f2_strong_t2|f3_dup_a|f5_null|f6_suppressor|f7_weak|f8_bigcoef|noise_0,11011111,7,-3.5334834074020387,0.030193256280853863,1.4491235448567066,1.5595429506036433,-3.3946027281072713,0.13888067929476744
50,f2_strong_t2|f4_dup_b|f5_null|f6_suppressor|f7_weak|f8_bigcoef|noise_0,10111111,7,-3.5290185346126557,0.030025027581202877,1.4535884176460896,1.5595429506036433,-3.392958556348098,0.13605997826455773
50,f3_dup_a|f4_dup_b|f5_null|f6_suppressor|f7_weak|f8_bigcoef|noise_0,1111111,7,-4.322542964506149,0.03152739762605314,0.6600639877525962,0.7650212615577549,-4.206909392240064,0.11563357226608506
50,f1_strong_t1|f2_strong_t2|f3_dup_a|f4_dup_b|f5_null|f6_suppressor|f7_weak|f8_bigcoef,111111110,8,-1.6525838522911072,0.03185198181437931,3.3300230999676383,3.5367387637393115,-1.4446953128046012,0.20788853948650599
50,f1_strong_t1|f2_strong_t2|f3_dup_a|f4_dup_b|f5_null|f6_suppressor|f7_weak|noise_0,111111101,8,-1.9206926184654236,0.032016940459403884,3.0619143337933217,3.261150304094533,-1.7209297468984697,0.19976287156695394
50,f1_strong_t1|f2_strong_t2|f3_dup_a|f4_dup_b|f5_null|f6_suppressor|f8_bigcoef|noise_0,111111011,8,-1.7406274734497071,0.031937249024050984,3.2419794788090384,3.4539815445005253,-1.5289811610190234,0.21164631243068377
50,f1_strong_t1|f2_strong_t2|f3_dup_a|f4_dup_b|f5_null|f7_weak|f8_bigcoef|noise_0,111110111,8,-3.3471201296806337,0.030923784427431808,1.6354868225781116,1.752921408822016,-3.2072424416003145,0.1398776880803192
50,f1_strong_t1|f2_strong_t2|f3_dup_a|f4_dup_b|f6_suppressor|f7_weak|f8_bigcoef|noise_0,111101111,8,-1.6451631872177124,0.0321092815780726,3.3374437650410327,3.5367387637393115,-1.4446953128046012,0.2004678744131112
50,f1_strong_t1|f2_strong_t2|f3_dup_a|f5_null|f6_suppressor|f7_weak|f8_bigcoef|noise_0,111011111,8,-1.699128666305542,0.031181166191851014,3.283478285953203,3.52654149656815,-1.4553227569137268,0.24380590939181523
50,f1_strong_t1|f2_strong_t2|f4_dup_b|f5_null|f6_suppressor|f7_weak|f8_bigcoef|noise_0,110111111,8,-1.6797691632270813,0.030717723229832846,3.3028377890316643,3.52654149656815,-1.4536785851545533,0.22609057807252797
50,f1_strong_t1|f3_dup_a|f4_dup_b|f5_null|f6_suppressor|f7_weak|f8_bigcoef|noise_0,101111111,8,-2.4593537326812744,0.03228511166302612,2.523253219577471,2.732019807522262,-2.267629421046519,0.19172431163475556
50,f2_strong_t2|f3_dup_a|f4_dup_b|f5_null|f6_suppressor|f7_weak|f8_bigcoef|noise_0,11111111,8,-3.524350832080841,0.0317813540043395,1.458256120177904,1.5697402177748048,-3.3839752839981445,0.1403755480826967
50,f1_strong_t1|f2_strong_t2|f3_dup_a|f4_dup_b|f5_null|f6_suppressor|f7_weak|f8_bigcoef|noise_0,111111111,9,-1.6615579186439515,0.0322400936953505,3.321049033614794,3.5367387637393115,-1.4446953128046012,0.21686260583935035
55,none,0,0,-4.985118878269196,0.03055627453102594,-0.0025119260104506935,0.0,-4.948509927820423,0.036608950448773214
55,f1_strong_t1,100000000,1,-4.838446068191528,0.031173357683595387,0.14416088406721705,0.18318119104721087,-4.771777085422592,0.0666689827689364
55,f2_strong_t2,10000000,1,-4.18625517244339,0.031043511298310983,0.796351779815355,0.8047189562170504,-4.125575819578504,0.06067935286488613
55,f3_dup_a,1000000,1,-4.705036717987061,0.02923346599248853,0.2775702342716846,0.32549318486783363,-4.6379502941060675,0.06708642388099317
55,f4_dup_b,100000,1,-4.698063006305695,0.029087168107285205,0.2845439459530503,0.32549318486783363,-4.636306122346894,0.06175688395880119
55,f5_null,10000,1,-4.996131297397613,0.030895909813485587,-0.013524345138868021,0.0,-4.948509927820423,0.04762136957719054
55,f6_suppressor,1000,1,-5.002377460384369,0.03128056288599437,-0.019770508125623643,0.0,-4.948509927820423,0.05386753256394616
55,f7_weak,100,1,-4.849600187683105,0.030330268138530826,0.1330067645756401,0.15374234987398028,-4.804330904157414,0.04526928352569115
55,f8_bigcoef,10,1,-4.6695823007583614,0.03047217621976844,0.31302465150038383,0.3465735902799726,-4.612382318277969,0.05719998248039282
55,noise_0,1,1,-4.99074868068695,0.030898495304890736,-0.008141728428205042,0.0,-4.948509927820423,0.04223875286652756
55,f1_strong_t1|f2_strong_t2,110000000,2,-4.047427248716354,0.031870352942273736,0.9351797035423912,0.9879001472642611,-3.948842977180674,0.09858427153567995
55,f1_strong_t1|f3_dup_a,101000000,2,-4.553416806030273,0.029897947388444236,0.4291901462284722,0.5086743759150446,-4.4612174517082375,0.09219935432203563
55,f1_strong_t1|f4_dup_b,100100000,2,-4.546160375499725,0.029760985443497433,0.4364465767590202,0.5086743759150446,-4.459573279949064,0.08658709555066135
55,f1_strong_t1|f5_null,100010000,2,-4.845478887271881,0.031517233766042235,0.13712806498686447,0.18318119104721087,-4.771777085422592,0.07370180184928898
55,f1_strong_t1|f6_suppressor,100001000,2,-3.1839505115509033,0.032829904467066795,1.798656440707842,1.9669985459645072,-3.009229956626878,0.17472055492402516
55,f1_strong_t1|f7_weak,100000100,2,-4.702714701461792,0.030872684956675847,0.27989225079695323,0.33692354092119114,-4.627598061759583,0.07511663970220894
55,f1_strong_t1|f8_bigcoef,100000010,2,-4.525402792549134,0.031498433857860705,0.4572041597096117,0.5297547813271836,-4.435649475880138,0.08975331666899589
55,f1_strong_t1|noise_0,100000001,2,-4.8436605802536015,0.031409078635380276,0.13894637200514381,0.18318119104721087,-4.771777085422592,0.07188349483100964
55,f2_strong_t2|f3_dup_a,11000000,2,-3.9106258591651915,0.02980829207987434,1.0719810930935538,1.130212141084884,-3.8150161858641485,0.09560967330104297
55,f2_strong_t2|f4_dup_b,10100000,2,-3.905199126625061,0.02946187110913358,1.077407825633684,1.130212141084884,-3.813372014104975,0.09182711252008602
55,f2_strong_t2|f5_null,10010000,2,-4.199239846467972,0.03151919557461388,0.7833671057907736,0.8047189562170504,-4.125575819578504,0.0736640268894675
55,f2_strong_t2|f6_suppressor,10001000,2,-4.206644345140457,0.03173633319128951,0.7759626071182879,0.8047189562170504,-4.125575819578504,0.08106852556195321
55,f2_strong_t2|f7_weak,10000100,2,-4.047357575750351,0.03084949236764478,0.935249376508394,0.9584613060910306,-3.981396795915495,0.06596077983485626
55,f2_strong_t2|f8_bigcoef,10000010,2,-3.8744395318984983,0.030988162093819115,1.108167420360247,1.151292546497023,-3.7894482100360496,0.08499132186244873
55,f2_strong_t2|noise_0,10000001,2,-4.194770655536652,0.03127960629819384,0.7878362967220935,0.8047189562170504,-4.125575819578504,0.06919483595814757
55,f3_dup_a|f4_dup_b,1100000,2,-4.697627495384216,0.03092729586864495,0.2849794568745292,0.3356904520389953,-4.6273228499969425,0.07030464538727355
55,f3_dup_a|f5_null,1010000,2,-4.707895731544495,0.02934685364549191,0.27471122071425036,0.32549318486783363,-4.6379502941060675,0.0699454374384274
55,f3_dup_a|f6_suppressor,1001000,2,-4.721910531997681,0.03004811727102444,0.26069642026106443,0.32549318486783363,-4.6379502941060675,0.08396023789161333
55,f3_dup_a|f7_weak,1000100,2,-4.572328284740448,0.029159667206934466,0.41027866751829745,0.4792355347418139,-4.493771270443058,0.07855701429738993
55,f3_dup_a|f8_bigcoef,1000010,2,-4.389570748805999,0.02917784096684424,0.5930362034527459,0.6720667751478063,-4.3018226845636125,0.0877480642423869
55,f3_dup_a|noise_0,1000001,2,-4.710507394886017,0.02932366745222486,0.2720995573727283,0.32549318486783363,-4.6379502941060675,0.07255710077994948
55,f4_dup_b|f5_null,110000,2,-4.705618980503083,0.029519646513999777,0.2769879717556627,0.32549318486783363,-4.636306122346894,0.06931285815618882
55,f4_dup_b|f6_suppressor,101000,2,-4.715261768722534,0.030048788276167283,0.26734518353621084,0.32549318486783363,-4.636306122346894,0.07895564637564068
55,f4_dup_b|f7_weak,100100,2,-4.563679725170135,0.02905700812233731,0.4189272270886102,0.4792355347418139,-4.492127098683885,0.07155262648625005
55,f4_dup_b|f8_bigcoef,100010,2,-4.37933834438324,0.02878010631621759,0.6032686078755054,0.6720667751478063,-4.300178512804439,0.07915983157880113
55,f4_dup_b|noise_0,100001,2,-4.705967046356201,0.02931000831049095,0.2766399059025444,0.32549318486783363,-4.636306122346894,0.06966092400930712
55,f5_null|f6_suppressor,11000,2,-5.018662993240357,0.03217527736235424,-0.036056040981611304,0.0,-4.948509927820423,0.07015306541993382
55,f5_null|f7_weak,10100,2,-4.8577600763320925,0.03054566159688561,0.12484687592665278,0.15374234987398028,-4.804330904157414,0.05342917217467846
55,f5_null|f8_bigcoef,10010,2,-4.678902971172333,0.031028334340776013,0.3037039810864126,0.3465735902799726,-4.612382318277969,0.06652065289436404
55,f5_null|noise_0,10001,2,-4.998554796981812,0.0311126391083242,-0.015947844723066318,0.0,-4.948509927820423,0.05004486916138884
55,f6_suppressor|f7_weak,1100,2,-4.868248688411713,0.031204840306364265,0.1143582638470324,0.15374234987398028,-4.804330904157414,0.06391778425429884
55,f6_suppressor|f8_bigcoef,1010,2,-4.688787589263916,0.03125059880306468,0.2938193629948289,0.3465735902799726,-4.612382318277969,0.07640527098594774
55,f6_suppressor|noise_0,1001,2,-5.0112446894645695,0.03184775336566215,-0.028637737205824187,0.0,-4.948509927820423,0.06273476164414671
55,f7_weak|f8_bigcoef,110,2,-4.5884718986511235,0.0307847357728018,0.3941350536076218,0.42933080951875946,-4.528096470063545,0.060375428587578384
55,f7_weak|noise_0,101,2,-4.858447299003601,0.030616986585781842,0.12415965325514389,0.15374234987398028,-4.804330904157414,0.054116394846187355
55,f8_bigcoef|noise_0,11,2,-4.676117619037628,0.030800637364989742,0.3064893332211174,0.3465735902799726,-4.612382318277969,0.06373530075965927
55,f1_strong_t1|f2_strong_t2|f3_dup_a,111000000,3,-3.7639811481952665,0.030705032065491914,1.2186258040634788,1.3133933321320947,-3.6382833434663175,0.12569780472894898
55,f1_strong_t1|f2_strong_t2|f4_dup_b,110100000,3,-3.7604169226169586,0.030205061025167207,1.2221900296417867,1.3133933321320947,-3.6366391717071442,0.12377775090981435
55,f1_strong_t1|f2_strong_t2|f5_null,110010000,3,-4.054196107149124,0.03194074804367943,0.9284108451096209,0.9879001472642611,-3.948842977180674,0.10535312996845025
55,f1_strong_t1|f2_strong_t2|f6_suppressor,110001000,3,-2.3682087991714478,0.0336959005496301,2.6143981530872975,2.7717175021815574,-2.1862958483849595,0.18191295078648828
55,f1_strong_t1|f2_strong_t2|f7_weak,110000100,3,-3.90799818778038,0.03169298397499114,1.074608764478365,1.1416424971382413,-3.804663953517664,0.10333423426271615
55,f1_strong_t1|f2_strong_t2|f8_bigcoef,110000010,3,-3.7258059885025023,0.03157894627953291,1.256800963756243,1.3344737375442337,-3.6127153676382178,0.11309062086428456
55,f1_strong_t1|f2_strong_t2|noise_0,110000001,3,-4.057987876701355,0.03219345026071919,0.9246190755573904,0.9879001472642611,-3.948842977180674,0.10914489952068074
55,f1_strong_t1|f3_dup_a|f4_dup_b,101100000,3,-4.53967592830658,0.03159498034094465,0.4429310239521653,0.5188716430862063,-4.45059000759911,0.08908592070747012
55,f1_strong_t1|f3_dup_a|f5_null,101010000,3,-4.555274996089936,0.03001959721252072,0.4273319561688096,0.5086743759150446,-4.4612174517082375,0.09405754438169822
55,f1_strong_t1|f3_dup_a|f6_suppressor,101001000,3,-2.919596252822876,0.03138632835463418,2.0630106994358695,2.292491730832341,-2.6986703229125224,0.22092592991035342
55,f1_strong_t1|f3_dup_a|f7_weak,101000100,3,-4.421342285060883,0.029934473161649308,0.5612646671978627,0.6624167257890249,-4.317038428045227,0.10430385701565559
55,f1_strong_t1|f3_dup_a|f8_bigcoef,101000010,3,-4.237484130048752,0.03006740111243219,0.7451228222099937,0.8552479661950173,-4.125089842165781,0.1123942878829709
55,f1_strong_t1|f3_dup_a|noise_0,101000001,3,-4.55805871257782,0.029996007417573734,0.4245482396809255,0.5086743759150446,-4.4612174517082375,0.09684126086958234
55,f1_strong_t1|f4_dup_b|f5_null,100110000,3,-4.5499611164093015,0.03015064501504057,0.4326458358494438,0.5086743759150446,-4.459573279949064,0.09038783646023774
55,f1_strong_t1|f4_dup_b|f6_suppressor,100101000,3,-2.9095007638931274,0.031209322399512098,2.073106188365618,2.292491730832341,-2.697026151153349,0.2124746127397783
55,f1_strong_t1|f4_dup_b|f7_weak,100100100,3,-4.411094940757751,0.029562352334015926,0.5715120115009942,0.6624167257890249,-4.315394256286054,0.095700684471697
55,f1_strong_t1|f4_dup_b|f8_bigcoef,100100010,3,-4.232306622838974,0.029842467273160138,0.7503003294197716,0.8552479661950173,-4.123445670406608,0.10886095243236582
55,f1_strong_t1|f4_dup_b|noise_0,100100001,3,-4.551861780643463,0.029897386761670083,0.4307451716152819,0.5086743759150446,-4.459573279949064,0.09228850069439964
55,f1_strong_t1|f5_null|f6_suppressor,100011000,3,-3.1971166445732115,0.03362505241279388,1.7854903076855337,1.9669985459645072,-3.009229956626878,0.18788668794633345
55,f1_strong_t1|f5_null|f7_weak,100010100,3,-4.709043859863281,0.031171265987936483,0.27356309239546395,0.33692354092119114,-4.627598061759583,0.08144579810369823
55,f1_strong_t1|f5_null|f8_bigcoef,100010010,3,-4.527349420261383,0.03173070450018819,0.4552575319973622,0.5297547813271836,-4.435649475880138,0.0916999443812454
55,f1_strong_t1|f5_null|noise_0,100010001,3,-4.849166703224182,0.03158152061831334,0.13344024903456297,0.18318119104721087,-4.771777085422592,0.07738961780159048
55,f1_strong_t1|f6_suppressor|f7_weak,100001100,3,-3.050962787628174,0.032604531574985024,1.9316441646305713,2.1207408958384875,-2.865050932963869,0.18591185466430504
55,f1_strong_t1|f6_suppressor|f8_bigcoef,100001010,3,-2.8500644046783448,0.033372679163008144,2.1325425475804005,2.3135721362444794,-2.6731023470844235,0.17696205759392125
55,f1_strong_t1|f6_suppressor|noise_0,100001001,3,-3.179208072519302,0.03356132020693384,1.8033988797394431,1.9669985459645072,-3.009229956626878,0.16997811589242406
55,f1_strong_t1|f7_weak|f8_bigcoef,100000110,3,-4.438303052902222,0.03161538359269815,0.5443038993565237,0.6125120005659704,-4.351363627665714,0.08693942523650744
55,f1_strong_t1|f7_weak|noise_0,100000101,3,-4.7076834525108335,0.03109918471013261,0.27492349974791175,0.33692354092119114,-4.627598061759583,0.08008539075125043
55,f1_strong_t1|f8_bigcoef|noise_0,100000011,3,-4.520099548959732,0.03130266548706192,0.4625074032990133,0.5297547813271836,-4.435649475880138,0.08445007307959429
55,f2_strong_t2|f3_dup_a|f4_dup_b,11100000,3,-3.9001911148548127,0.03136802738586713,1.0824158374039325,1.1404094082560454,-3.8043887417550226,0.09580237309979012
55,f2_strong_t2|f3_dup_a|f5_null,11010000,3,-3.9174108450889586,0.029962662088986416,1.0651961071697866,1.130212141084884,-3.8150161858641485,0.10239465922481017
55,f2_strong_t2|f3_dup_a|f6_suppressor,11001000,3,-3.9294818676948546,0.03047248555618206,1.0531250845638906,1.130212141084884,-3.8150161858641485,0.11446568183070616
55,f2_strong_t2|f3_dup_a|f7_weak,11000100,3,-3.7721037901878356,0.029699945351411086,1.2105031620709097,1.2839544909588643,-3.6708371622011393,0.10126662798669628
55,f2_strong_t2|f3_dup_a|f8_bigcoef,11000010,3,-3.596202856969833,0.029719023104114832,1.386404095288912,1.4767857313648562,-3.478888576321694,0.11731428064813931
55,f2_strong_t2|f3_dup_a|noise_0,11000001,3,-3.917723562002182,0.029810999075468206,1.064883390256563,1.130212141084884,-3.8150161858641485,0.10270737613803371
55,f2_strong_t2|f4_dup_b|f5_null,10110000,3,-3.9149946304798124,0.02999250968928321,1.0676123217789328,1.130212141084884,-3.813372014104975,0.10162261637483727
55,f2_strong_t2|f4_dup_b|f6_suppressor,10101000,3,-3.9219912051200865,0.03031770559765944,1.0606157471386588,1.130212141084884,-3.813372014104975,0.1086191910151113
55,f2_strong_t2|f4_dup_b|f7_weak,10100100,3,-3.7657163272380827,0.029500793252852545,1.2168906250206626,1.2839544909588643,-3.669192990441967,0.0965233367961158
55,f2_strong_t2|f4_dup_b|f8_bigcoef,10100010,3,-3.587539888381958,0.02924162462562683,1.3950670638767875,1.4767857313648562,-3.4772444045625206,0.11029548381943721
55,f2_strong_t2|f4_dup_b|noise_0,10100001,3,-3.9157674571990966,0.029603930514351947,1.0668394950596487,1.130212141084884,-3.813372014104975,0.10239544309412141
55,f2_strong_t2|f5_null|f6_suppressor,10011000,3,-4.223224403524399,0.032434697424905894,0.7593825487343464,0.8047189562170504,-4.125575819578504,0.0976485839458947
55,f2_strong_t2|f5_null|f7_weak,10010100,3,-4.05745626950264,0.03121762188015071,0.9251506827561053,0.9584613060910306,-3.981396795915495,0.07605947358714493
55,f2_strong_t2|f5_null|f8_bigcoef,10010010,3,-3.8818856405735014,0.03147074615418313,1.100721311685244,1.151292546497023,-3.7894482100360496,0.09243743053745179
55,f2_strong_t2|f5_null|noise_0,10010001,3,-4.205747808599472,0.031700468244496786,0.7768591436592729,0.8047189562170504,-4.125575819578504,0.08017198902096823
55,f2_strong_t2|f6_suppressor|f7_weak,10001100,3,-4.06892047958374,0.03175273527926457,0.9136864726750051,0.9584613060910306,-3.981396795915495,0.08752368366824514
55,f2_strong_t2|f6_suppressor|f8_bigcoef,10001010,3,-3.893262141799927,0.03176647558000063,1.0893448104588184,1.151292546497023,-3.7894482100360496,0.10381393176387732
55,f2_strong_t2|f6_suppressor|noise_0,10001001,3,-4.216329416561127,0.032265198012050196,0.7662775356976184,0.8047189562170504,-4.125575819578504,0.09075359698262275
55,f2_strong_t2|f7_weak|f8_bigcoef,10000110,3,-3.7945317090988158,0.031385440983304216,1.1880752431599295,1.2340497657358096,-3.705162361821627,0.08936934727718882
55,f2_strong_t2|f7_weak|noise_0,10000101,3,-4.057493261766433,0.031139413552870216,0.9251136904923118,0.9584613060910306,-3.981396795915495,0.07609646585093843
55,f2_strong_t2|f8_bigcoef|noise_0,10000011,3,-3.88172803812027,0.031270674618104156,1.1008789141384754,1.151292546497023,-3.7894482100360496,0.0922798280842203
55,f3_dup_a|f4_dup_b|f5_null,1110000,3,-4.707061410331726,0.03124491906501579,0.27554554192701897,0.3356904520389953,-4.6273228499969425,0.07973856033478377
55,f3_dup_a|f4_dup_b|f6_suppressor,1101000,3,-4.718711273288727,0.0319974330925267,0.26389567897001864,0.3356904520389953,-4.6273228499969425,0.0913884232917841
55,f3_dup_a|f4_dup_b|f7_weak,1100100,3,-4.5684518975257875,0.03112792738166908,0.4141550547329578,0.48943280191297556,-4.483143826333933,0.08530807119185457
55,f3_dup_a|f4_dup_b|f8_bigcoef,1100010,3,-4.378210076141357,0.030690760417947837,0.6043968761173879,0.682264042318968,-4.291195240454487,0.08701483568687074
55,f3_dup_a|f4_dup_b|noise_0,1100001,3,-4.705182398223877,0.03102376595223314,0.27742455403486854,0.3356904520389953,-4.6273228499969425,0.0778595482269342
55,f3_dup_a|f5_null|f6_suppressor,1011000,3,-4.727693943405152,0.03053765564208705,0.2549130088535936,0.32549318486783363,-4.6379502941060675,0.08974364929908418
55,f3_dup_a|f5_null|f7_weak,1010100,3,-4.574787608337402,0.02924245600185717,0.4078193439213429,0.4792355347418139,-4.493771270443058,0.08101633789434448
55,f3_dup_a|f5_null|f8_bigcoef,1010010,3,-4.394323881816864,0.029494630190326193,0.5882830704418813,0.6720667751478063,-4.3018226845636125,0.09250119725325145
55,f3_dup_a|f5_null|noise_0,1010001,3,-4.714620951843262,0.0294340939499097,0.26798600041548326,0.32549318486783363,-4.6379502941060675,0.0766706577371945
55,f3_dup_a|f6_suppressor|f7_weak,1001100,3,-4.588778952407837,0.03014673012742572,0.39382799985090866,0.4792355347418139,-4.493771270443058,0.09500768196477871
55,f3_dup_a|f6_suppressor|f8_bigcoef,1001010,3,-4.406790222930908,0.03000533619999686,0.5758167293278369,0.6720667751478063,-4.3018226845636125,0.10496753836729589
55,f3_dup_a|f6_suppressor|noise_0,1001001,3,-4.727755877685547,0.03029173195119227,0.25485107457319867,0.32549318486783363,-4.6379502941060675,0.0898055835794791
55,f3_dup_a|f7_weak|f8_bigcoef,1000110,3,-4.311407127761841,0.029711322947181294,0.6711998244969042,0.7548239943865932,-4.21753683634919,0.09387029141265124
55,f3_dup_a|f7_weak|noise_0,1000101,3,-4.580083846950531,0.029257402007196197,0.4025231053082141,0.4792355347418139,-4.493771270443058,0.08631257650747326
55,f3_dup_a|f8_bigcoef|noise_0,1000011,3,-4.396097099018097,0.02930839827049046,0.5865098532406483,0.6720667751478063,-4.3018226845636125,0.09427441445448448
55,f4_dup_b|f5_null|f6_suppressor,111000,3,-4.725439739894867,0.03079292197774517,0.2571672123638784,0.32549318486783363,-4.636306122346894,0.08913361754797311
55,f4_dup_b|f5_null|f7_weak,110100,3,-4.569455871295929,0.029294976149666217,0.41315108096281605,0.4792355347418139,-4.492127098683885,0.07732877261204418
55,f4_dup_b|f5_null|f8_bigcoef,110010,3,-4.38625778799057,0.029373845340744147,0.5963491642681751,0.6720667751478063,-4.300178512804439,0.08607927518613145
55,f4_dup_b|f5_null|noise_0,110001,3,-4.711329467105865,0.029608822803518918,0.2712774851528801,0.32549318486783363,-4.636306122346894,0.07502334475897143
55,f4_dup_b|f6_suppressor|f7_weak,101100,3,-4.581165415477753,0.0300311997132146,0.40144153678099226,0.4792355347418139,-4.492127098683885,0.08903831679386798
55,f4_dup_b|f6_suppressor|f8_bigcoef,101010,3,-4.399887163639068,0.0299664128479252,0.5827197886196771,0.6720667751478063,-4.300178512804439,0.09970865083462943
55,f4_dup_b|f6_suppressor|noise_0,101001,3,-4.72119876871109,0.030438934509226172,0.2614081835476556,0.32549318486783363,-4.636306122346894,0.08489264636419591
55,f4_dup_b|f7_weak|f8_bigcoef,100110,3,-4.30061347694397,0.029345934463934024,0.6819934753147754,0.7548239943865932,-4.215892664590016,0.08472081235395379
55,f4_dup_b|f7_weak|noise_0,100101,3,-4.574814432144165,0.02919247811914024,0.40779252011458045,0.4792355347418139,-4.492127098683885,0.08268733346027979
55,f4_dup_b|f8_bigcoef|noise_0,100011,3,-4.387781913471222,0.02901636411083031,0.5948250387875236,0.6720667751478063,-4.300178512804439,0.08760340066678296
55,f5_null|f6_suppressor|f7_weak,11100,3,-4.882807402610779,0.03194552983096079,0.09979954964796622,0.15374234987398028,-4.804330904157414,0.07847649845336502
55,f5_null|f6_suppressor|f8_bigcoef,11010,3,-4.699103605651856,0.03202962398761667,0.2835033466068895,0.3465735902799726,-4.612382318277969,0.08672128737388718
55,f5_null|f6_suppressor|noise_0,11001,3,-5.023889256668091,0.03245341116862211,-0.04128230440934555,0.0,-4.948509927820423,0.07537932884766807
55,f5_null|f7_weak|f8_bigcoef,10110,3,-4.599149537372589,0.03127158025591538,0.3834574148861565,0.42933080951875946,-4.528096470063545,0.0710530673090437
55,f5_null|f7_weak|noise_0,10101,3,-4.865111893463134,0.03081697637141916,0.11749505879561095,0.15374234987398028,-4.804330904157414,0.06078098930572029
55,f5_null|f8_bigcoef|noise_0,10011,3,-4.684559383392334,0.031230996464011337,0.29804756886641126,0.3465735902799726,-4.612382318277969,0.07217706511436539
55,f6_suppressor|f7_weak|f8_bigcoef,1110,3,-4.607626182937622,0.03171911601429174,0.3749807693211231,0.42933080951875946,-4.528096470063545,0.07952971287407706
55,f6_suppressor|f7_weak|noise_0,1101,3,-4.87674106464386,0.03166473972218886,0.10586588761488525,0.15374234987398028,-4.804330904157414,0.072410160486446
55,f6_suppressor|f8_bigcoef|noise_0,1011,3,-4.695705041313172,0.03174283043762877,0.2869019109455735,0.3465735902799726,-4.612382318277969,0.08332272303520316
55,f7_weak|f8_bigcoef|noise_0,111,3,-4.5961533165931705,0.03103015125284779,0.3864536356655748,0.42933080951875946,-4.528096470063545,0.0680568465296254
55,f1_strong_t1|f2_strong_t2|f3_dup_a|f4_dup_b,111100000,4,-3.748572944688797,0.032225363404744994,1.234034007569948,1.3235905993032566,-3.6276558993571917,0.12091704533160552
55,f1_strong_t1|f2_strong_t2|f3_dup_a|f5_null,111010000,4,-3.7635294923782348,0.030552282509910177,1.2190774598805105,1.3133933321320947,-3.6382833434663175,0.1252461489119172
55,f1_strong_t1|f2_strong_t2|f3_dup_a|f6_suppressor,111001000,4,-2.1199376812934876,0.03233161782053848,2.8626692709652577,3.097210687049391,-1.875736214670604,0.24420146662288356
55,f1_strong_t1|f2_strong_t2|f3_dup_a|f7_weak,111000100,4,-3.625803135061264,0.030743271129594286,1.3568038171974814,1.467135682006075,-3.4941043198033093,0.13169881525795457
55,f1_strong_t1|f2_strong_t2|f3_dup_a|f8_bigcoef,111000010,4,-3.445686336183548,0.030609450302731128,1.5369206160751974,1.6599669224120674,-3.302155733923863,0.14353060225968495
55,f1_strong_t1|f2_strong_t2|f3_dup_a|noise_0,111000001,4,-3.7745951023101805,0.030857472165148635,1.2080118499485648,1.3133933321320947,-3.6382833434663175,0.13631175884386293
55,f1_strong_t1|f2_strong_t2|f4_dup_b|f5_null,110110000,4,-3.763430695962906,0.030389654651276056,1.2191762562958393,1.3133933321320947,-3.6366391717071442,0.1267915242557618
55,f1_strong_t1|f2_strong_t2|f4_dup_b|f6_suppressor,110101000,4,-2.097248873138428,0.03182583227203292,2.8853580791203175,3.097210687049391,-1.8740920429114303,0.2231568302269975
55,f1_strong_t1|f2_strong_t2|f4_dup_b|f7_weak,110100100,4,-3.619465892648697,0.030174138129694425,1.3631410596100482,1.467135682006075,-3.492460148044135,0.12700574460456204
55,f1_strong_t1|f2_strong_t2|f4_dup_b|f8_bigcoef,110100010,4,-3.437774308681488,0.029883566058047407,1.5448326435772572,1.6599669224120674,-3.3005115621646897,0.13726274651679837
55,f1_strong_t1|f2_strong_t2|f4_dup_b|noise_0,110100001,4,-3.7691493968486784,0.030349923472223535,1.2134575554100668,1.3133933321320947,-3.6366391717071442,0.1325102251415342
55,f1_strong_t1|f2_strong_t2|f5_null|f6_suppressor,110011000,4,-2.38643917388916,0.03426284182073614,2.596167778369585,2.7717175021815574,-2.1862958483849595,0.20014332550420066
55,f1_strong_t1|f2_strong_t2|f5_null|f7_weak,110010100,4,-3.9138786601543427,0.03172758824214738,1.0687282921044026,1.1416424971382413,-3.804663953517664,0.10921470663667865
55,f1_strong_t1|f2_strong_t2|f5_null|f8_bigcoef,110010010,4,-3.729660263442993,0.03181512973432521,1.252946688815752,1.3344737375442337,-3.6127153676382178,0.1169448958047754
55,f1_strong_t1|f2_strong_t2|f5_null|noise_0,110010001,4,-4.062537368583679,0.03211872977744128,0.9200695836750663,0.9879001472642611,-3.948842977180674,0.11369439140300486
55,f1_strong_t1|f2_strong_t2|f6_suppressor|f7_weak,110001100,4,-2.245693043422699,0.033605333561642234,2.7369139088360463,2.9254598520555377,-2.0421168247219508,0.20357621870074816
55,f1_strong_t1|f2_strong_t2|f6_suppressor|f8_bigcoef,110001010,4,-2.046656875038147,0.03367878712483067,2.9359500772205984,3.11829109246153,-1.8501682388425047,0.19648863619564216
55,f1_strong_t1|f2_strong_t2|f6_suppressor|noise_0,110001001,4,-2.375549172210693,0.034515177204219934,2.607057780048052,2.7717175021815574,-2.1862958483849595,0.18925332382573368
55,f1_strong_t1|f2_strong_t2|f7_weak|f8_bigcoef,110000110,4,-3.641142843580246,0.032046632347294206,1.3414641086784993,1.4172309567830204,-3.528429519423795,0.11271332415645086
55,f1_strong_t1|f2_strong_t2|f7_weak|noise_0,110000101,4,-3.9146324912071226,0.031874881794279594,1.0679744610516226,1.1416424971382413,-3.804663953517664,0.10996853768945858
55,f1_strong_t1|f2_strong_t2|f8_bigcoef|noise_0,110000011,4,-3.7288988325595858,0.031813100642828586,1.2537081196991595,1.3344737375442337,-3.6127153676382178,0.116183464921368
55,f1_strong_t1|f3_dup_a|f4_dup_b|f5_null,101110000,4,-4.5457382201194765,0.031941906108934576,0.4368687321392688,0.5188716430862063,-4.450590007599112,0.09514821252036487
55,f1_strong_t1|f3_dup_a|f4_dup_b|f6_suppressor,101101000,4,-2.918123736667633,0.03324787497312248,2.064483215591112,2.302688998003503,-2.688042878803397,0.23008085786423615
55,f1_strong_t1|f3_dup_a|f4_dup_b|f7_weak,101100100,4,-4.410472577953339,0.03178103367696971,0.5721343743054064,0.6726139929601865,-4.306410983936101,0.1040615940172378
55,f1_strong_t1|f3_dup_a|f4_dup_b|f8_bigcoef,101100010,4,-4.223745060634613,0.03156557725057931,0.7588618916241323,0.8654452333661787,-4.114462398056656,0.10928266257795727
55,f1_strong_t1|f3_dup_a|f4_dup_b|noise_0,101100001,4,-4.546542337799072,0.0317334029054991,0.43606461445967337,0.5188716430862063,-4.45059000759911,0.09595233019996208
55,f1_strong_t1|f3_dup_a|f5_null|f6_suppressor,101011000,4,-2.9053454557418825,0.031803285824627776,2.0772614965168628,2.292491730832341,-2.6986703229125224,0.20667513282936012
55,f1_strong_t1|f3_dup_a|f5_null|f7_weak,101010100,4,-4.421703484725952,0.029944029768413545,0.5609034675327935,0.6624167257890249,-4.317038428045227,0.10466505668072479
55,f1_strong_t1|f3_dup_a|f5_null|f8_bigcoef,101010010,4,-4.238296172189712,0.03017090955494921,0.744310780069033,0.8552479661950173,-4.125089842165781,0.11320633002393166
55,f1_strong_t1|f3_dup_a|f5_null|noise_0,101010001,4,-4.559907641124726,0.030068864665104035,0.4226993111340196,0.5086743759150446,-4.4612174517082375,0.09869018941648822
55,f1_strong_t1|f3_dup_a|f6_suppressor|f7_weak,101001100,4,-2.7749475966453554,0.03137897371106029,2.20765935561339,2.446234080706321,-2.5544912992495132,0.22045629739584216
55,f1_strong_t1|f3_dup_a|f6_suppressor|f8_bigcoef,101001010,4,-2.5890305515289307,0.031916006847300296,2.3935764007298146,2.639065321112313,-2.362542713370068,0.22648783815886286
55,f1_strong_t1|f3_dup_a|f6_suppressor|noise_0,101001001,4,-2.9216199065208435,0.03189670352884606,2.060987045737902,2.292491730832341,-2.6986703229125224,0.22294958360832107
55,f1_strong_t1|f3_dup_a|f7_weak|f8_bigcoef,101000110,4,-4.160888638734818,0.030847465681432235,0.8217183135239274,0.938005185433804,-4.040803993951359,0.12008464478345893
55,f1_strong_t1|f3_dup_a|f7_weak|noise_0,101000101,4,-4.425378662872315,0.02991367379786232,0.5572282893864307,0.6624167257890249,-4.317038428045227,0.10834023482708766
55,f1_strong_t1|f3_dup_a|f8_bigcoef|noise_0,101000011,4,-4.2405625194072725,0.03001675533822057,0.7420444328514728,0.8552479661950173,-4.125089842165781,0.1154726772414918
55,f1_strong_t1|f4_dup_b|f5_null|f6_suppressor,100111000,4,-2.92074466676712,0.03222805006068986,2.061862285491625,2.292491730832341,-2.697026151153349,0.2237185156137711
55,f1_strong_t1|f4_dup_b|f5_null|f7_weak,100110100,4,-4.414868373012543,0.02978147226134225,0.5677385792462024,0.6624167257890249,-4.315394256286054,0.09947411672648876
55,f1_strong_t1|f4_dup_b|f5_null|f8_bigcoef,100110010,4,-4.229594068002701,0.03003122831612025,0.7530128842560444,0.8552479661950173,-4.123445670406608,0.10614839759609307
55,f1_strong_t1|f4_dup_b|f5_null|noise_0,100110001,4,-4.555661711215973,0.030155258335674263,0.4269452410427723,0.5086743759150446,-4.459573279949064,0.09608843126690925
55,f1_strong_t1|f4_dup_b|f6_suppressor|f7_weak,100101100,4,-2.775513895511627,0.0310053041439627,2.207093056747118,2.446234080706321,-2.55284712749034,0.22266676802128726
55,f1_strong_t1|f4_dup_b|f6_suppressor|f8_bigcoef,100101010,4,-2.5716310150146486,0.03163626542559884,2.4109759372440966,2.639065321112313,-2.3608985416108945,0.21073247340375412
55,f1_strong_t1|f4_dup_b|f6_suppressor|noise_0,100101001,4,-2.9089379821777346,0.031891982418863755,2.0736689700810107,2.292491730832341,-2.697026151153349,0.2119118310243855
55,f1_strong_t1|f4_dup_b|f7_weak|f8_bigcoef,100100110,4,-4.146418137550354,0.030203840212017018,0.8361888147083913,0.938005185433804,-4.039159822192186,0.10725831535816788
55,f1_strong_t1|f4_dup_b|f7_weak|noise_0,100100101,4,-4.4179453789711,0.029658922735076927,0.564661573287645,0.6624167257890249,-4.315394256286054,0.10255112268504618
55,f1_strong_t1|f4_dup_b|f8_bigcoef|noise_0,100100011,4,-4.2317646202087404,0.02970036959203683,0.7508423320500048,0.8552479661950173,-4.123445670406608,0.10831894980213264
55,f1_strong_t1|f5_null|f6_suppressor|f7_weak,100011100,4,-3.0622008460998535,0.033617668259629335,1.9204061061588917,2.1207408958384875,-2.865050932963869,0.19714991313598462
55,f1_strong_t1|f5_null|f6_suppressor|f8_bigcoef,100011010,4,-2.8716696124076844,0.034065857795811075,2.110937339851061,2.3135721362444794,-2.6731023470844235,0.19856726532326086
55,f1_strong_t1|f5_null|f6_suppressor|noise_0,100011001,4,-3.197143213939667,0.03408891939708483,1.7854637383190783,1.9669985459645072,-3.009229956626878,0.18791325731278885
55,f1_strong_t1|f5_null|f7_weak|f8_bigcoef,100010110,4,-4.44440047750473,0.032015265710881424,0.5382064747540154,0.6125120005659704,-4.351363627665714,0.09303684983901572
55,f1_strong_t1|f5_null|f7_weak|noise_0,100010101,4,-4.713179794883728,0.0313049486785457,0.2694271573750173,0.33692354092119114,-4.627598061759583,0.08558173312414485
55,f1_strong_t1|f5_null|f8_bigcoef|noise_0,100010011,4,-4.526560768938064,0.03164004633226716,0.45604618332068103,0.5297547813271836,-4.435649475880138,0.09091129305792656
55,f1_strong_t1|f6_suppressor|f7_weak|f8_bigcoef,100001110,4,-2.773913276576996,0.03362205224504533,2.2086936756817495,2.3963293554832665,-2.588816498870001,0.18509677770699495
55,f1_strong_t1|f6_suppressor|f7_weak|noise_0,100001101,4,-3.04674576587677,0.033065173870736445,1.9358611863819752,2.1207408958384875,-2.865050932963869,0.18169483291290112
55,f1_strong_t1|f6_suppressor|f8_bigcoef|noise_0,100001011,4,-2.8504388498306272,0.03367161738991932,2.132168102428118,2.3135721362444794,-2.6731023470844235,0.17733650274620372
55,f1_strong_t1|f7_weak|f8_bigcoef|noise_0,100000111,4,-4.438681441497803,0.03164634955727276,0.5439255107609426,0.6125120005659704,-4.351363627665714,0.08731781383208848
55,f2_strong_t2|f3_dup_a|f4_dup_b|f5_null,11110000,4,-3.9117879395961763,0.031763360438275184,1.070819012662569,1.1404094082560454,-3.8043887417550226,0.1073991978411537
55,f2_strong_t2|f3_dup_a|f4_dup_b|f6_suppressor,11101000,4,-3.9212755039691927,0.03228579676950095,1.0613314482895526,1.1404094082560454,-3.8043887417550226,0.11688676221417005
55,f2_strong_t2|f3_dup_a|f4_dup_b|f7_weak,11100100,4,-3.7634281451702116,0.03154917662879967,1.2191788070885337,1.2941517581300257,-3.660209718092013,0.10321842707819862
55,f2_strong_t2|f3_dup_a|f4_dup_b|f8_bigcoef,11100010,4,-3.579614734697342,0.031186695132162198,1.4029922175614034,1.4869829985360181,-3.4682611322125676,0.11135360248477433
55,f2_strong_t2|f3_dup_a|f4_dup_b|noise_0,11100001,4,-3.9089077153205873,0.0313713021441616,1.073699236938158,1.1404094082560454,-3.8043887417550226,0.10451897356556472
55,f2_strong_t2|f3_dup_a|f5_null|f6_suppressor,11011000,4,-3.9370102927207946,0.03083253750258027,1.0455966595379507,1.130212141084884,-3.8150161858641485,0.12199410685664613
55,f2_strong_t2|f3_dup_a|f5_null|f7_weak,11010100,4,-3.776966351699829,0.029784346420966182,1.2056406005589162,1.2839544909588643,-3.6708371622011393,0.10612918949868977
55,f2_strong_t2|f3_dup_a|f5_null|f8_bigcoef,11010010,4,-3.598384156751633,0.029936864341639346,1.3842227955071125,1.4767857313648562,-3.478888576321694,0.11949558042993891
55,f2_strong_t2|f3_dup_a|f5_null|noise_0,11010001,4,-3.9236796113967896,0.02992887308725154,1.0589273408619557,1.130212141084884,-3.8150161858641485,0.10866342553264108
55,f2_strong_t2|f3_dup_a|f6_suppressor|f7_weak,11001100,4,-3.7911586373329165,0.030521937702376208,1.1914483149258288,1.2839544909588643,-3.6708371622011393,0.12032147513177716
55,f2_strong_t2|f3_dup_a|f6_suppressor|f8_bigcoef,11001010,4,-3.613853465414047,0.03054171801789964,1.3687534868446982,1.4767857313648562,-3.478888576321694,0.13496488909235316
55,f2_strong_t2|f3_dup_a|f6_suppressor|noise_0,11001001,4,-3.9382256826400757,0.030732012610112748,1.0443812696186696,1.130212141084884,-3.8150161858641485,0.12320949677592719
55,f2_strong_t2|f3_dup_a|f7_weak|f8_bigcoef,11000110,4,-3.5146847508907317,0.03031738503259253,1.4679222013680135,1.5595429506036433,-3.3946027281072713,0.12008202278346047
55,f2_strong_t2|f3_dup_a|f7_weak|noise_0,11000101,4,-3.780666814994812,0.029756616649893597,1.2019401372639331,1.2839544909588643,-3.6708371622011393,0.10982965279367285
55,f2_strong_t2|f3_dup_a|f8_bigcoef|noise_0,11000011,4,-3.60336919670105,0.029837967747141272,1.3792377555576953,1.4767857313648562,-3.478888576321694,0.12448062037935603
55,f2_strong_t2|f4_dup_b|f5_null|f6_suppressor,10111000,4,-3.9336398990631105,0.0310455094466558,1.0489670531956348,1.130212141084884,-3.813372014104975,0.12026788495813534
55,f2_strong_t2|f4_dup_b|f5_null|f7_weak,10110100,4,-3.774534689283371,0.029852159368337187,1.2080722629753744,1.2839544909588643,-3.669192990441967,0.10534169884140399
55,f2_strong_t2|f4_dup_b|f5_null|f8_bigcoef,10110010,4,-3.593145694208145,0.02982651923546765,1.3894612580506003,1.4767857313648562,-3.4772444045625206,0.1159012896456244
55,f2_strong_t2|f4_dup_b|f5_null|noise_0,10110001,4,-3.9241415031909943,0.03005336361092965,1.058465449067751,1.130212141084884,-3.813372014104975,0.11076948908601914
55,f2_strong_t2|f4_dup_b|f6_suppressor|f7_weak,10101100,4,-3.7828582436561584,0.030446048064867632,1.1997487086025869,1.2839544909588643,-3.669192990441967,0.11366525321419152
55,f2_strong_t2|f4_dup_b|f6_suppressor|f8_bigcoef,10101010,4,-3.6045035140991213,0.030261998400736942,1.378103438159624,1.4767857313648562,-3.4772444045625206,0.1272591095366007
55,f2_strong_t2|f4_dup_b|f6_suppressor|noise_0,10101001,4,-3.932351814651489,0.030734317183233634,1.0502551376072562,1.130212141084884,-3.813372014104975,0.11897980054651391
55,f2_strong_t2|f4_dup_b|f7_weak|f8_bigcoef,10100110,4,-3.5078779798030855,0.029910984556331077,1.4747289724556598,1.5595429506036433,-3.392958556348098,0.11491942345498751
55,f2_strong_t2|f4_dup_b|f7_weak|noise_0,10100101,4,-3.7776970844745636,0.029588832333541436,1.2049098677841816,1.2839544909588643,-3.669192990441967,0.10850409403259675
55,f2_strong_t2|f4_dup_b|f8_bigcoef|noise_0,10100011,4,-3.5981335436344146,0.0294562750040668,1.3844734086243307,1.4767857313648562,-3.4772444045625206,0.12088913907189403
55,f2_strong_t2|f5_null|f6_suppressor|f7_weak,10011100,4,-4.0851761739254,0.03232262711908946,0.8974307783333453,0.9584613060910306,-3.981396795915495,0.103779378009905
55,f2_strong_t2|f5_null|f6_suppressor|f8_bigcoef,10011010,4,-3.901080491447449,0.03233947382114819,1.0815264608112964,1.151292546497023,-3.7894482100360496,0.11163228141139925
55,f2_strong_t2|f5_null|f6_suppressor|noise_0,10011001,4,-4.232486156988144,0.03278514809311085,0.7501207952706013,0.8047189562170504,-4.125575819578504,0.10691033740963984
55,f2_strong_t2|f5_null|f7_weak|f8_bigcoef,10010110,4,-3.8039729325294496,0.03186732837740852,1.1786340197292957,1.2340497657358096,-3.705162361821627,0.09881057070782262
55,f2_strong_t2|f5_null|f7_weak|noise_0,10010101,4,-4.0672421877861025,0.03143816672210539,0.9153647644726428,0.9584613060910306,-3.981396795915495,0.08584539187060747
55,f2_strong_t2|f5_null|f8_bigcoef|noise_0,10010011,4,-3.889986907815933,0.03168892759789168,1.0926200444428122,1.151292546497023,-3.7894482100360496,0.10053869777988345
55,f2_strong_t2|f6_suppressor|f7_weak|f8_bigcoef,10001110,4,-3.8136606612682344,0.03238496970184371,1.1689462909905108,1.2340497657358096,-3.705162361821627,0.1084982994466075
55,f2_strong_t2|f6_suppressor|f7_weak|noise_0,10001101,4,-4.079665259075165,0.03217801039215441,0.9029416931835801,0.9584613060910306,-3.981396795915495,0.0982684631596702
55,f2_strong_t2|f6_suppressor|f8_bigcoef|noise_0,10001011,4,-3.8967768805980683,0.032200509158831096,1.085830071660677,1.151292546497023,-3.7894482100360496,0.10732867056201867
55,f2_strong_t2|f7_weak|f8_bigcoef|noise_0,10000111,4,-3.801423787641525,0.031637133470134485,1.1811831646172202,1.2340497657358096,-3.705162361821627,0.09626142581989816
55,f3_dup_a|f4_dup_b|f5_null|f6_suppressor,1111000,4,-4.727215910434723,0.03258749488646812,0.25539104182402195,0.3356904520389953,-4.6273228499969425,0.09989306043778079
55,f3_dup_a|f4_dup_b|f5_null|f7_weak,1110100,4,-4.574674732398987,0.031264468961837315,0.4079322198597586,0.48943280191297556,-4.483143826333933,0.09153090606505376
55,f3_dup_a|f4_dup_b|f5_null|f8_bigcoef,1110010,4,-4.38907144575119,0.031175695262613785,0.5935355065075552,0.682264042318968,-4.291195240454487,0.09787620529670349
55,f3_dup_a|f4_dup_b|f5_null|noise_0,1110001,4,-4.71234212846756,0.03129653196154147,0.27026482379118555,0.3356904520389953,-4.6273228499969425,0.08501927847061719
55,f3_dup_a|f4_dup_b|f6_suppressor|f7_weak,1101100,4,-4.588634387302399,0.032269599971766906,0.39397256495634636,0.48943280191297556,-4.483143826333933,0.10549056096846599
55,f3_dup_a|f4_dup_b|f6_suppressor|f8_bigcoef,1101010,4,-4.4003694728851315,0.031809003283607626,0.5822374793736138,0.682264042318968,-4.291195240454487,0.10917423243064484
55,f3_dup_a|f4_dup_b|f6_suppressor|noise_0,1101001,4,-4.7214622563362125,0.0322118771556433,0.26114469592253275,0.3356904520389953,-4.6273228499969425,0.09413940633926998
55,f3_dup_a|f4_dup_b|f7_weak|f8_bigcoef,1100110,4,-4.3029002691268925,0.03147527986712985,0.6797066831318528,0.7650212615577549,-4.206909392240064,0.0959908768868285
55,f3_dup_a|f4_dup_b|f7_weak|noise_0,1100101,4,-4.574488609695434,0.031119233936474512,0.40811834256331103,0.48943280191297556,-4.483143826333933,0.09134478336150131
55,f3_dup_a|f4_dup_b|f8_bigcoef|noise_0,1100011,4,-4.3852947887420655,0.03084835980862036,0.5973121635166798,0.682264042318968,-4.291195240454487,0.09409954828757883
55,f3_dup_a|f5_null|f6_suppressor|f7_weak,1011100,4,-4.595154261398315,0.03051861676893552,0.3874526908604299,0.4792355347418139,-4.493771270443058,0.10138299095525749
55,f3_dup_a|f5_null|f6_suppressor|f8_bigcoef,1011010,4,-4.410788474750519,0.030505585302742822,0.5718184775082262,0.6720667751478063,-4.3018226845636125,0.10896579018690655
55,f3_dup_a|f5_null|f6_suppressor|noise_0,1011001,4,-4.7353825294494625,0.030726819539338045,0.2472244228092828,0.32549318486783363,-4.6379502941060675,0.09743223534339496
55,f3_dup_a|f5_null|f7_weak|f8_bigcoef,1010110,4,-4.316134101486206,0.03001734240298845,0.6664728507725393,0.7548239943865932,-4.21753683634919,0.09859726513701617
55,f3_dup_a|f5_null|f7_weak|noise_0,1010101,4,-4.582409006690979,0.029318642581938614,0.40019794556776667,0.4792355347418139,-4.493771270443058,0.0886377362479207
55,f3_dup_a|f5_null|f8_bigcoef|noise_0,1010011,4,-4.401500431442261,0.029520462277406536,0.5811065208164843,0.6720667751478063,-4.3018226845636125,0.0996777468786485
55,f3_dup_a|f6_suppressor|f7_weak|f8_bigcoef,1001110,4,-4.330177685070038,0.030759057696977267,0.6524292671887073,0.7548239943865932,-4.21753683634919,0.11264084872084812
55,f3_dup_a|f6_suppressor|f7_weak|noise_0,1001101,4,-4.595276505374908,0.030289988178358918,0.387330446883837,0.4792355347418139,-4.493771270443058,0.10150523493185037
55,f3_dup_a|f6_suppressor|f8_bigcoef|noise_0,1001011,4,-4.411449450302124,0.03029503309639032,0.5711575019566215,0.6720667751478063,-4.3018226845636125,0.10962676573851127
55,f3_dup_a|f7_weak|f8_bigcoef|noise_0,1000111,4,-4.317976274585724,0.029799935689713487,0.6646306776730215,0.7548239943865932,-4.21753683634919,0.1004394382365339
55,f4_dup_b|f5_null|f6_suppressor|f7_weak,111100,4,-4.591994898796082,0.03061511147137209,0.3906120534626636,0.4792355347418139,-4.492127098683885,0.09986780011219665
55,f4_dup_b|f5_null|f6_suppressor|f8_bigcoef,111010,4,-4.40480850391388,0.030631428646778057,0.5777984483448657,0.6720667751478063,-4.300178512804439,0.10462999110944082
55,f4_dup_b|f5_null|f6_suppressor|noise_0,111001,4,-4.7308786335945126,0.031023342465102462,0.25172831866423273,0.32549318486783363,-4.636306122346894,0.09457251124761878
55,f4_dup_b|f5_null|f7_weak|f8_bigcoef,110110,4,-4.308108282375335,0.029823940931124913,0.6744986698834099,0.7548239943865932,-4.215892664590016,0.09221561778531928
55,f4_dup_b|f5_null|f7_weak|noise_0,110101,4,-4.5785132499694825,0.02940495425817025,0.4040937022892628,0.4792355347418139,-4.492127098683885,0.08638615128559746
55,f4_dup_b|f5_null|f8_bigcoef|noise_0,110011,4,-4.394653584861755,0.029494904627712825,0.5879533673969899,0.6720667751478063,-4.300178512804439,0.09447507205731664
55,f4_dup_b|f6_suppressor|f7_weak|f8_bigcoef,101110,4,-4.3189994534492495,0.030480906063828094,0.6636074988094958,0.7548239943865932,-4.215892664590016,0.10310678885923341
55,f4_dup_b|f6_suppressor|f7_weak|noise_0,101101,4,-4.587936894702912,0.030313516818456076,0.3946700575558335,0.4792355347418139,-4.492127098683885,0.09580979601902673
55,f4_dup_b|f6_suppressor|f8_bigcoef|noise_0,101011,4,-4.402750671005249,0.030251348405587873,0.5798562812534964,0.6720667751478063,-4.300178512804439,0.10257215820081012
55,f4_dup_b|f7_weak|f8_bigcoef|noise_0,100111,4,-4.308990274810791,0.029494987410022887,0.6736166774479546,0.7548239943865932,-4.215892664590016,0.09309761022077456
55,f5_null|f6_suppressor|f7_weak|f8_bigcoef,11110,4,-4.622681927871704,0.032433022833908254,0.3599250243870413,0.42933080951875946,-4.528096470063545,0.09458545780815886
55,f5_null|f6_suppressor|f7_weak|noise_0,11101,4,-4.8880749711990354,0.032226663306678144,0.09453198105970984,0.15374234987398028,-4.804330904157414,0.0837440670416214
55,f5_null|f6_suppressor|f8_bigcoef|noise_0,11011,4,-4.704722252464294,0.032376413201595615,0.2778846997944511,0.3465735902799726,-4.612382318277969,0.09233993418632558
55,f5_null|f7_weak|f8_bigcoef|noise_0,10111,4,-4.605834075069428,0.03144324153041155,0.3767728771893175,0.42933080951875946,-4.528096470063545,0.07773760500588267
55,f6_suppressor|f7_weak|f8_bigcoef|noise_0,1111,4,-4.615465067005157,0.03214168598534438,0.36714188525358793,0.42933080951875946,-4.528096470063545,0.08736859694161225
55,f1_strong_t1|f2_strong_t2|f3_dup_a|f4_dup_b|f5_null,111110000,5,-3.754687326526642,0.03236038729985119,1.2279196257321034,1.3235905993032566,-3.6276558993571917,0.12703142716945015
55,f1_strong_t1|f2_strong_t2|f3_dup_a|f4_dup_b|f6_suppressor,111101000,5,-2.1107266857147216,0.03422597872856251,2.8718802665440237,3.1074079542205526,-1.8651087705614784,0.24561791515324316
55,f1_strong_t1|f2_strong_t2|f3_dup_a|f4_dup_b|f7_weak,111100100,5,-3.6122961418151855,0.03244827514824576,1.3703108104435597,1.477332949177237,-3.4834768756941825,0.12881926612100303
55,f1_strong_t1|f2_strong_t2|f3_dup_a|f4_dup_b|f8_bigcoef,111100010,5,-3.425204428911209,0.032049457754228045,1.5574025233475361,1.6701641895832289,-3.291528289814737,0.13367613909647202
55,f1_strong_t1|f2_strong_t2|f3_dup_a|f4_dup_b|noise_0,111100001,5,-3.7580689795017244,0.0322728671040933,1.224537972757021,1.3235905993032566,-3.6276558993571917,0.13041308014453268
55,f1_strong_t1|f2_strong_t2|f3_dup_a|f5_null|f6_suppressor,111011000,5,-2.112207833099365,0.03250835234879943,2.87039911915938,3.097210687049391,-1.875736214670604,0.2364716184287612
55,f1_strong_t1|f2_strong_t2|f3_dup_a|f5_null|f7_weak,111010100,5,-3.625092874145508,0.03057886193468122,1.3575140781132373,1.467135682006075,-3.4941043198033093,0.1309885543421987
55,f1_strong_t1|f2_strong_t2|f3_dup_a|f5_null|f8_bigcoef,111010010,5,-3.441987431383133,0.03061935986239702,1.5406195208756124,1.6599669224120674,-3.302155733923863,0.13983169745926993
55,f1_strong_t1|f2_strong_t2|f3_dup_a|f5_null|noise_0,111010001,5,-3.770310329580307,0.030591336206491584,1.2122966226784384,1.3133933321320947,-3.6382833434663175,0.13202698611398933
55,f1_strong_t1|f2_strong_t2|f3_dup_a|f6_suppressor|f7_weak,111001100,5,-1.9826364570617676,0.03242639213337466,2.999970495196978,3.2509530369233715,-1.7315571910075949,0.25107926605417275
55,f1_strong_t1|f2_strong_t2|f3_dup_a|f6_suppressor|f8_bigcoef,111001010,5,-1.7888076438903808,0.03239056679824074,3.1937993083683645,3.443784277329364,-1.539608605128149,0.24919903876223182
55,f1_strong_t1|f2_strong_t2|f3_dup_a|f6_suppressor|noise_0,111001001,5,-2.126648152732849,0.032853864826341214,2.8559587995258964,3.097210687049391,-1.875736214670604,0.2509119380622449
55,f1_strong_t1|f2_strong_t2|f3_dup_a|f7_weak|f8_bigcoef,111000110,5,-3.3634252047538755,0.031383719896809964,1.6191817475048698,1.742724141650854,-3.2178698857094394,0.14555531904443608
55,f1_strong_t1|f2_strong_t2|f3_dup_a|f7_weak|noise_0,111000101,5,-3.633231297826767,0.030736365980866553,1.3493756544319782,1.467135682006075,-3.4941043198033093,0.13912697802345786
55,f1_strong_t1|f2_strong_t2|f3_dup_a|f8_bigcoef|noise_0,111000011,5,-3.449636883163452,0.030672387422656117,1.5329700690952932,1.6599669224120674,-3.302155733923863,0.1474811492395891
55,f1_strong_t1|f2_strong_t2|f4_dup_b|f5_null|f6_suppressor,110111000,5,-2.113889080810547,0.03269583359431834,2.8687178714481982,3.097210687049391,-1.8740920429114303,0.23979703789911677
55,f1_strong_t1|f2_strong_t2|f4_dup_b|f5_null|f7_weak,110110100,5,-3.6233767882823944,0.030288316424573747,1.3592301639763509,1.467135682006075,-3.492460148044135,0.13091664023825933
55,f1_strong_t1|f2_strong_t2|f4_dup_b|f5_null|f8_bigcoef,110110010,5,-3.437139344072342,0.030108616389527474,1.5454676081864034,1.6599669224120674,-3.3005115621646897,0.13662778190765223
55,f1_strong_t1|f2_strong_t2|f4_dup_b|f5_null|noise_0,110110001,5,-3.772361512184143,0.030450387370751782,1.210245440074602,1.3133933321320947,-3.6366391717071442,0.13572234047699894
55,f1_strong_t1|f2_strong_t2|f4_dup_b|f6_suppressor|f7_weak,110101100,5,-1.969950987815857,0.03184141224186985,3.0126559644428883,3.2509530369233715,-1.7299130192484216,0.24003796856743542
55,f1_strong_t1|f2_strong_t2|f4_dup_b|f6_suppressor|f8_bigcoef,110101010,5,-1.7716256343841552,0.031948889414331993,3.21098131787459,3.443784277329364,-1.5379644333689753,0.23366120101517995
55,f1_strong_t1|f2_strong_t2|f4_dup_b|f6_suppressor|noise_0,110101001,5,-2.1092379677772524,0.03274193203682034,2.873368984481493,3.097210687049391,-1.8740920429114303,0.2351459248658221
55,f1_strong_t1|f2_strong_t2|f4_dup_b|f7_weak|f8_bigcoef,110100110,5,-3.35279007935524,0.030524444123108646,1.6298168729035054,1.742724141650854,-3.216225713950266,0.13656436540497374
55,f1_strong_t1|f2_strong_t2|f4_dup_b|f7_weak|noise_0,110100101,5,-3.6272618931293485,0.030223171084907206,1.3553450591293967,1.467135682006075,-3.492460148044135,0.13480174508521348
55,f1_strong_t1|f2_strong_t2|f4_dup_b|f8_bigcoef|noise_0,110100011,5,-3.4441922818660737,0.030021230767071975,1.5384146703926715,1.6599669224120674,-3.3005115621646897,0.14368071970138407
55,f1_strong_t1|f2_strong_t2|f5_null|f6_suppressor|f7_weak,110011100,5,-2.265582534790039,0.034411599844687786,2.717024417468706,2.9254598520555377,-2.0421168247219508,0.22346571006808835
55,f1_strong_t1|f2_strong_t2|f5_null|f6_suppressor|f8_bigcoef,110011010,5,-2.0589990557670594,0.03415620721646623,2.923607896491686,3.11829109246153,-1.8501682388425047,0.20883081692455474
55,f1_strong_t1|f2_strong_t2|f5_null|f6_suppressor|noise_0,110011001,5,-2.3956390892982484,0.03471950639374235,2.586967862960497,2.7717175021815574,-2.1862958483849595,0.20934324091328893
55,f1_strong_t1|f2_strong_t2|f5_null|f7_weak|f8_bigcoef,110010110,5,-3.6497797259807587,0.03230011352169865,1.3328272262779866,1.4172309567830204,-3.528429519423795,0.1213502065569636
55,f1_strong_t1|f2_strong_t2|f5_null|f7_weak|noise_0,110010101,5,-3.920284914445877,0.03187260960380834,1.0623220378128684,1.1416424971382413,-3.804663953517664,0.11562096092821283
55,f1_strong_t1|f2_strong_t2|f5_null|f8_bigcoef|noise_0,110010011,5,-3.734591724681854,0.03197950491117151,1.2480152275768912,1.3344737375442337,-3.6127153676382178,0.12187635704363631
55,f1_strong_t1|f2_strong_t2|f6_suppressor|f7_weak|f8_bigcoef,110001110,5,-1.9758144180297852,0.03406414329696548,3.00679253422896,3.201048311700317,-1.765882390628082,0.20993202740170314
55,f1_strong_t1|f2_strong_t2|f6_suppressor|f7_weak|noise_0,110001101,5,-2.2462931334495546,0.03399688429507828,2.7363138188091907,2.9254598520555377,-2.0421168247219508,0.20417630872760384
55,f1_strong_t1|f2_strong_t2|f6_suppressor|f8_bigcoef|noise_0,110001011,5,-2.053969390487671,0.033992554361465005,2.9286375617710743,3.11829109246153,-1.8501682388425047,0.20380115164516632
55,f1_strong_t1|f2_strong_t2|f7_weak|f8_bigcoef|noise_0,110000111,5,-3.6433787227630616,0.03223312044184215,1.3392282294956837,1.4172309567830204,-3.528429519423795,0.1149492033392665
55,f1_strong_t1|f3_dup_a|f4_dup_b|f5_null|f6_suppressor,101111000,5,-2.8961348034858703,0.03391207017851658,2.086472148772875,2.302688998003503,-2.688042878803397,0.20809192468247328
55,f1_strong_t1|f3_dup_a|f4_dup_b|f5_null|f7_weak,101110100,5,-4.413055969715119,0.03189622064470729,0.5695509825436265,0.6726139929601865,-4.306410983936101,0.10664498577901771
55,f1_strong_t1|f3_dup_a|f4_dup_b|f5_null|f8_bigcoef,101110010,5,-4.2250902048587795,0.03182600052630161,0.7575167473999658,0.8654452333661787,-4.114462398056656,0.11062780680212381
55,f1_strong_t1|f3_dup_a|f4_dup_b|f5_null|noise_0,101110001,5,-4.551924007511139,0.03197759519567318,0.4306829447476064,0.5188716430862063,-4.450590007599112,0.1013339999120273
55,f1_strong_t1|f3_dup_a|f4_dup_b|f6_suppressor|f7_weak,101101100,5,-2.769964880847931,0.033397838599269834,2.2126420714108144,2.456431347877483,-2.543863855140388,0.2261010257075431
55,f1_strong_t1|f3_dup_a|f4_dup_b|f6_suppressor|f8_bigcoef,101101010,5,-2.5831381063461305,0.033657505715405024,2.399468845912615,2.6492625882834755,-2.3519152692609415,0.23122283708518898
55,f1_strong_t1|f3_dup_a|f4_dup_b|f6_suppressor|noise_0,101101001,5,-2.9283458711624144,0.03384714109936982,2.054261081096331,2.302688998003503,-2.688042878803397,0.24030299235901742
55,f1_strong_t1|f3_dup_a|f4_dup_b|f7_weak|f8_bigcoef,101100110,5,-4.14558673505783,0.032383868997531096,0.8370202172009149,0.9482024526049658,-4.030176549842233,0.11541018521559732
55,f1_strong_t1|f3_dup_a|f4_dup_b|f7_weak|noise_0,101100101,5,-4.413267453956604,0.031750734637662786,0.5693394983021411,0.6726139929601865,-4.306410983936101,0.10685647002050302
55,f1_strong_t1|f3_dup_a|f4_dup_b|f8_bigcoef|noise_0,101100011,5,-4.2261219810009,0.031583354216252635,0.7564849712578452,0.8654452333661787,-4.114462398056656,0.11165958294424438
55,f1_strong_t1|f3_dup_a|f5_null|f6_suppressor|f7_weak,101011100,5,-2.7691857951164245,0.03187962822866827,2.213421157142321,2.446234080706321,-2.5544912992495132,0.21469449586691125
55,f1_strong_t1|f3_dup_a|f5_null|f6_suppressor|f8_bigcoef,101011010,5,-2.5878303124427795,0.03217259208124584,2.394776639815966,2.639065321112313,-2.362542713370068,0.22528759907271168
55,f1_strong_t1|f3_dup_a|f5_null|f6_suppressor|noise_0,101011001,5,-2.911130455303192,0.032031968006549554,2.0714764969555532,2.292491730832341,-2.6986703229125224,0.21246013239066963
55,f1_strong_t1|f3_dup_a|f5_null|f7_weak|f8_bigcoef,101010110,5,-4.1603070605754855,0.030965137863577675,0.8222998916832598,0.938005185433804,-4.040803993951359,0.11950306662412657
55,f1_strong_t1|f3_dup_a|f5_null|f7_weak|noise_0,101010101,5,-4.425473385906219,0.029919044602198994,0.5571335663525261,0.6624167257890249,-4.317038428045227,0.10843495786099222
55,f1_strong_t1|f3_dup_a|f5_null|f8_bigcoef|noise_0,101010011,5,-4.240482089853287,0.03007692447654688,0.7421248624054586,0.8552479661950173,-4.125089842165781,0.115392247687506
55,f1_strong_t1|f3_dup_a|f6_suppressor|f7_weak|f8_bigcoef,101001110,5,-2.5031882336616516,0.03237306471210394,2.4794187185970937,2.7218225403511003,-2.278256865155645,0.22493136850600637
55,f1_strong_t1|f3_dup_a|f6_suppressor|f7_weak|noise_0,101001101,5,-2.778906117725372,0.03150342693995232,2.203700834533373,2.446234080706321,-2.5544912992495132,0.22441481847585898
55,f1_strong_t1|f3_dup_a|f6_suppressor|f8_bigcoef|noise_0,101001011,5,-2.5851809276580813,0.032009588078210215,2.397426024600664,2.639065321112313,-2.362542713370068,0.22263821428801345
55,f1_strong_t1|f3_dup_a|f7_weak|f8_bigcoef|noise_0,101000111,5,-4.162517319154739,0.030709964365579552,0.820089633104006,0.938005185433804,-4.040803993951359,0.12171332520338041
55,f1_strong_t1|f4_dup_b|f5_null|f6_suppressor|f7_weak,100111100,5,-2.782867691707611,0.03190155265209575,2.199739260551134,2.446234080706321,-2.55284712749034,0.23002056421727124
55,f1_strong_t1|f4_dup_b|f5_null|f6_suppressor|f8_bigcoef,100111010,5,-2.6021852737426756,0.03246179438940853,2.3804216785160697,2.639065321112313,-2.3608985416108945,0.2412867321317811
55,f1_strong_t1|f4_dup_b|f5_null|f6_suppressor|noise_0,100111001,5,-2.9318656917572024,0.03267538534907974,2.050741260501543,2.292491730832341,-2.697026151153349,0.23483954060385326
55,f1_strong_t1|f4_dup_b|f5_null|f7_weak|f8_bigcoef,100110110,5,-4.14809991440773,0.03040444709241115,0.8345070378510151,0.938005185433804,-4.039159822192186,0.10894009221554413
55,f1_strong_t1|f4_dup_b|f5_null|f7_weak|noise_0,100110101,5,-4.420429290008545,0.029845010453807785,0.5621776622502006,0.6624167257890249,-4.315394256286054,0.10503503372249057
55,f1_strong_t1|f4_dup_b|f5_null|f8_bigcoef|noise_0,100110011,5,-4.233412337970734,0.029952564009613256,0.7491946142880117,0.8552479661950173,-4.123445670406608,0.10996666756412576
55,f1_strong_t1|f4_dup_b|f6_suppressor|f7_weak|f8_bigcoef,100101110,5,-2.496778277873993,0.031881376162931165,2.485828674384752,2.7218225403511003,-2.2766126933964714,0.22016558447752166
55,f1_strong_t1|f4_dup_b|f6_suppressor|f7_weak|noise_0,100101101,5,-2.7811026188850403,0.03138511264089963,2.201504333373705,2.446234080706321,-2.55284712749034,0.22825549139470036
55,f1_strong_t1|f4_dup_b|f6_suppressor|f8_bigcoef|noise_0,100101011,5,-2.56849881401062,0.031859995573258804,2.414108138248125,2.639065321112313,-2.3608985416108945,0.20760027239972567
55,f1_strong_t1|f4_dup_b|f7_weak|f8_bigcoef|noise_0,100100111,5,-4.150734658908844,0.030151498458395366,0.8318722933499014,0.938005185433804,-4.039159822192186,0.1115748367166578
55,f1_strong_t1|f5_null|f6_suppressor|f7_weak|f8_bigcoef,100011110,5,-2.7961063859939577,0.03459802304674385,2.1865005662647876,2.3963293554832665,-2.588816498870001,0.2072898871239568
55,f1_strong_t1|f5_null|f6_suppressor|f7_weak|noise_0,100011101,5,-3.0619244057655335,0.033716034189877966,1.9206825464932118,2.1207408958384875,-2.865050932963869,0.19687347280166456
55,f1_strong_t1|f5_null|f6_suppressor|f8_bigcoef|noise_0,100011011,5,-2.8697931369781493,0.03419162155255379,2.112813815280596,2.3135721362444794,-2.6731023470844235,0.1966907898937258
55,f1_strong_t1|f5_null|f7_weak|f8_bigcoef|noise_0,100010111,5,-4.44475841627121,0.031979521760814957,0.5378485359875356,0.6125120005659704,-4.351363627665714,0.09339478860549555
55,f1_strong_t1|f6_suppressor|f7_weak|f8_bigcoef|noise_0,100001111,5,-2.77583408908844,0.03368422458364872,2.2067728631703054,2.3963293554832665,-2.588816498870001,0.187017590218439
55,f2_strong_t2|f3_dup_a|f4_dup_b|f5_null|f6_suppressor,11111000,5,-3.9324162860393526,0.03282673447894617,1.0501906662193927,1.1404094082560454,-3.8043887417550226,0.12802754428432994
55,f2_strong_t2|f3_dup_a|f4_dup_b|f5_null|f7_weak,11110100,5,-3.775509297943115,0.031830563563656676,1.2070976543156302,1.2941517581300257,-3.660209718092013,0.11529957985110206
55,f2_strong_t2|f3_dup_a|f4_dup_b|f5_null|f8_bigcoef,11110010,5,-3.588820242166519,0.03162024794844146,1.3937867100922263,1.4869829985360181,-3.4682611322125676,0.12055910995395136
55,f2_strong_t2|f3_dup_a|f4_dup_b|f5_null|noise_0,11110001,5,-3.9190957389354706,0.03169883725722699,1.0635112133232747,1.1404094082560454,-3.8043887417550226,0.11470699718044797
55,f2_strong_t2|f3_dup_a|f4_dup_b|f6_suppressor|f7_weak,11101100,5,-3.7845853398323057,0.03262420981056811,1.1980216124264396,1.2941517581300257,-3.660209718092013,0.12437562174029271
55,f2_strong_t2|f3_dup_a|f4_dup_b|f6_suppressor|f8_bigcoef,11101010,5,-3.599967336702347,0.03224480097697834,1.3826396155563985,1.4869829985360181,-3.4682611322125676,0.1317062044897792
55,f2_strong_t2|f3_dup_a|f4_dup_b|f6_suppressor|noise_0,11101001,5,-3.928061360454559,0.032524953469406384,1.0545455918041862,1.1404094082560454,-3.8043887417550226,0.1236726186995365
55,f2_strong_t2|f3_dup_a|f4_dup_b|f7_weak|f8_bigcoef,11100110,5,-3.501752194404602,0.03202463096609338,1.4808547578541433,1.5697402177748048,-3.3839752839981445,0.11777691040645744
55,f2_strong_t2|f3_dup_a|f4_dup_b|f7_weak|noise_0,11100101,5,-3.772055216360092,0.03152031249268732,1.2105517358986533,1.2941517581300257,-3.660209718092013,0.11184549826807899
55,f2_strong_t2|f3_dup_a|f4_dup_b|f8_bigcoef|noise_0,11100011,5,-3.5866901726722715,0.031248684982852402,1.3959167795864738,1.4869829985360181,-3.4682611322125676,0.11842904045970393
55,f2_strong_t2|f3_dup_a|f5_null|f6_suppressor|f7_weak,11011100,5,-3.8004462446689606,0.030822512629059884,1.1821607075897846,1.2839544909588643,-3.6708371622011393,0.12960908246782132
55,f2_strong_t2|f3_dup_a|f5_null|f6_suppressor|f8_bigcoef,11011010,5,-3.6168482582092287,0.030885115502683594,1.3657586940495166,1.4767857313648562,-3.478888576321694,0.13795968188753482
55,f2_strong_t2|f3_dup_a|f5_null|f6_suppressor|noise_0,11011001,5,-3.948142750787735,0.031021505950610893,1.0344642014710104,1.130212141084884,-3.8150161858641485,0.13312656492358643
55,f2_strong_t2|f3_dup_a|f5_null|f7_weak|f8_bigcoef,11010110,5,-3.5190117824077607,0.03055804619384874,1.4635951698509846,1.5595429506036433,-3.3946027281072713,0.12440905430048943
55,f2_strong_t2|f3_dup_a|f5_null|f7_weak|noise_0,11010101,5,-3.785342252969742,0.029836495830813336,1.1972646992890033,1.2839544909588643,-3.6708371622011393,0.11450509076860271
55,f2_strong_t2|f3_dup_a|f5_null|f8_bigcoef|noise_0,11010011,5,-3.607435345506668,0.029991761573022677,1.3751716067520774,1.4767857313648562,-3.478888576321694,0.12854676918497399
55,f2_strong_t2|f3_dup_a|f6_suppressor|f7_weak|f8_bigcoef,11001110,5,-3.535054884290695,0.03138416086959993,1.4475520679680502,1.5595429506036433,-3.3946027281072713,0.14045215618342377
55,f2_strong_t2|f3_dup_a|f6_suppressor|f7_weak|noise_0,11001101,5,-3.8001291410446165,0.030728863977737136,1.1824778112141288,1.2839544909588643,-3.6708371622011393,0.1292919788434772
55,f2_strong_t2|f3_dup_a|f6_suppressor|f8_bigcoef|noise_0,11001011,5,-3.6172703411102294,0.03081623500274623,1.365336611148516,1.4767857313648562,-3.478888576321694,0.13838176478853548
55,f2_strong_t2|f3_dup_a|f7_weak|f8_bigcoef|noise_0,11000111,5,-3.5221546759128572,0.030394231741850405,1.460452276345888,1.5595429506036433,-3.3946027281072713,0.12755194780558599
55,f2_strong_t2|f4_dup_b|f5_null|f6_suppressor|f7_weak,10111100,5,-3.7956060001850127,0.031033701059823476,1.1870009520737326,1.2839544909588643,-3.669192990441967,0.1264130097430458
55,f2_strong_t2|f4_dup_b|f5_null|f6_suppressor|f8_bigcoef,10111010,5,-3.609422762775421,0.03093376715582051,1.3731841894833243,1.4767857313648562,-3.4772444045625206,0.13217835821290036
55,f2_strong_t2|f4_dup_b|f5_null|f6_suppressor|noise_0,10111001,5,-3.944522301244736,0.031297147462820765,1.0380846510140094,1.130212141084884,-3.813372014104975,0.13115028713976074
55,f2_strong_t2|f4_dup_b|f5_null|f7_weak|f8_bigcoef,10110110,5,-3.5155974425792693,0.03040385200654735,1.467009509679476,1.5595429506036433,-3.392958556348098,0.12263888623117136
55,f2_strong_t2|f4_dup_b|f5_null|f7_weak|noise_0,10110101,5,-3.7854750760555267,0.029872956737939438,1.1971318762032186,1.2839544909588643,-3.669192990441967,0.1162820856135598
55,f2_strong_t2|f4_dup_b|f5_null|f8_bigcoef|noise_0,10110011,5,-3.6061256214141846,0.029996808362940407,1.3764813308445607,1.4767857313648562,-3.4772444045625206,0.12888121685166398
55,f2_strong_t2|f4_dup_b|f6_suppressor|f7_weak|f8_bigcoef,10101110,5,-3.52356913690567,0.031040129594896194,1.4590378153530752,1.5595429506036433,-3.392958556348098,0.13061058055757213
55,f2_strong_t2|f4_dup_b|f6_suppressor|f7_weak|noise_0,10101101,5,-3.7954951511859893,0.030756249969037315,1.187111801072756,1.2839544909588643,-3.669192990441967,0.12630216074402245
55,f2_strong_t2|f4_dup_b|f6_suppressor|f8_bigcoef|noise_0,10101011,5,-3.610652052497864,0.03063301969860034,1.3719548997608815,1.4767857313648562,-3.4772444045625206,0.1334076479353432
55,f2_strong_t2|f4_dup_b|f7_weak|f8_bigcoef|noise_0,10100111,5,-3.5183246871471403,0.03008124554510308,1.464282265111605,1.5595429506036433,-3.392958556348098,0.12536613079904235
55,f2_strong_t2|f5_null|f6_suppressor|f7_weak|f8_bigcoef,10011110,5,-3.8252677444934844,0.03295017252389269,1.157339207765261,1.2340497657358096,-3.705162361821627,0.12010538267185744
55,f2_strong_t2|f5_null|f6_suppressor|f7_weak|noise_0,10011101,5,-4.095570016431808,0.03264114360597501,0.887036935826937,0.9584613060910306,-3.981396795915495,0.11417322051631329
55,f2_strong_t2|f5_null|f6_suppressor|f8_bigcoef|noise_0,10011011,5,-3.9076867557525636,0.03271775706633774,1.0749201965061816,1.151292546497023,-3.7894482100360496,0.11823854571651404
55,f2_strong_t2|f5_null|f7_weak|f8_bigcoef|noise_0,10010111,5,-3.8121677525043487,0.032031010108650185,1.1704391997543966,1.2340497657358096,-3.705162361821627,0.10700539068272175
55,f2_strong_t2|f6_suppressor|f7_weak|f8_bigcoef|noise_0,10001111,5,-3.81994353351593,0.03279959330895586,1.1626634187428153,1.2340497657358096,-3.705162361821627,0.11478117169430302
55,f3_dup_a|f4_dup_b|f5_null|f6_suppressor|f7_weak,1111100,5,-4.596395303630829,0.0326717436239559,0.3862116486279161,0.48943280191297556,-4.483143826333933,0.11325147729689622
55,f3_dup_a|f4_dup_b|f5_null|f6_suppressor|f8_bigcoef,1111010,5,-4.407032885408402,0.032426073276598015,0.5755740668503435,0.682264042318968,-4.291195240454487,0.11583764495391513
55,f3_dup_a|f4_dup_b|f5_null|f6_suppressor|noise_0,1111001,5,-4.730568314647675,0.03272682766936369,0.25203863761107037,0.3356904520389953,-4.6273228499969425,0.10324546465073237
55,f3_dup_a|f4_dup_b|f5_null|f7_weak|f8_bigcoef,1110110,5,-4.311934405469894,0.031830406106139256,0.6706725467888512,0.7650212615577549,-4.206909392240064,0.10502501322983004
55,f3_dup_a|f4_dup_b|f5_null|f7_weak|noise_0,1110101,5,-4.580141246414184,0.03130244812744847,0.4024657058445609,0.48943280191297556,-4.483143826333933,0.09699742008025147
55,f3_dup_a|f4_dup_b|f5_null|f8_bigcoef|noise_0,1110011,5,-4.395348483753204,0.031204545854343416,0.5872584685055413,0.682264042318968,-4.291195240454487,0.10415324329871734
55,f3_dup_a|f4_dup_b|f6_suppressor|f7_weak|f8_bigcoef,1101110,5,-4.32603501291275,0.03264196789046635,0.6565719393459952,0.7650212615577549,-4.206909392240064,0.11912562067268606
55,f3_dup_a|f4_dup_b|f6_suppressor|f7_weak|noise_0,1101101,5,-4.589178767490387,0.03230116140987303,0.39342818476835806,0.48943280191297556,-4.483143826333933,0.10603494115645429
55,f3_dup_a|f4_dup_b|f6_suppressor|f8_bigcoef|noise_0,1101011,5,-4.40461059088707,0.03209489960650889,0.5779963613716754,0.682264042318968,-4.291195240454487,0.11341535043258322
55,f3_dup_a|f4_dup_b|f7_weak|f8_bigcoef|noise_0,1100111,5,-4.307245860385895,0.031514565076652915,0.6753610918728503,0.7650212615577549,-4.206909392240064,0.10033646814583097
55,f3_dup_a|f5_null|f6_suppressor|f7_weak|f8_bigcoef,1011110,5,-4.336632836437225,0.031183856846377034,0.6459741158215202,0.7548239943865932,-4.21753683634919,0.11909600008803523
55,f3_dup_a|f5_null|f6_suppressor|f7_weak|noise_0,1011101,5,-4.60251823425293,0.030683004633824118,0.38008871800581545,0.4792355347418139,-4.493771270443058,0.10874696380987192
55,f3_dup_a|f5_null|f6_suppressor|f8_bigcoef|noise_0,1011011,5,-4.416307020378113,0.030674298001776658,0.5662999318806321,0.6720667751478063,-4.3018226845636125,0.11448433581450068
55,f3_dup_a|f5_null|f7_weak|f8_bigcoef|noise_0,1010111,5,-4.322558753871918,0.030029431024366723,0.6600481983868276,0.7548239943865932,-4.21753683634919,0.10502191752272783
55,f3_dup_a|f6_suppressor|f7_weak|f8_bigcoef|noise_0,1001111,5,-4.33435229063034,0.03090822720176396,0.6482546616284051,0.7548239943865932,-4.21753683634919,0.11681545428115037
55,f4_dup_b|f5_null|f6_suppressor|f7_weak|f8_bigcoef,111110,5,-4.3279622230052945,0.03109874185497146,0.6546447292534507,0.7548239943865932,-4.215892664590016,0.11206955841527844
55,f4_dup_b|f5_null|f6_suppressor|f7_weak|noise_0,111101,5,-4.596499619960785,0.030811927266252287,0.3861073322979607,0.4792355347418139,-4.492127098683885,0.10437252127689955
55,f4_dup_b|f5_null|f6_suppressor|f8_bigcoef|noise_0,111011,5,-4.409303383111954,0.030824757143527743,0.5733035691467911,0.6720667751478063,-4.300178512804439,0.10912487030751539
55,f4_dup_b|f5_null|f7_weak|f8_bigcoef|noise_0,110111,5,-4.31696589050293,0.029901352754833903,0.6656410617558155,0.7548239943865932,-4.215892664590016,0.10107322591291368
55,f4_dup_b|f6_suppressor|f7_weak|f8_bigcoef|noise_0,101111,5,-4.324848629951477,0.03072383362504417,0.6577583223072683,0.7548239943865932,-4.215892664590016,0.1089559653614609
55,f5_null|f6_suppressor|f7_weak|f8_bigcoef|noise_0,11111,5,-4.628644281196594,0.032741824215817936,0.35396267106215085,0.42933080951875946,-4.528096470063545,0.10054781113304934
55,f1_strong_t1|f2_strong_t2|f3_dup_a|f4_dup_b|f5_null|f6_suppressor,111111000,6,-2.1061450329780578,0.03470577750296916,2.8764619192806875,3.1074079542205526,-1.8651087705614784,0.24103626241657938
55,f1_strong_t1|f2_strong_t2|f3_dup_a|f4_dup_b|f5_null|f7_weak,111110100,6,-3.6172768924713137,0.03251427594283459,1.3653300597874316,1.477332949177237,-3.4834768756941825,0.13380001677713116
55,f1_strong_t1|f2_strong_t2|f3_dup_a|f4_dup_b|f5_null|f8_bigcoef,111110010,6,-3.428371181678772,0.03224688501389371,1.5542357705799734,1.6701641895832289,-3.291528289814737,0.13684289186403475
55,f1_strong_t1|f2_strong_t2|f3_dup_a|f4_dup_b|f5_null|noise_0,111110001,6,-3.7599185349464417,0.032286987121792274,1.2226884173123036,1.3235905993032566,-3.6276558993571917,0.13226263558925
55,f1_strong_t1|f2_strong_t2|f3_dup_a|f4_dup_b|f6_suppressor|f7_weak,111101100,6,-1.9787900745391847,0.034648455256443896,3.0038168777195606,3.261150304094533,-1.7209297468984697,0.257860327640715
55,f1_strong_t1|f2_strong_t2|f3_dup_a|f4_dup_b|f6_suppressor|f8_bigcoef,111101010,6,-1.7827182854652406,0.03447858135238115,3.1998886667935045,3.4539815445005253,-1.5289811610190234,0.2537371244462172
55,f1_strong_t1|f2_strong_t2|f3_dup_a|f4_dup_b|f6_suppressor|noise_0,111101001,6,-2.1258727177619936,0.03486929407397019,2.8567342344967517,3.1074079542205526,-1.8651087705614784,0.2607639472005152
55,f1_strong_t1|f2_strong_t2|f3_dup_a|f4_dup_b|f7_weak|f8_bigcoef,111100110,6,-3.3478555097579954,0.03292287171150452,1.6347514425007499,1.752921408822016,-3.2072424416003145,0.14061306815768093
55,f1_strong_t1|f2_strong_t2|f3_dup_a|f4_dup_b|f7_weak|noise_0,111100101,6,-3.618006594467163,0.0323516080923355,1.3646003577915824,1.477332949177237,-3.4834768756941825,0.13452971877298037
55,f1_strong_t1|f2_strong_t2|f3_dup_a|f4_dup_b|f8_bigcoef|noise_0,111100011,6,-3.4299360268115997,0.03207988646299227,1.5526709254471456,1.6701641895832289,-3.291528289814737,0.1384077369968626
55,f1_strong_t1|f2_strong_t2|f3_dup_a|f5_null|f6_suppressor|f7_weak,111011100,6,-1.978054381465912,0.03283174937072705,3.0045525707928333,3.2509530369233715,-1.7315571910075949,0.24649719045831708
55,f1_strong_t1|f2_strong_t2|f3_dup_a|f5_null|f6_suppressor|f8_bigcoef,111011010,6,-1.7848965263366698,0.032578202866166577,3.197710425922075,3.443784277329364,-1.539608605128149,0.24528792120852083
55,f1_strong_t1|f2_strong_t2|f3_dup_a|f5_null|f6_suppressor|noise_0,111011001,6,-2.122813591861725,0.03272392270854766,2.8597933603970205,3.097210687049391,-1.875736214670604,0.24707737719112077
55,f1_strong_t1|f2_strong_t2|f3_dup_a|f5_null|f7_weak|f8_bigcoef,111010110,6,-3.3628799088954926,0.03136646556849767,1.6197270433632527,1.742724141650854,-3.21786988570944,0.14501002318605272
55,f1_strong_t1|f2_strong_t2|f3_dup_a|f5_null|f7_weak|noise_0,111010101,6,-3.630300075960159,0.030500854941618107,1.3523068762985861,1.467135682006075,-3.4941043198033093,0.13619575615684987
55,f1_strong_t1|f2_strong_t2|f3_dup_a|f5_null|f8_bigcoef|noise_0,111010011,6,-3.4451983614444734,0.030535264311992903,1.5374085908142718,1.6599669224120674,-3.302155733923863,0.14304262752061048
55,f1_strong_t1|f2_strong_t2|f3_dup_a|f6_suppressor|f7_weak|f8_bigcoef,111001110,6,-1.708653937149048,0.03307620180618655,3.273953015109697,3.52654149656815,-1.455322756913727,0.25333118023532086
55,f1_strong_t1|f2_strong_t2|f3_dup_a|f6_suppressor|f7_weak|noise_0,111001101,6,-1.9885691387176514,0.03259776081900823,2.9940378135410937,3.2509530369233715,-1.7315571910075949,0.25701194771005653
55,f1_strong_t1|f2_strong_t2|f3_dup_a|f6_suppressor|f8_bigcoef|noise_0,111001011,6,-1.793860730266571,0.03248792964363613,3.188746221992174,3.443784277329364,-1.539608605128149,0.254252125138422
55,f1_strong_t1|f2_strong_t2|f3_dup_a|f7_weak|f8_bigcoef|noise_0,111000111,6,-3.3655166771411897,0.03134605732891705,1.6170902751175555,1.742724141650854,-3.2178698857094394,0.1476467914317503
55,f1_strong_t1|f2_strong_t2|f4_dup_b|f5_null|f6_suppressor|f7_weak,110111100,6,-1.9815855768203736,0.032695023886992726,3.0010213754383717,3.2509530369233715,-1.7299130192484211,0.2516725575719525
55,f1_strong_t1|f2_strong_t2|f4_dup_b|f5_null|f6_suppressor|f8_bigcoef,110111010,6,-1.7856917999267579,0.03254852079685417,3.1969151523319876,3.443784277329364,-1.5379644333689753,0.2477273665577826
55,f1_strong_t1|f2_strong_t2|f4_dup_b|f5_null|f6_suppressor|noise_0,110111001,6,-2.1291447737693785,0.03334997577776949,2.853462178489367,3.097210687049391,-1.8740920429114303,0.2550527308579482
55,f1_strong_t1|f2_strong_t2|f4_dup_b|f5_null|f7_weak|f8_bigcoef,110110110,6,-3.3572688847064973,0.030751748971133155,1.625338067552248,1.742724141650854,-3.216225713950266,0.14104317075623118
55,f1_strong_t1|f2_strong_t2|f4_dup_b|f5_null|f7_weak|noise_0,110110101,6,-3.630917836904526,0.030267281037896606,1.3516891153542194,1.467135682006075,-3.492460148044135,0.13845768886039078
55,f1_strong_t1|f2_strong_t2|f4_dup_b|f5_null|f8_bigcoef|noise_0,110110011,6,-3.445174692964554,0.030215152114274054,1.5374322592941914,1.6599669224120674,-3.3005115621646897,0.14466313079986426
55,f1_strong_t1|f2_strong_t2|f4_dup_b|f6_suppressor|f7_weak|f8_bigcoef,110101110,6,-1.7049344842910767,0.03250605993098615,3.2776724679676685,3.52654149656815,-1.4536785851545533,0.25125589913652346
55,f1_strong_t1|f2_strong_t2|f4_dup_b|f6_suppressor|f7_weak|noise_0,110101101,6,-1.9872928503990173,0.0324469511540253,2.9953141018597282,3.2509530369233715,-1.7299130192484216,0.2573798311505957
55,f1_strong_t1|f2_strong_t2|f4_dup_b|f6_suppressor|f8_bigcoef|noise_0,110101011,6,-1.7807114394187926,0.0323971078490609,3.2018955128399527,3.443784277329364,-1.5379644333689753,0.24274700604981736
55,f1_strong_t1|f2_strong_t2|f4_dup_b|f7_weak|f8_bigcoef|noise_0,110100111,6,-3.3608048061847686,0.0306455861206962,1.6218021460739767,1.742724141650854,-3.216225713950266,0.1445790922345025
55,f1_strong_t1|f2_strong_t2|f5_null|f6_suppressor|f7_weak|f8_bigcoef,110011110,6,-1.9916469230651856,0.03475138631947836,2.99096002919356,3.201048311700317,-1.765882390628082,0.2257645324371036
55,f1_strong_t1|f2_strong_t2|f5_null|f6_suppressor|f7_weak|noise_0,110011101,6,-2.272409703350067,0.03457042552151185,2.710197248908678,2.9254598520555377,-2.0421168247219508,0.23029287862811643
55,f1_strong_t1|f2_strong_t2|f5_null|f6_suppressor|f8_bigcoef|noise_0,110011011,6,-2.0645940963745115,0.03425902766773493,2.9180128558842338,3.11829109246153,-1.8501682388425047,0.21442585753200682
55,f1_strong_t1|f2_strong_t2|f5_null|f7_weak|f8_bigcoef|noise_0,110010111,6,-3.6530590711593627,0.032454874596033176,1.3295478810993826,1.4172309567830204,-3.528429519423795,0.12462955173556756
55,f1_strong_t1|f2_strong_t2|f6_suppressor|f7_weak|f8_bigcoef|noise_0,110001111,6,-1.9804216724395751,0.034236447082529,3.0021852798191704,3.201048311700317,-1.765882390628082,0.21453928181149307
55,f1_strong_t1|f3_dup_a|f4_dup_b|f5_null|f6_suppressor|f7_weak,101111100,6,-2.7526395008087157,0.03381768092518975,2.2299674514500296,2.456431347877483,-2.543863855140388,0.20877564566832785
55,f1_strong_t1|f3_dup_a|f4_dup_b|f5_null|f6_suppressor|f8_bigcoef,101111010,6,-2.5882224994659424,0.03420691710405686,2.394384452792803,2.6492625882834755,-2.3519152692609415,0.23630723020500088
55,f1_strong_t1|f3_dup_a|f4_dup_b|f5_null|f6_suppressor|noise_0,101111001,6,-2.909136996269226,0.03422532861650848,2.0734699559895193,2.302688998003503,-2.688042878803397,0.22109411746582897
55,f1_strong_t1|f3_dup_a|f4_dup_b|f5_null|f7_weak|f8_bigcoef,101110110,6,-4.148351000785827,0.03258720889799645,0.834255951472918,0.9482024526049658,-4.030176549842233,0.11817445094359424
55,f1_strong_t1|f3_dup_a|f4_dup_b|f5_null|f7_weak|noise_0,101110101,6,-4.415989284515381,0.03187537123365289,0.5666176677433645,0.6726139929601865,-4.306410983936101,0.10957830057927964
55,f1_strong_t1|f3_dup_a|f4_dup_b|f5_null|f8_bigcoef|noise_0,101110011,6,-4.2285781489849095,0.031793079108249654,0.7540288032738358,0.8654452333661787,-4.114462398056656,0.11411575092825377
55,f1_strong_t1|f3_dup_a|f4_dup_b|f6_suppressor|f7_weak|f8_bigcoef,101101110,6,-2.500802725505829,0.03419311196042269,2.4818042267529163,2.732019807522262,-2.267629421046519,0.23317330445931006
55,f1_strong_t1|f3_dup_a|f4_dup_b|f6_suppressor|f7_weak|noise_0,101101101,6,-2.7815748706817627,0.03362503245671375,2.2010320815769826,2.456431347877483,-2.543863855140388,0.23771101554137486
55,f1_strong_t1|f3_dup_a|f4_dup_b|f6_suppressor|f8_bigcoef|noise_0,101101011,6,-2.5791799695968627,0.03390659595411332,2.4034269826618826,2.6492625882834755,-2.3519152692609415,0.22726470033592117
55,f1_strong_t1|f3_dup_a|f4_dup_b|f7_weak|f8_bigcoef|noise_0,101100111,6,-4.146270496320724,0.0323139393932883,0.8363364559380209,0.9482024526049658,-4.030176549842233,0.11609394647849136
55,f1_strong_t1|f3_dup_a|f5_null|f6_suppressor|f7_weak|f8_bigcoef,101011110,6,-2.509360566997528,0.033050930003969706,2.473246385261217,2.7218225403511003,-2.278256865155645,0.2311037018418829
55,f1_strong_t1|f3_dup_a|f5_null|f6_suppressor|f7_weak|noise_0,101011101,6,-2.773420155906677,0.031825710013977854,2.209186796352068,2.446234080706321,-2.5544912992495132,0.21892885665716388
55,f1_strong_t1|f3_dup_a|f5_null|f6_suppressor|f8_bigcoef|noise_0,101011011,6,-2.591095511722565,0.03216318263100356,2.3915114405361804,2.639065321112313,-2.362542713370068,0.2285527983524971
55,f1_strong_t1|f3_dup_a|f5_null|f7_weak|f8_bigcoef|noise_0,101010111,6,-4.161754170751571,0.030759498749526284,0.820852781507174,0.938005185433804,-4.040803993951359,0.12095017680021236
55,f1_strong_t1|f3_dup_a|f6_suppressor|f7_weak|f8_bigcoef|noise_0,101001111,6,-2.510791045284271,0.032288564029599016,2.471815906974474,2.7218225403511003,-2.278256865155645,0.23253418012862603
55,f1_strong_t1|f4_dup_b|f5_null|f6_suppressor|f7_weak|f8_bigcoef,100111110,6,-2.5206104821205138,0.03276329458171759,2.4619964701382315,2.7218225403511003,-2.2766126933964714,0.24399778872404232
55,f1_strong_t1|f4_dup_b|f5_null|f6_suppressor|f7_weak|noise_0,100111101,6,-2.790356691074371,0.032135805570253806,2.192250261184374,2.446234080706321,-2.55284712749034,0.2375095635840312
55,f1_strong_t1|f4_dup_b|f5_null|f6_suppressor|f8_bigcoef|noise_0,100111011,6,-2.599628890419006,0.03255930368177945,2.382978061839739,2.639065321112313,-2.3608985416108945,0.23873034880811161
55,f1_strong_t1|f4_dup_b|f5_null|f7_weak|f8_bigcoef|noise_0,100110111,6,-4.152886902809143,0.030378022913016837,0.8297200494496026,0.938005185433804,-4.039159822192186,0.11372708061695658
55,f1_strong_t1|f4_dup_b|f6_suppressor|f7_weak|f8_bigcoef|noise_0,100101111,6,-2.50314198513031,0.03205412325972164,2.4794649671284352,2.7218225403511003,-2.2766126933964714,0.22652929173383862
55,f1_strong_t1|f5_null|f6_suppressor|f7_weak|f8_bigcoef|noise_0,100011111,6,-2.7967929989814757,0.034448013506273335,2.1858139532772696,2.3963293554832665,-2.588816498870001,0.20797650011147484
55,f2_strong_t2|f3_dup_a|f4_dup_b|f5_null|f6_suppressor|f7_weak,11111100,6,-3.797705523777008,0.033026830863177904,1.1849014284817372,1.2941517581300257,-3.660209718092013,0.1374958056849951
55,f2_strong_t2|f3_dup_a|f4_dup_b|f5_null|f6_suppressor|f8_bigcoef,11111010,6,-3.607627951812744,0.032756524448679346,1.3749790004460012,1.4869829985360181,-3.4682611322125676,0.1393668196001765
55,f2_strong_t2|f3_dup_a|f4_dup_b|f5_null|f6_suppressor|noise_0,11111001,6,-3.941003827095032,0.0329858851217139,1.0416031251637135,1.1404094082560454,-3.8043887417550226,0.1366150853400092
55,f2_strong_t2|f3_dup_a|f4_dup_b|f5_null|f7_weak|f8_bigcoef,11110110,6,-3.5124127237796783,0.0323839634614466,1.470194228479067,1.5697402177748048,-3.3839752839981445,0.12843743978153377
55,f2_strong_t2|f3_dup_a|f4_dup_b|f5_null|f7_weak|noise_0,11110101,6,-3.782702395772934,0.03175513354402436,1.1999045564858113,1.2941517581300257,-3.660209718092013,0.12249267768092098
55,f2_strong_t2|f3_dup_a|f4_dup_b|f5_null|f8_bigcoef|noise_0,11110011,6,-3.5975335206508636,0.03163406253477783,1.3850734316078817,1.4869829985360181,-3.4682611322125676,0.12927238843829603
55,f2_strong_t2|f3_dup_a|f4_dup_b|f6_suppressor|f7_weak|f8_bigcoef,11101110,6,-3.5241361073493955,0.0332239591986948,1.4584708449093498,1.5697402177748048,-3.3839752839981445,0.14016082335125102
55,f2_strong_t2|f3_dup_a|f4_dup_b|f6_suppressor|f7_weak|noise_0,11101101,6,-3.7920530124664307,0.03272676844555785,1.1905539397923146,1.2941517581300257,-3.660209718092013,0.13184329437441766
55,f2_strong_t2|f3_dup_a|f4_dup_b|f6_suppressor|f8_bigcoef|noise_0,11101011,6,-3.60409227848053,0.03252344214330125,1.3785146737782155,1.4869829985360181,-3.4682611322125676,0.13583114626796222
55,f2_strong_t2|f3_dup_a|f4_dup_b|f7_weak|f8_bigcoef|noise_0,11100111,6,-3.507155825662613,0.032014523614218596,1.4754511265961323,1.5697402177748048,-3.3839752839981445,0.12318054166446846
55,f2_strong_t2|f3_dup_a|f5_null|f6_suppressor|f7_weak|f8_bigcoef,11011110,6,-3.5406800110816956,0.03167127151378132,1.4419269411770497,1.5595429506036433,-3.3946027281072713,0.14607728297442435
55,f2_strong_t2|f3_dup_a|f5_null|f6_suppressor|f7_weak|noise_0,11011101,6,-3.810134298324585,0.031000803455101273,1.1724726539341601,1.2839544909588643,-3.6708371622011393,0.13929713612344585
55,f2_strong_t2|f3_dup_a|f5_null|f6_suppressor|f8_bigcoef|noise_0,11011011,6,-3.6229392203330995,0.03108984042891359,1.3596677319256458,1.4767857313648562,-3.478888576321694,0.14405064401140555
55,f2_strong_t2|f3_dup_a|f5_null|f7_weak|f8_bigcoef|noise_0,11010111,6,-3.5273079173088075,0.030575888564757174,1.4552990349499377,1.5595429506036433,-3.3946027281072713,0.1327051892015363
55,f2_strong_t2|f3_dup_a|f6_suppressor|f7_weak|f8_bigcoef|noise_0,11001111,6,-3.539282581615448,0.03158166922748929,1.4433243706432974,1.5595429506036433,-3.3946027281072713,0.14467985350817658
55,f2_strong_t2|f4_dup_b|f5_null|f6_suppressor|f7_weak|f8_bigcoef,10111110,6,-3.532744618034363,0.03164079250118089,1.4498623342243824,1.5595429506036433,-3.392958556348098,0.13978606168626495
55,f2_strong_t2|f4_dup_b|f5_null|f6_suppressor|f7_weak|noise_0,10111101,6,-3.8074916322708128,0.031202981040439268,1.1751153199879325,1.2839544909588643,-3.669192990441967,0.13829864182884588
55,f2_strong_t2|f4_dup_b|f5_null|f6_suppressor|f8_bigcoef|noise_0,10111011,6,-3.618823941755295,0.031228792739436975,1.3637830105034503,1.4767857313648562,-3.4772444045625206,0.14157953719277439
55,f2_strong_t2|f4_dup_b|f5_null|f7_weak|f8_bigcoef|noise_0,10110111,6,-3.5274653928279878,0.030495586396387973,1.4551415594307575,1.5595429506036433,-3.392958556348098,0.1345068364798898
55,f2_strong_t2|f4_dup_b|f6_suppressor|f7_weak|f8_bigcoef|noise_0,10101111,6,-3.5333428685188295,0.031359083712934346,1.4492640837399158,1.5595429506036433,-3.392958556348098,0.14038431217073155
55,f2_strong_t2|f5_null|f6_suppressor|f7_weak|f8_bigcoef|noise_0,10011111,6,-3.8328567981243133,0.033253001352910906,1.149750154134432,1.2340497657358096,-3.705162361821627,0.1276944363026864
55,f3_dup_a|f4_dup_b|f5_null|f6_suppressor|f7_weak|f8_bigcoef,1111110,6,-4.3346084856987,0.03314607970551556,0.6479984665600451,0.7650212615577549,-4.206909392240064,0.12769909345863617
55,f3_dup_a|f4_dup_b|f5_null|f6_suppressor|f7_weak|noise_0,1111101,6,-4.598275454425812,0.032738846109475375,0.3843314978329335,0.48943280191297556,-4.483143826333933,0.11513162809187882
55,f3_dup_a|f4_dup_b|f5_null|f6_suppressor|f8_bigcoef|noise_0,1111011,6,-4.411984172153473,0.032606795638393804,0.5706227801052721,0.682264042318968,-4.291195240454487,0.12078893169898652
55,f3_dup_a|f4_dup_b|f5_null|f7_weak|f8_bigcoef|noise_0,1110111,6,-4.316447738075256,0.031824021095382946,0.6661592141834891,0.7650212615577549,-4.206909392240064,0.10953834583519217
55,f3_dup_a|f4_dup_b|f6_suppressor|f7_weak|f8_bigcoef|noise_0,1101111,6,-4.3271204426288605,0.03276355081511944,0.6554865096298848,0.7650212615577549,-4.206909392240064,0.12021105038879654
55,f3_dup_a|f5_null|f6_suppressor|f7_weak|f8_bigcoef|noise_0,1011111,6,-4.343158661079407,0.03132484355696632,0.6394482911793382,0.7548239943865932,-4.21753683634919,0.1256218247302172
55,f4_dup_b|f5_null|f6_suppressor|f7_weak|f8_bigcoef|noise_0,111111,6,-4.333759066009521,0.0312891271614768,0.6488478862492242,0.7548239943865932,-4.215892664590016,0.117866401419505
55,f1_strong_t1|f2_strong_t2|f3_dup_a|f4_dup_b|f5_null|f6_suppressor|f7_weak,111111100,7,-1.974831404209137,0.035068622253218086,3.007775548049608,3.261150304094533,-1.7209297468984697,0.2539016573106674
55,f1_strong_t1|f2_strong_t2|f3_dup_a|f4_dup_b|f5_null|f6_suppressor|f8_bigcoef,111111010,7,-1.7847699796676635,0.03483685291999175,3.197836972591082,3.4539815445005253,-1.5289811610190234,0.2557888186486401
55,f1_strong_t1|f2_strong_t2|f3_dup_a|f4_dup_b|f5_null|f6_suppressor|noise_0,111111001,7,-2.118070976161957,0.03507791245387419,2.8645359760967883,3.1074079542205526,-1.8651087705614784,0.25296220560047855
55,f1_strong_t1|f2_strong_t2|f3_dup_a|f4_dup_b|f5_null|f7_weak|f8_bigcoef,111110110,7,-3.3518379119873045,0.03310924292491117,1.6307690402714408,1.752921408822016,-3.2072424416003145,0.14459547038699005
55,f1_strong_t1|f2_strong_t2|f3_dup_a|f4_dup_b|f5_null|f7_weak|noise_0,111110101,7,-3.6200024094104766,0.03233953546826571,1.3626045428482687,1.477332949177237,-3.4834768756941825,0.13652553371629406
55,f1_strong_t1|f2_strong_t2|f3_dup_a|f4_dup_b|f5_null|f8_bigcoef|noise_0,111110011,7,-3.4315045849323274,0.03216857850801603,1.551102367326418,1.6701641895832289,-3.291528289814737,0.13997629511759024
55,f1_strong_t1|f2_strong_t2|f3_dup_a|f4_dup_b|f6_suppressor|f7_weak|f8_bigcoef,111101110,7,-1.7125669925689697,0.0353070581143508,3.2700399596897753,3.5367387637393115,-1.4446953128046012,0.26787167976436854
55,f1_strong_t1|f2_strong_t2|f3_dup_a|f4_dup_b|f6_suppressor|f7_weak|noise_0,111101101,7,-1.996465180683136,0.03499569136335752,2.9861417715756096,3.261150304094533,-1.7209297468984697,0.2755354337846663
55,f1_strong_t1|f2_strong_t2|f3_dup_a|f4_dup_b|f6_suppressor|f8_bigcoef|noise_0,111101011,7,-1.7812222276687621,0.03465593256151206,3.201384724589983,3.4539815445005253,-1.5289811610190234,0.2522410666497388
55,f1_strong_t1|f2_strong_t2|f3_dup_a|f4_dup_b|f7_weak|f8_bigcoef|noise_0,111100111,7,-3.34821287984848,0.03289164581777802,1.6343940724102652,1.752921408822016,-3.2072424416003145,0.14097043824816557
55,f1_strong_t1|f2_strong_t2|f3_dup_a|f5_null|f6_suppressor|f7_weak|f8_bigcoef,111011110,7,-1.7089483866691588,0.03361350314470943,3.2736585655895865,3.52654149656815,-1.4553227569137268,0.253625629755432
55,f1_strong_t1|f2_strong_t2|f3_dup_a|f5_null|f6_suppressor|f7_weak|noise_0,111011101,7,-1.9897657097816468,0.03275943937922739,2.9928412424770983,3.2509530369233715,-1.7315571910075949,0.25820851877405193
55,f1_strong_t1|f2_strong_t2|f3_dup_a|f5_null|f6_suppressor|f8_bigcoef|noise_0,111011011,7,-1.7939714814186096,0.032371459645163414,3.1886354708401354,3.443784277329364,-1.539608605128149,0.2543628762904606
55,f1_strong_t1|f2_strong_t2|f3_dup_a|f5_null|f7_weak|f8_bigcoef|noise_0,111010111,7,-3.3646188675403597,0.03127648972071438,1.6179880847183856,1.742724141650854,-3.21786988570944,0.14674898183091978
55,f1_strong_t1|f2_strong_t2|f3_dup_a|f6_suppressor|f7_weak|f8_bigcoef|noise_0,111001111,7,-1.7176306601524354,0.033010654637007086,3.2649762921063097,3.52654149656815,-1.455322756913727,0.26230790323870834
55,f1_strong_t1|f2_strong_t2|f4_dup_b|f5_null|f6_suppressor|f7_weak|f8_bigcoef,110111110,7,-1.7185123406410217,0.03332231848403568,3.2640946116177236,3.52654149656815,-1.4536785851545533,0.26483375548646837
55,f1_strong_t1|f2_strong_t2|f4_dup_b|f5_null|f6_suppressor|f7_weak|noise_0,110111101,7,-1.9984132449150085,0.03304993951229054,2.984193707343737,3.2509530369233715,-1.7299130192484211,0.2685002256665874
55,f1_strong_t1|f2_strong_t2|f4_dup_b|f5_null|f6_suppressor|f8_bigcoef|noise_0,110111011,7,-1.7961463751792908,0.032842235070209426,3.1864605770794547,3.443784277329364,-1.5379644333689753,0.2581819418103155
55,f1_strong_t1|f2_strong_t2|f4_dup_b|f5_null|f7_weak|f8_bigcoef|noise_0,110110111,7,-3.365614422893524,0.030855813628138475,1.6169925293652212,1.742724141650854,-3.216225713950266,0.14938870894325795
55,f1_strong_t1|f2_strong_t2|f4_dup_b|f6_suppressor|f7_weak|f8_bigcoef|noise_0,110101111,7,-1.7137740738868714,0.032761160419179224,3.2688328783718736,3.52654149656815,-1.4536785851545533,0.26009548873231814
55,f1_strong_t1|f2_strong_t2|f5_null|f6_suppressor|f7_weak|f8_bigcoef|noise_0,110011111,7,-1.9987968938827514,0.03468746561272636,2.983810058375994,3.201048311700317,-1.765882390628082,0.23291450325466934
55,f1_strong_t1|f3_dup_a|f4_dup_b|f5_null|f6_suppressor|f7_weak|f8_bigcoef,101111110,7,-2.4990799876213075,0.03467768885936842,2.483526964637438,2.732019807522262,-2.267629421046519,0.23145056657478857
55,f1_strong_t1|f3_dup_a|f4_dup_b|f5_null|f6_suppressor|f7_weak|noise_0,101111101,7,-2.763986046218872,0.03400862504888334,2.2186209060398734,2.456431347877483,-2.543863855140388,0.22012219107848408
55,f1_strong_t1|f3_dup_a|f4_dup_b|f5_null|f6_suppressor|f8_bigcoef|noise_0,101111011,7,-2.587793507671356,0.03429859171624579,2.394813444587389,2.6492625882834755,-2.3519152692609415,0.23587823841041455
55,f1_strong_t1|f3_dup_a|f4_dup_b|f5_null|f7_weak|f8_bigcoef|noise_0,101110111,7,-4.149470061922074,0.03251219382396757,0.8331368903366716,0.9482024526049658,-4.030176549842233,0.11929351207984062
55,f1_strong_t1|f3_dup_a|f4_dup_b|f6_suppressor|f7_weak|f8_bigcoef|noise_0,101101111,7,-2.5037464562416076,0.03429169021714073,2.4788604960171376,2.732019807522262,-2.267629421046519,0.23611703519508875
55,f1_strong_t1|f3_dup_a|f5_null|f6_suppressor|f7_weak|f8_bigcoef|noise_0,101011111,7,-2.517007408618927,0.0328002621851843,2.465599543639818,2.7218225403511003,-2.278256865155645,0.23875054346328195
55,f1_strong_t1|f4_dup_b|f5_null|f6_suppressor|f7_weak|f8_bigcoef|noise_0,100111111,7,-2.524426079750061,0.03276570837211841,2.4581808725086844,2.7218225403511003,-2.2766126933964714,0.2478133863535894
55,f2_strong_t2|f3_dup_a|f4_dup_b|f5_null|f6_suppressor|f7_weak|f8_bigcoef,11111110,7,-3.532874789762497,0.03366641194451573,1.4497321624962485,1.5697402177748048,-3.3839752839981445,0.1488995057643523
55,f2_strong_t2|f3_dup_a|f4_dup_b|f5_null|f6_suppressor|f7_weak|noise_0,11111101,7,-3.805020485401154,0.03310159167792508,1.1775864668575915,1.2941517581300257,-3.660209718092013,0.14481076730914078
55,f2_strong_t2|f3_dup_a|f4_dup_b|f5_null|f6_suppressor|f8_bigcoef|noise_0,11111011,7,-3.6145665136814116,0.032997476240336464,1.3680404385773337,1.4869829985360181,-3.4682611322125676,0.14630538146884398
55,f2_strong_t2|f3_dup_a|f4_dup_b|f5_null|f7_weak|f8_bigcoef|noise_0,11110111,7,-3.5189097969532015,0.03234452512504442,1.4636971553055438,1.5697402177748048,-3.3839752839981445,0.13493451295505698
55,f2_strong_t2|f3_dup_a|f4_dup_b|f6_suppressor|f7_weak|f8_bigcoef|noise_0,11101111,7,-3.5286324486255647,0.03341043864775081,1.4539745036331806,1.5697402177748048,-3.3839752839981445,0.14465716462742018
55,f2_strong_t2|f3_dup_a|f5_null|f6_suppressor|f7_weak|f8_bigcoef|noise_0,11011111,7,-3.5475662232875824,0.03181683920938144,1.4350407289711629,1.5595429506036433,-3.3946027281072713,0.15296349518031116
55,f2_strong_t2|f4_dup_b|f5_null|f6_suppressor|f7_weak|f8_bigcoef|noise_0,10111111,7,-3.542592112350464,0.03188988728701948,1.4400148399082813,1.5595429506036433,-3.392958556348098,0.14963355600236605
55,f3_dup_a|f4_dup_b|f5_null|f6_suppressor|f7_weak|f8_bigcoef|noise_0,1111111,7,-4.336287968873978,0.033258741957251134,0.6463189833847673,0.7650212615577549,-4.206909392240064,0.12937857663391394
55,f1_strong_t1|f2_strong_t2|f3_dup_a|f4_dup_b|f5_null|f6_suppressor|f7_weak|f8_bigcoef,111111110,8,-1.7055365686416626,0.03570708252923429,3.2770703836170827,3.5367387637393115,-1.4446953128046012,0.2608412558370614
55,f1_strong_t1|f2_strong_t2|f3_dup_a|f4_dup_b|f5_null|f6_suppressor|f7_weak|noise_0,111111101,8,-1.9840048471450806,0.035270577955504485,2.9986021051136644,3.261150304094533,-1.7209297468984697,0.26307510024661096
55,f1_strong_t1|f2_strong_t2|f3_dup_a|f4_dup_b|f5_null|f6_suppressor|f8_bigcoef|noise_0,111111011,8,-1.784537644958496,0.034830231062078935,3.1980693073002495,3.4539815445005253,-1.5289811610190234,0.2555564839394726
55,f1_strong_t1|f2_strong_t2|f3_dup_a|f4_dup_b|f5_null|f7_weak|f8_bigcoef|noise_0,111110111,8,-3.351673401927948,0.03299264669698747,1.6309335503307971,1.752921408822016,-3.2072424416003145,0.1444309603276337
55,f1_strong_t1|f2_strong_t2|f3_dup_a|f4_dup_b|f6_suppressor|f7_weak|f8_bigcoef|noise_0,111101111,8,-1.713553245639801,0.03539559407252084,3.2690537066189442,3.5367387637393115,-1.4446953128046012,0.2688579328351999
55,f1_strong_t1|f2_strong_t2|f3_dup_a|f5_null|f6_suppressor|f7_weak|f8_bigcoef|noise_0,111011111,8,-1.7239557525634766,0.03333282121274167,3.2586511996952687,3.52654149656815,-1.4553227569137268,0.26863299564974974
55,f1_strong_t1|f2_strong_t2|f4_dup_b|f5_null|f6_suppressor|f7_weak|f8_bigcoef|noise_0,110111111,8,-1.7300021621704103,0.03339158361714416,3.252604790088335,3.52654149656815,-1.4536785851545533,0.27632357701585697
55,f1_strong_t1|f3_dup_a|f4_dup_b|f5_null|f6_suppressor|f7_weak|f8_bigcoef|noise_0,101111111,8,-2.505311005783081,0.034759018628440955,2.4772959464756643,2.732019807522262,-2.267629421046519,0.2376815847365621
55,f2_strong_t2|f3_dup_a|f4_dup_b|f5_null|f6_suppressor|f7_weak|f8_bigcoef|noise_0,11111111,8,-3.538495811080933,0.033788931390485936,1.4441111411778125,1.5697402177748048,-3.3839752839981445,0.1545205270827883
55,f1_strong_t1|f2_strong_t2|f3_dup_a|f4_dup_b|f5_null|f6_suppressor|f7_weak|f8_bigcoef|noise_0,111111111,9,-1.7122622392654419,0.035674011663925254,3.270344712993303,3.5367387637393115,-1.4446953128046012,0.2675669264608407
99,none,0,0,-4.968570577049255,0.02943874295731467,0.014036375209490082,0.0,-4.948509927820423,0.02006064922883244
99,f1_strong_t1,100000000,1,-4.817595731544495,0.030514562863701106,0.16501122071425023,0.18318119104721087,-4.771777085422592,0.04581864612190323
99,f2_strong_t2,10000000,1,-4.1766076744079585,0.029514202811950788,0.8059992778507867,0.8047189562170504,-4.125575819578504,0.05103185482945438
99,f3_dup_a,1000000,1,-4.691487887859345,0.02824649968406956,0.2911190643994006,0.32549318486783363,-4.6379502941060675,0.05353759375327716
99,f4_dup_b,100000,1,-4.689246576499939,0.028307210236841334,0.29336037575880614,0.32549318486783363,-4.636306122346894,0.05294045415304538
99,f5_null,10000,1,-4.978408927822113,0.029788133268265155,0.004198024436631975,0.0,-4.948509927820423,0.029899000001690546
99,f6_suppressor,1000,1,-4.980207924842834,0.03001220124557291,0.002399027415910915,0.0,-4.948509927820423,0.031697997022411606
99,f7_weak,100,1,-4.832957098960876,0.029586276265259698,0.14964985329786895,0.15374234987398028,-4.804330904157414,0.02862619480346229
99,f8_bigcoef,10,1,-4.65341881685257,0.029859035842708485,0.3291881354061754,0.3465735902799726,-4.612382318277969,0.04103649857460123
99,noise_0,1,1,-4.978076121234894,0.02983245552164498,0.004530831023851434,0.0,-4.948509927820423,0.029566193414471087
99,f1_strong_t1|f2_strong_t2,110000000,2,-4.02769419002533,0.030828769593537534,0.9549127622334153,0.9879001472642611,-3.948842977180674,0.0788512128446559
99,f1_strong_t1|f3_dup_a,101000000,2,-4.536471478652954,0.02932095614855284,0.446135473605791,0.5086743759150446,-4.4612174517082375,0.07525402694471683
99,f1_strong_t1|f4_dup_b,100100000,2,-4.533030831050873,0.029622773619636954,0.4495761212078726,0.5086743759150446,-4.459573279949064,0.07345755110180896
99,f1_strong_t1|f5_null,100010000,2,-4.826238674926758,0.030914431965227723,0.15636827733198722,0.18318119104721087,-4.771777085422592,0.05446158950416624
99,f1_strong_t1|f6_suppressor,100001000,2,-3.1727464788436888,0.032015844647755635,1.8098604734150565,1.9669985459645072,-3.009229956626878,0.16351652221681068
99,f1_strong_t1|f7_weak,100000100,2,-4.6792062930107114,0.03025398350559894,0.30340065924803383,0.33692354092119114,-4.627598061759583,0.051608231251128345
99,f1_strong_t1|f8_bigcoef,100000010,2,-4.499992591190338,0.030719087910960768,0.48261436106840705,0.5297547813271836,-4.435649475880138,0.06434311531020054
99,f1_strong_t1|noise_0,100000001,2,-4.825784479808807,0.030840008612509823,0.15682247244993786,0.18318119104721087,-4.771777085422592,0.0540073943862156
99,f2_strong_t2|f3_dup_a,11000000,2,-3.8975592197418214,0.02811697282246915,1.0850477325169239,1.130212141084884,-3.8150161858641485,0.08254303387767292
99,f2_strong_t2|f4_dup_b,10100000,2,-3.8943610006332396,0.0279043843449732,1.0882459516255056,1.130212141084884,-3.813372014104975,0.08098898652826447
99,f2_strong_t2|f5_null,10010000,2,-4.185610983085632,0.02991908131343928,0.7969959691731132,0.8047189562170504,-4.125575819578504,0.0600351635071279
99,f2_strong_t2|f6_suppressor,10001000,2,-4.190039090824127,0.030221209569965622,0.7925678614346179,0.8047189562170504,-4.125575819578504,0.06446327124562323
99,f2_strong_t2|f7_weak,10000100,2,-4.043818559646606,0.029519175695537546,0.938788392612139,0.9584613060910306,-3.981396795915495,0.0624217637311113
99,f2_strong_t2|f8_bigcoef,10000010,2,-3.8607619084358213,0.029824957099713664,1.121845043822924,1.151292546497023,-3.7894482100360496,0.07131369839977175
99,f2_strong_t2|noise_0,10000001,2,-4.191766672039032,0.029706721759103414,0.7908402802197134,0.8047189562170504,-4.125575819578504,0.0661908524605277
99,f3_dup_a|f4_dup_b,1100000,2,-4.701452540206909,0.030275919803571784,0.2811544120518361,0.3356904520389953,-4.6273228499969425,0.07412969020996663
99,f3_dup_a|f5_null,1010000,2,-4.702053903007507,0.028579874558156516,0.28055304925123803,0.32549318486783363,-4.6379502941060675,0.06410360890143973
99,f3_dup_a|f6_suppressor,1001000,2,-4.705711736679077,0.028924725489386627,0.27689521557966845,0.32549318486783363,-4.6379502941060675,0.06776144257300931
99,f3_dup_a|f7_weak,1000100,2,-4.553711745834351,0.0283510476085153,0.4288952064243947,0.4792355347418139,-4.493771270443058,0.05994047539129266
99,f3_dup_a|f8_bigcoef,1000010,2,-4.374237438297271,0.028277958731347638,0.608369513961474,0.6720667751478063,-4.3018226845636125,0.0724147537336588
99,f3_dup_a|noise_0,1000001,2,-4.697752177429199,0.02860248119993528,0.28485477482954646,0.32549318486783363,-4.6379502941060675,0.0598018833231313
99,f4_dup_b|f5_null,110000,2,-4.696989015007019,0.028655453327394085,0.28561793725172624,0.32549318486783363,-4.636306122346894,0.060682892660125276
99,f4_dup_b|f6_suppressor,101000,2,-4.704692845726013,0.028688518622993976,0.27791410653273196,0.32549318486783363,-4.636306122346894,0.06838672337911955
99,f4_dup_b|f7_weak,100100,2,-4.549883531570434,0.028547438281770914,0.43272342068831104,0.4792355347418139,-4.492127098683885,0.05775643288654919
99,f4_dup_b|f8_bigcoef,100010,2,-4.369956393623352,0.02854863263498508,0.6126505586353934,0.6720667751478063,-4.300178512804439,0.06977788081891312
99,f4_dup_b|noise_0,100001,2,-4.695126244831085,0.028583938386510445,0.28748070742765996,0.32549318486783363,-4.636306122346894,0.05882012248419155
99,f5_null|f6_suppressor,11000,2,-4.989493795871734,0.030703657131674177,-0.006886843612988969,0.0,-4.948509927820423,0.04098386805131149
99,f5_null|f7_weak,10100,2,-4.841945852375031,0.029749045048944763,0.14066109988371434,0.15374234987398028,-4.804330904157414,0.037614948217616906
99,f5_null|f8_bigcoef,10010,2,-4.658000859928131,0.029915245935156615,0.32460609233061444,0.3465735902799726,-4.612382318277969,0.045618541650162214
99,f5_null|noise_0,10001,2,-4.9897820804595945,0.03039138014621796,-0.007175128200849201,0.0,-4.948509927820423,0.04127215263917172
99,f6_suppressor|f7_weak,1100,2,-4.849344340324402,0.02998490730969695,0.1332626119343434,0.15374234987398028,-4.804330904157414,0.04501343616698783
99,f6_suppressor|f8_bigcoef,1010,2,-4.664941348743438,0.030463529251008353,0.3176656035153069,0.3465735902799726,-4.612382318277969,0.052559030465469725
99,f6_suppressor|noise_0,1001,2,-4.984844431495667,0.0305514864042935,-0.0022374792369213026,0.0,-4.948509927820423,0.03633450367524382
99,f7_weak|f8_bigcoef,110,2,-4.577661312961578,0.030650482607812907,0.40494563929716687,0.42933080951875946,-4.528096470063545,0.04956484289803331
99,f7_weak|noise_0,101,2,-4.838573528289795,0.029862467206965008,0.14403342396895003,0.15374234987398028,-4.804330904157414,0.034242624132381216
99,f8_bigcoef|noise_0,11,2,-4.663013467311859,0.030114538474021114,0.31959348494688644,0.3465735902799726,-4.612382318277969,0.05063114903389021
99,f1_strong_t1|f2_strong_t2|f3_dup_a,111000000,3,-3.7393364379882814,0.02911599839337613,1.2432705142704639,1.3133933321320947,-3.6382833434663175,0.10105309452196387
99,f1_strong_t1|f2_strong_t2|f4_dup_b,110100000,3,-3.737986331367493,0.029308997842404864,1.2446206208912525,1.3133933321320947,-3.6366391717071442,0.10134715966034857
99,f1_strong_t1|f2_strong_t2|f5_null,110010000,3,-4.032287872123718,0.031021528591930823,0.950319080135027,0.9879001472642611,-3.948842977180674,0.08344489494304419
99,f1_strong_t1|f2_strong_t2|f6_suppressor,110001000,3,-2.3939090260505678,0.03311780730513021,2.5886979262081775,2.7717175021815574,-2.1862958483849595,0.20761317766560827
99,f1_strong_t1|f2_strong_t2|f7_weak,110000100,3,-3.8927763525009156,0.03046530805570521,1.0898305997578297,1.1416424971382413,-3.804663953517664,0.08811239898325152
99,f1_strong_t1|f2_strong_t2|f8_bigcoef,110000010,3,-3.709792539215088,0.030939765947072567,1.2728144130436574,1.3344737375442337,-3.6127153676382178,0.09707717157687012
99,f1_strong_t1|f2_strong_t2|noise_0,110000001,3,-4.041594502639771,0.030924589704330735,0.9410124496189747,0.9879001472642611,-3.948842977180674,0.09275152545909648
99,f1_strong_t1|f3_dup_a|f4_dup_b,101100000,3,-4.550180345535279,0.031610108294206615,0.43242660672346656,0.5188716430862063,-4.45059000759911,0.0995903379361689
99,f1_strong_t1|f3_dup_a|f5_null,101010000,3,-4.544952469921112,0.029542947993371902,0.43765448233763315,0.5086743759150446,-4.4612174517082375,0.08373501821287466
99,f1_strong_t1|f3_dup_a|f6_suppressor,101001000,3,-2.896949132728577,0.03085033869336229,2.0856578195301685,2.292491730832341,-2.6986703229125224,0.1982788098160544
99,f1_strong_t1|f3_dup_a|f7_weak,101000100,3,-4.402770603275299,0.02918201417524754,0.5798363489834459,0.6624167257890249,-4.317038428045227,0.08573217523007237
99,f1_strong_t1|f3_dup_a|f8_bigcoef,101000010,3,-4.219528091812133,0.0291049513542011,0.7630788604466119,0.8552479661950173,-4.125089842165781,0.09443824964635272
99,f1_strong_t1|f3_dup_a|noise_0,101000001,3,-4.540847184562683,0.029503515874860494,0.4417597676960625,0.5086743759150446,-4.4612174517082375,0.0796297328544453
99,f1_strong_t1|f4_dup_b|f5_null,100110000,3,-4.540643362808227,0.029999238006524213,0.44196358945051806,0.5086743759150446,-4.459573279949064,0.0810700828591635
99,f1_strong_t1|f4_dup_b|f6_suppressor,100101000,3,-2.87973241853714,0.030351486551463996,2.1028745337216055,2.292491730832341,-2.697026151153349,0.1827062673837907
99,f1_strong_t1|f4_dup_b|f7_weak,100100100,3,-4.394789705657959,0.029559582302275945,0.5878172466007863,0.6624167257890249,-4.315394256286054,0.0793954493719049
99,f1_strong_t1|f4_dup_b|f8_bigcoef,100100010,3,-4.213137526607514,0.029565052493051257,0.7694694256512316,0.8552479661950173,-4.123445670406608,0.08969185620090592
99,f1_strong_t1|f4_dup_b|noise_0,100100001,3,-4.538506749725342,0.029817267066037663,0.4441002025334031,0.5086743759150446,-4.459573279949064,0.07893346977627846
99,f1_strong_t1|f5_null|f6_suppressor,100011000,3,-3.1932056153297426,0.03303159434435271,1.7894013369290027,1.9669985459645072,-3.009229956626878,0.18397565870286448
99,f1_strong_t1|f5_null|f7_weak,100010100,3,-4.687942357635498,0.030570272848119893,0.29466459462324757,0.33692354092119114,-4.627598061759583,0.06034429587591461
99,f1_strong_t1|f5_null|f8_bigcoef,100010010,3,-4.503444265079498,0.030919009466643582,0.47916268717924737,0.5297547813271836,-4.435649475880138,0.06779478919936022
99,f1_strong_t1|f5_null|noise_0,100010001,3,-4.835090465354919,0.031425532197662316,0.14751648690382613,0.18318119104721087,-4.771777085422592,0.06331337993232733
99,f1_strong_t1|f6_suppressor|f7_weak,100001100,3,-3.0399733826637267,0.031599350539528136,1.9426335695950185,2.1207408958384875,-2.865050932963869,0.17492244969985782
99,f1_strong_t1|f6_suppressor|f8_bigcoef,100001010,3,-2.8651028586387635,0.03236328986620885,2.117504093619982,2.3135721362444794,-2.6731023470844235,0.19200051155433995
99,f1_strong_t1|f6_suppressor|noise_0,100001001,3,-3.1607220182418825,0.03245897220599235,1.8218849340168628,1.9669985459645072,-3.009229956626878,0.1514920616150044
99,f1_strong_t1|f7_weak|f8_bigcoef,100000110,3,-4.42614327955246,0.031312460941742254,0.5564636727062853,0.6125120005659704,-4.351363627665714,0.07477965188674585
99,f1_strong_t1|f7_weak|noise_0,100000101,3,-4.686387492275238,0.03049383971277056,0.29621945998350707,0.33692354092119114,-4.627598061759583,0.058789430515655106
99,f1_strong_t1|f8_bigcoef|noise_0,100000011,3,-4.506950444412231,0.0309738793667381,0.47565650784651403,0.5297547813271836,-4.435649475880138,0.07130096853209356
99,f2_strong_t2|f3_dup_a|f4_dup_b,11100000,3,-3.908132444477081,0.029735192515956674,1.0744745077816642,1.1404094082560454,-3.8043887417550226,0.10374370272205846
99,f2_strong_t2|f3_dup_a|f5_null,11010000,3,-3.907323560810089,0.028513808135592712,1.0752833914486564,1.130212141084884,-3.8150161858641485,0.09230737494594043
99,f2_strong_t2|f3_dup_a|f6_suppressor,11001000,3,-3.9111489786148073,0.028942150023135157,1.071457973643938,1.130212141084884,-3.8150161858641485,0.09613279275065878
99,f2_strong_t2|f3_dup_a|f7_weak,11000100,3,-3.7638023345947267,0.028079935719016316,1.2188046176640186,1.2839544909588643,-3.6708371622011393,0.09296517239358737
99,f2_strong_t2|f3_dup_a|f8_bigcoef,11000010,3,-3.575652189064026,0.028108033850323705,1.4069547631947192,1.4767857313648562,-3.478888576321694,0.09676361274233214
99,f2_strong_t2|f3_dup_a|noise_0,11000001,3,-3.9070395672798157,0.028297292504128504,1.0755673849789296,1.130212141084884,-3.8150161858641485,0.09202338141566724
99,f2_strong_t2|f4_dup_b|f5_null,10110000,3,-3.9013535353660584,0.028455771584256166,1.0812534168926868,1.130212141084884,-3.813372014104975,0.08798152126108327
99,f2_strong_t2|f4_dup_b|f6_suppressor,10101000,3,-3.9088286100387575,0.028499503751697648,1.0737783422199878,1.130212141084884,-3.813372014104975,0.0954565959337823
99,f2_strong_t2|f4_dup_b|f7_weak,10100100,3,-3.7594242252349854,0.028076676642299736,1.2231827270237599,1.2839544909588643,-3.669192990441967,0.09023123479301853
99,f2_strong_t2|f4_dup_b|f8_bigcoef,10100010,3,-3.5731475997924806,0.028133769992993725,1.4094593524662646,1.4767857313648562,-3.4772444045625206,0.09590319522996005
99,f2_strong_t2|f4_dup_b|noise_0,10100001,3,-3.9078193150520324,0.02804906138764881,1.0747876372067129,1.130212141084884,-3.813372014104975,0.09444730094705722
99,f2_strong_t2|f5_null|f6_suppressor,10011000,3,-4.200252750110626,0.030748125104534084,0.7823542021481193,0.8047189562170504,-4.125575819578504,0.07467693053212177
99,f2_strong_t2|f5_null|f7_weak,10010100,3,-4.052280551624298,0.02985313754789909,0.9303264006344474,0.9584613060910306,-3.981396795915495,0.0708837557088029
99,f2_strong_t2|f5_null|f8_bigcoef,10010010,3,-3.861642563152313,0.029991199756972207,1.1209643891064323,1.151292546497023,-3.7894482100360496,0.07219435311626343
99,f2_strong_t2|f5_null|noise_0,10010001,3,-4.200496417999267,0.030261378194697035,0.7821105342594779,0.8047189562170504,-4.125575819578504,0.07492059842076326
99,f2_strong_t2|f6_suppressor|f7_weak,10001100,3,-4.058008655834198,0.03017436947931641,0.9245982964245476,0.9584613060910306,-3.981396795915495,0.07661185991870267
99,f2_strong_t2|f6_suppressor|f8_bigcoef,10001010,3,-3.8700998480796813,0.030593214321430716,1.112507104179064,1.151292546497023,-3.7894482100360496,0.08065163804363173
99,f2_strong_t2|f6_suppressor|noise_0,10001001,3,-4.201535347080231,0.030620936223346558,0.7810716051785143,0.8047189562170504,-4.125575819578504,0.07595952750172685
99,f2_strong_t2|f7_weak|f8_bigcoef,10000110,3,-3.7909404335021972,0.030619491065138265,1.191666518756548,1.2340497657358096,-3.705162361821627,0.08577807168057028
99,f2_strong_t2|f7_weak|noise_0,10000101,3,-4.0563555727005,0.02979114730049071,0.926251379558245,0.9584613060910306,-3.981396795915495,0.07495877678500529
99,f2_strong_t2|f8_bigcoef|noise_0,10000011,3,-3.8767057059288024,0.030087668009055553,1.105901246329943,1.151292546497023,-3.7894482100360496,0.08725749589275278
99,f3_dup_a|f4_dup_b|f5_null,1110000,3,-4.7075952286720275,0.030532374404153583,0.27501172358671777,0.3356904520389953,-4.6273228499969425,0.08027237867508497
99,f3_dup_a|f4_dup_b|f6_suppressor,1101000,3,-4.720771501636505,0.03103141381129107,0.26183545062224045,0.3356904520389953,-4.6273228499969425,0.09344865163956229
99,f3_dup_a|f4_dup_b|f7_weak,1100100,3,-4.564397163963318,0.030577577031247354,0.4182097882954272,0.48943280191297556,-4.483143826333933,0.08125333762938514
99,f3_dup_a|f4_dup_b|f8_bigcoef,1100010,3,-4.380896408462524,0.03028585582906372,0.6017105437962211,0.682264042318968,-4.291195240454487,0.08970116800803751
99,f3_dup_a|f4_dup_b|noise_0,1100001,3,-4.703008905601502,0.03044990458317143,0.2795980466572434,0.3356904520389953,-4.6273228499969425,0.07568605560455932
99,f3_dup_a|f5_null|f6_suppressor,1011000,3,-4.7157141859054565,0.029425925491707083,0.26689276635328874,0.32549318486783363,-4.6379502941060675,0.07776389179938903
99,f3_dup_a|f5_null|f7_weak,1010100,3,-4.561642580795288,0.028471872465816173,0.420964371463457,0.4792355347418139,-4.493771270443058,0.06787131035223037
99,f3_dup_a|f5_null|f8_bigcoef,1010010,3,-4.380049604034424,0.028341034581753192,0.6025573482243214,0.6720667751478063,-4.3018226845636125,0.0782269194708114
99,f3_dup_a|f5_null|noise_0,1010001,3,-4.708533861160278,0.029055159131167935,0.274073091098467,0.32549318486783363,-4.6379502941060675,0.07058356705421076
99,f3_dup_a|f6_suppressor|f7_weak,1001100,3,-4.572953300476074,0.02926696693284732,0.409653651782671,0.4792355347418139,-4.493771270443058,0.07918203003301638
99,f3_dup_a|f6_suppressor|f8_bigcoef,1001010,3,-4.3945405355453495,0.02924770252498893,0.5880664167133958,0.6720667751478063,-4.3018226845636125,0.09271785098173702
99,f3_dup_a|f6_suppressor|noise_0,1001001,3,-4.708081584739685,0.029493823418526202,0.2745253675190602,0.32549318486783363,-4.6379502941060675,0.07013129063361756
99,f3_dup_a|f7_weak|f8_bigcoef,1000110,3,-4.301689672851563,0.0291863374202187,0.6809172794071827,0.7548239943865932,-4.21753683634919,0.08415283650237271
99,f3_dup_a|f7_weak|noise_0,1000101,3,-4.558115472793579,0.02857310775057376,0.42449147946516597,0.4792355347418139,-4.493771270443058,0.0643442023505214
99,f3_dup_a|f8_bigcoef|noise_0,1000011,3,-4.380169235515594,0.028588031221585198,0.6024377167431512,0.6720667751478063,-4.3018226845636125,0.07834655095198162
99,f4_dup_b|f5_null|f6_suppressor,111000,3,-4.7107502439498905,0.029342321661453882,0.2718567083088548,0.32549318486783363,-4.636306122346894,0.07444412160299674
99,f4_dup_b|f5_null|f7_weak,110100,3,-4.556787006092072,0.028659928446188507,0.4258199461666736,0.4792355347418139,-4.492127098683885,0.06465990740818661
99,f4_dup_b|f5_null|f8_bigcoef,110010,3,-4.375137013912201,0.028636496112822638,0.6074699383465445,0.6720667751478063,-4.300178512804439,0.07495850110776203
99,f4_dup_b|f5_null|noise_0,110001,3,-4.704810552310944,0.029043950079687783,0.2777963999478015,0.32549318486783363,-4.636306122346894,0.06850442996405004
99,f4_dup_b|f6_suppressor|f7_weak,101100,3,-4.571226313400269,0.02915192711489022,0.41138063885847664,0.4792355347418139,-4.492127098683885,0.07909921471638359
99,f4_dup_b|f6_suppressor|f8_bigcoef,101010,3,-4.38492164812088,0.028969845589752286,0.5976853041378654,0.6720667751478063,-4.300178512804439,0.08474313531644118
99,f4_dup_b|f6_suppressor|noise_0,101001,3,-4.704835628986358,0.029023345923829633,0.27777132327238707,0.32549318486783363,-4.636306122346894,0.06852950663946444
99,f4_dup_b|f7_weak|f8_bigcoef,100110,3,-4.293613919258117,0.029626661770523706,0.688993033000628,0.7548239943865932,-4.215892664590016,0.0777212546681012
99,f4_dup_b|f7_weak|noise_0,100101,3,-4.555690390014648,0.02868701401777179,0.4269165622440969,0.4792355347418139,-4.492127098683885,0.06356329133076333
99,f4_dup_b|f8_bigcoef|noise_0,100011,3,-4.377262237262726,0.028732582789002065,0.6053447149960194,0.6720667751478063,-4.300178512804439,0.07708372445828715
99,f5_null|f6_suppressor|f7_weak,11100,3,-4.857504691505432,0.030416060523127186,0.1251022607533132,0.15374234987398028,-4.804330904157414,0.05317378734801803
99,f5_null|f6_suppressor|f8_bigcoef,11010,3,-4.671465069961548,0.03080982517026161,0.3111418822971972,0.3465735902799726,-4.612382318277969,0.05908275168357946
99,f5_null|f6_suppressor|noise_0,11001,3,-5.002201408481598,0.03145615819341049,-0.01959445622285294,0.0,-4.948509927820423,0.05369148066117546
99,f5_null|f7_weak|f8_bigcoef,10110,3,-4.5851206463813785,0.03057691918586706,0.3974863058773668,0.42933080951875946,-4.528096470063545,0.05702417631783341
99,f5_null|f7_weak|noise_0,10101,3,-4.84822188949585,0.030241986929817423,0.1343850627628953,0.15374234987398028,-4.804330904157414,0.04389098533843594
99,f5_null|f8_bigcoef|noise_0,10011,3,-4.669216817951202,0.03036595617900463,0.3133901343075429,0.3465735902799726,-4.612382318277969,0.05683449967323373
99,f6_suppressor|f7_weak|f8_bigcoef,1110,3,-4.597524644374848,0.03126277132535491,0.38508230788389763,0.42933080951875946,-4.528096470063545,0.06942817431130255
99,f6_suppressor|f7_weak|noise_0,1101,3,-4.851471824550629,0.030346019017065573,0.13113512770811653,0.15374234987398028,-4.804330904157414,0.047140920393214714
99,f6_suppressor|f8_bigcoef|noise_0,1011,3,-4.668500363063813,0.030765043675566248,0.3141065891949326,0.3465735902799726,-4.612382318277969,0.056118044785844035
99,f7_weak|f8_bigcoef|noise_0,111,3,-4.584712399196625,0.030874095250990274,0.3978945530621205,0.42933080951875946,-4.528096470063545,0.05661592913307967
99,f1_strong_t1|f2_strong_t2|f3_dup_a|f4_dup_b,111100000,4,-3.751085175323486,0.031047140194926732,1.231521776935259,1.3235905993032566,-3.6276558993571917,0.1234292759662945
99,f1_strong_t1|f2_strong_t2|f3_dup_a|f5_null,111010000,4,-3.7504898614883424,0.02939763291137895,1.2321170907704029,1.3133933321320947,-3.6382833434663175,0.11220651802202486
99,f1_strong_t1|f2_strong_t2|f3_dup_a|f6_suppressor,111001000,4,-2.1126803864479067,0.031237528355452158,2.8699265658108386,3.097210687049391,-1.875736214670604,0.23694417177730265
99,f1_strong_t1|f2_strong_t2|f3_dup_a|f7_weak,111000100,4,-3.610971410369873,0.029063616035235777,1.3716355418888724,1.467135682006075,-3.4941043198033093,0.11686709056656364
99,f1_strong_t1|f2_strong_t2|f3_dup_a|f8_bigcoef,111000010,4,-3.419323342037201,0.0290440595817681,1.5632836102215442,1.6599669224120674,-3.302155733923863,0.11716760811333815
99,f1_strong_t1|f2_strong_t2|f3_dup_a|noise_0,111000001,4,-3.7498471170425414,0.02929198196802001,1.232759835216204,1.3133933321320947,-3.6382833434663175,0.11156377357622382
99,f1_strong_t1|f2_strong_t2|f4_dup_b|f5_null,110110000,4,-3.7434768597602845,0.029650324545917508,1.2391300924984607,1.3133933321320947,-3.6366391717071442,0.10683768805314031
99,f1_strong_t1|f2_strong_t2|f4_dup_b|f6_suppressor,110101000,4,-2.0828147171974183,0.03097893676980279,2.899792235061327,3.097210687049391,-1.8740920429114303,0.208722674285988
99,f1_strong_t1|f2_strong_t2|f4_dup_b|f7_weak,110100100,4,-3.6064321624755857,0.029270945926754628,1.3761747897831595,1.467135682006075,-3.492460148044135,0.11397201443145066
99,f1_strong_t1|f2_strong_t2|f4_dup_b|f8_bigcoef,110100010,4,-3.415663885307312,0.029376087006362624,1.5669430669514335,1.6599669224120674,-3.3005115621646897,0.11515232314262214
99,f1_strong_t1|f2_strong_t2|f4_dup_b|noise_0,110100001,4,-3.7500145708084105,0.0293937937403738,1.2325923814503348,1.3133933321320947,-3.6366391717071442,0.11337539910126626
99,f1_strong_t1|f2_strong_t2|f5_null|f6_suppressor,110011000,4,-2.422368629169464,0.03368303698971498,2.560238323089281,2.7717175021815574,-2.1862958483849595,0.23607278078450467
99,f1_strong_t1|f2_strong_t2|f5_null|f7_weak,110010100,4,-3.899375765132904,0.030714790678889884,1.083231187125841,1.1416424971382413,-3.804663953517664,0.09471181161524012
99,f1_strong_t1|f2_strong_t2|f5_null|f8_bigcoef,110010010,4,-3.710194540119171,0.031161964268529633,1.2724124121395741,1.3344737375442337,-3.6127153676382178,0.09747917248095339
99,f1_strong_t1|f2_strong_t2|f5_null|noise_0,110010001,4,-4.047657024765015,0.03137627799100041,0.9349499274937303,0.9879001472642611,-3.948842977180674,0.09881404758434087
99,f1_strong_t1|f2_strong_t2|f6_suppressor|f7_weak,110001100,4,-2.2391267367362975,0.032561635746995735,2.743480215522448,2.9254598520555377,-2.0421168247219508,0.1970099120143467
99,f1_strong_t1|f2_strong_t2|f6_suppressor|f8_bigcoef,110001010,4,-2.078910702228546,0.03360625121930007,2.9036962500301993,3.11829109246153,-1.8501682388425047,0.22874246338604132
99,f1_strong_t1|f2_strong_t2|f6_suppressor|noise_0,110001001,4,-2.3774026906967163,0.03335592868120653,2.605204261562029,2.7717175021815574,-2.1862958483849595,0.19110684231175679
99,f1_strong_t1|f2_strong_t2|f7_weak|f8_bigcoef,110000110,4,-3.6455767886161805,0.03159933073153892,1.3370301636425648,1.4172309567830204,-3.528429519423795,0.11714726919238538
99,f1_strong_t1|f2_strong_t2|f7_weak|noise_0,110000101,4,-3.907387397480011,0.030621365266540638,1.0752195547787342,1.1416424971382413,-3.804663953517664,0.102723443962347
99,f1_strong_t1|f2_strong_t2|f8_bigcoef|noise_0,110000011,4,-3.723466411590576,0.031094003516674885,1.2591405406681693,1.3344737375442337,-3.6127153676382178,0.11075104395235824
99,f1_strong_t1|f3_dup_a|f4_dup_b|f5_null,101110000,4,-4.554653788280487,0.03185019012920053,0.4279531639782581,0.5188716430862063,-4.450590007599112,0.10406378068137556
99,f1_strong_t1|f3_dup_a|f4_dup_b|f6_suppressor,101101000,4,-2.8847093202590943,0.03256020237801274,2.097897631999651,2.302688998003503,-2.688042878803397,0.19666644145569734
99,f1_strong_t1|f3_dup_a|f4_dup_b|f7_weak,101100100,4,-4.41189430065155,0.03171029831338664,0.5707126516071952,0.6726139929601865,-4.306410983936101,0.10548331671544897
99,f1_strong_t1|f3_dup_a|f4_dup_b|f8_bigcoef,101100010,4,-4.230694537925721,0.03126952983893447,0.7519124143330247,0.8654452333661787,-4.114462398056656,0.11623213986906489
99,f1_strong_t1|f3_dup_a|f4_dup_b|noise_0,101100001,4,-4.55039054069519,0.031787985945755055,0.43221641156355517,0.5188716430862063,-4.45059000759911,0.09980053309608028
99,f1_strong_t1|f3_dup_a|f5_null|f6_suppressor,101011000,4,-2.924083290195465,0.03156002797448866,2.0585236620632803,2.292491730832341,-2.6986703229125224,0.22541296728294258
99,f1_strong_t1|f3_dup_a|f5_null|f7_weak,101010100,4,-4.40824141368866,0.029304479976501742,0.5743655385700857,0.6624167257890249,-4.317038428045227,0.09120298564343265
99,f1_strong_t1|f3_dup_a|f5_null|f8_bigcoef,101010010,4,-4.223706552600861,0.029213573595371117,0.7589003996578843,0.8552479661950173,-4.125089842165781,0.09861671043508036
99,f1_strong_t1|f3_dup_a|f5_null|noise_0,101010001,4,-4.551796904850006,0.029975211805759686,0.4308100474087393,0.5086743759150446,-4.4612174517082375,0.09057945314176852
99,f1_strong_t1|f3_dup_a|f6_suppressor|f7_weak,101001100,4,-2.7500253980636598,0.030546954960193502,2.2325815541950855,2.446234080706321,-2.5544912992495132,0.19553409881414652
99,f1_strong_t1|f3_dup_a|f6_suppressor|f8_bigcoef,101001010,4,-2.5744372064590455,0.03087903140727006,2.4081697457997,2.639065321112313,-2.362542713370068,0.21189449308897768
99,f1_strong_t1|f3_dup_a|f6_suppressor|noise_0,101001001,4,-2.8858074025154115,0.0313990890320605,2.096799549743334,2.292491730832341,-2.6986703229125224,0.18713707960288906
99,f1_strong_t1|f3_dup_a|f7_weak|f8_bigcoef,101000110,4,-4.15011656370163,0.029966041567255037,0.8324903885571153,0.938005185433804,-4.040803993951359,0.10931256975027104
99,f1_strong_t1|f3_dup_a|f7_weak|noise_0,101000101,4,-4.406037737369537,0.029250356167801594,0.5765692148892079,0.6624167257890249,-4.317038428045227,0.08899930932431044
99,f1_strong_t1|f3_dup_a|f8_bigcoef|noise_0,101000011,4,-4.2230343885421755,0.029326441418265313,0.7595725637165698,0.8552479661950173,-4.125089842165781,0.09794454637639483
99,f1_strong_t1|f4_dup_b|f5_null|f6_suppressor,100111000,4,-2.896760580062866,0.03143773547116687,2.085846372195879,2.292491730832341,-2.697026151153349,0.1997344289095171
99,f1_strong_t1|f4_dup_b|f5_null|f7_weak,100110100,4,-4.403361316490173,0.029829014675270837,0.5792456357685722,0.6624167257890249,-4.315394256286054,0.08796706020411893
99,f1_strong_t1|f4_dup_b|f5_null|f8_bigcoef,100110010,4,-4.218053706359863,0.029750310720742853,0.764553245898882,0.8552479661950173,-4.123445670406608,0.09460803595325551
99,f1_strong_t1|f4_dup_b|f5_null|noise_0,100110001,4,-4.5491779403686525,0.030420740877848056,0.43342901189009275,0.5086743759150446,-4.459573279949064,0.08960466041958881
99,f1_strong_t1|f4_dup_b|f6_suppressor|f7_weak,100101100,4,-2.7546095412254332,0.030577388417219936,2.227997411033312,2.446234080706321,-2.55284712749034,0.2017624137350933
99,f1_strong_t1|f4_dup_b|f6_suppressor|f8_bigcoef,100101010,4,-2.574660737323761,0.03075165931920941,2.4079462149349844,2.639065321112313,-2.3608985416108945,0.21376219571286637
99,f1_strong_t1|f4_dup_b|f6_suppressor|noise_0,100101001,4,-2.8639871930122376,0.030862203449139782,2.1186197592465077,2.292491730832341,-2.697026151153349,0.1669610418588885
99,f1_strong_t1|f4_dup_b|f7_weak|f8_bigcoef,100100110,4,-4.141595450687409,0.030499697798403988,0.8410115015713364,0.938005185433804,-4.039159822192186,0.10243562849522281
99,f1_strong_t1|f4_dup_b|f7_weak|noise_0,100100101,4,-4.399255652332306,0.029599550685700346,0.5833512999264396,0.6624167257890249,-4.315394256286054,0.08386139604625154
99,f1_strong_t1|f4_dup_b|f8_bigcoef|noise_0,100100011,4,-4.21781492433548,0.02963685045162506,0.7647920279232654,0.8552479661950173,-4.123445670406608,0.09436925392887208
99,f1_strong_t1|f5_null|f6_suppressor|f7_weak,100011100,4,-3.0577576157569886,0.03246387717591592,1.9248493365017567,2.1207408958384875,-2.865050932963869,0.19270668279311964
99,f1_strong_t1|f5_null|f6_suppressor|f8_bigcoef,100011010,4,-2.8615884086608885,0.03296997389281941,2.121018543597857,2.3135721362444794,-2.6731023470844235,0.18848606157646497
99,f1_strong_t1|f5_null|f6_suppressor|noise_0,100011001,4,-3.18652208070755,0.033723630117544,1.7960848715511952,1.9669985459645072,-3.009229956626878,0.17729212408067196
99,f1_strong_t1|f5_null|f7_weak|f8_bigcoef,100010110,4,-4.431495923519135,0.03137120141976871,0.5511110287396104,0.6125120005659704,-4.351363627665714,0.08013229585342074
99,f1_strong_t1|f5_null|f7_weak|noise_0,100010101,4,-4.696194506835938,0.03101888459593555,0.2864124454228074,0.33692354092119114,-4.627598061759583,0.06859644507635476
99,f1_strong_t1|f5_null|f8_bigcoef|noise_0,100010011,4,-4.513425450134277,0.031336180742393235,0.4691815021244681,0.5297547813271836,-4.435649475880138,0.07777597425413951
99,f1_strong_t1|f6_suppressor|f7_weak|f8_bigcoef,100001110,4,-2.785734725379944,0.03266583427018164,2.1968722268788015,2.3963293554832665,-2.588816498870001,0.19691822650994295
99,f1_strong_t1|f6_suppressor|f7_weak|noise_0,100001101,4,-3.0378570934295652,0.031790457074950006,1.94474985882918,2.1207408958384875,-2.865050932963869,0.1728061604656963
99,f1_strong_t1|f6_suppressor|f8_bigcoef|noise_0,100001011,4,-2.8438037479400635,0.03264884378640933,2.1388032043186818,2.3135721362444794,-2.6731023470844235,0.17070140085564
99,f1_strong_t1|f7_weak|f8_bigcoef|noise_0,100000111,4,-4.431330967330933,0.03152677974922731,0.5512759849278126,0.6125120005659704,-4.351363627665714,0.07996733966521852
99,f2_strong_t2|f3_dup_a|f4_dup_b|f5_null,11110000,4,-3.9130253213882447,0.030167973319551296,1.0695816308705006,1.1404094082560454,-3.8043887417550226,0.10863657963322204
99,f2_strong_t2|f3_dup_a|f4_dup_b|f6_suppressor,11101000,4,-3.9218747880935667,0.030645515556432214,1.0607321641651786,1.1404094082560454,-3.8043887417550226,0.11748604633854409
99,f2_strong_t2|f3_dup_a|f4_dup_b|f7_weak,11100100,4,-3.7736015352249144,0.029953570713470424,1.209005417033831,1.2941517581300257,-3.660209718092013,0.11339181713290136
99,f2_strong_t2|f3_dup_a|f4_dup_b|f8_bigcoef,11100010,4,-3.5813544315338133,0.02978687226391753,1.401252520724932,1.4869829985360181,-3.4682611322125676,0.11309329932124568
99,f2_strong_t2|f3_dup_a|f4_dup_b|noise_0,11100001,4,-3.914272381591797,0.029861695331135606,1.0683345706669485,1.1404094082560454,-3.8043887417550226,0.10988363983677418
99,f2_strong_t2|f3_dup_a|f5_null|f6_suppressor,11011000,4,-3.9251700588226317,0.02939454550411426,1.0574368934361136,1.130212141084884,-3.8150161858641485,0.11015387295848322
99,f2_strong_t2|f3_dup_a|f5_null|f7_weak,11010100,4,-3.7723378366470337,0.028377644740093477,1.2102691156117116,1.2839544909588643,-3.6708371622011393,0.10150067444589439
99,f2_strong_t2|f3_dup_a|f5_null|f8_bigcoef,11010010,4,-3.579828110599518,0.02836255607998392,1.4027788416592273,1.4767857313648562,-3.478888576321694,0.1009395342778241
99,f2_strong_t2|f3_dup_a|f5_null|noise_0,11010001,4,-3.9166127568244935,0.028809447389138217,1.0659941954342518,1.130212141084884,-3.8150161858641485,0.10159657096034502
99,f2_strong_t2|f3_dup_a|f6_suppressor|f7_weak,11001100,4,-3.782936331272125,0.029117258911039386,1.1996706209866201,1.2839544909588643,-3.6708371622011393,0.11209916907098583
99,f2_strong_t2|f3_dup_a|f6_suppressor|f8_bigcoef,11001010,4,-3.5921675550460814,0.02911795819571129,1.3904393972126639,1.4767857313648562,-3.478888576321694,0.11327897872438752
99,f2_strong_t2|f3_dup_a|f6_suppressor|noise_0,11001001,4,-3.9166769939422608,0.029347477394771962,1.0659299583164845,1.130212141084884,-3.8150161858641485,0.10166080807811229
99,f2_strong_t2|f3_dup_a|f7_weak|f8_bigcoef,11000110,4,-3.506095287322998,0.028873875663484296,1.4765116649357473,1.5595429506036433,-3.3946027281072713,0.11149255921572676
99,f2_strong_t2|f3_dup_a|f7_weak|noise_0,11000101,4,-3.7711214215278623,0.02821435237437534,1.211485530730883,1.2839544909588643,-3.6708371622011393,0.10028425932672302
99,f2_strong_t2|f3_dup_a|f8_bigcoef|noise_0,11000011,4,-3.587049713897705,0.028436211404040023,1.3955572383610404,1.4767857313648562,-3.478888576321694,0.10816113757601098
99,f2_strong_t2|f4_dup_b|f5_null|f6_suppressor,10111000,4,-3.9165875224113464,0.029173174531777132,1.0660194298473988,1.130212141084884,-3.813372014104975,0.10321550830637127
99,f2_strong_t2|f4_dup_b|f5_null|f7_weak,10110100,4,-3.7670313960075377,0.02841945633921271,1.2155755562512076,1.2839544909588643,-3.669192990441967,0.09783840556557077
99,f2_strong_t2|f4_dup_b|f5_null|f8_bigcoef,10110010,4,-3.578980129623413,0.028527032462652504,1.4036268226353323,1.4767857313648562,-3.4772444045625206,0.10173572506089235
99,f2_strong_t2|f4_dup_b|f5_null|noise_0,10110001,4,-3.915977038860321,0.028714459041517645,1.0666299133984243,1.130212141084884,-3.813372014104975,0.10260502475534583
99,f2_strong_t2|f4_dup_b|f6_suppressor|f7_weak,10101100,4,-3.7766803040504455,0.028807245020467304,1.2059266482082998,1.2839544909588643,-3.669192990441967,0.10748731360847863
99,f2_strong_t2|f4_dup_b|f6_suppressor|f8_bigcoef,10101010,4,-3.585381509399414,0.028792671172221417,1.3972254428593311,1.4767857313648562,-3.4772444045625206,0.10813710483689354
99,f2_strong_t2|f4_dup_b|f6_suppressor|noise_0,10101001,4,-3.9152740634918213,0.028755468408079615,1.067332888766924,1.130212141084884,-3.813372014104975,0.1019020493868461
99,f2_strong_t2|f4_dup_b|f7_weak|f8_bigcoef,10100110,4,-3.502744379234314,0.02915099655643129,1.4798625730244312,1.5595429506036433,-3.392958556348098,0.10978582288621608
99,f2_strong_t2|f4_dup_b|f7_weak|noise_0,10100101,4,-3.772202775859833,0.02825151832503167,1.2104041763989124,1.2839544909588643,-3.669192990441967,0.10300978541786598
99,f2_strong_t2|f4_dup_b|f8_bigcoef|noise_0,10100011,4,-3.589972014427185,0.028464558180427396,1.3926349378315601,1.4767857313648562,-3.4772444045625206,0.11272760986466457
99,f2_strong_t2|f5_null|f6_suppressor|f7_weak,10011100,4,-4.06959675359726,0.03058440697627865,0.9130101986614854,0.9584613060910306,-3.981396795915495,0.08819995768176492
99,f2_strong_t2|f5_null|f6_suppressor|f8_bigcoef,10011010,4,-3.8793015973091127,0.030978352178458665,1.1033053549496326,1.151292546497023,-3.7894482100360496,0.08985338727306313
99,f2_strong_t2|f5_null|f6_suppressor|noise_0,10011001,4,-4.211956666564942,0.031245916779637964,0.7706502856938036,0.8047189562170504,-4.125575819578504,0.08638084698643755
99,f2_strong_t2|f5_null|f7_weak|f8_bigcoef,10010110,4,-3.7934371335983275,0.030636640574716996,1.1891698186604178,1.2340497657358096,-3.705162361821627,0.08827477177670051
99,f2_strong_t2|f5_null|f7_weak|noise_0,10010101,4,-4.0642193816185,0.030254433668610598,0.9183875706402453,0.9584613060910306,-3.981396795915495,0.08282258570300494
99,f2_strong_t2|f5_null|f8_bigcoef|noise_0,10010011,4,-3.879496096897125,0.03040531704801528,1.1031108553616202,1.151292546497023,-3.7894482100360496,0.09004788686107545
99,f2_strong_t2|f6_suppressor|f7_weak|f8_bigcoef,10001110,4,-3.807993410587311,0.03144614799085439,1.1746135416714343,1.2340497657358096,-3.705162361821627,0.10283104876568405
99,f2_strong_t2|f6_suppressor|f7_weak|noise_0,10001101,4,-4.066724541187287,0.03058844774231463,0.9158824110714585,0.9584613060910306,-3.981396795915495,0.08532774527179177
99,f2_strong_t2|f6_suppressor|f8_bigcoef|noise_0,10001011,4,-3.8825005429267883,0.031019312926142205,1.100106409331957,1.151292546497023,-3.7894482100360496,0.09305233289073866
99,f2_strong_t2|f7_weak|f8_bigcoef|noise_0,10000111,4,-3.8020608445167543,0.03084055539398098,1.180546107741991,1.2340497657358096,-3.705162361821627,0.09689848269512735
99,f3_dup_a|f4_dup_b|f5_null|f6_suppressor,1111000,4,-4.724656132316589,0.03142724858288834,0.2579508199421561,0.3356904520389953,-4.6273228499969425,0.09733328231964666
99,f3_dup_a|f4_dup_b|f5_null|f7_weak,1110100,4,-4.568730724716186,0.030609710562954785,0.41387622754255915,0.48943280191297556,-4.483143826333933,0.0855868983822532
99,f3_dup_a|f4_dup_b|f5_null|f8_bigcoef,1110010,4,-4.384444523239136,0.03034632687488465,0.5981624290196095,0.682264042318968,-4.291195240454487,0.09324928278464917
99,f3_dup_a|f4_dup_b|f5_null|noise_0,1110001,4,-4.712671593952179,0.030819474102451602,0.269935358306566,0.3356904520389953,-4.6273228499969425,0.08534874395523673
99,f3_dup_a|f4_dup_b|f6_suppressor|f7_weak,1101100,4,-4.587467133617401,0.03155688747862334,0.3951398186413444,0.48943280191297556,-4.483143826333933,0.10432330728346795
99,f3_dup_a|f4_dup_b|f6_suppressor|f8_bigcoef,1101010,4,-4.406251749897003,0.031240981043387028,0.576355202361742,0.682264042318968,-4.291195240454487,0.11505650944251666
99,f3_dup_a|f4_dup_b|f6_suppressor|noise_0,1101001,4,-4.719018808460236,0.031343204788750946,0.2635881437985095,0.3356904520389953,-4.6273228499969425,0.09169595846329326
99,f3_dup_a|f4_dup_b|f7_weak|f8_bigcoef,1100110,4,-4.307818625259399,0.03137008009183958,0.6747883269993462,0.7650212615577549,-4.206909392240064,0.10090923301933508
99,f3_dup_a|f4_dup_b|f7_weak|noise_0,1100101,4,-4.563498944568634,0.030642248667052435,0.41910800769011125,0.48943280191297556,-4.483143826333933,0.0803551182347011
99,f3_dup_a|f4_dup_b|f8_bigcoef|noise_0,1100011,4,-4.383274104595184,0.03045318807738322,0.5993328476635611,0.682264042318968,-4.291195240454487,0.09207886414069755
99,f3_dup_a|f5_null|f6_suppressor|f7_weak,1011100,4,-4.581860884189606,0.02938847524860898,0.4007460680691395,0.4792355347418139,-4.493771270443058,0.08808961374654789
99,f3_dup_a|f5_null|f6_suppressor|f8_bigcoef,1011010,4,-4.400027764511108,0.029360937161305785,0.582579187747637,0.6720667751478063,-4.3018226845636125,0.09820507994749583
99,f3_dup_a|f5_null|f6_suppressor|noise_0,1011001,4,-4.720523958873748,0.030085237561158724,0.26208299338499685,0.32549318486783363,-4.6379502941060675,0.08257366476768091
99,f3_dup_a|f5_null|f7_weak|f8_bigcoef,1010110,4,-4.308382852268219,0.02910716771416319,0.6742240999905267,0.7548239943865932,-4.21753683634919,0.09084601591902874
99,f3_dup_a|f5_null|f7_weak|noise_0,1010101,4,-4.566134890174865,0.02885773497041677,0.41647206208388,0.4792355347418139,-4.493771270443058,0.07236361973180738
99,f3_dup_a|f5_null|f8_bigcoef|noise_0,1010011,4,-4.386845645713806,0.028771786825027363,0.5957613065449392,0.6720667751478063,-4.3018226845636125,0.08502296115019359
99,f3_dup_a|f6_suppressor|f7_weak|f8_bigcoef,1001110,4,-4.333698953437805,0.030455500415064556,0.6489079988209401,0.7548239943865932,-4.21753683634919,0.11616211708861535
99,f3_dup_a|f6_suppressor|f7_weak|noise_0,1001101,4,-4.572038016033172,0.029474740763874224,0.4105689362255731,0.4792355347418139,-4.493771270443058,0.07826674559011426
99,f3_dup_a|f6_suppressor|f8_bigcoef|noise_0,1001011,4,-4.395339797592163,0.029563877735504857,0.5872671546665824,0.6720667751478063,-4.3018226845636125,0.09351711302855037
99,f3_dup_a|f7_weak|f8_bigcoef|noise_0,1000111,4,-4.3055367373466495,0.02939866838343874,0.6770702149120957,0.7548239943865932,-4.21753683634919,0.08799990099745969
99,f4_dup_b|f5_null|f6_suppressor|f7_weak,111100,4,-4.575621556949615,0.0295080714492704,0.40698539530913,0.4792355347418139,-4.492127098683885,0.08349445826573021
99,f4_dup_b|f5_null|f6_suppressor|f8_bigcoef,111010,4,-4.390414154815674,0.02934115696135582,0.5921927974430714,0.6720667751478063,-4.300178512804439,0.09023564201123513
99,f4_dup_b|f5_null|f6_suppressor|noise_0,111001,4,-4.7146863870620725,0.02982091169579497,0.26792056519667273,0.32549318486783363,-4.636306122346894,0.07838026471517878
99,f4_dup_b|f5_null|f7_weak|f8_bigcoef,110110,4,-4.300668880271911,0.029560032345814665,0.681938071986834,0.7548239943865932,-4.215892664590016,0.0847762156818952
99,f4_dup_b|f5_null|f7_weak|noise_0,110101,4,-4.562955232810974,0.028966571690517025,0.4196517194477716,0.4792355347418139,-4.492127098683885,0.07082813412708866
99,f4_dup_b|f5_null|f8_bigcoef|noise_0,110011,4,-4.383702408313751,0.02897112508852786,0.598904543944994,0.6720667751478063,-4.300178512804439,0.0835238955093125
99,f4_dup_b|f6_suppressor|f7_weak|f8_bigcoef,101110,4,-4.31728804769516,0.030246178043092247,0.665318904563585,0.7548239943865932,-4.215892664590016,0.10139538310514418
99,f4_dup_b|f6_suppressor|f7_weak|noise_0,101101,4,-4.569768430233002,0.02920545345371977,0.41283852202574334,0.4792355347418139,-4.492127098683885,0.0776413315491169
99,f4_dup_b|f6_suppressor|f8_bigcoef|noise_0,101011,4,-4.3851171342849735,0.029193124393821487,0.5974898179737718,0.6720667751478063,-4.300178512804439,0.08493862148053477
99,f4_dup_b|f7_weak|f8_bigcoef|noise_0,100111,4,-4.3007780797004695,0.029702801359579766,0.6818288725582757,0.7548239943865932,-4.215892664590016,0.08488541511045344
99,f5_null|f6_suppressor|f7_weak|f8_bigcoef,11110,4,-4.603363342952728,0.03136335626804001,0.37924360930601697,0.42933080951875946,-4.528096470063545,0.07526687288918321
99,f5_null|f6_suppressor|f7_weak|noise_0,11101,4,-4.86186019077301,0.031021733156128863,0.12074676148573538,0.15374234987398028,-4.804330904157414,0.057529286615595865
99,f5_null|f6_suppressor|f8_bigcoef|noise_0,11011,4,-4.681694925594329,0.03136089885337119,0.30091202666441585,0.3465735902799726,-4.612382318277969,0.0693126073163608
99,f5_null|f7_weak|f8_bigcoef|noise_0,10111,4,-4.592283282089233,0.030993938555797643,0.3903236701695123,0.42933080951875946,-4.528096470063545,0.06418681202568788
99,f6_suppressor|f7_weak|f8_bigcoef|noise_0,1111,4,-4.597505579662323,0.03135779590492661,0.38510137259642185,0.42933080951875946,-4.528096470063545,0.06940910959877833
99,f1_strong_t1|f2_strong_t2|f3_dup_a|f4_dup_b|f5_null,111110000,5,-3.755901469421387,0.03130659308376572,1.2267054828373585,1.3235905993032566,-3.6276558993571917,0.12824557006419512
99,f1_strong_t1|f2_strong_t2|f3_dup_a|f4_dup_b|f6_suppressor,111101000,5,-2.078178000640869,0.0325289701614516,2.9044289516178763,3.1074079542205526,-1.8651087705614784,0.2130692300793906
99,f1_strong_t1|f2_strong_t2|f3_dup_a|f4_dup_b|f7_weak,111100100,5,-3.6172559708595275,0.031137932775450853,1.3653509813992177,1.477332949177237,-3.4834768756941825,0.13377909516534503
99,f1_strong_t1|f2_strong_t2|f3_dup_a|f4_dup_b|f8_bigcoef,111100010,5,-3.4274454924583435,0.0310147402546013,1.5551614598004018,1.6701641895832289,-3.291528289814737,0.1359172026436064
99,f1_strong_t1|f2_strong_t2|f3_dup_a|f4_dup_b|noise_0,111100001,5,-3.7564369867324827,0.031173573561151517,1.2261699655262626,1.3235905993032566,-3.6276558993571917,0.12878108737529104
99,f1_strong_t1|f2_strong_t2|f3_dup_a|f5_null|f6_suppressor,111011000,5,-2.158123073863983,0.031759926846029615,2.824483878394762,3.097210687049391,-1.875736214670604,0.28238685919337914
99,f1_strong_t1|f2_strong_t2|f3_dup_a|f5_null|f7_weak,111010100,5,-3.6175190680503846,0.029195203810626142,1.3650878842083607,1.467135682006075,-3.4941043198033093,0.12341474824707532
99,f1_strong_t1|f2_strong_t2|f3_dup_a|f5_null|f8_bigcoef,111010010,5,-3.423276373100281,0.029296367059750753,1.5593305791584644,1.6599669224120674,-3.302155733923863,0.12112063917641791
99,f1_strong_t1|f2_strong_t2|f3_dup_a|f5_null|noise_0,111010001,5,-3.75978323431015,0.029698576207006316,1.2228237179485952,1.3133933321320947,-3.6382833434663175,0.1214998908438325
99,f1_strong_t1|f2_strong_t2|f3_dup_a|f6_suppressor|f7_weak,111001100,5,-1.970761995124817,0.031237578303434866,3.0118449571339285,3.2509530369233715,-1.7315571910075949,0.23920480411722211
99,f1_strong_t1|f2_strong_t2|f3_dup_a|f6_suppressor|f8_bigcoef,111001010,5,-1.788406935596466,0.03162728990094525,3.194200016662279,3.443784277329364,-1.539608605128149,0.248798330468317
99,f1_strong_t1|f2_strong_t2|f3_dup_a|f6_suppressor|noise_0,111001001,5,-2.08781079082489,0.03177475890754834,2.894796161433855,3.097210687049391,-1.875736214670604,0.21207457615428615
99,f1_strong_t1|f2_strong_t2|f3_dup_a|f7_weak|f8_bigcoef,111000110,5,-3.357154163646698,0.029916127278803776,1.6254527886120473,1.742724141650854,-3.2178698857094394,0.1392842779372585
99,f1_strong_t1|f2_strong_t2|f3_dup_a|f7_weak|noise_0,111000101,5,-3.6197777353286744,0.029120193228776906,1.3628292169300709,1.467135682006075,-3.4941043198033093,0.12567341552536515
99,f1_strong_t1|f2_strong_t2|f3_dup_a|f8_bigcoef|noise_0,111000011,5,-3.429551022338867,0.02928311553959684,1.553055929919878,1.6599669224120674,-3.302155733923863,0.12739528841500425
99,f1_strong_t1|f2_strong_t2|f4_dup_b|f5_null|f6_suppressor,110111000,5,-2.1046339343070986,0.0316399322504639,2.8779730179516467,3.097210687049391,-1.8740920429114303,0.23054189139566827
99,f1_strong_t1|f2_strong_t2|f4_dup_b|f5_null|f7_weak,110110100,5,-3.612231940174103,0.029486467914212496,1.3703750120846423,1.467135682006075,-3.492460148044135,0.11977179212996791
99,f1_strong_t1|f2_strong_t2|f4_dup_b|f5_null|f8_bigcoef,110110010,5,-3.418679231739044,0.02966069825945934,1.5639277205197013,1.6599669224120674,-3.3005115621646897,0.11816766957435432
99,f1_strong_t1|f2_strong_t2|f4_dup_b|f5_null|noise_0,110110001,5,-3.757462754535675,0.029933322840401698,1.2251441977230701,1.3133933321320947,-3.6366391717071442,0.1208235828285309
99,f1_strong_t1|f2_strong_t2|f4_dup_b|f6_suppressor|f7_weak,110101100,5,-1.9511102136611937,0.031175219429175286,3.0314967385975518,3.2509530369233715,-1.7299130192484216,0.2211971944127722
99,f1_strong_t1|f2_strong_t2|f4_dup_b|f6_suppressor|f8_bigcoef,110101010,5,-1.7715433053970338,0.0314761317780567,3.2110636468617115,3.443784277329364,-1.5379644333689753,0.2335788720280585
99,f1_strong_t1|f2_strong_t2|f4_dup_b|f6_suppressor|noise_0,110101001,5,-2.074112781047821,0.0313736673618339,2.9084941712109242,3.097210687049391,-1.8740920429114303,0.20002073813639076
99,f1_strong_t1|f2_strong_t2|f4_dup_b|f7_weak|f8_bigcoef,110100110,5,-3.3509593662261965,0.030314853279189497,1.6316475860325488,1.742724141650854,-3.216225713950266,0.13473365227593037
99,f1_strong_t1|f2_strong_t2|f4_dup_b|f7_weak|noise_0,110100101,5,-3.6164071026802063,0.029323486507749644,1.366199849578539,1.467135682006075,-3.492460148044135,0.1239469546360712
99,f1_strong_t1|f2_strong_t2|f4_dup_b|f8_bigcoef|noise_0,110100011,5,-3.4278502181053163,0.029490181918681503,1.554756734153429,1.6599669224120674,-3.3005115621646897,0.12733865594062665
99,f1_strong_t1|f2_strong_t2|f5_null|f6_suppressor|f7_weak,110011100,5,-2.2768483894348144,0.033322878897989607,2.705758562823931,2.9254598520555377,-2.0421168247219508,0.2347315647128636
99,f1_strong_t1|f2_strong_t2|f5_null|f6_suppressor|f8_bigcoef,110011010,5,-2.0810721836090087,0.033993174709442533,2.9015347686497366,3.11829109246153,-1.8501682388425047,0.230903944766504
99,f1_strong_t1|f2_strong_t2|f5_null|f6_suppressor|noise_0,110011001,5,-2.402858054256439,0.034115962748681616,2.5797488980023062,2.7717175021815574,-2.1862958483849595,0.21656220587147956
99,f1_strong_t1|f2_strong_t2|f5_null|f7_weak|f8_bigcoef,110010110,5,-3.6440902265548707,0.03163080577028301,1.3385167257038746,1.4172309567830204,-3.528429519423795,0.11566070713107557
99,f1_strong_t1|f2_strong_t2|f5_null|f7_weak|noise_0,110010101,5,-3.9142957982063296,0.031054380204734187,1.0683111540524157,1.1416424971382413,-3.804663953517664,0.10963184468866549
99,f1_strong_t1|f2_strong_t2|f5_null|f8_bigcoef|noise_0,110010011,5,-3.7252098092079162,0.03145467516747262,1.257397143050829,1.3344737375442337,-3.6127153676382178,0.11249444156969846
99,f1_strong_t1|f2_strong_t2|f6_suppressor|f7_weak|f8_bigcoef,110001110,5,-1.9893166410446168,0.033741891749121816,2.9932903112141283,3.201048311700317,-1.765882390628082,0.22343425041653475
99,f1_strong_t1|f2_strong_t2|f6_suppressor|f7_weak|noise_0,110001101,5,-2.2382900990486143,0.03270434644549296,2.744316853210131,2.9254598520555377,-2.0421168247219508,0.19617327432666354
99,f1_strong_t1|f2_strong_t2|f6_suppressor|f8_bigcoef|noise_0,110001011,5,-2.081470913410187,0.034088482603963195,2.9011360388485583,3.11829109246153,-1.8501682388425047,0.23130267456768228
99,f1_strong_t1|f2_strong_t2|f7_weak|f8_bigcoef|noise_0,110000111,5,-3.655559130477905,0.031635733936131616,1.3270478217808401,1.4172309567830204,-3.528429519423795,0.12712961105411003
99,f1_strong_t1|f3_dup_a|f4_dup_b|f5_null|f6_suppressor,101111000,5,-2.9027183099746705,0.03336570673230616,2.0798886422840748,2.302688998003503,-2.688042878803397,0.21467543117127352
99,f1_strong_t1|f3_dup_a|f4_dup_b|f5_null|f7_weak,101110100,5,-4.413388735294342,0.03173057574739085,0.5692182169644031,0.6726139929601865,-4.306410983936101,0.10697775135824106
99,f1_strong_t1|f3_dup_a|f4_dup_b|f5_null|f8_bigcoef,101110010,5,-4.233381843280792,0.0314391804745399,0.7492251089779529,0.8654452333661787,-4.114462398056656,0.11891944522413667
99,f1_strong_t1|f3_dup_a|f4_dup_b|f5_null|noise_0,101110001,5,-4.557976506614685,0.03216043065977527,0.42463044564405994,0.5188716430862063,-4.450590007599112,0.10738649901557373
99,f1_strong_t1|f3_dup_a|f4_dup_b|f6_suppressor|f7_weak,101101100,5,-2.7440094182014465,0.03276097272392224,2.2385975340572988,2.456431347877483,-2.543863855140388,0.20014556306105868
99,f1_strong_t1|f3_dup_a|f4_dup_b|f6_suppressor|f8_bigcoef,101101010,5,-2.5611896209716796,0.032648496473101966,2.4214173312870657,2.6492625882834755,-2.3519152692609415,0.20927435171073805
99,f1_strong_t1|f3_dup_a|f4_dup_b|f6_suppressor|noise_0,101101001,5,-2.875765379714966,0.03320826412182938,2.1068415725437792,2.302688998003503,-2.688042878803397,0.18772250091156906
99,f1_strong_t1|f3_dup_a|f4_dup_b|f7_weak|f8_bigcoef,101100110,5,-4.160444359779358,0.03232617889582223,0.8221625924793869,0.9482024526049658,-4.030176549842233,0.13026780993712528
99,f1_strong_t1|f3_dup_a|f4_dup_b|f7_weak|noise_0,101100101,5,-4.409183970546723,0.03165363917682094,0.5734229817120227,0.6726139929601865,-4.306410983936101,0.10277298661062151
99,f1_strong_t1|f3_dup_a|f4_dup_b|f8_bigcoef|noise_0,101100011,5,-4.230086199760437,0.031386471983118336,0.7525207524983086,0.8654452333661787,-4.114462398056656,0.11562380170378095
99,f1_strong_t1|f3_dup_a|f5_null|f6_suppressor|f7_weak,101011100,5,-2.790449053096771,0.031223923335437113,2.192157899161974,2.446234080706321,-2.5544912992495132,0.23595775384725792
99,f1_strong_t1|f3_dup_a|f5_null|f6_suppressor|f8_bigcoef,101011010,5,-2.578566297149658,0.03133488381827875,2.404040655109087,2.639065321112313,-2.362542713370068,0.2160235837795903
99,f1_strong_t1|f3_dup_a|f5_null|f6_suppressor|noise_0,101011001,5,-2.9177200516700745,0.03220330019241707,2.0648869005886707,2.292491730832341,-2.6986703229125224,0.21904972875755213
99,f1_strong_t1|f3_dup_a|f5_null|f7_weak|f8_bigcoef,101010110,5,-4.155002930641174,0.02991856416772563,0.8276040216175709,0.938005185433804,-4.040803993951359,0.11419893668981551
99,f1_strong_t1|f3_dup_a|f5_null|f7_weak|noise_0,101010101,5,-4.415348498058319,0.0296799908166837,0.5672584542004264,0.6624167257890249,-4.317038428045227,0.09831007001309189
99,f1_strong_t1|f3_dup_a|f5_null|f8_bigcoef|noise_0,101010011,5,-4.228831624031067,0.029617271015710225,0.753775328227678,0.8552479661950173,-4.125089842165781,0.1037417818652866
99,f1_strong_t1|f3_dup_a|f6_suppressor|f7_weak|f8_bigcoef,101001110,5,-2.4960949892044066,0.03162297208419764,2.4865119630543386,2.7218225403511003,-2.278256865155645,0.21783812404876146
99,f1_strong_t1|f3_dup_a|f6_suppressor|f7_weak|noise_0,101001101,5,-2.751140069389343,0.030603504653281193,2.231466882869402,2.446234080706321,-2.5544912992495132,0.19664877013982984
99,f1_strong_t1|f3_dup_a|f6_suppressor|f8_bigcoef|noise_0,101001011,5,-2.565721343135834,0.031248567673145794,2.4168856091229114,2.639065321112313,-2.362542713370068,0.20317862976576606
99,f1_strong_t1|f3_dup_a|f7_weak|f8_bigcoef|noise_0,101000111,5,-4.151174048233032,0.03000489748648427,0.8314329040257133,0.938005185433804,-4.040803993951359,0.11037005428167301
99,f1_strong_t1|f4_dup_b|f5_null|f6_suppressor|f7_weak,100111100,5,-2.768090960407257,0.03158409805432579,2.214515991851488,2.446234080706321,-2.55284712749034,0.2152438329169173
99,f1_strong_t1|f4_dup_b|f5_null|f6_suppressor|f8_bigcoef,100111010,5,-2.5723161200523377,0.03147731799149223,2.4102908322064076,2.639065321112313,-2.3608985416108945,0.21141757844144315
99,f1_strong_t1|f4_dup_b|f5_null|f6_suppressor|noise_0,100111001,5,-2.8834596994400026,0.0319883758549284,2.0991472528187427,2.292491730832341,-2.697026151153349,0.18643354828665348
99,f1_strong_t1|f4_dup_b|f5_null|f7_weak|f8_bigcoef,100110110,5,-4.1487220272064205,0.030569750507079854,0.8338849250523248,0.938005185433804,-4.039159822192186,0.10956220501423442
99,f1_strong_t1|f4_dup_b|f5_null|f7_weak|noise_0,100110101,5,-4.409396975231171,0.030078779519131345,0.5732099770275747,0.6624167257890249,-4.315394256286054,0.09400271894511647
99,f1_strong_t1|f4_dup_b|f5_null|f8_bigcoef|noise_0,100110011,5,-4.2250823580741885,0.03007492708113965,0.7575245941845568,0.8552479661950173,-4.123445670406608,0.10163668766758072
99,f1_strong_t1|f4_dup_b|f6_suppressor|f7_weak|f8_bigcoef,100101110,5,-2.507408351612091,0.031878749295867224,2.4751986006466544,2.7218225403511003,-2.2766126933964714,0.23079565821561943
99,f1_strong_t1|f4_dup_b|f6_suppressor|f7_weak|noise_0,100101101,5,-2.7475666882514953,0.030859455786387633,2.23504026400725,2.446234080706321,-2.55284712749034,0.19471956076115537
99,f1_strong_t1|f4_dup_b|f6_suppressor|f8_bigcoef|noise_0,100101011,5,-2.5593910484313964,0.03107818903965392,2.423215903827349,2.639065321112313,-2.3608985416108945,0.1984925068205019
99,f1_strong_t1|f4_dup_b|f7_weak|f8_bigcoef|noise_0,100100111,5,-4.144835577487946,0.03051980581758738,0.8377713747707993,0.938005185433804,-4.039159822192186,0.1056757552957599
99,f1_strong_t1|f5_null|f6_suppressor|f7_weak|f8_bigcoef,100011110,5,-2.7968724837303163,0.03342026841340482,2.185734468528429,2.3963293554832665,-2.588816498870001,0.2080559848603154
99,f1_strong_t1|f5_null|f6_suppressor|f7_weak|noise_0,100011101,5,-3.051844290161133,0.03298994379903136,1.9307626620976124,2.1207408958384875,-2.865050932963869,0.18679335719726398
99,f1_strong_t1|f5_null|f6_suppressor|f8_bigcoef|noise_0,100011011,5,-2.851475074958801,0.033303957345579255,2.131131877299944,2.3135721362444794,-2.6731023470844235,0.17837272787437763
99,f1_strong_t1|f5_null|f7_weak|f8_bigcoef|noise_0,100010111,5,-4.438442110347748,0.03175167563321722,0.5441648419109972,0.6125120005659704,-4.351363627665714,0.08707848268203389
99,f1_strong_t1|f6_suppressor|f7_weak|f8_bigcoef|noise_0,100001111,5,-2.790846008491516,0.03260736798688342,2.191760943767229,2.3963293554832665,-2.588816498870001,0.20202950962151522
99,f2_strong_t2|f3_dup_a|f4_dup_b|f5_null|f6_suppressor,11111000,5,-3.929332448005676,0.031098153099678384,1.0532745042530691,1.1404094082560454,-3.8043887417550226,0.12494370625065354
99,f2_strong_t2|f3_dup_a|f4_dup_b|f5_null|f7_weak,11110100,5,-3.7797811478614807,0.030183489017110918,1.2028258043972646,1.2941517581300257,-3.660209718092013,0.11957142976946766
99,f2_strong_t2|f3_dup_a|f4_dup_b|f5_null|f8_bigcoef,11110010,5,-3.583959548473358,0.030091478913886416,1.3986474037853873,1.4869829985360181,-3.4682611322125676,0.11569841626079036
99,f2_strong_t2|f3_dup_a|f4_dup_b|f5_null|noise_0,11110001,5,-3.9209851355552674,0.030390919101296134,1.0616218167034779,1.1404094082560454,-3.8043887417550226,0.11659639380024478
99,f2_strong_t2|f3_dup_a|f4_dup_b|f6_suppressor|f7_weak,11101100,5,-3.7912219497680666,0.031060741898331013,1.1913850024906787,1.2941517581300257,-3.660209718092013,0.13101223167605358
99,f2_strong_t2|f3_dup_a|f4_dup_b|f6_suppressor|f8_bigcoef,11101010,5,-3.5961704728126525,0.030854220374525575,1.3864364794460928,1.4869829985360181,-3.4682611322125676,0.12790934060008485
99,f2_strong_t2|f3_dup_a|f4_dup_b|f6_suppressor|noise_0,11101001,5,-3.9222332429885864,0.030918584100565586,1.0603737092701588,1.1404094082560454,-3.8043887417550226,0.11784450123356383
99,f2_strong_t2|f3_dup_a|f4_dup_b|f7_weak|f8_bigcoef,11100110,5,-3.510393912887573,0.030759272176045478,1.472213039371172,1.5697402177748048,-3.3839752839981445,0.12641862888942867
99,f2_strong_t2|f3_dup_a|f4_dup_b|f7_weak|noise_0,11100101,5,-3.777088758659363,0.03003237091910311,1.2055181935993824,1.2941517581300257,-3.660209718092013,0.11687904056734988
99,f2_strong_t2|f3_dup_a|f4_dup_b|f8_bigcoef|noise_0,11100011,5,-3.591375558757782,0.030029626039108116,1.3912313935009633,1.4869829985360181,-3.4682611322125676,0.12311442654521443
99,f2_strong_t2|f3_dup_a|f5_null|f6_suppressor|f7_weak,11011100,5,-3.7930286169052123,0.02932731100241516,1.189578335353533,1.2839544909588643,-3.6708371622011393,0.122191454704073
99,f2_strong_t2|f3_dup_a|f5_null|f6_suppressor|f8_bigcoef,11011010,5,-3.6028212631225585,0.029479841561991085,1.3797856891361868,1.4767857313648562,-3.478888576321694,0.12393268680086456
99,f2_strong_t2|f3_dup_a|f5_null|f6_suppressor|noise_0,11011001,5,-3.9302304087638853,0.029871257820099174,1.05237654349486,1.130212141084884,-3.8150161858641485,0.11521422289973682
99,f2_strong_t2|f3_dup_a|f5_null|f7_weak|f8_bigcoef,11010110,5,-3.5119628656387327,0.028954457910481898,1.4706440866200126,1.5595429506036433,-3.3946027281072713,0.11736013753146146
99,f2_strong_t2|f3_dup_a|f5_null|f7_weak|noise_0,11010101,5,-3.779417988014221,0.02866006584797922,1.2031889642445242,1.2839544909588643,-3.6708371622011393,0.10858082581308182
99,f2_strong_t2|f3_dup_a|f5_null|f8_bigcoef|noise_0,11010011,5,-3.591788578224182,0.02876092289348761,1.3908183740345632,1.4767857313648562,-3.478888576321694,0.11290000190248817
99,f2_strong_t2|f3_dup_a|f6_suppressor|f7_weak|f8_bigcoef,11001110,5,-3.5335407665252685,0.030200715712570547,1.4490661857334768,1.5595429506036433,-3.3946027281072713,0.13893803841799723
99,f2_strong_t2|f3_dup_a|f6_suppressor|f7_weak|noise_0,11001101,5,-3.785661541080475,0.029330666499322967,1.1969454111782705,1.2839544909588643,-3.6708371622011393,0.1148243788793355
99,f2_strong_t2|f3_dup_a|f6_suppressor|f8_bigcoef|noise_0,11001011,5,-3.5986289558410642,0.029563300694287892,1.383977996417681,1.4767857313648562,-3.478888576321694,0.11974037951937033
99,f2_strong_t2|f3_dup_a|f7_weak|f8_bigcoef|noise_0,11000111,5,-3.515888203907013,0.029070953412473427,1.4667187483517323,1.5595429506036433,-3.3946027281072713,0.1212854757997417
99,f2_strong_t2|f4_dup_b|f5_null|f6_suppressor|f7_weak,10111100,5,-3.783126574707031,0.029251159901640223,1.1994803775517142,1.2839544909588643,-3.669192990441967,0.11393358426506417
99,f2_strong_t2|f4_dup_b|f5_null|f6_suppressor|f8_bigcoef,10111010,5,-3.5951043585777285,0.029304562437644496,1.3875025936810168,1.4767857313648562,-3.4772444045625206,0.11785995401520788
99,f2_strong_t2|f4_dup_b|f5_null|f6_suppressor|noise_0,10111001,5,-3.923076628398895,0.029520813041694106,1.0595303238598501,1.130212141084884,-3.813372014104975,0.10970461429391998
99,f2_strong_t2|f4_dup_b|f5_null|f7_weak|f8_bigcoef,10110110,5,-3.507720582294464,0.029298879884149063,1.4748863699642811,1.5595429506036433,-3.392958556348098,0.1147620259463662
99,f2_strong_t2|f4_dup_b|f5_null|f7_weak|noise_0,10110101,5,-3.778973006916046,0.02874253909612445,1.2036339453426992,1.2839544909588643,-3.669192990441967,0.1097800164740792
99,f2_strong_t2|f4_dup_b|f5_null|f8_bigcoef|noise_0,10110011,5,-3.5956886919021604,0.02891447184814384,1.3869182603565848,1.4767857313648562,-3.4772444045625206,0.11844428733963985
99,f2_strong_t2|f4_dup_b|f6_suppressor|f7_weak|f8_bigcoef,10101110,5,-3.5190104647636415,0.029934574881765683,1.4635964874951037,1.5595429506036433,-3.392958556348098,0.1260519084155436
99,f2_strong_t2|f4_dup_b|f6_suppressor|f7_weak|noise_0,10101101,5,-3.781023494529724,0.029028596124839785,1.2015834577290212,1.2839544909588643,-3.669192990441967,0.11183050408775719
99,f2_strong_t2|f4_dup_b|f6_suppressor|f8_bigcoef|noise_0,10101011,5,-3.593092004966736,0.029156114540561218,1.3895149472920094,1.4767857313648562,-3.4772444045625206,0.11584760040421527
99,f2_strong_t2|f4_dup_b|f7_weak|f8_bigcoef|noise_0,10100111,5,-3.5170125752449035,0.029415217858000456,1.4655943770138418,1.5595429506036433,-3.392958556348098,0.12405401889680556
99,f2_strong_t2|f5_null|f6_suppressor|f7_weak|f8_bigcoef,10011110,5,-3.815935503959656,0.031608966219226535,1.1666714482990894,1.2340497657358096,-3.705162361821627,0.11077314213802891
99,f2_strong_t2|f5_null|f6_suppressor|f7_weak|noise_0,10011101,5,-4.076294861793518,0.031081710788889612,0.9063120904652271,0.9584613060910306,-3.981396795915495,0.09489806587802319
99,f2_strong_t2|f5_null|f6_suppressor|f8_bigcoef|noise_0,10011011,5,-3.8935086088180544,0.031498702867481285,1.089098343440691,1.151292546497023,-3.7894482100360496,0.10406039878200479
99,f2_strong_t2|f5_null|f7_weak|f8_bigcoef|noise_0,10010111,5,-3.8078042586326597,0.031026213143555213,1.1748026936260856,1.2340497657358096,-3.705162361821627,0.10264189681103275
99,f2_strong_t2|f6_suppressor|f7_weak|f8_bigcoef|noise_0,10001111,5,-3.815236778831482,0.03166509919213152,1.1673701734272632,1.2340497657358096,-3.705162361821627,0.1100744170098551
99,f3_dup_a|f4_dup_b|f5_null|f6_suppressor|f7_weak,1111100,5,-4.588613930416107,0.031623211176392246,0.39399302184263796,0.48943280191297556,-4.483143826333933,0.10547010408217439
99,f3_dup_a|f4_dup_b|f5_null|f6_suppressor|f8_bigcoef,1111010,5,-4.406793978977204,0.03138250425361339,0.5758129732815416,0.682264042318968,-4.291195240454487,0.11559873852271707
99,f3_dup_a|f4_dup_b|f5_null|f6_suppressor|noise_0,1111001,5,-4.725912224769592,0.03183360240211875,0.2566947274891529,0.3356904520389953,-4.6273228499969425,0.09858937477264984
99,f3_dup_a|f4_dup_b|f5_null|f7_weak|f8_bigcoef,1110110,5,-4.311694766426086,0.03124511713094247,0.670912185832659,0.7650212615577549,-4.206909392240064,0.1047853741860223
99,f3_dup_a|f4_dup_b|f5_null|f7_weak|noise_0,1110101,5,-4.5699899303436275,0.03083732291446758,0.41261702191511773,0.48943280191297556,-4.483143826333933,0.08684610400969461
99,f3_dup_a|f4_dup_b|f5_null|f8_bigcoef|noise_0,1110011,5,-4.388115043735504,0.030594989630987075,0.5944919085232412,0.682264042318968,-4.291195240454487,0.09691980328101746
99,f3_dup_a|f4_dup_b|f6_suppressor|f7_weak|f8_bigcoef,1101110,5,-4.345744068622589,0.03273229576522271,0.6368628836361561,0.7650212615577549,-4.206909392240064,0.13883467638252522
99,f3_dup_a|f4_dup_b|f6_suppressor|f7_weak|noise_0,1101101,5,-4.580567979717254,0.03153810808359997,0.402038972541491,0.48943280191297556,-4.483143826333933,0.09742415338332133
99,f3_dup_a|f4_dup_b|f6_suppressor|f8_bigcoef|noise_0,1101011,5,-4.401710635375976,0.03139158095343953,0.580896316882769,0.682264042318968,-4.291195240454487,0.11051539492148965
99,f3_dup_a|f4_dup_b|f7_weak|f8_bigcoef|noise_0,1100111,5,-4.307551626968384,0.03142397008498939,0.6750553252903613,0.7650212615577549,-4.206909392240064,0.10064223472832001
99,f3_dup_a|f5_null|f6_suppressor|f7_weak|f8_bigcoef,1011110,5,-4.334677489376068,0.030268078853955063,0.6479294628826775,0.7548239943865932,-4.21753683634919,0.11714065302687793
99,f3_dup_a|f5_null|f6_suppressor|f7_weak|noise_0,1011101,5,-4.582160206604004,0.029868749241845696,0.40044674565474114,0.4792355347418139,-4.493771270443058,0.08838893616094623
99,f3_dup_a|f5_null|f6_suppressor|f8_bigcoef|noise_0,1011011,5,-4.404896322441101,0.029903745660436406,0.577710629817644,0.6720667751478063,-4.3018226845636125,0.1030736378774888
99,f3_dup_a|f5_null|f7_weak|f8_bigcoef|noise_0,1010111,5,-4.313520702171326,0.029461510092797197,0.6690862500874193,0.7548239943865932,-4.21753683634919,0.09598386582213614
99,f3_dup_a|f6_suppressor|f7_weak|f8_bigcoef|noise_0,1001111,5,-4.323652483272553,0.030394043081819,0.6589544689861926,0.7548239943865932,-4.21753683634919,0.10611564692336284
99,f4_dup_b|f5_null|f6_suppressor|f7_weak|f8_bigcoef,111110,5,-4.323285227012634,0.030408497731272025,0.6593217252461114,0.7548239943865932,-4.215892664590016,0.10739256242261774
99,f4_dup_b|f5_null|f6_suppressor|f7_weak|noise_0,111101,5,-4.576422765350342,0.02977876236719195,0.4061841869084031,0.4792355347418139,-4.492127098683885,0.08429566666645716
99,f4_dup_b|f5_null|f6_suppressor|f8_bigcoef|noise_0,111011,5,-4.393580035018921,0.0297167327492481,0.5890269172398241,0.6720667751478063,-4.300178512804439,0.09340152221448239
99,f4_dup_b|f5_null|f7_weak|f8_bigcoef|noise_0,110111,5,-4.3076415498733525,0.02977954858291586,0.6749654023853928,0.7548239943865932,-4.215892664590016,0.09174888528333636
99,f4_dup_b|f6_suppressor|f7_weak|f8_bigcoef|noise_0,101111,5,-4.31342068567276,0.030211233546333916,0.6691862665859851,0.7548239943865932,-4.215892664590016,0.09752802108274405
99,f5_null|f6_suppressor|f7_weak|f8_bigcoef|noise_0,11111,5,-4.608284343242645,0.03175048206852231,0.37432260901610004,0.42933080951875946,-4.528096470063545,0.08018787317910014
99,f1_strong_t1|f2_strong_t2|f3_dup_a|f4_dup_b|f5_null|f6_suppressor,111111000,6,-2.1105150031089783,0.03305771637971419,2.872091949149767,3.1074079542205526,-1.8651087705614784,0.24540623254749994
99,f1_strong_t1|f2_strong_t2|f3_dup_a|f4_dup_b|f5_null|f7_weak,111110100,6,-3.619885270500183,0.03120334051782382,1.3627216817585621,1.477332949177237,-3.4834768756941825,0.13640839480600064
99,f1_strong_t1|f2_strong_t2|f3_dup_a|f4_dup_b|f5_null|f8_bigcoef,111110010,6,-3.4296462078094483,0.03124938948815108,1.552960744449297,1.6701641895832289,-3.291528289814737,0.13811791799471118
99,f1_strong_t1|f2_strong_t2|f3_dup_a|f4_dup_b|f5_null|noise_0,111110001,6,-3.7630211700439453,0.03153373117819362,1.2195857822148,1.3235905993032566,-3.6276558993571917,0.13536527068675364
99,f1_strong_t1|f2_strong_t2|f3_dup_a|f4_dup_b|f6_suppressor|f7_weak,111101100,6,-1.9421646184921264,0.03280320669323233,3.040442333766619,3.261150304094533,-1.7209297468984697,0.22123487159365673
99,f1_strong_t1|f2_strong_t2|f3_dup_a|f4_dup_b|f6_suppressor|f8_bigcoef,111101010,6,-1.7621235231399537,0.033007400103300805,3.220483429118792,3.4539815445005253,-1.5289811610190234,0.2331423621209303
99,f1_strong_t1|f2_strong_t2|f3_dup_a|f4_dup_b|f6_suppressor|noise_0,111101001,6,-2.065857909679413,0.03314410269446491,2.9167490425793323,3.1074079542205526,-1.8651087705614784,0.20074913911793457
99,f1_strong_t1|f2_strong_t2|f3_dup_a|f4_dup_b|f7_weak|f8_bigcoef,111100110,6,-3.3589626558303833,0.03199285298248497,1.623644296428362,1.752921408822016,-3.2072424416003145,0.15172021423006887
99,f1_strong_t1|f2_strong_t2|f3_dup_a|f4_dup_b|f7_weak|noise_0,111100101,6,-3.620886042404175,0.031158349690282368,1.3617209098545704,1.477332949177237,-3.4834768756941825,0.13740916670999237
99,f1_strong_t1|f2_strong_t2|f3_dup_a|f4_dup_b|f8_bigcoef|noise_0,111100011,6,-3.432576885128021,0.031162325973464106,1.550030067130724,1.6701641895832289,-3.291528289814737,0.14104859531328406
99,f1_strong_t1|f2_strong_t2|f3_dup_a|f5_null|f6_suppressor|f7_weak,111011100,6,-2.0173384765625,0.031842007233505096,2.965268475696245,3.2509530369233715,-1.7315571910075949,0.28578128555490534
99,f1_strong_t1|f2_strong_t2|f3_dup_a|f5_null|f6_suppressor|f8_bigcoef,111011010,6,-1.8059433720588685,0.031931852770719624,3.176663580199877,3.443784277329364,-1.539608605128149,0.26633476693071945
99,f1_strong_t1|f2_strong_t2|f3_dup_a|f5_null|f6_suppressor|noise_0,111011001,6,-2.122780271053314,0.032193139548481756,2.859826681205431,3.097210687049391,-1.875736214670604,0.2470440563827101
99,f1_strong_t1|f2_strong_t2|f3_dup_a|f5_null|f7_weak|f8_bigcoef,111010110,6,-3.358785935020447,0.029915496897529543,1.6238210172382983,1.742724141650854,-3.21786988570944,0.1409160493110071
99,f1_strong_t1|f2_strong_t2|f3_dup_a|f5_null|f7_weak|noise_0,111010101,6,-3.6273495044708253,0.029493257409669495,1.35525744778792,1.467135682006075,-3.4941043198033093,0.133245184667516
99,f1_strong_t1|f2_strong_t2|f3_dup_a|f5_null|f8_bigcoef|noise_0,111010011,6,-3.4351647150993347,0.02964324193396403,1.5474422371594105,1.6599669224120674,-3.302155733923863,0.13300898117547177
99,f1_strong_t1|f2_strong_t2|f3_dup_a|f6_suppressor|f7_weak|f8_bigcoef,111001110,6,-1.7087642995834351,0.03239945633745666,3.2738426526753104,3.52654149656815,-1.455322756913727,0.2534415426697081
99,f1_strong_t1|f2_strong_t2|f3_dup_a|f6_suppressor|f7_weak|noise_0,111001101,6,-1.9494183867454529,0.03126608969672873,3.033188565513292,3.2509530369233715,-1.7315571910075949,0.217861195737858
99,f1_strong_t1|f2_strong_t2|f3_dup_a|f6_suppressor|f8_bigcoef|noise_0,111001011,6,-1.7911787125587464,0.03224240570513806,3.1914282396999987,3.443784277329364,-1.539608605128149,0.2515701074305974
99,f1_strong_t1|f2_strong_t2|f3_dup_a|f7_weak|f8_bigcoef|noise_0,111000111,6,-3.36476771068573,0.02992397048890623,1.6178392415730154,1.742724141650854,-3.2178698857094394,0.14689782497629045
99,f1_strong_t1|f2_strong_t2|f4_dup_b|f5_null|f6_suppressor|f7_weak,110111100,6,-1.9742630214691161,0.031866188440150614,3.0083439307896294,3.2509530369233715,-1.7299130192484211,0.24435000222069503
99,f1_strong_t1|f2_strong_t2|f4_dup_b|f5_null|f6_suppressor|f8_bigcoef,110111010,6,-1.7792073204040528,0.031990260494607736,3.2033996318546922,3.443784277329364,-1.5379644333689753,0.24124288703507757
99,f1_strong_t1|f2_strong_t2|f4_dup_b|f5_null|f6_suppressor|noise_0,110111001,6,-2.0975459559440615,0.032178435225677544,2.885060996314684,3.097210687049391,-1.8740920429114303,0.22345391303263118
99,f1_strong_t1|f2_strong_t2|f4_dup_b|f5_null|f7_weak|f8_bigcoef,110110110,6,-3.3541783725738523,0.030415400074086992,1.628428579684893,1.742724141650854,-3.216225713950266,0.1379526586235862
99,f1_strong_t1|f2_strong_t2|f4_dup_b|f5_null|f7_weak|noise_0,110110101,6,-3.6260400651931763,0.029809066363622187,1.356566887065569,1.467135682006075,-3.492460148044135,0.13357991714904127
99,f1_strong_t1|f2_strong_t2|f4_dup_b|f5_null|f8_bigcoef|noise_0,110110011,6,-3.4327467838287355,0.02997500596684521,1.5498601684300097,1.6599669224120674,-3.3005115621646897,0.1322352216640459
99,f1_strong_t1|f2_strong_t2|f4_dup_b|f6_suppressor|f7_weak|f8_bigcoef,110101110,6,-1.7017396856307982,0.03246013487102547,3.280867266627947,3.52654149656815,-1.4536785851545533,0.24806110047624497
99,f1_strong_t1|f2_strong_t2|f4_dup_b|f6_suppressor|f7_weak|noise_0,110101101,6,-1.9513943280220032,0.03138410392028407,3.0312126242367423,3.2509530369233715,-1.7299130192484216,0.22148130877358163
99,f1_strong_t1|f2_strong_t2|f4_dup_b|f6_suppressor|f8_bigcoef|noise_0,110101011,6,-1.7768657703399657,0.032006759016213186,3.2057411819187793,3.443784277329364,-1.5379644333689753,0.23890133697099047
99,f1_strong_t1|f2_strong_t2|f4_dup_b|f7_weak|f8_bigcoef|noise_0,110100111,6,-3.3593152480125426,0.030308329351421425,1.6232917042462027,1.742724141650854,-3.216225713950266,0.14308953406227642
99,f1_strong_t1|f2_strong_t2|f5_null|f6_suppressor|f7_weak|f8_bigcoef,110011110,6,-2.0088646755218504,0.03440689851006934,2.973742276736895,3.201048311700317,-1.765882390628082,0.24298228489376839
99,f1_strong_t1|f2_strong_t2|f5_null|f6_suppressor|f7_weak|noise_0,110011101,6,-2.2624325758934023,0.033509620767544455,2.720174376365343,2.9254598520555377,-2.0421168247219508,0.22031575117145152
99,f1_strong_t1|f2_strong_t2|f5_null|f6_suppressor|f8_bigcoef|noise_0,110011011,6,-2.085934881877899,0.03434667177072352,2.896672070380846,3.11829109246153,-1.8501682388425047,0.2357666430353944
99,f1_strong_t1|f2_strong_t2|f5_null|f7_weak|f8_bigcoef|noise_0,110010111,6,-3.659648352432251,0.03188546611034495,1.322958599826494,1.4172309567830204,-3.528429519423795,0.13121883300845605
99,f1_strong_t1|f2_strong_t2|f6_suppressor|f7_weak|f8_bigcoef|noise_0,110001111,6,-2.0060794995307925,0.03399713153923047,2.976527452727953,3.201048311700317,-1.765882390628082,0.2401971089027104
99,f1_strong_t1|f3_dup_a|f4_dup_b|f5_null|f6_suppressor|f7_weak,101111100,6,-2.7685840217590334,0.03348807662978686,2.214022930499712,2.456431347877483,-2.543863855140388,0.22472016661864558
99,f1_strong_t1|f3_dup_a|f4_dup_b|f5_null|f6_suppressor|f8_bigcoef,101111010,6,-2.564769231891632,0.03325194311998705,2.417837720367113,2.6492625882834755,-2.3519152692609415,0.21285396263069067
99,f1_strong_t1|f3_dup_a|f4_dup_b|f5_null|f6_suppressor|noise_0,101111001,6,-2.8990502449989317,0.0339977577374272,2.0835567072598136,2.302688998003503,-2.688042878803397,0.21100736619553473
99,f1_strong_t1|f3_dup_a|f4_dup_b|f5_null|f7_weak|f8_bigcoef,101110110,6,-4.160716558742523,0.03227512914521131,0.8218903935162221,0.9482024526049658,-4.030176549842233,0.13054000890029016
99,f1_strong_t1|f3_dup_a|f4_dup_b|f5_null|f7_weak|noise_0,101110101,6,-4.414669530963898,0.031976940922319515,0.5679374212948476,0.6726139929601865,-4.306410983936101,0.10825854702779658
99,f1_strong_t1|f3_dup_a|f4_dup_b|f5_null|f8_bigcoef|noise_0,101110011,6,-4.23528154039383,0.0317317244673731,0.7473254118649155,0.8654452333661787,-4.114462398056656,0.12081914233717406
99,f1_strong_t1|f3_dup_a|f4_dup_b|f6_suppressor|f7_weak|f8_bigcoef,101101110,6,-2.48703907661438,0.03380923389990672,2.4955678756443653,2.732019807522262,-2.267629421046519,0.21940965556786107
99,f1_strong_t1|f3_dup_a|f4_dup_b|f6_suppressor|f7_weak|noise_0,101101101,6,-2.7419962916374208,0.03293455800810855,2.2406106606213245,2.456431347877483,-2.543863855140388,0.19813243649703294
99,f1_strong_t1|f3_dup_a|f4_dup_b|f6_suppressor|f8_bigcoef|noise_0,101101011,6,-2.5532315890312196,0.03291579162234154,2.4293753632275257,2.6492625882834755,-2.3519152692609415,0.20131631977027808
99,f1_strong_t1|f3_dup_a|f4_dup_b|f7_weak|f8_bigcoef|noise_0,101100111,6,-4.153568280220032,0.03223621410355866,0.8290386720387133,0.9482024526049658,-4.030176549842233,0.12339173037779894
99,f1_strong_t1|f3_dup_a|f5_null|f6_suppressor|f7_weak|f8_bigcoef,101011110,6,-2.504335832118988,0.03183234788958188,2.478271120139757,2.7218225403511003,-2.278256865155645,0.22607896696334295
99,f1_strong_t1|f3_dup_a|f5_null|f6_suppressor|f7_weak|noise_0,101011101,6,-2.780696477127075,0.03149786213100761,2.2019104751316703,2.446234080706321,-2.5544912992495132,0.22620517787756178
99,f1_strong_t1|f3_dup_a|f5_null|f6_suppressor|f8_bigcoef|noise_0,101011011,6,-2.5717664172172547,0.03170408265764931,2.4108405350414905,2.639065321112313,-2.362542713370068,0.20922370384718691
99,f1_strong_t1|f3_dup_a|f5_null|f7_weak|f8_bigcoef|noise_0,101010111,6,-4.159695719051361,0.0302217896437994,0.8229112332073845,0.938005185433804,-4.040803993951359,0.1188917251000019
99,f1_strong_t1|f3_dup_a|f6_suppressor|f7_weak|f8_bigcoef|noise_0,101001111,6,-2.495653932952881,0.03137489670559018,2.486953019305864,2.7218225403511003,-2.278256865155645,0.2173970677972359
99,f1_strong_t1|f4_dup_b|f5_null|f6_suppressor|f7_weak|f8_bigcoef,100111110,6,-2.512510195541382,0.03256900489167569,2.4700967567173633,2.7218225403511003,-2.2766126933964714,0.23589750214491056
99,f1_strong_t1|f4_dup_b|f5_null|f6_suppressor|f7_weak|noise_0,100111101,6,-2.7584078083992005,0.032077787258896914,2.2241991438595448,2.446234080706321,-2.55284712749034,0.2055606809088606
99,f1_strong_t1|f4_dup_b|f5_null|f6_suppressor|f8_bigcoef|noise_0,100111011,6,-2.566786618423462,0.0318682134792584,2.4158203338352835,2.639065321112313,-2.3608985416108945,0.20588807681256727
99,f1_strong_t1|f4_dup_b|f5_null|f7_weak|f8_bigcoef|noise_0,100110111,6,-4.151608854961395,0.03076034638793923,0.8309980972973499,0.938005185433804,-4.039159822192186,0.11244903276920937
99,f1_strong_t1|f4_dup_b|f6_suppressor|f7_weak|f8_bigcoef|noise_0,100101111,6,-2.5135297585487364,0.031936044044095994,2.469077193710009,2.7218225403511003,-2.2766126933964714,0.23691706515226496
99,f1_strong_t1|f5_null|f6_suppressor|f7_weak|f8_bigcoef|noise_0,100011111,6,-2.786501296234131,0.033405449880583575,2.1961056560246144,2.3963293554832665,-2.588816498870001,0.19768479736413003
99,f2_strong_t2|f3_dup_a|f4_dup_b|f5_null|f6_suppressor|f7_weak,11111100,6,-3.79555317363739,0.031190144200450565,1.187053778621355,1.2941517581300257,-3.660209718092013,0.1353434555453772
99,f2_strong_t2|f3_dup_a|f4_dup_b|f5_null|f6_suppressor|f8_bigcoef,11111010,6,-3.602460650634766,0.031174066813487892,1.3801463016239794,1.4869829985360181,-3.4682611322125676,0.13419951842219824
99,f2_strong_t2|f3_dup_a|f4_dup_b|f5_null|f6_suppressor|noise_0,11111001,6,-3.9293779242515563,0.03140057014647807,1.053229028007189,1.1404094082560454,-3.8043887417550226,0.12498918249653368
99,f2_strong_t2|f3_dup_a|f4_dup_b|f5_null|f7_weak|f8_bigcoef,11110110,6,-3.5143119795799254,0.030848560018973226,1.46829497267882,1.5697402177748048,-3.3839752839981445,0.13033669558178085
99,f2_strong_t2|f3_dup_a|f4_dup_b|f5_null|f7_weak|noise_0,11110101,6,-3.7831294176101684,0.030428692158549268,1.1994775346485769,1.2941517581300257,-3.660209718092013,0.1229196995181554
99,f2_strong_t2|f3_dup_a|f4_dup_b|f5_null|f8_bigcoef|noise_0,11110011,6,-3.5949319038391114,0.030387475541482092,1.3876750484196338,1.4869829985360181,-3.4682611322125676,0.12667077162654383
99,f2_strong_t2|f3_dup_a|f4_dup_b|f6_suppressor|f7_weak|f8_bigcoef,11101110,6,-3.534984056663513,0.0321270798753118,1.4476228955952322,1.5697402177748048,-3.3839752839981445,0.1510087726653686
99,f2_strong_t2|f3_dup_a|f4_dup_b|f6_suppressor|f7_weak|noise_0,11101101,6,-3.7894853680610656,0.031169507990436537,1.1931215841976797,1.2941517581300257,-3.660209718092013,0.1292756499690526
99,f2_strong_t2|f3_dup_a|f4_dup_b|f6_suppressor|f8_bigcoef|noise_0,11101011,6,-3.599273917102814,0.03120173627251464,1.3833330351559314,1.4869829985360181,-3.4682611322125676,0.13101278489024626
99,f2_strong_t2|f3_dup_a|f4_dup_b|f7_weak|f8_bigcoef|noise_0,11100111,6,-3.517124002838135,0.030915063789074482,1.4654829494206103,1.5697402177748048,-3.3839752839981445,0.13314871883999047
99,f2_strong_t2|f3_dup_a|f5_null|f6_suppressor|f7_weak|f8_bigcoef,11011110,6,-3.53929674949646,0.030199395231738584,1.4433102027622855,1.5595429506036433,-3.3946027281072713,0.14469402138918852
99,f2_strong_t2|f3_dup_a|f5_null|f6_suppressor|f7_weak|noise_0,11011101,6,-3.7946632304191588,0.029706681798238,1.1879437218395865,1.2839544909588643,-3.6708371622011393,0.12382606821801945
99,f2_strong_t2|f3_dup_a|f5_null|f6_suppressor|f8_bigcoef|noise_0,11011011,6,-3.6093378836631773,0.029994439835163256,1.373269068595568,1.4767857313648562,-3.478888576321694,0.1304493073414834
99,f2_strong_t2|f3_dup_a|f5_null|f7_weak|f8_bigcoef|noise_0,11010111,6,-3.5224546758651734,0.029297505967988635,1.460152276393572,1.5595429506036433,-3.3946027281072713,0.1278519477579021
99,f2_strong_t2|f3_dup_a|f6_suppressor|f7_weak|f8_bigcoef|noise_0,11001111,6,-3.5325978693962097,0.03026121783717482,1.4500090828625356,1.5595429506036433,-3.3946027281072713,0.13799514128893842
99,f2_strong_t2|f4_dup_b|f5_null|f6_suppressor|f7_weak|f8_bigcoef,10111110,6,-3.5290361766815184,0.030190257532884877,1.453570775577227,1.5595429506036433,-3.392958556348098,0.1360776203334204
99,f2_strong_t2|f4_dup_b|f5_null|f6_suppressor|f7_weak|noise_0,10111101,6,-3.7886548604011536,0.029601120085532347,1.1939520918575917,1.2839544909588643,-3.669192990441967,0.11946186995918673
99,f2_strong_t2|f4_dup_b|f5_null|f6_suppressor|f8_bigcoef|noise_0,10111011,6,-3.6031202300071716,0.029754620336431017,1.3794867222515736,1.4767857313648562,-3.4772444045625206,0.12587582544465103
99,f2_strong_t2|f4_dup_b|f5_null|f7_weak|f8_bigcoef|noise_0,10110111,6,-3.5223065563201903,0.029650723055923534,1.460300395938555,1.5595429506036433,-3.392958556348098,0.12934799997209234
99,f2_strong_t2|f4_dup_b|f6_suppressor|f7_weak|f8_bigcoef|noise_0,10101111,6,-3.5262955649375916,0.03017658452197583,1.4563113873211537,1.5595429506036433,-3.392958556348098,0.1333370085894936
99,f2_strong_t2|f5_null|f6_suppressor|f7_weak|f8_bigcoef|noise_0,10011111,6,-3.824588556289673,0.03199020342812688,1.1580183959690724,1.2340497657358096,-3.705162361821627,0.11942619446804592
99,f3_dup_a|f4_dup_b|f5_null|f6_suppressor|f7_weak|f8_bigcoef,1111110,6,-4.341387384319305,0.0325202419397382,0.6412195679394399,0.7650212615577549,-4.206909392240064,0.13447799207924138
99,f3_dup_a|f4_dup_b|f5_null|f6_suppressor|f7_weak|noise_0,1111101,6,-4.584645865631104,0.0318299715015626,0.3979610866276415,0.48943280191297556,-4.483143826333933,0.10150203929717083
99,f3_dup_a|f4_dup_b|f5_null|f6_suppressor|f8_bigcoef|noise_0,1111011,6,-4.405986438941955,0.03171205423476628,0.5766205133167901,0.682264042318968,-4.291195240454487,0.11479119848746855
99,f3_dup_a|f4_dup_b|f5_null|f7_weak|f8_bigcoef|noise_0,1110111,6,-4.312162805938721,0.03141012985262814,0.6704441463200244,0.7650212615577549,-4.206909392240064,0.10525341369865693
99,f3_dup_a|f4_dup_b|f6_suppressor|f7_weak|f8_bigcoef|noise_0,1101111,6,-4.33179279088974,0.032509681389979055,0.6508141613690057,0.7650212615577549,-4.206909392240064,0.12488339864967557
99,f3_dup_a|f5_null|f6_suppressor|f7_weak|f8_bigcoef|noise_0,1011111,6,-4.331900813579559,0.030525906474555074,0.6507061386791859,0.7548239943865932,-4.21753683634919,0.1143639772303695
99,f4_dup_b|f5_null|f6_suppressor|f7_weak|f8_bigcoef|noise_0,111111,6,-4.322068478679657,0.030566825077110078,0.6605384735790887,0.7548239943865932,-4.215892664590016,0.1061758140896405
99,f1_strong_t1|f2_strong_t2|f3_dup_a|f4_dup_b|f5_null|f6_suppressor|f7_weak,111111100,7,-1.9739243231773376,0.03328308689180206,3.0086826290814077,3.261150304094533,-1.7209297468984697,0.2529945762788679
99,f1_strong_t1|f2_strong_t2|f3_dup_a|f4_dup_b|f5_null|f6_suppressor|f8_bigcoef,111111010,7,-1.7746924180984498,0.03346481574399204,3.2079145341602953,3.4539815445005253,-1.5289811610190234,0.24571125707942643
99,f1_strong_t1|f2_strong_t2|f3_dup_a|f4_dup_b|f5_null|f6_suppressor|noise_0,111111001,7,-2.0951899231910707,0.0335562154278,2.8874170290676746,3.1074079542205526,-1.8651087705614784,0.23008115262959228
99,f1_strong_t1|f2_strong_t2|f3_dup_a|f4_dup_b|f5_null|f7_weak|f8_bigcoef,111110110,7,-3.3592136076927184,0.031975659741927995,1.623393344566027,1.752921408822016,-3.2072424416003145,0.1519711660924039
99,f1_strong_t1|f2_strong_t2|f3_dup_a|f4_dup_b|f5_null|f7_weak|noise_0,111110101,7,-3.62672518157959,0.031423513545472265,1.3558817706791553,1.477332949177237,-3.4834768756941825,0.1432483058854075
99,f1_strong_t1|f2_strong_t2|f3_dup_a|f4_dup_b|f5_null|f8_bigcoef|noise_0,111110011,7,-3.4367029565811156,0.03149394687226076,1.5459039956776297,1.6701641895832289,-3.291528289814737,0.14517466676637847
99,f1_strong_t1|f2_strong_t2|f3_dup_a|f4_dup_b|f6_suppressor|f7_weak|f8_bigcoef,111101110,7,-1.6927615957260131,0.03423845923520673,3.289845356532732,3.5367387637393115,-1.4446953128046012,0.24806628292141197
99,f1_strong_t1|f2_strong_t2|f3_dup_a|f4_dup_b|f6_suppressor|f7_weak|noise_0,111101101,7,-1.928511593914032,0.03299594615986332,3.0540953583447132,3.261150304094533,-1.7209297468984697,0.20758184701556237
99,f1_strong_t1|f2_strong_t2|f3_dup_a|f4_dup_b|f6_suppressor|f8_bigcoef|noise_0,111101011,7,-1.7634706647872924,0.03360977894326978,3.2191362874714526,3.4539815445005253,-1.5289811610190234,0.23448950376826905
99,f1_strong_t1|f2_strong_t2|f3_dup_a|f4_dup_b|f7_weak|f8_bigcoef|noise_0,111100111,7,-3.361347189426422,0.03194340082166892,1.6212597628323233,1.752921408822016,-3.2072424416003145,0.1541047478261075
99,f1_strong_t1|f2_strong_t2|f3_dup_a|f5_null|f6_suppressor|f7_weak|f8_bigcoef,111011110,7,-1.725805802822113,0.03269319599098453,3.2568011494366322,3.52654149656815,-1.4553227569137268,0.27048304590838623
99,f1_strong_t1|f2_strong_t2|f3_dup_a|f5_null|f6_suppressor|f7_weak|noise_0,111011101,7,-1.9784310674667358,0.031626598059555436,3.0041758847920095,3.2509530369233715,-1.7315571910075949,0.24687387645914094
99,f1_strong_t1|f2_strong_t2|f3_dup_a|f5_null|f6_suppressor|f8_bigcoef|noise_0,111011011,7,-1.7920423057556152,0.03238892376762209,3.1905646465031303,3.443784277329364,-1.539608605128149,0.2524337006274662
99,f1_strong_t1|f2_strong_t2|f3_dup_a|f5_null|f7_weak|f8_bigcoef|noise_0,111010111,7,-3.3697159757614137,0.030141907155108942,1.6128909764973316,1.742724141650854,-3.21786988570944,0.1518460900519738
99,f1_strong_t1|f2_strong_t2|f3_dup_a|f6_suppressor|f7_weak|f8_bigcoef|noise_0,111001111,7,-1.7121652332305908,0.032470325773560675,3.2704417190281543,3.52654149656815,-1.455322756913727,0.25684247631686374
99,f1_strong_t1|f2_strong_t2|f4_dup_b|f5_null|f6_suppressor|f7_weak|f8_bigcoef,110111110,7,-1.7139848777770996,0.03294478863325279,3.2686220744816454,3.52654149656815,-1.4536785851545533,0.26030629262254634
99,f1_strong_t1|f2_strong_t2|f4_dup_b|f5_null|f6_suppressor|f7_weak|noise_0,110111101,7,-1.9716504740715026,0.03223141183208977,3.010956478187243,3.2509530369233715,-1.7299130192484211,0.2417374548230815
99,f1_strong_t1|f2_strong_t2|f4_dup_b|f5_null|f6_suppressor|f8_bigcoef|noise_0,110111011,7,-1.7863160024642943,0.03253100032272514,3.196290949794451,3.443784277329364,-1.5379644333689753,0.24835156909531908
99,f1_strong_t1|f2_strong_t2|f4_dup_b|f5_null|f7_weak|f8_bigcoef|noise_0,110110111,7,-3.366730398273468,0.03064079140615908,1.6158765539852773,1.742724141650854,-3.216225713950266,0.15050468432320185
99,f1_strong_t1|f2_strong_t2|f4_dup_b|f6_suppressor|f7_weak|f8_bigcoef|noise_0,110101111,7,-1.7217065194129944,0.03265685787184974,3.2609004328457507,3.52654149656815,-1.4536785851545533,0.26802793425844107
99,f1_strong_t1|f2_strong_t2|f5_null|f6_suppressor|f7_weak|f8_bigcoef|noise_0,110011111,7,-2.0106835313796996,0.03444640239383316,2.9719234208790457,3.201048311700317,-1.765882390628082,0.24480114075161752
99,f1_strong_t1|f3_dup_a|f4_dup_b|f5_null|f6_suppressor|f7_weak|f8_bigcoef,101111110,7,-2.4943293529510497,0.03414377235869481,2.4882775993076955,2.732019807522262,-2.267629421046519,0.22669993190453086
99,f1_strong_t1|f3_dup_a|f4_dup_b|f5_null|f6_suppressor|f7_weak|noise_0,101111101,7,-2.764396370124817,0.03388048532808164,2.218210582133928,2.456431347877483,-2.543863855140388,0.22053251498442927
99,f1_strong_t1|f3_dup_a|f4_dup_b|f5_null|f6_suppressor|f8_bigcoef|noise_0,101111011,7,-2.5627202308654784,0.033597897416005086,2.419886721393267,2.6492625882834755,-2.3519152692609415,0.21080496160453688
99,f1_strong_t1|f3_dup_a|f4_dup_b|f5_null|f7_weak|f8_bigcoef|noise_0,101110111,7,-4.159410378074646,0.03244725301294995,0.8231965741840996,0.9482024526049658,-4.030176549842233,0.12923382823241258
99,f1_strong_t1|f3_dup_a|f4_dup_b|f6_suppressor|f7_weak|f8_bigcoef|noise_0,101101111,7,-2.489823346042633,0.03364257310551821,2.492783606216112,2.732019807522262,-2.267629421046519,0.22219392499611423
99,f1_strong_t1|f3_dup_a|f5_null|f6_suppressor|f7_weak|f8_bigcoef|noise_0,101011111,7,-2.498809654712677,0.03181465906099492,2.4837972975460683,2.7218225403511003,-2.278256865155645,0.22055278955703184
99,f1_strong_t1|f4_dup_b|f5_null|f6_suppressor|f7_weak|f8_bigcoef|noise_0,100111111,7,-2.5086674738883974,0.032645492808744535,2.473939478370348,2.7218225403511003,-2.2766126933964714,0.23205478049192596
99,f2_strong_t2|f3_dup_a|f4_dup_b|f5_null|f6_suppressor|f7_weak|f8_bigcoef,11111110,7,-3.535827749538422,0.03206419398312686,1.4467792027203235,1.5697402177748048,-3.3839752839981445,0.15185246554027731
99,f2_strong_t2|f3_dup_a|f4_dup_b|f5_null|f6_suppressor|f7_weak|noise_0,11111101,7,-3.7950879983901977,0.03147697259029278,1.1875189538685476,1.2941517581300257,-3.660209718092013,0.13487828029818472
99,f2_strong_t2|f3_dup_a|f4_dup_b|f5_null|f6_suppressor|f8_bigcoef|noise_0,11111011,7,-3.6049787749290467,0.03160335683731206,1.3776281773296986,1.4869829985360181,-3.4682611322125676,0.13671764271647913
99,f2_strong_t2|f3_dup_a|f4_dup_b|f5_null|f7_weak|f8_bigcoef|noise_0,11110111,7,-3.5221563199043273,0.031123503598327114,1.460450632354418,1.5697402177748048,-3.3839752839981445,0.1381810359061828
99,f2_strong_t2|f3_dup_a|f4_dup_b|f6_suppressor|f7_weak|f8_bigcoef|noise_0,11101111,7,-3.531298375320435,0.03219487498375324,1.4513085769383105,1.5697402177748048,-3.3839752839981445,0.14732309132229027
99,f2_strong_t2|f3_dup_a|f5_null|f6_suppressor|f7_weak|f8_bigcoef|noise_0,11011111,7,-3.540340821456909,0.030495498091652164,1.442266130801836,1.5595429506036433,-3.3946027281072713,0.14573809334963794
99,f2_strong_t2|f4_dup_b|f5_null|f6_suppressor|f7_weak|f8_bigcoef|noise_0,10111111,7,-3.5342445227622985,0.03056274106670171,1.4483624294964468,1.5595429506036433,-3.392958556348098,0.14128596641420055
99,f3_dup_a|f4_dup_b|f5_null|f6_suppressor|f7_weak|f8_bigcoef|noise_0,1111111,7,-4.333465937805176,0.032569615523222344,0.6491410144535692,0.7650212615577549,-4.206909392240064,0.1265565455651121
99,f1_strong_t1|f2_strong_t2|f3_dup_a|f4_dup_b|f5_null|f6_suppressor|f7_weak|f8_bigcoef,111111110,8,-1.6970923380851746,0.03435917520183171,3.2855146141735707,3.5367387637393115,-1.4446953128046012,0.2523970252805734
99,f1_strong_t1|f2_strong_t2|f3_dup_a|f4_dup_b|f5_null|f6_suppressor|f7_weak|noise_0,111111101,8,-1.9551876378059387,0.033351458456918316,3.0274193144528065,3.261150304094533,-1.7209297468984697,0.23425789090746907
99,f1_strong_t1|f2_strong_t2|f3_dup_a|f4_dup_b|f5_null|f6_suppressor|f8_bigcoef|noise_0,111111011,8,-1.766836297607422,0.03382836002398302,3.2157706546513234,3.4539815445005253,-1.5289811610190234,0.23785513658839852
99,f1_strong_t1|f2_strong_t2|f3_dup_a|f4_dup_b|f5_null|f7_weak|f8_bigcoef|noise_0,111110111,8,-3.3661491771697998,0.032158800758394605,1.6164577750889455,1.752921408822016,-3.2072424416003145,0.1589067355694853
99,f1_strong_t1|f2_strong_t2|f3_dup_a|f4_dup_b|f6_suppressor|f7_weak|f8_bigcoef|noise_0,111101111,8,-1.6955740752220154,0.034153307571272905,3.28703287703673,3.5367387637393115,-1.4446953128046012,0.25087876241741425
99,f1_strong_t1|f2_strong_t2|f3_dup_a|f5_null|f6_suppressor|f7_weak|f8_bigcoef|noise_0,111011111,8,-1.710856684398651,0.03240442532261953,3.271750267860094,3.52654149656815,-1.4553227569137268,0.2555339274849242
99,f1_strong_t1|f2_strong_t2|f4_dup_b|f5_null|f6_suppressor|f7_weak|f8_bigcoef|noise_0,110111111,8,-1.7279528044700623,0.033195400817114175,3.254654147788683,3.52654149656815,-1.4536785851545533,0.274274219315509
99,f1_strong_t1|f3_dup_a|f4_dup_b|f5_null|f6_suppressor|f7_weak|f8_bigcoef|noise_0,101111111,8,-2.489524537754059,0.03416543079346507,2.4930824145046864,2.732019807522262,-2.267629421046519,0.22189511670754003
99,f2_strong_t2|f3_dup_a|f4_dup_b|f5_null|f6_suppressor|f7_weak|f8_bigcoef|noise_0,11111111,8,-3.5358475578308104,0.03234021804303878,1.4467593944279349,1.5697402177748048,-3.3839752839981445,0.15187227383266588
99,f1_strong_t1|f2_strong_t2|f3_dup_a|f4_dup_b|f5_null|f6_suppressor|f7_weak|f8_bigcoef|noise_0,111111111,9,-1.6959721294403076,0.0343474503635087,3.2866348228184377,3.5367387637393115,-1.4446953128046012,0.25127681663570645
105,none,000000000,0,-4.974330793762207,0.029467759791165407,0.008276158496538066,0.0,-4.948509927820423,0.025820865941784454
105,f1_strong_t1,100000000,1,-4.820156810760498,0.03042876858821714,0.16245014149824755,0.18318119104721087,-4.771777085422592,0.04837972533790591
105,f2_strong_t2,010000000,1,-4.18396420416832,0.02949952007227845,0.7986427480904252,0.8047189562170504,-4.125575819578504,0.05838838458981588
105,f3_dup_a,001000000,1,-4.699227790927887,0.028061897269178182,0.28337916133085805,0.32549318486783363,-4.6379502941060675,0.06127749682181971
105,f4_dup_b,000100000,1,-4.70191505651474,0.02846012100758558,0.2806918957440052,0.32549318486783363,-4.636306122346894,0.0656089341678463
105,f5_null,000010000,1,-4.982783758068085,0.03012661989338248,-0.000176805809339875,0.0,-4.948509927820423,0.034273830247662396
105,f6_suppressor,000001000,1,-4.982866993141174,0.02996353748600068,-0.00026004088242892465,0.0,-4.948509927820423,0.034357065320751445
105,f7_weak,000000100,1,-4.844278839015961,0.02932208784532264,0.1383281132427845,0.15374234987398028,-4.804330904157414,0.03994793485854675
105,f8_bigcoef,000000010,1,-4.65707683506012,0.029523544419781892,0.32553011719862557,0.3465735902799726,-4.612382318277969,0.044694516782151084
105,noise_0,000000001,1,-4.978972623062134,0.02974547749962131,0.003634329196611219,0.0,-4.948509927820423,0.0304626952417113
105,f1_strong_t1|f2_strong_t2,110000000,2,-4.039199968719482,0.030196087756568218,0.9434069835392629,0.9879001472642611,-3.948842977180674,0.09035699153880827
105,f1_strong_t1|f3_dup_a,101000000,2,-4.540650235462189,0.02908724323941415,0.44195671679655657,0.5086743759150446,-4.4612174517082375,0.07943278375395124
105,f1_strong_t1|f4_dup_b,100100000,2,-4.543984669971466,0.029064878038617667,0.4386222822872794,0.5086743759150446,-4.459573279949064,0.08441139002240217
105,f1_strong_t1|f5_null,100010000,2,-4.832149020671844,0.030765699297281953,0.15045793158690124,0.18318119104721087,-4.771777085422592,0.06037193524925222
105,f1_strong_t1|f6_suppressor,100001000,2,-3.1662178834438324,0.03278563102332027,1.816389068814913,1.9669985459645072,-3.009229956626878,0.15698792681695428
105,f1_strong_t1|f7_weak,100000100,2,-4.691411824607849,0.030729530999696143,0.29119512765089617,0.33692354092119114,-4.627598061759583,0.06381376284826601
105,f1_strong_t1|f8_bigcoef,100000010,2,-4.503731603431702,0.030252629895358568,0.4788753488270432,0.5297547813271836,-4.435649475880138,0.0680821275515644
105,f1_strong_t1|noise_0,100000001,2,-4.826614745998382,0.030466025088231537,0.15599220626036292,0.18318119104721087,-4.771777085422592,0.05483766057579054
105,f2_strong_t2|f3_dup_a,011000000,2,-3.902346922445297,0.02829004959330791,1.0802600298134482,1.130212141084884,-3.8150161858641485,0.08733073658114865
105,f2_strong_t2|f4_dup_b,010100000,2,-3.905982369661331,0.027817202583040476,1.0766245825974141,1.130212141084884,-3.813372014104975,0.092610355556356
105,f2_strong_t2|f5_null,010010000,2,-4.190410725021362,0.030094571427532562,0.7921962272373833,0.8047189562170504,-4.125575819578504,0.06483490544285786
105,f2_strong_t2|f6_suppressor,010001000,2,-4.201494284629822,0.029996341366683842,0.7811126676289231,0.8047189562170504,-4.125575819578504,0.07591846505131805
105,f2_strong_t2|f7_weak,010000100,2,-4.050374759483337,0.029653315920938422,0.932232192775408,0.9584613060910306,-3.981396795915495,0.06897796356784225
105,f2_strong_t2|f8_bigcoef,010000010,2,-3.858923940038681,0.029467135341991257,1.1236830122200643,1.151292546497023,-3.7894482100360496,0.06947573000263141
105,f2_strong_t2|noise_0,010000001,2,-4.182345358943939,0.029519880760349403,0.8002615933148061,0.8047189562170504,-4.125575819578504,0.05676953936543505
105,f3_dup_a|f4_dup_b,001100000,2,-4.704882040023803,0.03027133663570891,0.2777249122349419,0.3356904520389953,-4.6273228499969425,0.07755919002686085
105,f3_dup_a|f5_null,001010000,2,-4.704492309474945,0.028716450615050834,0.27811464278379994,0.32549318486783363,-4.6379502941060675,0.06654201536887783
105,f3_dup_a|f6_suppressor,001001000,2,-4.704214422512054,0.02851855738337204,0.27839252974669115,0.32549318486783363,-4.6379502941060675,0.06626412840598661
105,f3_dup_a|f7_weak,001000100,2,-4.5716156452178955,0.027927894002904904,0.41099130704084974,0.4792355347418139,-4.493771270443058,0.07784437477483763
105,f3_dup_a|f8_bigcoef,001000010,2,-4.373695545291901,0.02799411160384634,0.6089114069668442,0.6720667751478063,-4.3018226845636125,0.07187286072828858
105,f3_dup_a|noise_0,001000001,2,-4.701696957015991,0.028369930463111283,0.2809099952427543,0.32549318486783363,-4.6379502941060675,0.06374666290992348
105,f4_dup_b|f5_null,000110000,2,-4.707446531105042,0.028980429135362015,0.27516042115370354,0.32549318486783363,-4.636306122346894,0.07114040875814798
105,f4_dup_b|f6_suppressor,000101000,2,-4.700534931373596,0.028759803278588472,0.28207202088514904,0.32549318486783363,-4.636306122346894,0.06422880902670247
105,f4_dup_b|f7_weak,000100100,2,-4.573605279541016,0.028296449757628805,0.40900167271772947,0.4792355347418139,-4.492127098683885,0.08147818085713077
105,f4_dup_b|f8_bigcoef,000100010,2,-4.3784255443573,0.028233243908925634,0.6041814079014456,0.6720667751478063,-4.300178512804439,0.07824703155286095
105,f4_dup_b|noise_0,000100001,2,-4.7008966533660885,0.028492033932441707,0.28171029889265675,0.32549318486783363,-4.636306122346894,0.06459053101919476
105,f5_null|f6_suppressor,000011000,2,-4.995499073028564,0.0304471634789515,-0.012892120769818938,0.0,-4.948509927820423,0.04698914520814146
105,f5_null|f7_weak,000010100,2,-4.8508181455612185,0.029981810102250227,0.1317888066975268,0.15374234987398028,-4.804330904157414,0.04648724140380445
105,f5_null|f8_bigcoef,000010010,2,-4.665508996295929,0.03027557929802991,0.317097955962816,0.3465735902799726,-4.612382318277969,0.05312667801796067
105,f5_null|noise_0,000010001,2,-4.984991801834107,0.030481758493019963,-0.0023848495753613363,0.0,-4.948509927820423,0.03648187401368386
105,f6_suppressor|f7_weak,000001100,2,-4.8498008671760555,0.030127904050898185,0.13280608508268976,0.15374234987398028,-4.804330904157414,0.04546996301864148
105,f6_suppressor|f8_bigcoef,000001010,2,-4.665354725456238,0.029955783509197628,0.3172522268025073,0.3465735902799726,-4.612382318277969,0.05297240717826934
105,f6_suppressor|noise_0,000001001,2,-4.992265969371796,0.02989717979070039,-0.009659017113050616,0.0,-4.948509927820423,0.04375604155137314
105,f7_weak|f8_bigcoef,000000110,2,-4.587630148792267,0.03027812588041136,0.394976803466478,0.42933080951875946,-4.528096470063545,0.05953367872872217
105,f7_weak|noise_0,000000101,2,-4.849115003013611,0.029575602104613154,0.1334919492451343,0.15374234987398028,-4.804330904157414,0.04478409885619694
105,f8_bigcoef|noise_0,000000011,2,-4.6602884243011475,0.029785762737802878,0.32231852795759774,0.3465735902799726,-4.612382318277969,0.04790610602317891
105,f1_strong_t1|f2_strong_t2|f3_dup_a,111000000,3,-3.7515218222618105,0.02885909737247768,1.2310851299969348,1.3133933321320947,-3.6382833434663175,0.11323847879549298
105,f1_strong_t1|f2_strong_t2|f4_dup_b,110100000,3,-3.7551101152420046,0.02811416320419405,1.2274968370167407,1.3133933321320947,-3.6366391717071442,0.11847094353486032
105,f1_strong_t1|f2_strong_t2|f5_null,110010000,3,-4.046480357360839,0.030314540174311698,0.9361265948979058,0.9879001472642611,-3.948842977180674,0.09763738018016532
105,f1_strong_t1|f2_strong_t2|f6_suppressor,110001000,3,-2.3809482535362245,0.0331718409509549,2.6016586987225208,2.7717175021815574,-2.1862958483849595,0.19465240515126503
105,f1_strong_t1|f2_strong_t2|f7_weak,110000100,3,-3.9068344922542573,0.030672869217023935,1.075772460004488,1.1416424971382413,-3.804663953517664,0.10217053873659321
105,f1_strong_t1|f2_strong_t2|f8_bigcoef,110000010,3,-3.7110369947433473,0.029750900914785605,1.271569957515398,1.3344737375442337,-3.6127153676382178,0.09832162710512948
105,f1_strong_t1|f2_strong_t2|noise_0,110000001,3,-4.03746307439804,0.03006578374561822,0.9451438778607049,0.9879001472642611,-3.948842977180674,0.0886200972173663
105,f1_strong_t1|f3_dup_a|f4_dup_b,101100000,3,-4.550580575370788,0.03126492449106832,0.43202637688795686,0.5188716430862063,-4.45059000759911,0.09999056777167858
105,f1_strong_t1|f3_dup_a|f5_null,101010000,3,-4.547988820171356,0.029444632487511658,0.4346181320873894,0.5086743759150446,-4.4612174517082375,0.08677136846311839
105,f1_strong_t1|f3_dup_a|f6_suppressor,101001000,3,-2.893999815416336,0.030758246416311717,2.088607136842409,2.292491730832341,-2.6986703229125224,0.19532949250381382
105,f1_strong_t1|f3_dup_a|f7_weak,101000100,3,-4.411697505712509,0.02920139109719333,0.5709094465462359,0.6624167257890249,-4.317038428045227,0.09465907766728243
105,f1_strong_t1|f3_dup_a|f8_bigcoef,101000010,3,-4.22084322142601,0.028578380634310733,0.761763730832735,0.8552479661950173,-4.125089842165781,0.09575337926022964
105,f1_strong_t1|f3_dup_a|noise_0,101000001,3,-4.547700561714173,0.02923973315015092,0.4349063905445725,0.5086743759150446,-4.4612174517082375,0.08648311000593534
105,f1_strong_t1|f4_dup_b|f5_null,100110000,3,-4.550675943946838,0.029411854284559093,0.4319310083119072,0.5086743759150446,-4.459573279949064,0.09110266399777434
105,f1_strong_t1|f4_dup_b|f6_suppressor,100101000,3,-2.8955983264923097,0.03140065308937861,2.0870086257664355,2.292491730832341,-2.697026151153349,0.19857217533896065
105,f1_strong_t1|f4_dup_b|f7_weak,100100100,3,-4.415209807682038,0.0291676247082898,0.5673971445767076,0.6624167257890249,-4.315394256286054,0.09981555139598353
105,f1_strong_t1|f4_dup_b|f8_bigcoef,100100010,3,-4.2204579158782956,0.028684777991123157,0.7621490363804497,0.8552479661950173,-4.123445670406608,0.09701224547168774
105,f1_strong_t1|f4_dup_b|noise_0,100100001,3,-4.546878099918366,0.029205194021105215,0.4357288523403797,0.5086743759150446,-4.459573279949064,0.08730481996930184
105,f1_strong_t1|f5_null|f6_suppressor,100011000,3,-3.180391940689087,0.0336299489538973,1.8022150115696585,1.9669985459645072,-3.009229956626878,0.17116198406220873
105,f1_strong_t1|f5_null|f7_weak,100010100,3,-4.700586483287811,0.031017954312957854,0.28202046897093425,0.33692354092119114,-4.627598061759583,0.07298842152822793
105,f1_strong_t1|f5_null|f8_bigcoef,100010010,3,-4.515487125587463,0.03079736764284626,0.46711982667128193,0.5297547813271836,-4.435649475880138,0.07983764970732565
105,f1_strong_t1|f5_null|noise_0,100010001,3,-4.836181336402893,0.031025278295113447,0.14642561585585234,0.18318119104721087,-4.771777085422592,0.06440425098030111
105,f1_strong_t1|f6_suppressor|f7_weak,100001100,3,-3.0421415858268737,0.03317001072901332,1.9404653664318716,2.1207408958384875,-2.865050932963869,0.17709065286300474
105,f1_strong_t1|f6_suppressor|f8_bigcoef,100001010,3,-2.8440167477607727,0.033161749060002174,2.1385902044979725,2.3135721362444794,-2.6731023470844235,0.17091440067634922
105,f1_strong_t1|f6_suppressor|noise_0,100001001,3,-3.173316178560257,0.032920163275375315,1.8092907736984882,1.9669985459645072,-3.009229956626878,0.16408622193337896
105,f1_strong_t1|f7_weak|f8_bigcoef,100000110,3,-4.439768498420715,0.031229799189225832,0.54283845383803,0.6125120005659704,-4.351363627665714,0.08840487075500114
105,f1_strong_t1|f7_weak|noise_0,100000101,3,-4.697860213184357,0.030585194049303453,0.2847467390743885,0.33692354092119114,-4.627598061759583,0.07026215142477366
105,f1_strong_t1|f8_bigcoef|noise_0,100000011,3,-4.510717802333832,0.03028379514672928,0.4718891499249134,0.5297547813271836,-4.435649475880138,0.07506832645369421
105,f2_strong_t2|f3_dup_a|f4_dup_b,011100000,3,-3.9110980001449587,0.030065474825409343,1.0715089521137866,1.1404094082560454,-3.8043887417550226,0.10670925838993606
105,f2_strong_t2|f3_dup_a|f5_null,011010000,3,-3.9106989324092867,0.02877405278375858,1.0719080198494586,1.130212141084884,-3.8150161858641485,0.0956827465451382
105,f2_strong_t2|f3_dup_a|f6_suppressor,011001000,3,-3.91774549536705,0.0286629756581338,1.0648614568916952,1.130212141084884,-3.8150161858641485,0.1027293095029016
105,f2_strong_t2|f3_dup_a|f7_weak,011000100,3,-3.774536089515686,0.028313956725754014,1.2080708627430594,1.2839544909588643,-3.6708371622011393,0.10369892731454655
105,f2_strong_t2|f3_dup_a|f8_bigcoef,011000010,3,-3.5725741425037385,0.028001825924938658,1.4100328097550068,1.4767857313648562,-3.478888576321694,0.0936855661820446
105,f2_strong_t2|f3_dup_a|noise_0,011000001,3,-3.9017565270900727,0.028307818814780464,1.0808504251686726,1.130212141084884,-3.8150161858641485,0.08674034122592422
105,f2_strong_t2|f4_dup_b|f5_null,010110000,3,-3.912097296047211,0.028292172945047087,1.0705096562115344,1.130212141084884,-3.813372014104975,0.09872528194223573
105,f2_strong_t2|f4_dup_b|f6_suppressor,010101000,3,-3.9151375690460206,0.02818297609821245,1.0674693832127247,1.130212141084884,-3.813372014104975,0.10176555494104544
105,f2_strong_t2|f4_dup_b|f7_weak,010100100,3,-3.776606478309631,0.027969492086900753,1.2060004739491141,1.2839544909588643,-3.669192990441967,0.10741348786766425
105,f2_strong_t2|f4_dup_b|f8_bigcoef,010100010,3,-3.5792044236660003,0.02755282344738763,1.403402528592745,1.4767857313648562,-3.4772444045625206,0.10196001910347974
105,f2_strong_t2|f4_dup_b|noise_0,010100001,3,-3.9035554354190825,0.027769976015417773,1.0790515168396628,1.130212141084884,-3.813372014104975,0.09018342131410728
105,f2_strong_t2|f5_null|f6_suppressor,010011000,3,-4.213667367172241,0.030313873331550698,0.7689395850865042,0.8047189562170504,-4.125575819578504,0.08809154759373694
105,f2_strong_t2|f5_null|f7_weak,010010100,3,-4.057480208587647,0.03015719420367548,0.9251267436710986,0.9584613060910306,-3.981396795915495,0.07608341267215168
105,f2_strong_t2|f5_null|f8_bigcoef,010010010,3,-3.8641040144443513,0.03009964480331849,1.118502937814394,1.151292546497023,-3.7894482100360496,0.07465580440830166
105,f2_strong_t2|f5_null|noise_0,010010001,3,-4.1901553866863255,0.030120963170519786,0.7924515655724198,0.8047189562170504,-4.125575819578504,0.06457956710782131
105,f2_strong_t2|f6_suppressor|f7_weak,010001100,3,-4.065300057029724,0.030329266929223987,0.9173068952290215,0.9584613060910306,-3.981396795915495,0.08390326111422874
105,f2_strong_t2|f6_suppressor|f8_bigcoef,010001010,3,-3.8787296762943266,0.02981368858881702,1.1038772759644186,1.151292546497023,-3.7894482100360496,0.08928146625827704
105,f2_strong_t2|f6_suppressor|noise_0,010001001,3,-4.203382029724121,0.02986415079340327,0.7792249225346239,0.8047189562170504,-4.125575819578504,0.07780621014561717
105,f2_strong_t2|f7_weak|f8_bigcoef,010000110,3,-3.785765107345581,0.030494341543181903,1.1968418449131644,1.2340497657358096,-3.705162361821627,0.08060274552395397
105,f2_strong_t2|f7_weak|noise_0,010000101,3,-4.0497157579422,0.029593446705023688,0.9328911943165457,0.9584613060910306,-3.981396795915495,0.06831896202670462
105,f2_strong_t2|f8_bigcoef|noise_0,010000011,3,-3.8597069907665253,0.029501381987925904,1.12289996149222,1.151292546497023,-3.7894482100360496,0.07025878073047576
105,f3_dup_a|f4_dup_b|f5_null,001110000,3,-4.710929094314575,0.030896282527881215,0.2716778579441703,0.3356904520389953,-4.6273228499969425,0.08360624431763242
105,f3_dup_a|f4_dup_b|f6_suppressor,001101000,3,-4.717606578540802,0.03140985555694276,0.2650003737179434,0.3356904520389953,-4.6273228499969425,0.09028372854385935
105,f3_dup_a|f4_dup_b|f7_weak,001100100,3,-4.570437502765656,0.030068878578673918,0.4121694494930894,0.48943280191297556,-4.483143826333933,0.08729367643172292
105,f3_dup_a|f4_dup_b|f8_bigcoef,001100010,3,-4.371907884311676,0.02999035103968749,0.6106990679470696,0.682264042318968,-4.291195240454487,0.08071264385718901
105,f3_dup_a|f4_dup_b|noise_0,001100001,3,-4.705705861377716,0.030372962736046866,0.27690109088102943,0.3356904520389953,-4.6273228499969425,0.0783830113807733
105,f3_dup_a|f5_null|f6_suppressor,001011000,3,-4.711822154998779,0.029110682944481093,0.2707847972599664,0.32549318486783363,-4.6379502941060675,0.07387186089271136
105,f3_dup_a|f5_null|f7_weak,001010100,3,-4.577760857486725,0.028521273208062255,0.4048460947720205,0.4792355347418139,-4.493771270443058,0.08398958704366688
105,f3_dup_a|f5_null|f8_bigcoef,001010010,3,-4.382514272880554,0.02869070551988482,0.6000926793781911,0.6720667751478063,-4.3018226845636125,0.08069158831694168
105,f3_dup_a|f5_null|noise_0,001010001,3,-4.705360910797119,0.029121176150100042,0.277246041461626,0.32549318486783363,-4.6379502941060675,0.06741061669105175
105,f3_dup_a|f6_suppressor|f7_weak,001001100,3,-4.571706004524231,0.028622510834491587,0.4109009477345147,0.4792355347418139,-4.493771270443058,0.07793473408117269
105,f3_dup_a|f6_suppressor|f8_bigcoef,001001010,3,-4.381415698242187,0.028231064295473448,0.601191254016558,0.6720667751478063,-4.3018226845636125,0.07959301367857474
105,f3_dup_a|f6_suppressor|noise_0,001001001,3,-4.71231669921875,0.028557984417680638,0.2702902530399953,0.32549318486783363,-4.6379502941060675,0.07436640511268244
105,f3_dup_a|f7_weak|f8_bigcoef,001000110,3,-4.308072958183288,0.028800996634642105,0.6745339940754569,0.7548239943865932,-4.21753683634919,0.09053612183409854
105,f3_dup_a|f7_weak|noise_0,001000101,3,-4.57241926870346,0.028166607000472944,0.4101876835552849,0.4792355347418139,-4.493771270443058,0.07864799826040247
105,f3_dup_a|f8_bigcoef|noise_0,001000011,3,-4.375094999027252,0.028169360369798616,0.6075119532314934,0.6720667751478063,-4.3018226845636125,0.07327231446363935
105,f4_dup_b|f5_null|f6_suppressor,000111000,3,-4.710927874946594,0.029176139565943643,0.27167907731215113,0.32549318486783363,-4.636306122346894,0.07462175259970039
105,f4_dup_b|f5_null|f7_weak,000110100,3,-4.57843432598114,0.02879579502393497,0.40417262627760486,0.4792355347418139,-4.492127098683885,0.08630722729725537
105,f4_dup_b|f5_null|f8_bigcoef,000110010,3,-4.384217096328736,0.028777725604151597,0.5983898559300096,0.6720667751478063,-4.300178512804439,0.08403858352429694
105,f4_dup_b|f5_null|noise_0,000110001,3,-4.7039826004981995,0.02912956173824041,0.2786243517605458,0.32549318486783363,-4.636306122346894,0.06767647815130573
105,f4_dup_b|f6_suppressor|f7_weak,000101100,3,-4.570749628734589,0.028861207028051495,0.41185732352415627,0.4792355347418139,-4.492127098683885,0.07862253005070396
105,f4_dup_b|f6_suppressor|f8_bigcoef,000101010,3,-4.380408659362793,0.02862829594879821,0.6021982928959524,0.6720667751478063,-4.300178512804439,0.08023014655835414
105,f4_dup_b|f6_suppressor|noise_0,000101001,3,-4.702713662624359,0.028662304678447853,0.2798932896343862,0.32549318486783363,-4.636306122346894,0.06640754027746532
105,f4_dup_b|f7_weak|f8_bigcoef,000100110,3,-4.3150870185852055,0.02913244353613917,0.6675199336735398,0.7548239943865932,-4.215892664590016,0.09919435399518939
105,f4_dup_b|f7_weak|noise_0,000100101,3,-4.574321448421478,0.028368916238444116,0.40828550383726725,0.4792355347418139,-4.492127098683885,0.08219434973759299
105,f4_dup_b|f8_bigcoef|noise_0,000100011,3,-4.379430555438995,0.02837884476482653,0.6031763968197499,0.6720667751478063,-4.300178512804439,0.07925204263455665
105,f5_null|f6_suppressor|f7_weak,000011100,3,-4.862345792579651,0.03048236742682361,0.12026115967909412,0.15374234987398028,-4.804330904157414,0.05801488842223712
105,f5_null|f6_suppressor|f8_bigcoef,000011010,3,-4.67530906419754,0.030489116624591014,0.30729788806120517,0.3465735902799726,-4.612382318277969,0.06292674591957148
105,f5_null|f6_suppressor|noise_0,000011001,3,-5.000509983348846,0.030648740205903538,-0.01790303109010072,0.0,-4.948509927820423,0.05200005552842324
105,f5_null|f7_weak|f8_bigcoef,000010110,3,-4.594857379722595,0.030945647437753156,0.3877495725361504,0.42933080951875946,-4.528096470063545,0.0667609096590498
105,f5_null|f7_weak|noise_0,000010101,3,-4.853551925182343,0.03029567760077489,0.1290550270764026,0.15374234987398028,-4.804330904157414,0.049221021024928646
105,f5_null|f8_bigcoef|noise_0,000010011,3,-4.667756474590301,0.03058471046768686,0.3148504776684442,0.3465735902799726,-4.612382318277969,0.055374156312332445
105,f6_suppressor|f7_weak|f8_bigcoef,000001110,3,-4.595771687984467,0.030871023028676264,0.3868352642742785,0.42933080951875946,-4.528096470063545,0.06767521792092168
105,f6_suppressor|f7_weak|noise_0,000001101,3,-4.8581612127304075,0.030033243950778696,0.12444573952833782,0.15374234987398028,-4.804330904157414,0.053830308572993424
105,f6_suppressor|f8_bigcoef|noise_0,000001011,3,-4.670388884830475,0.02991409723758928,0.31221806742827063,0.3465735902799726,-4.612382318277969,0.05800656655250602
105,f7_weak|f8_bigcoef|noise_0,000000111,3,-4.588630955982208,0.030489160611885356,0.393975996276537,0.42933080951875946,-4.528096470063545,0.06053448591866317
105,f1_strong_t1|f2_strong_t2|f3_dup_a|f4_dup_b,111100000,4,-3.7555104360580445,0.03054630811780912,1.2270965162007008,1.3235905993032566,-3.6276558993571917,0.12785453670085278
105,f1_strong_t1|f2_strong_t2|f3_dup_a|f5_null,111010000,4,-3.7596189958572386,0.029053825761338657,1.2229879564015067,1.3133933321320947,-3.6382833434663175,0.12133565239092103
105,f1_strong_t1|f2_strong_t2|f3_dup_a|f6_suppressor,111001000,4,-2.0995490871429445,0.03119398858106134,2.8830578651158008,3.097210687049391,-1.875736214670604,0.2238128724723405
105,f1_strong_t1|f2_strong_t2|f3_dup_a|f7_weak,111000100,4,-3.6220828400611875,0.02922742985901794,1.3605241121975578,1.467135682006075,-3.4941043198033093,0.12797852025787826
105,f1_strong_t1|f2_strong_t2|f3_dup_a|f8_bigcoef,111000010,4,-3.4241427535533906,0.02814401512829172,1.5584641987053547,1.6599669224120674,-3.302155733923863,0.12198701962952763
105,f1_strong_t1|f2_strong_t2|f3_dup_a|noise_0,111000001,4,-3.7520332476139067,0.0288213514501412,1.2305737046448386,1.3133933321320947,-3.6382833434663175,0.11374990414758912
105,f1_strong_t1|f2_strong_t2|f4_dup_b|f5_null,110110000,4,-3.7636693446159364,0.028341802668358004,1.218937607642809,1.3133933321320947,-3.6366391717071442,0.12703017290879215
105,f1_strong_t1|f2_strong_t2|f4_dup_b|f6_suppressor,110101000,4,-2.0920770188331606,0.03081597398763849,2.8905299334255847,3.097210687049391,-1.8740920429114303,0.21798497592173027
105,f1_strong_t1|f2_strong_t2|f4_dup_b|f7_weak,110100100,4,-3.6234799432754516,0.02845999862784571,1.3591270089832936,1.467135682006075,-3.492460148044135,0.13101979523131657
105,f1_strong_t1|f2_strong_t2|f4_dup_b|f8_bigcoef,110100010,4,-3.4240526710510255,0.027548942840678853,1.5585542812077198,1.6599669224120674,-3.3005115621646897,0.12354110888633585
105,f1_strong_t1|f2_strong_t2|f4_dup_b|noise_0,110100001,4,-3.75368622136116,0.028131131032463855,1.2289207308975851,1.3133933321320947,-3.6366391717071442,0.11704704965401591
105,f1_strong_t1|f2_strong_t2|f5_null|f6_suppressor,110011000,4,-2.3968441076278686,0.03352778891621459,2.5857628446308767,2.7717175021815574,-2.1862958483849595,0.2105482592429091
105,f1_strong_t1|f2_strong_t2|f5_null|f7_weak,110010100,4,-3.9116178970336914,0.030691404571846916,1.0709890552250538,1.1416424971382413,-3.804663953517664,0.10695394351602738
105,f1_strong_t1|f2_strong_t2|f5_null|f8_bigcoef,110010010,4,-3.716181035709381,0.030098626636938745,1.2664259165493643,1.3344737375442337,-3.6127153676382178,0.1034656680711632
105,f1_strong_t1|f2_strong_t2|f5_null|noise_0,110010001,4,-4.04586673951149,0.030379998050178134,0.9367402127472557,0.9879001472642611,-3.948842977180674,0.09702376233081544
105,f1_strong_t1|f2_strong_t2|f6_suppressor|f7_weak,110001100,4,-2.270667592906952,0.0340490762808244,2.7119393593517933,2.9254598520555377,-2.0421168247219508,0.2285507681850012
105,f1_strong_t1|f2_strong_t2|f6_suppressor|f8_bigcoef,110001010,4,-2.0594510796546937,0.033599531760727025,2.9231558726040516,3.11829109246153,-1.8501682388425047,0.20928284081218895
105,f1_strong_t1|f2_strong_t2|f6_suppressor|noise_0,110001001,4,-2.3745431480407713,0.03304839054257541,2.608063804217974,2.7717175021815574,-2.1862958483849595,0.18824729965581177
105,f1_strong_t1|f2_strong_t2|f7_weak|f8_bigcoef,110000110,4,-3.643411445140839,0.031003043382865816,1.3391955071179065,1.4172309567830204,-3.528429519423795,0.11498192571704369
105,f1_strong_t1|f2_strong_t2|f7_weak|noise_0,110000101,4,-3.9049697366714478,0.03046888659471515,1.0776372155872975,1.1416424971382413,-3.804663953517664,0.10030578315378369
105,f1_strong_t1|f2_strong_t2|f8_bigcoef|noise_0,110000011,4,-3.7132408212661745,0.029715534847295076,1.2693661309925708,1.3344737375442337,-3.6127153676382178,0.10052545362795673
105,f1_strong_t1|f3_dup_a|f4_dup_b|f5_null,101110000,4,-4.553339187717437,0.03160205846721129,0.4292677645413079,0.5188716430862063,-4.450590007599112,0.10274918011832579
105,f1_strong_t1|f3_dup_a|f4_dup_b|f6_suppressor,101101000,4,-2.8902617403030395,0.03343133813373339,2.0923452119557058,2.302688998003503,-2.688042878803397,0.20221886149964252
105,f1_strong_t1|f3_dup_a|f4_dup_b|f7_weak,101100100,4,-4.413657681226731,0.031213732536564242,0.5689492710320145,0.6726139929601865,-4.306410983936101,0.10724669729062963
105,f1_strong_t1|f3_dup_a|f4_dup_b|f8_bigcoef,101100010,4,-4.2211321264266966,0.030659290115916994,0.7614748258320487,0.8654452333661787,-4.114462398056656,0.10666972837004085
105,f1_strong_t1|f3_dup_a|f4_dup_b|noise_0,101100001,4,-4.551583080673217,0.03130840296057245,0.4310238715855279,0.5188716430862063,-4.45059000759911,0.10099307307410754
105,f1_strong_t1|f3_dup_a|f5_null|f6_suppressor,101011000,4,-2.9003264390945436,0.03191050046096149,2.0822805131642017,2.292491730832341,-2.6986703229125224,0.20165611618202117
105,f1_strong_t1|f3_dup_a|f5_null|f7_weak,101010100,4,-4.419303835868836,0.029522161960607304,0.5633031163899096,0.6624167257890249,-4.317038428045227,0.10226540782360871
105,f1_strong_t1|f3_dup_a|f5_null|f8_bigcoef,101010010,4,-4.2288841594696045,0.02908709162365852,0.7537227927891408,0.8552479661950173,-4.125089842165781,0.10379431730382382
105,f1_strong_t1|f3_dup_a|f5_null|noise_0,101010001,4,-4.553167260837555,0.029693284271965433,0.42943969142119,0.5086743759150446,-4.4612174517082375,0.09194980912931783
105,f1_strong_t1|f3_dup_a|f6_suppressor|f7_weak,101001100,4,-2.7645087016105654,0.03109821048713706,2.21809825064818,2.446234080706321,-2.5544912992495132,0.21001740236105215
105,f1_strong_t1|f3_dup_a|f6_suppressor|f8_bigcoef,101001010,4,-2.5596301243782045,0.03092998568840591,2.422976827880541,2.639065321112313,-2.362542713370068,0.19708741100813665
105,f1_strong_t1|f3_dup_a|f6_suppressor|noise_0,101001001,4,-2.8968104944229127,0.031218422509377775,2.0857964578358326,2.292491730832341,-2.6986703229125224,0.19814017151039032
105,f1_strong_t1|f3_dup_a|f7_weak|f8_bigcoef,101000110,4,-4.155637864542007,0.029534719308152477,0.8269690877167379,0.938005185433804,-4.040803993951359,0.11483387059064842
105,f1_strong_t1|f3_dup_a|f7_weak|noise_0,101000101,4,-4.418684834003448,0.029204206823842522,0.5639221182552969,0.6624167257890249,-4.317038428045227,0.10164640595822139
105,f1_strong_t1|f3_dup_a|f8_bigcoef|noise_0,101000011,4,-4.224747151279449,0.028668863229546634,0.7578598009792961,0.8552479661950173,-4.125089842165781,0.09965730911366855
105,f1_strong_t1|f4_dup_b|f5_null|f6_suppressor,100111000,4,-2.904170256328583,0.03197638572545591,2.0784366959301623,2.292491730832341,-2.697026151153349,0.20714410517523385
105,f1_strong_t1|f4_dup_b|f5_null|f7_weak,100110100,4,-4.419054685497284,0.029440323173521975,0.5635522667614614,0.6624167257890249,-4.315394256286054,0.10366042921122975
105,f1_strong_t1|f4_dup_b|f5_null|f8_bigcoef,100110010,4,-4.227543555402756,0.02905350479948453,0.7550633968559897,0.8552479661950173,-4.123445670406608,0.1040978849961478
105,f1_strong_t1|f4_dup_b|f5_null|noise_0,100110001,4,-4.553121970748902,0.029697897833237667,0.4294849815098436,0.5086743759150446,-4.459573279949064,0.09354869079983796
105,f1_strong_t1|f4_dup_b|f6_suppressor|f7_weak,100101100,4,-2.764216878223419,0.03160522117582201,2.218390074035326,2.446234080706321,-2.55284712749034,0.21136975073307918
105,f1_strong_t1|f4_dup_b|f6_suppressor|f8_bigcoef,100101010,4,-2.56120506439209,0.03161603944968712,2.4214018878666552,2.639065321112313,-2.3608985416108945,0.20030652278119554
105,f1_strong_t1|f4_dup_b|f6_suppressor|noise_0,100101001,4,-2.8955484412193297,0.03153476656127431,2.0870585110394155,2.292491730832341,-2.697026151153349,0.19852229006598066
105,f1_strong_t1|f4_dup_b|f7_weak|f8_bigcoef,100100110,4,-4.159222876453399,0.029754568747086093,0.8233840758053459,0.938005185433804,-4.039159822192186,0.12006305426121333
105,f1_strong_t1|f4_dup_b|f7_weak|noise_0,100100101,4,-4.420810556983947,0.029200995166492952,0.561796395274798,0.6624167257890249,-4.315394256286054,0.1054163006978932
105,f1_strong_t1|f4_dup_b|f8_bigcoef|noise_0,100100011,4,-4.224937184524536,0.02887467960340303,0.7576697677342095,0.8552479661950173,-4.123445670406608,0.101491514117928
105,f1_strong_t1|f5_null|f6_suppressor|f7_weak,100011100,4,-3.048671328353882,0.03393218747039689,1.9339356239048633,2.1207408958384875,-2.865050932963869,0.18362039539001307
105,f1_strong_t1|f5_null|f6_suppressor|f8_bigcoef,100011010,4,-2.860015863323212,0.03391391123425039,2.1225910889355335,2.3135721362444794,-2.6731023470844235,0.18691351623878827
105,f1_strong_t1|f5_null|f6_suppressor|noise_0,100011001,4,-3.1850575073719023,0.033755442481244666,1.797549444886843,1.9669985459645072,-3.009229956626878,0.1758275507450242
105,f1_strong_t1|f5_null|f7_weak|f8_bigcoef,100010110,4,-4.449591502141953,0.03162596052556202,0.5330154501167925,0.6125120005659704,-4.351363627665714,0.0982278744762386
105,f1_strong_t1|f5_null|f7_weak|noise_0,100010101,4,-4.708262497615814,0.031100592678947315,0.27434445464293145,0.33692354092119114,-4.627598061759583,0.08066443585623073
105,f1_strong_t1|f5_null|f8_bigcoef|noise_0,100010011,4,-4.520630990600586,0.030953147928232307,0.46197596165815913,0.5297547813271836,-4.435649475880138,0.08498151472044846
105,f1_strong_t1|f6_suppressor|f7_weak|f8_bigcoef,100001110,4,-2.7869223468780517,0.0341840984148543,2.1956846053806935,2.3963293554832665,-2.588816498870001,0.19810584800805087
105,f1_strong_t1|f6_suppressor|f7_weak|noise_0,100001101,4,-3.0302025753974915,0.03299458000088368,1.9524043768612538,2.1207408958384875,-2.865050932963869,0.16515164243362257
105,f1_strong_t1|f6_suppressor|f8_bigcoef|noise_0,100001011,4,-2.8635627457618713,0.03295802927592228,2.119044206496874,2.3135721362444794,-2.6731023470844235,0.1904603986774478
105,f1_strong_t1|f7_weak|f8_bigcoef|noise_0,100000111,4,-4.443998373746872,0.031188566738181073,0.538608578511873,0.6125120005659704,-4.351363627665714,0.09263474608115807
105,f2_strong_t2|f3_dup_a|f4_dup_b|f5_null,011110000,4,-3.9175975593090056,0.030538337180459778,1.0650093929497397,1.1404094082560454,-3.8043887417550226,0.11320881755398293
105,f2_strong_t2|f3_dup_a|f4_dup_b|f6_suppressor,011101000,4,-3.926720464992523,0.030973044911836823,1.0558864872662221,1.1404094082560454,-3.8043887417550226,0.12233172323750052
105,f2_strong_t2|f3_dup_a|f4_dup_b|f7_weak,011100100,4,-3.7736335270881654,0.03000585031424575,1.20897342517058,1.2941517581300257,-3.660209718092013,0.11342380899615234
105,f2_strong_t2|f3_dup_a|f4_dup_b|f8_bigcoef,011100010,4,-3.572224816608429,0.029647003900842808,1.4103821356503161,1.4869829985360181,-3.4682611322125676,0.10396368439586157
105,f2_strong_t2|f3_dup_a|f4_dup_b|noise_0,011100001,4,-3.911236381006241,0.0300901096512972,1.0713705712525043,1.1404094082560454,-3.8043887417550226,0.10684763925121832
105,f2_strong_t2|f3_dup_a|f5_null|f6_suppressor,011011000,4,-3.927130478096008,0.028991050524273355,1.0554764741627372,1.130212141084884,-3.8150161858641485,0.11211429223185965
105,f2_strong_t2|f3_dup_a|f5_null|f7_weak,011010100,4,-3.782803773021698,0.02873857071659464,1.1998031792370472,1.2839544909588643,-3.6708371622011393,0.11196661082055881
105,f2_strong_t2|f3_dup_a|f5_null|f8_bigcoef,011010010,4,-3.5782857169151305,0.02852994219704238,1.4043212353436147,1.4767857313648562,-3.478888576321694,0.09939714059343663
105,f2_strong_t2|f3_dup_a|f5_null|noise_0,011010001,4,-3.909123631668091,0.028806284325297665,1.0734833205906544,1.130212141084884,-3.8150161858641485,0.09410744580394237
105,f2_strong_t2|f3_dup_a|f6_suppressor|f7_weak,011001100,4,-3.7825996123313903,0.028922510069989117,1.200007339927355,1.2839544909588643,-3.6708371622011393,0.11176245013025099
105,f2_strong_t2|f3_dup_a|f6_suppressor|f8_bigcoef,011001010,4,-3.5897097403049467,0.028278250924261495,1.3928972119537986,1.4767857313648562,-3.478888576321694,0.11082116398325281
105,f2_strong_t2|f3_dup_a|f6_suppressor|noise_0,011001001,4,-3.9196627441883085,0.028536745799463817,1.0629442080704368,1.130212141084884,-3.8150161858641485,0.10464655832416003
105,f2_strong_t2|f3_dup_a|f7_weak|f8_bigcoef,011000110,4,-3.50250681180954,0.029042016034682677,1.4801001404492053,1.5595429506036433,-3.3946027281072713,0.10790408370226867
105,f2_strong_t2|f3_dup_a|f7_weak|noise_0,011000101,4,-3.7725231996059416,0.028276846781144487,1.2100837526528037,1.2839544909588643,-3.6708371622011393,0.10168603740480231
105,f2_strong_t2|f3_dup_a|f8_bigcoef|noise_0,011000011,4,-3.571862386751175,0.02799137542754494,1.4107445655075703,1.4767857313648562,-3.478888576321694,0.09297381042948105
105,f2_strong_t2|f4_dup_b|f5_null|f6_suppressor,010111000,4,-3.9257217410564422,0.028503164708135825,1.056885211202303,1.130212141084884,-3.813372014104975,0.11234972695146705
105,f2_strong_t2|f4_dup_b|f5_null|f7_weak,010110100,4,-3.7818517587184908,0.028344206975531305,1.2007551935402545,1.2839544909588643,-3.669192990441967,0.11265876827652388
105,f2_strong_t2|f4_dup_b|f5_null|f8_bigcoef,010110010,4,-3.5830924400806428,0.028082146855195323,1.3995145121781025,1.4767857313648562,-3.4772444045625206,0.10584803551812216
105,f2_strong_t2|f4_dup_b|f5_null|noise_0,010110001,4,-3.9082425367355347,0.02821738224068893,1.0743644155232106,1.130212141084884,-3.813372014104975,0.0948705226305595
105,f2_strong_t2|f4_dup_b|f6_suppressor|f7_weak,010101100,4,-3.7842673545360563,0.028457173462812957,1.198339597722689,1.2839544909588643,-3.669192990441967,0.11507436409408944
105,f2_strong_t2|f4_dup_b|f6_suppressor|f8_bigcoef,010101010,4,-3.588063566827774,0.027877951317443302,1.3945433854309712,1.4767857313648562,-3.4772444045625206,0.11081916226525346
105,f2_strong_t2|f4_dup_b|f6_suppressor|noise_0,010101001,4,-3.9146921805381774,0.02802057939674101,1.067914771720568,1.130212141084884,-3.813372014104975,0.10132016643320219
105,f2_strong_t2|f4_dup_b|f7_weak|f8_bigcoef,010100110,4,-3.5085715418815613,0.028772421137098256,1.474035410377184,1.5595429506036433,-3.392958556348098,0.11561298553346333
105,f2_strong_t2|f4_dup_b|f7_weak|noise_0,010100101,4,-3.773348968744278,0.027840990260444398,1.2092579835144672,1.2839544909588643,-3.669192990441967,0.10415597830231116
105,f2_strong_t2|f4_dup_b|f8_bigcoef|noise_0,010100011,4,-3.5777240797519685,0.027550498275821803,1.4048828725067768,1.4767857313648562,-3.4772444045625206,0.10047967518944789
105,f2_strong_t2|f5_null|f6_suppressor|f7_weak,010011100,4,-4.077510680294037,0.030478199143751158,0.905096271964708,0.9584613060910306,-3.981396795915495,0.09611388437854229
105,f2_strong_t2|f5_null|f6_suppressor|f8_bigcoef,010011010,4,-3.8859902181625365,0.03018402863752134,1.0966167340962087,1.151292546497023,-3.7894482100360496,0.09654200812648694
105,f2_strong_t2|f5_null|f6_suppressor|noise_0,010011001,4,-4.213729105043411,0.03031244458467443,0.7688778472153341,0.8047189562170504,-4.125575819578504,0.08815328546490697
105,f2_strong_t2|f5_null|f7_weak|f8_bigcoef,010010110,4,-3.7904414138793947,0.031010376624980848,1.1921655383793506,1.2340497657358096,-3.705162361821627,0.08527905205776776
105,f2_strong_t2|f5_null|f7_weak|noise_0,010010101,4,-4.057772466754914,0.030138981658104247,0.9248344855038315,0.9584613060910306,-3.981396795915495,0.07637567083941876
105,f2_strong_t2|f5_null|f8_bigcoef|noise_0,010010011,4,-3.864355292844772,0.030177481422361936,1.118251659413973,1.151292546497023,-3.7894482100360496,0.0749070828087226
105,f2_strong_t2|f6_suppressor|f7_weak|f8_bigcoef,010001110,4,-3.8039437760353088,0.030889284954908423,1.1786631762234365,1.2340497657358096,-3.705162361821627,0.0987814142136818
105,f2_strong_t2|f6_suppressor|f7_weak|noise_0,010001101,4,-4.0648686286926266,0.030085383466635682,0.9177383235661187,0.9584613060910306,-3.981396795915495,0.08347183277713155
105,f2_strong_t2|f6_suppressor|f8_bigcoef|noise_0,010001011,4,-3.877815038061142,0.02965199180287155,1.1047919141976035,1.151292546497023,-3.7894482100360496,0.08836682802509221
105,f2_strong_t2|f7_weak|f8_bigcoef|noise_0,010000111,4,-3.7843740676403046,0.030459062861017336,1.1982328846184407,1.2340497657358096,-3.705162361821627,0.07921170581867765
105,f3_dup_a|f4_dup_b|f5_null|f6_suppressor,001111000,4,-4.72653321685791,0.031830138249667066,0.2560737354008351,0.3356904520389953,-4.6273228499969425,0.09921036686096762
105,f3_dup_a|f4_dup_b|f5_null|f7_weak,001110100,4,-4.574410266065597,0.030630874852459865,0.40819668619314786,0.48943280191297556,-4.483143826333933,0.09126643973166448
105,f3_dup_a|f4_dup_b|f5_null|f8_bigcoef,001110010,4,-4.378962634563446,0.03065833018563066,0.6036443176952995,0.682264042318968,-4.291195240454487,0.08776739410895917
105,f3_dup_a|f4_dup_b|f5_null|noise_0,001110001,4,-4.710275715732575,0.031125130744783777,0.27233123652617053,0.3356904520389953,-4.6273228499969425,0.08295286573563221
105,f3_dup_a|f4_dup_b|f6_suppressor|f7_weak,001101100,4,-4.581628233814239,0.03137066899542311,0.40097871844450594,0.48943280191297556,-4.483143826333933,0.0984844074803064
105,f3_dup_a|f4_dup_b|f6_suppressor|f8_bigcoef,001101010,4,-4.386069048070907,0.030898564694682343,0.596537904187838,0.682264042318968,-4.291195240454487,0.09487380761642061
105,f3_dup_a|f4_dup_b|f6_suppressor|noise_0,001101001,4,-4.718702620983124,0.031203579375682505,0.2639043312756213,0.3356904520389953,-4.6273228499969425,0.09137977098618144
105,f3_dup_a|f4_dup_b|f7_weak|f8_bigcoef,001100110,4,-4.303142486095428,0.030787842603355306,0.6794644661633171,0.7650212615577549,-4.206909392240064,0.09623309385536416
105,f3_dup_a|f4_dup_b|f7_weak|noise_0,001100101,4,-4.570045264434815,0.030215660106439116,0.41256168782393043,0.48943280191297556,-4.483143826333933,0.08690143810088191
105,f3_dup_a|f4_dup_b|f8_bigcoef|noise_0,001100011,4,-4.373613366222382,0.03007057780795307,0.6089935860363633,0.682264042318968,-4.291195240454487,0.08241812576789531
105,f3_dup_a|f5_null|f6_suppressor|f7_weak,001011100,4,-4.580024254512787,0.029032397930542634,0.40258269774595856,0.4792355347418139,-4.493771270443058,0.08625298406972881
105,f3_dup_a|f5_null|f6_suppressor|f8_bigcoef,001011010,4,-4.390720024251938,0.028859655684338757,0.5918869280068071,0.6720667751478063,-4.3018226845636125,0.0888973396883257
105,f3_dup_a|f5_null|f6_suppressor|noise_0,001011001,4,-4.717448274803162,0.029244652289693217,0.26515867745558364,0.32549318486783363,-4.6379502941060675,0.07949798069709413
105,f3_dup_a|f5_null|f7_weak|f8_bigcoef,001010110,4,-4.315619620037078,0.029435763886023526,0.6669873322216668,0.7548239943865932,-4.21753683634919,0.09808278368788859
105,f3_dup_a|f5_null|f7_weak|noise_0,001010101,4,-4.57856027507782,0.02890313680895177,0.4040466771809257,0.4792355347418139,-4.493771270443058,0.08478900463476169
105,f3_dup_a|f5_null|f8_bigcoef|noise_0,001010011,4,-4.383143192434311,0.02896738591975418,0.5994637598244346,0.6720667751478063,-4.3018226845636125,0.08132050787069822
105,f3_dup_a|f6_suppressor|f7_weak|f8_bigcoef,001001110,4,-4.310724552059174,0.029206436984432906,0.6718824001995714,0.7548239943865932,-4.21753683634919,0.09318771570998408
105,f3_dup_a|f6_suppressor|f7_weak|noise_0,001001101,4,-4.575830882835388,0.02851453913356806,0.40677606942335753,0.4792355347418139,-4.493771270443058,0.08205961239232984
105,f3_dup_a|f6_suppressor|f8_bigcoef|noise_0,001001011,4,-4.385806916332245,0.028187039622373455,0.5968000359265,0.6720667751478063,-4.3018226845636125,0.08398423176863279
105,f3_dup_a|f7_weak|f8_bigcoef|noise_0,001000111,4,-4.306551577806473,0.028966971402270204,0.6760553744522726,0.7548239943865932,-4.21753683634919,0.08901474145728283
105,f4_dup_b|f5_null|f6_suppressor|f7_weak,000111100,4,-4.580949364948273,0.029175202907236394,0.4016575873104724,0.4792355347418139,-4.492127098683885,0.08882226626438783
105,f4_dup_b|f5_null|f6_suppressor|f8_bigcoef,000111010,4,-4.387082849979401,0.029022908050825868,0.5955241022793443,0.6720667751478063,-4.300178512804439,0.08690433717496227
105,f4_dup_b|f5_null|f6_suppressor|noise_0,000111001,4,-4.710945503425598,0.02930965340889637,0.27166144883314747,0.32549318486783363,-4.636306122346894,0.07463938107870405
105,f4_dup_b|f5_null|f7_weak|f8_bigcoef,000110110,4,-4.319691474533081,0.029595426168471897,0.6629154777256643,0.7548239943865932,-4.215892664590016,0.1037988099430649
105,f4_dup_b|f5_null|f7_weak|noise_0,000110101,4,-4.5773469276428225,0.028993325512775316,0.4052600246159228,0.4792355347418139,-4.492127098683885,0.08521982895893743
105,f4_dup_b|f5_null|f8_bigcoef|noise_0,000110011,4,-4.383534463310242,0.028994138831869028,0.5990724889485035,0.6720667751478063,-4.300178512804439,0.08335595050580302
105,f4_dup_b|f6_suppressor|f7_weak|f8_bigcoef,000101110,4,-4.313333305454254,0.029573710237883546,0.6692736468044913,0.7548239943865932,-4.215892664590016,0.09744064086423787
105,f4_dup_b|f6_suppressor|f7_weak|noise_0,000101101,4,-4.572950916957855,0.02873172991223876,0.40965603530089023,0.4792355347418139,-4.492127098683885,0.08082381827397
105,f4_dup_b|f6_suppressor|f8_bigcoef|noise_0,000101011,4,-4.38103980550766,0.02858877117123686,0.6015671467510852,0.6720667751478063,-4.300178512804439,0.08086129270322129
105,f4_dup_b|f7_weak|f8_bigcoef|noise_0,000100111,4,-4.3137855002880094,0.029209173200971845,0.6688214519707358,0.7548239943865932,-4.215892664590016,0.09789283569799334
105,f5_null|f6_suppressor|f7_weak|f8_bigcoef,000011110,4,-4.604232731342315,0.031255862082597716,0.37837422091643,0.42933080951875946,-4.528096470063545,0.07613626127877016
105,f5_null|f6_suppressor|f7_weak|noise_0,000011101,4,-4.869001987457275,0.030643848952677608,0.11360496480147031,0.15374234987398028,-4.804330904157414,0.06467108329986093
105,f5_null|f6_suppressor|f8_bigcoef|noise_0,000011011,4,-4.6810412253379825,0.03069763299901345,0.3015657269207628,0.3465735902799726,-4.612382318277969,0.06865890706001387
105,f5_null|f7_weak|f8_bigcoef|noise_0,000010111,4,-4.594283125305176,0.031228471607531397,0.3883238269535694,0.42933080951875946,-4.528096470063545,0.06618665524163081
105,f6_suppressor|f7_weak|f8_bigcoef|noise_0,000001111,4,-4.597543331432343,0.030809158769964377,0.38506362082640244,0.42933080951875946,-4.528096470063545,0.06944686136879774
105,f1_strong_t1|f2_strong_t2|f3_dup_a|f4_dup_b|f5_null,111110000,5,-3.762270491504669,0.030758945306850458,1.2203364607540763,1.3235905993032566,-3.6276558993571917,0.13461459214747729
105,f1_strong_t1|f2_strong_t2|f3_dup_a|f4_dup_b|f6_suppressor,111101000,5,-2.085665604019165,0.033214065929332286,2.8969413482395803,3.1074079542205526,-1.8651087705614784,0.22055683345768662
105,f1_strong_t1|f2_strong_t2|f3_dup_a|f4_dup_b|f7_weak,111100100,5,-3.61796041970253,0.030761078223591625,1.3646465325562152,1.477332949177237,-3.4834768756941825,0.1344835440083476
105,f1_strong_t1|f2_strong_t2|f3_dup_a|f4_dup_b|f8_bigcoef,111100010,5,-3.4179627953529357,0.029822446384876744,1.5646441569058096,1.6701641895832289,-3.291528289814737,0.12643450553819857
105,f1_strong_t1|f2_strong_t2|f3_dup_a|f4_dup_b|noise_0,111100001,5,-3.7554038593769072,0.03050588791370518,1.227203092881838,1.3235905993032566,-3.6276558993571917,0.12774796001971556
105,f1_strong_t1|f2_strong_t2|f3_dup_a|f5_null|f6_suppressor,111011000,5,-2.111770051288605,0.03172639929566651,2.8708369009701404,3.097210687049391,-1.875736214670604,0.23603383661800081
105,f1_strong_t1|f2_strong_t2|f3_dup_a|f5_null|f7_weak,111010100,5,-3.6278640653133394,0.029242908529794987,1.354742886945406,1.467135682006075,-3.4941043198033093,0.13375974551003011
105,f1_strong_t1|f2_strong_t2|f3_dup_a|f5_null|f8_bigcoef,111010010,5,-3.4271472254753115,0.02845178701908629,1.5554597267834338,1.6599669224120674,-3.302155733923863,0.12499149155144851
105,f1_strong_t1|f2_strong_t2|f3_dup_a|f5_null|noise_0,111010001,5,-3.7600594188690186,0.029089630181792735,1.2225475333897267,1.3133933321320947,-3.6382833434663175,0.12177607540270108
105,f1_strong_t1|f2_strong_t2|f3_dup_a|f6_suppressor|f7_weak,111001100,5,-1.9769050166130067,0.03182997239077648,3.005701935645739,3.2509530369233715,-1.7315571910075949,0.2453478256054118
105,f1_strong_t1|f2_strong_t2|f3_dup_a|f6_suppressor|f8_bigcoef,111001010,5,-1.770167807483673,0.03128056560517625,3.212439144775072,3.443784277329364,-1.539608605128149,0.23055920235552407
105,f1_strong_t1|f2_strong_t2|f3_dup_a|f6_suppressor|noise_0,111001001,5,-2.0955689001083373,0.0313039643533974,2.887038052150408,3.097210687049391,-1.875736214670604,0.21983268543773327
105,f1_strong_t1|f2_strong_t2|f3_dup_a|f7_weak|f8_bigcoef,111000110,5,-3.3535920769691465,0.029376366722405272,1.6290148752895988,1.742724141650854,-3.2178698857094394,0.13572219125970708
105,f1_strong_t1|f2_strong_t2|f3_dup_a|f7_weak|noise_0,111000101,5,-3.623393267393112,0.029036447042940776,1.359213684865633,1.467135682006075,-3.4941043198033093,0.12928894758980292
105,f1_strong_t1|f2_strong_t2|f3_dup_a|f8_bigcoef|noise_0,111000011,5,-3.424533876991272,0.02813226424736161,1.5580730752674734,1.6599669224120674,-3.302155733923863,0.1223781430674089
105,f1_strong_t1|f2_strong_t2|f4_dup_b|f5_null|f6_suppressor,110111000,5,-2.1098753099441527,0.031102467329532577,2.8727316423145925,3.097210687049391,-1.8740920429114303,0.23578326703272245
105,f1_strong_t1|f2_strong_t2|f4_dup_b|f5_null|f7_weak,110110100,5,-3.629645739030838,0.028557415606503725,1.3529612132279074,1.467135682006075,-3.492460148044135,0.1371855909867028
105,f1_strong_t1|f2_strong_t2|f4_dup_b|f5_null|f8_bigcoef,110110010,5,-3.4284921075820924,0.02780983123529894,1.5541148446766528,1.6599669224120674,-3.3005115621646897,0.12798054541740278
105,f1_strong_t1|f2_strong_t2|f4_dup_b|f5_null|noise_0,110110001,5,-3.7610927686691284,0.02841286895417857,1.2215141835896168,1.3133933321320947,-3.6366391717071442,0.12445359696198421
105,f1_strong_t1|f2_strong_t2|f4_dup_b|f6_suppressor|f7_weak,110101100,5,-1.9637671919822692,0.03118722033963843,3.0188397602764763,3.2509530369233715,-1.7299130192484216,0.23385417273384768
105,f1_strong_t1|f2_strong_t2|f4_dup_b|f6_suppressor|f8_bigcoef,110101010,5,-1.7695574761390687,0.031228650762830597,3.213049476119677,3.443784277329364,-1.5379644333689753,0.2315930427700934
105,f1_strong_t1|f2_strong_t2|f4_dup_b|f6_suppressor|noise_0,110101001,5,-2.101678756046295,0.031058277312464994,2.88092819621245,3.097210687049391,-1.8740920429114303,0.22758671313486478
105,f1_strong_t1|f2_strong_t2|f4_dup_b|f7_weak|f8_bigcoef,110100110,5,-3.3547981051921845,0.028891642494408506,1.6278088470665608,1.742724141650854,-3.216225713950266,0.13857239124191834
105,f1_strong_t1|f2_strong_t2|f4_dup_b|f7_weak|noise_0,110100101,5,-3.623009623861313,0.028360794647595677,1.3595973283974323,1.467135682006075,-3.492460148044135,0.1305494758171779
105,f1_strong_t1|f2_strong_t2|f4_dup_b|f8_bigcoef|noise_0,110100011,5,-3.4254368893623353,0.02759169677047208,1.55717006289641,1.6599669224120674,-3.3005115621646897,0.1249253271976456
105,f1_strong_t1|f2_strong_t2|f5_null|f6_suppressor|f7_weak,110011100,5,-2.274316646432877,0.03410942079194611,2.7082903058258685,2.9254598520555377,-2.0421168247219508,0.232199821710926
105,f1_strong_t1|f2_strong_t2|f5_null|f6_suppressor|f8_bigcoef,110011010,5,-2.0807840295791626,0.03377368332377574,2.9018229226795826,3.11829109246153,-1.8501682388425047,0.23061579073665794
105,f1_strong_t1|f2_strong_t2|f5_null|f6_suppressor|noise_0,110011001,5,-2.3911058153152465,0.03329775279730653,2.591501136943499,2.7717175021815574,-2.1862958483849595,0.20480996693028697
105,f1_strong_t1|f2_strong_t2|f5_null|f7_weak|f8_bigcoef,110010110,5,-3.6480733187675476,0.031210544855048986,1.3345336334911977,1.4172309567830204,-3.528429519423795,0.11964379934375247
105,f1_strong_t1|f2_strong_t2|f5_null|f7_weak|noise_0,110010101,5,-3.914082872343063,0.030624457040445724,1.068524079915682,1.1416424971382413,-3.804663953517664,0.10941891882539911
105,f1_strong_t1|f2_strong_t2|f5_null|f8_bigcoef|noise_0,110010011,5,-3.7186242088794708,0.030181185955637898,1.2639827433792745,1.3344737375442337,-3.6127153676382178,0.105908841241253
105,f1_strong_t1|f2_strong_t2|f6_suppressor|f7_weak|f8_bigcoef,110001110,5,-2.0038044835090636,0.03470478864546375,2.9788024687496817,3.201048311700317,-1.765882390628082,0.23792209288098154
105,f1_strong_t1|f2_strong_t2|f6_suppressor|f7_weak|noise_0,110001101,5,-2.2450340643405915,0.033474044295916924,2.737572887918154,2.9254598520555377,-2.0421168247219508,0.20291723961864072
105,f1_strong_t1|f2_strong_t2|f6_suppressor|f8_bigcoef|noise_0,110001011,5,-2.0585827303886415,0.033116829451105334,2.924024221870104,3.11829109246153,-1.8501682388425047,0.20841449154613678
105,f1_strong_t1|f2_strong_t2|f7_weak|f8_bigcoef|noise_0,110000111,5,-3.6421788210868837,0.030853093397577188,1.3404281311718615,1.4172309567830204,-3.528429519423795,0.11374930166308861
105,f1_strong_t1|f3_dup_a|f4_dup_b|f5_null|f6_suppressor,101111000,5,-2.894723325634003,0.03449379930826671,2.0878836266247425,2.302688998003503,-2.688042878803397,0.20668044683060582
105,f1_strong_t1|f3_dup_a|f4_dup_b|f5_null|f7_weak,101110100,5,-4.4144909968852994,0.031519471635402,0.5681159553734458,0.6726139929601865,-4.306410983936101,0.10808001294919833
105,f1_strong_t1|f3_dup_a|f4_dup_b|f5_null|f8_bigcoef,101110010,5,-4.224850493621826,0.03108044107661305,0.7577564586369192,0.8654452333661787,-4.114462398056656,0.11038809556517037
105,f1_strong_t1|f3_dup_a|f4_dup_b|f5_null|noise_0,101110001,5,-4.557008206653595,0.0318161642195396,0.42559874560515,0.5188716430862063,-4.450590007599112,0.10641819905448369
105,f1_strong_t1|f3_dup_a|f4_dup_b|f6_suppressor|f7_weak,101101100,5,-2.747002447319031,0.03351018480258812,2.2356045049397144,2.456431347877483,-2.543863855140388,0.20313859217864305
105,f1_strong_t1|f3_dup_a|f4_dup_b|f6_suppressor|f8_bigcoef,101101010,5,-2.553338521385193,0.03349847640271904,2.4292684308735524,2.6492625882834755,-2.3519152692609415,0.20142325212425138
105,f1_strong_t1|f3_dup_a|f4_dup_b|f6_suppressor|noise_0,101101001,5,-2.887287266635895,0.03370857295665244,2.0953196856228504,2.302688998003503,-2.688042878803397,0.19924438783249787
105,f1_strong_t1|f3_dup_a|f4_dup_b|f7_weak|f8_bigcoef,101100110,5,-4.148559952497482,0.03153939992908926,0.834046999761263,0.9482024526049658,-4.030176549842233,0.11838340265524927
105,f1_strong_t1|f3_dup_a|f4_dup_b|f7_weak|noise_0,101100101,5,-4.416806196308136,0.031211027716715488,0.5658007559506091,0.6726139929601865,-4.306410983936101,0.11039521237203509
105,f1_strong_t1|f3_dup_a|f4_dup_b|f8_bigcoef|noise_0,101100011,5,-4.223854608535767,0.030712549560272154,0.7587523437229784,0.8654452333661787,-4.114462398056656,0.10939221047911118
105,f1_strong_t1|f3_dup_a|f5_null|f6_suppressor|f7_weak,101011100,5,-2.774022946548462,0.03211883417374917,2.2085840057102835,2.446234080706321,-2.5544912992495132,0.21953164729894858
105,f1_strong_t1|f3_dup_a|f5_null|f6_suppressor|f8_bigcoef,101011010,5,-2.580889308166504,0.03194006936599034,2.4017176440922414,2.639065321112313,-2.362542713370068,0.21834659479643603
105,f1_strong_t1|f3_dup_a|f5_null|f6_suppressor|noise_0,101011001,5,-2.903882472515106,0.032180585762106494,2.0787244797436393,2.292491730832341,-2.6986703229125224,0.2052121496025836
105,f1_strong_t1|f3_dup_a|f5_null|f7_weak|f8_bigcoef,101010110,5,-4.1631817780017855,0.02995068953445206,0.8194251742569598,0.938005185433804,-4.040803993951359,0.12237778405042654
105,f1_strong_t1|f3_dup_a|f5_null|f7_weak|noise_0,101010101,5,-4.425909488391876,0.029633216914774364,0.5566974638668691,0.6624167257890249,-4.317038428045227,0.10887106034664917
105,f1_strong_t1|f3_dup_a|f5_null|f8_bigcoef|noise_0,101010011,5,-4.233759992599487,0.02925568233199495,0.7488469596592582,0.8552479661950173,-4.125089842165781,0.10867015043370643
105,f1_strong_t1|f3_dup_a|f6_suppressor|f7_weak|f8_bigcoef,101001110,5,-2.4967004396438597,0.03192813557622709,2.4859065126148856,2.7218225403511003,-2.278256865155645,0.2184435744882145
105,f1_strong_t1|f3_dup_a|f6_suppressor|f7_weak|noise_0,101001101,5,-2.758843852376938,0.031241813331082415,2.223763099881807,2.446234080706321,-2.5544912992495132,0.20435255312742484
105,f1_strong_t1|f3_dup_a|f6_suppressor|f8_bigcoef|noise_0,101001011,5,-2.5787866426467896,0.031056325537063962,2.4038203096119557,2.639065321112313,-2.362542713370068,0.21624392927672176
105,f1_strong_t1|f3_dup_a|f7_weak|f8_bigcoef|noise_0,101000111,5,-4.159211704921723,0.029544900341819516,0.8233952473370225,0.938005185433804,-4.040803993951359,0.11840771097036384
105,f1_strong_t1|f4_dup_b|f5_null|f6_suppressor|f7_weak,100111100,5,-2.7706707383155824,0.032039245834426903,2.211936213943163,2.446234080706321,-2.55284712749034,0.2178236108252425
105,f1_strong_t1|f4_dup_b|f5_null|f6_suppressor|f8_bigcoef,100111010,5,-2.5871446481704714,0.032272450769555705,2.395462304088274,2.639065321112313,-2.3608985416108945,0.2262461065595769
105,f1_strong_t1|f4_dup_b|f5_null|f6_suppressor|noise_0,100111001,5,-2.903732338190079,0.0321158152275782,2.0788746140686665,2.292491730832341,-2.697026151153349,0.20670618703672972
105,f1_strong_t1|f4_dup_b|f5_null|f7_weak|f8_bigcoef,100110110,5,-4.165133175373078,0.030082476141107973,0.8174737768856675,0.938005185433804,-4.039159822192186,0.12597335318089176
105,f1_strong_t1|f4_dup_b|f5_null|f7_weak|noise_0,100110101,5,-4.426112791061401,0.029615232903636577,0.5564941611973442,0.6624167257890249,-4.315394256286054,0.11071853477534699
105,f1_strong_t1|f4_dup_b|f5_null|f8_bigcoef|noise_0,100110011,5,-4.232162013435364,0.02936104294482847,0.7504449388233816,0.8552479661950173,-4.123445670406608,0.10871634302875588
105,f1_strong_t1|f4_dup_b|f6_suppressor|f7_weak|f8_bigcoef,100101110,5,-2.5125413120269777,0.03258242426741226,2.4700656402317676,2.7218225403511003,-2.2766126933964714,0.2359286186305063
105,f1_strong_t1|f4_dup_b|f6_suppressor|f7_weak|noise_0,100101101,5,-2.752678942394257,0.03145860988380923,2.2299280098644885,2.446234080706321,-2.55284712749034,0.19983181490391688
105,f1_strong_t1|f4_dup_b|f6_suppressor|f8_bigcoef|noise_0,100101011,5,-2.564994289302826,0.03141162330115264,2.417612662955919,2.639065321112313,-2.3608985416108945,0.20409574769193162
105,f1_strong_t1|f4_dup_b|f7_weak|f8_bigcoef|noise_0,100100111,5,-4.163333052492142,0.029811587401515495,0.8192738997666034,0.938005185433804,-4.039159822192186,0.12417323029995586
105,f1_strong_t1|f5_null|f6_suppressor|f7_weak|f8_bigcoef,100011110,5,-2.800299948310852,0.034763483924593476,2.1823070039478933,2.3963293554832665,-2.588816498870001,0.21148344944085107
105,f1_strong_t1|f5_null|f6_suppressor|f7_weak|noise_0,100011101,5,-3.0468928142547607,0.03368370963548455,1.9357141380039846,2.1207408958384875,-2.865050932963869,0.18184188129089174
105,f1_strong_t1|f5_null|f6_suppressor|f8_bigcoef|noise_0,100011011,5,-2.8640864424705503,0.03380283970576464,2.118520509788195,2.3135721362444794,-2.6731023470844235,0.19098409538612682
105,f1_strong_t1|f5_null|f7_weak|f8_bigcoef|noise_0,100010111,5,-4.454762764644623,0.031785185302108554,0.5278441876141224,0.6125120005659704,-4.351363627665714,0.10339913697890868
105,f1_strong_t1|f6_suppressor|f7_weak|f8_bigcoef|noise_0,100001111,5,-2.788172180843353,0.03371514982616122,2.1944347714153922,2.3963293554832665,-2.588816498870001,0.19935568197335218
105,f2_strong_t2|f3_dup_a|f4_dup_b|f5_null|f6_suppressor,011111000,5,-3.9372991510868074,0.031309903357004384,1.045307801171938,1.1404094082560454,-3.8043887417550226,0.13291040933178477
105,f2_strong_t2|f3_dup_a|f4_dup_b|f5_null|f7_weak,011110100,5,-3.780297951936722,0.030383608381524527,1.2023090003220234,1.2941517581300257,-3.660209718092013,0.1200882338447089
105,f2_strong_t2|f3_dup_a|f4_dup_b|f5_null|f8_bigcoef,011110010,5,-3.576611116552353,0.030172651526500293,1.4059958357063924,1.4869829985360181,-3.4682611322125676,0.10834998433978527
105,f2_strong_t2|f3_dup_a|f4_dup_b|f5_null|noise_0,011110001,5,-3.916417334270477,0.030582303222073403,1.0661896179882682,1.1404094082560454,-3.8043887417550226,0.1120285925154545
105,f2_strong_t2|f3_dup_a|f4_dup_b|f6_suppressor|f7_weak,011101100,5,-3.7877022866249086,0.031016635813733293,1.1949046656338367,1.2941517581300257,-3.660209718092013,0.1274925685328956
105,f2_strong_t2|f3_dup_a|f4_dup_b|f6_suppressor|f8_bigcoef,011101010,5,-3.5904894333839414,0.03040506679986941,1.3921175188748038,1.4869829985360181,-3.4682611322125676,0.12222830117137384
105,f2_strong_t2|f3_dup_a|f4_dup_b|f6_suppressor|noise_0,011101001,5,-3.9272906292438505,0.030805287285520205,1.0553163230148948,1.1404094082560454,-3.8043887417550226,0.12290188748882791
105,f2_strong_t2|f3_dup_a|f4_dup_b|f7_weak|f8_bigcoef,011100110,5,-3.494985315465927,0.030632486773306128,1.4876216367928183,1.5697402177748048,-3.3839752839981445,0.11101003146778243
105,f2_strong_t2|f3_dup_a|f4_dup_b|f7_weak|noise_0,011100101,5,-3.7729158365249633,0.029966799943343943,1.209691115733782,1.2941517581300257,-3.660209718092013,0.11270611843295031
105,f2_strong_t2|f3_dup_a|f4_dup_b|f8_bigcoef|noise_0,011100011,5,-3.572797032356262,0.029655533493187832,1.4098099199024832,1.4869829985360181,-3.4682611322125676,0.10453590014369452
105,f2_strong_t2|f3_dup_a|f5_null|f6_suppressor|f7_weak,011011100,5,-3.7938147564888,0.02908754797073622,1.1887921957699454,1.2839544909588643,-3.6708371622011393,0.12297759428766053
105,f2_strong_t2|f3_dup_a|f5_null|f6_suppressor|f8_bigcoef,011011010,5,-3.5967534273147583,0.028649941502455253,1.385853524943987,1.4767857313648562,-3.478888576321694,0.11786485099306443
105,f2_strong_t2|f3_dup_a|f5_null|f6_suppressor|noise_0,011011001,5,-3.927806337928772,0.028931350545132354,1.0548006143299733,1.130212141084884,-3.8150161858641485,0.1127901520646235
105,f2_strong_t2|f3_dup_a|f5_null|f7_weak|f8_bigcoef,011010110,5,-3.508623041677475,0.02950080343871891,1.4739839105812704,1.5595429506036433,-3.3946027281072713,0.11402031357020359
105,f2_strong_t2|f3_dup_a|f5_null|f7_weak|noise_0,011010101,5,-3.7811276368141176,0.028763148981886158,1.2014793154446277,1.2839544909588643,-3.6708371622011393,0.11029047461297825
105,f2_strong_t2|f3_dup_a|f5_null|f8_bigcoef|noise_0,011010011,5,-3.5783691887378692,0.028580358452119082,1.404237763520876,1.4767857313648562,-3.478888576321694,0.09948061241617534
105,f2_strong_t2|f3_dup_a|f6_suppressor|f7_weak|f8_bigcoef,011001110,5,-3.5148472353458406,0.02943485393189501,1.4677597169129046,1.5595429506036433,-3.3946027281072713,0.12024450723856939
105,f2_strong_t2|f3_dup_a|f6_suppressor|f7_weak|noise_0,011001101,5,-3.7831438242435453,0.02869947187601155,1.1994631280152,1.2839544909588643,-3.6708371622011393,0.11230666204240602
105,f2_strong_t2|f3_dup_a|f6_suppressor|f8_bigcoef|noise_0,011001011,5,-3.5894952963352202,0.028108849649478608,1.393111655923525,1.4767857313648562,-3.478888576321694,0.11060672001352634
105,f2_strong_t2|f3_dup_a|f7_weak|f8_bigcoef|noise_0,011000111,5,-3.4998297987937925,0.029003293815350484,1.4827771534649528,1.5595429506036433,-3.3946027281072713,0.10522707068652126
105,f2_strong_t2|f4_dup_b|f5_null|f6_suppressor|f7_weak,010111100,5,-3.793938937139511,0.028608570835756825,1.1886680151192341,1.2839544909588643,-3.669192990441967,0.12474594669754424
105,f2_strong_t2|f4_dup_b|f5_null|f6_suppressor|f8_bigcoef,010111010,5,-3.5946777115345,0.028173079448069543,1.3879292407242452,1.4767857313648562,-3.4772444045625206,0.11743330697197951
105,f2_strong_t2|f4_dup_b|f5_null|f6_suppressor|noise_0,010111001,5,-3.922673472595215,0.028472715190972605,1.0599334796635302,1.130212141084884,-3.813372014104975,0.10930145849023987
105,f2_strong_t2|f4_dup_b|f5_null|f7_weak|f8_bigcoef,010110110,5,-3.51185417137146,0.029195405773339914,1.4707527808872851,1.5595429506036433,-3.392958556348098,0.11889561502336221
105,f2_strong_t2|f4_dup_b|f5_null|f7_weak|noise_0,010110101,5,-3.779547787094116,0.02828601503285171,1.2030591651646292,1.2839544909588643,-3.669192990441967,0.1103547966521492
105,f2_strong_t2|f4_dup_b|f5_null|f8_bigcoef|noise_0,010110011,5,-3.5805549424171446,0.028079953448329503,1.4020520098416007,1.4767857313648562,-3.4772444045625206,0.10331053785462396
105,f2_strong_t2|f4_dup_b|f6_suppressor|f7_weak|f8_bigcoef,010101110,5,-3.5163999874591827,0.029096642132194015,1.4662069647995626,1.5595429506036433,-3.392958556348098,0.12344143111108474
105,f2_strong_t2|f4_dup_b|f6_suppressor|f7_weak|noise_0,010101101,5,-3.7820629321575163,0.028195590124146283,1.200544020101229,1.2839544909588643,-3.669192990441967,0.11286994171554943
105,f2_strong_t2|f4_dup_b|f6_suppressor|f8_bigcoef|noise_0,010101011,5,-3.5867503450870513,0.02777740623345334,1.395856607171694,1.4767857313648562,-3.4772444045625206,0.10950594052453066
105,f2_strong_t2|f4_dup_b|f7_weak|f8_bigcoef|noise_0,010100111,5,-3.5056460288524627,0.02866206299045772,1.4769609234062826,1.5595429506036433,-3.392958556348098,0.11268747250436473
105,f2_strong_t2|f5_null|f6_suppressor|f7_weak|f8_bigcoef,010011110,5,-3.812222679948807,0.031099813338035954,1.1703842723099385,1.2340497657358096,-3.705162361821627,0.10706031812717987
105,f2_strong_t2|f5_null|f6_suppressor|f7_weak|noise_0,010011101,5,-4.0785794902324675,0.030421761773675025,0.9040274620262778,0.9584613060910306,-3.981396795915495,0.09718269431697246
105,f2_strong_t2|f5_null|f6_suppressor|f8_bigcoef|noise_0,010011011,5,-3.886917235994339,0.03019606742259018,1.0956897162644061,1.151292546497023,-3.7894482100360496,0.09746902595828955
105,f2_strong_t2|f5_null|f7_weak|f8_bigcoef|noise_0,010010111,5,-3.7893371213436127,0.031053132230458465,1.1932698309151326,1.2340497657358096,-3.705162361821627,0.08417475952198572
105,f2_strong_t2|f6_suppressor|f7_weak|f8_bigcoef|noise_0,010001111,5,-3.799562995004654,0.030684070723658596,1.1830439572540912,1.2340497657358096,-3.705162361821627,0.09440063318302716
105,f3_dup_a|f4_dup_b|f5_null|f6_suppressor|f7_weak,001111100,5,-4.585635081195831,0.03169167325054004,0.396971871062914,0.48943280191297556,-4.483143826333933,0.10249125486189836
105,f3_dup_a|f4_dup_b|f5_null|f6_suppressor|f8_bigcoef,001111010,5,-4.393697807645798,0.03135681018260449,0.5889091446129475,0.682264042318968,-4.291195240454487,0.10250256719131112
105,f3_dup_a|f4_dup_b|f5_null|f6_suppressor|noise_0,001111001,5,-4.726833930301666,0.031827452805832664,0.2557730219570793,0.3356904520389953,-4.6273228499969425,0.09951108030472344
105,f3_dup_a|f4_dup_b|f5_null|f7_weak|f8_bigcoef,001110110,5,-4.307745869588852,0.03137300430820591,0.6748610826698931,0.7650212615577549,-4.206909392240064,0.1008364773487882
105,f3_dup_a|f4_dup_b|f5_null|f7_weak|noise_0,001110101,5,-4.573872391986847,0.03085301694701213,0.40873456027189814,0.48943280191297556,-4.483143826333933,0.0907285656529142
105,f3_dup_a|f4_dup_b|f5_null|f8_bigcoef|noise_0,001110011,5,-4.381416400957107,0.03082024319491209,0.601190551301638,0.682264042318968,-4.291195240454487,0.09022116050262063
105,f3_dup_a|f4_dup_b|f6_suppressor|f7_weak|f8_bigcoef,001101110,5,-4.313305789804459,0.03172457839102225,0.6693011624542864,0.7650212615577549,-4.206909392240064,0.1063963975643949
105,f3_dup_a|f4_dup_b|f6_suppressor|f7_weak|noise_0,001101101,5,-4.578805022335053,0.031098166090605336,0.40380192992369235,0.48943280191297556,-4.483143826333933,0.09566119600112
105,f3_dup_a|f4_dup_b|f6_suppressor|f8_bigcoef|noise_0,001101011,5,-4.387642875623703,0.03068354676078024,0.5949640766350424,0.682264042318968,-4.291195240454487,0.09644763516921628
105,f3_dup_a|f4_dup_b|f7_weak|f8_bigcoef|noise_0,001100111,5,-4.301087406110764,0.030863467674670783,0.6815195461479817,0.7650212615577549,-4.206909392240064,0.09417801387069957
105,f3_dup_a|f5_null|f6_suppressor|f7_weak|f8_bigcoef,001011110,5,-4.320236829423904,0.02961552644678621,0.6623701228348411,0.7548239943865932,-4.21753683634919,0.10269999307471434
105,f3_dup_a|f5_null|f6_suppressor|f7_weak|noise_0,001011101,5,-4.585982455730438,0.029150552447568763,0.39662449652830745,0.4792355347418139,-4.493771270443058,0.09221118528737993
105,f3_dup_a|f5_null|f6_suppressor|f8_bigcoef|noise_0,001011011,5,-4.394624511098861,0.029004888059075064,0.587982441159884,0.6720667751478063,-4.3018226845636125,0.09280182653524882
105,f3_dup_a|f5_null|f7_weak|f8_bigcoef|noise_0,001010111,5,-4.315235440540314,0.029741938664721582,0.6673715117184313,0.7548239943865932,-4.21753683634919,0.09769860419112408
105,f3_dup_a|f6_suppressor|f7_weak|f8_bigcoef|noise_0,001001111,5,-4.313440771198272,0.029160633767285216,0.669166181060473,0.7548239943865932,-4.21753683634919,0.09590393484908244
105,f4_dup_b|f5_null|f6_suppressor|f7_weak|f8_bigcoef,000111110,5,-4.321850624656677,0.029939349030716003,0.6607563276020683,0.7548239943865932,-4.215892664590016,0.10595796006666092
105,f4_dup_b|f5_null|f6_suppressor|f7_weak|noise_0,000111101,5,-4.582914871883393,0.029316641785264073,0.39969208037535253,0.4792355347418139,-4.492127098683885,0.0907877731995077
105,f4_dup_b|f5_null|f6_suppressor|f8_bigcoef|noise_0,000111011,5,-4.389416414928436,0.02925142093976431,0.593190537330309,0.6720667751478063,-4.300178512804439,0.08923790212399751
105,f4_dup_b|f5_null|f7_weak|f8_bigcoef|noise_0,000110111,5,-4.317803875112533,0.029817126262946258,0.6648030771462121,0.7548239943865932,-4.215892664590016,0.10191121052251706
105,f4_dup_b|f6_suppressor|f7_weak|f8_bigcoef|noise_0,000101111,5,-4.313051869249344,0.029566423864648857,0.669555083009401,0.7548239943865932,-4.215892664590016,0.09715920465932815
105,f5_null|f6_suppressor|f7_weak|f8_bigcoef|noise_0,000011111,5,-4.608886506938934,0.031499353561933965,0.37372044531981086,0.42933080951875946,-4.528096470063545,0.08079003687538933
105,f1_strong_t1|f2_strong_t2|f3_dup_a|f4_dup_b|f5_null|f6_suppressor,111111000,6,-2.101498853302002,0.033826810426380444,2.8811080989567435,3.1074079542205526,-1.8651087705614784,0.23639008274052342
105,f1_strong_t1|f2_strong_t2|f3_dup_a|f4_dup_b|f5_null|f7_weak,111110100,6,-3.62115101852417,0.03081030661829807,1.3614559337345753,1.477332949177237,-3.4834768756941825,0.13767414282998747
105,f1_strong_t1|f2_strong_t2|f3_dup_a|f4_dup_b|f5_null|f8_bigcoef,111110010,6,-3.4212872064590454,0.030083455343152817,1.5613197457997,1.6701641895832289,-3.291528289814737,0.12975891664430828
105,f1_strong_t1|f2_strong_t2|f3_dup_a|f4_dup_b|f5_null|noise_0,111110001,6,-3.761423751783371,0.030806620195703353,1.2211832004753744,1.3235905993032566,-3.6276558993571917,0.13376785242617917
105,f1_strong_t1|f2_strong_t2|f3_dup_a|f4_dup_b|f6_suppressor|f7_weak,111101100,6,-1.952564910697937,0.03360834274224533,3.030042041560808,3.261150304094533,-1.7209297468984697,0.23163516379946736
105,f1_strong_t1|f2_strong_t2|f3_dup_a|f4_dup_b|f6_suppressor|f8_bigcoef,111101010,6,-1.750707189178467,0.033327661237442484,3.2318997630802784,3.4539815445005253,-1.5289811610190234,0.22172602815944353
105,f1_strong_t1|f2_strong_t2|f3_dup_a|f4_dup_b|f6_suppressor|noise_0,111101001,6,-2.0871166955947875,0.033441295555527176,2.8954902566639578,3.1074079542205526,-1.8651087705614784,0.22200792503330913
105,f1_strong_t1|f2_strong_t2|f3_dup_a|f4_dup_b|f7_weak|f8_bigcoef,111100110,6,-3.33950622215271,0.030941974490994527,1.6431007301060352,1.752921408822016,-3.2072424416003145,0.13226378055239563
105,f1_strong_t1|f2_strong_t2|f3_dup_a|f4_dup_b|f7_weak|noise_0,111100101,6,-3.6177003132343293,0.030583953149858553,1.364906639024416,1.477332949177237,-3.4834768756941825,0.13422343754014676
105,f1_strong_t1|f2_strong_t2|f3_dup_a|f4_dup_b|f8_bigcoef|noise_0,111100011,6,-3.4205473086833953,0.029774112434967845,1.56205964357535,1.6701641895832289,-3.291528289814737,0.1290190188686582
105,f1_strong_t1|f2_strong_t2|f3_dup_a|f5_null|f6_suppressor|f7_weak,111011100,6,-1.9875588286399841,0.03212740597566616,2.995048123618761,3.2509530369233715,-1.7315571910075949,0.25600163763238926
105,f1_strong_t1|f2_strong_t2|f3_dup_a|f5_null|f6_suppressor|f8_bigcoef,111011010,6,-1.7865029014587401,0.03152701583821399,3.196104050800005,3.443784277329364,-1.539608605128149,0.24689429633059112
105,f1_strong_t1|f2_strong_t2|f3_dup_a|f5_null|f6_suppressor|noise_0,111011001,6,-2.113383712100983,0.031694354280663556,2.8692232401577624,3.097210687049391,-1.875736214670604,0.23764749743037883
105,f1_strong_t1|f2_strong_t2|f3_dup_a|f5_null|f7_weak|f8_bigcoef,111010110,6,-3.357200475549698,0.029517009329376145,1.6254064767090473,1.742724141650854,-3.21786988570944,0.13933058984025815
105,f1_strong_t1|f2_strong_t2|f3_dup_a|f5_null|f7_weak|noise_0,111010101,6,-3.6308273914813993,0.029155932273352673,1.351779560777346,1.467135682006075,-3.4941043198033093,0.13672307167809006
105,f1_strong_t1|f2_strong_t2|f3_dup_a|f5_null|f8_bigcoef|noise_0,111010011,6,-3.4308202217578887,0.028539034423028204,1.5517867305008566,1.6599669224120674,-3.302155733923863,0.12866448783402573
105,f1_strong_t1|f2_strong_t2|f3_dup_a|f6_suppressor|f7_weak|f8_bigcoef,111001110,6,-1.6996035593986512,0.03241482975393884,3.283003392860094,3.52654149656815,-1.455322756913727,0.24428080248492412
105,f1_strong_t1|f2_strong_t2|f3_dup_a|f6_suppressor|f7_weak|noise_0,111001101,6,-1.9676696038246155,0.03180645276249973,3.0149373484341297,3.2509530369233715,-1.7315571910075949,0.23611241281702067
105,f1_strong_t1|f2_strong_t2|f3_dup_a|f6_suppressor|f8_bigcoef|noise_0,111001011,6,-1.7744843316078187,0.031051947946586597,3.2081226206509266,3.443784277329364,-1.539608605128149,0.2348757264796697
105,f1_strong_t1|f2_strong_t2|f3_dup_a|f7_weak|f8_bigcoef|noise_0,111000111,6,-3.35481520819664,0.029239752013085315,1.6277917440621055,1.742724141650854,-3.2178698857094394,0.13694532248720037
105,f1_strong_t1|f2_strong_t2|f4_dup_b|f5_null|f6_suppressor|f7_weak,110111100,6,-1.976018424320221,0.03139990163719575,3.0065885279385243,3.2509530369233715,-1.7299130192484211,0.2461054050717999
105,f1_strong_t1|f2_strong_t2|f4_dup_b|f5_null|f6_suppressor|f8_bigcoef,110111010,6,-1.7864731223106385,0.031297926639739716,3.196133829948107,3.443784277329364,-1.5379644333689753,0.24850868894166322
105,f1_strong_t1|f2_strong_t2|f4_dup_b|f5_null|f6_suppressor|noise_0,110111001,6,-2.10876344575882,0.031237488503428324,2.8738435064999255,3.097210687049391,-1.8740920429114303,0.23467140284738952
105,f1_strong_t1|f2_strong_t2|f4_dup_b|f5_null|f7_weak|f8_bigcoef,110110110,6,-3.3594819105148317,0.029100075015396562,1.6231250417439136,1.742724141650854,-3.216225713950266,0.14325619656456556
105,f1_strong_t1|f2_strong_t2|f4_dup_b|f5_null|f7_weak|noise_0,110110101,6,-3.6297978200435637,0.02856237009469165,1.3528091322151816,1.467135682006075,-3.492460148044135,0.1373376719994286
105,f1_strong_t1|f2_strong_t2|f4_dup_b|f5_null|f8_bigcoef|noise_0,110110011,6,-3.4304639713287353,0.027935002587589138,1.55214298093001,1.6599669224120674,-3.3005115621646897,0.1299524091640456
105,f1_strong_t1|f2_strong_t2|f4_dup_b|f6_suppressor|f7_weak|f8_bigcoef,110101110,6,-1.6937439630508422,0.032075693411367935,3.288862989207903,3.52654149656815,-1.4536785851545533,0.2400653778962889
105,f1_strong_t1|f2_strong_t2|f4_dup_b|f6_suppressor|f7_weak|noise_0,110101101,6,-1.9599604122638703,0.03099974554265072,3.022646539994875,3.2509530369233715,-1.7299130192484216,0.23004739301544874
105,f1_strong_t1|f2_strong_t2|f4_dup_b|f6_suppressor|f8_bigcoef|noise_0,110101011,6,-1.7690004979133607,0.03090986424052037,3.213606454345385,3.443784277329364,-1.5379644333689753,0.2310360645443854
105,f1_strong_t1|f2_strong_t2|f4_dup_b|f7_weak|f8_bigcoef|noise_0,110100111,6,-3.3560265181064604,0.02885673079458468,1.626580434152285,1.742724141650854,-3.216225713950266,0.13980080415619422
105,f1_strong_t1|f2_strong_t2|f5_null|f6_suppressor|f7_weak|f8_bigcoef,110011110,6,-2.006421709728241,0.03444590423018388,2.976185242530504,3.201048311700317,-1.765882390628082,0.24053931910015902
105,f1_strong_t1|f2_strong_t2|f5_null|f6_suppressor|f7_weak|noise_0,110011101,6,-2.263990580224991,0.03364085156851661,2.7186163720337544,2.9254598520555377,-2.0421168247219508,0.22187375550304012
105,f1_strong_t1|f2_strong_t2|f5_null|f6_suppressor|f8_bigcoef|noise_0,110011011,6,-2.0758102975845336,0.03341161875032319,2.9067966546742117,3.11829109246153,-1.8501682388425047,0.22564205874202892
105,f1_strong_t1|f2_strong_t2|f5_null|f7_weak|f8_bigcoef|noise_0,110010111,6,-3.649328563070297,0.031229922711949416,1.333278389188448,1.4172309567830204,-3.528429519423795,0.12089904364650206
105,f1_strong_t1|f2_strong_t2|f6_suppressor|f7_weak|f8_bigcoef|noise_0,110001111,6,-1.9861614033699035,0.03392992209715544,2.9964455488888415,3.201048311700317,-1.765882390628082,0.2202790127418215
105,f1_strong_t1|f3_dup_a|f4_dup_b|f5_null|f6_suppressor|f7_weak,101111100,6,-2.753415735530853,0.03453344094713126,2.229191216727892,2.456431347877483,-2.543863855140388,0.20955188039046524
105,f1_strong_t1|f3_dup_a|f4_dup_b|f5_null|f6_suppressor|f8_bigcoef,101111010,6,-2.5736367277145384,0.034426953381169044,2.408970224544207,2.6492625882834755,-2.3519152692609415,0.22172145845359692
105,f1_strong_t1|f3_dup_a|f4_dup_b|f5_null|f6_suppressor|noise_0,101111001,6,-2.8926557185173034,0.034538964990865686,2.089951233741442,2.302688998003503,-2.688042878803397,0.20461283971390642
105,f1_strong_t1|f3_dup_a|f4_dup_b|f5_null|f7_weak|f8_bigcoef,101110110,6,-4.1509918452262875,0.031935283746510404,0.8316151070324578,0.9482024526049658,-4.030176549842233,0.12081529538405444
105,f1_strong_t1|f3_dup_a|f4_dup_b|f5_null|f7_weak|noise_0,101110101,6,-4.42166247625351,0.03165780296675283,0.5609444760052353,0.6726139929601865,-4.306410983936101,0.11525149231740883
105,f1_strong_t1|f3_dup_a|f4_dup_b|f5_null|f8_bigcoef|noise_0,101110011,6,-4.2308674247741695,0.0312760634045462,0.7517395274845757,0.8654452333661787,-4.114462398056656,0.11640502671751385
105,f1_strong_t1|f3_dup_a|f4_dup_b|f6_suppressor|f7_weak|f8_bigcoef,101101110,6,-2.478506947040558,0.03420277335950492,2.5041000052181874,2.732019807522262,-2.267629421046519,0.21087752599403897
105,f1_strong_t1|f3_dup_a|f4_dup_b|f6_suppressor|f7_weak|noise_0,101101101,6,-2.743527182483673,0.03353239758432494,2.2390797697750724,2.456431347877483,-2.543863855140388,0.19966332734328507
105,f1_strong_t1|f3_dup_a|f4_dup_b|f6_suppressor|f8_bigcoef|noise_0,101101011,6,-2.5536606061935423,0.03338250798444061,2.428946346065203,2.6492625882834755,-2.3519152692609415,0.20174533693260077
105,f1_strong_t1|f3_dup_a|f4_dup_b|f7_weak|f8_bigcoef|noise_0,101100111,6,-4.151702811717987,0.03153169076446545,0.830904140540758,0.9482024526049658,-4.030176549842233,0.12152626187575422
105,f1_strong_t1|f3_dup_a|f5_null|f6_suppressor|f7_weak|f8_bigcoef,101011110,6,-2.521286577987671,0.03290917318454776,2.4613203742710743,2.7218225403511003,-2.278256865155645,0.2430297128320258
105,f1_strong_t1|f3_dup_a|f5_null|f6_suppressor|f7_weak|noise_0,101011101,6,-2.76382772397995,0.032070982882929804,2.2187792282787955,2.446234080706321,-2.5544912992495132,0.20933642473043657
105,f1_strong_t1|f3_dup_a|f5_null|f6_suppressor|f8_bigcoef|noise_0,101011011,6,-2.583221436691284,0.03180511765920777,2.3993855155674613,2.639065321112313,-2.362542713370068,0.22067872332121619
105,f1_strong_t1|f3_dup_a|f5_null|f7_weak|f8_bigcoef|noise_0,101010111,6,-4.167570461702347,0.030084472819737074,0.8150364905563983,0.938005185433804,-4.040803993951359,0.1267664677509881
105,f1_strong_t1|f3_dup_a|f6_suppressor|f7_weak|f8_bigcoef|noise_0,101001111,6,-2.507153033542633,0.031855383213535385,2.4754539187161124,2.7218225403511003,-2.278256865155645,0.22889616838698768
105,f1_strong_t1|f4_dup_b|f5_null|f6_suppressor|f7_weak|f8_bigcoef,100111110,6,-2.5283454073905944,0.03318373408796498,2.454261544868151,2.7218225403511003,-2.2766126933964714,0.251732713994123
105,f1_strong_t1|f4_dup_b|f5_null|f6_suppressor|f7_weak|noise_0,100111101,6,-2.764349155521393,0.031946309191798444,2.2182577967373525,2.446234080706321,-2.55284712749034,0.2115020280310529
105,f1_strong_t1|f4_dup_b|f5_null|f6_suppressor|f8_bigcoef|noise_0,100111011,6,-2.5714293809890747,0.032111302544256703,2.4111775712696706,2.639065321112313,-2.3608985416108945,0.21053083937818018
105,f1_strong_t1|f4_dup_b|f5_null|f7_weak|f8_bigcoef|noise_0,100110111,6,-4.16936547908783,0.030288575358635144,0.8132414731709154,0.938005185433804,-4.039159822192186,0.13020565689564378
105,f1_strong_t1|f4_dup_b|f6_suppressor|f7_weak|f8_bigcoef|noise_0,100101111,6,-2.492158577632904,0.03208301234811738,2.4904483746258412,2.7218225403511003,-2.2766126933964714,0.21554588423643262
105,f1_strong_t1|f5_null|f6_suppressor|f7_weak|f8_bigcoef|noise_0,100011111,6,-2.7957592252731325,0.03444266636578466,2.186847726985613,2.3963293554832665,-2.588816498870001,0.2069427264031316
105,f2_strong_t2|f3_dup_a|f4_dup_b|f5_null|f6_suppressor|f7_weak,011111100,6,-3.7972588022232054,0.031181831957318353,1.1853481500355398,1.2941517581300257,-3.660209718092013,0.13704908413119243
105,f2_strong_t2|f3_dup_a|f4_dup_b|f5_null|f6_suppressor|f8_bigcoef,011111010,6,-3.597899823331833,0.030740204368487064,1.3847071289269124,1.4869829985360181,-3.4682611322125676,0.1296386911192653
105,f2_strong_t2|f3_dup_a|f4_dup_b|f5_null|f6_suppressor|noise_0,011111001,6,-3.9363474831104277,0.031245095389175366,1.0462594691483176,1.1404094082560454,-3.8043887417550226,0.13195874135540508
105,f2_strong_t2|f3_dup_a|f4_dup_b|f5_null|f7_weak|f8_bigcoef,011110110,6,-3.497776543998718,0.031024392919500734,1.4848304082600272,1.5697402177748048,-3.3839752839981445,0.11380126000057356
105,f2_strong_t2|f3_dup_a|f4_dup_b|f5_null|f7_weak|noise_0,011110101,6,-3.779055663204193,0.03040163364736614,1.2035512890545523,1.2941517581300257,-3.660209718092013,0.11884594511217994
105,f2_strong_t2|f3_dup_a|f4_dup_b|f5_null|f8_bigcoef|noise_0,011110011,6,-3.5768433937072754,0.030213383186191444,1.4057635585514698,1.4869829985360181,-3.4682611322125676,0.10858226149470784
105,f2_strong_t2|f3_dup_a|f4_dup_b|f6_suppressor|f7_weak|f8_bigcoef,011101110,6,-3.510802141571045,0.03138889480737053,1.4718048106877002,1.5697402177748048,-3.3839752839981445,0.12682685757290058
105,f2_strong_t2|f3_dup_a|f4_dup_b|f6_suppressor|f7_weak|noise_0,011101101,6,-3.7853983406066893,0.030745921974862134,1.197208611652056,1.2941517581300257,-3.660209718092013,0.12518862251467633
105,f2_strong_t2|f3_dup_a|f4_dup_b|f6_suppressor|f8_bigcoef|noise_0,011101011,6,-3.5903603256225587,0.03021274314306599,1.3922466266361866,1.4869829985360181,-3.4682611322125676,0.12209919340999109
105,f2_strong_t2|f3_dup_a|f4_dup_b|f7_weak|f8_bigcoef|noise_0,011100111,6,-3.492697709560394,0.030588286354979385,1.4899092426983511,1.5697402177748048,-3.3839752839981445,0.10872242556224965
105,f2_strong_t2|f3_dup_a|f5_null|f6_suppressor|f7_weak|f8_bigcoef,011011110,6,-3.5232307383060455,0.02963141515137062,1.4593762139526998,1.5595429506036433,-3.3946027281072713,0.12862801019877423
105,f2_strong_t2|f3_dup_a|f5_null|f6_suppressor|f7_weak|noise_0,011011101,6,-3.7945163873672487,0.02897634149168144,1.1880905648914966,1.2839544909588643,-3.6708371622011393,0.12367922516610941
105,f2_strong_t2|f3_dup_a|f5_null|f6_suppressor|f8_bigcoef|noise_0,011011011,6,-3.5987205585002897,0.028625112801311664,1.3838863937584556,1.4767857313648562,-3.478888576321694,0.11983198217859581
105,f2_strong_t2|f3_dup_a|f5_null|f7_weak|f8_bigcoef|noise_0,011010111,6,-3.5056784463882447,0.029541059389609006,1.4769285058705006,1.5595429506036433,-3.3946027281072713,0.1110757182809734
105,f2_strong_t2|f3_dup_a|f6_suppressor|f7_weak|f8_bigcoef|noise_0,011001111,6,-3.512632682609558,0.029215866312789957,1.469974269649187,1.5595429506036433,-3.3946027281072713,0.11802995450228693
105,f2_strong_t2|f4_dup_b|f5_null|f6_suppressor|f7_weak|f8_bigcoef,010111110,6,-3.522719401741028,0.029302988351497913,1.4598875505177173,1.5595429506036433,-3.392958556348098,0.12976084539292998
105,f2_strong_t2|f4_dup_b|f5_null|f6_suppressor|f7_weak|noise_0,010111101,6,-3.7919303981781005,0.028552974958329612,1.1906765540806448,1.2839544909588643,-3.669192990441967,0.12273740773613362
105,f2_strong_t2|f4_dup_b|f5_null|f6_suppressor|f8_bigcoef|noise_0,010111011,6,-3.593812335395813,0.028184680432200137,1.3887946168629322,1.4767857313648562,-3.4772444045625206,0.11656793083329253
105,f2_strong_t2|f4_dup_b|f5_null|f7_weak|f8_bigcoef|noise_0,010110111,6,-3.5088063403606413,0.029164426877617982,1.473800611898104,1.5595429506036433,-3.392958556348098,0.11584778401254336
105,f2_strong_t2|f4_dup_b|f6_suppressor|f7_weak|f8_bigcoef|noise_0,010101111,6,-3.513345001745224,0.028932745915919548,1.4692619505135212,1.5595429506036433,-3.392958556348098,0.12038644539712617
105,f2_strong_t2|f5_null|f6_suppressor|f7_weak|f8_bigcoef|noise_0,010011111,6,-3.810576418018341,0.03112792223568341,1.1720305342404043,1.2340497657358096,-3.705162361821627,0.10541405619671407
105,f3_dup_a|f4_dup_b|f5_null|f6_suppressor|f7_weak|f8_bigcoef,001111110,6,-4.319827986001968,0.03211335186751643,0.6627789662567771,0.7650212615577549,-4.206909392240064,0.11291859376190416
105,f3_dup_a|f4_dup_b|f5_null|f6_suppressor|f7_weak|noise_0,001111101,6,-4.586796887683868,0.031679482494532334,0.395810064574877,0.48943280191297556,-4.483143826333933,0.10365306134993535
105,f3_dup_a|f4_dup_b|f5_null|f6_suppressor|f8_bigcoef|noise_0,001111011,6,-4.397275373029709,0.031414734020370025,0.5853315792290363,0.682264042318968,-4.291195240454487,0.10608013257522231
105,f3_dup_a|f4_dup_b|f5_null|f7_weak|f8_bigcoef|noise_0,001110111,6,-4.306805716371536,0.031564986357281145,0.6758012358872092,0.7650212615577549,-4.206909392240064,0.09989632413147209
105,f3_dup_a|f4_dup_b|f6_suppressor|f7_weak|f8_bigcoef|noise_0,001101111,6,-4.311370963287353,0.03155306106929446,0.6712359889713921,0.7650212615577549,-4.206909392240064,0.10446157104728915
105,f3_dup_a|f5_null|f6_suppressor|f7_weak|f8_bigcoef|noise_0,001011111,6,-4.3240760269165035,0.029856481053860125,0.6585309253422418,0.7548239943865932,-4.21753683634919,0.10653919056731365
105,f4_dup_b|f5_null|f6_suppressor|f7_weak|f8_bigcoef|noise_0,000111111,6,-4.3217338589668275,0.030181235320270613,0.6608730932919178,0.7548239943865932,-4.215892664590016,0.10584119437681139
105,f1_strong_t1|f2_strong_t2|f3_dup_a|f4_dup_b|f5_null|f6_suppressor|f7_weak,111111100,7,-1.962251731300354,0.034085625608957164,3.0203552209583915,3.261150304094533,-1.7209297468984697,0.24132198440188435
105,f1_strong_t1|f2_strong_t2|f3_dup_a|f4_dup_b|f5_null|f6_suppressor|f8_bigcoef,111111010,7,-1.760030371952057,0.03346348430724634,3.222576580306688,3.4539815445005253,-1.5289811610190234,0.23104921093303354
105,f1_strong_t1|f2_strong_t2|f3_dup_a|f4_dup_b|f5_null|f6_suppressor|noise_0,111111001,7,-2.0962479034423827,0.033785912828644266,2.8863590488163626,3.1074079542205526,-1.8651087705614784,0.23113913288090426
105,f1_strong_t1|f2_strong_t2|f3_dup_a|f4_dup_b|f5_null|f7_weak|f8_bigcoef,111110110,7,-3.340911689901352,0.031057283521008037,1.6416952623573935,1.752921408822016,-3.2072424416003145,0.13366924830103732
105,f1_strong_t1|f2_strong_t2|f3_dup_a|f4_dup_b|f5_null|f7_weak|noise_0,111110101,7,-3.623399356985092,0.030764556882040783,1.359207595273653,1.477332949177237,-3.4834768756941825,0.13992248129090967
105,f1_strong_t1|f2_strong_t2|f3_dup_a|f4_dup_b|f5_null|f8_bigcoef|noise_0,111110011,7,-3.4243736850738524,0.030147785364092364,1.5582332671848929,1.6701641895832289,-3.291528289814737,0.13284539525911532
105,f1_strong_t1|f2_strong_t2|f3_dup_a|f4_dup_b|f6_suppressor|f7_weak|f8_bigcoef,111101110,7,-1.665586987876892,0.03402921380525991,3.317019964381853,3.5367387637393115,-1.4446953128046012,0.2208916750722909
105,f1_strong_t1|f2_strong_t2|f3_dup_a|f4_dup_b|f6_suppressor|f7_weak|noise_0,111101101,7,-1.9483535011291504,0.033484323674420266,3.0342534511295947,3.261150304094533,-1.7209297468984697,0.22742375423068073
105,f1_strong_t1|f2_strong_t2|f3_dup_a|f4_dup_b|f6_suppressor|f8_bigcoef|noise_0,111101011,7,-1.7555491032600403,0.03312124828142309,3.227057848998705,3.4539815445005253,-1.5289811610190234,0.22656794224101695
105,f1_strong_t1|f2_strong_t2|f3_dup_a|f4_dup_b|f7_weak|f8_bigcoef|noise_0,111100111,7,-3.341836571216583,0.03080415119587637,1.640770381042162,1.752921408822016,-3.2072424416003145,0.1345941296162687
105,f1_strong_t1|f2_strong_t2|f3_dup_a|f5_null|f6_suppressor|f7_weak|f8_bigcoef,111011110,7,-1.7150607472419739,0.03249981547857002,3.2675462050167714,3.52654149656815,-1.4553227569137268,0.25973799032824707
105,f1_strong_t1|f2_strong_t2|f3_dup_a|f5_null|f6_suppressor|f7_weak|noise_0,111011101,7,-1.9842382975101471,0.03198377298770581,2.998368654748598,3.2509530369233715,-1.7315571910075949,0.25268110650255227
105,f1_strong_t1|f2_strong_t2|f3_dup_a|f5_null|f6_suppressor|f8_bigcoef|noise_0,111011011,7,-1.793115126991272,0.03133233146630894,3.1894918252674733,3.443784277329364,-1.539608605128149,0.25350652186312295
105,f1_strong_t1|f2_strong_t2|f3_dup_a|f5_null|f7_weak|f8_bigcoef|noise_0,111010111,7,-3.360376174354553,0.029533826775817985,1.6222307779041922,1.742724141650854,-3.21786988570944,0.14250628864511317
105,f1_strong_t1|f2_strong_t2|f3_dup_a|f6_suppressor|f7_weak|f8_bigcoef|noise_0,111001111,7,-1.6976734174728394,0.031974761166973814,3.284933534785906,3.52654149656815,-1.455322756913727,0.24235066055911236
105,f1_strong_t1|f2_strong_t2|f4_dup_b|f5_null|f6_suppressor|f7_weak|f8_bigcoef,110111110,7,-1.7061305882453919,0.032053785795556435,3.2764763640133534,3.52654149656815,-1.4536785851545533,0.2524520030908386
105,f1_strong_t1|f2_strong_t2|f4_dup_b|f5_null|f6_suppressor|f7_weak|noise_0,110111101,7,-1.972242924118042,0.031223494130622115,3.010364028140703,3.2509530369233715,-1.7299130192484211,0.2423299048696208
105,f1_strong_t1|f2_strong_t2|f4_dup_b|f5_null|f6_suppressor|f8_bigcoef|noise_0,110111011,7,-1.7746855821609497,0.031059393066362614,3.2079213700977958,3.443784277329364,-1.5379644333689753,0.23672114879197448
105,f1_strong_t1|f2_strong_t2|f4_dup_b|f5_null|f7_weak|f8_bigcoef|noise_0,110110111,7,-3.360742238712311,0.029140992227177726,1.6218647135464344,1.742724141650854,-3.216225713950266,0.1445165247620448
105,f1_strong_t1|f2_strong_t2|f4_dup_b|f6_suppressor|f7_weak|f8_bigcoef|noise_0,110101111,7,-1.6853715428352356,0.031498948358037675,3.29723540942351,3.52654149656815,-1.4536785851545533,0.23169295768068232
105,f1_strong_t1|f2_strong_t2|f5_null|f6_suppressor|f7_weak|f8_bigcoef|noise_0,110011111,7,-2.000978528594971,0.03408849650222204,2.9816284236637745,3.201048311700317,-1.765882390628082,0.23509613796688877
105,f1_strong_t1|f3_dup_a|f4_dup_b|f5_null|f6_suppressor|f7_weak|f8_bigcoef,101111110,7,-2.493792330169678,0.0350630623020793,2.4888146220890675,2.732019807522262,-2.267629421046519,0.22616290912315895
105,f1_strong_t1|f3_dup_a|f4_dup_b|f5_null|f6_suppressor|f7_weak|noise_0,101111101,7,-2.7558146369934082,0.03438275275017804,2.226792315265337,2.456431347877483,-2.543863855140388,0.2119507818530204
105,f1_strong_t1|f3_dup_a|f4_dup_b|f5_null|f6_suppressor|f8_bigcoef|noise_0,101111011,7,-2.5605147430419923,0.03417026907802617,2.422092209216753,2.6492625882834755,-2.3519152692609415,0.20859947378105081
105,f1_strong_t1|f3_dup_a|f4_dup_b|f5_null|f7_weak|f8_bigcoef|noise_0,101110111,7,-4.156348667144775,0.032075059173667216,0.8262582851139699,0.9482024526049658,-4.030176549842233,0.1261721173025423
105,f1_strong_t1|f3_dup_a|f4_dup_b|f6_suppressor|f7_weak|f8_bigcoef|noise_0,101101111,7,-2.47456804227829,0.03387351144057636,2.5080389099804554,2.732019807522262,-2.267629421046519,0.20693862123177098
105,f1_strong_t1|f3_dup_a|f5_null|f6_suppressor|f7_weak|f8_bigcoef|noise_0,101011111,7,-2.5134974615097048,0.032612744348378374,2.4691094907490405,2.7218225403511003,-2.278256865155645,0.23524059635405958
105,f1_strong_t1|f4_dup_b|f5_null|f6_suppressor|f7_weak|f8_bigcoef|noise_0,100111111,7,-2.509039664840698,0.0328244827234495,2.473567287418047,2.7218225403511003,-2.2766126933964714,0.23242697144422664
105,f2_strong_t2|f3_dup_a|f4_dup_b|f5_null|f6_suppressor|f7_weak|f8_bigcoef,011111110,7,-3.517030938911438,0.03157921044246079,1.4655760133473072,1.5697402177748048,-3.3839752839981445,0.13305565491329352
105,f2_strong_t2|f3_dup_a|f4_dup_b|f5_null|f6_suppressor|f7_weak|noise_0,011111101,7,-3.795857776117325,0.03110227839768492,1.1867491761414204,1.2941517581300257,-3.660209718092013,0.13564805802531188
105,f2_strong_t2|f3_dup_a|f4_dup_b|f5_null|f6_suppressor|f8_bigcoef|noise_0,011111011,7,-3.5997083693504335,0.030707687896335,1.3828985829083118,1.4869829985360181,-3.4682611322125676,0.13144723713786588
105,f2_strong_t2|f3_dup_a|f4_dup_b|f5_null|f7_weak|f8_bigcoef|noise_0,011110111,7,-3.49592588224411,0.031058016667979856,1.4866810700146353,1.5697402177748048,-3.3839752839981445,0.11195059824596543
105,f2_strong_t2|f3_dup_a|f4_dup_b|f6_suppressor|f7_weak|f8_bigcoef|noise_0,011101111,7,-3.5075041578769683,0.031148450676082882,1.475102794381777,1.5697402177748048,-3.3839752839981445,0.12352887387882383
105,f2_strong_t2|f3_dup_a|f5_null|f6_suppressor|f7_weak|f8_bigcoef|noise_0,011011111,7,-3.523402035999298,0.029631847682892277,1.4592049162594471,1.5595429506036433,-3.3946027281072713,0.12879930789202687
105,f2_strong_t2|f4_dup_b|f5_null|f6_suppressor|f7_weak|f8_bigcoef|noise_0,010111111,7,-3.521132109975815,0.02931479258951646,1.4614748422829305,1.5595429506036433,-3.392958556348098,0.12817355362771687
105,f3_dup_a|f4_dup_b|f5_null|f6_suppressor|f7_weak|f8_bigcoef|noise_0,001111111,7,-4.319559488296509,0.03220590620537866,0.6630474639622363,0.7650212615577549,-4.206909392240064,0.11265009605644494
105,f1_strong_t1|f2_strong_t2|f3_dup_a|f4_dup_b|f5_null|f6_suppressor|f7_weak|f8_bigcoef,111111110,8,-1.6747276925086976,0.03424336397263794,3.307879259750048,3.5367387637393115,-1.4446953128046012,0.2300323797040964
105,f1_strong_t1|f2_strong_t2|f3_dup_a|f4_dup_b|f5_null|f6_suppressor|f7_weak|noise_0,111111101,8,-1.9602269825935363,0.03391061522409973,3.022379969665209,3.261150304094533,-1.7209297468984697,0.23929723569506667
105,f1_strong_t1|f2_strong_t2|f3_dup_a|f4_dup_b|f5_null|f6_suppressor|f8_bigcoef|noise_0,111111011,8,-1.7622595957756042,0.03332160873901984,3.220347356483141,3.4539815445005253,-1.5289811610190234,0.23327843475658083
105,f1_strong_t1|f2_strong_t2|f3_dup_a|f4_dup_b|f5_null|f7_weak|f8_bigcoef|noise_0,111110111,8,-3.343893159770966,0.031098869045537998,1.6387137924877795,1.752921408822016,-3.2072424416003145,0.13665071817065133
105,f1_strong_t1|f2_strong_t2|f3_dup_a|f4_dup_b|f6_suppressor|f7_weak|f8_bigcoef|noise_0,111101111,8,-1.6641916944503785,0.03355175634190289,3.3184152578083665,3.5367387637393115,-1.4446953128046012,0.21949638164577734
105,f1_strong_t1|f2_strong_t2|f3_dup_a|f5_null|f6_suppressor|f7_weak|f8_bigcoef|noise_0,111011111,8,-1.711590924835205,0.032163985101678866,3.2710160274235403,3.52654149656815,-1.4553227569137268,0.2562681679214782
105,f1_strong_t1|f2_strong_t2|f4_dup_b|f5_null|f6_suppressor|f7_weak|f8_bigcoef|noise_0,110111111,8,-1.697615168762207,0.031731762249080336,3.2849917834965385,3.52654149656815,-1.4536785851545533,0.2439365836076537
105,f1_strong_t1|f3_dup_a|f4_dup_b|f5_null|f6_suppressor|f7_weak|f8_bigcoef|noise_0,101111111,8,-2.4814401379585265,0.03466988498290349,2.501166814300219,2.732019807522262,-2.267629421046519,0.2138107169120076
105,f2_strong_t2|f3_dup_a|f4_dup_b|f5_null|f6_suppressor|f7_weak|f8_bigcoef|noise_0,011111111,8,-3.5167538230895996,0.031562684576862406,1.4658531291691457,1.5697402177748048,-3.3839752839981445,0.1327785390914551
105,f1_strong_t1|f2_strong_t2|f3_dup_a|f4_dup_b|f5_null|f6_suppressor|f7_weak|f8_bigcoef|noise_0,111111111,9,-1.6708198739051818,0.03390274869984,3.3117870783535635,3.5367387637393115,-1.4446953128046012,0.22612456110058066
