seed,model,epoch,training_loss,validation_loss
0,masked_npe,0,5.148279997018667,5.062450408935547
0,masked_npe,1,4.881142799670879,4.873664379119873
0,masked_npe,2,4.707690789149358,4.721518039703369
0,masked_npe,3,4.544983460352971,4.489692211151123
0,masked_npe,4,4.372037007258489,4.332728385925293
0,masked_npe,5,4.264521415417011,4.2494025230407715
0,masked_npe,6,4.21401753792396,4.222119092941284
0,masked_npe,7,4.1759388997004585,4.224287033081055
0,masked_npe,8,4.154487353104812,4.206400632858276
0,masked_npe,9,4.1434353314913235,4.137343168258667
0,masked_npe,10,4.108039452479436,4.201602220535278
0,masked_npe,11,4.113013230837309,4.154232025146484
0,masked_npe,12,4.057136297225952,4.182006359100342
0,masked_npe,13,4.0330657592186565,4.104482889175415
0,masked_npe,14,4.0178281894096965,4.017848968505859
0,masked_npe,15,3.9882791959322414,4.057205438613892
0,masked_npe,16,3.954445710548988,4.014474868774414
0,masked_npe,17,3.92657470703125,4.0336761474609375
0,masked_npe,18,3.927369007697472,3.9495315551757812
0,masked_npe,19,3.879632436312162,3.9459803104400635
0,masked_npe,20,3.8219251816089335,3.888375401496887
0,masked_npe,21,3.825422378686758,3.894599676132202
0,masked_npe,22,3.771985182395348,3.8579769134521484
0,masked_npe,23,3.764767335011409,3.790256977081299
0,masked_npe,24,3.696735455439641,3.829225182533264
0,masked_npe,25,3.7021299325502834,3.760082721710205
0,masked_npe,26,3.6796722962306094,3.7700084447860718
0,masked_npe,27,3.6730704490955057,3.7585514783859253
0,masked_npe,28,3.655587233029879,3.7055166959762573
0,masked_npe,29,3.6259181316082296,3.6804150342941284
0,masked_npe,30,3.638661366242629,3.7590807676315308
0,masked_npe,31,3.5882598069997935,3.6566171646118164
0,masked_npe,32,3.6185966638418345,3.665845036506653
0,masked_npe,33,3.5850242101229153,3.659355878829956
0,masked_npe,34,3.602841303898738,3.65323007106781
0,masked_npe,35,3.5951804564549374,3.6358044147491455
0,masked_npe,36,3.560894727706909,3.641102910041809
0,masked_npe,37,3.585725344144381,3.6787999868392944
0,masked_npe,38,3.5456980008345385,3.654232144355774
0,masked_npe,39,3.5615903781010556,3.5917766094207764
0,masked_npe,40,3.5427619493924656,3.6588655710220337
0,masked_npe,41,3.559517640333909,3.6332653760910034
0,masked_npe,42,3.527940878501305,3.65736985206604
0,masked_npe,43,3.548270445603591,3.5930378437042236
0,masked_npe,44,3.5641635748056264,3.6273692846298218
0,masked_npe,45,3.5226465922135572,3.6378597021102905
0,masked_npe,46,3.516402134528527,3.663125514984131
0,masked_npe,47,3.4944941263932447,3.561790108680725
0,masked_npe,48,3.51849915431096,3.604275703430176
0,masked_npe,49,3.5196187679584208,3.6122641563415527
0,masked_npe,50,3.4967027444105883,3.649239420890808
0,masked_npe,51,3.491526878797091,3.6283198595046997
0,masked_npe,52,3.554248516376202,3.5967007875442505
0,masked_npe,53,3.486150099680974,3.5751729011535645
0,masked_npe,54,3.4878682906811056,3.6393104791641235
0,masked_npe,55,3.4889400005340576,3.600619316101074
0,masked_npe,56,3.483978216464703,3.611586093902588
0,masked_npe,57,3.482494299228375,3.617956280708313
0,masked_npe,58,3.5309047515575704,3.6500359773635864
0,masked_npe,59,3.4955873672778788,3.5681018829345703
0,masked_npe,60,3.487186615283673,3.5995813608169556
0,masked_npe,61,3.496975825383113,3.634252429008484
0,masked_npe,62,3.4520624784322886,3.5677146911621094
0,masked_npe,63,3.5366498140188365,3.5528563261032104
0,masked_npe,64,3.432732490392832,3.595945119857788
0,masked_npe,65,3.4717223277458777,3.587015151977539
0,masked_npe,66,3.4612112778883715,3.5905836820602417
0,masked_npe,67,3.5157351310436544,3.5859395265579224
0,masked_npe,68,3.495635747909546,3.6053054332733154
0,masked_npe,69,3.4439588143275333,3.5702680349349976
0,masked_npe,70,3.4715849252847524,3.5370614528656006
0,masked_npe,71,3.46985125541687,3.6195695400238037
0,masked_npe,72,3.4747611375955434,3.574462890625
0,masked_npe,73,3.4937250797565165,3.6227328777313232
0,masked_npe,74,3.4981167316436768,3.593935489654541
0,masked_npe,75,3.500993398519663,3.5807650089263916
0,masked_npe,76,3.479366339170016,3.589371681213379
0,masked_npe,77,3.451600221487192,3.538976550102234
0,masked_npe,78,3.464567404526931,3.5831093788146973
0,masked_npe,79,3.4804588647989125,3.6009340286254883
0,masked_npe,80,3.4611169741703915,3.589463949203491
0,masked_npe,81,3.4779502061697154,3.583334445953369
0,masked_npe,82,3.4478735006772556,3.558814525604248
0,masked_npe,83,3.4669181566972,3.6082520484924316
0,masked_npe,84,3.425693695361798,3.6134681701660156
0,masked_npe,85,3.430125878407405,3.59149169921875
0,masked_npe,86,3.485346720768855,3.6326712369918823
0,masked_npe,87,3.4203463884500356,3.628198504447937
0,masked_npe,88,3.4518759067241964,3.6546660661697388
0,masked_npe,89,3.4773329954880934,3.62062668800354
0,masked_npe,90,3.463811599291288,3.5971648693084717
0,masked_npe,91,3.4763575884012075,3.5604875087738037
0,masked_npe,92,3.442095059614915,3.595746159553528
0,masked_npe,93,3.471882471671471,3.58060359954834
0,masked_npe,94,3.4375945237966685,3.6542327404022217
0,masked_npe,95,3.439917124234713,3.579137921333313
0,single_feature_f1_strong_t1,0,5.17582709972675,5.021359920501709
0,single_feature_f1_strong_t1,1,4.881938274090107,4.925172328948975
0,single_feature_f1_strong_t1,2,4.831530791062575,4.880651473999023
0,single_feature_f1_strong_t1,3,4.812700895162729,4.843738555908203
0,single_feature_f1_strong_t1,4,4.794450833247258,4.9044740200042725
0,single_feature_f1_strong_t1,5,4.7858902491056,4.8383870124816895
0,single_feature_f1_strong_t1,6,4.78214799440824,4.860087633132935
0,single_feature_f1_strong_t1,7,4.774307361015906,4.89738655090332
0,single_feature_f1_strong_t1,8,4.771505722632775,4.885333299636841
0,single_feature_f1_strong_t1,9,4.771188662602351,4.932556629180908
0,single_feature_f1_strong_t1,10,4.772621081425593,4.88822865486145
0,single_feature_f1_strong_t1,11,4.770502603971041,4.869152784347534
0,single_feature_f1_strong_t1,12,4.764146584730882,4.920124053955078
0,single_feature_f1_strong_t1,13,4.754025239210862,4.872607946395874
0,single_feature_f1_strong_t1,14,4.750630928919866,4.895978212356567
0,single_feature_f1_strong_t1,15,4.755727181067834,4.924031734466553
0,single_feature_f1_strong_t1,16,4.747267539684589,4.9103617668151855
0,single_feature_f1_strong_t1,17,4.7478766074547405,4.887578248977661
0,single_feature_f1_strong_t1,18,4.749399111821101,4.902263402938843
0,single_feature_f1_strong_t1,19,4.743668482853816,4.888960361480713
0,single_feature_f1_strong_t1,20,4.740102584545429,4.896039009094238
0,single_feature_f1_strong_t1,21,4.738344192504883,4.896098375320435
0,single_feature_f1_strong_t1,22,4.739847329946665,4.889434814453125
0,single_feature_f1_strong_t1,23,4.734906343313364,4.9205851554870605
0,single_feature_f1_strong_t1,24,4.729310072385347,4.893695831298828
0,single_feature_f1_strong_t1,25,4.718941725217379,4.905059576034546
0,single_feature_f1_strong_t1,26,4.721919719989483,4.899357080459595
0,single_feature_f1_strong_t1,27,4.7150175754840555,4.904360294342041
0,single_feature_f1_strong_t1,28,4.7191685896653395,4.9339659214019775
0,single_feature_f1_strong_t1,29,4.71617683997521,4.920571565628052
0,single_feature_f1_strong_t1,30,4.710995050577017,4.95125412940979
0,single_feature_f2_strong_t2,0,5.160438170799842,4.969302415847778
0,single_feature_f2_strong_t2,1,4.75416689652663,4.699632167816162
0,single_feature_f2_strong_t2,2,4.492930852449858,4.44975471496582
0,single_feature_f2_strong_t2,3,4.346833082345816,4.363830327987671
0,single_feature_f2_strong_t2,4,4.288280230302077,4.3653950691223145
0,single_feature_f2_strong_t2,5,4.25001258116502,4.295732259750366
0,single_feature_f2_strong_t2,6,4.233814973097581,4.299837350845337
0,single_feature_f2_strong_t2,7,4.2171981884883,4.331414222717285
0,single_feature_f2_strong_t2,8,4.203716168036828,4.309361219406128
0,single_feature_f2_strong_t2,9,4.2024934475238505,4.352168321609497
0,single_feature_f2_strong_t2,10,4.200323471656213,4.321728944778442
0,single_feature_f2_strong_t2,11,4.196873371417706,4.294665813446045
0,single_feature_f2_strong_t2,12,4.191440949073205,4.33463978767395
0,single_feature_f2_strong_t2,13,4.180450989649846,4.308490991592407
0,single_feature_f2_strong_t2,14,4.177253833183875,4.31385612487793
0,single_feature_f2_strong_t2,15,4.182059838221623,4.304616451263428
0,single_feature_f2_strong_t2,16,4.174927491408128,4.328624248504639
0,single_feature_f2_strong_t2,17,4.169332577632024,4.299418926239014
0,single_feature_f2_strong_t2,18,4.175314903259277,4.3043389320373535
0,single_feature_f2_strong_t2,19,4.1657233605018025,4.2740068435668945
0,single_feature_f2_strong_t2,20,4.155190761272724,4.314167737960815
0,single_feature_f2_strong_t2,21,4.157954069284292,4.315197229385376
0,single_feature_f2_strong_t2,22,4.155196630037748,4.310514450073242
0,single_feature_f2_strong_t2,23,4.1536790407620945,4.29519248008728
0,single_feature_f2_strong_t2,24,4.149312716263991,4.292707204818726
0,single_feature_f2_strong_t2,25,4.143460823939397,4.306436777114868
0,single_feature_f2_strong_t2,26,4.141298587505634,4.271677494049072
0,single_feature_f2_strong_t2,27,4.135225222660945,4.323930025100708
0,single_feature_f2_strong_t2,28,4.1427076413081245,4.352564096450806
0,single_feature_f2_strong_t2,29,4.136706792391264,4.3484885692596436
0,single_feature_f2_strong_t2,30,4.134130111107459,4.359623432159424
0,single_feature_f2_strong_t2,31,4.131062782727755,4.290497541427612
0,single_feature_f2_strong_t2,32,4.123691925635705,4.360347032546997
0,single_feature_f2_strong_t2,33,4.12064240528987,4.2761688232421875
0,single_feature_f2_strong_t2,34,4.1241790331327,4.353527069091797
0,single_feature_f2_strong_t2,35,4.131461290212778,4.318000793457031
0,single_feature_f2_strong_t2,36,4.124475552485539,4.276634693145752
0,single_feature_f2_strong_t2,37,4.110480308532715,4.3110692501068115
0,single_feature_f2_strong_t2,38,4.109516767355112,4.3083624839782715
0,single_feature_f2_strong_t2,39,4.117704666577852,4.313815593719482
0,single_feature_f2_strong_t2,40,4.112424997182993,4.310079097747803
0,single_feature_f2_strong_t2,41,4.115066748399001,4.340813636779785
0,single_feature_f2_strong_t2,42,4.115751798336323,4.328603744506836
0,single_feature_f2_strong_t2,43,4.107980654789851,4.3584935665130615
0,single_feature_f2_strong_t2,44,4.097712443425105,4.3383948802948
0,single_feature_f2_strong_t2,45,4.105602777921236,4.303677082061768
0,single_feature_f2_strong_t2,46,4.099773260263296,4.290936470031738
0,single_feature_f2_strong_t2,47,4.108101514669565,4.318531513214111
0,single_feature_f2_strong_t2,48,4.099029614375188,4.321272373199463
0,single_feature_f2_strong_t2,49,4.094274154076209,4.338245630264282
0,single_feature_f2_strong_t2,50,4.090812921524048,4.352632522583008
0,single_feature_f2_strong_t2,51,4.091017998181856,4.313190460205078
0,single_feature_f3_dup_a,0,5.109246510725755,4.936688423156738
0,single_feature_f3_dup_a,1,4.790449912731464,4.827153444290161
0,single_feature_f3_dup_a,2,4.712261896867019,4.762395143508911
0,single_feature_f3_dup_a,3,4.673378247481126,4.749598979949951
0,single_feature_f3_dup_a,4,4.658493408790002,4.775487422943115
0,single_feature_f3_dup_a,5,4.6439972290625935,4.718289375305176
0,single_feature_f3_dup_a,6,4.639588062579815,4.732971668243408
0,single_feature_f3_dup_a,7,4.626663904923659,4.763516664505005
0,single_feature_f3_dup_a,8,4.622609028449426,4.762748718261719
0,single_feature_f3_dup_a,9,4.623584197117732,4.7981650829315186
0,single_feature_f3_dup_a,10,4.621634336618277,4.751149892807007
0,single_feature_f3_dup_a,11,4.619037811572735,4.7303853034973145
0,single_feature_f3_dup_a,12,4.618515711564284,4.781966686248779
0,single_feature_f3_dup_a,13,4.607599038344163,4.726767539978027
0,single_feature_f3_dup_a,14,4.608558654785156,4.771261930465698
0,single_feature_f3_dup_a,15,4.612968041346623,4.7744739055633545
0,single_feature_f3_dup_a,16,4.595996379852295,4.7589826583862305
0,single_feature_f3_dup_a,17,4.604413142571082,4.743198394775391
0,single_feature_f3_dup_a,18,4.60484713774461,4.779583930969238
0,single_feature_f3_dup_a,19,4.597763134883,4.7326624393463135
0,single_feature_f3_dup_a,20,4.592257719773513,4.743841886520386
0,single_feature_f3_dup_a,21,4.593225919283354,4.750206232070923
0,single_feature_f3_dup_a,22,4.589943188887376,4.7528977394104
0,single_feature_f3_dup_a,23,4.587815101330097,4.760274887084961
0,single_feature_f3_dup_a,24,4.5862716528085565,4.746127367019653
0,single_feature_f3_dup_a,25,4.572072469271147,4.760855674743652
0,single_feature_f3_dup_a,26,4.570838928222656,4.751289367675781
0,single_feature_f3_dup_a,27,4.570465454688439,4.777552366256714
0,single_feature_f3_dup_a,28,4.576095984532283,4.790201902389526
0,single_feature_f3_dup_a,29,4.572610818422758,4.788700103759766
0,single_feature_f3_dup_a,30,4.561164269080529,4.805733680725098
0,single_feature_f4_dup_b,0,5.10798534980187,4.924652338027954
0,single_feature_f4_dup_b,1,4.7906294235816365,4.828734636306763
0,single_feature_f4_dup_b,2,4.71000939149123,4.7616801261901855
0,single_feature_f4_dup_b,3,4.672895284799429,4.746377944946289
0,single_feature_f4_dup_b,4,4.659205400026762,4.766019344329834
0,single_feature_f4_dup_b,5,4.64507715518658,4.714099884033203
0,single_feature_f4_dup_b,6,4.643293417417086,4.7261128425598145
0,single_feature_f4_dup_b,7,4.62682922069843,4.758562326431274
0,single_feature_f4_dup_b,8,4.622857864086445,4.759747266769409
0,single_feature_f4_dup_b,9,4.6247734656700725,4.78914737701416
0,single_feature_f4_dup_b,10,4.620195058675913,4.739374876022339
0,single_feature_f4_dup_b,11,4.616605942065899,4.723186492919922
0,single_feature_f4_dup_b,12,4.6154464574960565,4.782764434814453
0,single_feature_f4_dup_b,13,4.604241334475004,4.717340469360352
0,single_feature_f4_dup_b,14,4.605964330526499,4.773320436477661
0,single_feature_f4_dup_b,15,4.608577801631047,4.7649970054626465
0,single_feature_f4_dup_b,16,4.592472956730769,4.756659746170044
0,single_feature_f4_dup_b,17,4.599721285013052,4.727599382400513
0,single_feature_f4_dup_b,18,4.600533448732817,4.769498825073242
0,single_feature_f4_dup_b,19,4.591518658858079,4.727892875671387
0,single_feature_f4_dup_b,20,4.587317393376277,4.74354887008667
0,single_feature_f4_dup_b,21,4.588468698354868,4.747483491897583
0,single_feature_f4_dup_b,22,4.585195431342492,4.752779483795166
0,single_feature_f4_dup_b,23,4.581923081324651,4.755770683288574
0,single_feature_f4_dup_b,24,4.582197446089524,4.738150596618652
0,single_feature_f4_dup_b,25,4.56757406088022,4.765094757080078
0,single_feature_f4_dup_b,26,4.571448289431059,4.75393533706665
0,single_feature_f4_dup_b,27,4.564820546370286,4.773051977157593
0,single_feature_f4_dup_b,28,4.573231477003831,4.7834556102752686
0,single_feature_f4_dup_b,29,4.572354280031645,4.773519039154053
0,single_feature_f4_dup_b,30,4.561007169576792,4.798574209213257
0,single_feature_f5_null,0,5.20760675577017,5.131734848022461
0,single_feature_f5_null,1,5.011087270883413,5.100315809249878
0,single_feature_f5_null,2,4.9821992287269,5.0643534660339355
0,single_feature_f5_null,3,4.970705435826228,5.045839309692383
0,single_feature_f5_null,4,4.954869673802302,5.0983476638793945
0,single_feature_f5_null,5,4.950521542475774,5.028307914733887
0,single_feature_f5_null,6,4.947018990149865,5.050189971923828
0,single_feature_f5_null,7,4.936343926649827,5.0910210609436035
0,single_feature_f5_null,8,4.935764716221736,5.0822203159332275
0,single_feature_f5_null,9,4.93292129956759,5.136676788330078
0,single_feature_f5_null,10,4.939221602219802,5.070987701416016
0,single_feature_f5_null,11,4.934392415560209,5.061886548995972
0,single_feature_f5_null,12,4.926708258115328,5.119730234146118
0,single_feature_f5_null,13,4.919987018291767,5.05437707901001
0,single_feature_f5_null,14,4.916563070737398,5.084894895553589
0,single_feature_f5_null,15,4.922921144045317,5.108476877212524
0,single_feature_f5_null,16,4.912637637211726,5.092066049575806
0,single_feature_f5_null,17,4.912787400759184,5.058509588241577
0,single_feature_f5_null,18,4.915388547457182,5.092833995819092
0,single_feature_f5_null,19,4.909023541670579,5.068061828613281
0,single_feature_f5_null,20,4.904718802525447,5.0786919593811035
0,single_feature_f5_null,21,4.9005996630742,5.089869976043701
0,single_feature_f5_null,22,4.899784051454985,5.083030700683594
0,single_feature_f5_null,23,4.900428148416372,5.083604335784912
0,single_feature_f5_null,24,4.895295546605037,5.079930543899536
0,single_feature_f5_null,25,4.885582630450909,5.102617263793945
0,single_feature_f5_null,26,4.888512574709379,5.0860419273376465
0,single_feature_f5_null,27,4.881853066957914,5.0954718589782715
0,single_feature_f5_null,28,4.888641540820782,5.1161048412323
0,single_feature_f5_null,29,4.883503620441143,5.115293502807617
0,single_feature_f5_null,30,4.878584935114934,5.138455390930176
0,single_feature_f6_suppressor,0,5.208735906160795,5.148871421813965
0,single_feature_f6_suppressor,1,5.009747505187988,5.116610765457153
0,single_feature_f6_suppressor,2,4.987304027263935,5.066915988922119
0,single_feature_f6_suppressor,3,4.973293927999643,5.049812078475952
0,single_feature_f6_suppressor,4,4.958283277658316,5.107477903366089
0,single_feature_f6_suppressor,5,4.953442353468675,5.035571575164795
0,single_feature_f6_suppressor,6,4.950810505793645,5.056912660598755
0,single_feature_f6_suppressor,7,4.940640522883489,5.100863456726074
0,single_feature_f6_suppressor,8,4.938754558563232,5.085932970046997
0,single_feature_f6_suppressor,9,4.940627794999343,5.137417316436768
0,single_feature_f6_suppressor,10,4.940168674175556,5.082716464996338
0,single_feature_f6_suppressor,11,4.938605235173152,5.068307161331177
0,single_feature_f6_suppressor,12,4.93425255555373,5.131656169891357
0,single_feature_f6_suppressor,13,4.924556732177734,5.062973499298096
0,single_feature_f6_suppressor,14,4.9221409650949335,5.105690956115723
0,single_feature_f6_suppressor,15,4.9279776353102465,5.1159584522247314
0,single_feature_f6_suppressor,16,4.916710230020376,5.109236717224121
0,single_feature_f6_suppressor,17,4.916787184201754,5.068859815597534
0,single_feature_f6_suppressor,18,4.921207171220046,5.101001501083374
0,single_feature_f6_suppressor,19,4.912439016195444,5.077542781829834
0,single_feature_f6_suppressor,20,4.9117829983051005,5.088833332061768
0,single_feature_f6_suppressor,21,4.906804671654334,5.102139472961426
0,single_feature_f6_suppressor,22,4.909966505490816,5.095896244049072
0,single_feature_f6_suppressor,23,4.904964447021484,5.097519636154175
0,single_feature_f6_suppressor,24,4.901493292588454,5.091017246246338
0,single_feature_f6_suppressor,25,4.89050399340116,5.105093479156494
0,single_feature_f6_suppressor,26,4.891176737271822,5.100489616394043
0,single_feature_f6_suppressor,27,4.888570712162898,5.115328788757324
0,single_feature_f6_suppressor,28,4.892359806941106,5.13761568069458
0,single_feature_f6_suppressor,29,4.888475711529072,5.129333257675171
0,single_feature_f6_suppressor,30,4.88516275699322,5.167398691177368
0,single_feature_f7_weak,0,5.164140701293945,5.058160781860352
0,single_feature_f7_weak,1,4.90667882332435,4.98682975769043
0,single_feature_f7_weak,2,4.857996353736291,4.920429706573486
0,single_feature_f7_weak,3,4.840042737814096,4.899474859237671
0,single_feature_f7_weak,4,4.821145204397348,4.958500146865845
0,single_feature_f7_weak,5,4.813145784231333,4.8943681716918945
0,single_feature_f7_weak,6,4.811399349799523,4.901500225067139
0,single_feature_f7_weak,7,4.801336398491492,4.965902090072632
0,single_feature_f7_weak,8,4.795671463012695,4.926091194152832
0,single_feature_f7_weak,9,4.794862637153039,4.986170291900635
0,single_feature_f7_weak,10,4.7975741899930515,4.924896001815796
0,single_feature_f7_weak,11,4.796271617595966,4.9130048751831055
0,single_feature_f7_weak,12,4.790432929992676,4.95757794380188
0,single_feature_f7_weak,13,4.779596071976882,4.907345771789551
0,single_feature_f7_weak,14,4.779139848855825,4.945302963256836
0,single_feature_f7_weak,15,4.781296253204346,4.970345497131348
0,single_feature_f7_weak,16,4.773343049562895,4.9585442543029785
0,single_feature_f7_weak,17,4.774456097529485,4.91000509262085
0,single_feature_f7_weak,18,4.776934366959792,4.940598249435425
0,single_feature_f7_weak,19,4.770476304567778,4.934246301651001
0,single_feature_f7_weak,20,4.769098722017729,4.922477722167969
0,single_feature_f7_weak,21,4.763807003314678,4.944111347198486
0,single_feature_f7_weak,22,4.7618847993703985,4.926557540893555
0,single_feature_f7_weak,23,4.763988018035889,4.93359112739563
0,single_feature_f7_weak,24,4.75679874420166,4.92988395690918
0,single_feature_f7_weak,25,4.75294670691857,4.948607444763184
0,single_feature_f7_weak,26,4.7504867040194,4.940387964248657
0,single_feature_f7_weak,27,4.741598275991587,4.938071250915527
0,single_feature_f7_weak,28,4.749995855184702,4.967395782470703
0,single_feature_f7_weak,29,4.749880350553072,4.967372894287109
0,single_feature_f7_weak,30,4.739503860473633,4.987484455108643
0,single_feature_f8_bigcoef,0,5.142439658825214,5.000006198883057
0,single_feature_f8_bigcoef,1,4.824846194340632,4.848001718521118
0,single_feature_f8_bigcoef,2,4.724083827092097,4.756612062454224
0,single_feature_f8_bigcoef,3,4.683983142559345,4.737921237945557
0,single_feature_f8_bigcoef,4,4.658475252298208,4.7678444385528564
0,single_feature_f8_bigcoef,5,4.645746671236479,4.698038578033447
0,single_feature_f8_bigcoef,6,4.641749345339262,4.719305992126465
0,single_feature_f8_bigcoef,7,4.632642415853647,4.757101058959961
0,single_feature_f8_bigcoef,8,4.622235921713022,4.734189033508301
0,single_feature_f8_bigcoef,9,4.624122656308687,4.805492162704468
0,single_feature_f8_bigcoef,10,4.623655869410588,4.729537487030029
0,single_feature_f8_bigcoef,11,4.618877227489765,4.735765695571899
0,single_feature_f8_bigcoef,12,4.613662499647874,4.7645533084869385
0,single_feature_f8_bigcoef,13,4.608704860393818,4.694700717926025
0,single_feature_f8_bigcoef,14,4.6014717909005975,4.772788047790527
0,single_feature_f8_bigcoef,15,4.605883561647856,4.778632402420044
0,single_feature_f8_bigcoef,16,4.598315752469576,4.755641460418701
0,single_feature_f8_bigcoef,17,4.5982800630422735,4.724298715591431
0,single_feature_f8_bigcoef,18,4.601280542520376,4.751777648925781
0,single_feature_f8_bigcoef,19,4.592163782853347,4.739221811294556
0,single_feature_f8_bigcoef,20,4.591595759758582,4.7392613887786865
0,single_feature_f8_bigcoef,21,4.589928370255691,4.752019166946411
0,single_feature_f8_bigcoef,22,4.5893647487346945,4.725458860397339
0,single_feature_f8_bigcoef,23,4.587761145371657,4.7320520877838135
0,single_feature_f8_bigcoef,24,4.585055424616887,4.74672269821167
0,single_feature_f8_bigcoef,25,4.576717890225924,4.745176553726196
0,single_feature_f8_bigcoef,26,4.5776687768789435,4.739337682723999
0,single_feature_f8_bigcoef,27,4.566519553844746,4.755599498748779
0,single_feature_f8_bigcoef,28,4.578615078559289,4.7822065353393555
0,single_feature_f8_bigcoef,29,4.571406107682448,4.763611793518066
0,single_feature_f8_bigcoef,30,4.566564963414119,4.800771713256836
0,single_feature_f8_bigcoef,31,4.564879857576811,4.76368522644043
0,single_feature_f8_bigcoef,32,4.556568916027363,4.794943571090698
0,single_feature_f8_bigcoef,33,4.559707788320688,4.739238739013672
0,single_feature_f8_bigcoef,34,4.55643261395968,4.801170825958252
0,single_feature_f8_bigcoef,35,4.563459396362305,4.780963659286499
0,single_feature_f8_bigcoef,36,4.555552372565637,4.7649195194244385
0,single_feature_f8_bigcoef,37,4.5481439003577595,4.797546625137329
0,single_feature_f8_bigcoef,38,4.5478937809283915,4.765679597854614
0,single_feature_noise_0,0,5.206251804645245,5.144024133682251
0,single_feature_noise_0,1,5.008517888876108,5.109518527984619
0,single_feature_noise_0,2,4.984771471757155,5.06053900718689
0,single_feature_noise_0,3,4.972875998570369,5.043544292449951
0,single_feature_noise_0,4,4.956183140094463,5.094278335571289
0,single_feature_noise_0,5,4.953478593092698,5.027552604675293
0,single_feature_noise_0,6,4.949535039755014,5.043654680252075
0,single_feature_noise_0,7,4.941028925088736,5.094284296035767
0,single_feature_noise_0,8,4.939251276162954,5.079476833343506
0,single_feature_noise_0,9,4.937421101790208,5.133575916290283
0,single_feature_noise_0,10,4.940614186800444,5.072810173034668
0,single_feature_noise_0,11,4.936714062323937,5.060176849365234
0,single_feature_noise_0,12,4.9321687404926005,5.11530065536499
0,single_feature_noise_0,13,4.922576684218186,5.056944370269775
0,single_feature_noise_0,14,4.920000809889573,5.090738296508789
0,single_feature_noise_0,15,4.926667213439941,5.110709190368652
0,single_feature_noise_0,16,4.915550708770752,5.092716217041016
0,single_feature_noise_0,17,4.914766788482666,5.061354637145996
0,single_feature_noise_0,18,4.9191658313457785,5.092944622039795
0,single_feature_noise_0,19,4.909434135143574,5.06926965713501
0,single_feature_noise_0,20,4.906879058251014,5.077611207962036
0,single_feature_noise_0,21,4.903934185321514,5.08887505531311
0,single_feature_noise_0,22,4.907406696906457,5.083163261413574
0,single_feature_noise_0,23,4.904226083021897,5.081723213195801
0,single_feature_noise_0,24,4.899723969973051,5.077363014221191
0,single_feature_noise_0,25,4.890163421630859,5.096301555633545
0,single_feature_noise_0,26,4.891194820404053,5.084830045700073
0,single_feature_noise_0,27,4.883940256558931,5.099235773086548
0,single_feature_noise_0,28,4.891604423522949,5.12352180480957
0,single_feature_noise_0,29,4.887311678666335,5.115309000015259
0,single_feature_noise_0,30,4.881925839644212,5.142297267913818
1,masked_npe,0,5.198879608741174,5.058159112930298
1,masked_npe,1,4.941462113307073,4.878330230712891
1,masked_npe,2,4.791253676781287,4.714572906494141
1,masked_npe,3,4.610489698556753,4.504253625869751
1,masked_npe,4,4.396865661327656,4.346642017364502
1,masked_npe,5,4.260287945087139,4.239680528640747
1,masked_npe,6,4.232877731323242,4.209851980209351
1,masked_npe,7,4.200037772838886,4.180487394332886
1,masked_npe,8,4.175965382502629,4.17777681350708
1,masked_npe,9,4.141668026263897,4.113750219345093
1,masked_npe,10,4.1368057177617,4.081543684005737
1,masked_npe,11,4.075310028516329,4.055983304977417
1,masked_npe,12,4.053776869407067,4.001600027084351
1,masked_npe,13,4.009847640991211,4.069118142127991
1,masked_npe,14,4.020226276837862,3.9804043769836426
1,masked_npe,15,3.9618594463054952,3.9453834295272827
1,masked_npe,16,3.9426926099337063,3.890119433403015
1,masked_npe,17,3.929953483434824,3.885220170021057
1,masked_npe,18,3.901002131975614,3.871996521949768
1,masked_npe,19,3.839432826408973,3.8405826091766357
1,masked_npe,20,3.8548602140866794,3.8160043954849243
1,masked_npe,21,3.805405011543861,3.838538408279419
1,masked_npe,22,3.754534758054293,3.7313950061798096
1,masked_npe,23,3.7220409283271203,3.6731852293014526
1,masked_npe,24,3.685924071532029,3.717903733253479
1,masked_npe,25,3.728047792728131,3.6670329570770264
1,masked_npe,26,3.667661666870117,3.6735904216766357
1,masked_npe,27,3.6215142653538632,3.6716824769973755
1,masked_npe,28,3.6350454550523024,3.6418964862823486
1,masked_npe,29,3.6228385155017557,3.6498818397521973
1,masked_npe,30,3.6510638823876014,3.6344462633132935
1,masked_npe,31,3.6360365060659556,3.6851823329925537
1,masked_npe,32,3.5867693424224854,3.595845103263855
1,masked_npe,33,3.5864988290346584,3.5949259996414185
1,masked_npe,34,3.58411378126878,3.5825682878494263
1,masked_npe,35,3.5893008525554952,3.614720106124878
1,masked_npe,36,3.5850768639491153,3.568449378013611
1,masked_npe,37,3.564656771146334,3.5564610958099365
1,masked_npe,38,3.5694601719196024,3.55395770072937
1,masked_npe,39,3.530916617466853,3.5520215034484863
1,masked_npe,40,3.561092633467454,3.611994743347168
1,masked_npe,41,3.5659042505117564,3.558152198791504
1,masked_npe,42,3.535393109688392,3.6227636337280273
1,masked_npe,43,3.5354732550107517,3.6121914386749268
1,masked_npe,44,3.5496702744410586,3.5057129859924316
1,masked_npe,45,3.5280345586630015,3.6033841371536255
1,masked_npe,46,3.4905618520883412,3.519783854484558
1,masked_npe,47,3.5331396689781775,3.6135241985321045
1,masked_npe,48,3.548732720888578,3.598471999168396
1,masked_npe,49,3.5164949893951416,3.6103984117507935
1,masked_npe,50,3.5279247760772705,3.564573884010315
1,masked_npe,51,3.515468744131235,3.51260244846344
1,masked_npe,52,3.5022930181943455,3.5554494857788086
1,masked_npe,53,3.5024801400991588,3.5773669481277466
1,masked_npe,54,3.5276021040402927,3.575409412384033
1,masked_npe,55,3.497821807861328,3.554614305496216
1,masked_npe,56,3.488698409153865,3.5483083724975586
1,masked_npe,57,3.4885070690741906,3.5630502700805664
1,masked_npe,58,3.497496458200308,3.5876870155334473
1,masked_npe,59,3.525737322293795,3.495987892150879
1,masked_npe,60,3.5212960059826193,3.5435502529144287
1,masked_npe,61,3.500866468136127,3.4996052980422974
1,masked_npe,62,3.4491893694950986,3.544698715209961
1,masked_npe,63,3.499594945173997,3.488502860069275
1,masked_npe,64,3.4771227836608887,3.5109939575195312
1,masked_npe,65,3.5138560992020826,3.480949640274048
1,masked_npe,66,3.475282522348257,3.5021289587020874
1,masked_npe,67,3.4765049127432017,3.579111933708191
1,masked_npe,68,3.485755883730375,3.5123109817504883
1,masked_npe,69,3.475314837235671,3.58198082447052
1,masked_npe,70,3.485462005321796,3.556297183036804
1,masked_npe,71,3.4471948513617883,3.584125518798828
1,masked_npe,72,3.4476573100456824,3.538528084754944
1,masked_npe,73,3.4858414760002723,3.520307183265686
1,masked_npe,74,3.487882210658147,3.4974974393844604
1,masked_npe,75,3.4592441595517673,3.5450785160064697
1,masked_npe,76,3.4661146127260647,3.4898658990859985
1,masked_npe,77,3.4910797339219313,3.5640110969543457
1,masked_npe,78,3.465239268082839,3.5274354219436646
1,masked_npe,79,3.520707313831036,3.5255038738250732
1,masked_npe,80,3.4652797992412863,3.554736614227295
1,masked_npe,81,3.489276097371028,3.490965247154236
1,masked_npe,82,3.4501753953786998,3.5240871906280518
1,masked_npe,83,3.4983424039987416,3.497980833053589
1,masked_npe,84,3.4427601924309363,3.509877324104309
1,masked_npe,85,3.428136568803054,3.535411238670349
1,masked_npe,86,3.44550844339224,3.5364878177642822
1,masked_npe,87,3.4796688923468957,3.5393941402435303
1,masked_npe,88,3.4566143109248233,3.5195287466049194
1,masked_npe,89,3.4799142434046817,3.54995059967041
1,masked_npe,90,3.4798897229708157,3.4716904163360596
1,masked_npe,91,3.449022971666776,3.53250253200531
1,masked_npe,92,3.4954018409435568,3.5418901443481445
1,masked_npe,93,3.480447347347553,3.527651309967041
1,masked_npe,94,3.474043607711792,3.50897216796875
1,masked_npe,95,3.4389066145970273,3.5205233097076416
1,masked_npe,96,3.4613356590270996,3.510590672492981
1,masked_npe,97,3.4369206061730018,3.5097763538360596
1,masked_npe,98,3.4634855710543118,3.5235109329223633
1,masked_npe,99,3.450194212106558,3.5409023761749268
1,masked_npe,100,3.4488107974712667,3.456440567970276
1,masked_npe,101,3.439417398892916,3.5592191219329834
1,masked_npe,102,3.452305793762207,3.5430928468704224
1,masked_npe,103,3.4532279418065,3.528629183769226
1,masked_npe,104,3.441244308765118,3.540452241897583
1,masked_npe,105,3.420530704351572,3.5235469341278076
1,masked_npe,106,3.4532232834742618,3.521600604057312
1,masked_npe,107,3.460120677947998,3.5368024110794067
1,masked_npe,108,3.451113664186918,3.5596909523010254
1,masked_npe,109,3.4708010049966664,3.547932505607605
1,masked_npe,110,3.4449152029477634,3.513733744621277
1,masked_npe,111,3.4225110090695896,3.53537654876709
1,masked_npe,112,3.4369694819817176,3.534255027770996
1,masked_npe,113,3.419543119577261,3.5398571491241455
1,masked_npe,114,3.4162228107452393,3.4784871339797974
1,masked_npe,115,3.423241450236394,3.5188705921173096
1,masked_npe,116,3.4137522257291355,3.5104812383651733
1,masked_npe,117,3.404690669133113,3.5227895975112915
1,masked_npe,118,3.4666752631847677,3.5479291677474976
1,masked_npe,119,3.4411822649148793,3.6143451929092407
1,masked_npe,120,3.455981272917527,3.5433160066604614
1,masked_npe,121,3.44396239060622,3.5621445178985596
1,masked_npe,122,3.4242312908172607,3.5581032037734985
1,masked_npe,123,3.431191169298612,3.573678970336914
1,masked_npe,124,3.4563410465533915,3.5671192407608032
1,masked_npe,125,3.4291973297412577,3.4773625135421753
1,single_feature_f1_strong_t1,0,5.227210998535156,5.028810262680054
1,single_feature_f1_strong_t1,1,4.930931531465971,4.868878602981567
1,single_feature_f1_strong_t1,2,4.8453850746154785,4.851314544677734
1,single_feature_f1_strong_t1,3,4.823228909419133,4.893020391464233
1,single_feature_f1_strong_t1,4,4.814559312967154,4.815904140472412
1,single_feature_f1_strong_t1,5,4.804355768057016,4.874671459197998
1,single_feature_f1_strong_t1,6,4.7933573722839355,4.8669610023498535
1,single_feature_f1_strong_t1,7,4.792883029350867,4.828563451766968
1,single_feature_f1_strong_t1,8,4.7889179816612835,4.887206554412842
1,single_feature_f1_strong_t1,9,4.786827747638409,4.857838153839111
1,single_feature_f1_strong_t1,10,4.783459920149583,4.818058252334595
1,single_feature_f1_strong_t1,11,4.781027317047119,4.879179000854492
1,single_feature_f1_strong_t1,12,4.779134493607741,4.852776527404785
1,single_feature_f1_strong_t1,13,4.770504584679236,4.863257169723511
1,single_feature_f1_strong_t1,14,4.770735300504244,4.888963937759399
1,single_feature_f1_strong_t1,15,4.775887452639067,4.894756078720093
1,single_feature_f1_strong_t1,16,4.769354930290809,4.890010595321655
1,single_feature_f1_strong_t1,17,4.765977786137507,4.890209197998047
1,single_feature_f1_strong_t1,18,4.76311313188993,4.852011203765869
1,single_feature_f1_strong_t1,19,4.757949315584623,4.87084436416626
1,single_feature_f1_strong_t1,20,4.7530628351064825,4.89230751991272
1,single_feature_f1_strong_t1,21,4.7613635796767015,4.83606743812561
1,single_feature_f1_strong_t1,22,4.750687048985408,4.833909511566162
1,single_feature_f1_strong_t1,23,4.748940724592942,4.872341871261597
1,single_feature_f1_strong_t1,24,4.7467755904564495,4.85255241394043
1,single_feature_f1_strong_t1,25,4.757724798642672,4.855004549026489
1,single_feature_f1_strong_t1,26,4.7465530542226935,4.888445854187012
1,single_feature_f1_strong_t1,27,4.743578617389385,4.9018683433532715
1,single_feature_f1_strong_t1,28,4.73558811041025,4.886365175247192
1,single_feature_f1_strong_t1,29,4.736458998460036,4.88309383392334
1,single_feature_f2_strong_t2,0,5.188571012937105,4.941715478897095
1,single_feature_f2_strong_t2,1,4.772914849794828,4.594055652618408
1,single_feature_f2_strong_t2,2,4.501168140998254,4.423000812530518
1,single_feature_f2_strong_t2,3,4.355660805335412,4.3522162437438965
1,single_feature_f2_strong_t2,4,4.289651137131911,4.271671295166016
1,single_feature_f2_strong_t2,5,4.25062528023353,4.287378311157227
1,single_feature_f2_strong_t2,6,4.226028552422156,4.29145622253418
1,single_feature_f2_strong_t2,7,4.215942602891189,4.2442333698272705
1,single_feature_f2_strong_t2,8,4.204829986278828,4.271001815795898
1,single_feature_f2_strong_t2,9,4.199131672198956,4.270353317260742
1,single_feature_f2_strong_t2,10,4.195818057427039,4.227075576782227
1,single_feature_f2_strong_t2,11,4.188548198113074,4.265493869781494
1,single_feature_f2_strong_t2,12,4.182526405041035,4.2380383014678955
1,single_feature_f2_strong_t2,13,4.172181496253381,4.265040874481201
1,single_feature_f2_strong_t2,14,4.170920922205998,4.29426908493042
1,single_feature_f2_strong_t2,15,4.16929659476647,4.270819664001465
1,single_feature_f2_strong_t2,16,4.1712230902451735,4.274941444396973
1,single_feature_f2_strong_t2,17,4.159482075617864,4.266309499740601
1,single_feature_f2_strong_t2,18,4.1567577215341425,4.220854997634888
1,single_feature_f2_strong_t2,19,4.152007799882155,4.2679479122161865
1,single_feature_f2_strong_t2,20,4.151375403771033,4.255014181137085
1,single_feature_f2_strong_t2,21,4.152967416323149,4.240005970001221
1,single_feature_f2_strong_t2,22,4.145005923051101,4.2259790897369385
1,single_feature_f2_strong_t2,23,4.147289569561298,4.23712420463562
1,single_feature_f2_strong_t2,24,4.145552781911997,4.241767406463623
1,single_feature_f2_strong_t2,25,4.147011206700252,4.253232955932617
1,single_feature_f2_strong_t2,26,4.1389970779418945,4.272874593734741
1,single_feature_f2_strong_t2,27,4.1372539813701925,4.272186517715454
1,single_feature_f2_strong_t2,28,4.1283279565664435,4.270440101623535
1,single_feature_f2_strong_t2,29,4.133549176729643,4.2619781494140625
1,single_feature_f2_strong_t2,30,4.130417273594783,4.219207525253296
1,single_feature_f2_strong_t2,31,4.129002094268799,4.253480911254883
1,single_feature_f2_strong_t2,32,4.1233158478370076,4.27752947807312
1,single_feature_f2_strong_t2,33,4.129951440371,4.262488126754761
1,single_feature_f2_strong_t2,34,4.119170408982497,4.273765325546265
1,single_feature_f2_strong_t2,35,4.109935760498047,4.257546424865723
1,single_feature_f2_strong_t2,36,4.111423895909236,4.3020875453948975
1,single_feature_f2_strong_t2,37,4.108921454502986,4.270661115646362
1,single_feature_f2_strong_t2,38,4.113567205575796,4.232100009918213
1,single_feature_f2_strong_t2,39,4.11792934857882,4.269042253494263
1,single_feature_f2_strong_t2,40,4.10249372629019,4.266744136810303
1,single_feature_f2_strong_t2,41,4.101571853344257,4.282229423522949
1,single_feature_f2_strong_t2,42,4.1025632711557245,4.235232830047607
1,single_feature_f2_strong_t2,43,4.100740597798274,4.246390104293823
1,single_feature_f2_strong_t2,44,4.0996126395005446,4.28046989440918
1,single_feature_f2_strong_t2,45,4.096448201399583,4.269615888595581
1,single_feature_f2_strong_t2,46,4.100080563471868,4.282554388046265
1,single_feature_f2_strong_t2,47,4.092666772695688,4.286577939987183
1,single_feature_f2_strong_t2,48,4.087229655339168,4.274493455886841
1,single_feature_f2_strong_t2,49,4.0797079893258905,4.2965991497039795
1,single_feature_f2_strong_t2,50,4.082534129802998,4.273663759231567
1,single_feature_f2_strong_t2,51,4.087105109141423,4.282501697540283
1,single_feature_f2_strong_t2,52,4.083731944744404,4.286532640457153
1,single_feature_f2_strong_t2,53,4.083192641918476,4.284659147262573
1,single_feature_f2_strong_t2,54,4.083971775495089,4.29256534576416
1,single_feature_f2_strong_t2,55,4.079390782576341,4.269131660461426
1,single_feature_f3_dup_a,0,5.204920915456919,4.968652248382568
1,single_feature_f3_dup_a,1,4.86046237211961,4.754362106323242
1,single_feature_f3_dup_a,2,4.7493001497708836,4.730160474777222
1,single_feature_f3_dup_a,3,4.718085985917312,4.770124673843384
1,single_feature_f3_dup_a,4,4.704006891984206,4.6961517333984375
1,single_feature_f3_dup_a,5,4.685703681065486,4.749728202819824
1,single_feature_f3_dup_a,6,4.6799636620741625,4.744915008544922
1,single_feature_f3_dup_a,7,4.674679646125207,4.7092180252075195
1,single_feature_f3_dup_a,8,4.666861130641057,4.742037296295166
1,single_feature_f3_dup_a,9,4.664528186504658,4.722810983657837
1,single_feature_f3_dup_a,10,4.664923631227934,4.695521354675293
1,single_feature_f3_dup_a,11,4.657260234539326,4.755091428756714
1,single_feature_f3_dup_a,12,4.658817181220422,4.71294641494751
1,single_feature_f3_dup_a,13,4.646024740659273,4.743383884429932
1,single_feature_f3_dup_a,14,4.647877253018892,4.763998508453369
1,single_feature_f3_dup_a,15,4.649928569793701,4.750030755996704
1,single_feature_f3_dup_a,16,4.639711233285757,4.754920721054077
1,single_feature_f3_dup_a,17,4.638798273526705,4.755757093429565
1,single_feature_f3_dup_a,18,4.638310395754301,4.734846353530884
1,single_feature_f3_dup_a,19,4.629435942723201,4.73520040512085
1,single_feature_f3_dup_a,20,4.626272494976337,4.760341167449951
1,single_feature_f3_dup_a,21,4.63021208689763,4.712732791900635
1,single_feature_f3_dup_a,22,4.621873305394099,4.713273286819458
1,single_feature_f3_dup_a,23,4.620041627150315,4.742249011993408
1,single_feature_f3_dup_a,24,4.6216762982881985,4.737095832824707
1,single_feature_f3_dup_a,25,4.622670100285457,4.751386880874634
1,single_feature_f3_dup_a,26,4.617139889643743,4.77413010597229
1,single_feature_f3_dup_a,27,4.615869081937349,4.7850165367126465
1,single_feature_f3_dup_a,28,4.606509135319636,4.772873163223267
1,single_feature_f3_dup_a,29,4.607446927290696,4.757255554199219
1,single_feature_f3_dup_a,30,4.602139142843393,4.7137017250061035
1,single_feature_f3_dup_a,31,4.606241923112136,4.769306898117065
1,single_feature_f3_dup_a,32,4.596723556518555,4.7987425327301025
1,single_feature_f3_dup_a,33,4.602993121513953,4.761511325836182
1,single_feature_f3_dup_a,34,4.584510436424842,4.771560430526733
1,single_feature_f3_dup_a,35,4.594186452718882,4.739085674285889
1,single_feature_f4_dup_b,0,5.204754205850454,4.972969055175781
1,single_feature_f4_dup_b,1,4.860920465909517,4.755287170410156
1,single_feature_f4_dup_b,2,4.74999710229727,4.733051061630249
1,single_feature_f4_dup_b,3,4.718778903667744,4.778157472610474
1,single_feature_f4_dup_b,4,4.701612399174617,4.70966911315918
1,single_feature_f4_dup_b,5,4.685572954324575,4.753698825836182
1,single_feature_f4_dup_b,6,4.677547234755296,4.745808124542236
1,single_feature_f4_dup_b,7,4.672534649188702,4.709066867828369
1,single_feature_f4_dup_b,8,4.663222386286809,4.746750593185425
1,single_feature_f4_dup_b,9,4.660924728100117,4.737497568130493
1,single_feature_f4_dup_b,10,4.660786958841177,4.708807945251465
1,single_feature_f4_dup_b,11,4.65673721753634,4.763824224472046
1,single_feature_f4_dup_b,12,4.656175136566162,4.727272987365723
1,single_feature_f4_dup_b,13,4.644681857182429,4.7613115310668945
1,single_feature_f4_dup_b,14,4.641736103938176,4.773683547973633
1,single_feature_f4_dup_b,15,4.646963009467492,4.7593834400177
1,single_feature_f4_dup_b,16,4.6376992005568285,4.768110752105713
1,single_feature_f4_dup_b,17,4.634272722097544,4.772775411605835
1,single_feature_f4_dup_b,18,4.629900602193979,4.742135286331177
1,single_feature_f4_dup_b,19,4.625021751110371,4.745494842529297
1,single_feature_f4_dup_b,20,4.623372151301457,4.774433612823486
1,single_feature_f4_dup_b,21,4.626262811514048,4.722159385681152
1,single_feature_f4_dup_b,22,4.616943542773907,4.728196620941162
1,single_feature_f4_dup_b,23,4.61631598839393,4.7550153732299805
1,single_feature_f4_dup_b,24,4.615785085237944,4.752959966659546
1,single_feature_f4_dup_b,25,4.618404755225549,4.770834922790527
1,single_feature_f4_dup_b,26,4.612472790938157,4.785923957824707
1,single_feature_f4_dup_b,27,4.606920205629789,4.798083543777466
1,single_feature_f4_dup_b,28,4.601963886847863,4.791918754577637
1,single_feature_f4_dup_b,29,4.602216610541711,4.775394439697266
1,single_feature_f4_dup_b,30,4.603312198932354,4.727031946182251
1,single_feature_f4_dup_b,31,4.599288573631873,4.7753496170043945
1,single_feature_f4_dup_b,32,4.5896077156066895,4.818144083023071
1,single_feature_f4_dup_b,33,4.597397547501784,4.7735817432403564
1,single_feature_f4_dup_b,34,4.581390270820031,4.779220104217529
1,single_feature_f4_dup_b,35,4.587064706362211,4.766512870788574
1,single_feature_f5_null,0,5.250861204587496,5.105672836303711
1,single_feature_f5_null,1,5.050770136026236,5.006479978561401
1,single_feature_f5_null,2,5.002744894761306,4.999863386154175
1,single_feature_f5_null,3,4.994389754075271,5.0489113330841064
1,single_feature_f5_null,4,4.989710624401386,4.991894721984863
1,single_feature_f5_null,5,4.978070369133582,5.028933525085449
1,single_feature_f5_null,6,4.9706429334787225,5.037940979003906
1,single_feature_f5_null,7,4.970001697540283,4.993626594543457
1,single_feature_f5_null,8,4.966494743640606,5.04455041885376
1,single_feature_f5_null,9,4.961518727816069,5.024963855743408
1,single_feature_f5_null,10,4.963020361386812,4.992563247680664
1,single_feature_f5_null,11,4.959821297572209,5.036923408508301
1,single_feature_f5_null,12,4.957383595980131,5.039579629898071
1,single_feature_f5_null,13,4.9484566908616285,5.043954610824585
1,single_feature_f5_null,14,4.949458745809702,5.059017658233643
1,single_feature_f5_null,15,4.953545570373535,5.059872150421143
1,single_feature_f5_null,16,4.946459880241981,5.064814567565918
1,single_feature_f5_null,17,4.943000683417687,5.049254894256592
1,single_feature_f5_null,18,4.940457417414739,5.023958206176758
1,single_feature_f5_null,19,4.934714500720684,5.048600196838379
1,single_feature_f5_null,20,4.92896633881789,5.067219972610474
1,single_feature_f5_null,21,4.935650165264423,5.031184673309326
1,single_feature_f5_null,22,4.926080043499287,5.011655807495117
1,single_feature_f5_null,23,4.925269163571871,5.055161714553833
1,single_feature_f5_null,24,4.92739959863516,5.045601844787598
1,single_feature_f5_null,25,4.930556003863995,5.058459281921387
1,single_feature_f5_null,26,4.92395621079665,5.085026502609253
1,single_feature_f5_null,27,4.9191108116736775,5.0828752517700195
1,single_feature_f5_null,28,4.9105927760784445,5.07116174697876
1,single_feature_f5_null,29,4.910905544574444,5.055134057998657
1,single_feature_f6_suppressor,0,5.262290037595308,5.110164403915405
1,single_feature_f6_suppressor,1,5.05356058707604,5.008974075317383
1,single_feature_f6_suppressor,2,5.002888606144832,5.004680156707764
1,single_feature_f6_suppressor,3,4.993017306694617,5.060969829559326
1,single_feature_f6_suppressor,4,4.988588626568134,4.997382640838623
1,single_feature_f6_suppressor,5,4.97845169214102,5.040958404541016
1,single_feature_f6_suppressor,6,4.9721695093008185,5.040434837341309
1,single_feature_f6_suppressor,7,4.9702121294461765,5.002682447433472
1,single_feature_f6_suppressor,8,4.967159968156081,5.051239252090454
1,single_feature_f6_suppressor,9,4.964476805466872,5.028633117675781
1,single_feature_f6_suppressor,10,4.964312370006855,5.003449440002441
1,single_feature_f6_suppressor,11,4.9597069666935845,5.0447914600372314
1,single_feature_f6_suppressor,12,4.957823459918682,5.037240982055664
1,single_feature_f6_suppressor,13,4.95091959146353,5.049954891204834
1,single_feature_f6_suppressor,14,4.951435529268705,5.062082767486572
1,single_feature_f6_suppressor,15,4.95521119924692,5.065784215927124
1,single_feature_f6_suppressor,16,4.948876967796912,5.0746910572052
1,single_feature_f6_suppressor,17,4.945247393388015,5.061957597732544
1,single_feature_f6_suppressor,18,4.944623360267053,5.024390935897827
1,single_feature_f6_suppressor,19,4.936490058898926,5.0535888671875
1,single_feature_f6_suppressor,20,4.934259708111103,5.074084043502808
1,single_feature_f6_suppressor,21,4.939929338601919,5.031527996063232
1,single_feature_f6_suppressor,22,4.930339923271766,5.014341115951538
1,single_feature_f6_suppressor,23,4.9274414502657375,5.055179834365845
1,single_feature_f6_suppressor,24,4.930947964008038,5.051586627960205
1,single_feature_f6_suppressor,25,4.937153889582707,5.059659481048584
1,single_feature_f6_suppressor,26,4.927814923799955,5.093250751495361
1,single_feature_f6_suppressor,27,4.9244979711679315,5.08242130279541
1,single_feature_f6_suppressor,28,4.91720515031081,5.07675838470459
1,single_feature_f6_suppressor,29,4.91531438093919,5.0639872550964355
1,single_feature_f7_weak,0,5.2332844367394085,5.0455029010772705
1,single_feature_f7_weak,1,4.961371678572434,4.865861654281616
1,single_feature_f7_weak,2,4.872525912064773,4.8397057056427
1,single_feature_f7_weak,3,4.8479743003845215,4.887441635131836
1,single_feature_f7_weak,4,4.841400036445031,4.833562612533569
1,single_feature_f7_weak,5,4.82861511523907,4.860401391983032
1,single_feature_f7_weak,6,4.817111785595234,4.860124111175537
1,single_feature_f7_weak,7,4.8167344973637505,4.836794853210449
1,single_feature_f7_weak,8,4.8112089817340555,4.867517709732056
1,single_feature_f7_weak,9,4.8088465470534105,4.849529266357422
1,single_feature_f7_weak,10,4.809365162482629,4.80303430557251
1,single_feature_f7_weak,11,4.802411446204553,4.861204147338867
1,single_feature_f7_weak,12,4.803592058328482,4.858189582824707
1,single_feature_f7_weak,13,4.795387341425969,4.863790988922119
1,single_feature_f7_weak,14,4.7928953904372,4.87924337387085
1,single_feature_f7_weak,15,4.797714783595159,4.865304946899414
1,single_feature_f7_weak,16,4.789201846489539,4.89008355140686
1,single_feature_f7_weak,17,4.78680394246028,4.870093822479248
1,single_feature_f7_weak,18,4.786727281717154,4.823061227798462
1,single_feature_f7_weak,19,4.780926337608924,4.874053955078125
1,single_feature_f7_weak,20,4.776550072890061,4.870702743530273
1,single_feature_f7_weak,21,4.779465125157283,4.831031322479248
1,single_feature_f7_weak,22,4.77418745481051,4.83027720451355
1,single_feature_f7_weak,23,4.772172561058631,4.863785028457642
1,single_feature_f7_weak,24,4.772500221545879,4.864050626754761
1,single_feature_f7_weak,25,4.775209463559664,4.866931676864624
1,single_feature_f7_weak,26,4.767618142641508,4.88735818862915
1,single_feature_f7_weak,27,4.766318908104529,4.8861072063446045
1,single_feature_f7_weak,28,4.757060381082388,4.888489723205566
1,single_feature_f7_weak,29,4.756589999565711,4.870572566986084
1,single_feature_f7_weak,30,4.761284718146691,4.836445569992065
1,single_feature_f7_weak,31,4.75613179573646,4.877964019775391
1,single_feature_f7_weak,32,4.748918459965632,4.889391899108887
1,single_feature_f7_weak,33,4.757328987121582,4.869018077850342
1,single_feature_f7_weak,34,4.741869816413293,4.895316123962402
1,single_feature_f7_weak,35,4.74542001577524,4.864300489425659
1,single_feature_f8_bigcoef,0,5.22384577531081,4.998597621917725
1,single_feature_f8_bigcoef,1,4.883866970355694,4.762824535369873
1,single_feature_f8_bigcoef,2,4.743920399592473,4.722894668579102
1,single_feature_f8_bigcoef,3,4.698711798741267,4.735938549041748
1,single_feature_f8_bigcoef,4,4.685596942901611,4.674158096313477
1,single_feature_f8_bigcoef,5,4.669817924499512,4.719704866409302
1,single_feature_f8_bigcoef,6,4.659116855034461,4.716469764709473
1,single_feature_f8_bigcoef,7,4.653683332296518,4.660222291946411
1,single_feature_f8_bigcoef,8,4.647809652181772,4.704263925552368
1,single_feature_f8_bigcoef,9,4.647569803091196,4.689658164978027
1,single_feature_f8_bigcoef,10,4.645603913527268,4.651961326599121
1,single_feature_f8_bigcoef,11,4.641750812530518,4.717189073562622
1,single_feature_f8_bigcoef,12,4.640835028428298,4.684905767440796
1,single_feature_f8_bigcoef,13,4.631111475137564,4.692403316497803
1,single_feature_f8_bigcoef,14,4.63332304587731,4.703617334365845
1,single_feature_f8_bigcoef,15,4.635599209712102,4.7182936668396
1,single_feature_f8_bigcoef,16,4.622489158923809,4.733551740646362
1,single_feature_f8_bigcoef,17,4.629198917975793,4.696841716766357
1,single_feature_f8_bigcoef,18,4.62424975175124,4.664060115814209
1,single_feature_f8_bigcoef,19,4.618651646834153,4.691885232925415
1,single_feature_f8_bigcoef,20,4.612353214850793,4.7153236865997314
1,single_feature_f8_bigcoef,21,4.619299705211933,4.676421880722046
1,single_feature_f8_bigcoef,22,4.614502063164344,4.66253137588501
1,single_feature_f8_bigcoef,23,4.609177002540002,4.700399875640869
1,single_feature_f8_bigcoef,24,4.605942469376784,4.708001613616943
1,single_feature_f8_bigcoef,25,4.619287747603196,4.705266237258911
1,single_feature_f8_bigcoef,26,4.610316863426795,4.710938215255737
1,single_feature_f8_bigcoef,27,4.603555055765005,4.725926399230957
1,single_feature_f8_bigcoef,28,4.593666076660156,4.730571985244751
1,single_feature_f8_bigcoef,29,4.595489428593562,4.708409309387207
1,single_feature_f8_bigcoef,30,4.599820650540865,4.666283845901489
1,single_feature_f8_bigcoef,31,4.598135324624868,4.717516660690308
1,single_feature_f8_bigcoef,32,4.588915861569918,4.743452787399292
1,single_feature_f8_bigcoef,33,4.595168700584998,4.708947658538818
1,single_feature_f8_bigcoef,34,4.586360931396484,4.736940860748291
1,single_feature_f8_bigcoef,35,4.5827735387361965,4.724764347076416
1,single_feature_noise_0,0,5.266073373647837,5.099348783493042
1,single_feature_noise_0,1,5.054914511167086,4.994872331619263
1,single_feature_noise_0,2,5.002785499279316,4.996161460876465
1,single_feature_noise_0,3,4.9925408363342285,5.048372745513916
1,single_feature_noise_0,4,4.989087398235615,4.986522912979126
1,single_feature_noise_0,5,4.977727706615742,5.01902437210083
1,single_feature_noise_0,6,4.969969089214619,5.02245569229126
1,single_feature_noise_0,7,4.96912879210252,4.987098217010498
1,single_feature_noise_0,8,4.966552771054781,5.0377197265625
1,single_feature_noise_0,9,4.962952100313627,5.016641616821289
1,single_feature_noise_0,10,4.963393027965839,4.981744289398193
1,single_feature_noise_0,11,4.959357811854436,5.026812314987183
1,single_feature_noise_0,12,4.958535964672382,5.021082878112793
1,single_feature_noise_0,13,4.948853529416597,5.03567910194397
1,single_feature_noise_0,14,4.949524439298189,5.047633409500122
1,single_feature_noise_0,15,4.956023069528433,5.053391218185425
1,single_feature_noise_0,16,4.9462373073284445,5.0494585037231445
1,single_feature_noise_0,17,4.942226629990798,5.0521931648254395
1,single_feature_noise_0,18,4.939723748427171,5.011887788772583
1,single_feature_noise_0,19,4.934464014493502,5.035247802734375
1,single_feature_noise_0,20,4.930631160736084,5.064576864242554
1,single_feature_noise_0,21,4.936101399935209,5.018396854400635
1,single_feature_noise_0,22,4.927152340228741,4.998034954071045
1,single_feature_noise_0,23,4.924989516918476,5.040265083312988
1,single_feature_noise_0,24,4.925147386697622,5.031793832778931
1,single_feature_noise_0,25,4.932734416081355,5.050049304962158
1,single_feature_noise_0,26,4.920083559476412,5.073237180709839
1,single_feature_noise_0,27,4.919278658353365,5.0783045291900635
1,single_feature_noise_0,28,4.9126482009887695,5.061474800109863
1,single_feature_noise_0,29,4.912532586317796,5.057157516479492
1,single_feature_noise_0,30,4.917106738457313,5.014353275299072
1,single_feature_noise_0,31,4.913141617408166,5.067282676696777
1,single_feature_noise_0,32,4.90297035070566,5.081323623657227
1,single_feature_noise_0,33,4.9116106400123005,5.070873737335205
1,single_feature_noise_0,34,4.895921303675725,5.072134256362915
1,single_feature_noise_0,35,4.896320893214299,5.054210662841797
5,masked_npe,0,5.157228359809289,4.97262167930603
5,masked_npe,1,4.8754969376784105,4.848414182662964
5,masked_npe,2,4.690024339235746,4.650027751922607
5,masked_npe,3,4.520809467022236,4.490005970001221
5,masked_npe,4,4.345645794501672,4.335163116455078
5,masked_npe,5,4.256030999697172,4.298725605010986
5,masked_npe,6,4.217436276949369,4.280200719833374
5,masked_npe,7,4.180661531595083,4.256503105163574
5,masked_npe,8,4.14250241793119,4.227721214294434
5,masked_npe,9,4.132221258603609,4.195952653884888
5,masked_npe,10,4.1009913591238165,4.1766369342803955
5,masked_npe,11,4.115710735321045,4.140222549438477
5,masked_npe,12,4.059696399248564,4.204834699630737
5,masked_npe,13,4.043490189772386,4.171522617340088
5,masked_npe,14,4.010575734652006,4.1440839767456055
5,masked_npe,15,4.0158272339747505,4.08844530582428
5,masked_npe,16,3.966677115513728,4.0761144161224365
5,masked_npe,17,3.9435194455660305,4.006771802902222
5,masked_npe,18,3.892900136800913,3.9850950241088867
5,masked_npe,19,3.840007176766029,3.9434423446655273
5,masked_npe,20,3.7771655046022854,3.929733157157898
5,masked_npe,21,3.764544523679293,3.911055326461792
5,masked_npe,22,3.7554724583258996,3.9037052392959595
5,masked_npe,23,3.7293140704815206,3.857038378715515
5,masked_npe,24,3.704095583695632,3.772113084793091
5,masked_npe,25,3.7009283762711744,3.798844337463379
5,masked_npe,26,3.657350888619056,3.773416042327881
5,masked_npe,27,3.6445358716524563,3.7679693698883057
5,masked_npe,28,3.6155078411102295,3.7115739583969116
5,masked_npe,29,3.5918435867016134,3.7351388931274414
5,masked_npe,30,3.610598380749042,3.6835087537765503
5,masked_npe,31,3.5969377297621508,3.7016239166259766
5,masked_npe,32,3.5480177769294152,3.680915117263794
5,masked_npe,33,3.5351013587071347,3.6592040061950684
5,masked_npe,34,3.5536806766803446,3.689226746559143
5,masked_npe,35,3.5301058842585635,3.7179083824157715
5,masked_npe,36,3.5504142504472,3.7100011110305786
5,masked_npe,37,3.5523773156679592,3.6592248678207397
5,masked_npe,38,3.5325260895949144,3.690519332885742
5,masked_npe,39,3.557828958217914,3.6711983680725098
5,masked_npe,40,3.4726378367497373,3.730109691619873
5,masked_npe,41,3.527363428702721,3.68625545501709
5,masked_npe,42,3.5329112089597263,3.622673511505127
5,masked_npe,43,3.5313199850229116,3.6578402519226074
5,masked_npe,44,3.486117858153123,3.692560911178589
5,masked_npe,45,3.487268411196195,3.6501961946487427
5,masked_npe,46,3.505347416951106,3.6674182415008545
5,masked_npe,47,3.476876607308021,3.6337884664535522
5,masked_npe,48,3.5093450729663553,3.681421399116516
5,masked_npe,49,3.4870513952695408,3.6671937704086304
5,masked_npe,50,3.5110154151916504,3.682800054550171
5,masked_npe,51,3.47335776915917,3.663748621940613
5,masked_npe,52,3.4834757217994103,3.6249438524246216
5,masked_npe,53,3.4893677418048563,3.6700044870376587
5,masked_npe,54,3.4848853257986216,3.6452826261520386
5,masked_npe,55,3.515298476585975,3.621318817138672
5,masked_npe,56,3.5022866542522726,3.6362946033477783
5,masked_npe,57,3.477599162321824,3.667276620864868
5,masked_npe,58,3.474405912252573,3.6928651332855225
5,masked_npe,59,3.470724105834961,3.6741795539855957
5,masked_npe,60,3.486772060394287,3.604553461074829
5,masked_npe,61,3.46120652785668,3.6188669204711914
5,masked_npe,62,3.4983486579014706,3.6367626190185547
5,masked_npe,63,3.4935874388768124,3.6021406650543213
5,masked_npe,64,3.4848735332489014,3.651317596435547
5,masked_npe,65,3.4839837000920224,3.6434473991394043
5,masked_npe,66,3.483127759053157,3.591317892074585
5,masked_npe,67,3.4793395629295936,3.5851768255233765
5,masked_npe,68,3.4776223989633412,3.640559196472168
5,masked_npe,69,3.475376844406128,3.6567604541778564
5,masked_npe,70,3.499069470625657,3.5878151655197144
5,masked_npe,71,3.4393128798558164,3.641104578971863
5,masked_npe,72,3.4611418430621805,3.619046211242676
5,masked_npe,73,3.452208023804885,3.635379672050476
5,masked_npe,74,3.4731917014488807,3.6261467933654785
5,masked_npe,75,3.4632192024817834,3.6680097579956055
5,masked_npe,76,3.458511242499718,3.609538197517395
5,masked_npe,77,3.4434598042414737,3.6202856302261353
5,masked_npe,78,3.4498242965111365,3.6272194385528564
5,masked_npe,79,3.479270788339468,3.6702284812927246
5,masked_npe,80,3.4817712123577413,3.6327946186065674
5,masked_npe,81,3.4662157022036038,3.6242012977600098
5,masked_npe,82,3.439703134390024,3.6451261043548584
5,masked_npe,83,3.444099481289203,3.6392141580581665
5,masked_npe,84,3.457200160393348,3.6506296396255493
5,masked_npe,85,3.4381148448357215,3.60459041595459
5,masked_npe,86,3.4539763377262998,3.6385903358459473
5,masked_npe,87,3.4188739336453953,3.6720837354660034
5,masked_npe,88,3.4632561940413256,3.6464046239852905
5,masked_npe,89,3.4474743146162767,3.6165577173233032
5,masked_npe,90,3.4164995963756857,3.602208137512207
5,masked_npe,91,3.479206470342783,3.604729175567627
5,masked_npe,92,3.4347810928638163,3.6658084392547607
5,single_feature_f1_strong_t1,0,5.162339650667631,5.010083913803101
5,single_feature_f1_strong_t1,1,4.888569685129019,4.935142517089844
5,single_feature_f1_strong_t1,2,4.825561963594877,4.897510528564453
5,single_feature_f1_strong_t1,3,4.7995782265296345,4.882532119750977
5,single_feature_f1_strong_t1,4,4.789372810950646,4.920422315597534
5,single_feature_f1_strong_t1,5,4.78067973943857,4.893362998962402
5,single_feature_f1_strong_t1,6,4.76840694134052,4.885951280593872
5,single_feature_f1_strong_t1,7,4.779240681574895,4.934865474700928
5,single_feature_f1_strong_t1,8,4.765429973602295,4.876115798950195
5,single_feature_f1_strong_t1,9,4.768185982337365,4.901965379714966
5,single_feature_f1_strong_t1,10,4.76095203252939,4.893051385879517
5,single_feature_f1_strong_t1,11,4.759319672217736,4.8689470291137695
5,single_feature_f1_strong_t1,12,4.756352534660926,4.907012224197388
5,single_feature_f1_strong_t1,13,4.751460588895357,4.933748960494995
5,single_feature_f1_strong_t1,14,4.753440930293157,4.923562288284302
5,single_feature_f1_strong_t1,15,4.741857125208928,4.923255681991577
5,single_feature_f1_strong_t1,16,4.741065208728497,4.931024789810181
5,single_feature_f1_strong_t1,17,4.742346947009747,4.909424781799316
5,single_feature_f1_strong_t1,18,4.729890896723821,4.896071434020996
5,single_feature_f1_strong_t1,19,4.738836691929744,4.875041246414185
5,single_feature_f1_strong_t1,20,4.735401447002705,4.910171747207642
5,single_feature_f1_strong_t1,21,4.732526669135461,4.912039279937744
5,single_feature_f1_strong_t1,22,4.727160783914419,4.918262481689453
5,single_feature_f1_strong_t1,23,4.727130816533015,4.874576091766357
5,single_feature_f1_strong_t1,24,4.726754592015193,4.917379379272461
5,single_feature_f1_strong_t1,25,4.722744758312519,4.918435096740723
5,single_feature_f1_strong_t1,26,4.724118672884428,4.933990955352783
5,single_feature_f1_strong_t1,27,4.710718851823073,4.886045932769775
5,single_feature_f1_strong_t1,28,4.707780948052039,4.929269790649414
5,single_feature_f1_strong_t1,29,4.71124557348398,4.910166263580322
5,single_feature_f1_strong_t1,30,4.7107415199279785,4.976773738861084
5,single_feature_f1_strong_t1,31,4.710226389077993,4.944918632507324
5,single_feature_f1_strong_t1,32,4.711633388812725,4.974969387054443
5,single_feature_f1_strong_t1,33,4.705723248995268,4.9359095096588135
5,single_feature_f1_strong_t1,34,4.706162269298847,4.949179172515869
5,single_feature_f1_strong_t1,35,4.7000740858224725,4.908557415008545
5,single_feature_f1_strong_t1,36,4.694071989793044,4.956940650939941
5,single_feature_f2_strong_t2,0,5.118242997389573,4.911474227905273
5,single_feature_f2_strong_t2,1,4.730325222015381,4.636704683303833
5,single_feature_f2_strong_t2,2,4.460406853602483,4.406647682189941
5,single_feature_f2_strong_t2,3,4.313494278834416,4.364798069000244
5,single_feature_f2_strong_t2,4,4.257808428544265,4.340671539306641
5,single_feature_f2_strong_t2,5,4.2314359958355245,4.302017688751221
5,single_feature_f2_strong_t2,6,4.204024938436655,4.285850524902344
5,single_feature_f2_strong_t2,7,4.206331986647386,4.303834438323975
5,single_feature_f2_strong_t2,8,4.192689675551194,4.2579827308654785
5,single_feature_f2_strong_t2,9,4.186909969036396,4.303679704666138
5,single_feature_f2_strong_t2,10,4.174215206733117,4.278858661651611
5,single_feature_f2_strong_t2,11,4.170678578890287,4.253875970840454
5,single_feature_f2_strong_t2,12,4.170526394477258,4.260945081710815
5,single_feature_f2_strong_t2,13,4.163075373722957,4.292789459228516
5,single_feature_f2_strong_t2,14,4.1660691774808445,4.2939674854278564
5,single_feature_f2_strong_t2,15,4.154932095454289,4.288876533508301
5,single_feature_f2_strong_t2,16,4.157243728637695,4.276979446411133
5,single_feature_f2_strong_t2,17,4.150926333207351,4.278848648071289
5,single_feature_f2_strong_t2,18,4.147279959458571,4.252189874649048
5,single_feature_f2_strong_t2,19,4.150394843174861,4.236642122268677
5,single_feature_f2_strong_t2,20,4.149865737328162,4.2803730964660645
5,single_feature_f2_strong_t2,21,4.149505358475905,4.27779746055603
5,single_feature_f2_strong_t2,22,4.1423061444209175,4.292130947113037
5,single_feature_f2_strong_t2,23,4.135590113126314,4.29545783996582
5,single_feature_f2_strong_t2,24,4.1334333053001995,4.288933038711548
5,single_feature_f2_strong_t2,25,4.134895067948562,4.28035831451416
5,single_feature_f2_strong_t2,26,4.129854165590727,4.2956390380859375
5,single_feature_f2_strong_t2,27,4.12585423542903,4.263856649398804
5,single_feature_f2_strong_t2,28,4.126910172975981,4.264152765274048
5,single_feature_f2_strong_t2,29,4.125788908738357,4.2720184326171875
5,single_feature_f2_strong_t2,30,4.129195396716778,4.292975187301636
5,single_feature_f2_strong_t2,31,4.123442649841309,4.291401386260986
5,single_feature_f2_strong_t2,32,4.1286690051739035,4.325489521026611
5,single_feature_f2_strong_t2,33,4.119273039010855,4.312796592712402
5,single_feature_f2_strong_t2,34,4.116285947652964,4.30677056312561
5,single_feature_f2_strong_t2,35,4.115398553701548,4.28583550453186
5,single_feature_f2_strong_t2,36,4.104576991154597,4.326573848724365
5,single_feature_f2_strong_t2,37,4.108042827019324,4.320632457733154
5,single_feature_f2_strong_t2,38,4.101163974175086,4.306658029556274
5,single_feature_f2_strong_t2,39,4.101884328402006,4.2710511684417725
5,single_feature_f2_strong_t2,40,4.107498920880831,4.319212913513184
5,single_feature_f2_strong_t2,41,4.101307502159705,4.2701416015625
5,single_feature_f2_strong_t2,42,4.097436593129085,4.302669525146484
5,single_feature_f2_strong_t2,43,4.080236746714665,4.320127248764038
5,single_feature_f2_strong_t2,44,4.094840453221248,4.3016417026519775
5,single_feature_f3_dup_a,0,5.100773334503174,4.927128314971924
5,single_feature_f3_dup_a,1,4.794396877288818,4.808779001235962
5,single_feature_f3_dup_a,2,4.715549102196326,4.753929138183594
5,single_feature_f3_dup_a,3,4.676569351783166,4.734739303588867
5,single_feature_f3_dup_a,4,4.66004360639132,4.770071268081665
5,single_feature_f3_dup_a,5,4.648508475377009,4.761203289031982
5,single_feature_f3_dup_a,6,4.635132386134221,4.731666088104248
5,single_feature_f3_dup_a,7,4.646388420691857,4.758510112762451
5,single_feature_f3_dup_a,8,4.631843236776499,4.721822500228882
5,single_feature_f3_dup_a,9,4.634900203117957,4.75937557220459
5,single_feature_f3_dup_a,10,4.626970437856821,4.748188257217407
5,single_feature_f3_dup_a,11,4.625979900360107,4.7180938720703125
5,single_feature_f3_dup_a,12,4.6194182909452,4.7603700160980225
5,single_feature_f3_dup_a,13,4.617142567267785,4.768559455871582
5,single_feature_f3_dup_a,14,4.6179034526531515,4.777388095855713
5,single_feature_f3_dup_a,15,4.61361103791457,4.767091274261475
5,single_feature_f3_dup_a,16,4.60692941225492,4.784243822097778
5,single_feature_f3_dup_a,17,4.60773412997906,4.762526512145996
5,single_feature_f3_dup_a,18,4.597455941713774,4.752526760101318
5,single_feature_f3_dup_a,19,4.600027157710149,4.7496864795684814
5,single_feature_f3_dup_a,20,4.598011236924392,4.736957550048828
5,single_feature_f3_dup_a,21,4.591813087463379,4.7673327922821045
5,single_feature_f3_dup_a,22,4.591496430910551,4.764707803726196
5,single_feature_f3_dup_a,23,4.592793648059551,4.732708930969238
5,single_feature_f3_dup_a,24,4.583496277148907,4.758233070373535
5,single_feature_f3_dup_a,25,4.586027989020715,4.756935119628906
5,single_feature_f3_dup_a,26,4.5811555202190695,4.7839460372924805
5,single_feature_f3_dup_a,27,4.575122283055232,4.7345380783081055
5,single_feature_f3_dup_a,28,4.574370604294997,4.748936176300049
5,single_feature_f3_dup_a,29,4.5704958989070015,4.735985279083252
5,single_feature_f3_dup_a,30,4.573140841263991,4.80217432975769
5,single_feature_f3_dup_a,31,4.571499274327205,4.783734321594238
5,single_feature_f3_dup_a,32,4.574439305525559,4.789338827133179
5,single_feature_f3_dup_a,33,4.570544352898231,4.801730155944824
5,single_feature_f3_dup_a,34,4.561660839961125,4.805459022521973
5,single_feature_f3_dup_a,35,4.560634172879732,4.757365942001343
5,single_feature_f3_dup_a,36,4.553591508131761,4.809475421905518
5,single_feature_f4_dup_b,0,5.105025841639592,4.926283836364746
5,single_feature_f4_dup_b,1,4.802067940051739,4.813955783843994
5,single_feature_f4_dup_b,2,4.723397695101225,4.759220838546753
5,single_feature_f4_dup_b,3,4.684361494504488,4.729996204376221
5,single_feature_f4_dup_b,4,4.668561238508958,4.752648591995239
5,single_feature_f4_dup_b,5,4.656403688284067,4.757552862167358
5,single_feature_f4_dup_b,6,4.642526149749756,4.723466634750366
5,single_feature_f4_dup_b,7,4.652591631962703,4.751945495605469
5,single_feature_f4_dup_b,8,4.636731184445894,4.7221903800964355
5,single_feature_f4_dup_b,9,4.640528458815354,4.753488063812256
5,single_feature_f4_dup_b,10,4.632940108959492,4.744262218475342
5,single_feature_f4_dup_b,11,4.629563148205097,4.718085527420044
5,single_feature_f4_dup_b,12,4.6240434279808635,4.759857654571533
5,single_feature_f4_dup_b,13,4.619975970341609,4.766740083694458
5,single_feature_f4_dup_b,14,4.622184643378625,4.773275852203369
5,single_feature_f4_dup_b,15,4.6158348597013035,4.7624945640563965
5,single_feature_f4_dup_b,16,4.61023734166072,4.7838335037231445
5,single_feature_f4_dup_b,17,4.609418282142053,4.766485214233398
5,single_feature_f4_dup_b,18,4.597360574282133,4.759217977523804
5,single_feature_f4_dup_b,19,4.604403202350323,4.750328063964844
5,single_feature_f4_dup_b,20,4.6022706765394945,4.740315675735474
5,single_feature_f4_dup_b,21,4.596799593705398,4.76426887512207
5,single_feature_f4_dup_b,22,4.595422634711633,4.754949331283569
5,single_feature_f4_dup_b,23,4.59419059753418,4.732414245605469
5,single_feature_f4_dup_b,24,4.584737117473896,4.767584562301636
5,single_feature_f4_dup_b,25,4.5848307609558105,4.746517896652222
5,single_feature_f4_dup_b,26,4.5860203596261835,4.7889604568481445
5,single_feature_f4_dup_b,27,4.576147959782527,4.736420631408691
5,single_feature_f4_dup_b,28,4.576745583460881,4.745473384857178
5,single_feature_f4_dup_b,29,4.570147184225229,4.736881494522095
5,single_feature_f4_dup_b,30,4.57756860439594,4.812174081802368
5,single_feature_f4_dup_b,31,4.570101921374981,4.785035133361816
5,single_feature_f4_dup_b,32,4.574245782998892,4.795576572418213
5,single_feature_f4_dup_b,33,4.569840064415565,4.796327829360962
5,single_feature_f4_dup_b,34,4.559987398294302,4.809152126312256
5,single_feature_f4_dup_b,35,4.560012083787185,4.756410837173462
5,single_feature_f4_dup_b,36,4.549438586601844,4.82045841217041
5,single_feature_f5_null,0,5.204007882338304,5.108087062835693
5,single_feature_f5_null,1,5.013365415426401,5.062155485153198
5,single_feature_f5_null,2,4.976489910712609,5.017958641052246
5,single_feature_f5_null,3,4.96132832307082,5.024142742156982
5,single_feature_f5_null,4,4.957266990955059,5.055338621139526
5,single_feature_f5_null,5,4.9507024104778585,5.031291484832764
5,single_feature_f5_null,6,4.939315025623028,5.018665790557861
5,single_feature_f5_null,7,4.954142460456262,5.055524110794067
5,single_feature_f5_null,8,4.9407136623676005,4.99971342086792
5,single_feature_f5_null,9,4.944002114809477,5.050243377685547
5,single_feature_f5_null,10,4.936289713932918,5.029104471206665
5,single_feature_f5_null,11,4.937198345477764,5.0153069496154785
5,single_feature_f5_null,12,4.931158542633057,5.043308258056641
5,single_feature_f5_null,13,4.926271438598633,5.071910381317139
5,single_feature_f5_null,14,4.928750074826754,5.067695140838623
5,single_feature_f5_null,15,4.921586733597976,5.0672736167907715
5,single_feature_f5_null,16,4.9176195951608515,5.0748045444488525
5,single_feature_f5_null,17,4.920748270474947,5.047177791595459
5,single_feature_f5_null,18,4.909273661099947,5.03770637512207
5,single_feature_f5_null,19,4.9171270957359905,5.035669326782227
5,single_feature_f5_null,20,4.914125845982478,5.0367348194122314
5,single_feature_f5_null,21,4.9049554237952595,5.051264762878418
5,single_feature_f5_null,22,4.904127634488619,5.050431728363037
5,single_feature_f5_null,23,4.901915550231934,5.018918991088867
5,single_feature_f5_null,24,4.8958731798025275,5.056544065475464
5,single_feature_f5_null,25,4.896962936107929,5.0531699657440186
5,single_feature_f5_null,26,4.895947603078989,5.068419456481934
5,single_feature_f5_null,27,4.883753263033354,5.046407222747803
5,single_feature_f5_null,28,4.887169984670786,5.048777341842651
5,single_feature_f5_null,29,4.886095963991606,5.051323890686035
5,single_feature_f5_null,30,4.885051397176889,5.103973388671875
5,single_feature_f5_null,31,4.88335238970243,5.0725414752960205
5,single_feature_f5_null,32,4.884852372683012,5.100419282913208
5,single_feature_f5_null,33,4.882318093226506,5.087832927703857
5,single_feature_f6_suppressor,0,5.203560205606314,5.111352205276489
5,single_feature_f6_suppressor,1,5.012579147632305,5.067632675170898
5,single_feature_f6_suppressor,2,4.974877687600943,5.027967691421509
5,single_feature_f6_suppressor,3,4.960133699270395,5.032719135284424
5,single_feature_f6_suppressor,4,4.954731794504019,5.064459323883057
5,single_feature_f6_suppressor,5,4.950130315927359,5.0447564125061035
5,single_feature_f6_suppressor,6,4.93819812627939,5.0304694175720215
5,single_feature_f6_suppressor,7,4.9531755080589885,5.070631980895996
5,single_feature_f6_suppressor,8,4.940561734713041,5.0165016651153564
5,single_feature_f6_suppressor,9,4.943076097048246,5.059307098388672
5,single_feature_f6_suppressor,10,4.9349721028254585,5.042372465133667
5,single_feature_f6_suppressor,11,4.9357177661015434,5.02266263961792
5,single_feature_f6_suppressor,12,4.930470613332895,5.057377576828003
5,single_feature_f6_suppressor,13,4.925840084369366,5.084146022796631
5,single_feature_f6_suppressor,14,4.927759977487417,5.079319715499878
5,single_feature_f6_suppressor,15,4.919721823472243,5.0810253620147705
5,single_feature_f6_suppressor,16,4.916502145620493,5.084397315979004
5,single_feature_f6_suppressor,17,4.918597184694731,5.067452669143677
5,single_feature_f6_suppressor,18,4.908888119917649,5.054287433624268
5,single_feature_f6_suppressor,19,4.916363642765925,5.04251503944397
5,single_feature_f6_suppressor,20,4.910464066725511,5.0515663623809814
5,single_feature_f6_suppressor,21,4.905122610238882,5.05794358253479
5,single_feature_f6_suppressor,22,4.904495606055627,5.065351963043213
5,single_feature_f6_suppressor,23,4.900238844064566,5.03216814994812
5,single_feature_f6_suppressor,24,4.8954423390902,5.057825088500977
5,single_feature_f6_suppressor,25,4.896107306847205,5.064378499984741
5,single_feature_f6_suppressor,26,4.896264883188101,5.077465057373047
5,single_feature_f6_suppressor,27,4.8836600963885965,5.042357921600342
5,single_feature_f6_suppressor,28,4.884039768805871,5.0661091804504395
5,single_feature_f6_suppressor,29,4.882430186638465,5.064472436904907
5,single_feature_f6_suppressor,30,4.883945024930513,5.107571363449097
5,single_feature_f6_suppressor,31,4.882398495307336,5.087785243988037
5,single_feature_f6_suppressor,32,4.886090351985051,5.121951580047607
5,single_feature_f6_suppressor,33,4.879722668574407,5.097599744796753
5,single_feature_f7_weak,0,5.170183108403132,5.0375471115112305
5,single_feature_f7_weak,1,4.918481570023757,4.933635711669922
5,single_feature_f7_weak,2,4.854684829711914,4.8800952434539795
5,single_feature_f7_weak,3,4.833102299616887,4.865746021270752
5,single_feature_f7_weak,4,4.818984288435716,4.901914119720459
5,single_feature_f7_weak,5,4.813301783341628,4.879638433456421
5,single_feature_f7_weak,6,4.799754546238826,4.851494073867798
5,single_feature_f7_weak,7,4.81219376050509,4.8911943435668945
5,single_feature_f7_weak,8,4.7967795592087965,4.835644721984863
5,single_feature_f7_weak,9,4.801260397984431,4.877437353134155
5,single_feature_f7_weak,10,4.795220631819505,4.883156776428223
5,single_feature_f7_weak,11,4.793329128852258,4.836961269378662
5,single_feature_f7_weak,12,4.787275864527776,4.867184638977051
5,single_feature_f7_weak,13,4.781320828657884,4.894222736358643
5,single_feature_f7_weak,14,4.785658176128681,4.886420249938965
5,single_feature_f7_weak,15,4.779417954958403,4.887784957885742
5,single_feature_f7_weak,16,4.774817613454966,4.897666692733765
5,single_feature_f7_weak,17,4.777169667757475,4.865389347076416
5,single_feature_f7_weak,18,4.768837745373066,4.872228384017944
5,single_feature_f7_weak,19,4.7722667547372675,4.857349395751953
5,single_feature_f7_weak,20,4.766531944274902,4.863967657089233
5,single_feature_f7_weak,21,4.76180469072782,4.878543138504028
5,single_feature_f7_weak,22,4.764925516568697,4.8730692863464355
5,single_feature_f7_weak,23,4.7532782187828655,4.848121643066406
5,single_feature_f7_weak,24,4.756433413578914,4.895721912384033
5,single_feature_f7_weak,25,4.7529245890103855,4.887453317642212
5,single_feature_f7_weak,26,4.750147306002104,4.900130748748779
5,single_feature_f7_weak,27,4.7429801133962775,4.857952356338501
5,single_feature_f7_weak,28,4.7400617232689495,4.867210865020752
5,single_feature_f7_weak,29,4.742163914900559,4.875518321990967
5,single_feature_f7_weak,30,4.741759226872371,4.919639587402344
5,single_feature_f7_weak,31,4.7401616756732645,4.918787479400635
5,single_feature_f7_weak,32,4.740773494427021,4.9366700649261475
5,single_feature_f7_weak,33,4.735633630018968,4.906485080718994
5,single_feature_f8_bigcoef,0,5.149440838740422,4.982632875442505
5,single_feature_f8_bigcoef,1,4.847181980426495,4.824363708496094
5,single_feature_f8_bigcoef,2,4.720833961780254,4.745389699935913
5,single_feature_f8_bigcoef,3,4.686151834634634,4.7314863204956055
5,single_feature_f8_bigcoef,4,4.662536511054406,4.749063014984131
5,single_feature_f8_bigcoef,5,4.647747700030987,4.730873346328735
5,single_feature_f8_bigcoef,6,4.635413206540621,4.701354265213013
5,single_feature_f8_bigcoef,7,4.6432731334979715,4.748948097229004
5,single_feature_f8_bigcoef,8,4.628424534430871,4.698944330215454
5,single_feature_f8_bigcoef,9,4.630990321819599,4.729102373123169
5,single_feature_f8_bigcoef,10,4.626473023341252,4.721351146697998
5,single_feature_f8_bigcoef,11,4.622207971719595,4.692671298980713
5,single_feature_f8_bigcoef,12,4.61563961322491,4.716553449630737
5,single_feature_f8_bigcoef,13,4.610628054692195,4.747401237487793
5,single_feature_f8_bigcoef,14,4.61142033797044,4.748496055603027
5,single_feature_f8_bigcoef,15,4.606793476985051,4.745326042175293
5,single_feature_f8_bigcoef,16,4.605352621812087,4.732311010360718
5,single_feature_f8_bigcoef,17,4.609271489656889,4.7227911949157715
5,single_feature_f8_bigcoef,18,4.596473803887,4.700728893280029
5,single_feature_f8_bigcoef,19,4.5988503236037035,4.694102048873901
5,single_feature_f8_bigcoef,20,4.597395493434026,4.707521200180054
5,single_feature_f8_bigcoef,21,4.594351365016057,4.732305288314819
5,single_feature_f8_bigcoef,22,4.5880063863900995,4.724151611328125
5,single_feature_f8_bigcoef,23,4.587521112882174,4.6824729442596436
5,single_feature_f8_bigcoef,24,4.580739498138428,4.7221360206604
5,single_feature_f8_bigcoef,25,4.5784238668588495,4.734648704528809
5,single_feature_f8_bigcoef,26,4.581404575934777,4.7428576946258545
5,single_feature_f8_bigcoef,27,4.572141830737774,4.719458103179932
5,single_feature_f8_bigcoef,28,4.568241779620831,4.726762056350708
5,single_feature_f8_bigcoef,29,4.57005944618812,4.719145774841309
5,single_feature_f8_bigcoef,30,4.5704522499671345,4.751435279846191
5,single_feature_f8_bigcoef,31,4.569198314960186,4.7350122928619385
5,single_feature_f8_bigcoef,32,4.569639389331524,4.762413024902344
5,single_feature_f8_bigcoef,33,4.573042759528527,4.745970010757446
5,single_feature_f8_bigcoef,34,4.564115964449369,4.771260976791382
5,single_feature_f8_bigcoef,35,4.559544563293457,4.730299711227417
5,single_feature_f8_bigcoef,36,4.551874050727258,4.767230749130249
5,single_feature_f8_bigcoef,37,4.551295610574575,4.754204750061035
5,single_feature_f8_bigcoef,38,4.539671531090369,4.759486198425293
5,single_feature_f8_bigcoef,39,4.552148562211257,4.708427667617798
5,single_feature_f8_bigcoef,40,4.550290988041804,4.723452091217041
5,single_feature_f8_bigcoef,41,4.544988522162805,4.729247570037842
5,single_feature_f8_bigcoef,42,4.536098883702205,4.7456066608428955
5,single_feature_f8_bigcoef,43,4.526622478778545,4.741860628128052
5,single_feature_f8_bigcoef,44,4.536383041968713,4.7628631591796875
5,single_feature_f8_bigcoef,45,4.534838969890888,4.767219543457031
5,single_feature_f8_bigcoef,46,4.534970026749831,4.765301704406738
5,single_feature_f8_bigcoef,47,4.527117362389197,4.735507249832153
5,single_feature_f8_bigcoef,48,4.528793481680063,4.765559911727905
5,single_feature_noise_0,0,5.20564893575815,5.1092634201049805
5,single_feature_noise_0,1,5.014373045701247,5.058363914489746
5,single_feature_noise_0,2,4.976708302131066,5.020886421203613
5,single_feature_noise_0,3,4.961552876692552,5.021960020065308
5,single_feature_noise_0,4,4.955641012925368,5.061464071273804
5,single_feature_noise_0,5,4.950810432434082,5.034168004989624
5,single_feature_noise_0,6,4.93956811611469,5.018147230148315
5,single_feature_noise_0,7,4.954237351050744,5.056439399719238
5,single_feature_noise_0,8,4.941225345318134,5.003133773803711
5,single_feature_noise_0,9,4.943876890035776,5.046630144119263
5,single_feature_noise_0,10,4.936819480015681,5.036876916885376
5,single_feature_noise_0,11,4.936139290149395,5.013337850570679
5,single_feature_noise_0,12,4.931581387153039,5.047037839889526
5,single_feature_noise_0,13,4.924453845390906,5.064382314682007
5,single_feature_noise_0,14,4.929036874037522,5.069999694824219
5,single_feature_noise_0,15,4.919505266042856,5.060316562652588
5,single_feature_noise_0,16,4.915959725013146,5.0670325756073
5,single_feature_noise_0,17,4.916745295891395,5.040664911270142
5,single_feature_noise_0,18,4.908043017754188,5.0431132316589355
5,single_feature_noise_0,19,4.913839817047119,5.029029369354248
5,single_feature_noise_0,20,4.909523010253906,5.033807277679443
5,single_feature_noise_0,21,4.9023847579956055,5.043877363204956
5,single_feature_noise_0,22,4.900122495797964,5.044162034988403
5,single_feature_noise_0,23,4.8971632443941555,5.010505676269531
5,single_feature_noise_0,24,4.894792006565974,5.054005146026611
5,single_feature_noise_0,25,4.892343117640569,5.042877197265625
5,single_feature_noise_0,26,4.891943784860464,5.069474697113037
5,single_feature_noise_0,27,4.883272867936355,5.027749538421631
5,single_feature_noise_0,28,4.882520125462459,5.046788692474365
5,single_feature_noise_0,29,4.883018530332125,5.039440631866455
5,single_feature_noise_0,30,4.879148629995493,5.082702159881592
5,single_feature_noise_0,31,4.8780089891873875,5.068387031555176
5,single_feature_noise_0,32,4.879290434030386,5.092802286148071
5,single_feature_noise_0,33,4.875779335315411,5.081042289733887
10,masked_npe,0,5.198705929976243,5.010793685913086
10,masked_npe,1,4.908976664909949,4.8362717628479
10,masked_npe,2,4.756465618426983,4.670871734619141
10,masked_npe,3,4.586196129138653,4.474255800247192
10,masked_npe,4,4.377942635462834,4.319385528564453
10,masked_npe,5,4.290191723750188,4.276156902313232
10,masked_npe,6,4.209716906914344,4.195883274078369
10,masked_npe,7,4.201166079594539,4.201968431472778
10,masked_npe,8,4.151284034435566,4.202038288116455
10,masked_npe,9,4.150641808143029,4.21104621887207
10,masked_npe,10,4.129223493429331,4.112367153167725
10,masked_npe,11,4.104480963486892,4.163988828659058
10,masked_npe,12,4.058878201704759,4.156773328781128
10,masked_npe,13,4.063343873390784,4.087048053741455
10,masked_npe,14,4.037976815150334,4.087838172912598
10,masked_npe,15,3.9972553436572733,4.006099581718445
10,masked_npe,16,3.9323029701526346,3.9984452724456787
10,masked_npe,17,3.913706119243915,3.956467866897583
10,masked_npe,18,3.920950486109807,3.936641812324524
10,masked_npe,19,3.8536660487835226,3.953634738922119
10,masked_npe,20,3.8527516768528867,3.8657151460647583
10,masked_npe,21,3.7977607250213623,3.868840456008911
10,masked_npe,22,3.781919314311101,3.8704689741134644
10,masked_npe,23,3.794268388014573,3.842197895050049
10,masked_npe,24,3.734949753834651,3.8389534950256348
10,masked_npe,25,3.7534503019773044,3.778761863708496
10,masked_npe,26,3.7100114822387695,3.785054087638855
10,masked_npe,27,3.6970707453214207,3.7352508306503296
10,masked_npe,28,3.6494560425098124,3.7427711486816406
10,masked_npe,29,3.675264596939087,3.7166688442230225
10,masked_npe,30,3.661448827156654,3.7154946327209473
10,masked_npe,31,3.645008545655471,3.712534189224243
10,masked_npe,32,3.61888601229741,3.7193318605422974
10,masked_npe,33,3.6191109143770657,3.687278389930725
10,masked_npe,34,3.5842985923473654,3.686632752418518
10,masked_npe,35,3.5817046348865214,3.656693935394287
10,masked_npe,36,3.605767085002019,3.642335295677185
10,masked_npe,37,3.5748502107766957,3.696153998374939
10,masked_npe,38,3.533830220882709,3.6091666221618652
10,masked_npe,39,3.5521304607391357,3.6725306510925293
10,masked_npe,40,3.563996516741239,3.6452066898345947
10,masked_npe,41,3.5516147796924296,3.604758381843567
10,masked_npe,42,3.5427146508143497,3.6119930744171143
10,masked_npe,43,3.527186705515935,3.6057889461517334
10,masked_npe,44,3.5751811541043796,3.677103042602539
10,masked_npe,45,3.5500816198495717,3.6780569553375244
10,masked_npe,46,3.581356305342454,3.6390234231948853
10,masked_npe,47,3.5274243904994083,3.6425092220306396
10,masked_npe,48,3.5358112225165734,3.6232376098632812
10,masked_npe,49,3.504594564437866,3.6176133155822754
10,masked_npe,50,3.5262305919940653,3.6540720462799072
10,masked_npe,51,3.5341534247765174,3.6173458099365234
10,masked_npe,52,3.5085232808039737,3.6675198078155518
10,masked_npe,53,3.4950185005481424,3.607890248298645
10,masked_npe,54,3.5304703529064474,3.599089741706848
10,masked_npe,55,3.503605365753174,3.609279155731201
10,masked_npe,56,3.509041217657236,3.599871277809143
10,masked_npe,57,3.5289706266843357,3.5990041494369507
10,masked_npe,58,3.5192319613236647,3.6414499282836914
10,masked_npe,59,3.502319390957172,3.6271462440490723
10,masked_npe,60,3.5330752592820387,3.602694869041443
10,masked_npe,61,3.495911268087534,3.562544107437134
10,masked_npe,62,3.5137123878185568,3.5799560546875
10,masked_npe,63,3.4353658969585714,3.642228126525879
10,masked_npe,64,3.5000723692087026,3.57304584980011
10,masked_npe,65,3.5022958792172947,3.615482211112976
10,masked_npe,66,3.4824118247398963,3.625526189804077
10,masked_npe,67,3.482484524066632,3.6341843605041504
10,masked_npe,68,3.5130472366626444,3.6288113594055176
10,masked_npe,69,3.4955626817849965,3.5739080905914307
10,masked_npe,70,3.459717732209426,3.631244421005249
10,masked_npe,71,3.4652553154872012,3.607319474220276
10,masked_npe,72,3.4810756536630483,3.560242772102356
10,masked_npe,73,3.4964923491844764,3.5704160928726196
10,masked_npe,74,3.4535252314347487,3.5629074573516846
10,masked_npe,75,3.4650974090282736,3.6277213096618652
10,masked_npe,76,3.494918309725248,3.596370577812195
10,masked_npe,77,3.4605853374187765,3.563476800918579
10,masked_npe,78,3.4635530618520884,3.5999945402145386
10,masked_npe,79,3.4843791081355167,3.5734119415283203
10,masked_npe,80,3.477369546890259,3.571803092956543
10,masked_npe,81,3.488299296452449,3.6394429206848145
10,masked_npe,82,3.4899912797487698,3.570043921470642
10,masked_npe,83,3.4254079231849084,3.6030633449554443
10,masked_npe,84,3.4581254628988414,3.5561317205429077
10,masked_npe,85,3.4585641530843882,3.635746717453003
10,masked_npe,86,3.4601988242222714,3.5710203647613525
10,masked_npe,87,3.5018397111159105,3.566145658493042
10,masked_npe,88,3.461330303779015,3.604498863220215
10,masked_npe,89,3.4814409476060133,3.5935006141662598
10,masked_npe,90,3.4697135228377123,3.5987865924835205
10,masked_npe,91,3.434572825065026,3.575411796569824
10,masked_npe,92,3.457688698401818,3.577759027481079
10,masked_npe,93,3.452063175348135,3.6126126050949097
10,masked_npe,94,3.469024731562688,3.574218988418579
10,masked_npe,95,3.447512589968168,3.5782666206359863
10,masked_npe,96,3.446706533432007,3.5598174333572388
10,masked_npe,97,3.4725050009213962,3.5844781398773193
10,masked_npe,98,3.479697979413546,3.595947504043579
10,masked_npe,99,3.4612708458533654,3.5547457933425903
10,masked_npe,100,3.4188116697164683,3.5611460208892822
10,masked_npe,101,3.4767378843747654,3.573364734649658
10,masked_npe,102,3.431223447506244,3.5682562589645386
10,masked_npe,103,3.474072346320519,3.6058632135391235
10,masked_npe,104,3.479033268415011,3.5995064973831177
10,masked_npe,105,3.4799447609828067,3.5899335145950317
10,masked_npe,106,3.4543554049271803,3.5802762508392334
10,masked_npe,107,3.453709969153771,3.5778924226760864
10,masked_npe,108,3.4484097407414365,3.59771728515625
10,masked_npe,109,3.4555636736062856,3.5582860708236694
10,masked_npe,110,3.4588173169356127,3.5687108039855957
10,masked_npe,111,3.3917217438037577,3.5989437103271484
10,masked_npe,112,3.4061022721804104,3.6109976768493652
10,masked_npe,113,3.480260812319242,3.616479992866516
10,masked_npe,114,3.4374982026907115,3.5271674394607544
10,masked_npe,115,3.4371282137357273,3.5485209226608276
10,masked_npe,116,3.447462320327759,3.565939426422119
10,masked_npe,117,3.4473598370185266,3.578554153442383
10,masked_npe,118,3.462064559643085,3.5921744108200073
10,masked_npe,119,3.4567125760591946,3.6128990650177
10,masked_npe,120,3.4769678849440355,3.593838691711426
10,masked_npe,121,3.4374912151923547,3.5960816144943237
10,masked_npe,122,3.429248186258169,3.582718849182129
10,masked_npe,123,3.4294805893531213,3.5948888063430786
10,masked_npe,124,3.456647359407865,3.597409248352051
10,masked_npe,125,3.448478570351234,3.6138678789138794
10,masked_npe,126,3.433872864796565,3.5969451665878296
10,masked_npe,127,3.481780033845168,3.58410382270813
10,masked_npe,128,3.430478957983164,3.598035454750061
10,masked_npe,129,3.4409274871532736,3.5909485816955566
10,masked_npe,130,3.448638072380653,3.585052967071533
10,masked_npe,131,3.448826111280001,3.563835024833679
10,masked_npe,132,3.4444644267742452,3.532829165458679
10,masked_npe,133,3.443922684742854,3.569695472717285
10,masked_npe,134,3.432106586603018,3.60465931892395
10,masked_npe,135,3.42065979884221,3.59236216545105
10,masked_npe,136,3.431191316017738,3.615622639656067
10,masked_npe,137,3.4460308735187235,3.591313362121582
10,masked_npe,138,3.421094399232131,3.616220235824585
10,masked_npe,139,3.41801302249615,3.61411714553833
10,single_feature_f1_strong_t1,0,5.198681501241831,4.948028564453125
10,single_feature_f1_strong_t1,1,4.903424593118521,4.869246006011963
10,single_feature_f1_strong_t1,2,4.843277491056002,4.863797664642334
10,single_feature_f1_strong_t1,3,4.818456172943115,4.830549716949463
10,single_feature_f1_strong_t1,4,4.808750372666579,4.841125965118408
10,single_feature_f1_strong_t1,5,4.804505128126878,4.83007287979126
10,single_feature_f1_strong_t1,6,4.799289850088266,4.837628602981567
10,single_feature_f1_strong_t1,7,4.786263942718506,4.82229208946228
10,single_feature_f1_strong_t1,8,4.777354643895076,4.814403772354126
10,single_feature_f1_strong_t1,9,4.774934878716102,4.806236743927002
10,single_feature_f1_strong_t1,10,4.762791670285738,4.820487976074219
10,single_feature_f1_strong_t1,11,4.776676984933706,4.8290934562683105
10,single_feature_f1_strong_t1,12,4.771471940554106,4.837883472442627
10,single_feature_f1_strong_t1,13,4.769790722773625,4.855853796005249
10,single_feature_f1_strong_t1,14,4.76251062980065,4.810600280761719
10,single_feature_f1_strong_t1,15,4.756521628453181,4.835543394088745
10,single_feature_f1_strong_t1,16,4.759945099170391,4.808036804199219
10,single_feature_f1_strong_t1,17,4.757348354046162,4.8491010665893555
10,single_feature_f1_strong_t1,18,4.747409307039701,4.830827713012695
10,single_feature_f1_strong_t1,19,4.754931046412541,4.848644256591797
10,single_feature_f1_strong_t1,20,4.746406078338623,4.829927444458008
10,single_feature_f1_strong_t1,21,4.742064292614277,4.833256959915161
10,single_feature_f1_strong_t1,22,4.740020715273344,4.840169191360474
10,single_feature_f1_strong_t1,23,4.738778040959285,4.848540782928467
10,single_feature_f1_strong_t1,24,4.732659780062162,4.8185553550720215
10,single_feature_f1_strong_t1,25,4.730730240161602,4.85935115814209
10,single_feature_f1_strong_t1,26,4.7263994216918945,4.814328908920288
10,single_feature_f1_strong_t1,27,4.726882494412935,4.862747669219971
10,single_feature_f1_strong_t1,28,4.728393591367281,4.843759298324585
10,single_feature_f1_strong_t1,29,4.721493244171143,4.8651275634765625
10,single_feature_f1_strong_t1,30,4.718547894404485,4.8515894412994385
10,single_feature_f1_strong_t1,31,4.717388336475079,4.870786190032959
10,single_feature_f1_strong_t1,32,4.720415922311636,4.854931354522705
10,single_feature_f1_strong_t1,33,4.708531966576209,4.869116306304932
10,single_feature_f1_strong_t1,34,4.71402568083543,4.859793186187744
10,single_feature_f2_strong_t2,0,5.134213447570801,4.860616683959961
10,single_feature_f2_strong_t2,1,4.7229132285484905,4.588011026382446
10,single_feature_f2_strong_t2,2,4.470298730410063,4.428605079650879
10,single_feature_f2_strong_t2,3,4.335811101473295,4.294549465179443
10,single_feature_f2_strong_t2,4,4.286659204042875,4.270267963409424
10,single_feature_f2_strong_t2,5,4.259218802818885,4.2341086864471436
10,single_feature_f2_strong_t2,6,4.243259319892297,4.270773887634277
10,single_feature_f2_strong_t2,7,4.227902779212365,4.233738660812378
10,single_feature_f2_strong_t2,8,4.215819688943716,4.2191925048828125
10,single_feature_f2_strong_t2,9,4.205428160153902,4.223830699920654
10,single_feature_f2_strong_t2,10,4.192257110889141,4.264408111572266
10,single_feature_f2_strong_t2,11,4.198718474461482,4.2375006675720215
10,single_feature_f2_strong_t2,12,4.194487901834341,4.228456497192383
10,single_feature_f2_strong_t2,13,4.193828692803016,4.251159429550171
10,single_feature_f2_strong_t2,14,4.1849553401653585,4.203315258026123
10,single_feature_f2_strong_t2,15,4.17440363077017,4.2332258224487305
10,single_feature_f2_strong_t2,16,4.175618024972769,4.222415208816528
10,single_feature_f2_strong_t2,17,4.1814583631662225,4.25653338432312
10,single_feature_f2_strong_t2,18,4.164147340334379,4.226300001144409
10,single_feature_f2_strong_t2,19,4.168614864349365,4.246966361999512
10,single_feature_f2_strong_t2,20,4.173191510714018,4.224303245544434
10,single_feature_f2_strong_t2,21,4.159220402057354,4.250253200531006
10,single_feature_f2_strong_t2,22,4.151885032653809,4.236833572387695
10,single_feature_f2_strong_t2,23,4.158958911895752,4.2450010776519775
10,single_feature_f2_strong_t2,24,4.151197910308838,4.234614849090576
10,single_feature_f2_strong_t2,25,4.152276479280912,4.243905782699585
10,single_feature_f2_strong_t2,26,4.151153124295748,4.187954664230347
10,single_feature_f2_strong_t2,27,4.150671445406401,4.248063802719116
10,single_feature_f2_strong_t2,28,4.1461627666766825,4.227035045623779
10,single_feature_f2_strong_t2,29,4.146156237675593,4.250017166137695
10,single_feature_f2_strong_t2,30,4.137587107144869,4.249175071716309
10,single_feature_f2_strong_t2,31,4.14053594149076,4.233732461929321
10,single_feature_f2_strong_t2,32,4.139334788689246,4.251973628997803
10,single_feature_f2_strong_t2,33,4.136854318472055,4.260169506072998
10,single_feature_f2_strong_t2,34,4.135676934168889,4.25825572013855
10,single_feature_f2_strong_t2,35,4.130325940939096,4.253105878829956
10,single_feature_f2_strong_t2,36,4.12457983310406,4.240986585617065
10,single_feature_f2_strong_t2,37,4.119876788212703,4.235182762145996
10,single_feature_f2_strong_t2,38,4.125855519221379,4.280298948287964
10,single_feature_f2_strong_t2,39,4.1210910723759575,4.279687404632568
10,single_feature_f2_strong_t2,40,4.119641450735239,4.2488274574279785
10,single_feature_f2_strong_t2,41,4.12028246659499,4.272371768951416
10,single_feature_f2_strong_t2,42,4.11866360444289,4.24892520904541
10,single_feature_f2_strong_t2,43,4.11501616698045,4.283523797988892
10,single_feature_f2_strong_t2,44,4.119004653050349,4.2867326736450195
10,single_feature_f2_strong_t2,45,4.109949350357056,4.290124177932739
10,single_feature_f2_strong_t2,46,4.107314586639404,4.258841037750244
10,single_feature_f2_strong_t2,47,4.106487420889048,4.295172691345215
10,single_feature_f2_strong_t2,48,4.095262013948881,4.282492637634277
10,single_feature_f2_strong_t2,49,4.0950410549457255,4.248860120773315
10,single_feature_f2_strong_t2,50,4.096924194922814,4.276197671890259
10,single_feature_f2_strong_t2,51,4.0956303889934835,4.262336730957031
10,single_feature_f3_dup_a,0,5.198965072631836,4.923957824707031
10,single_feature_f3_dup_a,1,4.827006853543795,4.8264429569244385
10,single_feature_f3_dup_a,2,4.7370422803438625,4.790865659713745
10,single_feature_f3_dup_a,3,4.698788532843957,4.752264499664307
10,single_feature_f3_dup_a,4,4.680156597724328,4.736784934997559
10,single_feature_f3_dup_a,5,4.675285742833064,4.7122461795806885
10,single_feature_f3_dup_a,6,4.667751018817608,4.741490364074707
10,single_feature_f3_dup_a,7,4.653896148388203,4.727930545806885
10,single_feature_f3_dup_a,8,4.643356029803936,4.725271224975586
10,single_feature_f3_dup_a,9,4.640620415027325,4.699122905731201
10,single_feature_f3_dup_a,10,4.631371021270752,4.727355718612671
10,single_feature_f3_dup_a,11,4.64042355464055,4.7236833572387695
10,single_feature_f3_dup_a,12,4.640725685999944,4.742351055145264
10,single_feature_f3_dup_a,13,4.640836972456712,4.74770450592041
10,single_feature_f3_dup_a,14,4.631005323850191,4.701282024383545
10,single_feature_f3_dup_a,15,4.624516927278959,4.725715398788452
10,single_feature_f3_dup_a,16,4.623330629788912,4.7110795974731445
10,single_feature_f3_dup_a,17,4.625043245462271,4.744143486022949
10,single_feature_f3_dup_a,18,4.6114923770611105,4.71537184715271
10,single_feature_f3_dup_a,19,4.617781932537373,4.749354839324951
10,single_feature_f3_dup_a,20,4.613973397475022,4.723913192749023
10,single_feature_f3_dup_a,21,4.61062871492826,4.7365288734436035
10,single_feature_f3_dup_a,22,4.606810313004714,4.732415199279785
10,single_feature_f3_dup_a,23,4.604872703552246,4.752719879150391
10,single_feature_f3_dup_a,24,4.601886162391076,4.737335205078125
10,single_feature_f3_dup_a,25,4.601390361785889,4.7658703327178955
10,single_feature_f3_dup_a,26,4.59860871388362,4.712139129638672
10,single_feature_f3_dup_a,27,4.591899174910325,4.754453182220459
10,single_feature_f3_dup_a,28,4.594377150902381,4.741232395172119
10,single_feature_f3_dup_a,29,4.596117679889385,4.715943336486816
10,single_feature_f3_dup_a,30,4.589838908268855,4.735525608062744
10,single_feature_f3_dup_a,31,4.583602758554312,4.748350381851196
10,single_feature_f3_dup_a,32,4.590724541590764,4.756133079528809
10,single_feature_f3_dup_a,33,4.585398747370793,4.752026796340942
10,single_feature_f3_dup_a,34,4.583275171426626,4.740506410598755
10,single_feature_f4_dup_b,0,5.199694523444543,4.922165393829346
10,single_feature_f4_dup_b,1,4.82988977432251,4.829105377197266
10,single_feature_f4_dup_b,2,4.737600363217867,4.795776128768921
10,single_feature_f4_dup_b,3,4.700367780832144,4.751369953155518
10,single_feature_f4_dup_b,4,4.681806784409743,4.737658977508545
10,single_feature_f4_dup_b,5,4.677918214064378,4.708666801452637
10,single_feature_f4_dup_b,6,4.670662769904504,4.738074779510498
10,single_feature_f4_dup_b,7,4.659017929664025,4.7223570346832275
10,single_feature_f4_dup_b,8,4.646976177509014,4.715013265609741
10,single_feature_f4_dup_b,9,4.6444669503432054,4.6936423778533936
10,single_feature_f4_dup_b,10,4.633554018460787,4.731704950332642
10,single_feature_f4_dup_b,11,4.644619354834924,4.714903116226196
10,single_feature_f4_dup_b,12,4.644389776083139,4.736861228942871
10,single_feature_f4_dup_b,13,4.639697368328388,4.7441723346710205
10,single_feature_f4_dup_b,14,4.633549176729643,4.710808515548706
10,single_feature_f4_dup_b,15,4.62812904211191,4.712122917175293
10,single_feature_f4_dup_b,16,4.629656828366793,4.701750755310059
10,single_feature_f4_dup_b,17,4.627490630516639,4.739696025848389
10,single_feature_f4_dup_b,18,4.614948382744422,4.706995010375977
10,single_feature_f4_dup_b,19,4.621314342205341,4.740873098373413
10,single_feature_f4_dup_b,20,4.6184892287621135,4.725066900253296
10,single_feature_f4_dup_b,21,4.615797006166899,4.721853256225586
10,single_feature_f4_dup_b,22,4.613205652970534,4.725248098373413
10,single_feature_f4_dup_b,23,4.609229601346529,4.751209735870361
10,single_feature_f4_dup_b,24,4.604093624995305,4.733060121536255
10,single_feature_f4_dup_b,25,4.606186940119817,4.755650281906128
10,single_feature_f4_dup_b,26,4.601881063901461,4.712745666503906
10,single_feature_f4_dup_b,27,4.596809313847468,4.764241456985474
10,single_feature_f4_dup_b,28,4.598533703730657,4.730202674865723
10,single_feature_f4_dup_b,29,4.597950751964863,4.709929466247559
10,single_feature_f4_dup_b,30,4.594430373265193,4.735701322555542
10,single_feature_f4_dup_b,31,4.592621326446533,4.754308462142944
10,single_feature_f4_dup_b,32,4.594825377831092,4.749466419219971
10,single_feature_f4_dup_b,33,4.586789021125207,4.748616695404053
10,single_feature_f4_dup_b,34,4.586071161123423,4.745933294296265
10,single_feature_f5_null,0,5.24922356238732,5.068205118179321
10,single_feature_f5_null,1,5.034401196699876,5.050885438919067
10,single_feature_f5_null,2,5.000437222994291,5.05407452583313
10,single_feature_f5_null,3,4.986679774064284,5.021294593811035
10,single_feature_f5_null,4,4.977751034956712,5.02656364440918
10,single_feature_f5_null,5,4.97569018143874,5.012517213821411
10,single_feature_f5_null,6,4.972517343667837,5.018648862838745
10,single_feature_f5_null,7,4.9636233769930325,5.008363723754883
10,single_feature_f5_null,8,4.956083847926213,5.004194974899292
10,single_feature_f5_null,9,4.951291120969332,5.002238988876343
10,single_feature_f5_null,10,4.940591335296631,5.0173773765563965
10,single_feature_f5_null,11,4.954288372626672,5.0233213901519775
10,single_feature_f5_null,12,4.952200596149151,5.022776126861572
10,single_feature_f5_null,13,4.949804012592022,5.041239261627197
10,single_feature_f5_null,14,4.942533713120681,5.0047993659973145
10,single_feature_f5_null,15,4.934570936056284,5.021951913833618
10,single_feature_f5_null,16,4.937518670008733,5.017406940460205
10,single_feature_f5_null,17,4.936928345606877,5.045854806900024
10,single_feature_f5_null,18,4.926149698404165,5.026480674743652
10,single_feature_f5_null,19,4.931512099045974,5.047540664672852
10,single_feature_f5_null,20,4.92833397938655,5.021875381469727
10,single_feature_f5_null,21,4.923036391918476,5.044719457626343
10,single_feature_f5_null,22,4.91648189838116,5.039088726043701
10,single_feature_f5_null,23,4.916760738079365,5.045682907104492
10,single_feature_f5_null,24,4.914362210493821,5.022181034088135
10,single_feature_f5_null,25,4.9126793788029595,5.070184230804443
10,single_feature_f5_null,26,4.907857418060303,5.010531425476074
10,single_feature_f5_null,27,4.905509655292217,5.087505102157593
10,single_feature_f5_null,28,4.906932500692514,5.03445029258728
10,single_feature_f5_null,29,4.902089412395771,5.048391342163086
10,single_feature_f5_null,30,4.897312494424673,5.0572686195373535
10,single_feature_f5_null,31,4.892727081592266,5.0610878467559814
10,single_feature_f5_null,32,4.896498019878681,5.072662353515625
10,single_feature_f5_null,33,4.891327087695782,5.061819076538086
10,single_feature_f5_null,34,4.886917371016282,5.071485996246338
10,single_feature_f6_suppressor,0,5.252855704380916,5.075114965438843
10,single_feature_f6_suppressor,1,5.038124414590689,5.048696041107178
10,single_feature_f6_suppressor,2,5.001981881948618,5.043132066726685
10,single_feature_f6_suppressor,3,4.9867975895221415,5.010887622833252
10,single_feature_f6_suppressor,4,4.978194786952092,5.014833688735962
10,single_feature_f6_suppressor,5,4.975348582634559,5.001628160476685
10,single_feature_f6_suppressor,6,4.971866901104267,5.012094020843506
10,single_feature_f6_suppressor,7,4.962589043837327,4.999852180480957
10,single_feature_f6_suppressor,8,4.95436429977417,4.9967639446258545
10,single_feature_f6_suppressor,9,4.949899930220384,4.999136924743652
10,single_feature_f6_suppressor,10,4.9405843661381645,5.008121013641357
10,single_feature_f6_suppressor,11,4.952046614426833,5.013554573059082
10,single_feature_f6_suppressor,12,4.949802105243389,5.021068811416626
10,single_feature_f6_suppressor,13,4.948645628415621,5.032922029495239
10,single_feature_f6_suppressor,14,4.942132876469539,5.000918388366699
10,single_feature_f6_suppressor,15,4.933583553020771,5.015583753585815
10,single_feature_f6_suppressor,16,4.9358313633845405,5.00934624671936
10,single_feature_f6_suppressor,17,4.937958240509033,5.039562463760376
10,single_feature_f6_suppressor,18,4.9227572954618015,5.021641731262207
10,single_feature_f6_suppressor,19,4.930148748251108,5.043020009994507
10,single_feature_f6_suppressor,20,4.928770212026743,5.012738466262817
10,single_feature_f6_suppressor,21,4.922265713031475,5.033850431442261
10,single_feature_f6_suppressor,22,4.916832997248723,5.029877662658691
10,single_feature_f6_suppressor,23,4.918326194469746,5.053488731384277
10,single_feature_f6_suppressor,24,4.9147575084979715,5.017261505126953
10,single_feature_f6_suppressor,25,4.914003115433913,5.062657833099365
10,single_feature_f6_suppressor,26,4.909037883465107,5.010462760925293
10,single_feature_f6_suppressor,27,4.908762528346135,5.069507598876953
10,single_feature_f6_suppressor,28,4.909458563877986,5.03506326675415
10,single_feature_f6_suppressor,29,4.903411094958965,5.046167850494385
10,single_feature_f6_suppressor,30,4.898685015164888,5.054042100906372
10,single_feature_f6_suppressor,31,4.89631227346567,5.061322927474976
10,single_feature_f6_suppressor,32,4.898941370157095,5.0545334815979
10,single_feature_f6_suppressor,33,4.890590851123516,5.055747985839844
10,single_feature_f7_weak,0,5.210085575397198,4.991185188293457
10,single_feature_f7_weak,1,4.936382623819204,4.929874897003174
10,single_feature_f7_weak,2,4.875679713029128,4.903325080871582
10,single_feature_f7_weak,3,4.849571521465595,4.862239360809326
10,single_feature_f7_weak,4,4.835004696479211,4.877801895141602
10,single_feature_f7_weak,5,4.829136995168833,4.8660502433776855
10,single_feature_f7_weak,6,4.827659203455998,4.869777679443359
10,single_feature_f7_weak,7,4.815768205202543,4.855556488037109
10,single_feature_f7_weak,8,4.809257360605093,4.865356206893921
10,single_feature_f7_weak,9,4.805457481971154,4.867440462112427
10,single_feature_f7_weak,10,4.792210982396052,4.8777899742126465
10,single_feature_f7_weak,11,4.80634095118596,4.872750520706177
10,single_feature_f7_weak,12,4.801298104799711,4.880811452865601
10,single_feature_f7_weak,13,4.801289044893705,4.886716604232788
10,single_feature_f7_weak,14,4.793287900777964,4.8372883796691895
10,single_feature_f7_weak,15,4.788970983945406,4.869951486587524
10,single_feature_f7_weak,16,4.789180939014141,4.85780668258667
10,single_feature_f7_weak,17,4.789444226485032,4.906772136688232
10,single_feature_f7_weak,18,4.7765769224900465,4.888597011566162
10,single_feature_f7_weak,19,4.7839202514061565,4.897821426391602
10,single_feature_f7_weak,20,4.784078891460712,4.868283271789551
10,single_feature_f7_weak,21,4.775788417229285,4.8927857875823975
10,single_feature_f7_weak,22,4.769197904146635,4.892451763153076
10,single_feature_f7_weak,23,4.770612533275898,4.899334192276001
10,single_feature_f7_weak,24,4.766578674316406,4.87063193321228
10,single_feature_f7_weak,25,4.769429536966177,4.925761938095093
10,single_feature_f7_weak,26,4.762346414419321,4.860561370849609
10,single_feature_f7_weak,27,4.758024912614089,4.932790517807007
10,single_feature_f7_weak,28,4.759770906888521,4.893793821334839
10,single_feature_f7_weak,29,4.758695345658523,4.904378890991211
10,single_feature_f7_weak,30,4.75686161334698,4.910610198974609
10,single_feature_f7_weak,31,4.745992257044866,4.9186999797821045
10,single_feature_f7_weak,32,4.749417635110708,4.910560131072998
10,single_feature_f7_weak,33,4.743398189544678,4.91437554359436
10,single_feature_f7_weak,34,4.741954253270076,4.943023443222046
10,single_feature_f7_weak,35,4.738620061140794,4.90705680847168
10,single_feature_f7_weak,36,4.731538332425631,4.897855758666992
10,single_feature_f7_weak,37,4.727106387798603,4.919990539550781
10,single_feature_f7_weak,38,4.725738305311936,4.922365665435791
10,single_feature_f7_weak,39,4.714858605311467,4.930338144302368
10,single_feature_f8_bigcoef,0,5.192082038292518,4.9478466510772705
10,single_feature_f8_bigcoef,1,4.864722618689904,4.80456018447876
10,single_feature_f8_bigcoef,2,4.746255397796631,4.759149789810181
10,single_feature_f8_bigcoef,3,4.702574473160964,4.713834285736084
10,single_feature_f8_bigcoef,4,4.679201639615572,4.714247465133667
10,single_feature_f8_bigcoef,5,4.674987206092248,4.7093727588653564
10,single_feature_f8_bigcoef,6,4.666802883148193,4.711442708969116
10,single_feature_f8_bigcoef,7,4.657357215881348,4.675243377685547
10,single_feature_f8_bigcoef,8,4.649345874786377,4.6809611320495605
10,single_feature_f8_bigcoef,9,4.638289928436279,4.690337657928467
10,single_feature_f8_bigcoef,10,4.63104666196383,4.692639350891113
10,single_feature_f8_bigcoef,11,4.6389958675091085,4.695675849914551
10,single_feature_f8_bigcoef,12,4.634503254523644,4.7209882736206055
10,single_feature_f8_bigcoef,13,4.635613771585318,4.714664936065674
10,single_feature_f8_bigcoef,14,4.628052124610314,4.684697389602661
10,single_feature_f8_bigcoef,15,4.619804015526404,4.682441473007202
10,single_feature_f8_bigcoef,16,4.621433148017297,4.677325248718262
10,single_feature_f8_bigcoef,17,4.6213088769179125,4.71207332611084
10,single_feature_f8_bigcoef,18,4.608105696164644,4.718130588531494
10,single_feature_f8_bigcoef,19,4.614888631380522,4.73489236831665
10,single_feature_f8_bigcoef,20,4.613567242255578,4.6868836879730225
10,single_feature_f8_bigcoef,21,4.611479392418494,4.718270540237427
10,single_feature_f8_bigcoef,22,4.602093183077299,4.687427997589111
10,single_feature_f8_bigcoef,23,4.599405692173884,4.730701446533203
10,single_feature_f8_bigcoef,24,4.601577905508188,4.696413278579712
10,single_feature_f8_bigcoef,25,4.602497320908767,4.734044551849365
10,single_feature_f8_bigcoef,26,4.591977559603178,4.681694030761719
10,single_feature_f8_bigcoef,27,4.590472588172326,4.7584075927734375
10,single_feature_f8_bigcoef,28,4.588409863985502,4.693781852722168
10,single_feature_f8_bigcoef,29,4.5921029310960035,4.705962419509888
10,single_feature_f8_bigcoef,30,4.587063019092266,4.7236127853393555
10,single_feature_f8_bigcoef,31,4.581937973315899,4.736071586608887
10,single_feature_f8_bigcoef,32,4.584398819850041,4.728544473648071
10,single_feature_noise_0,0,5.251171148740328,5.078794479370117
10,single_feature_noise_0,1,5.041955030881441,5.052626609802246
10,single_feature_noise_0,2,5.004229215475229,5.045462608337402
10,single_feature_noise_0,3,4.988180747398963,5.015461444854736
10,single_feature_noise_0,4,4.979211440453162,5.025381326675415
10,single_feature_noise_0,5,4.977741754972017,5.000060319900513
10,single_feature_noise_0,6,4.973842584169828,5.01427698135376
10,single_feature_noise_0,7,4.965773839216966,4.998963117599487
10,single_feature_noise_0,8,4.956913801339956,4.995551347732544
10,single_feature_noise_0,9,4.9537697571974535,4.994272947311401
10,single_feature_noise_0,10,4.9443410359896145,5.003860235214233
10,single_feature_noise_0,11,4.957829878880427,5.005548715591431
10,single_feature_noise_0,12,4.9556121459374065,5.0160253047943115
10,single_feature_noise_0,13,4.955420347360464,5.023454189300537
10,single_feature_noise_0,14,4.9467872106111965,4.996586322784424
10,single_feature_noise_0,15,4.941302079420823,5.008438587188721
10,single_feature_noise_0,16,4.942789004399226,4.996735334396362
10,single_feature_noise_0,17,4.944277946765606,5.029585361480713
10,single_feature_noise_0,18,4.9297751646775465,5.011471271514893
10,single_feature_noise_0,19,4.93593718455388,5.026747941970825
10,single_feature_noise_0,20,4.9347955997173605,5.000927925109863
10,single_feature_noise_0,21,4.928061265211839,5.018053770065308
10,single_feature_noise_0,22,4.925521043630747,5.01681923866272
10,single_feature_noise_0,23,4.924041527968186,5.029187202453613
10,single_feature_noise_0,24,4.921240476461557,5.001659631729126
10,single_feature_noise_0,25,4.920552767240084,5.04528021812439
10,single_feature_noise_0,26,4.915480943826529,4.987258195877075
10,single_feature_noise_0,27,4.912583461174598,5.05321741104126
10,single_feature_noise_0,28,4.914523454812857,5.007144927978516
10,single_feature_noise_0,29,4.911893477806678,5.022892713546753
10,single_feature_noise_0,30,4.907203747675969,5.02942419052124
10,single_feature_noise_0,31,4.903502757732685,5.032571315765381
10,single_feature_noise_0,32,4.9065836026118355,5.036060810089111
10,single_feature_noise_0,33,4.896811485290527,5.030476808547974
10,single_feature_noise_0,34,4.898048620957595,5.052012920379639
10,single_feature_noise_0,35,4.891590741964487,5.035181522369385
10,single_feature_noise_0,36,4.886799115401048,5.035685062408447
10,single_feature_noise_0,37,4.878104283259465,5.032411575317383
10,single_feature_noise_0,38,4.882535310891958,5.0422070026397705
10,single_feature_noise_0,39,4.876247772803674,5.057475805282593
10,single_feature_noise_0,40,4.8806771131662225,5.061473846435547
10,single_feature_noise_0,41,4.881638453556941,5.0536110401153564
10,single_feature_noise_0,42,4.879371092869685,5.0412256717681885
10,single_feature_noise_0,43,4.878840703230638,5.0406389236450195
10,single_feature_noise_0,44,4.87500418149508,5.081966161727905
10,single_feature_noise_0,45,4.87119880089393,5.090613126754761
10,single_feature_noise_0,46,4.864404641664946,5.0593180656433105
10,single_feature_noise_0,47,4.8664296223567085,5.062479257583618
10,single_feature_noise_0,48,4.85570137317364,5.0524067878723145
10,single_feature_noise_0,49,4.853714502774752,5.042379140853882
10,single_feature_noise_0,50,4.854772310990554,5.044163942337036
10,single_feature_noise_0,51,4.844182784740742,5.0833775997161865
15,masked_npe,0,5.173178709470308,4.967067241668701
15,masked_npe,1,4.896389190967266,4.813991069793701
15,masked_npe,2,4.73037943473229,4.665354251861572
15,masked_npe,3,4.541548398824839,4.4696009159088135
15,masked_npe,4,4.374432967259334,4.330045700073242
15,masked_npe,5,4.273907257960393,4.242366552352905
15,masked_npe,6,4.2279606232276326,4.2506773471832275
15,masked_npe,7,4.225732363187349,4.23714804649353
15,masked_npe,8,4.170052124903752,4.179772853851318
15,masked_npe,9,4.133829685357901,4.201960802078247
15,masked_npe,10,4.123498659867507,4.14965558052063
15,masked_npe,11,4.120061819369976,4.159525156021118
15,masked_npe,12,4.106737246880164,4.132281303405762
15,masked_npe,13,4.079189593975361,4.113354682922363
15,masked_npe,14,4.0352055843059835,4.10855770111084
15,masked_npe,15,4.034782042870154,4.07741641998291
15,masked_npe,16,3.981846754367535,4.060914754867554
15,masked_npe,17,3.957987271822416,3.9769718647003174
15,masked_npe,18,3.91670769911546,3.9312485456466675
15,masked_npe,19,3.81302626316364,3.97339129447937
15,masked_npe,20,3.815305288021381,3.8871253728866577
15,masked_npe,21,3.8334350219139686,3.9378294944763184
15,masked_npe,22,3.8538043682391825,3.888409972190857
15,masked_npe,23,3.7367101999429555,3.8233721256256104
15,masked_npe,24,3.7424501455747166,3.8419528007507324
15,masked_npe,25,3.7179584686572733,3.797219753265381
15,masked_npe,26,3.6755261971400333,3.771896243095398
15,masked_npe,27,3.661176186341506,3.787495732307434
15,masked_npe,28,3.6504569420447717,3.745794415473938
15,masked_npe,29,3.664984996502216,3.7599287033081055
15,masked_npe,30,3.6187796592712402,3.7827529907226562
15,masked_npe,31,3.5873984006734996,3.8027219772338867
15,masked_npe,32,3.5821112852830153,3.7263821363449097
15,masked_npe,33,3.57214564543504,3.7878916263580322
15,masked_npe,34,3.569021298335149,3.69568932056427
15,masked_npe,35,3.521567839842576,3.688950777053833
15,masked_npe,36,3.6052437929006724,3.7091575860977173
15,masked_npe,37,3.594964834359976,3.655923366546631
15,masked_npe,38,3.556683797102708,3.74180269241333
15,masked_npe,39,3.565859244419978,3.7207677364349365
15,masked_npe,40,3.5400357796595645,3.687080144882202
15,masked_npe,41,3.541084417930016,3.639410614967346
15,masked_npe,42,3.5512854869549093,3.6918697357177734
15,masked_npe,43,3.553996489598201,3.6272428035736084
15,masked_npe,44,3.5228558503664456,3.704318642616272
15,masked_npe,45,3.5145458441514235,3.664981245994568
15,masked_npe,46,3.5054235458374023,3.6493101119995117
15,masked_npe,47,3.52474830700801,3.706048011779785
15,masked_npe,48,3.4986112851362963,3.664880871772766
15,masked_npe,49,3.5183368646181545,3.6400701999664307
15,masked_npe,50,3.5302125674027662,3.6628880500793457
15,masked_npe,51,3.51638309772198,3.62549090385437
15,masked_npe,52,3.488106654240535,3.617467999458313
15,masked_npe,53,3.49116745361915,3.673395872116089
15,masked_npe,54,3.4925359395834117,3.5922470092773438
15,masked_npe,55,3.47962918648353,3.629158616065979
15,masked_npe,56,3.491881627302903,3.6746102571487427
15,masked_npe,57,3.4698165380037747,3.631294012069702
15,masked_npe,58,3.437818380502554,3.6483784914016724
15,masked_npe,59,3.492590775856605,3.599946141242981
15,masked_npe,60,3.478849924527682,3.6300363540649414
15,masked_npe,61,3.4855780051304746,3.7338180541992188
15,masked_npe,62,3.516563360507672,3.70259428024292
15,masked_npe,63,3.53714002095736,3.6587464809417725
15,masked_npe,64,3.482934199846708,3.642026424407959
15,masked_npe,65,3.45508780846229,3.7035588026046753
15,masked_npe,66,3.512844599210299,3.6961244344711304
15,masked_npe,67,3.4733222998105564,3.590533494949341
15,masked_npe,68,3.4555868919079122,3.6055221557617188
15,masked_npe,69,3.4920371862558217,3.6188665628433228
15,masked_npe,70,3.487606800519503,3.626561999320984
15,masked_npe,71,3.455740910310012,3.6042070388793945
15,masked_npe,72,3.4745108897869406,3.6115996837615967
15,masked_npe,73,3.4555643705221324,3.621798038482666
15,masked_npe,74,3.464702606201172,3.6053524017333984
15,masked_npe,75,3.488961935043335,3.638871431350708
15,masked_npe,76,3.4463240183316746,3.651531219482422
15,masked_npe,77,3.4706695079803467,3.625144600868225
15,masked_npe,78,3.4642099050375132,3.6805408000946045
15,masked_npe,79,3.436128487953773,3.6350003480911255
15,masked_npe,80,3.473647722831139,3.6253128051757812
15,masked_npe,81,3.446037457539485,3.6109697818756104
15,masked_npe,82,3.4241521175091085,3.6297121047973633
15,masked_npe,83,3.4525484488560605,3.6163798570632935
15,masked_npe,84,3.413511734742385,3.6341817378997803
15,masked_npe,85,3.450392099527212,3.6220556497573853
15,masked_npe,86,3.4560528901907115,3.5841827392578125
15,masked_npe,87,3.4580868574289174,3.6332541704177856
15,masked_npe,88,3.466732905461238,3.6076087951660156
15,masked_npe,89,3.4269613852867713,3.6171209812164307
15,masked_npe,90,3.4802134220416727,3.6282209157943726
15,masked_npe,91,3.452091015302218,3.6223063468933105
15,masked_npe,92,3.4238746533027062,3.634015917778015
15,masked_npe,93,3.439332705277663,3.669282078742981
15,masked_npe,94,3.4468916196089525,3.6420087814331055
15,masked_npe,95,3.469382487810575,3.6459929943084717
15,masked_npe,96,3.4404600583589993,3.605706572532654
15,masked_npe,97,3.447209174816425,3.5654174089431763
15,masked_npe,98,3.447328365766085,3.6007602214813232
15,masked_npe,99,3.4570371371049147,3.6090657711029053
15,masked_npe,100,3.457944576556866,3.6105992794036865
15,masked_npe,101,3.4303313952225905,3.6261450052261353
15,masked_npe,102,3.4380942307985745,3.598806619644165
15,masked_npe,103,3.4008329464839053,3.5956896543502808
15,masked_npe,104,3.402933817643386,3.6522457599639893
15,masked_npe,105,3.405363779801589,3.60348117351532
15,masked_npe,106,3.4203860576336202,3.618507981300354
15,masked_npe,107,3.4044052820939283,3.59248423576355
15,masked_npe,108,3.4016024882976827,3.674086332321167
15,masked_npe,109,3.4385797794048605,3.616377115249634
15,masked_npe,110,3.4131668714376597,3.6629350185394287
15,masked_npe,111,3.421206694382888,3.6495070457458496
15,masked_npe,112,3.4485088128309984,3.6414198875427246
15,masked_npe,113,3.449778575163621,3.5859110355377197
15,masked_npe,114,3.4004521186535177,3.660528540611267
15,masked_npe,115,3.400135352061345,3.673971652984619
15,masked_npe,116,3.453820375295786,3.6052989959716797
15,masked_npe,117,3.4554027777451735,3.63745653629303
15,masked_npe,118,3.428497076034546,3.6385841369628906
15,masked_npe,119,3.439750286249014,3.6790788173675537
15,masked_npe,120,3.423914230786837,3.676344633102417
15,masked_npe,121,3.4538298570192776,3.601510524749756
15,masked_npe,122,3.40680298438439,3.5829193592071533
15,single_feature_f1_strong_t1,0,5.168563916133,4.947275876998901
15,single_feature_f1_strong_t1,1,4.8986298854534445,4.871557712554932
15,single_feature_f1_strong_t1,2,4.841882302210881,4.872118711471558
15,single_feature_f1_strong_t1,3,4.8206161352304315,4.815021276473999
15,single_feature_f1_strong_t1,4,4.810286631950965,4.818510293960571
15,single_feature_f1_strong_t1,5,4.8078436484703655,4.8330676555633545
15,single_feature_f1_strong_t1,6,4.802344689002404,4.845391035079956
15,single_feature_f1_strong_t1,7,4.7964079196636495,4.834782123565674
15,single_feature_f1_strong_t1,8,4.788249969482422,4.843334674835205
15,single_feature_f1_strong_t1,9,4.788617244133582,4.847398281097412
15,single_feature_f1_strong_t1,10,4.788412277515118,4.808650493621826
15,single_feature_f1_strong_t1,11,4.785909249232366,4.815140724182129
15,single_feature_f1_strong_t1,12,4.782881333277776,4.828902721405029
15,single_feature_f1_strong_t1,13,4.76725094134991,4.809273958206177
15,single_feature_f1_strong_t1,14,4.77255733196552,4.845573902130127
15,single_feature_f1_strong_t1,15,4.7705852801983175,4.850545167922974
15,single_feature_f1_strong_t1,16,4.7681540342477655,4.860350608825684
15,single_feature_f1_strong_t1,17,4.7695093888502855,4.828181028366089
15,single_feature_f1_strong_t1,18,4.763996601104736,4.819767475128174
15,single_feature_f1_strong_t1,19,4.7615156173706055,4.808484077453613
15,single_feature_f1_strong_t1,20,4.761786204117995,4.846735954284668
15,single_feature_f1_strong_t1,21,4.75985310627864,4.843996524810791
15,single_feature_f1_strong_t1,22,4.7472698505108175,4.815474510192871
15,single_feature_f1_strong_t1,23,4.743359088897705,4.864833831787109
15,single_feature_f1_strong_t1,24,4.739364367264968,4.845409631729126
15,single_feature_f1_strong_t1,25,4.740822498614971,4.845290899276733
15,single_feature_f1_strong_t1,26,4.741377427027776,4.875052213668823
15,single_feature_f1_strong_t1,27,4.7380241980919475,4.899447202682495
15,single_feature_f1_strong_t1,28,4.734485772939829,4.864904403686523
15,single_feature_f1_strong_t1,29,4.7310607616718,4.8612446784973145
15,single_feature_f1_strong_t1,30,4.732969210698054,4.850225925445557
15,single_feature_f1_strong_t1,31,4.730026868673471,4.858075857162476
15,single_feature_f1_strong_t1,32,4.725476925189678,4.853695869445801
15,single_feature_f1_strong_t1,33,4.727209604703463,4.834311008453369
15,single_feature_f1_strong_t1,34,4.712068961216853,4.854341506958008
15,single_feature_f1_strong_t1,35,4.71431380051833,4.894918918609619
15,single_feature_f1_strong_t1,36,4.708468180436355,4.881817579269409
15,single_feature_f1_strong_t1,37,4.716792510106013,4.849362850189209
15,single_feature_f1_strong_t1,38,4.70876616698045,4.872182369232178
15,single_feature_f1_strong_t1,39,4.708253163557786,4.865168333053589
15,single_feature_f1_strong_t1,40,4.701474666595459,4.866108417510986
15,single_feature_f1_strong_t1,41,4.701928615570068,4.9144628047943115
15,single_feature_f1_strong_t1,42,4.690488815307617,4.900809288024902
15,single_feature_f1_strong_t1,43,4.696318186246431,4.848693370819092
15,single_feature_f1_strong_t1,44,4.690737394186167,4.8776021003723145
15,single_feature_f2_strong_t2,0,5.127057002140925,4.852426767349243
15,single_feature_f2_strong_t2,1,4.730951749361479,4.599418878555298
15,single_feature_f2_strong_t2,2,4.47726741203895,4.435569763183594
15,single_feature_f2_strong_t2,3,4.336083082052378,4.310885429382324
15,single_feature_f2_strong_t2,4,4.269817352294922,4.266545057296753
15,single_feature_f2_strong_t2,5,4.239698960230901,4.277148246765137
15,single_feature_f2_strong_t2,6,4.223455539116492,4.25065279006958
15,single_feature_f2_strong_t2,7,4.20825980259822,4.248150110244751
15,single_feature_f2_strong_t2,8,4.189760684967041,4.264110565185547
15,single_feature_f2_strong_t2,9,4.182945251464844,4.253847599029541
15,single_feature_f2_strong_t2,10,4.17818571971013,4.217702627182007
15,single_feature_f2_strong_t2,11,4.172310462364783,4.219971418380737
15,single_feature_f2_strong_t2,12,4.17363687661978,4.22945761680603
15,single_feature_f2_strong_t2,13,4.158348523653471,4.220106840133667
15,single_feature_f2_strong_t2,14,4.160495684697078,4.24110746383667
15,single_feature_f2_strong_t2,15,4.163360485663781,4.242526054382324
15,single_feature_f2_strong_t2,16,4.158350357642541,4.2555296421051025
15,single_feature_f2_strong_t2,17,4.161442243135893,4.246385812759399
15,single_feature_f2_strong_t2,18,4.160186419120202,4.237574815750122
15,single_feature_f2_strong_t2,19,4.152518822596623,4.1911375522613525
15,single_feature_f2_strong_t2,20,4.14370059967041,4.2446513175964355
15,single_feature_f2_strong_t2,21,4.14351566021259,4.226041316986084
15,single_feature_f2_strong_t2,22,4.134440568777231,4.206827163696289
15,single_feature_f2_strong_t2,23,4.137765297522912,4.253758192062378
15,single_feature_f2_strong_t2,24,4.133646598229041,4.220076084136963
15,single_feature_f2_strong_t2,25,4.13403213941134,4.250002861022949
15,single_feature_f2_strong_t2,26,4.138388817126934,4.25673770904541
15,single_feature_f2_strong_t2,27,4.125988300030048,4.281953811645508
15,single_feature_f2_strong_t2,28,4.123671678396372,4.242349147796631
15,single_feature_f2_strong_t2,29,4.125222059396597,4.243203639984131
15,single_feature_f2_strong_t2,30,4.120449726398174,4.231004476547241
15,single_feature_f2_strong_t2,31,4.119238523336557,4.209524869918823
15,single_feature_f2_strong_t2,32,4.120495942922739,4.252685308456421
15,single_feature_f2_strong_t2,33,4.121537281916692,4.2482826709747314
15,single_feature_f2_strong_t2,34,4.110904785302969,4.219048500061035
15,single_feature_f2_strong_t2,35,4.111134712512676,4.249819040298462
15,single_feature_f2_strong_t2,36,4.105245370131272,4.250380039215088
15,single_feature_f2_strong_t2,37,4.114990087655874,4.237902402877808
15,single_feature_f2_strong_t2,38,4.107727270859939,4.245224237442017
15,single_feature_f2_strong_t2,39,4.106397922222431,4.240904331207275
15,single_feature_f2_strong_t2,40,4.1032628279465895,4.235094785690308
15,single_feature_f2_strong_t2,41,4.103048232885508,4.264382362365723
15,single_feature_f2_strong_t2,42,4.094930795522837,4.279430627822876
15,single_feature_f2_strong_t2,43,4.094206076401931,4.234405755996704
15,single_feature_f2_strong_t2,44,4.09743672150832,4.258671283721924
15,single_feature_f3_dup_a,0,5.142834333273081,4.885952949523926
15,single_feature_f3_dup_a,1,4.810702874110295,4.7442522048950195
15,single_feature_f3_dup_a,2,4.712362362788274,4.7060112953186035
15,single_feature_f3_dup_a,3,4.679702208592341,4.667139530181885
15,single_feature_f3_dup_a,4,4.662287638737605,4.663651943206787
15,single_feature_f3_dup_a,5,4.659442021296575,4.65299654006958
15,single_feature_f3_dup_a,6,4.650596912090595,4.662471055984497
15,single_feature_f3_dup_a,7,4.6402967893160305,4.651999235153198
15,single_feature_f3_dup_a,8,4.630038334773137,4.690858364105225
15,single_feature_f3_dup_a,9,4.63362037218534,4.669842958450317
15,single_feature_f3_dup_a,10,4.63243920986469,4.649776458740234
15,single_feature_f3_dup_a,11,4.630134582519531,4.658003568649292
15,single_feature_f3_dup_a,12,4.625451601468599,4.663656711578369
15,single_feature_f3_dup_a,13,4.610694811894343,4.653368711471558
15,single_feature_f3_dup_a,14,4.616454711327186,4.690925359725952
15,single_feature_f3_dup_a,15,4.615759336031401,4.679774522781372
15,single_feature_f3_dup_a,16,4.611871646000789,4.6870951652526855
15,single_feature_f3_dup_a,17,4.6116168682391825,4.662576675415039
15,single_feature_f3_dup_a,18,4.606474546285776,4.656541585922241
15,single_feature_f3_dup_a,19,4.604002108940711,4.6544013023376465
15,single_feature_f3_dup_a,20,4.604564520028921,4.6917500495910645
15,single_feature_f3_dup_a,21,4.604849778688871,4.671577453613281
15,single_feature_f3_dup_a,22,4.589192280402551,4.642120122909546
15,single_feature_f3_dup_a,23,4.587143091055063,4.682901620864868
15,single_feature_f3_dup_a,24,4.5845040541428785,4.659320831298828
15,single_feature_f3_dup_a,25,4.587288636427659,4.663825988769531
15,single_feature_f3_dup_a,26,4.58827700981727,4.7098047733306885
15,single_feature_f3_dup_a,27,4.584684005150428,4.704696893692017
15,single_feature_f3_dup_a,28,4.578677177429199,4.702016353607178
15,single_feature_f3_dup_a,29,4.5790749329787035,4.695533275604248
15,single_feature_f3_dup_a,30,4.5767700121952934,4.680282831192017
15,single_feature_f3_dup_a,31,4.572116631727952,4.6773154735565186
15,single_feature_f3_dup_a,32,4.572317600250244,4.677922964096069
15,single_feature_f3_dup_a,33,4.571096200209397,4.65272331237793
15,single_feature_f3_dup_a,34,4.560283954326923,4.677568435668945
15,single_feature_f3_dup_a,35,4.56578280375554,4.728809833526611
15,single_feature_f3_dup_a,36,4.556803776667668,4.6778576374053955
15,single_feature_f3_dup_a,37,4.5621579977182245,4.670041561126709
15,single_feature_f3_dup_a,38,4.554150581359863,4.685387372970581
15,single_feature_f3_dup_a,39,4.554451942443848,4.67334508895874
15,single_feature_f3_dup_a,40,4.549920265491192,4.693768739700317
15,single_feature_f3_dup_a,41,4.552618650289682,4.724528789520264
15,single_feature_f3_dup_a,42,4.548395303579477,4.720174312591553
15,single_feature_f3_dup_a,43,4.544868102440467,4.670676231384277
15,single_feature_f3_dup_a,44,4.549763532785269,4.70765495300293
15,single_feature_f3_dup_a,45,4.542116715357854,4.698017597198486
15,single_feature_f3_dup_a,46,4.544831312619722,4.715843915939331
15,single_feature_f3_dup_a,47,4.536260531498836,4.7114973068237305
15,single_feature_f4_dup_b,0,5.143705294682429,4.886388778686523
15,single_feature_f4_dup_b,1,4.81293458205003,4.741209030151367
15,single_feature_f4_dup_b,2,4.7147537378164435,4.703202724456787
15,single_feature_f4_dup_b,3,4.683132831866924,4.653705596923828
15,single_feature_f4_dup_b,4,4.666527674748347,4.653162956237793
15,single_feature_f4_dup_b,5,4.662914826319768,4.64765739440918
15,single_feature_f4_dup_b,6,4.654312243828406,4.652374505996704
15,single_feature_f4_dup_b,7,4.6433742596552925,4.643619537353516
15,single_feature_f4_dup_b,8,4.633345127105713,4.682621717453003
15,single_feature_f4_dup_b,9,4.635501751532922,4.670254707336426
15,single_feature_f4_dup_b,10,4.633492653186504,4.641640663146973
15,single_feature_f4_dup_b,11,4.633001327514648,4.652834892272949
15,single_feature_f4_dup_b,12,4.62750086417565,4.654272794723511
15,single_feature_f4_dup_b,13,4.61305412879357,4.648499488830566
15,single_feature_f4_dup_b,14,4.62023140833928,4.680297374725342
15,single_feature_f4_dup_b,15,4.620271756098821,4.682910680770874
15,single_feature_f4_dup_b,16,4.61886372933021,4.684705972671509
15,single_feature_f4_dup_b,17,4.613912509037898,4.654966831207275
15,single_feature_f4_dup_b,18,4.612328969515287,4.659211158752441
15,single_feature_f4_dup_b,19,4.607887414785532,4.653934955596924
15,single_feature_f4_dup_b,20,4.606777631319487,4.687101364135742
15,single_feature_f4_dup_b,21,4.609228867750901,4.662240505218506
15,single_feature_f4_dup_b,22,4.595649902637188,4.634679555892944
15,single_feature_f4_dup_b,23,4.593807697296143,4.684121131896973
15,single_feature_f4_dup_b,24,4.589290912334736,4.657364130020142
15,single_feature_f4_dup_b,25,4.59431530879094,4.670755624771118
15,single_feature_f4_dup_b,26,4.591589340796838,4.708128452301025
15,single_feature_f4_dup_b,27,4.587032318115234,4.694493770599365
15,single_feature_f4_dup_b,28,4.583091845879188,4.700449705123901
15,single_feature_f4_dup_b,29,4.5841614649846,4.691214084625244
15,single_feature_f4_dup_b,30,4.58125272163978,4.669180870056152
15,single_feature_f4_dup_b,31,4.577701825361985,4.673393249511719
15,single_feature_f4_dup_b,32,4.57590756049523,4.668269634246826
15,single_feature_f4_dup_b,33,4.575081861936129,4.646668195724487
15,single_feature_f4_dup_b,34,4.569522234109732,4.674177408218384
15,single_feature_f4_dup_b,35,4.5726201350872335,4.71015739440918
15,single_feature_f4_dup_b,36,4.567205905914307,4.681489706039429
15,single_feature_f4_dup_b,37,4.570460576277513,4.662477731704712
15,single_feature_f4_dup_b,38,4.562291658841646,4.689048528671265
15,single_feature_f4_dup_b,39,4.563210267287034,4.665384292602539
15,single_feature_f4_dup_b,40,4.558488038870005,4.697520017623901
15,single_feature_f4_dup_b,41,4.562930327195388,4.72159481048584
15,single_feature_f4_dup_b,42,4.552673303163969,4.694899082183838
15,single_feature_f4_dup_b,43,4.548956320835994,4.6631433963775635
15,single_feature_f4_dup_b,44,4.548869279714731,4.699121952056885
15,single_feature_f4_dup_b,45,4.549959072699914,4.696523189544678
15,single_feature_f4_dup_b,46,4.5477651082552395,4.718155860900879
15,single_feature_f4_dup_b,47,4.5389604201683635,4.705878973007202
15,single_feature_f5_null,0,5.207463337824895,5.028204441070557
15,single_feature_f5_null,1,5.022364029517541,5.007225513458252
15,single_feature_f5_null,2,4.988645003392146,5.018956661224365
15,single_feature_f5_null,3,4.9742415868319,4.9611005783081055
15,single_feature_f5_null,4,4.965675243964562,4.967702388763428
15,single_feature_f5_null,5,4.962915934049166,4.976830959320068
15,single_feature_f5_null,6,4.958500091846172,4.982261657714844
15,single_feature_f5_null,7,4.953098663916955,4.980993986129761
15,single_feature_f5_null,8,4.942221898298997,5.003788471221924
15,single_feature_f5_null,9,4.944801330566406,5.004262208938599
15,single_feature_f5_null,10,4.941206528590276,4.969789028167725
15,single_feature_f5_null,11,4.943141937255859,4.9809441566467285
15,single_feature_f5_null,12,4.939409659459041,5.002810716629028
15,single_feature_f5_null,13,4.921957382789025,4.9795403480529785
15,single_feature_f5_null,14,4.926821048443134,5.001227617263794
15,single_feature_f5_null,15,4.927717722379244,5.020705223083496
15,single_feature_f5_null,16,4.926928813640888,5.026546955108643
15,single_feature_f5_null,17,4.923815727233887,4.994801759719849
15,single_feature_f5_null,18,4.920556398538443,5.008121967315674
15,single_feature_f5_null,19,4.914146863497221,4.977712154388428
15,single_feature_f5_null,20,4.914229576404278,5.017157077789307
15,single_feature_f5_null,21,4.9159190104557915,4.999967336654663
15,single_feature_f5_null,22,4.90478438597459,4.979414939880371
15,single_feature_f5_null,23,4.901856018946721,5.019665479660034
15,single_feature_f5_null,24,4.895574459662805,5.003840923309326
15,single_feature_f5_null,25,4.895904357616718,5.004308462142944
15,single_feature_f5_null,26,4.89691136433528,5.044639348983765
15,single_feature_f5_null,27,4.893509057851938,5.063624143600464
15,single_feature_f5_null,28,4.8895476047809305,5.032181262969971
15,single_feature_f6_suppressor,0,5.208341598510742,5.0430543422698975
15,single_feature_f6_suppressor,1,5.021955490112305,5.002760171890259
15,single_feature_f6_suppressor,2,4.985123194181002,5.009900331497192
15,single_feature_f6_suppressor,3,4.971144346090464,4.955361604690552
15,single_feature_f6_suppressor,4,4.962496207310603,4.965604782104492
15,single_feature_f6_suppressor,5,4.962182851938101,4.972119331359863
15,single_feature_f6_suppressor,6,4.957456001868615,4.9829630851745605
15,single_feature_f6_suppressor,7,4.949532802288349,4.979114294052124
15,single_feature_f6_suppressor,8,4.943442454704871,5.003103494644165
15,single_feature_f6_suppressor,9,4.94520796262301,5.004945993423462
15,single_feature_f6_suppressor,10,4.9433860045212965,4.966255187988281
15,single_feature_f6_suppressor,11,4.9452081093421345,4.976698160171509
15,single_feature_f6_suppressor,12,4.93959118769719,4.992574453353882
15,single_feature_f6_suppressor,13,4.922601846548227,4.981648921966553
15,single_feature_f6_suppressor,14,4.928575625786414,4.998164653778076
15,single_feature_f6_suppressor,15,4.929463166456956,5.0181567668914795
15,single_feature_f6_suppressor,16,4.92793266589825,5.022960186004639
15,single_feature_f6_suppressor,17,4.925507178673377,4.982986927032471
15,single_feature_f6_suppressor,18,4.922566523918738,4.986039161682129
15,single_feature_f6_suppressor,19,4.917899095095121,4.97352409362793
15,single_feature_f6_suppressor,20,4.917779922485352,5.003647327423096
15,single_feature_f6_suppressor,21,4.918331182920015,4.991143703460693
15,single_feature_f6_suppressor,22,4.909440700824444,4.967400312423706
15,single_feature_f6_suppressor,23,4.906150451073279,5.014694690704346
15,single_feature_f6_suppressor,24,4.902674454909104,4.991891860961914
15,single_feature_f6_suppressor,25,4.902284988990197,4.993986129760742
15,single_feature_f6_suppressor,26,4.90238329080435,5.030022621154785
15,single_feature_f6_suppressor,27,4.899697340451754,5.05157995223999
15,single_feature_f6_suppressor,28,4.898622622856727,5.016916275024414
15,single_feature_f7_weak,0,5.186282891493577,4.976210832595825
15,single_feature_f7_weak,1,4.939417875730074,4.89165186882019
15,single_feature_f7_weak,2,4.874089864584116,4.883262634277344
15,single_feature_f7_weak,3,4.845746407142053,4.814443111419678
15,single_feature_f7_weak,4,4.834917325239915,4.8271050453186035
15,single_feature_f7_weak,5,4.830181268545298,4.826845169067383
15,single_feature_f7_weak,6,4.823538376734807,4.830214977264404
15,single_feature_f7_weak,7,4.815860748291016,4.836021900177002
15,single_feature_f7_weak,8,4.807678075937124,4.840328216552734
15,single_feature_f7_weak,9,4.808081333453838,4.846752405166626
15,single_feature_f7_weak,10,4.806697001824012,4.796015739440918
15,single_feature_f7_weak,11,4.806830076070932,4.814376592636108
15,single_feature_f7_weak,12,4.801667213439941,4.844115257263184
15,single_feature_f7_weak,13,4.785797009101281,4.831429481506348
15,single_feature_f7_weak,14,4.793216228485107,4.849877595901489
15,single_feature_f7_weak,15,4.7907627912668085,4.856351852416992
15,single_feature_f7_weak,16,4.789710668417124,4.849975109100342
15,single_feature_f7_weak,17,4.786292699667124,4.836693525314331
15,single_feature_f7_weak,18,4.780940422644982,4.838096618652344
15,single_feature_f7_weak,19,4.777682231022761,4.817950010299683
15,single_feature_f7_weak,20,4.778336524963379,4.854470252990723
15,single_feature_f7_weak,21,4.779711356529822,4.828995943069458
15,single_feature_f7_weak,22,4.770475350893461,4.795185089111328
15,single_feature_f7_weak,23,4.763448201693022,4.857812404632568
15,single_feature_f7_weak,24,4.759430481837346,4.835747003555298
15,single_feature_f7_weak,25,4.7649431228637695,4.833717346191406
15,single_feature_f7_weak,26,4.764473511622502,4.869941711425781
15,single_feature_f7_weak,27,4.7595852338350735,4.897454738616943
15,single_feature_f7_weak,28,4.754726776709924,4.877985000610352
15,single_feature_f7_weak,29,4.752672012035664,4.868934392929077
15,single_feature_f7_weak,30,4.750603088965783,4.839869022369385
15,single_feature_f7_weak,31,4.750197997459998,4.858447074890137
15,single_feature_f7_weak,32,4.748273299290584,4.861641883850098
15,single_feature_f7_weak,33,4.7509936185983515,4.841280698776245
15,single_feature_f7_weak,34,4.739504777468168,4.826259613037109
15,single_feature_f7_weak,35,4.734628714047945,4.870671272277832
15,single_feature_f7_weak,36,4.731060578272893,4.861606597900391
15,single_feature_f7_weak,37,4.736252711369441,4.85432243347168
15,single_feature_f7_weak,38,4.731927504906287,4.856937885284424
15,single_feature_f7_weak,39,4.732157120337853,4.8620054721832275
15,single_feature_f7_weak,40,4.726448059082031,4.869877338409424
15,single_feature_f7_weak,41,4.7237713520343485,4.902276039123535
15,single_feature_f7_weak,42,4.719334088839018,4.893445014953613
15,single_feature_f7_weak,43,4.718903798323411,4.834076642990112
15,single_feature_f7_weak,44,4.716230575854961,4.87411093711853
15,single_feature_f7_weak,45,4.713473576765794,4.878473281860352
15,single_feature_f7_weak,46,4.714270848494309,4.883274793624878
15,single_feature_f7_weak,47,4.709938232715313,4.894198894500732
15,single_feature_f8_bigcoef,0,5.1723940922663765,4.923690319061279
15,single_feature_f8_bigcoef,1,4.85727886053232,4.786617040634155
15,single_feature_f8_bigcoef,2,4.725649430201604,4.749318599700928
15,single_feature_f8_bigcoef,3,4.677654119638296,4.6596360206604
15,single_feature_f8_bigcoef,4,4.654368620652419,4.668675899505615
15,single_feature_f8_bigcoef,5,4.640941473153921,4.667479515075684
15,single_feature_f8_bigcoef,6,4.638130774864783,4.657924175262451
15,single_feature_f8_bigcoef,7,4.627253752488357,4.659949779510498
15,single_feature_f8_bigcoef,8,4.618352083059458,4.682132720947266
15,single_feature_f8_bigcoef,9,4.617522203005278,4.682389259338379
15,single_feature_f8_bigcoef,10,4.618324023026687,4.6473917961120605
15,single_feature_f8_bigcoef,11,4.613591744349553,4.664370536804199
15,single_feature_f8_bigcoef,12,4.608356915987455,4.677639961242676
15,single_feature_f8_bigcoef,13,4.594239198244535,4.660239219665527
15,single_feature_f8_bigcoef,14,4.600432102496807,4.664627313613892
15,single_feature_f8_bigcoef,15,4.599392194014329,4.692462682723999
15,single_feature_f8_bigcoef,16,4.595092113201435,4.702072381973267
15,single_feature_f8_bigcoef,17,4.591886960543119,4.689057350158691
15,single_feature_f8_bigcoef,18,4.595464523021992,4.661829948425293
15,single_feature_f8_bigcoef,19,4.587594655843882,4.653067111968994
15,single_feature_f8_bigcoef,20,4.586115323580229,4.704240322113037
15,single_feature_f8_bigcoef,21,4.5861089046184835,4.6783623695373535
15,single_feature_f8_bigcoef,22,4.57366943359375,4.657184362411499
15,single_feature_f8_bigcoef,23,4.571619290571946,4.70269250869751
15,single_feature_f8_bigcoef,24,4.568384720728948,4.681272506713867
15,single_feature_f8_bigcoef,25,4.574015764089731,4.68326735496521
15,single_feature_f8_bigcoef,26,4.5763953649080715,4.713857173919678
15,single_feature_f8_bigcoef,27,4.566797806666448,4.722471237182617
15,single_feature_f8_bigcoef,28,4.5662155518165,4.6966469287872314
15,single_feature_f8_bigcoef,29,4.5614806688748875,4.716731071472168
15,single_feature_f8_bigcoef,30,4.55714225769043,4.6856982707977295
15,single_feature_f8_bigcoef,31,4.553620998676006,4.698579549789429
15,single_feature_f8_bigcoef,32,4.551712623009315,4.698208570480347
15,single_feature_f8_bigcoef,33,4.556793066171499,4.696502208709717
15,single_feature_f8_bigcoef,34,4.549640985635611,4.680177688598633
15,single_feature_f8_bigcoef,35,4.54197986309345,4.708321571350098
15,single_feature_noise_0,0,5.206144626323994,5.033838272094727
15,single_feature_noise_0,1,5.020837857173039,5.0048604011535645
15,single_feature_noise_0,2,4.98677290402926,5.010584592819214
15,single_feature_noise_0,3,4.971753120422363,4.959756851196289
15,single_feature_noise_0,4,4.962831240433913,4.96432089805603
15,single_feature_noise_0,5,4.96211367387038,4.975609302520752
15,single_feature_noise_0,6,4.9572768944960375,4.982533931732178
15,single_feature_noise_0,7,4.949685316819411,4.979647636413574
15,single_feature_noise_0,8,4.942684393662673,5.0008063316345215
15,single_feature_noise_0,9,4.945008681370662,4.9993791580200195
15,single_feature_noise_0,10,4.943345179924598,4.964882135391235
15,single_feature_noise_0,11,4.943924353672908,4.974257946014404
15,single_feature_noise_0,12,4.9397520285386305,4.992650508880615
15,single_feature_noise_0,13,4.922394349024846,4.975796461105347
15,single_feature_noise_0,14,4.927599173325759,4.996814250946045
15,single_feature_noise_0,15,4.929391567523663,5.008659839630127
15,single_feature_noise_0,16,4.92697627727802,5.019525766372681
15,single_feature_noise_0,17,4.925138803628775,4.9832329750061035
15,single_feature_noise_0,18,4.920311194199782,4.989260196685791
15,single_feature_noise_0,19,4.915482924534724,4.968521356582642
15,single_feature_noise_0,20,4.914549020620493,5.0046422481536865
15,single_feature_noise_0,21,4.917015185722938,4.994124412536621
15,single_feature_noise_0,22,4.904730613415058,4.958102226257324
15,single_feature_noise_0,23,4.901867609757644,5.011111497879028
15,single_feature_noise_0,24,4.899358015794021,4.979775905609131
15,single_feature_noise_0,25,4.899940160604624,4.984921932220459
15,single_feature_noise_0,26,4.899428807772123,5.023068904876709
15,single_feature_noise_0,27,4.895837783813477,5.042215347290039
15,single_feature_noise_0,28,4.893119445213904,5.0234270095825195
15,single_feature_noise_0,29,4.889155204479511,5.016630411148071
15,single_feature_noise_0,30,4.887413318340595,4.993338584899902
15,single_feature_noise_0,31,4.887320811931904,5.0199830532073975
15,single_feature_noise_0,32,4.882024068098802,5.00856351852417
15,single_feature_noise_0,33,4.882715775416448,5.001124858856201
15,single_feature_noise_0,34,4.873331290024978,4.998536109924316
15,single_feature_noise_0,35,4.868138166574331,5.038748025894165
15,single_feature_noise_0,36,4.862376286433293,5.01329231262207
15,single_feature_noise_0,37,4.8693682964031515,5.006916522979736
15,single_feature_noise_0,38,4.861134419074426,5.024697780609131
15,single_feature_noise_0,39,4.861954212188721,5.016584157943726
15,single_feature_noise_0,40,4.857543468475342,5.033161878585815
15,single_feature_noise_0,41,4.856082402742826,5.067016363143921
15,single_feature_noise_0,42,4.848662596482497,5.040871620178223
15,single_feature_noise_0,43,4.8507244403545675,5.002660274505615
15,single_feature_noise_0,44,4.849907875061035,5.0238964557647705
15,single_feature_noise_0,45,4.846192396604097,5.024138927459717
15,single_feature_noise_0,46,4.841225880842942,5.0586183071136475
15,single_feature_noise_0,47,4.840950562403752,5.032224178314209
50,masked_npe,0,5.124806000636174,4.856747388839722
50,masked_npe,1,4.865462633279654,4.7365217208862305
50,masked_npe,2,4.706743863912729,4.5439159870147705
50,masked_npe,3,4.523175569681021,4.363402366638184
50,masked_npe,4,4.344599980574388,4.240887641906738
50,masked_npe,5,4.24374980192918,4.218755483627319
50,masked_npe,6,4.191176487849309,4.170882701873779
50,masked_npe,7,4.154840836158166,4.121498107910156
50,masked_npe,8,4.142401218414307,4.093984365463257
50,masked_npe,9,4.135192907773531,4.111229419708252
50,masked_npe,10,4.1072316353137674,4.075143814086914
50,masked_npe,11,4.090796360602746,4.094425439834595
50,masked_npe,12,4.078736708714412,4.075948357582092
50,masked_npe,13,4.0330119499793415,3.9155499935150146
50,masked_npe,14,3.9841263477618876,3.9965882301330566
50,masked_npe,15,3.9562739775731015,3.951967239379883
50,masked_npe,16,3.91403865814209,3.9636656045913696
50,masked_npe,17,3.8858021956223707,3.862380862236023
50,masked_npe,18,3.8694792160621057,3.802711844444275
50,masked_npe,19,3.882692575454712,3.8353744745254517
50,masked_npe,20,3.810509369923518,3.801388382911682
50,masked_npe,21,3.781788734289316,3.7583720684051514
50,masked_npe,22,3.7647694807786207,3.734720230102539
50,masked_npe,23,3.727225578748263,3.7636977434158325
50,masked_npe,24,3.6831725927499623,3.747537136077881
50,masked_npe,25,3.6505658076359677,3.7053723335266113
50,masked_npe,26,3.667692441206712,3.66353178024292
50,masked_npe,27,3.584895665828998,3.640128016471863
50,masked_npe,28,3.6013112251575174,3.6214128732681274
50,masked_npe,29,3.578279183461116,3.592602252960205
50,masked_npe,30,3.5641717177170973,3.6130869388580322
50,masked_npe,31,3.5534040927886963,3.6053372621536255
50,masked_npe,32,3.585788341668936,3.583857297897339
50,masked_npe,33,3.538688347889827,3.616607904434204
50,masked_npe,34,3.539254206877488,3.539825201034546
50,masked_npe,35,3.532337995675894,3.5609710216522217
50,masked_npe,36,3.5087430477142334,3.5855472087860107
50,masked_npe,37,3.515848214809711,3.5387091636657715
50,masked_npe,38,3.522651800742516,3.5820754766464233
50,masked_npe,39,3.500303965348464,3.5512454509735107
50,masked_npe,40,3.504693104670598,3.5372495651245117
50,masked_npe,41,3.450584595020001,3.5425503253936768
50,masked_npe,42,3.4854587408212514,3.5320851802825928
50,masked_npe,43,3.4996664707477274,3.5830856561660767
50,masked_npe,44,3.4977789108569803,3.5340771675109863
50,masked_npe,45,3.5212539526132436,3.5867286920547485
50,masked_npe,46,3.527063223031851,3.553194999694824
50,masked_npe,47,3.4828536877265344,3.4754139184951782
50,masked_npe,48,3.4592090203211856,3.5230581760406494
50,masked_npe,49,3.4531432481912465,3.526532769203186
50,masked_npe,50,3.5111660957336426,3.5294830799102783
50,masked_npe,51,3.4651424334599423,3.5168654918670654
50,masked_npe,52,3.480269982264592,3.531428098678589
50,masked_npe,53,3.4731159393603983,3.548245072364807
50,masked_npe,54,3.4696654906639686,3.5466115474700928
50,masked_npe,55,3.4836073838747463,3.5255523920059204
50,masked_npe,56,3.4761856702657847,3.534343957901001
50,masked_npe,57,3.4830630008990946,3.5011157989501953
50,masked_npe,58,3.4505057151500997,3.49834144115448
50,masked_npe,59,3.481518727082473,3.5406882762908936
50,masked_npe,60,3.468125893519475,3.5081506967544556
50,masked_npe,61,3.4647014874678392,3.5512531995773315
50,masked_npe,62,3.450718714640691,3.54301917552948
50,masked_npe,63,3.465274682411781,3.4797356128692627
50,masked_npe,64,3.4569624203902025,3.4676592350006104
50,masked_npe,65,3.4318527625157285,3.5195032358169556
50,masked_npe,66,3.465339734004094,3.4769155979156494
50,masked_npe,67,3.485119031025813,3.501711845397949
50,masked_npe,68,3.434485288766714,3.5106494426727295
50,masked_npe,69,3.4907642878018894,3.485693097114563
50,masked_npe,70,3.467977157005897,3.486695170402527
50,masked_npe,71,3.467054953941932,3.473357081413269
50,masked_npe,72,3.456482172012329,3.532323718070984
50,masked_npe,73,3.4612198976370006,3.534037232398987
50,masked_npe,74,3.4335421048677883,3.4876022338867188
50,masked_npe,75,3.467224176113422,3.4875752925872803
50,masked_npe,76,3.428393107194167,3.5045018196105957
50,masked_npe,77,3.460272293824416,3.5410656929016113
50,masked_npe,78,3.4498797930203953,3.5240976810455322
50,masked_npe,79,3.4345448383918176,3.5052562952041626
50,masked_npe,80,3.448942991403433,3.461062788963318
50,masked_npe,81,3.446534651976365,3.5028183460235596
50,masked_npe,82,3.4508289190439076,3.4932258129119873
50,masked_npe,83,3.430255651473999,3.47532856464386
50,masked_npe,84,3.437855151983408,3.534013509750366
50,masked_npe,85,3.4777806722200832,3.468679189682007
50,masked_npe,86,3.40264525780311,3.5007494688034058
50,masked_npe,87,3.409399050932664,3.516538143157959
50,masked_npe,88,3.4514716221736026,3.4958560466766357
50,masked_npe,89,3.4385134073404164,3.5150673389434814
50,masked_npe,90,3.455784981067364,3.495741367340088
50,masked_npe,91,3.4119891203366794,3.5165860652923584
50,masked_npe,92,3.4205003885122447,3.4951586723327637
50,masked_npe,93,3.4295878410339355,3.5302494764328003
50,masked_npe,94,3.43470338674692,3.582602858543396
50,masked_npe,95,3.4035566403315616,3.5277429819107056
50,masked_npe,96,3.397326579460731,3.4742311239242554
50,masked_npe,97,3.399571950619037,3.491505265235901
50,masked_npe,98,3.4125421047210693,3.4988969564437866
50,masked_npe,99,3.42431640625,3.50712788105011
50,masked_npe,100,3.4089634601886454,3.5036473274230957
50,masked_npe,101,3.4347074031829834,3.5100467205047607
50,masked_npe,102,3.4259516459244947,3.4998931884765625
50,masked_npe,103,3.3949184050926795,3.488868474960327
50,masked_npe,104,3.4536862556750956,3.5061248540878296
50,masked_npe,105,3.401467910179725,3.5563565492630005
50,single_feature_f1_strong_t1,0,5.1133598914513225,4.873498439788818
50,single_feature_f1_strong_t1,1,4.873994020315317,4.838575601577759
50,single_feature_f1_strong_t1,2,4.819986270024226,4.810824394226074
50,single_feature_f1_strong_t1,3,4.796733416043795,4.7868592739105225
50,single_feature_f1_strong_t1,4,4.794510584611159,4.761023044586182
50,single_feature_f1_strong_t1,5,4.777291701390193,4.807220220565796
50,single_feature_f1_strong_t1,6,4.78153107716487,4.80974817276001
50,single_feature_f1_strong_t1,7,4.768393736619216,4.797533750534058
50,single_feature_f1_strong_t1,8,4.772472308232234,4.797427415847778
50,single_feature_f1_strong_t1,9,4.766639856191782,4.780939340591431
50,single_feature_f1_strong_t1,10,4.755349122560942,4.766984224319458
50,single_feature_f1_strong_t1,11,4.755974879631629,4.782052040100098
50,single_feature_f1_strong_t1,12,4.757650962242713,4.799542665481567
50,single_feature_f1_strong_t1,13,4.753013280721811,4.798369884490967
50,single_feature_f1_strong_t1,14,4.7473524166987495,4.758854150772095
50,single_feature_f1_strong_t1,15,4.746824411245493,4.740143775939941
50,single_feature_f1_strong_t1,16,4.7439027932974005,4.76011848449707
50,single_feature_f1_strong_t1,17,4.749387374291053,4.767149925231934
50,single_feature_f1_strong_t1,18,4.74510251558744,4.791299343109131
50,single_feature_f1_strong_t1,19,4.737044701209435,4.760860919952393
50,single_feature_f1_strong_t1,20,4.733079433441162,4.794381618499756
50,single_feature_f1_strong_t1,21,4.733846774468055,4.7856764793396
50,single_feature_f1_strong_t1,22,4.730018909160908,4.793813467025757
50,single_feature_f1_strong_t1,23,4.728566279778113,4.7854180335998535
50,single_feature_f1_strong_t1,24,4.726068826822134,4.764947891235352
50,single_feature_f1_strong_t1,25,4.72183605340811,4.847020149230957
50,single_feature_f1_strong_t1,26,4.7201529282789965,4.830681800842285
50,single_feature_f1_strong_t1,27,4.72346753340501,4.786110162734985
50,single_feature_f1_strong_t1,28,4.719652395982009,4.80315637588501
50,single_feature_f1_strong_t1,29,4.708124307485727,4.818604230880737
50,single_feature_f1_strong_t1,30,4.713183806492732,4.783560752868652
50,single_feature_f1_strong_t1,31,4.70756119948167,4.82831335067749
50,single_feature_f1_strong_t1,32,4.710397720336914,4.812975883483887
50,single_feature_f1_strong_t1,33,4.7019440944378195,4.835687160491943
50,single_feature_f1_strong_t1,34,4.702070199526274,4.827662467956543
50,single_feature_f1_strong_t1,35,4.69125824708205,4.838697910308838
50,single_feature_f1_strong_t1,36,4.696907153496375,4.838819742202759
50,single_feature_f1_strong_t1,37,4.691910156836877,4.847854375839233
50,single_feature_f1_strong_t1,38,4.690991291633019,4.7958762645721436
50,single_feature_f1_strong_t1,39,4.6916992114140434,4.852179765701294
50,single_feature_f1_strong_t1,40,4.688642281752366,4.878934144973755
50,single_feature_f2_strong_t2,0,5.08946444438054,4.787667274475098
50,single_feature_f2_strong_t2,1,4.709149727454553,4.547184467315674
50,single_feature_f2_strong_t2,2,4.445242001460149,4.326778411865234
50,single_feature_f2_strong_t2,3,4.296750765580398,4.2787511348724365
50,single_feature_f2_strong_t2,4,4.2561762516315165,4.201303482055664
50,single_feature_f2_strong_t2,5,4.208540916442871,4.236639499664307
50,single_feature_f2_strong_t2,6,4.200535920950083,4.2344136238098145
50,single_feature_f2_strong_t2,7,4.18096634057852,4.2205541133880615
50,single_feature_f2_strong_t2,8,4.178278042719914,4.244606018066406
50,single_feature_f2_strong_t2,9,4.170128088731032,4.209019422531128
50,single_feature_f2_strong_t2,10,4.159177193274865,4.195502996444702
50,single_feature_f2_strong_t2,11,4.152847840235784,4.224163055419922
50,single_feature_f2_strong_t2,12,4.155542630415696,4.221623182296753
50,single_feature_f2_strong_t2,13,4.150767106276292,4.204543590545654
50,single_feature_f2_strong_t2,14,4.142247126652644,4.167571306228638
50,single_feature_f2_strong_t2,15,4.137309991396391,4.159793138504028
50,single_feature_f2_strong_t2,16,4.133833224956806,4.161510944366455
50,single_feature_f2_strong_t2,17,4.138479562906118,4.191128492355347
50,single_feature_f2_strong_t2,18,4.141241990602934,4.1942973136901855
50,single_feature_f2_strong_t2,19,4.128020103161152,4.151598691940308
50,single_feature_f2_strong_t2,20,4.124452444223257,4.204783201217651
50,single_feature_f2_strong_t2,21,4.117903562692495,4.193627119064331
50,single_feature_f2_strong_t2,22,4.11678853401771,4.195536851882935
50,single_feature_f2_strong_t2,23,4.128546384664682,4.19845724105835
50,single_feature_f2_strong_t2,24,4.117582541245681,4.172280788421631
50,single_feature_f2_strong_t2,25,4.114023960553682,4.229122638702393
50,single_feature_f2_strong_t2,26,4.110781027720525,4.220258474349976
50,single_feature_f2_strong_t2,27,4.1078661771921015,4.177062034606934
50,single_feature_f2_strong_t2,28,4.106517938467173,4.206726789474487
50,single_feature_f2_strong_t2,29,4.104450372549204,4.214415550231934
50,single_feature_f2_strong_t2,30,4.104909640092116,4.1880247592926025
50,single_feature_f2_strong_t2,31,4.098171105751624,4.222510814666748
50,single_feature_f2_strong_t2,32,4.100086322197547,4.210470914840698
50,single_feature_f2_strong_t2,33,4.094422413752629,4.206765651702881
50,single_feature_f2_strong_t2,34,4.0918348385737495,4.232628345489502
50,single_feature_f2_strong_t2,35,4.087946231548603,4.228733777999878
50,single_feature_f2_strong_t2,36,4.0880378026228685,4.222813367843628
50,single_feature_f2_strong_t2,37,4.085968714493972,4.232964754104614
50,single_feature_f2_strong_t2,38,4.083445842449482,4.216731309890747
50,single_feature_f2_strong_t2,39,4.09202084174523,4.245903491973877
50,single_feature_f2_strong_t2,40,4.08177819618812,4.2883710861206055
50,single_feature_f2_strong_t2,41,4.080183395972619,4.237460136413574
50,single_feature_f2_strong_t2,42,4.083721197568453,4.245112895965576
50,single_feature_f2_strong_t2,43,4.077884619052593,4.2394654750823975
50,single_feature_f2_strong_t2,44,4.078363785376916,4.192907333374023
50,single_feature_f3_dup_a,0,5.102692200587346,4.835154294967651
50,single_feature_f3_dup_a,1,4.787231922149658,4.721973657608032
50,single_feature_f3_dup_a,2,4.696231218484732,4.6654052734375
50,single_feature_f3_dup_a,3,4.660614820627066,4.6654441356658936
50,single_feature_f3_dup_a,4,4.651815964625432,4.658493995666504
50,single_feature_f3_dup_a,5,4.636532490070049,4.677886009216309
50,single_feature_f3_dup_a,6,4.6311450738173265,4.671476364135742
50,single_feature_f3_dup_a,7,4.62854972252479,4.669102668762207
50,single_feature_f3_dup_a,8,4.6236066818237305,4.68220853805542
50,single_feature_f3_dup_a,9,4.621866152836726,4.649122953414917
50,single_feature_f3_dup_a,10,4.60682593859159,4.668095588684082
50,single_feature_f3_dup_a,11,4.612697858076829,4.6570212841033936
50,single_feature_f3_dup_a,12,4.606971263885498,4.669294118881226
50,single_feature_f3_dup_a,13,4.601838515355037,4.666959524154663
50,single_feature_f3_dup_a,14,4.5996743348928595,4.631367921829224
50,single_feature_f3_dup_a,15,4.599625330704909,4.615077972412109
50,single_feature_f3_dup_a,16,4.593388667473426,4.6210925579071045
50,single_feature_f3_dup_a,17,4.597605998699482,4.6333091259002686
50,single_feature_f3_dup_a,18,4.597288168393648,4.663342475891113
50,single_feature_f3_dup_a,19,4.584073066711426,4.632578611373901
50,single_feature_f3_dup_a,20,4.590443170987642,4.653080701828003
50,single_feature_f3_dup_a,21,4.582459193009597,4.6508636474609375
50,single_feature_f3_dup_a,22,4.581672778496375,4.663782835006714
50,single_feature_f3_dup_a,23,4.579355753385103,4.657248497009277
50,single_feature_f3_dup_a,24,4.577284299410307,4.661043643951416
50,single_feature_f3_dup_a,25,4.573592736170842,4.711678504943848
50,single_feature_f3_dup_a,26,4.567524836613582,4.697864294052124
50,single_feature_f3_dup_a,27,4.573142821972187,4.647773265838623
50,single_feature_f3_dup_a,28,4.570137170644907,4.669925928115845
50,single_feature_f3_dup_a,29,4.559198636275071,4.695691347122192
50,single_feature_f3_dup_a,30,4.5615835923414965,4.664058685302734
50,single_feature_f3_dup_a,31,4.559560115520771,4.6929121017456055
50,single_feature_f3_dup_a,32,4.558423042297363,4.653099536895752
50,single_feature_f3_dup_a,33,4.550396479093111,4.690784215927124
50,single_feature_f3_dup_a,34,4.5507557942317085,4.693514585494995
50,single_feature_f3_dup_a,35,4.543829184312087,4.696134567260742
50,single_feature_f3_dup_a,36,4.551137557396522,4.69331693649292
50,single_feature_f3_dup_a,37,4.5463667282691365,4.72205662727356
50,single_feature_f3_dup_a,38,4.546107365534856,4.661432266235352
50,single_feature_f3_dup_a,39,4.549216527205247,4.70127010345459
50,single_feature_f3_dup_a,40,4.535887278043306,4.739916086196899
50,single_feature_f4_dup_b,0,5.103092743800237,4.83179235458374
50,single_feature_f4_dup_b,1,4.785933604607215,4.729570388793945
50,single_feature_f4_dup_b,2,4.692485699286828,4.6661481857299805
50,single_feature_f4_dup_b,3,4.659774230076716,4.653113126754761
50,single_feature_f4_dup_b,4,4.649781007033128,4.6595988273620605
50,single_feature_f4_dup_b,5,4.634446144104004,4.67065954208374
50,single_feature_f4_dup_b,6,4.630140011127178,4.668310880661011
50,single_feature_f4_dup_b,7,4.626477644993709,4.654126882553101
50,single_feature_f4_dup_b,8,4.619270324707031,4.680315732955933
50,single_feature_f4_dup_b,9,4.6203921758211575,4.647240877151489
50,single_feature_f4_dup_b,10,4.605037175692045,4.663652420043945
50,single_feature_f4_dup_b,11,4.613044628730187,4.6517534255981445
50,single_feature_f4_dup_b,12,4.605444467984713,4.669809818267822
50,single_feature_f4_dup_b,13,4.600329802586482,4.672482967376709
50,single_feature_f4_dup_b,14,4.59801277747521,4.628770589828491
50,single_feature_f4_dup_b,15,4.5966015962453985,4.622922658920288
50,single_feature_f4_dup_b,16,4.592382577749399,4.619220495223999
50,single_feature_f4_dup_b,17,4.596987944382888,4.6362669467926025
50,single_feature_f4_dup_b,18,4.5961636029756985,4.657718181610107
50,single_feature_f4_dup_b,19,4.583791549389179,4.62389612197876
50,single_feature_f4_dup_b,20,4.588370396540715,4.647836446762085
50,single_feature_f4_dup_b,21,4.579753802372859,4.642499685287476
50,single_feature_f4_dup_b,22,4.581919303307166,4.6663665771484375
50,single_feature_f4_dup_b,23,4.579507754399226,4.65186882019043
50,single_feature_f4_dup_b,24,4.57754450577956,4.65299916267395
50,single_feature_f4_dup_b,25,4.575511895693266,4.712874889373779
50,single_feature_f4_dup_b,26,4.568697856022761,4.6984193325042725
50,single_feature_f4_dup_b,27,4.571360111236572,4.648808479309082
50,single_feature_f4_dup_b,28,4.569770152752216,4.6818625926971436
50,single_feature_f4_dup_b,29,4.559706834646372,4.69863224029541
50,single_feature_f4_dup_b,30,4.563203848325289,4.661282062530518
50,single_feature_f4_dup_b,31,4.56065111893874,4.684527397155762
50,single_feature_f4_dup_b,32,4.558597894815298,4.66033411026001
50,single_feature_f4_dup_b,33,4.552200464101938,4.69458532333374
50,single_feature_f4_dup_b,34,4.552746222569392,4.6938042640686035
50,single_feature_f4_dup_b,35,4.545827021965613,4.703956604003906
50,single_feature_f4_dup_b,36,4.55038675895104,4.697472095489502
50,single_feature_f4_dup_b,37,4.546063459836519,4.722631216049194
50,single_feature_f4_dup_b,38,4.545586549318754,4.661712884902954
50,single_feature_f4_dup_b,39,4.547589632181021,4.719063758850098
50,single_feature_f4_dup_b,40,4.540775189032922,4.7377519607543945
50,single_feature_f4_dup_b,41,4.538688256190373,4.724748849868774
50,single_feature_f5_null,0,5.183650970458984,4.994223594665527
50,single_feature_f5_null,1,5.009681628300593,4.979957818984985
50,single_feature_f5_null,2,4.9630937576293945,4.949315071105957
50,single_feature_f5_null,3,4.951139560112586,4.947920799255371
50,single_feature_f5_null,4,4.950085713313176,4.917295932769775
50,single_feature_f5_null,5,4.936400927030123,4.96941614151001
50,single_feature_f5_null,6,4.942105880150428,4.96704626083374
50,single_feature_f5_null,7,4.931108254652757,4.953839302062988
50,single_feature_f5_null,8,4.9306428615863505,4.9724955558776855
50,single_feature_f5_null,9,4.929792770972619,4.942058086395264
50,single_feature_f5_null,10,4.918808937072754,4.949685335159302
50,single_feature_f5_null,11,4.917803764343262,4.957193374633789
50,single_feature_f5_null,12,4.919537287492019,4.978099584579468
50,single_feature_f5_null,13,4.917624620290903,4.9627015590667725
50,single_feature_f5_null,14,4.911680478316087,4.928447723388672
50,single_feature_f5_null,15,4.906655788421631,4.9235029220581055
50,single_feature_f5_null,16,4.90623767559345,4.92621636390686
50,single_feature_f5_null,17,4.9128917914170485,4.937763214111328
50,single_feature_f5_null,18,4.9091010460486775,4.961546421051025
50,single_feature_f5_null,19,4.902535695296067,4.926766872406006
50,single_feature_f5_null,20,4.90134334564209,4.958414554595947
50,single_feature_f5_null,21,4.8939900031456585,4.947779417037964
50,single_feature_f5_null,22,4.893995248354399,4.967850923538208
50,single_feature_f5_null,23,4.89518062884991,4.9674718379974365
50,single_feature_f5_null,24,4.8893327713012695,4.94165825843811
50,single_feature_f5_null,25,4.8856048217186565,5.018232822418213
50,single_feature_f5_null,26,4.885590810042161,5.0121543407440186
50,single_feature_f5_null,27,4.8853408740117,4.9636805057525635
50,single_feature_f5_null,28,4.8857924754803,4.983109474182129
50,single_feature_f5_null,29,4.87277155656081,4.993088483810425
50,single_feature_f6_suppressor,0,5.177413316873404,4.985755205154419
50,single_feature_f6_suppressor,1,5.0029024344224196,4.97098970413208
50,single_feature_f6_suppressor,2,4.963283758897048,4.942676544189453
50,single_feature_f6_suppressor,3,4.950837575472319,4.942051887512207
50,single_feature_f6_suppressor,4,4.950862554403452,4.9110822677612305
50,single_feature_f6_suppressor,5,4.9365997681250935,4.960497140884399
50,single_feature_f6_suppressor,6,4.943313782031719,4.957155227661133
50,single_feature_f6_suppressor,7,4.931194928976206,4.945543527603149
50,single_feature_f6_suppressor,8,4.930147574498103,4.95837664604187
50,single_feature_f6_suppressor,9,4.928898884699895,4.934785842895508
50,single_feature_f6_suppressor,10,4.91786135160006,4.931215286254883
50,single_feature_f6_suppressor,11,4.917561384347769,4.943234920501709
50,single_feature_f6_suppressor,12,4.918384882119986,4.959853410720825
50,single_feature_f6_suppressor,13,4.917054359729473,4.94526743888855
50,single_feature_f6_suppressor,14,4.9126093571002665,4.910086154937744
50,single_feature_f6_suppressor,15,4.909542120420015,4.903335809707642
50,single_feature_f6_suppressor,16,4.905636163858267,4.909182071685791
50,single_feature_f6_suppressor,17,4.910408680255596,4.919833183288574
50,single_feature_f6_suppressor,18,4.908457425924448,4.945054054260254
50,single_feature_f6_suppressor,19,4.899183309995211,4.916016101837158
50,single_feature_f6_suppressor,20,4.901471908275898,4.9536192417144775
50,single_feature_f6_suppressor,21,4.895155209761399,4.928762912750244
50,single_feature_f6_suppressor,22,4.893713034116304,4.949150085449219
50,single_feature_f6_suppressor,23,4.89302554497352,4.9497902393341064
50,single_feature_f6_suppressor,24,4.887144345503587,4.920666933059692
50,single_feature_f6_suppressor,25,4.884370620434101,4.996391773223877
50,single_feature_f6_suppressor,26,4.884893600757305,4.983543395996094
50,single_feature_f6_suppressor,27,4.885501898252047,4.938149452209473
50,single_feature_f6_suppressor,28,4.8826015545771675,4.958282232284546
50,single_feature_f6_suppressor,29,4.8726833783663235,4.973923444747925
50,single_feature_f6_suppressor,30,4.878443351158729,4.935866594314575
50,single_feature_f6_suppressor,31,4.869756295130803,4.982363224029541
50,single_feature_f6_suppressor,32,4.869584083557129,4.961390495300293
50,single_feature_f6_suppressor,33,4.863881624661959,4.98858118057251
50,single_feature_f6_suppressor,34,4.865677503439096,4.975302457809448
50,single_feature_f6_suppressor,35,4.852818709153396,4.984265327453613
50,single_feature_f6_suppressor,36,4.858626439021184,4.985693693161011
50,single_feature_f6_suppressor,37,4.854455911196196,4.998928070068359
50,single_feature_f6_suppressor,38,4.8549382503216085,4.953193664550781
50,single_feature_f6_suppressor,39,4.857089372781607,5.00715970993042
50,single_feature_f6_suppressor,40,4.852924787081205,5.0290045738220215
50,single_feature_f7_weak,0,5.141920383159931,4.91793966293335
50,single_feature_f7_weak,1,4.898810533376841,4.850328683853149
50,single_feature_f7_weak,2,4.83298213665302,4.816614866256714
50,single_feature_f7_weak,3,4.810448096348689,4.8121657371521
50,single_feature_f7_weak,4,4.806900207812969,4.769599676132202
50,single_feature_f7_weak,5,4.793586144080529,4.817910671234131
50,single_feature_f7_weak,6,4.794283830202543,4.818253755569458
50,single_feature_f7_weak,7,4.7833901185255785,4.804960250854492
50,single_feature_f7_weak,8,4.78414957339947,4.812762498855591
50,single_feature_f7_weak,9,4.78342709174523,4.791663646697998
50,single_feature_f7_weak,10,4.775339089907133,4.80223822593689
50,single_feature_f7_weak,11,4.771422752967248,4.817276239395142
50,single_feature_f7_weak,12,4.770326834458571,4.819297790527344
50,single_feature_f7_weak,13,4.769173878889817,4.809832572937012
50,single_feature_f7_weak,14,4.763173616849459,4.7886693477630615
50,single_feature_f7_weak,15,4.759082427391639,4.761430263519287
50,single_feature_f7_weak,16,4.756312443659856,4.781567096710205
50,single_feature_f7_weak,17,4.762498378753662,4.779442310333252
50,single_feature_f7_weak,18,4.755736314333403,4.792496681213379
50,single_feature_f7_weak,19,4.751153138967661,4.777991533279419
50,single_feature_f7_weak,20,4.7527905610891485,4.803586959838867
50,single_feature_f7_weak,21,4.743105228130634,4.793980598449707
50,single_feature_f7_weak,22,4.741389494675857,4.814300060272217
50,single_feature_f7_weak,23,4.7429992602421684,4.805344581604004
50,single_feature_f7_weak,24,4.73783463698167,4.7930006980896
50,single_feature_f7_weak,25,4.734555354485145,4.855590343475342
50,single_feature_f7_weak,26,4.734141826629639,4.838617324829102
50,single_feature_f7_weak,27,4.733898713038518,4.807358503341675
50,single_feature_f7_weak,28,4.733466478494497,4.825292348861694
50,single_feature_f7_weak,29,4.720813714540922,4.823304176330566
50,single_feature_f7_weak,30,4.723137305333064,4.807400226593018
50,single_feature_f7_weak,31,4.720464926499587,4.847115516662598
50,single_feature_f7_weak,32,4.723056976611797,4.8148353099823
50,single_feature_f7_weak,33,4.715349490825947,4.842565059661865
50,single_feature_f7_weak,34,4.718517010028545,4.834886312484741
50,single_feature_f7_weak,35,4.704210684849666,4.850085973739624
50,single_feature_f7_weak,36,4.706778159508338,4.843979358673096
50,single_feature_f7_weak,37,4.707629203796387,4.869936943054199
50,single_feature_f7_weak,38,4.704544324141282,4.81613564491272
50,single_feature_f7_weak,39,4.7043388073260965,4.864473342895508
50,single_feature_f7_weak,40,4.70272786800678,4.892282485961914
50,single_feature_f8_bigcoef,0,5.12509980568519,4.8793559074401855
50,single_feature_f8_bigcoef,1,4.830808419447679,4.738679885864258
50,single_feature_f8_bigcoef,2,4.701010997478779,4.6574671268463135
50,single_feature_f8_bigcoef,3,4.659841354076679,4.636384963989258
50,single_feature_f8_bigcoef,4,4.645337948432336,4.585540056228638
50,single_feature_f8_bigcoef,5,4.62898063659668,4.637723922729492
50,single_feature_f8_bigcoef,6,4.62486351453341,4.633188724517822
50,single_feature_f8_bigcoef,7,4.61609070117657,4.6187744140625
50,single_feature_f8_bigcoef,8,4.61119662798368,4.631137847900391
50,single_feature_f8_bigcoef,9,4.609284034142127,4.606304168701172
50,single_feature_f8_bigcoef,10,4.598473879007193,4.62513279914856
50,single_feature_f8_bigcoef,11,4.597160999591534,4.637570858001709
50,single_feature_f8_bigcoef,12,4.5948920249938965,4.624243259429932
50,single_feature_f8_bigcoef,13,4.598790645599365,4.630717754364014
50,single_feature_f8_bigcoef,14,4.588643880990835,4.601452827453613
50,single_feature_f8_bigcoef,15,4.587975722092849,4.585683345794678
50,single_feature_f8_bigcoef,16,4.580107542184683,4.5978899002075195
50,single_feature_f8_bigcoef,17,4.587725969461294,4.60874080657959
50,single_feature_f8_bigcoef,18,4.585365001971905,4.611331939697266
50,single_feature_f8_bigcoef,19,4.5769985272334175,4.6006457805633545
50,single_feature_f8_bigcoef,20,4.576718550461989,4.6094512939453125
50,single_feature_f8_bigcoef,21,4.5680975547203655,4.621114253997803
50,single_feature_f8_bigcoef,22,4.569484820732703,4.634371995925903
50,single_feature_f8_bigcoef,23,4.568264704484206,4.622400522232056
50,single_feature_f8_bigcoef,24,4.566008421090933,4.591990232467651
50,single_feature_f8_bigcoef,25,4.561378258925218,4.668141841888428
50,single_feature_f8_bigcoef,26,4.557615390190711,4.64345383644104
50,single_feature_f8_bigcoef,27,4.563044584714449,4.614248275756836
50,single_feature_f8_bigcoef,28,4.559594961313101,4.643518447875977
50,single_feature_f8_bigcoef,29,4.54659076837393,4.652390956878662
50,single_feature_noise_0,0,5.180622100830078,4.991118431091309
50,single_feature_noise_0,1,5.003848149226262,4.970897912979126
50,single_feature_noise_0,2,4.960954812856821,4.939932584762573
50,single_feature_noise_0,3,4.948991958911602,4.943820238113403
50,single_feature_noise_0,4,4.94906498835637,4.913872480392456
50,single_feature_noise_0,5,4.935319130237286,4.963865756988525
50,single_feature_noise_0,6,4.941466844998873,4.957124948501587
50,single_feature_noise_0,7,4.932180184584397,4.949418067932129
50,single_feature_noise_0,8,4.929688453674316,4.964705467224121
50,single_feature_noise_0,9,4.926249834207388,4.935435056686401
50,single_feature_noise_0,10,4.917655101189246,4.945679664611816
50,single_feature_noise_0,11,4.91518915616549,4.958926439285278
50,single_feature_noise_0,12,4.9173778387216425,4.970860004425049
50,single_feature_noise_0,13,4.915782965146578,4.953388214111328
50,single_feature_noise_0,14,4.908689718980056,4.9229326248168945
50,single_feature_noise_0,15,4.904745285327618,4.9128546714782715
50,single_feature_noise_0,16,4.904044738182654,4.918477535247803
50,single_feature_noise_0,17,4.908115717080923,4.932595729827881
50,single_feature_noise_0,18,4.905783103062556,4.955957651138306
50,single_feature_noise_0,19,4.897501358619103,4.924093961715698
50,single_feature_noise_0,20,4.897028812995324,4.950608968734741
50,single_feature_noise_0,21,4.889674993661734,4.946741104125977
50,single_feature_noise_0,22,4.892087386204646,4.951424598693848
50,single_feature_noise_0,23,4.889119258293738,4.955164670944214
50,single_feature_noise_0,24,4.8852554101210375,4.937251806259155
50,single_feature_noise_0,25,4.881537364079402,5.013049602508545
50,single_feature_noise_0,26,4.881271178905781,4.9919703006744385
50,single_feature_noise_0,27,4.882637940920317,4.951964616775513
50,single_feature_noise_0,28,4.882070578061617,4.969271659851074
50,single_feature_noise_0,29,4.868413118215708,4.975989580154419
50,single_feature_noise_0,30,4.871226420769324,4.935839891433716
50,single_feature_noise_0,31,4.86380045230572,4.993699073791504
50,single_feature_noise_0,32,4.865804525522085,4.963879823684692
50,single_feature_noise_0,33,4.859839806189904,5.001794338226318
50,single_feature_noise_0,34,4.859500371492826,4.987303018569946
50,single_feature_noise_0,35,4.847487376286433,4.997335433959961
50,single_feature_noise_0,36,4.851243826059195,5.000668525695801
50,single_feature_noise_0,37,4.848536968231201,5.014578580856323
50,single_feature_noise_0,38,4.846137083493746,4.964942693710327
50,single_feature_noise_0,39,4.848279769604023,5.017533540725708
50,single_feature_noise_0,40,4.845532820774959,5.0448386669158936
55,masked_npe,0,5.116718328916109,5.046371936798096
55,masked_npe,1,4.846014793102558,4.9466552734375
55,masked_npe,2,4.6801569645221415,4.721626043319702
55,masked_npe,3,4.491059083205003,4.505555152893066
55,masked_npe,4,4.299669045668382,4.34000825881958
55,masked_npe,5,4.196332601400522,4.32234001159668
55,masked_npe,6,4.181608786949744,4.276285171508789
55,masked_npe,7,4.132214656242957,4.279911279678345
55,masked_npe,8,4.1193432074326735,4.205261945724487
55,masked_npe,9,4.087412283970759,4.165882110595703
55,masked_npe,10,4.072579677288349,4.163788080215454
55,masked_npe,11,4.055442589979905,4.1165077686309814
55,masked_npe,12,4.066984616793119,4.137386322021484
55,masked_npe,13,4.047784548539382,4.050726652145386
55,masked_npe,14,3.995914550927969,4.0529749393463135
55,masked_npe,15,3.9455990607921896,4.049986124038696
55,masked_npe,16,3.9113025115086484,3.979902744293213
55,masked_npe,17,3.885510041163518,3.9762487411499023
55,masked_npe,18,3.839437356361976,3.9053521156311035
55,masked_npe,19,3.7923409938812256,3.9050114154815674
55,masked_npe,20,3.7870351718022275,3.8353267908096313
55,masked_npe,21,3.776664422108577,3.8337912559509277
55,masked_npe,22,3.760254089648907,3.8572603464126587
55,masked_npe,23,3.7421232003432054,3.8974603414535522
55,masked_npe,24,3.717562382037823,3.7941519021987915
55,masked_npe,25,3.7073000027583194,3.7867743968963623
55,masked_npe,26,3.643352380165687,3.725799083709717
55,masked_npe,27,3.6414956679710975,3.7830981016159058
55,masked_npe,28,3.6495336385873647,3.6846569776535034
55,masked_npe,29,3.617657111241267,3.7154829502105713
55,masked_npe,30,3.5846041165865383,3.7401012182235718
55,masked_npe,31,3.6206858341510477,3.677798271179199
55,masked_npe,32,3.58203334074754,3.6667290925979614
55,masked_npe,33,3.549869959171002,3.65352201461792
55,masked_npe,34,3.5413376001211314,3.6134661436080933
55,masked_npe,35,3.5455817992870626,3.69351863861084
55,masked_npe,36,3.4986873956827016,3.674555540084839
55,masked_npe,37,3.5261550683241625,3.649432897567749
55,masked_npe,38,3.501407274833092,3.637670397758484
55,masked_npe,39,3.505356898674598,3.630352258682251
55,masked_npe,40,3.533557488368108,3.6328532695770264
55,masked_npe,41,3.5233171719771166,3.6484678983688354
55,masked_npe,42,3.4935251749478855,3.646121621131897
55,masked_npe,43,3.527083085133479,3.6785640716552734
55,masked_npe,44,3.5174174308776855,3.57213294506073
55,masked_npe,45,3.5135460816896877,3.6390161514282227
55,masked_npe,46,3.497197517981896,3.5957157611846924
55,masked_npe,47,3.5198061282818136,3.617655396461487
55,masked_npe,48,3.5057582488426795,3.6126967668533325
55,masked_npe,49,3.4884766065157375,3.6416170597076416
55,masked_npe,50,3.527708438726572,3.5945162773132324
55,masked_npe,51,3.4683975990001974,3.5906498432159424
55,masked_npe,52,3.514233974310068,3.6084628105163574
55,masked_npe,53,3.4687037467956543,3.5743422508239746
55,masked_npe,54,3.4413236654721775,3.6107311248779297
55,masked_npe,55,3.4531338214874268,3.599745512008667
55,masked_npe,56,3.5110403574430027,3.6292048692703247
55,masked_npe,57,3.470211047392625,3.589141845703125
55,masked_npe,58,3.484423362291776,3.573107957839966
55,masked_npe,59,3.497190787242009,3.6338562965393066
55,masked_npe,60,3.4814085960388184,3.559572696685791
55,masked_npe,61,3.4689044768993673,3.5813426971435547
55,masked_npe,62,3.4102712044349084,3.649893641471863
55,masked_npe,63,3.434269428253174,3.5257174968719482
55,masked_npe,64,3.4366143299983096,3.6018136739730835
55,masked_npe,65,3.419873824486366,3.5852272510528564
55,masked_npe,66,3.4395690881288967,3.5858439207077026
55,masked_npe,67,3.4502481130453257,3.606022000312805
55,masked_npe,68,3.475762990804819,3.6106204986572266
55,masked_npe,69,3.468731091572688,3.5811997652053833
55,masked_npe,70,3.4524544935960035,3.579530358314514
55,masked_npe,71,3.453762256182157,3.6023247241973877
55,masked_npe,72,3.440270002071674,3.5893871784210205
55,masked_npe,73,3.415525949918307,3.576927661895752
55,masked_npe,74,3.424764504799476,3.611899971961975
55,masked_npe,75,3.44439251606281,3.619954466819763
55,masked_npe,76,3.4318167796501746,3.6304168701171875
55,masked_npe,77,3.4157210496755748,3.579242706298828
55,masked_npe,78,3.447151312461266,3.5479366779327393
55,masked_npe,79,3.468673797754141,3.5871042013168335
55,masked_npe,80,3.4152596913851223,3.6255511045455933
55,masked_npe,81,3.4344550646268406,3.5865057706832886
55,masked_npe,82,3.4073377022376428,3.57169246673584
55,masked_npe,83,3.440339546937209,3.5120596885681152
55,masked_npe,84,3.430644530516404,3.645525336265564
55,masked_npe,85,3.409813569142268,3.5551620721817017
55,masked_npe,86,3.434150970899142,3.634235382080078
55,masked_npe,87,3.409598570603591,3.558561086654663
55,masked_npe,88,3.4193855065565844,3.599319815635681
55,masked_npe,89,3.4484863464648905,3.5559717416763306
55,masked_npe,90,3.4600567450890174,3.5806175470352173
55,masked_npe,91,3.414525270462036,3.570086121559143
55,masked_npe,92,3.4378952980041504,3.557622194290161
55,masked_npe,93,3.4262726673713098,3.5478066205978394
55,masked_npe,94,3.4300878598139835,3.5918097496032715
55,masked_npe,95,3.393290262955886,3.5717148780822754
55,masked_npe,96,3.4171380446507382,3.574462413787842
55,masked_npe,97,3.4190990924835205,3.552190661430359
55,masked_npe,98,3.426429656835703,3.602118730545044
55,masked_npe,99,3.400164347428542,3.520426630973816
55,masked_npe,100,3.4345419223491964,3.588847279548645
55,masked_npe,101,3.4413687265836277,3.5792391300201416
55,masked_npe,102,3.4013955409710226,3.565286159515381
55,masked_npe,103,3.4173870453467736,3.6137253046035767
55,masked_npe,104,3.407520055770874,3.688639283180237
55,masked_npe,105,3.443172674912673,3.6023597717285156
55,masked_npe,106,3.4078157314887414,3.58471941947937
55,masked_npe,107,3.410048979979295,3.608954668045044
55,masked_npe,108,3.418278987591083,3.6303906440734863
55,single_feature_f1_strong_t1,0,5.114849200615516,5.05187726020813
55,single_feature_f1_strong_t1,1,4.849607981168306,4.961374282836914
55,single_feature_f1_strong_t1,2,4.787647357353797,4.966244220733643
55,single_feature_f1_strong_t1,3,4.7732833715585565,4.968168258666992
55,single_feature_f1_strong_t1,4,4.750086600963886,4.956509351730347
55,single_feature_f1_strong_t1,5,4.746732051555927,4.973369836807251
55,single_feature_f1_strong_t1,6,4.734537638150728,4.988617897033691
55,single_feature_f1_strong_t1,7,4.736244898576003,4.988511323928833
55,single_feature_f1_strong_t1,8,4.732931760641245,4.98091983795166
55,single_feature_f1_strong_t1,9,4.729702619405893,4.94243311882019
55,single_feature_f1_strong_t1,10,4.7254366141099196,4.947158575057983
55,single_feature_f1_strong_t1,11,4.730411933018611,4.958325147628784
55,single_feature_f1_strong_t1,12,4.720916014451247,4.998557806015015
55,single_feature_f1_strong_t1,13,4.720969016735371,4.9824371337890625
55,single_feature_f1_strong_t1,14,4.71444111603957,4.966335773468018
55,single_feature_f1_strong_t1,15,4.702766968653752,4.990185737609863
55,single_feature_f1_strong_t1,16,4.707790154677171,4.958916902542114
55,single_feature_f1_strong_t1,17,4.703693059774546,4.94377875328064
55,single_feature_f1_strong_t1,18,4.699875318087065,4.998950242996216
55,single_feature_f1_strong_t1,19,4.692100561582125,4.984845161437988
55,single_feature_f1_strong_t1,20,4.694612723130446,4.961067199707031
55,single_feature_f1_strong_t1,21,4.692891487708459,5.001774549484253
55,single_feature_f1_strong_t1,22,4.683952331542969,4.976344108581543
55,single_feature_f1_strong_t1,23,4.691031602712778,4.978825807571411
55,single_feature_f1_strong_t1,24,4.6843097393329325,4.990963459014893
55,single_feature_f1_strong_t1,25,4.677804396702693,5.017605781555176
55,single_feature_f1_strong_t1,26,4.678745013016921,5.020841360092163
55,single_feature_f1_strong_t1,27,4.683088486011211,5.00748610496521
55,single_feature_f1_strong_t1,28,4.676892060499925,5.034217834472656
55,single_feature_f1_strong_t1,29,4.671816128950852,5.0504090785980225
55,single_feature_f1_strong_t1,30,4.658465898953951,4.980833053588867
55,single_feature_f1_strong_t1,31,4.66711950302124,4.984991073608398
55,single_feature_f1_strong_t1,32,4.667992335099441,4.982522964477539
55,single_feature_f1_strong_t1,33,4.652532760913555,4.969643831253052
55,single_feature_f1_strong_t1,34,4.661124889667217,4.994736909866333
55,single_feature_f2_strong_t2,0,5.094244003295898,4.9802258014678955
55,single_feature_f2_strong_t2,1,4.701055086576021,4.6834094524383545
55,single_feature_f2_strong_t2,2,4.432299467233511,4.46251106262207
55,single_feature_f2_strong_t2,3,4.294503358694223,4.4149909019470215
55,single_feature_f2_strong_t2,4,4.218127874227671,4.3654375076293945
55,single_feature_f2_strong_t2,5,4.194124955397386,4.330007553100586
55,single_feature_f2_strong_t2,6,4.174329610971304,4.332579851150513
55,single_feature_f2_strong_t2,7,4.1640424361595745,4.351878881454468
55,single_feature_f2_strong_t2,8,4.157365322113037,4.313943147659302
55,single_feature_f2_strong_t2,9,4.149938510014461,4.310835123062134
55,single_feature_f2_strong_t2,10,4.138494931734526,4.319982290267944
55,single_feature_f2_strong_t2,11,4.147049537071815,4.315997362136841
55,single_feature_f2_strong_t2,12,4.140686842111441,4.336338758468628
55,single_feature_f2_strong_t2,13,4.128331441145677,4.303067684173584
55,single_feature_f2_strong_t2,14,4.126674028543325,4.30178165435791
55,single_feature_f2_strong_t2,15,4.1134784405048075,4.316678524017334
55,single_feature_f2_strong_t2,16,4.114730138045091,4.2960638999938965
55,single_feature_f2_strong_t2,17,4.110399668033306,4.2785844802856445
55,single_feature_f2_strong_t2,18,4.112548241248498,4.30118727684021
55,single_feature_f2_strong_t2,19,4.104672835423396,4.306227922439575
55,single_feature_f2_strong_t2,20,4.107362967271071,4.31953239440918
55,single_feature_f2_strong_t2,21,4.104409768031194,4.321850299835205
55,single_feature_f2_strong_t2,22,4.101302733788123,4.290050745010376
55,single_feature_f2_strong_t2,23,4.101414313683143,4.309675693511963
55,single_feature_f2_strong_t2,24,4.099718460669885,4.296943426132202
55,single_feature_f2_strong_t2,25,4.092320662278396,4.329232931137085
55,single_feature_f2_strong_t2,26,4.09715828528771,4.331441164016724
55,single_feature_f2_strong_t2,27,4.097419298612154,4.309489727020264
55,single_feature_f2_strong_t2,28,4.092884210439829,4.320842266082764
55,single_feature_f2_strong_t2,29,4.085073342690101,4.32408881187439
55,single_feature_f2_strong_t2,30,4.076534784757174,4.3165366649627686
55,single_feature_f2_strong_t2,31,4.082241571866549,4.292943954467773
55,single_feature_f2_strong_t2,32,4.078888893127441,4.281124830245972
55,single_feature_f2_strong_t2,33,4.0704803833594685,4.284705877304077
55,single_feature_f2_strong_t2,34,4.074516809903658,4.2735068798065186
55,single_feature_f2_strong_t2,35,4.062586087446946,4.330360651016235
55,single_feature_f2_strong_t2,36,4.067770554469182,4.3021559715271
55,single_feature_f2_strong_t2,37,4.061622014412513,4.348344802856445
55,single_feature_f2_strong_t2,38,4.063038459190955,4.308751106262207
55,single_feature_f2_strong_t2,39,4.05409992658175,4.3465986251831055
55,single_feature_f2_strong_t2,40,4.055904058309702,4.290842533111572
55,single_feature_f2_strong_t2,41,4.05902284842271,4.331378221511841
55,single_feature_f2_strong_t2,42,4.049134602913489,4.331937313079834
55,single_feature_f2_strong_t2,43,4.043756393285898,4.320166826248169
55,single_feature_f2_strong_t2,44,4.034250076000507,4.318161249160767
55,single_feature_f2_strong_t2,45,4.046888571519118,4.334198951721191
55,single_feature_f2_strong_t2,46,4.046303382286658,4.322004318237305
55,single_feature_f2_strong_t2,47,4.048396880810078,4.305664300918579
55,single_feature_f2_strong_t2,48,4.04423869573153,4.375479221343994
55,single_feature_f2_strong_t2,49,4.037750922716581,4.309207201004028
55,single_feature_f2_strong_t2,50,4.0364368328681355,4.297368049621582
55,single_feature_f2_strong_t2,51,4.037471221043513,4.338544845581055
55,single_feature_f2_strong_t2,52,4.024090455128596,4.3180670738220215
55,single_feature_f2_strong_t2,53,4.030337773836576,4.377267837524414
55,single_feature_f2_strong_t2,54,4.032606565035307,4.354930877685547
55,single_feature_f2_strong_t2,55,4.025423453404353,4.35195517539978
55,single_feature_f2_strong_t2,56,4.0261012224050665,4.348485231399536
55,single_feature_f2_strong_t2,57,4.022620549568763,4.35764741897583
55,single_feature_f2_strong_t2,58,4.01275739303002,4.363873720169067
55,single_feature_f2_strong_t2,59,4.028354222957905,4.336192846298218
55,single_feature_f3_dup_a,0,5.145791090451754,5.0337865352630615
55,single_feature_f3_dup_a,1,4.812458551847017,4.885708808898926
55,single_feature_f3_dup_a,2,4.710943845602182,4.870657444000244
55,single_feature_f3_dup_a,3,4.674757884098933,4.886397361755371
55,single_feature_f3_dup_a,4,4.647030757023738,4.849498748779297
55,single_feature_f3_dup_a,5,4.640276725475605,4.863132953643799
55,single_feature_f3_dup_a,6,4.626250267028809,4.869777202606201
55,single_feature_f3_dup_a,7,4.623201443598821,4.869729995727539
55,single_feature_f3_dup_a,8,4.622223450587346,4.863012790679932
55,single_feature_f3_dup_a,9,4.618296733269324,4.833981037139893
55,single_feature_f3_dup_a,10,4.611863466409536,4.856852054595947
55,single_feature_f3_dup_a,11,4.618332936213567,4.865962982177734
55,single_feature_f3_dup_a,12,4.60609953220074,4.86954927444458
55,single_feature_f3_dup_a,13,4.609235983628493,4.84340238571167
55,single_feature_f3_dup_a,14,4.5964340063241815,4.839311599731445
55,single_feature_f3_dup_a,15,4.590421199798584,4.859797954559326
55,single_feature_f3_dup_a,16,4.593386319967417,4.841054677963257
55,single_feature_f3_dup_a,17,4.5924344796400804,4.816699981689453
55,single_feature_f3_dup_a,18,4.589412249051607,4.851784706115723
55,single_feature_f3_dup_a,19,4.579769978156457,4.8537983894348145
55,single_feature_f3_dup_a,20,4.585342517265906,4.851350545883179
55,single_feature_f3_dup_a,21,4.580850491156945,4.857880592346191
55,single_feature_f3_dup_a,22,4.574747452369103,4.83066201210022
55,single_feature_f3_dup_a,23,4.575093526106614,4.857240438461304
55,single_feature_f3_dup_a,24,4.575313274676983,4.858851432800293
55,single_feature_f3_dup_a,25,4.56702393751878,4.860853672027588
55,single_feature_f3_dup_a,26,4.568198057321402,4.894932508468628
55,single_feature_f3_dup_a,27,4.565824508666992,4.869606018066406
55,single_feature_f3_dup_a,28,4.5677322607774,4.8712403774261475
55,single_feature_f3_dup_a,29,4.5591218654926005,4.888253211975098
55,single_feature_f3_dup_a,30,4.547967507289006,4.862354516983032
55,single_feature_f3_dup_a,31,4.554267773261437,4.842725515365601
55,single_feature_f3_dup_a,32,4.556277531843919,4.847132682800293
55,single_feature_f3_dup_a,33,4.547683092264029,4.847419023513794
55,single_feature_f3_dup_a,34,4.550421751462496,4.850646257400513
55,single_feature_f3_dup_a,35,4.53855980359591,4.867298364639282
55,single_feature_f3_dup_a,36,4.542415032019982,4.8836846351623535
55,single_feature_f3_dup_a,37,4.537895459395188,4.90189003944397
55,single_feature_f3_dup_a,38,4.54297109750601,4.8731725215911865
55,single_feature_f3_dup_a,39,4.535676332620474,4.915518283843994
55,single_feature_f3_dup_a,40,4.53469390135545,4.843264102935791
55,single_feature_f3_dup_a,41,4.5294791368337775,4.8771936893463135
55,single_feature_f3_dup_a,42,4.531086151416485,4.8829426765441895
55,single_feature_f4_dup_b,0,5.14816060433021,5.0411763191223145
55,single_feature_f4_dup_b,1,4.816336448375996,4.8949220180511475
55,single_feature_f4_dup_b,2,4.707390235020564,4.87048864364624
55,single_feature_f4_dup_b,3,4.674433561471792,4.883336067199707
55,single_feature_f4_dup_b,4,4.647479680868296,4.851926326751709
55,single_feature_f4_dup_b,5,4.641145816216102,4.862821578979492
55,single_feature_f4_dup_b,6,4.625692257514367,4.870449542999268
55,single_feature_f4_dup_b,7,4.622499209183913,4.867213487625122
55,single_feature_f4_dup_b,8,4.622934194711538,4.86775541305542
55,single_feature_f4_dup_b,9,4.614270283625676,4.831374406814575
55,single_feature_f4_dup_b,10,4.608891487121582,4.852668285369873
55,single_feature_f4_dup_b,11,4.6158779217646675,4.865283012390137
55,single_feature_f4_dup_b,12,4.603665571946364,4.868889093399048
55,single_feature_f4_dup_b,13,4.607811450958252,4.850230693817139
55,single_feature_f4_dup_b,14,4.595990547767053,4.841067790985107
55,single_feature_f4_dup_b,15,4.587700256934533,4.854156970977783
55,single_feature_f4_dup_b,16,4.590239708240215,4.8316686153411865
55,single_feature_f4_dup_b,17,4.589041453141433,4.819241523742676
55,single_feature_f4_dup_b,18,4.587330011221079,4.852533578872681
55,single_feature_f4_dup_b,19,4.577285399803748,4.84222412109375
55,single_feature_f4_dup_b,20,4.580831417670617,4.858799457550049
55,single_feature_f4_dup_b,21,4.57613728596614,4.858448028564453
55,single_feature_f4_dup_b,22,4.569957879873423,4.8188018798828125
55,single_feature_f4_dup_b,23,4.569618775294377,4.8530261516571045
55,single_feature_f4_dup_b,24,4.570776389195369,4.864903450012207
55,single_feature_f4_dup_b,25,4.564873071817251,4.859201431274414
55,single_feature_f4_dup_b,26,4.565090546241174,4.9009904861450195
55,single_feature_f4_dup_b,27,4.563556634462797,4.865159034729004
55,single_feature_f4_dup_b,28,4.566334064190205,4.8742194175720215
55,single_feature_f4_dup_b,29,4.5542724682734566,4.884880065917969
55,single_feature_f4_dup_b,30,4.543396362891564,4.85578989982605
55,single_feature_f4_dup_b,31,4.548738406254695,4.840893268585205
55,single_feature_f4_dup_b,32,4.551955296443059,4.837848663330078
55,single_feature_f4_dup_b,33,4.540821698995737,4.858599662780762
55,single_feature_f4_dup_b,34,4.5439946834857645,4.846915006637573
55,single_feature_f4_dup_b,35,4.535174333132231,4.860844135284424
55,single_feature_f4_dup_b,36,4.537085606501653,4.8824732303619385
55,single_feature_f4_dup_b,37,4.530359158149133,4.897812128067017
55,single_feature_f4_dup_b,38,4.5348561360285835,4.872757434844971
55,single_feature_f4_dup_b,39,4.527704935807448,4.9287779331207275
55,single_feature_f4_dup_b,40,4.526223512796255,4.848740339279175
55,single_feature_f4_dup_b,41,4.523231286268968,4.886871099472046
55,single_feature_f4_dup_b,42,4.525082588195801,4.888604402542114
55,single_feature_f4_dup_b,43,4.514866095322829,4.862521171569824
55,single_feature_f4_dup_b,44,4.505769619574914,4.903656005859375
55,single_feature_f4_dup_b,45,4.518752941718469,4.876888751983643
55,single_feature_f4_dup_b,46,4.515924783853384,4.893667936325073
55,single_feature_f4_dup_b,47,4.518087130326491,4.881540536880493
55,single_feature_f5_null,0,5.18868769132174,5.161908149719238
55,single_feature_f5_null,1,4.983403646028959,5.112715244293213
55,single_feature_f5_null,2,4.9456760333134575,5.111841440200806
55,single_feature_f5_null,3,4.936394361349253,5.137946605682373
55,single_feature_f5_null,4,4.91660844362699,5.123725414276123
55,single_feature_f5_null,5,4.91638627419105,5.126063108444214
55,single_feature_f5_null,6,4.907664519089919,5.143880844116211
55,single_feature_f5_null,7,4.909313128544734,5.146767854690552
55,single_feature_f5_null,8,4.908517067249004,5.134324550628662
55,single_feature_f5_null,9,4.904871500455416,5.11211371421814
55,single_feature_f5_null,10,4.900267344254714,5.1172051429748535
55,single_feature_f5_null,11,4.907090590550349,5.131371736526489
55,single_feature_f5_null,12,4.896772054525522,5.152473449707031
55,single_feature_f5_null,13,4.896502274733323,5.1384665966033936
55,single_feature_f5_null,14,4.892897936014029,5.11587381362915
55,single_feature_f5_null,15,4.882634786459116,5.137611150741577
55,single_feature_f5_null,16,4.885692706474891,5.106171369552612
55,single_feature_f5_null,17,4.880630970001221,5.116663455963135
55,single_feature_f5_null,18,4.879435832683857,5.1448585987091064
55,single_feature_f5_null,19,4.872294132526104,5.1378021240234375
55,single_feature_f5_null,20,4.878000846275916,5.1387128829956055
55,single_feature_f5_null,21,4.870200010446402,5.16425895690918
55,single_feature_f5_null,22,4.8646512765150804,5.118265628814697
55,single_feature_f5_null,23,4.868653774261475,5.1449666023254395
55,single_feature_f5_null,24,4.867186106168306,5.146770000457764
55,single_feature_f5_null,25,4.855670048640325,5.155963897705078
55,single_feature_f5_null,26,4.857949550335224,5.177459716796875
55,single_feature_f5_null,27,4.858371514540452,5.154701471328735
55,single_feature_f5_null,28,4.858822345733643,5.175783634185791
55,single_feature_f5_null,29,4.847876071929932,5.17338228225708
55,single_feature_f5_null,30,4.837396988501916,5.150278091430664
55,single_feature_f5_null,31,4.845035112821138,5.134114742279053
55,single_feature_f5_null,32,4.8425577603853664,5.12589430809021
55,single_feature_f5_null,33,4.833710670471191,5.116354942321777
55,single_feature_f5_null,34,4.837881014897273,5.124513387680054
55,single_feature_f5_null,35,4.828478593092698,5.168510437011719
55,single_feature_f5_null,36,4.830015659332275,5.162396192550659
55,single_feature_f5_null,37,4.824550225184514,5.1809728145599365
55,single_feature_f5_null,38,4.82595575772799,5.148907423019409
55,single_feature_f5_null,39,4.8183339192317085,5.206147909164429
55,single_feature_f5_null,40,4.816512144528902,5.128391981124878
55,single_feature_f5_null,41,4.818392936999981,5.167784929275513
55,single_feature_f6_suppressor,0,5.186018540309026,5.168701410293579
55,single_feature_f6_suppressor,1,4.982199485485371,5.125252962112427
55,single_feature_f6_suppressor,2,4.945297644688533,5.126584053039551
55,single_feature_f6_suppressor,3,4.9357487971966085,5.1507673263549805
55,single_feature_f6_suppressor,4,4.918105712303748,5.135645151138306
55,single_feature_f6_suppressor,5,4.918653928316557,5.138384103775024
55,single_feature_f6_suppressor,6,4.9074374712430515,5.151698112487793
55,single_feature_f6_suppressor,7,4.909655827742356,5.152395725250244
55,single_feature_f6_suppressor,8,4.908339683826153,5.143514394760132
55,single_feature_f6_suppressor,9,4.905665947840764,5.116754055023193
55,single_feature_f6_suppressor,10,4.901225970341609,5.122121572494507
55,single_feature_f6_suppressor,11,4.907912401052622,5.135258913040161
55,single_feature_f6_suppressor,12,4.897547134986291,5.162348747253418
55,single_feature_f6_suppressor,13,4.896648590381329,5.1410231590271
55,single_feature_f6_suppressor,14,4.892399934621958,5.127371311187744
55,single_feature_f6_suppressor,15,4.881885565244234,5.1481523513793945
55,single_feature_f6_suppressor,16,4.8852649468642015,5.112484931945801
55,single_feature_f6_suppressor,17,4.883222910074087,5.120014667510986
55,single_feature_f6_suppressor,18,4.880230940305269,5.157612085342407
55,single_feature_f6_suppressor,19,4.872034916510949,5.14306902885437
55,single_feature_f6_suppressor,20,4.878970623016357,5.147041320800781
55,single_feature_f6_suppressor,21,4.872459521660438,5.166966915130615
55,single_feature_f6_suppressor,22,4.863703581003042,5.132936477661133
55,single_feature_f6_suppressor,23,4.870255873753474,5.154841899871826
55,single_feature_f6_suppressor,24,4.867928101466252,5.158912420272827
55,single_feature_f6_suppressor,25,4.858041836665227,5.174779653549194
55,single_feature_f6_suppressor,26,4.858800741342398,5.1918065547943115
55,single_feature_f6_suppressor,27,4.863179133488582,5.175269603729248
55,single_feature_f6_suppressor,28,4.860598820906419,5.185072660446167
55,single_feature_f6_suppressor,29,4.85131601186899,5.207802772521973
55,single_feature_f6_suppressor,30,4.843493241530198,5.156119346618652
55,single_feature_f6_suppressor,31,4.849052429199219,5.1546313762664795
55,single_feature_f6_suppressor,32,4.849351259378286,5.137681245803833
55,single_feature_f6_suppressor,33,4.836734331571138,5.127327919006348
55,single_feature_f6_suppressor,34,4.844721867487981,5.150433301925659
55,single_feature_f6_suppressor,35,4.836283463698167,5.181346893310547
55,single_feature_f6_suppressor,36,4.8367121036236105,5.182328701019287
55,single_feature_f6_suppressor,37,4.829206173236553,5.199125289916992
55,single_feature_f6_suppressor,38,4.83118435052725,5.162532806396484
55,single_feature_f6_suppressor,39,4.824953812819261,5.217038154602051
55,single_feature_f6_suppressor,40,4.82365817290086,5.149583578109741
55,single_feature_f6_suppressor,41,4.826293248396653,5.170540809631348
55,single_feature_f7_weak,0,5.157610856569731,5.098329067230225
55,single_feature_f7_weak,1,4.892900870396541,5.009828329086304
55,single_feature_f7_weak,2,4.826583715585562,4.98841404914856
55,single_feature_f7_weak,3,4.805260364825909,4.994909286499023
55,single_feature_f7_weak,4,4.778009708111103,4.993440628051758
55,single_feature_f7_weak,5,4.775911697974572,4.97613000869751
55,single_feature_f7_weak,6,4.765135104839619,4.997674465179443
55,single_feature_f7_weak,7,4.762627564943754,5.005540370941162
55,single_feature_f7_weak,8,4.762768965501052,4.992873430252075
55,single_feature_f7_weak,9,4.758884613330547,4.967945098876953
55,single_feature_f7_weak,10,4.75414804311899,4.96071195602417
55,single_feature_f7_weak,11,4.759877314934363,5.00247049331665
55,single_feature_f7_weak,12,4.751567106980544,5.007821559906006
55,single_feature_f7_weak,13,4.748839598435622,4.998043537139893
55,single_feature_f7_weak,14,4.744035794184758,4.982079982757568
55,single_feature_f7_weak,15,4.737887896024263,5.009713888168335
55,single_feature_f7_weak,16,4.740318335019625,4.966033458709717
55,single_feature_f7_weak,17,4.734702257009653,4.959114074707031
55,single_feature_f7_weak,18,4.731327056884766,4.996789455413818
55,single_feature_f7_weak,19,4.722244776212252,4.9784300327301025
55,single_feature_f7_weak,20,4.729273135845478,5.000526428222656
55,single_feature_f7_weak,21,4.723506413973295,5.022806406021118
55,single_feature_f7_weak,22,4.715125450721154,4.979350328445435
55,single_feature_f7_weak,23,4.722314541156475,4.999306678771973
55,single_feature_f7_weak,24,4.7178078431349535,5.009730100631714
55,single_feature_f7_weak,25,4.708470234504113,5.003349781036377
55,single_feature_f7_weak,26,4.706515752352201,5.049349546432495
55,single_feature_f7_weak,27,4.709484723898081,4.9972124099731445
55,single_feature_f7_weak,28,4.711419692406287,5.043597459793091
55,single_feature_f7_weak,29,4.7028972919170675,5.045587778091431
55,single_feature_f7_weak,30,4.690118973071758,5.000894546508789
55,single_feature_f7_weak,31,4.697948382450984,4.990009307861328
55,single_feature_f7_weak,32,4.695065314953144,4.992003440856934
55,single_feature_f7_weak,33,4.68535276559683,4.968900203704834
55,single_feature_f7_weak,34,4.6933991725628195,4.990137577056885
55,single_feature_f7_weak,35,4.679167344019963,5.02747106552124
55,single_feature_f7_weak,36,4.681205639472375,5.014147758483887
55,single_feature_f7_weak,37,4.6768783055819,5.054947376251221
55,single_feature_f7_weak,38,4.682429203620324,5.016331195831299
55,single_feature_f7_weak,39,4.6776299109825725,5.080738067626953
55,single_feature_f7_weak,40,4.673036538637602,5.00266170501709
55,single_feature_f7_weak,41,4.677885752457839,5.023736000061035
55,single_feature_f7_weak,42,4.667919855851394,5.0328474044799805
55,single_feature_f8_bigcoef,0,5.141217415149395,5.0515971183776855
55,single_feature_f8_bigcoef,1,4.815391650566688,4.873908758163452
55,single_feature_f8_bigcoef,2,4.693501985990084,4.789022922515869
55,single_feature_f8_bigcoef,3,4.649631793682392,4.799685716629028
55,single_feature_f8_bigcoef,4,4.61316284766564,4.794967174530029
55,single_feature_f8_bigcoef,5,4.607755624330961,4.756096124649048
55,single_feature_f8_bigcoef,6,4.591535274799053,4.790807247161865
55,single_feature_f8_bigcoef,7,4.592188725104699,4.785488605499268
55,single_feature_f8_bigcoef,8,4.585931374476506,4.769384384155273
55,single_feature_f8_bigcoef,9,4.580932177030123,4.749448776245117
55,single_feature_f8_bigcoef,10,4.576807535611666,4.7460737228393555
55,single_feature_f8_bigcoef,11,4.581611266502967,4.769368410110474
55,single_feature_f8_bigcoef,12,4.571523079505334,4.804808616638184
55,single_feature_f8_bigcoef,13,4.569499932802641,4.770971059799194
55,single_feature_f8_bigcoef,14,4.567282309898963,4.75343132019043
55,single_feature_f8_bigcoef,15,4.5525012749892015,4.786925792694092
55,single_feature_f8_bigcoef,16,4.558467828310453,4.757107257843018
55,single_feature_f8_bigcoef,17,4.558292975792518,4.740684270858765
55,single_feature_f8_bigcoef,18,4.552009142362154,4.782214879989624
55,single_feature_f8_bigcoef,19,4.541449620173528,4.767301797866821
55,single_feature_f8_bigcoef,20,4.551638163053072,4.787781000137329
55,single_feature_f8_bigcoef,21,4.548552953279936,4.7966837882995605
55,single_feature_f8_bigcoef,22,4.535507385547344,4.76774787902832
55,single_feature_f8_bigcoef,23,4.538514870863694,4.7751359939575195
55,single_feature_f8_bigcoef,24,4.535747051239014,4.807674169540405
55,single_feature_f8_bigcoef,25,4.532156687516433,4.7884626388549805
55,single_feature_f8_bigcoef,26,4.5291014451247,4.805657863616943
55,single_feature_f8_bigcoef,27,4.528792417966402,4.791172027587891
55,single_feature_f8_bigcoef,28,4.536786152766301,4.800716876983643
55,single_feature_f8_bigcoef,29,4.526254837329571,4.826505661010742
55,single_feature_f8_bigcoef,30,4.511993554922251,4.790858030319214
55,single_feature_f8_bigcoef,31,4.521227689889761,4.775409698486328
55,single_feature_f8_bigcoef,32,4.520935462071345,4.775331735610962
55,single_feature_f8_bigcoef,33,4.508423805236816,4.746261119842529
55,single_feature_f8_bigcoef,34,4.515574308542105,4.775259733200073
55,single_feature_f8_bigcoef,35,4.504978033212515,4.799884796142578
55,single_feature_f8_bigcoef,36,4.508835609142597,4.788412809371948
55,single_feature_f8_bigcoef,37,4.503179256732647,4.831130743026733
55,single_feature_f8_bigcoef,38,4.507116721226619,4.777655124664307
55,single_feature_f8_bigcoef,39,4.500170450944167,4.846479654312134
55,single_feature_f8_bigcoef,40,4.501190662384033,4.755171060562134
55,single_feature_f8_bigcoef,41,4.508583472325252,4.816997528076172
55,single_feature_f8_bigcoef,42,4.494346545292781,4.802929401397705
55,single_feature_noise_0,0,5.182382253500132,5.159435510635376
55,single_feature_noise_0,1,4.978793987861047,5.1115500926971436
55,single_feature_noise_0,2,4.943151253920335,5.123221158981323
55,single_feature_noise_0,3,4.934005443866436,5.145025730133057
55,single_feature_noise_0,4,4.915916112753061,5.127443313598633
55,single_feature_noise_0,5,4.91513520020705,5.1279191970825195
55,single_feature_noise_0,6,4.904693970313439,5.141324758529663
55,single_feature_noise_0,7,4.9066697634183445,5.150392770767212
55,single_feature_noise_0,8,4.905575752258301,5.133062839508057
55,single_feature_noise_0,9,4.901114023648775,5.105973482131958
55,single_feature_noise_0,10,4.896126893850473,5.109288215637207
55,single_feature_noise_0,11,4.902750785534199,5.130763292312622
55,single_feature_noise_0,12,4.893385850466215,5.147452116012573
55,single_feature_noise_0,13,4.892324374272273,5.134228229522705
55,single_feature_noise_0,14,4.886075423314021,5.118160724639893
55,single_feature_noise_0,15,4.8756663249089165,5.136622905731201
55,single_feature_noise_0,16,4.8793577414292555,5.104923963546753
55,single_feature_noise_0,17,4.875463779156025,5.110808610916138
55,single_feature_noise_0,18,4.87486692575308,5.143141269683838
55,single_feature_noise_0,19,4.865249413710374,5.13049054145813
55,single_feature_noise_0,20,4.872131274296687,5.132471323013306
55,single_feature_noise_0,21,4.86552095413208,5.152684211730957
55,single_feature_noise_0,22,4.859340887803298,5.1184539794921875
55,single_feature_noise_0,23,4.864057247455303,5.14569091796875
55,single_feature_noise_0,24,4.859531255868765,5.139097213745117
55,single_feature_noise_0,25,4.851676060603215,5.149833679199219
55,single_feature_noise_0,26,4.851295801309439,5.1725568771362305
55,single_feature_noise_0,27,4.854626362140362,5.155116319656372
55,single_feature_noise_0,28,4.856255971468412,5.177947282791138
55,single_feature_noise_0,29,4.844051727881799,5.18116307258606
55,single_feature_noise_0,30,4.835638706500713,5.139513969421387
55,single_feature_noise_0,31,4.840269272144024,5.135519981384277
55,single_feature_noise_0,32,4.84011173248291,5.13937520980835
55,single_feature_noise_0,33,4.827676222874568,5.111433506011963
55,single_feature_noise_0,34,4.832961375896748,5.133309602737427
55,single_feature_noise_0,35,4.823541311117319,5.179184913635254
55,single_feature_noise_0,36,4.827082010415884,5.180903196334839
55,single_feature_noise_0,37,4.818291700803316,5.193896770477295
55,single_feature_noise_0,38,4.822865045987642,5.153940916061401
55,single_feature_noise_0,39,4.814804003788875,5.219463109970093
55,single_feature_noise_0,40,4.812544492574839,5.146548509597778
55,single_feature_noise_0,41,4.814370998969445,5.17365837097168
99,masked_npe,0,5.193116334768442,5.029628753662109
99,masked_npe,1,4.901599957392766,4.826064586639404
99,masked_npe,2,4.73105867092426,4.7162559032440186
99,masked_npe,3,4.539169238163875,4.509991645812988
99,masked_npe,4,4.351455028240498,4.347148895263672
99,masked_npe,5,4.2723912092355585,4.347514629364014
99,masked_npe,6,4.188458534387442,4.276488542556763
99,masked_npe,7,4.171720101283147,4.2135326862335205
99,masked_npe,8,4.154052807734563,4.245984315872192
99,masked_npe,9,4.137952217688928,4.260574817657471
99,masked_npe,10,4.129525954906757,4.222539186477661
99,masked_npe,11,4.091076997610239,4.242990732192993
99,masked_npe,12,4.0869628466092625,4.208294630050659
99,masked_npe,13,4.0688593204204855,4.152658462524414
99,masked_npe,14,4.044785004395705,4.109985589981079
99,masked_npe,15,3.97919669518104,4.147053003311157
99,masked_npe,16,3.9725362887749305,4.037917613983154
99,masked_npe,17,3.948295079744779,4.048293948173523
99,masked_npe,18,3.9028854186718283,3.9964905977249146
99,masked_npe,19,3.8974462105677676,4.00447690486908
99,masked_npe,20,3.8178615203270545,3.918229103088379
99,masked_npe,21,3.7756184614621677,4.007077932357788
99,masked_npe,22,3.8041396874647875,3.8624573945999146
99,masked_npe,23,3.7604548931121826,3.8389171361923218
99,masked_npe,24,3.7624179216531606,3.9040558338165283
99,masked_npe,25,3.7102489471435547,3.794940233230591
99,masked_npe,26,3.6785443195929894,3.855458378791809
99,masked_npe,27,3.688912501701942,3.9003149271011353
99,masked_npe,28,3.6807055106529822,3.826358437538147
99,masked_npe,29,3.652772206526536,3.832403302192688
99,masked_npe,30,3.641399493584266,3.7776321172714233
99,masked_npe,31,3.6072355050307054,3.756899118423462
99,masked_npe,32,3.5899919913365292,3.7645591497421265
99,masked_npe,33,3.60283873631404,3.7238216400146484
99,masked_npe,34,3.599713600598849,3.740066885948181
99,masked_npe,35,3.5917869347792406,3.7022751569747925
99,masked_npe,36,3.581678793980525,3.759983777999878
99,masked_npe,37,3.5855316932384786,3.73772394657135
99,masked_npe,38,3.5871712611271787,3.7844828367233276
99,masked_npe,39,3.6013813385596642,3.7285215854644775
99,masked_npe,40,3.6191847691169152,3.7480781078338623
99,masked_npe,41,3.5710942378410926,3.755601167678833
99,masked_npe,42,3.557202614270724,3.695986270904541
99,masked_npe,43,3.560167202582726,3.702276587486267
99,masked_npe,44,3.516305758402898,3.7414355278015137
99,masked_npe,45,3.557002746141874,3.695163130760193
99,masked_npe,46,3.5268851060133715,3.666557550430298
99,masked_npe,47,3.5246214316441464,3.714536190032959
99,masked_npe,48,3.5342725607065053,3.662603735923767
99,masked_npe,49,3.5108748032496524,3.6603355407714844
99,masked_npe,50,3.5308749675750732,3.6706454753875732
99,masked_npe,51,3.5204211381765513,3.632040023803711
99,masked_npe,52,3.547492118982168,3.7210103273391724
99,masked_npe,53,3.500591388115516,3.7383339405059814
99,masked_npe,54,3.5100257213299093,3.695198655128479
99,masked_npe,55,3.533466155712421,3.71467387676239
99,masked_npe,56,3.4996842604417067,3.684918165206909
99,masked_npe,57,3.490773549446693,3.670717716217041
99,masked_npe,58,3.4939178503476658,3.6625404357910156
99,masked_npe,59,3.5236518749823937,3.614158034324646
99,masked_npe,60,3.5294028428884654,3.680684804916382
99,masked_npe,61,3.4798820385566125,3.6380529403686523
99,masked_npe,62,3.500015350488516,3.660422921180725
99,masked_npe,63,3.4827346985156717,3.654650926589966
99,masked_npe,64,3.474750096981342,3.682766556739807
99,masked_npe,65,3.493885333721454,3.6077109575271606
99,masked_npe,66,3.4836443937741794,3.6639325618743896
99,masked_npe,67,3.4844947228064904,3.65230655670166
99,masked_npe,68,3.4852712887984056,3.718787670135498
99,masked_npe,69,3.506191400381235,3.648529052734375
99,masked_npe,70,3.4954022077413707,3.684438943862915
99,masked_npe,71,3.4769653540391188,3.6970484256744385
99,masked_npe,72,3.509492250589224,3.668647885322571
99,masked_npe,73,3.4850569504957933,3.6718902587890625
99,masked_npe,74,3.4889027705559363,3.6579337120056152
99,masked_npe,75,3.4501846937032847,3.621243715286255
99,masked_npe,76,3.46696505179772,3.604897618293762
99,masked_npe,77,3.4752864287449765,3.645718574523926
99,masked_npe,78,3.4636849623460035,3.6336945295333862
99,masked_npe,79,3.4791307632739725,3.6291465759277344
99,masked_npe,80,3.5068857486431417,3.641950845718384
99,masked_npe,81,3.4295726922842174,3.6789848804473877
99,masked_npe,82,3.4841232299804688,3.6289013624191284
99,masked_npe,83,3.487010332254263,3.6436350345611572
99,masked_npe,84,3.4506773398472714,3.651378035545349
99,masked_npe,85,3.4599050191732554,3.6394301652908325
99,masked_npe,86,3.4460449402148905,3.6688084602355957
99,masked_npe,87,3.473299558346088,3.704793691635132
99,masked_npe,88,3.4785314339857836,3.6255186796188354
99,masked_npe,89,3.449469511325543,3.6075026988983154
99,masked_npe,90,3.4508118079258847,3.6502314805984497
99,masked_npe,91,3.478314161300659,3.6270781755447388
99,masked_npe,92,3.430391843502338,3.611091732978821
99,masked_npe,93,3.468086132636437,3.6436928510665894
99,masked_npe,94,3.436756134033203,3.6261165142059326
99,masked_npe,95,3.461117854485145,3.6532673835754395
99,masked_npe,96,3.408349770766038,3.6442490816116333
99,masked_npe,97,3.432164430618286,3.6378090381622314
99,masked_npe,98,3.478829787327693,3.642897844314575
99,masked_npe,99,3.447927529995258,3.665268659591675
99,masked_npe,100,3.4696249778454122,3.654644727706909
99,masked_npe,101,3.470588262264545,3.640082359313965
99,single_feature_f1_strong_t1,0,5.152311655191275,4.963682413101196
99,single_feature_f1_strong_t1,1,4.900421912853535,4.855785131454468
99,single_feature_f1_strong_t1,2,4.842083050654485,4.844078063964844
99,single_feature_f1_strong_t1,3,4.817608283116267,4.774152517318726
99,single_feature_f1_strong_t1,4,4.806457666250376,4.854155778884888
99,single_feature_f1_strong_t1,5,4.7950173524709845,4.858689546585083
99,single_feature_f1_strong_t1,6,4.785483176891621,4.7945356369018555
99,single_feature_f1_strong_t1,7,4.785153132218581,4.81403112411499
99,single_feature_f1_strong_t1,8,4.780338287353516,4.823262929916382
99,single_feature_f1_strong_t1,9,4.777439997746394,4.85112190246582
99,single_feature_f1_strong_t1,10,4.7733773084787225,4.831026792526245
99,single_feature_f1_strong_t1,11,4.7739907044630785,4.829617977142334
99,single_feature_f1_strong_t1,12,4.770032552572397,4.802211761474609
99,single_feature_f1_strong_t1,13,4.76240689937885,4.819406509399414
99,single_feature_f1_strong_t1,14,4.7631234389085035,4.854294300079346
99,single_feature_f1_strong_t1,15,4.758560474102314,4.837528705596924
99,single_feature_f1_strong_t1,16,4.760176328512339,4.834817409515381
99,single_feature_f1_strong_t1,17,4.748540951655461,4.878214359283447
99,single_feature_f1_strong_t1,18,4.748541868649996,4.844935178756714
99,single_feature_f1_strong_t1,19,4.741615808927095,4.870904207229614
99,single_feature_f1_strong_t1,20,4.745901144467867,4.845050811767578
99,single_feature_f1_strong_t1,21,4.740029628460224,4.853466510772705
99,single_feature_f1_strong_t1,22,4.737428188323975,4.845825910568237
99,single_feature_f1_strong_t1,23,4.732051042410044,4.84905219078064
99,single_feature_f1_strong_t1,24,4.734911038325383,4.872707843780518
99,single_feature_f1_strong_t1,25,4.729661721449632,4.875576496124268
99,single_feature_f1_strong_t1,26,4.724962197817289,4.8590521812438965
99,single_feature_f1_strong_t1,27,4.722622651320237,4.884373903274536
99,single_feature_f1_strong_t1,28,4.721935052138108,4.879870414733887
99,single_feature_f2_strong_t2,0,5.130045010493352,4.895349025726318
99,single_feature_f2_strong_t2,1,4.721893347226656,4.59288477897644
99,single_feature_f2_strong_t2,2,4.479089296781099,4.419744491577148
99,single_feature_f2_strong_t2,3,4.349006909590501,4.318609714508057
99,single_feature_f2_strong_t2,4,4.294851266420805,4.344172716140747
99,single_feature_f2_strong_t2,5,4.263040799361009,4.311590909957886
99,single_feature_f2_strong_t2,6,4.242952640240009,4.271132946014404
99,single_feature_f2_strong_t2,7,4.237038612365723,4.2393951416015625
99,single_feature_f2_strong_t2,8,4.2255042149470405,4.262873649597168
99,single_feature_f2_strong_t2,9,4.2171080662654,4.303161859512329
99,single_feature_f2_strong_t2,10,4.21125969519982,4.264043807983398
99,single_feature_f2_strong_t2,11,4.207333381359394,4.278532981872559
99,single_feature_f2_strong_t2,12,4.1978122637822075,4.227795124053955
99,single_feature_f2_strong_t2,13,4.198212403517503,4.250938415527344
99,single_feature_f2_strong_t2,14,4.194979741023137,4.279038190841675
99,single_feature_f2_strong_t2,15,4.185023894676795,4.266157388687134
99,single_feature_f2_strong_t2,16,4.182921079488901,4.236703634262085
99,single_feature_f2_strong_t2,17,4.179004889268142,4.2857184410095215
99,single_feature_f2_strong_t2,18,4.173367940462553,4.286575794219971
99,single_feature_f2_strong_t2,19,4.167145252227783,4.32561731338501
99,single_feature_f2_strong_t2,20,4.167214723733755,4.26979923248291
99,single_feature_f2_strong_t2,21,4.166155705085168,4.275222301483154
99,single_feature_f2_strong_t2,22,4.170448009784405,4.274395942687988
99,single_feature_f2_strong_t2,23,4.156014625842754,4.269294261932373
99,single_feature_f2_strong_t2,24,4.164399917309101,4.25786280632019
99,single_feature_f2_strong_t2,25,4.156952949670645,4.306693077087402
99,single_feature_f2_strong_t2,26,4.153987114246075,4.294713973999023
99,single_feature_f2_strong_t2,27,4.146609012897198,4.27047872543335
99,single_feature_f2_strong_t2,28,4.147144904503455,4.2989583015441895
99,single_feature_f2_strong_t2,29,4.13753604888916,4.291636228561401
99,single_feature_f2_strong_t2,30,4.140071575458233,4.313928127288818
99,single_feature_f2_strong_t2,31,4.1365215961749735,4.289180040359497
99,single_feature_f2_strong_t2,32,4.1382805567521315,4.284287929534912
99,single_feature_f2_strong_t2,33,4.129548072814941,4.318892002105713
99,single_feature_f2_strong_t2,34,4.1379804978003865,4.295413017272949
99,single_feature_f2_strong_t2,35,4.13117973621075,4.298694133758545
99,single_feature_f2_strong_t2,36,4.133294398968037,4.325307607650757
99,single_feature_f2_strong_t2,37,4.130839091080886,4.2927467823028564
99,single_feature_f3_dup_a,0,5.103572955498328,4.912049770355225
99,single_feature_f3_dup_a,1,4.794596341940073,4.773904085159302
99,single_feature_f3_dup_a,2,4.7077531814575195,4.723367691040039
99,single_feature_f3_dup_a,3,4.672823025630071,4.665353775024414
99,single_feature_f3_dup_a,4,4.654251171992375,4.737268447875977
99,single_feature_f3_dup_a,5,4.646204141470102,4.720870018005371
99,single_feature_f3_dup_a,6,4.634747468508207,4.682326316833496
99,single_feature_f3_dup_a,7,4.636326239659236,4.687148571014404
99,single_feature_f3_dup_a,8,4.6268122379596415,4.69128155708313
99,single_feature_f3_dup_a,9,4.62308747951801,4.733547210693359
99,single_feature_f3_dup_a,10,4.620993577516996,4.705572605133057
99,single_feature_f3_dup_a,11,4.619997097895696,4.709919452667236
99,single_feature_f3_dup_a,12,4.616084795731765,4.683415174484253
99,single_feature_f3_dup_a,13,4.611954358907846,4.722948312759399
99,single_feature_f3_dup_a,14,4.608722723447359,4.722421646118164
99,single_feature_f3_dup_a,15,4.604636339040903,4.730654239654541
99,single_feature_f3_dup_a,16,4.603549223679763,4.700759649276733
99,single_feature_f3_dup_a,17,4.596748278691218,4.760891914367676
99,single_feature_f3_dup_a,18,4.594360498281626,4.731114864349365
99,single_feature_f3_dup_a,19,4.590850316561186,4.765014410018921
99,single_feature_f3_dup_a,20,4.59011749120859,4.734336614608765
99,single_feature_f3_dup_a,21,4.588972348433274,4.738784313201904
99,single_feature_f3_dup_a,22,4.589864840874305,4.736408233642578
99,single_feature_f3_dup_a,23,4.579296258779673,4.758770942687988
99,single_feature_f3_dup_a,24,4.580887757814848,4.731794595718384
99,single_feature_f3_dup_a,25,4.574047602139986,4.783982276916504
99,single_feature_f3_dup_a,26,4.568177186525785,4.7586939334869385
99,single_feature_f3_dup_a,27,4.563567418318528,4.7583301067352295
99,single_feature_f3_dup_a,28,4.566979298224816,4.746515512466431
99,single_feature_f4_dup_b,0,5.102783313164344,4.912225246429443
99,single_feature_f4_dup_b,1,4.79601159462562,4.7732133865356445
99,single_feature_f4_dup_b,2,4.707676667433518,4.715383529663086
99,single_feature_f4_dup_b,3,4.6724251967210035,4.661419868469238
99,single_feature_f4_dup_b,4,4.653197508591872,4.73771333694458
99,single_feature_f4_dup_b,5,4.643414570735051,4.717136859893799
99,single_feature_f4_dup_b,6,4.631984160496638,4.685586929321289
99,single_feature_f4_dup_b,7,4.632373516376202,4.6849751472473145
99,single_feature_f4_dup_b,8,4.622681287618784,4.694849491119385
99,single_feature_f4_dup_b,9,4.620848178863525,4.724342346191406
99,single_feature_f4_dup_b,10,4.615395362560566,4.6939918994903564
99,single_feature_f4_dup_b,11,4.615753724024846,4.7067296504974365
99,single_feature_f4_dup_b,12,4.610206273885874,4.68849515914917
99,single_feature_f4_dup_b,13,4.605412226456862,4.722074270248413
99,single_feature_f4_dup_b,14,4.604997928325947,4.723825931549072
99,single_feature_f4_dup_b,15,4.599121167109563,4.7202980518341064
99,single_feature_f4_dup_b,16,4.599105064685528,4.693605899810791
99,single_feature_f4_dup_b,17,4.591291794410119,4.765026569366455
99,single_feature_f4_dup_b,18,4.589153106396015,4.733823299407959
99,single_feature_f4_dup_b,19,4.583722518040584,4.770288944244385
99,single_feature_f4_dup_b,20,4.5841893416184645,4.731426954269409
99,single_feature_f4_dup_b,21,4.5843586554894085,4.739227294921875
99,single_feature_f4_dup_b,22,4.581570882063645,4.740121603012085
99,single_feature_f4_dup_b,23,4.5742992621201735,4.752960443496704
99,single_feature_f4_dup_b,24,4.577667126288781,4.736252784729004
99,single_feature_f4_dup_b,25,4.570561959193303,4.785762786865234
99,single_feature_f4_dup_b,26,4.5664406923147345,4.758783578872681
99,single_feature_f4_dup_b,27,4.557797358586238,4.769664764404297
99,single_feature_f4_dup_b,28,4.562106572664701,4.744869232177734
99,single_feature_f5_null,0,5.218056898850661,5.079975605010986
99,single_feature_f5_null,1,5.028520694145789,5.015749931335449
99,single_feature_f5_null,2,4.988116887899546,5.010857343673706
99,single_feature_f5_null,3,4.972055985377385,4.963206052780151
99,single_feature_f5_null,4,4.965210364415095,5.030843019485474
99,single_feature_f5_null,5,4.95665168762207,5.028487205505371
99,single_feature_f5_null,6,4.95145662014301,4.979921579360962
99,single_feature_f5_null,7,4.953688878279466,4.981103420257568
99,single_feature_f5_null,8,4.946811896104079,4.999144077301025
99,single_feature_f5_null,9,4.946975011091966,5.018551349639893
99,single_feature_f5_null,10,4.943624936617338,5.000506639480591
99,single_feature_f5_null,11,4.945519007169283,5.003734588623047
99,single_feature_f5_null,12,4.936888988201435,4.976644515991211
99,single_feature_f5_null,13,4.935240708864653,5.004349708557129
99,single_feature_f5_null,14,4.932212902949407,5.033839225769043
99,single_feature_f5_null,15,4.929094131176289,5.018354177474976
99,single_feature_f5_null,16,4.929580211639404,4.993716716766357
99,single_feature_f5_null,17,4.922344317803016,5.053685426712036
99,single_feature_f5_null,18,4.917896417471079,5.0273988246917725
99,single_feature_f5_null,19,4.910140477693998,5.056930065155029
99,single_feature_f5_null,20,4.9156873776362495,5.02448034286499
99,single_feature_f5_null,21,4.911030842707707,5.037304878234863
99,single_feature_f5_null,22,4.909440187307505,5.032103776931763
99,single_feature_f5_null,23,4.900333624619704,5.051120042800903
99,single_feature_f5_null,24,4.905344046079195,5.051732301712036
99,single_feature_f5_null,25,4.900266537299523,5.065897226333618
99,single_feature_f5_null,26,4.890116911668044,5.047029972076416
99,single_feature_f5_null,27,4.887762216421274,5.054652214050293
99,single_feature_f5_null,28,4.888535866370568,5.063602447509766
99,single_feature_f6_suppressor,0,5.222006797790527,5.0650975704193115
99,single_feature_f6_suppressor,1,5.022598413320688,5.011767864227295
99,single_feature_f6_suppressor,2,4.9856426899249735,5.004114151000977
99,single_feature_f6_suppressor,3,4.969085546640249,4.962630033493042
99,single_feature_f6_suppressor,4,4.962722301483154,5.03462290763855
99,single_feature_f6_suppressor,5,4.953456475184514,5.042237758636475
99,single_feature_f6_suppressor,6,4.9477314582237835,4.991515159606934
99,single_feature_f6_suppressor,7,4.950803353236272,4.993434906005859
99,single_feature_f6_suppressor,8,4.942576188307542,5.001946926116943
99,single_feature_f6_suppressor,9,4.942570136143611,5.02943229675293
99,single_feature_f6_suppressor,10,4.939124584197998,5.004232168197632
99,single_feature_f6_suppressor,11,4.939869000361516,5.018807888031006
99,single_feature_f6_suppressor,12,4.933842292198768,4.98406195640564
99,single_feature_f6_suppressor,13,4.932167016542875,5.01161527633667
99,single_feature_f6_suppressor,14,4.929085144629846,5.04242467880249
99,single_feature_f6_suppressor,15,4.9227154438312235,5.031581878662109
99,single_feature_f6_suppressor,16,4.923785172975981,5.004640579223633
99,single_feature_f6_suppressor,17,4.915550635411189,5.072735548019409
99,single_feature_f6_suppressor,18,4.912659131563627,5.041919231414795
99,single_feature_f6_suppressor,19,4.906011067903959,5.070959091186523
99,single_feature_f6_suppressor,20,4.912796937502348,5.0382771492004395
99,single_feature_f6_suppressor,21,4.90655517578125,5.050864934921265
99,single_feature_f6_suppressor,22,4.903379146869366,5.038493633270264
99,single_feature_f6_suppressor,23,4.896030792823205,5.057031631469727
99,single_feature_f6_suppressor,24,4.902602929335374,5.070056200027466
99,single_feature_f6_suppressor,25,4.8953166374793415,5.0710179805755615
99,single_feature_f6_suppressor,26,4.886610471285307,5.059060335159302
99,single_feature_f6_suppressor,27,4.883861064910889,5.065773963928223
99,single_feature_f6_suppressor,28,4.884655328897329,5.070329189300537
99,single_feature_f7_weak,0,5.164488939138559,4.995588541030884
99,single_feature_f7_weak,1,4.91658955353957,4.896589756011963
99,single_feature_f7_weak,2,4.863718583033635,4.892694473266602
99,single_feature_f7_weak,3,4.83814290853647,4.8365936279296875
99,single_feature_f7_weak,4,4.830918715550349,4.8901238441467285
99,single_feature_f7_weak,5,4.8200632975651665,4.903292655944824
99,single_feature_f7_weak,6,4.812784818502573,4.8523993492126465
99,single_feature_f7_weak,7,4.81448588004479,4.856615304946899
99,single_feature_f7_weak,8,4.805949101081262,4.872243165969849
99,single_feature_f7_weak,9,4.804425936478835,4.89296817779541
99,single_feature_f7_weak,10,4.800090716435359,4.869856119155884
99,single_feature_f7_weak,11,4.8047446470994215,4.872037172317505
99,single_feature_f7_weak,12,4.798020106095534,4.8565754890441895
99,single_feature_f7_weak,13,4.792247735537016,4.87316107749939
99,single_feature_f7_weak,14,4.788595493023212,4.895090103149414
99,single_feature_f7_weak,15,4.785619442279522,4.879026174545288
99,single_feature_f7_weak,16,4.784301904531626,4.849958658218384
99,single_feature_f7_weak,17,4.780190247755784,4.920549392700195
99,single_feature_f7_weak,18,4.778415569892297,4.8807408809661865
99,single_feature_f7_weak,19,4.772260445814866,4.934722661972046
99,single_feature_f7_weak,20,4.771109580993652,4.885719537734985
99,single_feature_f7_weak,21,4.769536165090708,4.909362077713013
99,single_feature_f7_weak,22,4.76597679578341,4.897836446762085
99,single_feature_f7_weak,23,4.762651223402757,4.902770519256592
99,single_feature_f7_weak,24,4.767220497131348,4.9174418449401855
99,single_feature_f7_weak,25,4.760759096879226,4.9135706424713135
99,single_feature_f7_weak,26,4.750972344325139,4.910907506942749
99,single_feature_f7_weak,27,4.750208267798791,4.925236463546753
99,single_feature_f7_weak,28,4.754223310030424,4.911761522293091
99,single_feature_f8_bigcoef,0,5.134506408984844,4.949933052062988
99,single_feature_f8_bigcoef,1,4.8185290189889765,4.777331829071045
99,single_feature_f8_bigcoef,2,4.710841655731201,4.7559654712677
99,single_feature_f8_bigcoef,3,4.664228622729961,4.685415744781494
99,single_feature_f8_bigcoef,4,4.653064544384296,4.737157106399536
99,single_feature_f8_bigcoef,5,4.638459609105037,4.729784727096558
99,single_feature_f8_bigcoef,6,4.623845283801739,4.696888208389282
99,single_feature_f8_bigcoef,7,4.622297910543589,4.70159649848938
99,single_feature_f8_bigcoef,8,4.615786882547232,4.713659286499023
99,single_feature_f8_bigcoef,9,4.618202466231126,4.731682062149048
99,single_feature_f8_bigcoef,10,4.610025882720947,4.707526683807373
99,single_feature_f8_bigcoef,11,4.608111234811636,4.702438116073608
99,single_feature_f8_bigcoef,12,4.603530003474309,4.690034627914429
99,single_feature_f8_bigcoef,13,4.6023802023667555,4.716236114501953
99,single_feature_f8_bigcoef,14,4.598563157595121,4.72619104385376
99,single_feature_f8_bigcoef,15,4.595125235044039,4.73194694519043
99,single_feature_f8_bigcoef,16,4.595442441793589,4.703330755233765
99,single_feature_f8_bigcoef,17,4.586519241333008,4.752635955810547
99,single_feature_f8_bigcoef,18,4.582862523885874,4.726711988449097
99,single_feature_f8_bigcoef,19,4.581648643200214,4.751858949661255
99,single_feature_f8_bigcoef,20,4.577513914841872,4.729929447174072
99,single_feature_f8_bigcoef,21,4.5802986438457785,4.72328519821167
99,single_feature_f8_bigcoef,22,4.574052443871131,4.716095924377441
99,single_feature_f8_bigcoef,23,4.569538886730488,4.746513843536377
99,single_feature_f8_bigcoef,24,4.571473268362192,4.752001523971558
99,single_feature_f8_bigcoef,25,4.566742676955003,4.7465081214904785
99,single_feature_f8_bigcoef,26,4.561038604149451,4.719622373580933
99,single_feature_f8_bigcoef,27,4.557540086599497,4.723379611968994
99,single_feature_f8_bigcoef,28,4.556932596059946,4.719749212265015
99,single_feature_noise_0,0,5.213426956763635,5.073475360870361
99,single_feature_noise_0,1,5.027254508091853,5.011765241622925
99,single_feature_noise_0,2,4.99152763073261,5.013168811798096
99,single_feature_noise_0,3,4.973999610314002,4.9649858474731445
99,single_feature_noise_0,4,4.96818050971398,5.033290386199951
99,single_feature_noise_0,5,4.958489454709566,5.039512872695923
99,single_feature_noise_0,6,4.952455557309664,4.985307931900024
99,single_feature_noise_0,7,4.955091843238244,4.98759126663208
99,single_feature_noise_0,8,4.947778701782227,5.003085613250732
99,single_feature_noise_0,9,4.946361395028921,5.029212713241577
99,single_feature_noise_0,10,4.944014072418213,5.013365983963013
99,single_feature_noise_0,11,4.945476715381329,5.017098426818848
99,single_feature_noise_0,12,4.937929373521071,4.985236883163452
99,single_feature_noise_0,13,4.936056723961463,5.013628959655762
99,single_feature_noise_0,14,4.932589971102201,5.03528356552124
99,single_feature_noise_0,15,4.92935221011822,5.017482280731201
99,single_feature_noise_0,16,4.929844232705923,4.997591972351074
99,single_feature_noise_0,17,4.922317798321064,5.061666488647461
99,single_feature_noise_0,18,4.918822105114277,5.026131868362427
99,single_feature_noise_0,19,4.9135805276724005,5.066968679428101
99,single_feature_noise_0,20,4.9176764855018025,5.026723146438599
99,single_feature_noise_0,21,4.91204283787654,5.046184778213501
99,single_feature_noise_0,22,4.910776835221511,5.028694152832031
99,single_feature_noise_0,23,4.902868527632493,5.045578956604004
99,single_feature_noise_0,24,4.906838747171255,5.054107666015625
99,single_feature_noise_0,25,4.899772057166467,5.063184976577759
99,single_feature_noise_0,26,4.894178940699651,5.046558380126953
99,single_feature_noise_0,27,4.892480740180383,5.050797462463379
99,single_feature_noise_0,28,4.8932276505690355,5.049399137496948
105,masked_npe,0,5.176702609428992,4.996374130249023
105,masked_npe,1,4.893989086151123,4.787360429763794
105,masked_npe,2,4.717569277836726,4.6426026821136475
105,masked_npe,3,4.510983283703144,4.369696855545044
105,masked_npe,4,4.356575342325064,4.297041177749634
105,masked_npe,5,4.2863910014812765,4.255556106567383
105,masked_npe,6,4.220163858853853,4.226716756820679
105,masked_npe,7,4.188762151277983,4.150079727172852
105,masked_npe,8,4.1581645378699665,4.1404030323028564
105,masked_npe,9,4.137689370375413,4.127992391586304
105,masked_npe,10,4.14343184691209,4.148658752441406
105,masked_npe,11,4.135808761303242,4.11165189743042
105,masked_npe,12,4.059481290670542,4.06888747215271
105,masked_npe,13,4.025583854088416,4.019297480583191
105,masked_npe,14,4.010251155266395,3.951074004173279
105,masked_npe,15,3.9760741270505466,3.9606457948684692
105,masked_npe,16,3.940107363920945,3.9521440267562866
105,masked_npe,17,3.93479323387146,3.9697659015655518
105,masked_npe,18,3.884431013694176,3.897797465324402
105,masked_npe,19,3.8751697540283203,3.885072112083435
105,masked_npe,20,3.8475813682262716,3.846348762512207
105,masked_npe,21,3.804152562068059,3.86018967628479
105,masked_npe,22,3.8280589763934794,3.8128042221069336
105,masked_npe,23,3.8156381386976976,3.8001153469085693
105,masked_npe,24,3.7804641723632812,3.7465730905532837
105,masked_npe,25,3.774384076778705,3.7695342302322388
105,masked_npe,26,3.728992058680608,3.773707866668701
105,masked_npe,27,3.718287999813373,3.7140965461730957
105,masked_npe,28,3.682720899581909,3.6249241828918457
105,masked_npe,29,3.6953409818502574,3.646605610847473
105,masked_npe,30,3.6497415395883412,3.636758327484131
105,masked_npe,31,3.634924155015212,3.605912446975708
105,masked_npe,32,3.6317629997546854,3.6425095796585083
105,masked_npe,33,3.5869549421163707,3.552815794944763
105,masked_npe,34,3.60208692917457,3.6197011470794678
105,masked_npe,35,3.569664404942439,3.63023579120636
105,masked_npe,36,3.582843065261841,3.561190962791443
105,masked_npe,37,3.6115176310906043,3.5515036582946777
105,masked_npe,38,3.5701542634230394,3.5694215297698975
105,masked_npe,39,3.5733477702507606,3.573923349380493
105,masked_npe,40,3.5544012509859524,3.6443707942962646
105,masked_npe,41,3.5749574991372914,3.6089091300964355
105,masked_npe,42,3.5611309088193455,3.5458041429519653
105,masked_npe,43,3.538718425310575,3.584120750427246
105,masked_npe,44,3.55909120119535,3.607856869697571
105,masked_npe,45,3.512213028394259,3.6162272691726685
105,masked_npe,46,3.52396297454834,3.5811171531677246
105,masked_npe,47,3.494432045863225,3.5799872875213623
105,masked_npe,48,3.539041207386897,3.52979052066803
105,masked_npe,49,3.5535972118377686,3.571478247642517
105,masked_npe,50,3.5211746325859656,3.5898736715316772
105,masked_npe,51,3.517335671644944,3.5808337926864624
105,masked_npe,52,3.4774849598224344,3.5395878553390503
105,masked_npe,53,3.4987325301537147,3.5316237211227417
105,masked_npe,54,3.505150134746845,3.5473307371139526
105,masked_npe,55,3.4946854297931376,3.56373929977417
105,masked_npe,56,3.5008104214301476,3.5531115531921387
105,masked_npe,57,3.5231534334329457,3.5297662019729614
105,masked_npe,58,3.507348757523757,3.545768141746521
105,masked_npe,59,3.507409480901865,3.5551167726516724
105,masked_npe,60,3.4904110431671143,3.55630099773407
105,masked_npe,61,3.51303847019489,3.571172595024109
105,masked_npe,62,3.4762864663050723,3.5756397247314453
105,masked_npe,63,3.5290233355302076,3.5623371601104736
105,masked_npe,64,3.486513137817383,3.504027485847473
105,masked_npe,65,3.475119572419387,3.5132315158843994
105,masked_npe,66,3.4834396288945126,3.5353728532791138
105,masked_npe,67,3.490345129599938,3.5973836183547974
105,masked_npe,68,3.5165673035841722,3.5467907190322876
105,masked_npe,69,3.496056153224065,3.559187650680542
105,masked_npe,70,3.4709378756009617,3.5473532676696777
105,masked_npe,71,3.4996664157280555,3.4622433185577393
105,masked_npe,72,3.4628628217256985,3.559788942337036
105,masked_npe,73,3.479493783070491,3.532106041908264
105,masked_npe,74,3.4790442356696496,3.539504647254944
105,masked_npe,75,3.5183363144214335,3.5091360807418823
105,masked_npe,76,3.4762930319859433,3.5053889751434326
105,masked_npe,77,3.470077257889968,3.539601683616638
105,masked_npe,78,3.4722801538614125,3.520874500274658
105,masked_npe,79,3.4825918674468994,3.5349841117858887
105,masked_npe,80,3.4304356575012207,3.5644341707229614
105,masked_npe,81,3.4728555495922384,3.5650168657302856
105,masked_npe,82,3.4856878427358775,3.551102638244629
105,masked_npe,83,3.48174340908344,3.5520352125167847
105,masked_npe,84,3.4690149380610538,3.554388165473938
105,masked_npe,85,3.467195694263165,3.534562110900879
105,masked_npe,86,3.5010037972376895,3.5231096744537354
105,masked_npe,87,3.4624168689434347,3.5436770915985107
105,masked_npe,88,3.471423479226919,3.514689564704895
105,masked_npe,89,3.444026965361375,3.5527865886688232
105,masked_npe,90,3.472139230141273,3.5589561462402344
105,masked_npe,91,3.495174371279203,3.5188499689102173
105,masked_npe,92,3.436002731323242,3.5924686193466187
105,masked_npe,93,3.4755437007317176,3.5845913887023926
105,masked_npe,94,3.46214928993812,3.551367402076721
105,masked_npe,95,3.50409511419443,3.565476655960083
105,masked_npe,96,3.4564746159773607,3.536117434501648
105,single_feature_f1_strong_t1,0,5.150895485511193,4.952351808547974
105,single_feature_f1_strong_t1,1,4.886035479032076,4.890023469924927
105,single_feature_f1_strong_t1,2,4.832762461442214,4.825697898864746
105,single_feature_f1_strong_t1,3,4.806899070739746,4.850212097167969
105,single_feature_f1_strong_t1,4,4.796213700221135,4.842155933380127
105,single_feature_f1_strong_t1,5,4.787859219771165,4.8374857902526855
105,single_feature_f1_strong_t1,6,4.785389019892766,4.797350645065308
105,single_feature_f1_strong_t1,7,4.777252454024095,4.807789325714111
105,single_feature_f1_strong_t1,8,4.77582913178664,4.824175596237183
105,single_feature_f1_strong_t1,9,4.774296650519738,4.822790622711182
105,single_feature_f1_strong_t1,10,4.771737098693848,4.867599010467529
105,single_feature_f1_strong_t1,11,4.777036116673396,4.840740203857422
105,single_feature_f1_strong_t1,12,4.761023081265963,4.7825846672058105
105,single_feature_f1_strong_t1,13,4.761782976297232,4.85191798210144
105,single_feature_f1_strong_t1,14,4.764484882354736,4.836780309677124
105,single_feature_f1_strong_t1,15,4.747655795170711,4.855114221572876
105,single_feature_f1_strong_t1,16,4.7535648712745076,4.861636638641357
105,single_feature_f1_strong_t1,17,4.751730515406682,4.852867603302002
105,single_feature_f1_strong_t1,18,4.750758317800669,4.838076114654541
105,single_feature_f1_strong_t1,19,4.747521510491004,4.824086427688599
105,single_feature_f1_strong_t1,20,4.745415687561035,4.834765195846558
105,single_feature_f1_strong_t1,21,4.739985942840576,4.874976396560669
105,single_feature_f1_strong_t1,22,4.734710876758282,4.861908435821533
105,single_feature_f1_strong_t1,23,4.7360459841214695,4.867199897766113
105,single_feature_f1_strong_t1,24,4.738743672004113,4.864191055297852
105,single_feature_f1_strong_t1,25,4.730159759521484,4.824528694152832
105,single_feature_f1_strong_t1,26,4.72779211631188,4.832987546920776
105,single_feature_f1_strong_t1,27,4.722291249495286,4.853429317474365
105,single_feature_f1_strong_t1,28,4.731228791750395,4.834988117218018
105,single_feature_f1_strong_t1,29,4.715441116919885,4.827577114105225
105,single_feature_f1_strong_t1,30,4.724801063537598,4.843727350234985
105,single_feature_f1_strong_t1,31,4.720677119034987,4.842789888381958
105,single_feature_f1_strong_t1,32,4.714639847095196,4.848514080047607
105,single_feature_f1_strong_t1,33,4.710705867180457,4.867605686187744
105,single_feature_f1_strong_t1,34,4.704642295837402,4.860413312911987
105,single_feature_f1_strong_t1,35,4.7094879517188435,4.864969730377197
105,single_feature_f1_strong_t1,36,4.712841510772705,4.908491134643555
105,single_feature_f1_strong_t1,37,4.70866819528433,4.854499816894531
105,single_feature_f2_strong_t2,0,5.121804274045504,4.876632928848267
105,single_feature_f2_strong_t2,1,4.733188775869516,4.61546778678894
105,single_feature_f2_strong_t2,2,4.477313335125263,4.37218713760376
105,single_feature_f2_strong_t2,3,4.339941831735464,4.347878456115723
105,single_feature_f2_strong_t2,4,4.293001395005446,4.3005945682525635
105,single_feature_f2_strong_t2,5,4.259565353393555,4.2677271366119385
105,single_feature_f2_strong_t2,6,4.253479957580566,4.226912975311279
105,single_feature_f2_strong_t2,7,4.24152135848999,4.254166603088379
105,single_feature_f2_strong_t2,8,4.232762006612925,4.246930360794067
105,single_feature_f2_strong_t2,9,4.222639964177058,4.244499444961548
105,single_feature_f2_strong_t2,10,4.218504758981558,4.277953624725342
105,single_feature_f2_strong_t2,11,4.2172973706172066,4.264326333999634
105,single_feature_f2_strong_t2,12,4.207653889289269,4.208566665649414
105,single_feature_f2_strong_t2,13,4.210402011871338,4.239641427993774
105,single_feature_f2_strong_t2,14,4.206404796013465,4.247684717178345
105,single_feature_f2_strong_t2,15,4.193536868462195,4.246297359466553
105,single_feature_f2_strong_t2,16,4.196278278644268,4.27037787437439
105,single_feature_f2_strong_t2,17,4.196839479299692,4.269076347351074
105,single_feature_f2_strong_t2,18,4.185872518099272,4.234049320220947
105,single_feature_f2_strong_t2,19,4.182495667384221,4.221876859664917
105,single_feature_f2_strong_t2,20,4.182493246518648,4.227519750595093
105,single_feature_f2_strong_t2,21,4.171855266277607,4.269504070281982
105,single_feature_f2_strong_t2,22,4.173407994783842,4.269913673400879
105,single_feature_f2_strong_t2,23,4.169500497671274,4.249628067016602
105,single_feature_f2_strong_t2,24,4.182677232302153,4.259953498840332
105,single_feature_f2_strong_t2,25,4.1701692801255446,4.209533929824829
105,single_feature_f2_strong_t2,26,4.163839707007775,4.211644649505615
105,single_feature_f2_strong_t2,27,4.159417886000413,4.247377395629883
105,single_feature_f2_strong_t2,28,4.165797600379357,4.245439052581787
105,single_feature_f2_strong_t2,29,4.1628409165602465,4.2269299030303955
105,single_feature_f2_strong_t2,30,4.160802474388709,4.2648255825042725
105,single_feature_f2_strong_t2,31,4.160398006439209,4.243695497512817
105,single_feature_f2_strong_t2,32,4.153722432943491,4.2315449714660645
105,single_feature_f2_strong_t2,33,4.151850150181697,4.253224849700928
105,single_feature_f2_strong_t2,34,4.139682109539326,4.251384973526001
105,single_feature_f2_strong_t2,35,4.1432659442608175,4.258974552154541
105,single_feature_f2_strong_t2,36,4.147516837486854,4.294629096984863
105,single_feature_f2_strong_t2,37,4.144807008596567,4.2789466381073
105,single_feature_f3_dup_a,0,5.097686510819655,4.906397581100464
105,single_feature_f3_dup_a,1,4.801348942976731,4.785039663314819
105,single_feature_f3_dup_a,2,4.718121748704177,4.695995330810547
105,single_feature_f3_dup_a,3,4.691649803748498,4.72981595993042
105,single_feature_f3_dup_a,4,4.674535971421462,4.696479320526123
105,single_feature_f3_dup_a,5,4.662374129662147,4.6949851512908936
105,single_feature_f3_dup_a,6,4.657179282261775,4.674952745437622
105,single_feature_f3_dup_a,7,4.650369350726788,4.668469190597534
105,single_feature_f3_dup_a,8,4.6446853417616625,4.706690311431885
105,single_feature_f3_dup_a,9,4.640749857975886,4.685579538345337
105,single_feature_f3_dup_a,10,4.635467529296875,4.714829206466675
105,single_feature_f3_dup_a,11,4.640986809363732,4.700073480606079
105,single_feature_f3_dup_a,12,4.628135277674748,4.640821695327759
105,single_feature_f3_dup_a,13,4.621828959538386,4.6963183879852295
105,single_feature_f3_dup_a,14,4.627005577087402,4.706104755401611
105,single_feature_f3_dup_a,15,4.6184120911818285,4.7027177810668945
105,single_feature_f3_dup_a,16,4.616317932422344,4.708051681518555
105,single_feature_f3_dup_a,17,4.613538815424993,4.704984188079834
105,single_feature_f3_dup_a,18,4.613651238954985,4.70474910736084
105,single_feature_f3_dup_a,19,4.613972260401799,4.68437647819519
105,single_feature_f3_dup_a,20,4.605291293217586,4.719672441482544
105,single_feature_f3_dup_a,21,4.60113341991718,4.7333269119262695
105,single_feature_f3_dup_a,22,4.598302547748272,4.726536989212036
105,single_feature_f3_dup_a,23,4.5922561425429125,4.71781325340271
105,single_feature_f3_dup_a,24,4.59833471591656,4.733657598495483
105,single_feature_f3_dup_a,25,4.589817450596736,4.708256483078003
105,single_feature_f3_dup_a,26,4.592002942011907,4.697268009185791
105,single_feature_f3_dup_a,27,4.584827569814829,4.700485706329346
105,single_feature_f3_dup_a,28,4.590198003328764,4.693405628204346
105,single_feature_f3_dup_a,29,4.576082156254695,4.702972650527954
105,single_feature_f3_dup_a,30,4.587048200460581,4.712202787399292
105,single_feature_f3_dup_a,31,4.58093236042903,4.738491058349609
105,single_feature_f3_dup_a,32,4.578310122856727,4.70481014251709
105,single_feature_f3_dup_a,33,4.569913864135742,4.742171287536621
105,single_feature_f3_dup_a,34,4.561618474813608,4.743741512298584
105,single_feature_f3_dup_a,35,4.569940346937913,4.726447820663452
105,single_feature_f3_dup_a,36,4.571887933290922,4.755279779434204
105,single_feature_f3_dup_a,37,4.566454043755164,4.742952346801758
105,single_feature_f4_dup_b,0,5.100316267747146,4.9121763706207275
105,single_feature_f4_dup_b,1,4.8030308943528395,4.789470911026001
105,single_feature_f4_dup_b,2,4.722295320951021,4.710875988006592
105,single_feature_f4_dup_b,3,4.69213892863347,4.746208667755127
105,single_feature_f4_dup_b,4,4.676752897409292,4.70683741569519
105,single_feature_f4_dup_b,5,4.663626157320463,4.706178426742554
105,single_feature_f4_dup_b,6,4.6578928874089165,4.684140205383301
105,single_feature_f4_dup_b,7,4.651103203113262,4.681371450424194
105,single_feature_f4_dup_b,8,4.646358820108267,4.715206146240234
105,single_feature_f4_dup_b,9,4.640640625586877,4.695857048034668
105,single_feature_f4_dup_b,10,4.635743911449726,4.720180511474609
105,single_feature_f4_dup_b,11,4.641748795142541,4.7025978565216064
105,single_feature_f4_dup_b,12,4.628939628601074,4.643292427062988
105,single_feature_f4_dup_b,13,4.625929172222431,4.701932668685913
105,single_feature_f4_dup_b,14,4.629118185776931,4.702851295471191
105,single_feature_f4_dup_b,15,4.619072804084191,4.703932762145996
105,single_feature_f4_dup_b,16,4.6177880213810845,4.708434581756592
105,single_feature_f4_dup_b,17,4.614408456362211,4.700601100921631
105,single_feature_f4_dup_b,18,4.613649368286133,4.695835828781128
105,single_feature_f4_dup_b,19,4.617351421943078,4.676280736923218
105,single_feature_f4_dup_b,20,4.6095470648545485,4.7163779735565186
105,single_feature_f4_dup_b,21,4.603277609898494,4.728397846221924
105,single_feature_f4_dup_b,22,4.599232453566331,4.727048873901367
105,single_feature_f4_dup_b,23,4.596886818225567,4.7167649269104
105,single_feature_f4_dup_b,24,4.599800916818472,4.739599227905273
105,single_feature_f4_dup_b,25,4.59103301855234,4.694417476654053
105,single_feature_f4_dup_b,26,4.594883882082426,4.691899538040161
105,single_feature_f4_dup_b,27,4.582845174349272,4.687443256378174
105,single_feature_f4_dup_b,28,4.592211319850041,4.694464683532715
105,single_feature_f4_dup_b,29,4.581584160144512,4.691348314285278
105,single_feature_f4_dup_b,30,4.588967470022348,4.71290135383606
105,single_feature_f4_dup_b,31,4.584207204672007,4.734696865081787
105,single_feature_f4_dup_b,32,4.581612256857065,4.69361138343811
105,single_feature_f4_dup_b,33,4.573324973766621,4.727110147476196
105,single_feature_f4_dup_b,34,4.564389045421894,4.74596095085144
105,single_feature_f4_dup_b,35,4.571998596191406,4.7122673988342285
105,single_feature_f4_dup_b,36,4.574047822218675,4.752315044403076
105,single_feature_f4_dup_b,37,4.571679078615629,4.727283239364624
105,single_feature_f5_null,0,5.217296123504639,5.084585189819336
105,single_feature_f5_null,1,5.0230590380155125,5.048906326293945
105,single_feature_f5_null,2,4.990848064422607,4.983296155929565
105,single_feature_f5_null,3,4.974056940812331,5.021751880645752
105,single_feature_f5_null,4,4.968119841355544,5.00685453414917
105,single_feature_f5_null,5,4.959473683283879,5.0042688846588135
105,single_feature_f5_null,6,4.959275319026067,4.974454879760742
105,single_feature_f5_null,7,4.952764841226431,4.984024286270142
105,single_feature_f5_null,8,4.952290131495549,5.002852916717529
105,single_feature_f5_null,9,4.9489934261028585,4.998638153076172
105,single_feature_f5_null,10,4.944182212536152,5.029666185379028
105,single_feature_f5_null,11,4.950147335345928,5.015207767486572
105,single_feature_f5_null,12,4.936759398533748,4.963562965393066
105,single_feature_f5_null,13,4.938833420093243,4.999507427215576
105,single_feature_f5_null,14,4.938179272871751,5.004657030105591
105,single_feature_f5_null,15,4.9270770366375265,5.021200656890869
105,single_feature_f5_null,16,4.929674111879789,5.04897141456604
105,single_feature_f5_null,17,4.928840197049654,5.040719747543335
105,single_feature_f5_null,18,4.923095629765437,5.010131597518921
105,single_feature_f5_null,19,4.923335002018855,4.9954047203063965
105,single_feature_f5_null,20,4.918277777158297,5.0099828243255615
105,single_feature_f5_null,21,4.913274654975305,5.059374809265137
105,single_feature_f5_null,22,4.906184563269982,5.047762632369995
105,single_feature_f5_null,23,4.907126243297871,5.048233270645142
105,single_feature_f5_null,24,4.90928081365732,5.047019004821777
105,single_feature_f5_null,25,4.904074008648212,5.0230772495269775
105,single_feature_f5_null,26,4.900841822991004,5.010340929031372
105,single_feature_f5_null,27,4.898180594811072,5.027432203292847
105,single_feature_f5_null,28,4.90228638282189,5.016813039779663
105,single_feature_f5_null,29,4.887958196493296,5.002376079559326
105,single_feature_f5_null,30,4.896452096792368,5.039635896682739
105,single_feature_f5_null,31,4.8931214259221,5.043923377990723
105,single_feature_f5_null,32,4.887575406294602,5.021625995635986
105,single_feature_f5_null,33,4.884489939762996,5.066863536834717
105,single_feature_f5_null,34,4.873770310328557,5.045161247253418
105,single_feature_f5_null,35,4.880067165081318,5.046064853668213
105,single_feature_f5_null,36,4.878868029667781,5.080018043518066
105,single_feature_f5_null,37,4.8741799501272345,5.047654867172241
105,single_feature_f6_suppressor,0,5.21164608001709,5.07852840423584
105,single_feature_f6_suppressor,1,5.020919579725999,5.042839527130127
105,single_feature_f6_suppressor,2,4.98908596772414,4.986271619796753
105,single_feature_f6_suppressor,3,4.970740905174842,5.022345066070557
105,single_feature_f6_suppressor,4,4.9652509322533245,5.003751993179321
105,single_feature_f6_suppressor,5,4.956655942476713,5.009129524230957
105,single_feature_f6_suppressor,6,4.957076146052434,4.975458145141602
105,single_feature_f6_suppressor,7,4.950557525341328,4.9829888343811035
105,single_feature_f6_suppressor,8,4.950344782609206,5.003687381744385
105,single_feature_f6_suppressor,9,4.947668002201961,5.000355243682861
105,single_feature_f6_suppressor,10,4.943685018099272,5.024959325790405
105,single_feature_f6_suppressor,11,4.949031426356389,5.018856048583984
105,single_feature_f6_suppressor,12,4.934568515190711,4.9614808559417725
105,single_feature_f6_suppressor,13,4.936292684995211,5.010223865509033
105,single_feature_f6_suppressor,14,4.937108039855957,5.009091854095459
105,single_feature_f6_suppressor,15,4.925474717066838,5.020324230194092
105,single_feature_f6_suppressor,16,4.93098860520583,5.047851800918579
105,single_feature_f6_suppressor,17,4.930725574493408,5.046895980834961
105,single_feature_f6_suppressor,18,4.923290802882268,5.014315366744995
105,single_feature_f6_suppressor,19,4.923394936781663,4.990575313568115
105,single_feature_f6_suppressor,20,4.920704731574426,5.01430344581604
105,single_feature_f6_suppressor,21,4.9145875710707445,5.056695222854614
105,single_feature_f6_suppressor,22,4.907128370725191,5.056769847869873
105,single_feature_f6_suppressor,23,4.909819272848276,5.0483880043029785
105,single_feature_f6_suppressor,24,4.910170041597807,5.058385372161865
105,single_feature_f6_suppressor,25,4.904189770038311,5.036988019943237
105,single_feature_f6_suppressor,26,4.905689056103046,5.019838809967041
105,single_feature_f6_suppressor,27,4.898801913628211,5.038094997406006
105,single_feature_f6_suppressor,28,4.904238957625169,5.027411699295044
105,single_feature_f6_suppressor,29,4.890608677497277,5.013807773590088
105,single_feature_f6_suppressor,30,4.898761895986704,5.039733648300171
105,single_feature_f6_suppressor,31,4.8944232280437765,5.043332576751709
105,single_feature_f6_suppressor,32,4.890087421123798,5.030080318450928
105,single_feature_f6_suppressor,33,4.88235723055326,5.058016300201416
105,single_feature_f6_suppressor,34,4.879130510183481,5.051699161529541
105,single_feature_f6_suppressor,35,4.883248695960412,5.048500299453735
105,single_feature_f6_suppressor,36,4.887567263383132,5.100376129150391
105,single_feature_f6_suppressor,37,4.881543783041147,5.060701847076416
105,single_feature_f7_weak,0,5.1662444701561565,4.997758865356445
105,single_feature_f7_weak,1,4.919799144451435,4.913855314254761
105,single_feature_f7_weak,2,4.858256853543795,4.856704950332642
105,single_feature_f7_weak,3,4.83212738770705,4.871959686279297
105,single_feature_f7_weak,4,4.821176638970008,4.86054253578186
105,single_feature_f7_weak,5,4.813963706676777,4.860272407531738
105,single_feature_f7_weak,6,4.810398431924673,4.829847812652588
105,single_feature_f7_weak,7,4.802331631000225,4.830661773681641
105,single_feature_f7_weak,8,4.803922359759991,4.852251291275024
105,single_feature_f7_weak,9,4.797454137068528,4.861307144165039
105,single_feature_f7_weak,10,4.795113930335412,4.868847608566284
105,single_feature_f7_weak,11,4.7975006103515625,4.8608903884887695
105,single_feature_f7_weak,12,4.7848322574908915,4.818950891494751
105,single_feature_f7_weak,13,4.786364848797138,4.836931228637695
105,single_feature_f7_weak,14,4.787680589235746,4.856041431427002
105,single_feature_f7_weak,15,4.772132066579966,4.856754779815674
105,single_feature_f7_weak,16,4.775727528792161,4.899202108383179
105,single_feature_f7_weak,17,4.777472752791184,4.890178680419922
105,single_feature_f7_weak,18,4.769762662740854,4.858184337615967
105,single_feature_f7_weak,19,4.772739447080172,4.833903551101685
105,single_feature_f7_weak,20,4.767549514770508,4.872981548309326
105,single_feature_f7_weak,21,4.759992269369272,4.90120792388916
105,single_feature_f7_weak,22,4.7544296338008,4.901268482208252
105,single_feature_f7_weak,23,4.755605770991399,4.900895595550537
105,single_feature_f7_weak,24,4.754435685964731,4.891706943511963
105,single_feature_f7_weak,25,4.751567143660325,4.872046947479248
105,single_feature_f7_weak,26,4.7514226253216085,4.843741416931152
105,single_feature_f7_weak,27,4.743354687323937,4.8597917556762695
105,single_feature_f7_weak,28,4.743986643277681,4.850857496261597
105,single_feature_f7_weak,29,4.733246399806096,4.855642080307007
105,single_feature_f7_weak,30,4.741319289574256,4.8851823806762695
105,single_feature_f7_weak,31,4.743319181295542,4.8844616413116455
105,single_feature_f7_weak,32,4.730008822221023,4.862734794616699
105,single_feature_f7_weak,33,4.730389925149771,4.897748708724976
105,single_feature_f7_weak,34,4.722012006319487,4.8841493129730225
105,single_feature_f7_weak,35,4.721073554112361,4.9039366245269775
105,single_feature_f7_weak,36,4.7244708354656515,4.920805931091309
105,single_feature_f7_weak,37,4.720495077279898,4.911058664321899
105,single_feature_f8_bigcoef,0,5.142283659714919,4.950727462768555
105,single_feature_f8_bigcoef,1,4.833465466132531,4.806740045547485
105,single_feature_f8_bigcoef,2,4.713073767148531,4.699401378631592
105,single_feature_f8_bigcoef,3,4.671594509711633,4.725637435913086
105,single_feature_f8_bigcoef,4,4.652141387646015,4.687558889389038
105,single_feature_f8_bigcoef,5,4.633539566626916,4.702053546905518
105,single_feature_f8_bigcoef,6,4.62816231067364,4.663607120513916
105,single_feature_f8_bigcoef,7,4.616524109473596,4.692934513092041
105,single_feature_f8_bigcoef,8,4.619716094090388,4.68363881111145
105,single_feature_f8_bigcoef,9,4.616939654717078,4.69691276550293
105,single_feature_f8_bigcoef,10,4.610590091118445,4.727020263671875
105,single_feature_f8_bigcoef,11,4.612495825840877,4.706097602844238
105,single_feature_f8_bigcoef,12,4.601414387042706,4.654468059539795
105,single_feature_f8_bigcoef,13,4.599602992718037,4.711724042892456
105,single_feature_f8_bigcoef,14,4.599948039421668,4.7063679695129395
105,single_feature_f8_bigcoef,15,4.590369884784405,4.7086122035980225
105,single_feature_f8_bigcoef,16,4.593742590684157,4.7308783531188965
105,single_feature_f8_bigcoef,17,4.591177536891057,4.745482683181763
105,single_feature_f8_bigcoef,18,4.584520083207351,4.695856332778931
105,single_feature_f8_bigcoef,19,4.588489128993108,4.683852672576904
105,single_feature_f8_bigcoef,20,4.578162816854624,4.715619087219238
105,single_feature_f8_bigcoef,21,4.573988254253681,4.734341144561768
105,single_feature_f8_bigcoef,22,4.568597536820632,4.742893695831299
105,single_feature_f8_bigcoef,23,4.565935465005728,4.7418904304504395
105,single_feature_f8_bigcoef,24,4.56895846586961,4.729744911193848
105,single_feature_f8_bigcoef,25,4.564974197974572,4.712308406829834
105,single_feature_f8_bigcoef,26,4.560473221998948,4.702967166900635
105,single_feature_f8_bigcoef,27,4.556601964510405,4.717689275741577
105,single_feature_f8_bigcoef,28,4.558844052828276,4.69426965713501
105,single_feature_f8_bigcoef,29,4.543053810413067,4.694544792175293
105,single_feature_f8_bigcoef,30,4.552320113548865,4.73786735534668
105,single_feature_f8_bigcoef,31,4.551877755385179,4.738180637359619
105,single_feature_f8_bigcoef,32,4.542284415318416,4.711297035217285
105,single_feature_f8_bigcoef,33,4.539039758535532,4.748515844345093
105,single_feature_f8_bigcoef,34,4.531003548548772,4.729193449020386
105,single_feature_f8_bigcoef,35,4.535621716425969,4.738580703735352
105,single_feature_f8_bigcoef,36,4.534872165093055,4.764470815658569
105,single_feature_f8_bigcoef,37,4.528484344482422,4.7244133949279785
105,single_feature_noise_0,0,5.213475447434646,5.079122066497803
105,single_feature_noise_0,1,5.021971849294809,5.042425155639648
105,single_feature_noise_0,2,4.990471803225004,4.984212398529053
105,single_feature_noise_0,3,4.973265317770151,5.0172529220581055
105,single_feature_noise_0,4,4.967977927281306,5.001866579055786
105,single_feature_noise_0,5,4.9592754657451925,5.00139594078064
105,single_feature_noise_0,6,4.959410997537466,4.9734368324279785
105,single_feature_noise_0,7,4.953641451322115,4.980513572692871
105,single_feature_noise_0,8,4.9525789480942946,4.996716737747192
105,single_feature_noise_0,9,4.949130791884202,4.9934632778167725
105,single_feature_noise_0,10,4.946451663970947,5.023461580276489
105,single_feature_noise_0,11,4.9512242537278395,5.012321949005127
105,single_feature_noise_0,12,4.938578825730544,4.95725679397583
105,single_feature_noise_0,13,4.941751039945162,5.003216743469238
105,single_feature_noise_0,14,4.940624273740328,5.006084203720093
105,single_feature_noise_0,15,4.928843168111948,5.020012617111206
105,single_feature_noise_0,16,4.93158248754648,5.042821884155273
105,single_feature_noise_0,17,4.933470249176025,5.032472848892212
105,single_feature_noise_0,18,4.9267377486595745,5.007707118988037
105,single_feature_noise_0,19,4.926651367774377,4.984762668609619
105,single_feature_noise_0,20,4.9238248604994554,5.004256963729858
105,single_feature_noise_0,21,4.917110002957857,5.050325632095337
105,single_feature_noise_0,22,4.9092314426715555,5.04595947265625
105,single_feature_noise_0,23,4.9131880173316365,5.041559457778931
105,single_feature_noise_0,24,4.915744781494141,5.032681465148926
105,single_feature_noise_0,25,4.907578468322754,5.012356996536255
105,single_feature_noise_0,26,4.908211414630596,5.001895427703857
105,single_feature_noise_0,27,4.900830012101394,5.020413637161255
105,single_feature_noise_0,28,4.907668920663687,5.007511854171753
105,single_feature_noise_0,29,4.893410682678223,5.0044331550598145
105,single_feature_noise_0,30,4.903092054220346,5.0239410400390625
105,single_feature_noise_0,31,4.898904030139629,5.030800819396973
105,single_feature_noise_0,32,4.892437017880953,5.012216329574585
105,single_feature_noise_0,33,4.889432503626897,5.046284198760986
105,single_feature_noise_0,34,4.880981628711407,5.038334131240845
105,single_feature_noise_0,35,4.884500063382662,5.03397798538208
105,single_feature_noise_0,36,4.887441598452055,5.0720672607421875
105,single_feature_noise_0,37,4.882549726046049,5.039294958114624
