seed,features,mask,n_features,logprob,logprob_se,logprob_uncorrected,in_prior_mass,info_lower_bound
0,none,0,0,0.5670111941374838,0.0087916664353064,0.5338401799201965,0.9675287089386376,-0.0765233608527015
0,skewness,1000000,1,1.6694567465826868,0.0329095381011012,1.612193124771118,0.9453465162519916,1.0259221915925014
0,kurtosis,100000,1,1.2001937308046966,0.0201566340571227,1.1528857889175417,0.9547762278266024,0.5566591758145113
0,spectral_slope,10000,1,1.5008747862271965,0.0188833520278561,1.4512208956718444,0.952122759509926,0.8573402312370112
0,total_log_power,1000,1,1.9121026518266648,0.0223106059305845,1.8435685698509217,0.9358217616703312,1.2685680968364794
0,dominant_freq,100,1,1.5099999489314857,0.0246037379407292,1.4547956513404847,0.9467960230654076,0.8664653939413002
0,hjorth_mobility,10,1,2.1854601651594043,0.0275536395365462,2.12328820810318,0.9415960239046316,1.5419256101692191
0,hjorth_complexity,1,1,1.9686925935857,0.0250567218744466,1.907343032550812,0.9417900869317402,1.3251580385955144
0,skewness|kurtosis,1100000,2,2.56279801645428,0.0422231854539946,2.4886317655563355,0.9301029506421622,1.9192634614640944
0,skewness|spectral_slope,1010000,2,2.7800244619354606,0.0359360508407857,2.696853601074219,0.9244475043528558,2.1364899069452754
0,skewness|total_log_power,1001000,2,3.09882557294704,0.0402190433724313,3.037257326602936,0.9432791965777884,2.455291017956855
0,skewness|dominant_freq,1000100,2,2.767364238581434,0.0467935703596528,2.677469489383697,0.9161940369632364,2.1238296835912487
0,skewness|hjorth_mobility,1000010,2,3.630375381828472,0.0483520219843281,3.5263254888534545,0.9103524545443172,2.9868408268382867
0,skewness|hjorth_complexity,1000001,2,3.434984194877744,0.0333533028114971,3.36280627784729,0.9316514645963188,2.7914496398875586
0,kurtosis|spectral_slope,110000,2,2.108603723330796,0.0251433415963959,2.05606064119339,0.9497425600994231,1.4650691683406103
0,kurtosis|total_log_power,101000,2,2.3806735070053486,0.0340715843146279,2.295453793907165,0.9303683033490456,1.7371389520151634
0,kurtosis|dominant_freq,100100,2,2.31109258374013,0.0268329605518126,2.242761665344238,0.935057407423154,1.6675580287499447
0,kurtosis|hjorth_mobility,100010,2,2.90212410142906,0.0312074637004679,2.8219787528038025,0.927453450038246,2.2585895464388748
0,kurtosis|hjorth_complexity,100001,2,2.759646404469013,0.0282862550910865,2.6907403396606444,0.9350890924823329,2.116111849478828
0,spectral_slope|total_log_power,11000,2,2.8258224575981497,0.0300217261146947,2.7471344844818115,0.928764342486001,2.1822879026079645
0,spectral_slope|dominant_freq,10100,2,2.118109222417325,0.0235403387590368,2.066575180530548,0.9504118674392752,1.4745746674271394
0,spectral_slope|hjorth_mobility,10010,2,2.247233170062676,0.0326844635207779,2.1887062789917,0.9451603821201252,1.6036986150724908
0,spectral_slope|hjorth_complexity,10001,2,2.729387081810832,0.0267999757825571,2.672383325004577,0.9463207817593452,2.0858525268206467
0,total_log_power|dominant_freq,1100,2,2.8859897547665985,0.0267336218740528,2.819236263561249,0.937817806706222,2.2424551997764133
0,total_log_power|hjorth_mobility,1010,2,3.719248528601229,0.0437665991434034,3.600961266994476,0.9043088976849296,3.075713973611044
0,total_log_power|hjorth_complexity,1001,2,3.0845418312177064,0.0310832656983206,2.986203028869629,0.9206336496304248,2.441007276227521
0,dominant_freq|hjorth_mobility,110,2,2.9435687822811305,0.02654207842997,2.88968803691864,0.9483485002911444,2.3000342272909453
0,dominant_freq|hjorth_complexity,101,2,2.6150786967363207,0.0238180840319735,2.5579368569374084,0.9458059299818397,1.971544141746136
0,hjorth_mobility|hjorth_complexity,11,2,3.8212721567500383,0.0293458157293044,3.765460072135925,0.9476554349351886,3.177737601759853
0,skewness|kurtosis|spectral_slope,1110000,3,3.7865128628231584,0.0410424484711784,3.7134391662597657,0.9315603784084422,3.142978307832973
0,skewness|kurtosis|total_log_power,1101000,3,4.228302269047498,0.0507188924378625,4.163455318832398,0.9404435521584986,3.584767714057313
0,skewness|kurtosis|dominant_freq,1100100,3,3.6046838790547104,0.0457410736082982,3.5159026794433594,0.916847503899529,2.961149324064525
0,skewness|kurtosis|hjorth_mobility,1100010,3,4.683031721481681,0.0491320499910744,4.591616481399536,0.9177544378106476,4.039497166491496
0,skewness|kurtosis|hjorth_complexity,1100001,3,3.729650888120383,0.0434627791825319,3.645381900310516,0.921295028112203,3.0861163331301977
0,skewness|spectral_slope|total_log_power,1011000,3,4.203562730895356,0.0481616244679125,4.116701255226135,0.9231405819820324,3.5600281759051704
0,skewness|spectral_slope|dominant_freq,1010100,3,3.5184263011660426,0.0392473050898128,3.426403005313873,0.9172118596305004,2.8748917461758574
0,skewness|spectral_slope|hjorth_mobility,1010010,3,3.781313719023392,0.0501471970184971,3.679214035892487,0.9129980015624396,3.1377791640332062
0,skewness|spectral_slope|hjorth_complexity,1010001,3,4.386791932231933,0.03571511156183,4.296776259613037,0.9178059243775568,3.743257377241748
0,skewness|total_log_power|dominant_freq,1001100,3,4.403697946665436,0.0399231317290357,4.334425576114654,0.9360277091582972,3.760163391675251
0,skewness|total_log_power|hjorth_mobility,1001010,3,5.409108902202174,0.0603126877276414,5.279875385189056,0.901093058082814,4.765574347211989
0,skewness|total_log_power|hjorth_complexity,1001001,3,4.406672943326458,0.0408359219813444,4.336544207477569,0.9391683046844296,3.763138388336273
0,skewness|dominant_freq|hjorth_mobility,1000110,3,4.543100442708283,0.0465914283678976,4.454072524738312,0.9207445374948092,3.899565887718098
0,skewness|dominant_freq|hjorth_complexity,1000101,3,4.355034697080776,0.0347150748702584,4.264047932910919,0.9159484959756202,3.711500142090591
0,skewness|hjorth_mobility|hjorth_complexity,1000011,3,5.435079569285736,0.044754856995758,5.342233837223053,0.9157227572614992,4.791545014295551
0,kurtosis|spectral_slope|total_log_power,111000,3,3.403917242820561,0.0375562372422403,3.3155942698478698,0.9231326602606016,2.760382687830376
0,kurtosis|spectral_slope|dominant_freq,110100,3,2.783366327911243,0.0271247789337412,2.7248118452072143,0.944249490845518,2.139831772921058
0,kurtosis|spectral_slope|hjorth_mobility,110010,3,3.048712255292386,0.0353765368505005,2.985962144947052,0.9415960259926748,2.405177700302201
0,kurtosis|spectral_slope|hjorth_complexity,110001,3,3.479716336433589,0.0307395460726303,3.418518050575256,0.9426296917065232,2.836181781443404
0,kurtosis|total_log_power|dominant_freq,101100,3,3.6366649853684008,0.0340805152508964,3.565103117656708,0.935825729329755,2.993130430378216
0,kurtosis|total_log_power|hjorth_mobility,101010,3,4.842829203242808,0.0439369359435431,4.733831303977967,0.9142098902271591,4.199294648252623
0,kurtosis|total_log_power|hjorth_complexity,101001,3,3.7680731691952793,0.0398905617325407,3.6678992164611817,0.9294098885873046,3.124538614205094
0,kurtosis|dominant_freq|hjorth_mobility,100110,3,3.641307449151576,0.0327030329330793,3.580617558479309,0.9427405788220636,2.9977728941613906
0,kurtosis|dominant_freq|hjorth_complexity,100101,3,3.436426600318029,0.0297073175176713,3.371482123565674,0.9392079086511635,2.7928920453278443
0,kurtosis|hjorth_mobility|hjorth_complexity,100011,3,4.433850476584211,0.0388370399341624,4.371135066509247,0.9426415723903366,3.7903159215940256
0,spectral_slope|total_log_power|dominant_freq,11100,3,3.5139942549925296,0.030780069615321,3.448995868206024,0.940562365822087,2.8704597000023444
0,spectral_slope|total_log_power|hjorth_mobility,11010,3,3.873885730718076,0.0511267963896019,3.7531801854133606,0.9014415722208158,3.230351175727891
0,spectral_slope|total_log_power|hjorth_complexity,11001,3,4.0664048643678425,0.0358957027979253,3.982754679203033,0.9274138504620004,3.4228703093776573
0,spectral_slope|dominant_freq|hjorth_mobility,10110,3,3.0189701883051545,0.0298875330076904,2.966993741035461,0.9502851343896662,2.3754356333149693
0,spectral_slope|dominant_freq|hjorth_complexity,10101,3,3.0032201759390533,0.0279103030074749,2.953482066440582,0.9528871199023076,2.359685620948868
0,spectral_slope|hjorth_mobility|hjorth_complexity,10011,3,3.968241742419824,0.0313613063261861,3.918454796123505,0.9534059314581788,3.324707187429639
0,total_log_power|dominant_freq|hjorth_mobility,1110,3,4.752703384819627,0.0385898513519569,4.663953664207458,0.9251366230267096,4.109168829829442
0,total_log_power|dominant_freq|hjorth_complexity,1101,3,3.914767188927904,0.0327524458218381,3.82690709104538,0.9264791970852448,3.2712326339377187
0,total_log_power|hjorth_mobility|hjorth_complexity,1011,3,5.566125429386273,0.042270066650879,5.448600122642517,0.9096593957235688,4.922590874396088
0,dominant_freq|hjorth_mobility|hjorth_complexity,111,3,3.894858323809877,0.030451936315158,3.836164556026459,0.9459603855089608,3.251323768819692
0,skewness|kurtosis|spectral_slope|total_log_power,1111000,4,5.432320338675752,0.0560161048700952,5.347381863498688,0.9274296909707244,4.788785783685567
0,skewness|kurtosis|spectral_slope|dominant_freq,1110100,4,4.336046558001265,0.0430471284626351,4.253559374046326,0.923298990881599,3.69251200301108
0,skewness|kurtosis|spectral_slope|hjorth_mobility,1110010,4,4.910080761126056,0.0515487847544704,4.8215987783432,0.9229306779944262,4.266546206135871
0,skewness|kurtosis|spectral_slope|hjorth_complexity,1110001,4,4.666313531983644,0.0444029821679697,4.580728262329101,0.9221900849190316,4.022778976993458
0,skewness|kurtosis|total_log_power|dominant_freq,1101100,4,5.419450075212493,0.0471455104115025,5.349537940597534,0.9368871166878482,4.775915520222308
0,skewness|kurtosis|total_log_power|hjorth_mobility,1101010,4,6.77501559589766,0.0658756138140614,6.710126881694793,0.943647515777929,6.131481040907475
0,skewness|kurtosis|total_log_power|hjorth_complexity,1101001,4,4.975303852908686,0.0532238264330765,4.894712900257111,0.9316871165315233,4.331769297918501
0,skewness|kurtosis|dominant_freq|hjorth_mobility,1100110,4,5.201525190658868,0.0527247136473334,5.114663951206207,0.9209108744025628,4.557990635668682
0,skewness|kurtosis|dominant_freq|hjorth_complexity,1100101,4,4.536040702011436,0.0415152936745474,4.445072197818756,0.91664948980517,3.892506147021251
0,skewness|kurtosis|hjorth_mobility|hjorth_complexity,1100011,4,5.895145836825669,0.0520545647735782,5.805131336402893,0.918898995319017,5.251611281835483
0,skewness|spectral_slope|total_log_power|dominant_freq,1011100,4,5.20323561446406,0.0453252481279346,5.128736890411377,0.9328079078822564,4.559701059473874
0,skewness|spectral_slope|total_log_power|hjorth_mobility,1011010,4,5.465671749904379,0.0623285913198513,5.313624771118164,0.8858376117730741,4.822137194914194
0,skewness|spectral_slope|total_log_power|hjorth_complexity,1011001,4,5.670396508477628,0.0478933157367499,5.599516256427765,0.935845534264329,5.026861953487443
0,skewness|spectral_slope|dominant_freq|hjorth_mobility,1010110,4,4.6679449354298415,0.0483628270007848,4.575634994125366,0.9217346370455504,4.024410380439656
0,skewness|spectral_slope|dominant_freq|hjorth_complexity,1010101,4,4.813809629809857,0.037726621346837,4.726112128925323,0.9203247379823084,4.170275074819672
0,skewness|spectral_slope|hjorth_mobility|hjorth_complexity,1010011,4,5.627915786276385,0.0462930203818885,5.544048888206482,0.9259722635667796,4.9843812312862
0,skewness|total_log_power|dominant_freq|hjorth_mobility,1001110,4,6.433155465301499,0.0566924208259145,6.357367741680145,0.9347009786798,5.789620910311314
0,skewness|total_log_power|dominant_freq|hjorth_complexity,1001101,4,5.337898029204831,0.0442012732831987,5.271952480506897,0.9401148410568504,4.694363474214645
0,skewness|total_log_power|hjorth_mobility|hjorth_complexity,1001011,4,7.312329618084803,0.062510120152698,7.231488552856446,0.9336831578827388,6.668795063094618
0,skewness|dominant_freq|hjorth_mobility|hjorth_complexity,1000111,4,5.811138539717346,0.0468120213248157,5.720352220630645,0.9196910763287276,5.167603984727161
0,kurtosis|spectral_slope|total_log_power|dominant_freq,111100,4,4.237063953975215,0.0369767858550043,4.166804686260224,0.9366772153712648,3.59352939898503
0,kurtosis|spectral_slope|total_log_power|hjorth_mobility,111010,4,4.876105005281046,0.047126182746532,4.781564325237274,0.9210534550636282,4.2325704502908605
0,kurtosis|spectral_slope|total_log_power|hjorth_complexity,111001,4,4.78727857267335,0.042126030122982,4.707846308231354,0.9316079097186256,4.143744017683165
0,kurtosis|spectral_slope|dominant_freq|hjorth_mobility,110110,4,3.8246145529139786,0.0356938836112303,3.76375597190857,0.9426890954685998,3.1810799979237934
0,kurtosis|spectral_slope|dominant_freq|hjorth_complexity,110101,4,3.8314975248008967,0.0318266860563292,3.77684576625824,0.9490732581958782,3.1879629698107115
0,kurtosis|spectral_slope|hjorth_mobility|hjorth_complexity,110011,4,4.7257339802932,0.0386809346627562,4.662587943077088,0.9448039509506644,4.082199425303014
0,kurtosis|total_log_power|dominant_freq|hjorth_mobility,101110,4,5.675466489740834,0.0436833738961265,5.592764543914795,0.9321623667606218,5.031931934750649
0,kurtosis|total_log_power|dominant_freq|hjorth_complexity,101101,4,4.700785081527755,0.0403847440515376,4.62889098072052,0.9423049411280472,4.05725052653757
0,kurtosis|total_log_power|hjorth_mobility|hjorth_complexity,101011,4,6.258449726837873,0.0510858630777226,6.16846382522583,0.9320316744637134,5.614915171847688
0,kurtosis|dominant_freq|hjorth_mobility|hjorth_complexity,100111,4,4.66999071132429,0.0405394767341719,4.615726517295838,0.9506138522591752,4.026456156334104
0,spectral_slope|total_log_power|dominant_freq|hjorth_mobility,11110,4,4.754012700877711,0.0438043462489729,4.659647757720947,0.922087119227038,4.110478145887526
0,spectral_slope|total_log_power|dominant_freq|hjorth_complexity,11101,4,4.390659451755136,0.0381567680062019,4.304921341800689,0.9273029617585944,3.747124896764951
0,spectral_slope|total_log_power|hjorth_mobility|hjorth_complexity,11011,4,5.5557656626351175,0.0446811722537684,5.442572085666656,0.9148792005925844,4.912231107644932
0,spectral_slope|dominant_freq|hjorth_mobility|hjorth_complexity,10111,4,4.077373770599067,0.0336101738871904,4.027732391166687,0.9546098927738644,3.4338392156088817
0,total_log_power|dominant_freq|hjorth_mobility|hjorth_complexity,1111,4,6.125198747750744,0.0414543293512522,6.001648694229126,0.9077900894360136,5.481664192760559
0,skewness|kurtosis|spectral_slope|total_log_power|dominant_freq,1111100,5,6.1514554717808965,0.0524075022740641,6.079143444347381,0.934962364562598,5.507920916790711
0,skewness|kurtosis|spectral_slope|total_log_power|hjorth_mobility,1111010,5,7.007852295552567,0.06765736423303,6.937139455318451,0.939148504629003,6.364317740562382
0,skewness|kurtosis|spectral_slope|total_log_power|hjorth_complexity,1111001,5,6.206569606328383,0.0570107497751162,6.1307017966270445,0.9335841473917048,5.563035051338198
0,skewness|kurtosis|spectral_slope|dominant_freq|hjorth_mobility,1110110,5,5.510159712538496,0.0532312480230468,5.42787965965271,0.9259049352069793,4.86662515754831
0,skewness|kurtosis|spectral_slope|dominant_freq|hjorth_complexity,1110101,5,5.038305046604946,0.0451776530937914,4.956105412960053,0.925889096951244,4.394770491614761
0,skewness|kurtosis|spectral_slope|hjorth_mobility|hjorth_complexity,1110011,5,6.130418563286588,0.0533261623397081,6.049587904644013,0.9289306811001788,5.4868840082964025
0,skewness|kurtosis|total_log_power|dominant_freq|hjorth_mobility,1101110,5,7.489631657192856,0.0642893082707656,7.421766867923736,0.9424197923743228,6.846097102202671
0,skewness|kurtosis|total_log_power|dominant_freq|hjorth_complexity,1101101,5,6.01650164398998,0.0527283250451627,5.948416656589508,0.9397465250432224,5.372967088999795
0,skewness|kurtosis|total_log_power|hjorth_mobility|hjorth_complexity,1101011,5,8.164676250293105,0.069307106622548,8.105944140434264,0.9483722676907268,7.52114169530292
0,skewness|kurtosis|dominant_freq|hjorth_mobility|hjorth_complexity,1100111,5,6.08249297028929,0.0552189028946785,6.001372492027283,0.927663354023821,5.438958415299105
0,skewness|spectral_slope|total_log_power|dominant_freq|hjorth_mobility,1011110,5,6.598300948325172,0.0596204003103156,6.519547830581665,0.9325069199579606,5.954766393334987
0,skewness|spectral_slope|total_log_power|dominant_freq|hjorth_complexity,1011101,5,6.127549048765004,0.0488987015924439,6.060028627586365,0.9390019709577851,5.4840144937748185
0,skewness|spectral_slope|total_log_power|hjorth_mobility|hjorth_complexity,1011011,5,7.633628951548785,0.0620830979588349,7.559349673557281,0.936748505616244,6.9900943965586
0,skewness|spectral_slope|dominant_freq|hjorth_mobility|hjorth_complexity,1010111,5,6.027457032343,0.0479019432412931,5.944306017875672,0.928700977558528,5.383922477352815
0,skewness|total_log_power|dominant_freq|hjorth_mobility|hjorth_complexity,1001111,5,7.916009487422183,0.0610108313943592,7.851443147563934,0.9447841489171448,7.272474932431998
0,kurtosis|spectral_slope|total_log_power|dominant_freq|hjorth_mobility,111110,5,5.805432837489993,0.0472996363349658,5.722745446586609,0.9311643478053712,5.161898282499807
0,kurtosis|spectral_slope|total_log_power|dominant_freq|hjorth_complexity,111101,5,5.32077196743153,0.043762218662947,5.249044659137726,0.9392356350991204,4.677237412441345
0,kurtosis|spectral_slope|total_log_power|hjorth_mobility|hjorth_complexity,111011,5,6.675683979770541,0.0528184101071863,6.596591499614716,0.9377188057646428,6.032149424780356
0,kurtosis|spectral_slope|dominant_freq|hjorth_mobility|hjorth_complexity,110111,5,4.927954624988884,0.0414001949133241,4.867357324790954,0.9480990006495216,4.284420069998698
0,kurtosis|total_log_power|dominant_freq|hjorth_mobility|hjorth_complexity,101111,5,6.922328675150126,0.0532030626191985,6.844000681972504,0.9401900910316534,6.278794120159941
0,spectral_slope|total_log_power|dominant_freq|hjorth_mobility|hjorth_complexity,11111,5,6.159972693810612,0.0450919111328221,6.038097874069214,0.9128079132215662,5.516438138820427
0,skewness|kurtosis|spectral_slope|total_log_power|dominant_freq|hjorth_mobility,1111110,6,7.73418880147636,0.0661146351983243,7.665341328620911,0.9418653375997452,7.090654246486174
0,skewness|kurtosis|spectral_slope|total_log_power|dominant_freq|hjorth_complexity,1111101,6,6.720323696366325,0.0567326123076762,6.646431170177459,0.9358574165472384,6.07678914137614
0,skewness|kurtosis|spectral_slope|total_log_power|hjorth_mobility|hjorth_complexity,1111011,6,8.572231844440848,0.0707355267492934,8.50957204246521,0.9475762292517164,7.928697289450663
0,skewness|kurtosis|spectral_slope|dominant_freq|hjorth_mobility|hjorth_complexity,1110111,6,6.414558322058245,0.0557310887032918,6.336282164382935,0.933097018955007,5.77102376706806
0,skewness|kurtosis|total_log_power|dominant_freq|hjorth_mobility|hjorth_complexity,1101111,6,8.594323855846003,0.0693542484783836,8.535315240383149,0.9497267236530704,7.950789300855818
0,skewness|spectral_slope|total_log_power|dominant_freq|hjorth_mobility|hjorth_complexity,1011111,6,8.223289742247388,0.0624593708878839,8.161495590305329,0.9467999916607046,7.579755187257203
0,kurtosis|spectral_slope|total_log_power|dominant_freq|hjorth_mobility|hjorth_complexity,111111,6,7.192160619034991,0.0542436965113406,7.116908634471893,0.9425663304522888,6.5486260640448055
0,skewness|kurtosis|spectral_slope|total_log_power|dominant_freq|hjorth_mobility|hjorth_complexity,1111111,7,9.027158600102736,0.071584043457122,8.9641988945961,0.9483564283149604,8.383624045112551
1,none,0,0,0.5728025235582143,0.0083288919095144,0.5331245453834533,0.9612871193478546,-0.070732031431971
1,skewness,1000000,1,1.6859913821410388,0.0320104767514027,1.5913147763252258,0.9131960123286752,1.0424568271508536
1,kurtosis,100000,1,1.1602037792738529,0.0204438130250115,1.0993537797927857,0.942237603094539,0.5166692242836673
1,spectral_slope,10000,1,1.3986668643210085,0.0169992825007059,1.3456435012817385,0.9488752319219468,0.755132309330823
1,total_log_power,1000,1,2.0147953915037213,0.0191282014837309,1.9448465970039368,0.9335524525471516,1.371260836513536
1,dominant_freq,100,1,1.4058260135103018,0.0213633369981588,1.3511544211387634,0.9471841400518496,0.7622914585201165
1,hjorth_mobility,10,1,1.9210329438779503,0.0261279947954912,1.860276065826416,0.9439603837952522,1.2774983888877651
1,hjorth_complexity,1,1,1.640854721596837,0.023143795252932,1.5861346712112427,0.9476197902369288,0.9973201666066516
1,skewness|kurtosis,1100000,2,2.528895147953928,0.0354092276564867,2.425975783252716,0.9046732431511602,1.8853605929637425
1,skewness|spectral_slope,1010000,2,2.691627996736765,0.0358426541631974,2.594035865306854,0.9127960166129168,2.04809344174658
1,skewness|total_log_power,1001000,2,3.2679646420791744,0.0378561026938348,3.1606387194633485,0.9022138349091664,2.624430087088989
1,skewness|dominant_freq,1000100,2,2.697184550238028,0.0397536210264366,2.596456378078461,0.9102534458203132,2.053649995247843
1,skewness|hjorth_mobility,1000010,2,3.30689028050974,0.0456172263733219,3.2013694043159484,0.9110930532271934,2.663355725519555
1,skewness|hjorth_complexity,1000001,2,3.1390930898852645,0.0319740835128078,3.0319887845039366,0.903635624498229,2.49555853489508
1,kurtosis|spectral_slope,110000,2,1.9788115265820176,0.0242445555480662,1.9073705204963685,0.9328237439598324,1.3352769715918322
1,kurtosis|total_log_power,101000,2,2.27785074775815,0.0285381158784786,2.1997239406585694,0.9294851271284148,1.6343161927679648
1,kurtosis|dominant_freq,100100,2,2.1776812647998334,0.0247671455945634,2.1029684281349184,0.9294574034589173,1.5341467098096482
1,kurtosis|hjorth_mobility,100010,2,2.6270508679151536,0.0319893565344902,2.556978879928589,0.9376435496445356,1.9835163129249684
1,kurtosis|hjorth_complexity,100001,2,2.3903564562633632,0.0264573984359691,2.327334683609009,0.9405108726576544,1.746821901273178
1,spectral_slope|total_log_power,11000,2,2.7909765804756432,0.0222237054194679,2.719982926654816,0.933738595590504,2.147442025485458
1,spectral_slope|dominant_freq,10100,2,1.978105864854157,0.0215283916651175,1.9254731929779048,0.9493187968285556,1.3345713098639718
1,spectral_slope|hjorth_mobility,10010,2,2.090243270643056,0.030155079403051,2.033975241470337,0.947774246769008,1.4467087156528704
1,spectral_slope|hjorth_complexity,10001,2,2.429517527068034,0.0245987276558362,2.3651956594467163,0.9396831571422944,1.7859829720778486
1,total_log_power|dominant_freq,1100,2,2.7118407319657503,0.024187008701261,2.646583144187927,0.9381900827754536,2.068306176975565
1,total_log_power|hjorth_mobility,1010,2,3.477760920647532,0.0359172407985361,3.348956945800781,0.9004277069702784,2.8342263656573468
1,total_log_power|hjorth_complexity,1001,2,2.6054560949511827,0.0282522609444483,2.5470025610923765,0.9459603839209926,1.9619215399609973
1,dominant_freq|hjorth_mobility,110,2,2.581581996061653,0.0264341756934538,2.5289701182365416,0.9498019683755284,1.938047441071468
1,dominant_freq|hjorth_complexity,101,2,2.192830971422046,0.0236819139072197,2.143539885044098,0.9528039507626784,1.5492964164318614
1,hjorth_mobility|hjorth_complexity,11,2,3.163248370389268,0.0286912164820597,3.102289640808105,0.9433821667279588,2.519713815399083
1,skewness|kurtosis|spectral_slope,1110000,3,3.529013056745008,0.038886994457005,3.4226962903022766,0.9029425570468456,2.8854785017548226
1,skewness|kurtosis|total_log_power,1101000,3,3.634321457346901,0.0441540218554658,3.5362707137107847,0.9118415635048568,2.990786902356716
1,skewness|kurtosis|dominant_freq,1100100,3,3.65815769077912,0.0375695282022755,3.5572843203544617,0.9071247327349542,3.0146231357889346
1,skewness|kurtosis|hjorth_mobility,1100010,3,4.312487540215254,0.047634015142375,4.224998687076568,0.9211207757338228,3.6689529852250686
1,skewness|kurtosis|hjorth_complexity,1100001,3,3.4655205408830194,0.03933250151502,3.371938999080658,0.9136910694709308,2.8219859858928342
1,skewness|spectral_slope|total_log_power,1011000,3,4.1695150520257656,0.044678812568172,4.056635326385498,0.9016197809213112,3.5259804970355804
1,skewness|spectral_slope|dominant_freq,1010100,3,3.291180684941262,0.0401893312385427,3.2019792786598207,0.92337028214356,2.647646129951077
1,skewness|spectral_slope|hjorth_mobility,1010010,3,3.520931385674328,0.0487690644439907,3.4304384189605712,0.9252118680751656,2.8773968306841424
1,skewness|spectral_slope|hjorth_complexity,1010001,3,4.097655052229762,0.035207557634071,3.985702205657959,0.9024593908407544,3.454120497239577
1,skewness|total_log_power|dominant_freq,1001100,3,4.091302967964485,0.0395416674512496,3.982082551670074,0.9027920614581574,3.4477684129743
1,skewness|total_log_power|hjorth_mobility,1001010,3,5.221003380798549,0.0562845272274713,5.083543257713318,0.8919247381163182,4.577468825808364
1,skewness|total_log_power|hjorth_complexity,1001001,3,4.150178415824845,0.0385730624579171,4.067144182872772,0.925168300775389,3.50664386083466
1,skewness|dominant_freq|hjorth_mobility,1000110,3,4.037180556787551,0.0450162561786813,3.943239347267151,0.9222019667102984,3.3936460017973653
1,skewness|dominant_freq|hjorth_complexity,1000101,3,3.902667289115489,0.0315019139654232,3.803980318260193,0.9138138453236916,3.259132734125304
1,skewness|hjorth_mobility|hjorth_complexity,1000011,3,5.006472449498624,0.0424613963622397,4.897368629932403,0.9066138469339144,4.362937894508439
1,kurtosis|spectral_slope|total_log_power,111000,3,3.253942361214757,0.0315046455492857,3.171669594860077,0.9257029541720028,2.610407806224572
1,kurtosis|spectral_slope|dominant_freq,110100,3,2.6734117798417807,0.0272088372563893,2.60519127073288,0.9354613680815708,2.0298772248515955
1,kurtosis|spectral_slope|hjorth_mobility,110010,3,2.89315808799006,0.0333635458837902,2.83275552854538,0.9445227600154495,2.249623532999875
1,kurtosis|spectral_slope|hjorth_complexity,110001,3,3.137808732979372,0.029527036454963,3.076435181903839,0.9423207794601588,2.494274177989187
1,kurtosis|total_log_power|dominant_freq,101100,3,3.2872608733218165,0.0303542936914517,3.214422106838226,0.93354057680767,2.643726318331632
1,kurtosis|total_log_power|hjorth_mobility,101010,3,4.439919429925829,0.0404594381097408,4.328705228328705,0.9158455316484364,3.796384874935644
1,kurtosis|total_log_power|hjorth_complexity,101001,3,3.211959499388188,0.0361850606909552,3.151412914943695,0.9476831560532646,2.5684249443980027
1,kurtosis|dominant_freq|hjorth_mobility,100110,3,3.2821677196782084,0.0316003864211304,3.222210327529907,0.9440752341588264,2.6386331646880232
1,kurtosis|dominant_freq|hjorth_complexity,100101,3,2.995647222663835,0.0291450902958668,2.929438909626007,0.9383485023127408,2.3521126676736497
1,kurtosis|hjorth_mobility|hjorth_complexity,100011,3,3.837722385537624,0.0389129459900603,3.773672417545319,0.9416277103777672,3.194187830547439
1,spectral_slope|total_log_power|dominant_freq,11100,3,3.270665695492551,0.0276234697369303,3.209628084850311,0.942792066108215,2.6271311405023656
1,spectral_slope|total_log_power|hjorth_mobility,11010,3,3.5857131197210403,0.0429521355497151,3.4740070104599,0.9078098890312984,2.942178564730855
1,spectral_slope|total_log_power|hjorth_complexity,11001,3,3.5640193844173105,0.0285419931565938,3.5047229927062986,0.9446217703550024,2.9204848294271253
1,spectral_slope|dominant_freq|hjorth_mobility,10110,3,2.6538376045633107,0.0309810929407953,2.6023791074752807,0.9512395941539278,2.0103030495731256
1,spectral_slope|dominant_freq|hjorth_complexity,10101,3,2.615002218990773,0.027211941187036,2.5593166984558104,0.9473900912045268,1.971467664000588
1,spectral_slope|hjorth_mobility|hjorth_complexity,10011,3,3.2911802738375964,0.0308785188782637,3.24110567483902,0.9526138516153398,2.647645718847411
1,total_log_power|dominant_freq|hjorth_mobility,1110,3,4.077836831593141,0.0340494134271796,3.9765696918487534,0.9161584019221404,3.4343022766029554
1,total_log_power|dominant_freq|hjorth_complexity,1101,3,3.187857117310539,0.0308507710491003,3.1344043357849123,0.9507089031638026,2.5443225623203536
1,total_log_power|hjorth_mobility|hjorth_complexity,1011,3,4.559746875892579,0.0349160639713558,4.466943693637848,0.9247049386018074,3.916212320902394
1,dominant_freq|hjorth_mobility|hjorth_complexity,111,3,3.2862388633690776,0.029956210109764,3.2334034130096434,0.9502613770076735,2.6427043083788924
1,skewness|kurtosis|spectral_slope|total_log_power,1111000,4,4.889317606525123,0.0489813413918445,4.793536310195923,0.915235626802626,4.2457830515349375
1,skewness|kurtosis|spectral_slope|dominant_freq,1110100,4,4.1653313802361485,0.0407283061892972,4.076540144634246,0.9191603816754624,3.521796825245964
1,skewness|kurtosis|spectral_slope|hjorth_mobility,1110010,4,4.668325924479216,0.0499341037344972,4.586136801528931,0.927065332049057,4.024791369489031
1,skewness|kurtosis|spectral_slope|hjorth_complexity,1110001,4,4.437549555770308,0.0412949838588997,4.344652670955658,0.9153980045738354,3.7940150007801225
1,skewness|kurtosis|total_log_power|dominant_freq,1101100,4,4.792664172233641,0.0442119833319081,4.690915047264099,0.9101821628762006,4.149129617243456
1,skewness|kurtosis|total_log_power|hjorth_mobility,1101010,4,6.280712578169629,0.0599782503849347,6.207582917308807,0.9362732558209264,5.637178023179444
1,skewness|kurtosis|total_log_power|hjorth_complexity,1101001,4,4.475975291110575,0.0488651065893839,4.391153707408905,0.9262178078531916,3.8324407361203896
1,skewness|kurtosis|dominant_freq|hjorth_mobility,1100110,4,4.893791250938177,0.046056230824031,4.810087757968903,0.9238613723858567,4.250256695947992
1,skewness|kurtosis|dominant_freq|hjorth_complexity,1100101,4,4.372855825886503,0.0386076483174331,4.273492295265198,0.909932657999386,3.7293212708963175
1,skewness|kurtosis|hjorth_mobility|hjorth_complexity,1100011,4,5.457384492098913,0.0496836878965945,5.3650520644187925,0.9165385990478132,4.813849937108728
1,skewness|spectral_slope|total_log_power|dominant_freq,1011100,4,4.812526580439135,0.0475835681455097,4.711458901977539,0.914217808104305,4.16899202544895
1,skewness|spectral_slope|total_log_power|hjorth_mobility,1011010,4,5.215289289500564,0.0606354349321548,5.07507042388916,0.8932158286015413,4.571754734510379
1,skewness|spectral_slope|total_log_power|hjorth_complexity,1011001,4,5.287204847251997,0.0452888451757005,5.205999442195893,0.927045531541689,4.643670292261811
1,skewness|spectral_slope|dominant_freq|hjorth_mobility,1010110,4,4.224446287168562,0.0499135352850365,4.133051554012298,0.9267920674503772,3.580911732178377
1,skewness|spectral_slope|dominant_freq|hjorth_complexity,1010101,4,4.528140928712115,0.0367731639747678,4.424017231750488,0.9128475116988438,3.8846063737219296
1,skewness|spectral_slope|hjorth_mobility|hjorth_complexity,1010011,4,5.257563882943988,0.0462939305096921,5.15307144575119,0.9130257280518006,4.614029327953802
1,skewness|total_log_power|dominant_freq|hjorth_mobility,1001110,4,5.960761389547587,0.0546279217915695,5.849524032306671,0.9074336499006284,5.317226834557402
1,skewness|total_log_power|dominant_freq|hjorth_complexity,1001101,4,4.791066271125525,0.040762601650252,4.716740556526184,0.9332395917046226,4.14753171613534
1,skewness|total_log_power|hjorth_mobility|hjorth_complexity,1001011,4,6.634646466266736,0.055885778389856,6.552286089706421,0.93038018632629,5.991111911276551
1,skewness|dominant_freq|hjorth_mobility|hjorth_complexity,1000111,4,5.298474050870538,0.0426323777319651,5.192091805553436,0.9130455313650672,4.6549394958803525
1,kurtosis|spectral_slope|total_log_power|dominant_freq,111100,4,3.868826771910861,0.0347841308753506,3.790391023635864,0.9301782030497474,3.225292216920676
1,kurtosis|spectral_slope|total_log_power|hjorth_mobility,111010,4,4.640228482000158,0.0423255456060048,4.541303849220276,0.9184910775293456,3.996693927009973
1,kurtosis|spectral_slope|total_log_power|hjorth_complexity,111001,4,4.268230842643604,0.0384056654681509,4.208765834140777,0.9470376133703696,3.6246962876534186
1,kurtosis|spectral_slope|dominant_freq|hjorth_mobility,110110,4,3.4105231310524045,0.0356896450611053,3.3510232604980468,0.9443762247934548,2.76698857606222
1,kurtosis|spectral_slope|dominant_freq|hjorth_complexity,110101,4,3.418909592854232,0.0332696040738105,3.3586111338615416,0.9435524654676511,2.7753750378640465
1,kurtosis|spectral_slope|hjorth_mobility|hjorth_complexity,110011,4,4.007085803459212,0.0404125677029455,3.9519145970344542,0.9489861284248275,3.363551248469027
1,kurtosis|total_log_power|dominant_freq|hjorth_mobility,101110,4,4.99923775071986,0.040274446211345,4.90545382528305,0.9249346411376363,4.355703195729675
1,kurtosis|total_log_power|dominant_freq|hjorth_complexity,101101,4,3.9784098085418345,0.0375582465882271,3.9260162113189696,0.9539049417052862,3.3348752535516493
1,kurtosis|total_log_power|hjorth_mobility|hjorth_complexity,101011,4,5.528497091276944,0.0455053811523265,5.463574510669709,0.9460831587700206,4.884962536286759
1,kurtosis|dominant_freq|hjorth_mobility|hjorth_complexity,100111,4,4.077939979007468,0.0395916779508072,4.020710828590393,0.9468831569452364,3.4344054240172825
1,spectral_slope|total_log_power|dominant_freq|hjorth_mobility,11110,4,4.155466913755238,0.0403516554546973,4.048710320663452,0.913295039069948,3.511932358765053
1,spectral_slope|total_log_power|dominant_freq|hjorth_complexity,11101,4,3.7454063791405408,0.0329276986078297,3.685019883441925,0.9455405868695044,3.101871824150356
1,spectral_slope|total_log_power|hjorth_mobility|hjorth_complexity,11011,4,4.87478318333663,0.0398497726562562,4.777172146034241,0.9208277121605888,4.231248628346445
1,spectral_slope|dominant_freq|hjorth_mobility|hjorth_complexity,10111,4,3.406908943367005,0.0349616220275728,3.360025391960144,0.9559366262105244,2.76337438837682
1,total_log_power|dominant_freq|hjorth_mobility|hjorth_complexity,1111,4,4.995107890418917,0.0368977707136078,4.903404214096069,0.9259247438665288,4.351573335428732
1,skewness|kurtosis|spectral_slope|total_log_power|dominant_freq,1111100,5,5.572271255752444,0.050499430313772,5.476822114372253,0.9185782047479736,4.928736700762259
1,skewness|kurtosis|spectral_slope|total_log_power|hjorth_mobility,1111010,5,6.541282431901619,0.0612814536521913,6.456969581890106,0.9281940484198136,5.897747876911434
1,skewness|kurtosis|spectral_slope|total_log_power|hjorth_complexity,1111001,5,5.664205547238514,0.0525433718997113,5.589640268135071,0.9332950371159664,5.020670992248329
1,skewness|kurtosis|spectral_slope|dominant_freq|hjorth_mobility,1110110,5,5.2062279517002406,0.0513138945381332,5.1248521266937255,0.9287009772920248,4.562693396710055
1,skewness|kurtosis|spectral_slope|dominant_freq|hjorth_complexity,1110101,5,4.807835104798898,0.0424914966196556,4.722617673492431,0.9229346403728196,4.164300549808713
1,skewness|kurtosis|spectral_slope|hjorth_mobility|hjorth_complexity,1110011,5,5.8172215574186295,0.0526822625304846,5.728450423049927,0.9207960260707976,5.173687002428444
1,skewness|kurtosis|total_log_power|dominant_freq|hjorth_mobility,1101110,5,6.866546058232338,0.0586669056640246,6.790197699737549,0.933805929096499,6.2230115032421525
1,skewness|kurtosis|total_log_power|dominant_freq|hjorth_complexity,1101101,5,5.397142034944892,0.0470824589063203,5.320466456508637,0.9330890970206176,4.753607479954707
1,skewness|kurtosis|total_log_power|hjorth_mobility|hjorth_complexity,1101011,5,7.387987342639267,0.0626100402205302,7.329319274997711,0.9487999896292652,6.744452787649082
1,skewness|kurtosis|dominant_freq|hjorth_mobility|hjorth_complexity,1100111,5,5.71894029708691,0.0497714651974886,5.629645668506623,0.9210138476865204,5.0754057420967245
1,skewness|spectral_slope|total_log_power|dominant_freq|hjorth_mobility,1011110,5,6.0585765865471215,0.0593720677499625,5.952505262279511,0.915790087847874,5.415042031556936
1,skewness|spectral_slope|total_log_power|dominant_freq|hjorth_complexity,1011101,5,5.70078071728386,0.0464452361112503,5.629563057804107,0.9369544452130482,5.057246162293675
1,skewness|spectral_slope|total_log_power|hjorth_mobility|hjorth_complexity,1011011,5,6.8897150541700425,0.058910373704242,6.797015451812745,0.9248791974767044,6.246180499179857
1,skewness|spectral_slope|dominant_freq|hjorth_mobility|hjorth_complexity,1010111,5,5.500292527576536,0.0466806691406632,5.395580690860748,0.9174851367377498,4.856757972586351
1,skewness|total_log_power|dominant_freq|hjorth_mobility|hjorth_complexity,1001111,5,7.046639022061601,0.0553834930892831,6.970816205406189,0.9353821679715544,6.403104467071416
1,kurtosis|spectral_slope|total_log_power|dominant_freq|hjorth_mobility,111110,5,5.235305574968829,0.0438840687778617,5.138079749298096,0.9213227611590872,4.591771019978644
1,kurtosis|spectral_slope|total_log_power|dominant_freq|hjorth_complexity,111101,5,4.589706849195808,0.0412302668838228,4.527266746616363,0.946415833855348,3.946172294205623
1,kurtosis|spectral_slope|total_log_power|hjorth_mobility|hjorth_complexity,111011,5,5.934484632725269,0.0502670813935275,5.85969037361145,0.9392554356144354,5.290950077735084
1,kurtosis|spectral_slope|dominant_freq|hjorth_mobility|hjorth_complexity,110111,5,4.253228986937553,0.0432508105556369,4.200646894741058,0.9515366249119184,3.609694431947368
1,kurtosis|total_log_power|dominant_freq|hjorth_mobility|hjorth_complexity,101111,5,5.966404198613763,0.0479595037920784,5.899605014896393,0.9450059328682692,5.322869643623577
1,spectral_slope|total_log_power|dominant_freq|hjorth_mobility|hjorth_complexity,11111,5,4.999889436365664,0.0410253938469155,4.890086433506012,0.9158970224218952,4.356354881375479
1,skewness|kurtosis|spectral_slope|total_log_power|dominant_freq|hjorth_mobility,1111110,6,7.183313126662001,0.0631435359814776,7.097166820716858,0.9291762266088266,6.539778571671816
1,skewness|kurtosis|spectral_slope|total_log_power|dominant_freq|hjorth_complexity,1111101,6,6.160190316023305,0.0522168776673359,6.089819795036316,0.9379564259675468,5.51665576103312
1,skewness|kurtosis|spectral_slope|total_log_power|hjorth_mobility|hjorth_complexity,1111011,6,7.858303519551828,0.0655989298117622,7.785343660449982,0.9380673157652044,7.214768964561643
1,skewness|kurtosis|spectral_slope|dominant_freq|hjorth_mobility|hjorth_complexity,1110111,6,6.091298944050819,0.0534259194416081,6.009164995193482,0.9278455330529513,5.447764389060634
1,skewness|kurtosis|total_log_power|dominant_freq|hjorth_mobility|hjorth_complexity,1101111,6,7.869929118828476,0.0627816604933692,7.806523791217804,0.9459049413624404,7.226394563838291
1,skewness|spectral_slope|total_log_power|dominant_freq|hjorth_mobility|hjorth_complexity,1011111,6,7.366873948795721,0.0584895595013556,7.287990969085693,0.9354257334965056,6.723339393805536
1,kurtosis|spectral_slope|total_log_power|dominant_freq|hjorth_mobility|hjorth_complexity,111111,6,6.290371208108216,0.0522987806016939,6.211641483783722,0.93913662684475,5.646836653118031
1,skewness|kurtosis|spectral_slope|total_log_power|dominant_freq|hjorth_mobility|hjorth_complexity,1111111,7,8.340885367647932,0.0659502709300341,8.269517127418519,0.9417702887782936,7.697350812657747
5,none,0,0,0.5862291366711259,0.0081346725484956,0.551244703578949,0.9657861328187068,-0.0573054183190594
5,skewness,1000000,1,1.5076910001222044,0.0313515952450518,1.4420461738586423,0.9413980049304076,0.8641564451320191
5,kurtosis,100000,1,1.0839229886896908,0.0236128620467875,1.0375641578674315,0.9563603834571702,0.4403884336995055
5,spectral_slope,10000,1,1.4577704731203616,0.0162619043226188,1.4138865396499634,0.9574019686226044,0.8142359181301763
5,total_log_power,1000,1,2.035448315922171,0.0188754768935858,1.9747525170326232,0.9418296817326888,1.3919137609319856
5,dominant_freq,100,1,1.5098187186833472,0.0240031490365538,1.462493682575226,0.954249493349648,0.8662841636931619
5,hjorth_mobility,10,1,1.9736516645383089,0.0267663757639404,1.9040582214355468,0.9349900829290684,1.3301171095481237
5,hjorth_complexity,1,1,1.6786189454760403,0.0214267749008676,1.6129382918357849,0.9389504864830178,1.035084390485855
5,skewness|kurtosis,1100000,2,2.4015631107121704,0.0400450783467073,2.3312596491813657,0.9347999809730292,1.7580285557219852
5,skewness|spectral_slope,1010000,2,2.593524453830719,0.0343016603868587,2.512392187213898,0.9298019658621663,1.949989898840534
5,skewness|total_log_power,1001000,2,2.8673417098160834,0.0382184253829944,2.791076108455658,0.9298296867333068,2.223807154825898
5,skewness|dominant_freq,1000100,2,2.5240429687649013,0.0425318371833924,2.4341311324119568,0.920198001588022,1.880508413774716
5,skewness|hjorth_mobility,1000010,2,3.2787476470459254,0.043739088384528,3.183347212600708,0.9164316660293848,2.63521309205574
5,skewness|hjorth_complexity,1000001,2,3.009984163851664,0.0321574255861355,2.9136967303276062,0.913001960386906,2.3664496088614784
5,kurtosis|spectral_slope,110000,2,1.982196880872175,0.0262601229488387,1.931011299324036,0.9519247383177948,1.3386623258819896
5,kurtosis|total_log_power,101000,2,2.2517303741790355,0.0305032188568405,2.185382239341736,0.9384910691665028,1.6081958191888504
5,kurtosis|dominant_freq,100100,2,2.204276422291994,0.0316063927747279,2.1514129638671875,0.9505148380562664,1.5607418673018087
5,kurtosis|hjorth_mobility,100010,2,2.658411995812133,0.0337375130344367,2.5753407355308533,0.9258851309096678,2.014877440821948
5,kurtosis|hjorth_complexity,100001,2,2.396193661673367,0.0307156857125456,2.3305363567352293,0.9387366159613378,1.7526591066831818
5,spectral_slope|total_log_power,11000,2,2.851057521852106,0.0232678570792089,2.7919104532241823,0.9436158263378348,2.2075229668619207
5,spectral_slope|dominant_freq,10100,2,2.0232020849242804,0.0233311789879679,1.9785287528038025,0.956776226922879,1.3796675299340952
5,spectral_slope|hjorth_mobility,10010,2,2.0944881566327065,0.0329114107637915,2.021442200756073,0.9322732499422498,1.4509536016425213
5,spectral_slope|hjorth_complexity,10001,2,2.517736206575483,0.0248144920706605,2.461546307373047,0.9473821684941156,1.874201651585298
5,total_log_power|dominant_freq,1100,2,2.7967767091389746,0.0244192295950156,2.7427069049835207,0.9479920639659118,2.1532421541487894
5,total_log_power|hjorth_mobility,1010,2,3.4725155786290767,0.0405650975643551,3.349446556663513,0.9047920645138322,2.8289810236388915
5,total_log_power|hjorth_complexity,1001,2,2.783956579120457,0.0281408180561036,2.720049291229248,0.9395920665137212,2.140422024130272
5,dominant_freq|hjorth_mobility,110,2,2.6404534655302765,0.0297240711571749,2.577043681240082,0.9398613705162568,1.9969189105400915
5,dominant_freq|hjorth_complexity,101,2,2.379385525988788,0.0255204047222163,2.322690846538544,0.9460435524169508,1.735850970998602
5,hjorth_mobility|hjorth_complexity,11,2,3.399971497922764,0.0301742026677276,3.334111275100708,0.9381069179613442,2.756436942932578
5,skewness|kurtosis|spectral_slope,1110000,3,3.3723506253499536,0.0416858256775204,3.293106949710846,0.9272395873044208,2.7288160703597684
5,skewness|kurtosis|total_log_power,1101000,3,3.529044437551126,0.0433803841298512,3.445920651245117,0.9254851316009972,2.8855098825609407
5,skewness|kurtosis|dominant_freq,1100100,3,3.399025235189125,0.0448014345246003,3.315739965343475,0.9232673088788692,2.75549068019894
5,skewness|kurtosis|hjorth_mobility,1100010,3,4.264258104181289,0.0496432880671557,4.180069894790649,0.9231881009245616,3.620723549191104
5,skewness|kurtosis|hjorth_complexity,1100001,3,3.440381495526433,0.0423970757731127,3.334476351928711,0.9028118599918532,2.796846940536248
5,skewness|spectral_slope|total_log_power,1011000,3,3.900985270160064,0.0428576655724944,3.820100032043457,0.9267009746621376,3.257450715169879
5,skewness|spectral_slope|dominant_freq,1010100,3,3.3160294398065657,0.0393770180912146,3.2309607712745665,0.9249267165354748,2.6724948848163805
5,skewness|spectral_slope|hjorth_mobility,1010010,3,3.414650460823998,0.0487871721345742,3.306785768890381,0.9089821636651144,2.771115905833813
5,skewness|spectral_slope|hjorth_complexity,1010001,3,4.080228604292497,0.035011490477806,3.9830282725334167,0.9138178051782454,3.436694049302312
5,skewness|total_log_power|dominant_freq,1001100,3,4.0793967397172,0.0382127345417784,3.996699454975128,0.9243405780625078,3.435862184727015
5,skewness|total_log_power|hjorth_mobility,1001010,3,5.005701194841414,0.0538460469038958,4.897236686992645,0.9098613724847284,4.362166639851229
5,skewness|total_log_power|hjorth_complexity,1001001,3,4.1391608186654745,0.0390168021318292,4.06574090871811,0.9325108740472656,3.4956262636752893
5,skewness|dominant_freq|hjorth_mobility,1000110,3,4.127906476101652,0.0461195670131825,4.033410085678101,0.9175445382991152,3.4843719211114665
5,skewness|dominant_freq|hjorth_complexity,1000101,3,3.9834842136241497,0.0345674067326237,3.883620383548736,0.9101029509841042,3.3399496586339645
5,skewness|hjorth_mobility|hjorth_complexity,1000011,3,5.065825818360224,0.0436462533009181,4.948865747356415,0.8971326550300349,4.422291263370039
5,kurtosis|spectral_slope|total_log_power,111000,3,3.249321355226263,0.0346722620691738,3.183820155620575,0.9395762220722956,2.605786800236078
5,kurtosis|spectral_slope|dominant_freq,110100,3,2.643047477708385,0.0326889980114069,2.5928119955062865,0.9529584032728524,1.9995129227182
5,kurtosis|spectral_slope|hjorth_mobility,110010,3,2.8004399694945663,0.0363910858295791,2.7235003686904906,0.9322811722480612,2.156905414504381
5,kurtosis|spectral_slope|hjorth_complexity,110001,3,3.3098159263480453,0.031897747306646,3.252403985595703,0.9467207794831162,2.66628137135786
5,kurtosis|total_log_power|dominant_freq,101100,3,3.204792272491753,0.0327146640078256,3.147622428798676,0.9470653321798732,2.561257717501568
5,kurtosis|total_log_power|hjorth_mobility,101010,3,4.484324457634986,0.0431566239806709,4.372487064743042,0.9165346375731152,3.8407899026448007
5,kurtosis|total_log_power|hjorth_complexity,101001,3,3.470055050237104,0.0369316178532065,3.4083984168052672,0.9431683032723436,2.826520495246919
5,kurtosis|dominant_freq|hjorth_mobility,100110,3,3.249113968537748,0.0383540329115887,3.184202484226226,0.939924738071761,2.6055794135475625
5,kurtosis|dominant_freq|hjorth_complexity,100101,3,3.280364435436204,0.0332817257292793,3.221489137077332,0.9450494909840076,2.636829880446019
5,kurtosis|hjorth_mobility|hjorth_complexity,100011,3,4.186398898043484,0.0419508018594305,4.11583651638031,0.9359366196794237,3.5428643430532984
5,spectral_slope|total_log_power|dominant_freq,11100,3,3.3322254830557854,0.0273189009990218,3.2843145400047304,0.9540316722680392,2.6886909280656
5,spectral_slope|total_log_power|hjorth_mobility,11010,3,3.576158927095681,0.0456649972861829,3.490395645236969,0.9247168184404596,2.9326243721054963
5,spectral_slope|total_log_power|hjorth_complexity,11001,3,3.6156537772156296,0.0327812856611978,3.5633066528320314,0.9504435554985328,2.9721192222254444
5,spectral_slope|dominant_freq|hjorth_mobility,10110,3,2.689376767017692,0.0343117376434937,2.6251224645614624,0.9395088975907464,2.045842212027507
5,spectral_slope|dominant_freq|hjorth_complexity,10101,3,2.8327159052785484,0.027371431387177,2.775850277900696,0.9474257331452528,2.1891813502883632
5,spectral_slope|hjorth_mobility|hjorth_complexity,10011,3,3.625041499641165,0.0340171490216192,3.559774075508117,0.9416475142274144,2.98150694465098
5,total_log_power|dominant_freq|hjorth_mobility,1110,3,4.219140133084357,0.0363530337977233,4.153442776298523,0.9406890983398836,3.575605578094172
5,total_log_power|dominant_freq|hjorth_complexity,1101,3,3.4262747233442963,0.0307029264521591,3.376388718795776,0.9524673168280064,2.782740168354111
5,total_log_power|hjorth_mobility|hjorth_complexity,1011,3,4.674639068924636,0.0400783143122388,4.611417100811004,0.9428990001286714,4.031104513934451
5,dominant_freq|hjorth_mobility|hjorth_complexity,111,3,3.611314331866428,0.033054483458875,3.5475481486320497,0.9408554336591708,2.967779776876243
5,skewness|kurtosis|spectral_slope|total_log_power,1111000,4,4.725996178428456,0.0509543531109934,4.64893004579544,0.9301663219055426,4.082461623438271
5,skewness|kurtosis|spectral_slope|dominant_freq,1110100,4,4.071972226509452,0.0465690084845643,3.984397853374481,0.9199049338423004,3.4284376715192666
5,skewness|kurtosis|spectral_slope|hjorth_mobility,1110010,4,4.579748525116965,0.0528842930485956,4.479045258522033,0.9124910728429954,3.93621397012678
5,skewness|kurtosis|spectral_slope|hjorth_complexity,1110001,4,4.507782759745791,0.0450969880118091,4.409292457008362,0.910867309305325,3.864248204755606
5,skewness|kurtosis|total_log_power|dominant_freq,1101100,4,4.64231075903438,0.0454405381910601,4.563036703968048,0.92881978745574,3.998776204044195
5,skewness|kurtosis|total_log_power|hjorth_mobility,1101010,4,6.053389477324858,0.058936797804216,5.987738875770569,0.9416158301869018,5.409854922334673
5,skewness|kurtosis|total_log_power|hjorth_complexity,1101001,4,4.385135418345406,0.0490618838899697,4.30275428571701,0.926031667403428,3.741600863355221
5,skewness|kurtosis|dominant_freq|hjorth_mobility,1100110,4,4.885037455331162,0.0517176835485032,4.791335256767273,0.9154217668958904,4.2415029003409765
5,skewness|kurtosis|dominant_freq|hjorth_complexity,1100101,4,4.348525246791541,0.0438843831197081,4.252074331760406,0.9122376063517494,3.704990691801356
5,skewness|kurtosis|hjorth_mobility|hjorth_complexity,1100011,4,5.502794408975914,0.0530098314714673,5.394178773212433,0.9034494882175954,4.859259853985729
5,skewness|spectral_slope|total_log_power|dominant_freq,1011100,4,4.726494860891625,0.0420629617623781,4.641397471523285,0.9235128564899292,4.08296030590144
5,skewness|spectral_slope|total_log_power|hjorth_mobility,1011010,4,5.176159512003139,0.0582068751782979,5.072931472301483,0.913085135471615,4.5326249570129535
5,skewness|spectral_slope|total_log_power|hjorth_complexity,1011001,4,5.135027904509753,0.0453814989847496,5.069200991725921,0.9392752342444328,4.491493349519568
5,skewness|spectral_slope|dominant_freq|hjorth_mobility,1010110,4,4.111669166667387,0.0504581777779892,4.01748801984787,0.918839589549322,3.4681346116772014
5,skewness|spectral_slope|dominant_freq|hjorth_complexity,1010101,4,4.572870228109509,0.0382385594937709,4.473696276569367,0.9125504780318052,3.929335673119324
5,skewness|spectral_slope|hjorth_mobility|hjorth_complexity,1010011,4,5.367053076565639,0.0481952731645862,5.255131797885895,0.90611087574188,4.723518521575453
5,skewness|total_log_power|dominant_freq|hjorth_mobility,1001110,4,5.910149237021804,0.0515694193633083,5.834488929367065,0.9340791968305588,5.266614682031618
5,skewness|total_log_power|dominant_freq|hjorth_complexity,1001101,4,4.883610194160417,0.0413729110892506,4.812649698162079,0.935738600094724,4.240075639170232
5,skewness|total_log_power|hjorth_mobility|hjorth_complexity,1001011,4,6.584770721374079,0.0581051188588794,6.517731910037995,0.9399366219512642,5.941236166383894
5,skewness|dominant_freq|hjorth_mobility|hjorth_complexity,1000111,4,5.504900379746035,0.0457560858569874,5.39822104473114,0.907180181302982,4.8613658247558496
5,kurtosis|spectral_slope|total_log_power|dominant_freq,111100,4,3.765502612057328,0.0381250719471969,3.710632549381256,0.9492752353938396,3.121968057067143
5,kurtosis|spectral_slope|total_log_power|hjorth_mobility,111010,4,4.711258729401603,0.0462875576945716,4.618807525348664,0.9256158278973908,4.067724174411418
5,kurtosis|spectral_slope|total_log_power|hjorth_complexity,111001,4,4.47745461034812,0.0416018560100332,4.424305851745605,0.9508752371027258,3.833920055357935
5,kurtosis|spectral_slope|dominant_freq|hjorth_mobility,110110,4,3.371237115811929,0.0408574859305893,3.309752973651886,0.9431801844130144,2.727702560821744
5,kurtosis|spectral_slope|dominant_freq|hjorth_complexity,110101,4,3.7122461755957454,0.0346498597069447,3.659373865795136,0.9513267215463344,3.06871162060556
5,kurtosis|spectral_slope|hjorth_mobility|hjorth_complexity,110011,4,4.502804481158406,0.0414739252723048,4.435370960712433,0.9409227618894196,3.8592699261682206
5,kurtosis|total_log_power|dominant_freq|hjorth_mobility,101110,4,4.961014044547453,0.0437084746743939,4.892684328174591,0.9422970182116852,4.317479489557268
5,kurtosis|total_log_power|dominant_freq|hjorth_complexity,101101,4,4.138024685935676,0.0377882890310977,4.09022743358612,0.955865336685217,3.4944901309454908
5,kurtosis|total_log_power|hjorth_mobility|hjorth_complexity,101011,4,5.804375900603458,0.0502978270792174,5.751946649360657,0.952423752039574,5.160841345613273
5,kurtosis|dominant_freq|hjorth_mobility|hjorth_complexity,100111,4,4.405126616356895,0.0426460150841471,4.343005964374543,0.9436950381168764,3.761592061366709
5,spectral_slope|total_log_power|dominant_freq|hjorth_mobility,11110,4,4.226555729042366,0.0404453446523664,4.171115085983276,0.9480950400195092,3.583021174052181
5,spectral_slope|total_log_power|dominant_freq|hjorth_complexity,11101,4,3.973109539023787,0.034059725969583,3.9267115652084352,0.9564277155763544,3.3295749840336017
5,spectral_slope|total_log_power|hjorth_mobility|hjorth_complexity,11011,4,4.909855018483475,0.0441522579475698,4.852869002628326,0.9484712796035236,4.266320463493289
5,spectral_slope|dominant_freq|hjorth_mobility|hjorth_complexity,10111,4,3.730169805791974,0.0378802405102909,3.664467961502075,0.9426970192856816,3.086635250801789
5,total_log_power|dominant_freq|hjorth_mobility|hjorth_complexity,1111,4,5.245889083349332,0.0399330776345558,5.181252431678772,0.9429702881104386,4.602354528359147
5,skewness|kurtosis|spectral_slope|total_log_power|dominant_freq,1111100,5,5.365011162773892,0.0516463340910802,5.288779522132874,0.9306019661587186,4.721476607783707
5,skewness|kurtosis|spectral_slope|total_log_power|hjorth_mobility,1111010,5,6.447303114932031,0.0630572258186058,6.375580602931977,0.9372079092011208,5.803768559941846
5,skewness|kurtosis|spectral_slope|total_log_power|hjorth_complexity,1111001,5,5.610538120341301,0.0544452975060651,5.538089163970947,0.9343088982643816,4.967003565351116
5,skewness|kurtosis|spectral_slope|dominant_freq|hjorth_mobility,1110110,5,5.092758925729245,0.0553050717653131,4.993920468235016,0.911944539629966,4.44922437073906
5,skewness|kurtosis|spectral_slope|dominant_freq|hjorth_complexity,1110101,5,4.88157388812825,0.0466682244722716,4.793173537158966,0.9198019643761248,4.238039333138065
5,skewness|kurtosis|spectral_slope|hjorth_mobility|hjorth_complexity,1110011,5,5.996666995162144,0.0560480202046813,5.899519451141358,0.9158098863731288,5.353132440171959
5,skewness|kurtosis|total_log_power|dominant_freq|hjorth_mobility,1101110,5,6.797896940205991,0.060759940832794,6.737180600070953,0.9457900886534631,6.154362385215806
5,skewness|kurtosis|total_log_power|dominant_freq|hjorth_complexity,1101101,5,5.355285787519067,0.0500669440997662,5.283864213275909,0.936364344334685,4.711751232528882
5,skewness|kurtosis|total_log_power|hjorth_mobility|hjorth_complexity,1101011,5,7.254876350272075,0.0670939634845226,7.195337758445739,0.9468039491850868,6.61134179528189
5,skewness|kurtosis|dominant_freq|hjorth_mobility|hjorth_complexity,1100111,5,5.875833173898235,0.0547943542735443,5.778059803676605,0.91368315450866,5.232298618908049
5,skewness|spectral_slope|total_log_power|dominant_freq|hjorth_mobility,1011110,5,6.103979636963085,0.0558862652287935,6.0235444937706,0.9305742463249652,5.4604450819729
5,skewness|spectral_slope|total_log_power|dominant_freq|hjorth_complexity,1011101,5,5.590457146928087,0.0463138983005622,5.523526745510101,0.939021769858458,4.946922591937902
5,skewness|spectral_slope|total_log_power|hjorth_mobility|hjorth_complexity,1011011,5,7.02864238222912,0.0619449264101286,6.963712286090851,0.9426851376187566,6.385107827238935
5,skewness|spectral_slope|dominant_freq|hjorth_mobility|hjorth_complexity,1010111,5,5.65020423454903,0.0502976989720173,5.542852324676514,0.909778203303666,5.006669679558845
5,skewness|total_log_power|dominant_freq|hjorth_mobility|hjorth_complexity,1001111,5,7.253988664600626,0.0595055781273828,7.1960940558433535,0.947964345916899,6.6104541096104406
5,kurtosis|spectral_slope|total_log_power|dominant_freq|hjorth_mobility,111110,5,5.199272576294467,0.0476601186489028,5.130961811637879,0.9401821665156208,4.555738021304282
5,kurtosis|spectral_slope|total_log_power|dominant_freq|hjorth_complexity,111101,5,4.789994392435252,0.0431721638276544,4.746017430496216,0.9595920714933202,4.146459837445067
5,kurtosis|spectral_slope|total_log_power|hjorth_mobility|hjorth_complexity,111011,5,6.268563701601327,0.0530478984764134,6.218160472202301,0.9546692988129668,5.6250291466111415
5,kurtosis|spectral_slope|dominant_freq|hjorth_mobility|hjorth_complexity,110111,5,4.601240680190176,0.0450401612399411,4.538346139431,0.9451524656779308,3.957706125199991
5,kurtosis|total_log_power|dominant_freq|hjorth_mobility|hjorth_complexity,101111,5,6.266491516664252,0.0507944122951856,6.219526332473755,0.9576910816120336,5.622956961674067
5,spectral_slope|total_log_power|dominant_freq|hjorth_mobility|hjorth_complexity,11111,5,5.403927806703002,0.0441868825839401,5.351695262527466,0.9531999938223796,4.7603932517128165
5,skewness|kurtosis|spectral_slope|total_log_power|dominant_freq|hjorth_mobility,1111110,6,7.02597381353043,0.0639223761166209,6.958517175197601,0.9403445440619628,6.382439258540245
5,skewness|kurtosis|spectral_slope|total_log_power|dominant_freq|hjorth_complexity,1111101,6,6.101455256762356,0.0560266556209926,6.036457674503327,0.9413544434851672,5.457920701772171
5,skewness|kurtosis|spectral_slope|total_log_power|hjorth_mobility|hjorth_complexity,1111011,6,7.938261509883032,0.0714136952496407,7.879665286254883,0.9483326638253472,7.294726954892846
5,skewness|kurtosis|spectral_slope|dominant_freq|hjorth_mobility|hjorth_complexity,1110111,6,6.190539553549141,0.0583177769336515,6.094556213951111,0.917100976905484,5.547004998558956
5,skewness|kurtosis|total_log_power|dominant_freq|hjorth_mobility|hjorth_complexity,1101111,6,7.834574339059368,0.0693904037282635,7.777052594089508,0.94917622898415,7.191039784069183
5,skewness|spectral_slope|total_log_power|dominant_freq|hjorth_mobility|hjorth_complexity,1011111,6,7.538349293130263,0.0618534911138945,7.476753686618805,0.9466296937194169,6.894814738140078
5,kurtosis|spectral_slope|total_log_power|dominant_freq|hjorth_mobility|hjorth_complexity,111111,6,6.587606948152557,0.0530237230331218,6.539642240333557,0.9571089041098416,5.944072393162372
5,skewness|kurtosis|spectral_slope|total_log_power|dominant_freq|hjorth_mobility|hjorth_complexity,1111111,7,8.369952924485132,0.0724060715884116,8.310415858078002,0.9483405856022736,7.726418369494946
10,none,0,0,0.5777964460007846,0.007741364823893,0.5437473698616028,0.9666851437205508,-0.0657381089894006
10,skewness,1000000,1,1.6509370808858423,0.0309414178149687,1.587637930583954,0.9415643398029498,1.0074025258956572
10,kurtosis,100000,1,1.1502462486986071,0.0194514004063958,1.10935591173172,0.9612633572469536,0.5067116937084218
10,spectral_slope,10000,1,1.4919426508214324,0.0175004076180929,1.4454145607948303,0.9548079065199968,0.8484080958312471
10,total_log_power,1000,1,2.651215785657242,0.0233397653789907,2.5333010199546813,0.8961148284365263,2.007681230667057
10,dominant_freq,100,1,1.4521381847165524,0.0235860493984748,1.404593168926239,0.954003948420852,0.8086036297263671
10,hjorth_mobility,10,1,2.165459681537748,0.0257811641112317,2.1055050764083862,0.9429544399182208,1.5219251265475622
10,hjorth_complexity,1,1,1.95751055332534,0.0221812560933093,1.90333967666626,0.9480395912023148,1.3139759983351549
10,skewness|kurtosis,1100000,2,2.508498106542602,0.0387463337464529,2.432839351463318,0.9292158174777724,1.864963551552417
10,skewness|spectral_slope,1010000,2,2.761902071886137,0.036169086005547,2.68781217212677,0.9352395878493877,2.118367516895952
10,skewness|total_log_power,1001000,2,3.4637530732195825,0.0439071431050552,3.351240540504456,0.899683148285111,2.8202185182293973
10,skewness|dominant_freq,1000100,2,2.7310013087026777,0.0427957271355927,2.63363164396286,0.9147366134072789,2.0874667537124925
10,skewness|hjorth_mobility,1000010,2,3.644489628620818,0.0466134017553671,3.552597036838532,0.9216316661075412,3.000955073630633
10,skewness|hjorth_complexity,1000001,2,3.278347249539569,0.0339169783805873,3.2018026301383973,0.9294534444777172,2.634812694549384
10,kurtosis|spectral_slope,110000,2,2.0724621655866504,0.0236448292372431,2.023488243865967,0.9536950354206402,1.4289276105964652
10,kurtosis|total_log_power,101000,2,2.8289406202815472,0.032768759576194,2.7218295454978945,0.9114534491024744,2.185406065291362
10,kurtosis|dominant_freq,100100,2,2.1974968297466635,0.0294388988647061,2.1406343229293823,0.9462296869418888,1.5539622747564783
10,kurtosis|hjorth_mobility,100010,2,2.8443527006655933,0.0304677282513958,2.785496862888336,0.9453148369907252,2.200818145675408
10,kurtosis|hjorth_complexity,100001,2,2.670994895733521,0.0315633228987028,2.611261351394653,0.9445544424527816,2.027460340743336
10,spectral_slope|total_log_power,11000,2,3.19770486809276,0.0264773391417735,3.09946344871521,0.9112316599642274,2.554170313102575
10,spectral_slope|dominant_freq,10100,2,2.084529445290938,0.0218180267133505,2.031452169036865,0.948926717830091,1.440994890300753
10,spectral_slope|hjorth_mobility,10010,2,2.2550064667921514,0.031210647626782,2.1889488538742063,0.9386534480151036,1.6114719118019665
10,spectral_slope|hjorth_complexity,10001,2,2.822165524511039,0.0232690259421637,2.7556406817436216,0.9377465212997048,2.178630969520854
10,total_log_power|dominant_freq,1100,2,3.336055515579506,0.0268778139137218,3.2238321486473085,0.902756414401167,2.692520960589321
10,total_log_power|hjorth_mobility,1010,2,4.105949263882264,0.0430302398319147,3.935341932296753,0.865188101128091,3.462414708892079
10,total_log_power|hjorth_complexity,1001,2,3.7090013906292616,0.0295163271650058,3.5515815432548523,0.8771168125879274,3.0654668356390764
10,dominant_freq|hjorth_mobility,110,2,2.855944696211815,0.0272842654348703,2.8036141748428345,0.9498494932742082,2.2124101412216297
10,dominant_freq|hjorth_complexity,101,2,2.5747070462379607,0.0219916299408991,2.522206726360321,0.9497900879469996,1.931172491247776
10,hjorth_mobility|hjorth_complexity,11,2,3.722547573529556,0.0277492587507103,3.660555467319488,0.9419920688818528,3.079013018539371
10,skewness|kurtosis|spectral_slope,1110000,3,3.666599398102984,0.0401058121475338,3.5920997897148133,0.9313782004214493,3.0230648431127984
10,skewness|kurtosis|total_log_power,1101000,3,4.158838394223154,0.0495847013654715,4.055697865390777,0.9096395886253228,3.5153038392329687
10,skewness|kurtosis|dominant_freq,1100100,3,3.533875535555929,0.0450835774638236,3.4433787259101867,0.9165029473659362,2.890340980565744
10,skewness|kurtosis|hjorth_mobility,1100010,3,4.630639892401919,0.0509657541753866,4.555913728713989,0.9312118640280156,3.987105337411734
10,skewness|kurtosis|hjorth_complexity,1100001,3,3.673595919853821,0.0461149721078223,3.576311528110504,0.9111286932429652,3.030061364863636
10,skewness|spectral_slope|total_log_power,1011000,3,4.334463904333487,0.0473602438648833,4.226521180725098,0.9075326577517256,3.6909293493433015
10,skewness|spectral_slope|dominant_freq,1010100,3,3.5728286812439563,0.0396213750229557,3.472532136631012,0.9158336459306352,2.929294126253771
10,skewness|spectral_slope|hjorth_mobility,1010010,3,3.880105468052253,0.0509074030767458,3.779041726493836,0.918994044445526,3.236570913062068
10,skewness|spectral_slope|hjorth_complexity,1010001,3,4.327939478657767,0.0356844614444424,4.234645702648163,0.9177583990202886,3.684404923667582
10,skewness|total_log_power|dominant_freq,1001100,3,4.5985005606677385,0.0417396652109945,4.482041046714783,0.8989900832919371,3.954966005677553
10,skewness|total_log_power|hjorth_mobility,1001010,3,5.680951909715683,0.0617180929557028,5.524249543476104,0.8772475101476226,5.0374173547254975
10,skewness|total_log_power|hjorth_complexity,1001001,3,4.765769621945545,0.0432791789444816,4.651704550933838,0.902198004029594,4.12223506695536
10,skewness|dominant_freq|hjorth_mobility,1000110,3,4.445875188224018,0.0446267754624906,4.3538028788566585,0.92047523004946,3.802340633233833
10,skewness|dominant_freq|hjorth_complexity,1000101,3,4.206149089921266,0.0331518447220019,4.112801871299744,0.9164871116360026,3.5626145349310807
10,skewness|hjorth_mobility|hjorth_complexity,1000011,3,5.474213760002702,0.0448605591004967,5.387356992340088,0.9217782024931948,4.830679205012517
10,kurtosis|spectral_slope|total_log_power,111000,3,3.675372313127294,0.0351403957950221,3.577437569141388,0.9156039436870292,3.031837758137109
10,kurtosis|spectral_slope|dominant_freq,110100,3,2.69166129546538,0.0291069522353851,2.6357649423599243,0.9469861232399692,2.048126740475195
10,kurtosis|spectral_slope|hjorth_mobility,110010,3,3.1172680345047263,0.0327779442238819,3.0557921770095824,0.9442534521470456,2.473733479514541
10,kurtosis|spectral_slope|hjorth_complexity,110001,3,3.5847212750215083,0.0296644834004811,3.5230513158798216,0.9430574134373528,2.941186720031323
10,kurtosis|total_log_power|dominant_freq,101100,3,3.7944825971454383,0.0367762858537442,3.711014589500427,0.9290811727871392,3.150948042155253
10,kurtosis|total_log_power|hjorth_mobility,101010,3,4.935987358035147,0.0460692065420293,4.778067769050598,0.8842376071482518,4.292452803044962
10,kurtosis|total_log_power|hjorth_complexity,101001,3,4.239899311546981,0.0400791357984008,4.120836933898926,0.9118851347825984,3.596364756556796
10,kurtosis|dominant_freq|hjorth_mobility,100110,3,3.4944415136072786,0.0364942259575394,3.442114420700073,0.9504158288897532,2.850906958617093
10,kurtosis|dominant_freq|hjorth_complexity,100101,3,3.381627805684507,0.0312695439117482,3.324498374080658,0.946087116586214,2.738093250694322
10,kurtosis|hjorth_mobility|hjorth_complexity,100011,3,4.3610156063798815,0.0425923379982739,4.306649607467652,0.9495405822671342,3.717481051389696
10,spectral_slope|total_log_power|dominant_freq,11100,3,3.796487857187912,0.02871566553543,3.702005854320526,0.914906912833246,3.1529533021977265
10,spectral_slope|total_log_power|hjorth_mobility,11010,3,4.110692828077078,0.0465591720690556,3.968558852481842,0.8858217664270327,3.467158273086893
10,spectral_slope|total_log_power|hjorth_complexity,11001,3,4.463798655519635,0.0317487488496313,4.358693261146545,0.9112277109405282,3.8202641005294495
10,spectral_slope|dominant_freq|hjorth_mobility,10110,3,2.9917074221964928,0.0286358767726076,2.932532931613922,0.9437346379051218,2.348172867206308
10,spectral_slope|dominant_freq|hjorth_complexity,10101,3,3.0080072444275023,0.0267195188735801,2.9495993869781496,0.9449029593793316,2.364472689437317
10,spectral_slope|hjorth_mobility|hjorth_complexity,10011,3,3.873714930783585,0.0304746925187574,3.798217979812622,0.932542563624332,3.2301803757934
10,total_log_power|dominant_freq|hjorth_mobility,1110,3,4.788157694069668,0.03875929582236,4.653523519897461,0.894312858439465,4.144623139079483
10,total_log_power|dominant_freq|hjorth_complexity,1101,3,4.208239544761181,0.0326372078179438,4.08118470211029,0.9026178077887834,3.564704989770996
10,total_log_power|hjorth_mobility|hjorth_complexity,1011,3,5.762792360962555,0.0435082937756338,5.604991806602478,0.8868514732449756,5.11925780597237
10,dominant_freq|hjorth_mobility|hjorth_complexity,111,3,3.7469938206687567,0.0311555142946392,3.697659220600128,0.9543643472972902,3.103459265678572
10,skewness|kurtosis|spectral_slope|total_log_power,1111000,4,5.203761076910421,0.0522747621140866,5.1233654463768,0.9299683035657064,4.560226521920236
10,skewness|kurtosis|spectral_slope|dominant_freq,1110100,4,4.278385750647634,0.0440996274247402,4.18786179819107,0.9180277033270796,3.6348511956574487
10,skewness|kurtosis|spectral_slope|hjorth_mobility,1110010,4,4.9425990846980365,0.0534385152515594,4.880724063491821,0.9434257289528978,4.299064529707851
10,skewness|kurtosis|spectral_slope|hjorth_complexity,1110001,4,4.67062816035226,0.0444761801357421,4.584400757408142,0.9219286983050304,4.027093605362075
10,skewness|kurtosis|total_log_power|dominant_freq,1101100,4,5.139476773605123,0.0483379180735811,5.052366409397125,0.9244871153047796,4.495942218614938
10,skewness|kurtosis|total_log_power|hjorth_mobility,1101010,4,6.742320651317388,0.06569320890987,6.65680250825882,0.9268791952626688,6.098786096327203
10,skewness|kurtosis|total_log_power|hjorth_complexity,1101001,4,5.258078024591878,0.0534214422779455,5.149268812847137,0.9104475107616444,4.614543469601693
10,skewness|kurtosis|dominant_freq|hjorth_mobility,1100110,4,5.2478641045186665,0.0516168902385542,5.172135951900482,0.9304356281826108,4.604329549528481
10,skewness|kurtosis|dominant_freq|hjorth_complexity,1100101,4,4.564153023929894,0.042335772504453,4.479448817634583,0.923548498895979,3.920618468939709
10,skewness|kurtosis|hjorth_mobility|hjorth_complexity,1100011,4,5.932840360864624,0.0560314084147006,5.85488638792038,0.9299485002223186,5.289305805874439
10,skewness|spectral_slope|total_log_power|dominant_freq,1011100,4,5.182304243456945,0.046774299701159,5.066502442741394,0.9038296887118552,4.538769688466759
10,skewness|spectral_slope|total_log_power|hjorth_mobility,1011010,4,5.705657131452486,0.0637679438173342,5.542080997085571,0.8789425614393974,5.062122576462301
10,skewness|spectral_slope|total_log_power|hjorth_complexity,1011001,4,5.772660328936205,0.05010791789348,5.687135100173951,0.9250455319199192,5.129125773946019
10,skewness|spectral_slope|dominant_freq|hjorth_mobility,1010110,4,4.692640766474977,0.048555089746153,4.581539530754089,0.9101148373793284,4.049106211484792
10,skewness|spectral_slope|dominant_freq|hjorth_complexity,1010101,4,4.757778197868541,0.0386507151694212,4.663680744934082,0.9176871148336188,4.114243642878356
10,skewness|spectral_slope|hjorth_mobility|hjorth_complexity,1010011,4,5.809978906903416,0.0485897697187566,5.703527717018128,0.910277213011504,5.16644435191323
10,skewness|total_log_power|dominant_freq|hjorth_mobility,1001110,4,6.580487668667361,0.0576896466056525,6.447051627922058,0.8922613724992261,5.936953113677176
10,skewness|total_log_power|dominant_freq|hjorth_complexity,1001101,4,5.484840045715496,0.0469389477707613,5.385692415618896,0.913984145260701,4.84130549072531
10,skewness|total_log_power|hjorth_mobility|hjorth_complexity,1001011,4,7.434341921945661,0.0610640824526759,7.327764999580383,0.912384146495654,6.790807366955476
10,skewness|dominant_freq|hjorth_mobility|hjorth_complexity,1000111,4,5.845708423626795,0.0482968963661283,5.766795724773407,0.9307168167234676,5.20217386863661
10,kurtosis|spectral_slope|total_log_power|dominant_freq,111100,4,4.224422939936817,0.0376345211392012,4.14993716545105,0.9323445412662476,3.580888384946632
10,kurtosis|spectral_slope|total_log_power|hjorth_mobility,111010,4,4.991953081479296,0.0481869436351068,4.850054797077179,0.8916395889806842,4.348418526489111
10,kurtosis|spectral_slope|total_log_power|hjorth_complexity,111001,4,5.028400308261439,0.042676094713586,4.959947250938416,0.940039593991704,4.384865753271254
10,kurtosis|spectral_slope|dominant_freq|hjorth_mobility,110110,4,3.7290832749545575,0.0364687381535729,3.6787867290496825,0.9525663255667328,3.0855487199643723
10,kurtosis|spectral_slope|dominant_freq|hjorth_complexity,110101,4,3.804334039311856,0.0334142696657044,3.741826159000397,0.9419999883696476,3.1607994843216707
10,kurtosis|spectral_slope|hjorth_mobility|hjorth_complexity,110011,4,4.752345032923668,0.0408519798543245,4.691294425201416,0.94585345425415,4.108810477933483
10,kurtosis|total_log_power|dominant_freq|hjorth_mobility,101110,4,5.611838729334623,0.0477187056225284,5.498707815265655,0.9133940469826868,4.968304174344437
10,kurtosis|total_log_power|dominant_freq|hjorth_complexity,101101,4,4.924902579858527,0.0415179201140199,4.839697188091278,0.9351683065996506,4.281368024868342
10,kurtosis|total_log_power|hjorth_mobility|hjorth_complexity,101011,4,6.599402550656721,0.055525601199449,6.493873890304566,0.9268079121474548,5.955867995666536
10,kurtosis|dominant_freq|hjorth_mobility|hjorth_complexity,100111,4,4.570609526702016,0.0446054904838332,4.523562444782257,0.956146525128594,3.927074971711831
10,spectral_slope|total_log_power|dominant_freq|hjorth_mobility,11110,4,4.884259200946986,0.0418191036089236,4.759730924034119,0.9018455329453238,4.240724645956801
10,spectral_slope|total_log_power|dominant_freq|hjorth_complexity,11101,4,4.68275369958058,0.0335095280847474,4.569071512126922,0.9063326625914144,4.039219144590395
10,spectral_slope|total_log_power|hjorth_mobility|hjorth_complexity,11011,4,5.853453715281561,0.0456788595792516,5.696008837890625,0.8908197922002692,5.209919160291376
10,spectral_slope|dominant_freq|hjorth_mobility|hjorth_complexity,10111,4,3.924055385261774,0.0343819558047635,3.868340845870972,0.9498613766056104,3.280520830271589
10,total_log_power|dominant_freq|hjorth_mobility|hjorth_complexity,1111,4,6.012589733916894,0.043828657532508,5.838929985523224,0.8865108818818566,5.3690551789267085
10,skewness|kurtosis|spectral_slope|total_log_power|dominant_freq,1111100,5,5.8469641559813175,0.0532092067692916,5.76606901254654,0.929647512170684,5.203429600991132
10,skewness|kurtosis|spectral_slope|total_log_power|hjorth_mobility,1111010,5,6.882048946281895,0.0684466985383387,6.79987904996872,0.9299960285540226,6.23851439129171
10,skewness|kurtosis|spectral_slope|total_log_power|hjorth_complexity,1111001,5,6.271152721106634,0.057906192247548,6.198108517456054,0.9369029596737116,5.627618166116449
10,skewness|kurtosis|spectral_slope|dominant_freq|hjorth_mobility,1110110,5,5.53642890448086,0.0533314720609565,5.459690166759491,0.9317861258026297,4.892894349490675
10,skewness|kurtosis|spectral_slope|dominant_freq|hjorth_complexity,1110101,5,5.135703983684629,0.0457693160157476,5.051278615951538,0.9251801848952356,4.492169428694444
10,skewness|kurtosis|spectral_slope|hjorth_mobility|hjorth_complexity,1110011,5,6.322393552598729,0.0570348958624165,6.254229662513733,0.9399128599745876,5.678858997608544
10,skewness|kurtosis|total_log_power|dominant_freq|hjorth_mobility,1101110,5,7.352481332344189,0.0658801052065948,7.275362592697143,0.9347524637314704,6.708946777354004
10,skewness|kurtosis|total_log_power|dominant_freq|hjorth_complexity,1101101,5,5.9315119710113855,0.0539714881183311,5.846382594776154,0.9296910776143974,5.2879774160212
10,skewness|kurtosis|total_log_power|hjorth_mobility|hjorth_complexity,1101011,5,8.350352190270275,0.0721868887356406,8.273854271507263,0.9397108817421762,7.70681763528009
10,skewness|kurtosis|dominant_freq|hjorth_mobility|hjorth_complexity,1100111,5,6.280273242182284,0.0550199290139037,6.212888119411469,0.9396158295774064,5.636738687192099
10,skewness|spectral_slope|total_log_power|dominant_freq|hjorth_mobility,1011110,5,6.6128918008163575,0.0607056411229426,6.478377425479889,0.897417809799387,5.969357245826172
10,skewness|spectral_slope|total_log_power|dominant_freq|hjorth_complexity,1011101,5,6.194799934219941,0.0516492892754295,6.104769363117218,0.9224435524288616,5.551265379229756
10,skewness|spectral_slope|total_log_power|hjorth_mobility|hjorth_complexity,1011011,5,7.750263725106418,0.0640214815152213,7.6608293633460995,0.926871276737408,7.106729170116233
10,skewness|spectral_slope|dominant_freq|hjorth_mobility|hjorth_complexity,1010111,5,6.110306842100248,0.051670050692337,6.021274561500549,0.9257306796851515,5.466772287110063
10,skewness|total_log_power|dominant_freq|hjorth_mobility|hjorth_complexity,1001111,5,8.0152323216293,0.0646613461363396,7.919118661499024,0.9194455336473472,7.371697766639115
10,kurtosis|spectral_slope|total_log_power|dominant_freq|hjorth_mobility,111110,5,5.680709569040314,0.0471075980596978,5.572218904972076,0.914249493005878,5.037175014050129
10,kurtosis|spectral_slope|total_log_power|dominant_freq|hjorth_complexity,111101,5,5.392587535192073,0.0437499002994365,5.323733632659912,0.9396475153603556,4.749052980201888
10,kurtosis|spectral_slope|total_log_power|hjorth_mobility|hjorth_complexity,111011,5,6.850603150264919,0.0552036401111509,6.743355259132385,0.9246138526530464,6.207068595274734
10,kurtosis|spectral_slope|dominant_freq|hjorth_mobility|hjorth_complexity,110111,5,4.939511939163506,0.044989309472455,4.882009711360931,0.9504395962551132,4.29597738417332
10,kurtosis|total_log_power|dominant_freq|hjorth_mobility|hjorth_complexity,101111,5,6.93493472693339,0.0578098615643139,6.8306151414871215,0.9283128642655856,6.291400171943205
10,spectral_slope|total_log_power|dominant_freq|hjorth_mobility|hjorth_complexity,11111,5,6.124588119031862,0.0452993003110491,5.944156809902191,0.885623754475873,5.481053564041677
10,skewness|kurtosis|spectral_slope|total_log_power|dominant_freq|hjorth_mobility,1111110,6,7.510252249525488,0.0680321710044036,7.424023962593078,0.9302970183583632,6.866717694535303
10,skewness|kurtosis|spectral_slope|total_log_power|dominant_freq|hjorth_complexity,1111101,6,6.778192083980888,0.0600552236051222,6.703774168872833,0.936875237781838,6.134657528990703
10,skewness|kurtosis|spectral_slope|total_log_power|hjorth_mobility|hjorth_complexity,1111011,6,8.559886971128359,0.0733511858551336,8.47515017414093,0.9367920704890254,7.916352416138173
10,skewness|kurtosis|spectral_slope|dominant_freq|hjorth_mobility|hjorth_complexity,1110111,6,6.643655233081803,0.0582681895537493,6.571381569957733,0.9382376128896968,6.000120678091617
10,skewness|kurtosis|total_log_power|dominant_freq|hjorth_mobility|hjorth_complexity,1101111,6,8.733616907205061,0.0732036139483778,8.654626119709015,0.9395920709861172,8.090082352214875
10,skewness|spectral_slope|total_log_power|dominant_freq|hjorth_mobility|hjorth_complexity,1011111,6,8.181027588932961,0.0660350340889295,8.079469176769257,0.9191841484230756,7.537493033942776
10,kurtosis|spectral_slope|total_log_power|dominant_freq|hjorth_mobility|hjorth_complexity,111111,6,7.243855298769846,0.056741346203421,7.13325479297638,0.9247485086289318,6.600320743779661
10,skewness|kurtosis|spectral_slope|total_log_power|dominant_freq|hjorth_mobility|hjorth_complexity,1111111,7,9.066110393808035,0.0747712562629221,8.98117716255188,0.9364593982387056,8.42257583881785
15,none,0,0,0.5606670036248863,0.008464207285545,0.5216919124603272,0.9619683083239832,-0.082867551365299
15,skewness,1000000,1,1.6122549024008217,0.0315628797301393,1.528081644153595,0.9238970046969158,0.9687203474106362
15,kurtosis,100000,1,1.1806431217752398,0.0238356439373566,1.1223169246673583,0.9444554273270768,0.5371085667850545
15,spectral_slope,10000,1,1.4439486848320813,0.0177825775925893,1.3875221276283265,0.9460791944169862,0.800414129841896
15,total_log_power,1000,1,2.08999653404057,0.0189734431118713,1.991219319343567,0.907199972763085,1.446461979050385
15,dominant_freq,100,1,1.454307644712925,0.0229918216421407,1.3870109694480897,0.9354336399880336,0.8107730897227398
15,hjorth_mobility,10,1,2.1237716882258653,0.0274732460625576,2.0549757469177248,0.9375683031357452,1.48023713323568
15,hjorth_complexity,1,1,1.813998181087896,0.0237950363787408,1.7446623955726623,0.9344356274531528,1.1704636260977108
15,skewness|kurtosis,1100000,2,2.655629534453526,0.0373523618892816,2.562697216320038,0.9137623513859796,2.012094979463341
15,skewness|spectral_slope,1010000,2,2.6026031556967646,0.035873360677643,2.5133433806419374,0.9212673086722868,1.95906860070658
15,skewness|total_log_power,1001000,2,3.034960725739226,0.0379422007241586,2.930117518901825,0.9045148276848344,2.3914261707490407
15,skewness|dominant_freq,1000100,2,2.684846511271596,0.0428289732807223,2.5717509759902955,0.8986574054599139,2.041311956281411
15,skewness|hjorth_mobility,1000010,2,3.6564876244157554,0.0443703296807107,3.552981065845489,0.9139247363403188,3.01295306942557
15,skewness|hjorth_complexity,1000001,2,3.3500619285196067,0.0351906241622609,3.2284422370910644,0.8921227497827314,2.706527373529421
15,kurtosis|spectral_slope,110000,2,2.078301013245806,0.0317912947593646,2.003342096042633,0.9300158233095676,1.4347664582556208
15,kurtosis|total_log_power,101000,2,2.25328496760726,0.0322346923632275,2.166052137756348,0.9187722535484614,1.6097504126170747
15,kurtosis|dominant_freq,100100,2,2.1660586758796128,0.0295406682723019,2.096673026752472,0.9338257189522776,1.5225241208894276
15,kurtosis|hjorth_mobility,100010,2,2.8552686913516374,0.0411790150655758,2.777513941574097,0.9315128603561458,2.211734136361452
15,kurtosis|hjorth_complexity,100001,2,2.583752716305852,0.0337494308171358,2.5112468760490416,0.9315960211995254,1.9402181613156668
15,spectral_slope|total_log_power,11000,2,2.945176868663356,0.0242323653882544,2.836076477718353,0.9003484897282098,2.3016423136731707
15,spectral_slope|dominant_freq,10100,2,2.0338331424292178,0.0236312503141969,1.967932250785828,0.937005920365178,1.3902985874390326
15,spectral_slope|hjorth_mobility,10010,2,2.226208375046402,0.0335230046508228,2.1536658455848694,0.937196029333376,1.582673820056217
15,spectral_slope|hjorth_complexity,10001,2,2.615490905255452,0.0235342555333727,2.532095574092865,0.9248633556950456,1.9719563502652664
15,total_log_power|dominant_freq,1100,2,2.801837921633572,0.0252035407997785,2.706460716152191,0.9105385882936728,2.1583033666433864
15,total_log_power|hjorth_mobility,1010,2,3.741467324216664,0.040923277303261,3.580031503486633,0.8829782013365756,3.097932769226478
15,total_log_power|hjorth_complexity,1001,2,3.046400592353195,0.0281558635618364,2.9560556988716127,0.9179445376327844,2.40286603736301
15,dominant_freq|hjorth_mobility,110,2,2.789992508797348,0.0276027444902715,2.734073676300049,0.9466455308444088,2.1464579538071624
15,dominant_freq|hjorth_complexity,101,2,2.4352874492887406,0.0226257878567223,2.38311810836792,0.949999988103086,1.7917528942985554
15,hjorth_mobility|hjorth_complexity,11,2,3.5382435732681303,0.0298002509001987,3.4775866622924805,0.9461742501565256,2.894709018277945
15,skewness|kurtosis|spectral_slope,1110000,3,3.747950116735325,0.0385168890476492,3.6536290718078615,0.914201960924406,3.104415561745139
15,skewness|kurtosis|total_log_power,1101000,3,3.739321123981848,0.0440044688901138,3.664965475273133,0.9310415655388482,3.095786568991663
15,skewness|kurtosis|dominant_freq,1100100,3,3.662123347833008,0.0418009634839251,3.5484670023918152,0.896510871321127,3.0185887928428223
15,skewness|kurtosis|hjorth_mobility,1100010,3,4.740037423481047,0.049356536318883,4.651840027618408,0.9212989931430328,4.0965028684908615
15,skewness|kurtosis|hjorth_complexity,1100001,3,3.729259124646709,0.046130478529137,3.611865132904053,0.8929623541449899,3.085724569656523
15,skewness|spectral_slope|total_log_power,1011000,3,4.008369684819504,0.0441901616347294,3.902484672164917,0.9057861197434436,3.364835129829319
15,skewness|spectral_slope|dominant_freq,1010100,3,3.354596575496718,0.0409203097268545,3.260600591373444,0.9162772094102584,2.711062020506533
15,skewness|spectral_slope|hjorth_mobility,1010010,3,3.738028848616779,0.0503318464302789,3.6307275750160217,0.9142970156946866,3.094494293626594
15,skewness|spectral_slope|hjorth_complexity,1010001,3,4.238780936699361,0.0339901585175661,4.117129518318176,0.8956871145067544,3.595246381709176
15,skewness|total_log_power|dominant_freq,1001100,3,4.088667312378436,0.0392117171800494,3.993028310775757,0.9124871111222296,3.445132757388251
15,skewness|total_log_power|hjorth_mobility,1001010,3,5.257195002423972,0.0541360251270145,5.134570643043518,0.8997782040379425,4.613660447433786
15,skewness|total_log_power|hjorth_complexity,1001001,3,4.377278215428814,0.0399307692178107,4.282313769817352,0.9134336435578304,3.7337436604386287
15,skewness|dominant_freq|hjorth_mobility,1000110,3,4.433947699675709,0.0450671887146747,4.333676862812042,0.914106913914028,3.790413144685524
15,skewness|dominant_freq|hjorth_complexity,1000101,3,4.2530064372323455,0.0346975986518853,4.133738439559936,0.8967524553199401,3.60947188224216
15,skewness|hjorth_mobility|hjorth_complexity,1000011,3,5.331947796047851,0.0430264110680359,5.220081745433808,0.9046415698905153,4.688413241057666
15,kurtosis|spectral_slope|total_log_power,111000,3,3.366015010755881,0.038132480928803,3.249765741348267,0.8989465149419164,2.7224804557656963
15,kurtosis|spectral_slope|dominant_freq,110100,3,2.689321439398825,0.0351758582647779,2.623115239715576,0.9375564176169892,2.04578688440864
15,kurtosis|spectral_slope|hjorth_mobility,110010,3,3.146046269666031,0.0423589873921557,3.060037287330628,0.9268316704407944,2.5025117146758458
15,kurtosis|spectral_slope|hjorth_complexity,110001,3,3.415154438199848,0.037517838555176,3.3377769260406494,0.929184144398298,2.7716198832096626
15,kurtosis|total_log_power|dominant_freq,101100,3,3.2567718879010528,0.0351997955601076,3.1752473982810976,0.9236079000860672,2.613237332910868
15,kurtosis|total_log_power|hjorth_mobility,101010,3,4.489280676177517,0.049081130778173,4.338102544975281,0.8927762222559977,3.8457461211873314
15,kurtosis|total_log_power|hjorth_complexity,101001,3,3.534242937943712,0.0423963782784174,3.4418417304039,0.9251168172308082,2.8907083829535267
15,kurtosis|dominant_freq|hjorth_mobility,100110,3,3.4569203138656914,0.0410792312507927,3.402128666973114,0.9490178112118268,2.8133857588755062
15,kurtosis|dominant_freq|hjorth_complexity,100101,3,3.302448730844632,0.0330248363985867,3.241544315814972,0.9422851351007232,2.658914175854447
15,kurtosis|hjorth_mobility|hjorth_complexity,100011,3,4.199098657421023,0.045948389705176,4.13032215013504,0.9401544460856052,3.555564102430837
15,spectral_slope|total_log_power|dominant_freq,11100,3,3.4448198620129378,0.0273561281405451,3.351390800285339,0.9132831457264164,2.8012853070227526
15,spectral_slope|total_log_power|hjorth_mobility,11010,3,3.7723982647586616,0.0457294549403072,3.636647500324249,0.8950494899318036,3.1288637097684764
15,spectral_slope|total_log_power|hjorth_complexity,11001,3,3.91722391079776,0.0302983221464005,3.8130572712898254,0.9078217694488226,3.2736893558075746
15,spectral_slope|dominant_freq|hjorth_mobility,10110,3,2.8463848658464848,0.0353445734797493,2.79048477563858,0.9476277115486555,2.2028503108563
15,spectral_slope|dominant_freq|hjorth_complexity,10101,3,2.854993987628445,0.0266846920662196,2.781930647945404,0.9334930577592044,2.21145943263826
15,spectral_slope|hjorth_mobility|hjorth_complexity,10011,3,3.8545017261043193,0.0302579703741245,3.783989324951172,0.9406178147988002,3.210967171114134
15,total_log_power|dominant_freq|hjorth_mobility,1110,3,4.478368465483934,0.0362617030589833,4.365662600708008,0.9099168176502946,3.834833910493749
15,total_log_power|dominant_freq|hjorth_complexity,1101,3,3.62982393915914,0.0304922591815395,3.541623505401611,0.9219128575645332,2.9862893841689546
15,total_log_power|hjorth_mobility|hjorth_complexity,1011,3,5.122854674956202,0.0394658605766368,5.018707578372955,0.9173148419504104,4.479320119966017
15,dominant_freq|hjorth_mobility|hjorth_complexity,111,3,3.697023333381489,0.0321693815289882,3.64703084602356,0.9538455343762594,3.053488778391304
15,skewness|kurtosis|spectral_slope|total_log_power,1111000,4,5.088517331481352,0.049188197587677,4.999586173343658,0.9209584000753248,4.444982776491167
15,skewness|kurtosis|spectral_slope|dominant_freq,1110100,4,4.246842395142093,0.043191858727788,4.151671454429627,0.9136712697281516,3.603307840151908
15,skewness|kurtosis|spectral_slope|hjorth_mobility,1110010,4,5.010238332270831,0.05198593802783,4.908011433887482,0.9136316658315012,4.366703777280645
15,skewness|kurtosis|spectral_slope|hjorth_complexity,1110001,4,4.814075901732221,0.0421115516427964,4.692565999698639,0.8924197887050663,4.170541346742036
15,skewness|kurtosis|total_log_power|dominant_freq,1101100,4,4.93527974226661,0.044308222523955,4.871035794067383,0.9405346392680288,4.291745187276425
15,skewness|kurtosis|total_log_power|hjorth_mobility,1101010,4,6.537268455149233,0.0629853441968305,6.473219335460663,0.9422098895179374,5.893733900159048
15,skewness|kurtosis|total_log_power|hjorth_complexity,1101001,4,4.674019718338177,0.0500650363926295,4.588764925289154,0.9235128576468264,4.030485163347992
15,skewness|kurtosis|dominant_freq|hjorth_mobility,1100110,4,5.149293801352009,0.0493722076424665,5.064571305751801,0.9239841428528144,4.505759246361824
15,skewness|kurtosis|dominant_freq|hjorth_complexity,1100101,4,4.6291807041503485,0.0419118822423246,4.525564565849304,0.9064831516482488,3.9856461491601634
15,skewness|kurtosis|hjorth_mobility|hjorth_complexity,1100011,4,5.771606737712398,0.0501625312543393,5.6716379118919376,0.9112989961547268,5.128072182722213
15,skewness|spectral_slope|total_log_power|dominant_freq,1011100,4,4.752876901195571,0.0457435680105328,4.656440330982209,0.9142138466886828,4.109342346205386
15,skewness|spectral_slope|total_log_power|hjorth_mobility,1011010,4,5.429628402118385,0.0574773083901901,5.292268138217926,0.8916712742674492,4.7860938471282
15,skewness|spectral_slope|total_log_power|hjorth_complexity,1011001,4,5.37670655121468,0.0442689661178741,5.291648167991638,0.9230613715387356,4.733171996224495
15,skewness|spectral_slope|dominant_freq|hjorth_mobility,1010110,4,4.468436955394223,0.0509295226663934,4.376345682525635,0.9218811720510244,3.8249024004040377
15,skewness|spectral_slope|dominant_freq|hjorth_complexity,1010101,4,4.717108903577924,0.0390600981464374,4.5939986340522765,0.8966653321541007,4.073574348587739
15,skewness|spectral_slope|hjorth_mobility|hjorth_complexity,1010011,4,5.567667265365645,0.0460448507773131,5.448033590698242,0.903354440754344,4.92413271037546
15,skewness|total_log_power|dominant_freq|hjorth_mobility,1001110,4,6.0966682753220205,0.0531350426162208,6.004178406238556,0.9206494919610148,5.453133720331835
15,skewness|total_log_power|dominant_freq|hjorth_complexity,1001101,4,5.209686299261079,0.0423127174759705,5.119671130466461,0.9185346379784164,4.566151744270893
15,skewness|total_log_power|hjorth_mobility|hjorth_complexity,1001011,4,6.922253153685853,0.0572439242648547,6.846305632019043,0.9337425624852428,6.278718598695668
15,skewness|dominant_freq|hjorth_mobility|hjorth_complexity,1000111,4,5.67455072758086,0.0464616552235199,5.568800924777984,0.9117504813471712,5.031016172590675
15,kurtosis|spectral_slope|total_log_power|dominant_freq,111100,4,3.919475154349208,0.0423348476320849,3.821909226036072,0.91197225983096,3.2759405993590227
15,kurtosis|spectral_slope|total_log_power|hjorth_mobility,111010,4,4.705688864369318,0.0525786612019753,4.5657895844459535,0.8944910757682683,4.062154309379133
15,kurtosis|spectral_slope|total_log_power|hjorth_complexity,111001,4,4.617127594868839,0.0440555886426618,4.5213323195457455,0.9185504831155374,3.973593039878653
15,kurtosis|spectral_slope|dominant_freq|hjorth_mobility,110110,4,3.587819114885852,0.0441316962302148,3.537039268970489,0.953687120447164,2.9442845598956664
15,kurtosis|spectral_slope|dominant_freq|hjorth_complexity,110101,4,3.657412848548218,0.0406002686661603,3.587771287441253,0.9364039499505764,3.013878293558033
15,kurtosis|spectral_slope|hjorth_mobility|hjorth_complexity,110011,4,4.707797192266211,0.0473021399033227,4.631970757865906,0.9381069216238942,4.064262637276026
15,kurtosis|total_log_power|dominant_freq|hjorth_mobility,101110,4,5.126241158491,0.0479685524835745,5.010441668510437,0.9120158288671082,4.482706603500815
15,kurtosis|total_log_power|dominant_freq|hjorth_complexity,101101,4,4.390248717074469,0.0417291095547426,4.299685552024841,0.925556423101754,3.746714162084284
15,kurtosis|total_log_power|hjorth_mobility|hjorth_complexity,101011,4,6.020648926621303,0.0534705808487896,5.921205939769745,0.9308197928172258,5.377114371631118
15,kurtosis|dominant_freq|hjorth_mobility|hjorth_complexity,100111,4,4.625810053566099,0.0478916361344815,4.569172267150879,0.9504752381256064,3.9822754985759135
15,spectral_slope|total_log_power|dominant_freq|hjorth_mobility,11110,4,4.507526508106664,0.0409437848515346,4.400987555503845,0.9128752349915108,3.863991953116479
15,spectral_slope|total_log_power|dominant_freq|hjorth_complexity,11101,4,4.168876248280704,0.0337531365257614,4.083136806106568,0.9234059286468072,3.5253416932905184
15,spectral_slope|total_log_power|hjorth_mobility|hjorth_complexity,11011,4,5.40559650301151,0.0413161289064856,5.292959257984162,0.914601972232996,4.762061948021325
15,spectral_slope|dominant_freq|hjorth_mobility|hjorth_complexity,10111,4,3.901692743377015,0.0347041990055315,3.84096244096756,0.9479722684667636,3.25815818838683
15,total_log_power|dominant_freq|hjorth_mobility|hjorth_complexity,1111,4,5.604731609943881,0.0395695434269448,5.5028560880661015,0.919481178918336,4.961197054953696
15,skewness|kurtosis|spectral_slope|total_log_power|dominant_freq,1111100,5,5.714036946248263,0.0505379745130156,5.638460328483582,0.9315722639649936,5.070502391258078
15,skewness|kurtosis|spectral_slope|total_log_power|hjorth_mobility,1111010,5,6.836478777668253,0.0648415950627163,6.750317521476745,0.9255405823299004,6.192944222678068
15,skewness|kurtosis|spectral_slope|total_log_power|hjorth_complexity,1111001,5,5.978525920839608,0.0538439487789682,5.893434045982361,0.9246098894026618,5.334991365849422
15,skewness|kurtosis|spectral_slope|dominant_freq|hjorth_mobility,1110110,5,5.38285295593813,0.0536749589641228,5.290601280212402,0.9203247380199314,4.739318400947945
15,skewness|kurtosis|spectral_slope|dominant_freq|hjorth_complexity,1110101,5,5.113053429309652,0.0452700273800999,5.005883201408386,0.9061782031270036,4.4695188743194665
15,skewness|kurtosis|spectral_slope|hjorth_mobility|hjorth_complexity,1110011,5,6.282400984310732,0.0524682797187495,6.171549589824677,0.9060593922012528,5.638866429320546
15,skewness|kurtosis|total_log_power|dominant_freq|hjorth_mobility,1101110,5,7.110400833451748,0.0616056948150608,7.042824439716339,0.9398732567092356,6.466866278461563
15,skewness|kurtosis|total_log_power|dominant_freq|hjorth_complexity,1101101,5,5.792322383597866,0.0509538297048198,5.717505735969543,0.9340989978633916,5.148787828607681
15,skewness|kurtosis|total_log_power|hjorth_mobility|hjorth_complexity,1101011,5,7.757824301573634,0.066723430793787,7.693496491909027,0.9435088998410032,7.114289746583449
15,skewness|kurtosis|dominant_freq|hjorth_mobility|hjorth_complexity,1100111,5,6.162978509271517,0.0533562408465475,6.078290940666199,0.925821769561456,5.519443954281332
15,skewness|spectral_slope|total_log_power|dominant_freq|hjorth_mobility,1011110,5,6.249900277081877,0.0570007133401933,6.154743686294555,0.9204158295658028,5.606365722091692
15,skewness|spectral_slope|total_log_power|dominant_freq|hjorth_complexity,1011101,5,5.824007889354974,0.0468013980195944,5.744108962249756,0.9286098883486568,5.180473334364788
15,skewness|spectral_slope|total_log_power|hjorth_mobility|hjorth_complexity,1011011,5,7.1395009119007735,0.0577005317000116,7.058475061702728,0.932887117554192,6.495966356910588
15,skewness|spectral_slope|dominant_freq|hjorth_mobility|hjorth_complexity,1010111,5,5.896840395830199,0.0500007999455913,5.791179674053192,0.9133425612197656,5.253305840840014
15,skewness|total_log_power|dominant_freq|hjorth_mobility|hjorth_complexity,1001111,5,7.416392186328023,0.0591983977157151,7.341564783382416,0.9352079084518986,6.772857631337838
15,kurtosis|spectral_slope|total_log_power|dominant_freq|hjorth_mobility,111110,5,5.29077552120313,0.0515039950410642,5.173706364822388,0.9085267213204498,4.647240966212945
15,kurtosis|spectral_slope|total_log_power|dominant_freq|hjorth_complexity,111101,5,5.012670165441185,0.0483009518292654,4.923149690818787,0.9232712756677262,4.369135610451
15,kurtosis|spectral_slope|total_log_power|hjorth_mobility|hjorth_complexity,111011,5,6.342025909946487,0.0571883320768091,6.23612194442749,0.9263999917069468,5.698491354956301
15,kurtosis|spectral_slope|dominant_freq|hjorth_mobility|hjorth_complexity,110111,5,4.904733119978383,0.0492381866792387,4.8401651583671566,0.9466376144162546,4.261198564988198
15,kurtosis|total_log_power|dominant_freq|hjorth_mobility|hjorth_complexity,101111,5,6.517840903330222,0.055977519173843,6.424875468063354,0.932657417902517,5.874306348340037
15,spectral_slope|total_log_power|dominant_freq|hjorth_mobility|hjorth_complexity,11111,5,5.749492800124735,0.0438296449075769,5.644687711811065,0.9189940516542834,5.105958245134549
15,skewness|kurtosis|spectral_slope|total_log_power|dominant_freq|hjorth_mobility,1111110,6,7.39256395647265,0.0647432533595441,7.312082751655579,0.9306098908355688,6.749029401482465
15,skewness|kurtosis|spectral_slope|total_log_power|dominant_freq|hjorth_complexity,1111101,6,6.444056833915785,0.0544712617491795,6.36984578256607,0.9342217709716192,5.8005222789256
15,skewness|kurtosis|spectral_slope|total_log_power|hjorth_mobility|hjorth_complexity,1111011,6,8.205398324697837,0.0686044439811952,8.135606812858581,0.9406178116264344,7.561863769707652
15,skewness|kurtosis|spectral_slope|dominant_freq|hjorth_mobility|hjorth_complexity,1110111,6,6.526088171066344,0.0549228268870006,6.426091455841065,0.9163088987799196,5.882553616076159
15,skewness|kurtosis|total_log_power|dominant_freq|hjorth_mobility|hjorth_complexity,1101111,6,8.262272869903594,0.0672203697734477,8.196457245063781,0.944352465587643,7.618738314913409
15,skewness|spectral_slope|total_log_power|dominant_freq|hjorth_mobility|hjorth_complexity,1011111,6,7.6951779090117665,0.0613912781632009,7.623322820854187,0.939556424893076,7.051643354021581
15,kurtosis|spectral_slope|total_log_power|dominant_freq|hjorth_mobility|hjorth_complexity,111111,6,6.792031216622144,0.060071766293249,6.697091641235351,0.9315207844239536,6.148496661631959
15,skewness|kurtosis|spectral_slope|total_log_power|dominant_freq|hjorth_mobility|hjorth_complexity,1111111,7,8.686158347664401,0.0702571101895761,8.617936004638672,0.9425742483958104,8.042623792674215
50,none,0,0,0.5563351325407624,0.0090254237680547,0.524114227771759,0.9684475211555644,-0.0871994224494229
50,skewness,1000000,1,1.532523698725924,0.0303695696609796,1.476470168876648,0.9474890926797768,0.8889891437357386
50,kurtosis,100000,1,1.1837516877166927,0.0172386136478163,1.1409057154655458,0.9584752379186956,0.5402171327265074
50,spectral_slope,10000,1,1.4598426935669035,0.0175260746943342,1.4163554989814755,0.9578613755809005,0.8163081385767182
50,total_log_power,1000,1,1.8827089485194533,0.0206147903184778,1.8144046112060548,0.9359880998175706,1.239174393529268
50,dominant_freq,100,1,1.4002356235221027,0.0238155825264484,1.3526512498855592,0.9539841459553788,0.7567010685319174
50,hjorth_mobility,10,1,2.17703422757946,0.0273670538856057,2.114781921005249,0.940827707547956,1.5334996725892744
50,hjorth_complexity,1,1,1.849781893921271,0.0247438422242506,1.800767469406128,0.9535207860241672,1.2062473389310857
50,skewness|kurtosis,1100000,2,2.4083555470515043,0.0390658818857734,2.3215235176086426,0.9188514669126218,1.7648209920613191
50,skewness|spectral_slope,1010000,2,2.670908022583649,0.0364041495793064,2.585660395336151,0.9225980002940908,2.027373467593464
50,skewness|total_log_power,1001000,2,2.9569466531153767,0.0372219443714819,2.895163461494446,0.9427128577338656,2.313412098125192
50,skewness|dominant_freq,1000100,2,2.564586259794236,0.0406404582674971,2.4702219217300416,0.9130296809198336,1.92105170480405
50,skewness|hjorth_mobility,1000010,2,3.5743139483679087,0.0459015509142001,3.467212865829468,0.9045584009958566,2.9307793933777235
50,skewness|hjorth_complexity,1000001,2,3.268679894022271,0.0375801349969523,3.1817443418502807,0.9203564152200944,2.625145339032086
50,kurtosis|spectral_slope,110000,2,2.0666675247024746,0.0232685200082363,2.018362904548645,0.9533267197474512,1.4231329697122894
50,kurtosis|total_log_power,101000,2,2.255612217148021,0.0299524565096227,2.185032877635956,0.9378217678086886,1.612077662157836
50,kurtosis|dominant_freq,100100,2,2.1877826061800123,0.0249444459331496,2.1374648537635803,0.9514772150443656,1.544248051189827
50,kurtosis|hjorth_mobility,100010,2,2.858428041463345,0.031044020558156,2.7920707543373107,0.9373227566033971,2.21489348647316
50,kurtosis|hjorth_complexity,100001,2,2.6128581013254824,0.0267764009731364,2.545451121616364,0.9370732545850708,1.9693235463352967
50,spectral_slope|total_log_power,11000,2,2.6479530797649176,0.0251579588472869,2.5784546484947204,0.9356752335932076,2.0044185247747324
50,spectral_slope|dominant_freq,10100,2,1.990324045774713,0.0219819277670796,1.939433467292785,0.9509980067707394,1.346789490784528
50,spectral_slope|hjorth_mobility,10010,2,2.228546662134305,0.0311720083472679,2.159550329208374,0.9361782035777536,1.5850121071441197
50,spectral_slope|hjorth_complexity,10001,2,2.6089523223448543,0.0250218755804578,2.548571427154541,0.9433782089011552,1.965417767354669
50,total_log_power|dominant_freq,1100,2,2.6281126763325187,0.0258367606549545,2.5640899324417115,0.9396435495676522,1.9845781213423328
50,total_log_power|hjorth_mobility,1010,2,3.663897886188329,0.0427200161767755,3.534901367378235,0.8986455307246565,3.020363331198144
50,total_log_power|hjorth_complexity,1001,2,3.0186653649494053,0.0293048040579785,2.954679751968384,0.9423207804640672,2.37513080995922
50,dominant_freq|hjorth_mobility,110,2,2.8483451673764737,0.0311150011489222,2.7885390553474427,0.943033649349389,2.2048106123862885
50,dominant_freq|hjorth_complexity,101,2,2.442880494457483,0.0238739961540632,2.390246889781952,0.9496989984787148,1.799345939467298
50,hjorth_mobility|hjorth_complexity,11,2,3.690765491373837,0.0304055792635845,3.636658135318756,0.9487643459719632,3.047230936383652
50,skewness|kurtosis|spectral_slope,1110000,3,3.6245285041332247,0.0417460324327444,3.543481442832946,0.9244950315986944,2.9809939491430395
50,skewness|kurtosis|total_log_power,1101000,3,3.819448108752072,0.0474733975893748,3.76218768119812,0.946562363166734,3.1759135537618866
50,skewness|kurtosis|dominant_freq,1100100,3,3.534476831499487,0.0410629478733531,3.4412226888656616,0.9136673077907242,2.890942276509302
50,skewness|kurtosis|hjorth_mobility,1100010,3,4.672783962037414,0.0514284920215036,4.56757043170929,0.9059326585267176,4.029249407047229
50,skewness|kurtosis|hjorth_complexity,1100001,3,3.435338757605105,0.0451504607422866,3.333725336074829,0.906443542933276,2.7918042026149203
50,skewness|spectral_slope|total_log_power,1011000,3,3.756787499152496,0.0436662577548747,3.680761196231842,0.9308475105778804,3.113252944162311
50,skewness|spectral_slope|dominant_freq,1010100,3,3.4393766848273577,0.0380297466042052,3.338541211891174,0.9094138407298026,2.7958421298371725
50,skewness|spectral_slope|hjorth_mobility,1010010,3,3.741853061774001,0.049762381934855,3.63749444732666,0.9100593900340328,3.098318506783816
50,skewness|spectral_slope|hjorth_complexity,1010001,3,4.2748105227455495,0.0346699127033963,4.162468246269226,0.901996023361562,3.631275967755364
50,skewness|total_log_power|dominant_freq,1001100,3,3.996777991883457,0.0368479377399285,3.933282286262512,0.940843551866034,3.353243436893272
50,skewness|total_log_power|hjorth_mobility,1001010,3,5.237342095089704,0.060128439237956,5.109190287780762,0.8957187989034457,4.593807540099519
50,skewness|total_log_power|hjorth_complexity,1001001,3,4.273797290735692,0.0396402013991807,4.203842692565918,0.9383287014483574,3.6302627357455055
50,skewness|dominant_freq|hjorth_mobility,1000110,3,4.4194400162447245,0.0457876615142726,4.32539609670639,0.915532657353423,3.7759054612545393
50,skewness|dominant_freq|hjorth_complexity,1000101,3,4.156315539763868,0.0320792292535654,4.055525570678711,0.9081821597067276,3.5127809847736824
50,skewness|hjorth_mobility|hjorth_complexity,1000011,3,5.375607379196212,0.04233652202149,5.274963822460174,0.9102296897706575,4.732072824206027
50,kurtosis|spectral_slope|total_log_power,111000,3,3.1892832159116864,0.031886870311662,3.1293120762825013,0.9440871170251643,2.545748660921501
50,kurtosis|spectral_slope|dominant_freq,110100,3,2.718122203749791,0.0265265952393005,2.665595435523987,0.9494772143306204,2.0745876487596058
50,kurtosis|spectral_slope|hjorth_mobility,110010,3,3.082144828591496,0.0322659184503228,3.0122876612663267,0.9348871134814782,2.4386102736013107
50,kurtosis|spectral_slope|hjorth_complexity,110001,3,3.374231678363308,0.0281020107551115,3.308766789531708,0.938289095816676,2.730697123373123
50,kurtosis|total_log_power|dominant_freq,101100,3,3.2960171859666705,0.0298070105822302,3.242733859729767,0.9504475141553244,2.6524826309764853
50,kurtosis|total_log_power|hjorth_mobility,101010,3,4.523464745273814,0.0438459231097672,4.410852639961242,0.9135920661750164,3.8799301902836287
50,kurtosis|total_log_power|hjorth_complexity,101001,3,3.503754691488296,0.0388452026409829,3.427353526115417,0.9376554344875948,2.8602201364981106
50,kurtosis|dominant_freq|hjorth_mobility,100110,3,3.450827144476772,0.0344724561496298,3.3963468742370604,0.9481821657389272,2.807292589486586
50,kurtosis|dominant_freq|hjorth_complexity,100101,3,3.283138537651673,0.0261206958293698,3.2238056953430174,0.9434178087042088,2.639603982661488
50,kurtosis|hjorth_mobility|hjorth_complexity,100011,3,4.383186711145193,0.038971629846791,4.321793215560913,0.9429306817017564,3.739652156155008
50,spectral_slope|total_log_power|dominant_freq,11100,3,3.117266392504052,0.0295251067022863,3.058388385295868,0.9444435523172312,2.473731837513866
50,spectral_slope|total_log_power|hjorth_mobility,11010,3,3.6931253631513568,0.0470477374602783,3.5751255215644835,0.9053306812024664,3.049590808161172
50,spectral_slope|total_log_power|hjorth_complexity,11001,3,3.713071623167768,0.0321557778181808,3.647441404819488,0.9403960280115532,3.069537068177583
50,spectral_slope|dominant_freq|hjorth_mobility,10110,3,2.831119692029432,0.0323621568165115,2.766417129707337,0.9387722644931564,2.187585137039246
50,spectral_slope|dominant_freq|hjorth_complexity,10101,3,2.784408322035894,0.0272334999807047,2.7221518261909483,0.9414851380218552,2.1408737670457088
50,spectral_slope|hjorth_mobility|hjorth_complexity,10011,3,3.796095785051957,0.0307994344399207,3.738421161746978,0.9465544456411182,3.152561230061772
50,total_log_power|dominant_freq|hjorth_mobility,1110,3,4.322655512542277,0.0404996939235357,4.232977074050903,0.9243881079663614,3.679120957552092
50,total_log_power|dominant_freq|hjorth_complexity,1101,3,3.542273779439926,0.0302177394679338,3.484763165092468,0.9475841493158358,2.898739224449741
50,total_log_power|hjorth_mobility|hjorth_complexity,1011,3,5.127697257061676,0.0384312257100476,5.047526842212677,0.9350811803765666,4.48416270207149
50,dominant_freq|hjorth_mobility|hjorth_complexity,111,3,3.801439304657281,0.0344895937293857,3.753382357311249,0.9547049410063286,3.157904749667096
50,skewness|kurtosis|spectral_slope|total_log_power,1111000,4,4.890647509911656,0.051051606289726,4.836199668216706,0.9492039486445965,4.247112954921471
50,skewness|kurtosis|spectral_slope|dominant_freq,1110100,4,4.252069161748514,0.0438049529571467,4.154476466560364,0.910542556766154,3.6085346067583286
50,skewness|kurtosis|spectral_slope|hjorth_mobility,1110010,4,4.881839228415862,0.0527730074328929,4.785711552524567,0.9160514703646744,4.238304673425676
50,skewness|kurtosis|spectral_slope|hjorth_complexity,1110001,4,4.675582856153697,0.0425256613790144,4.5715432432174685,0.9056989912501358,4.032048301163512
50,skewness|kurtosis|total_log_power|dominant_freq,1101100,4,4.82705608548671,0.0445982962672942,4.772499332618714,0.9490732557121988,4.183521530496525
50,skewness|kurtosis|total_log_power|hjorth_mobility,1101010,4,6.354243225096911,0.0662191480261892,6.283302296829223,0.9366455331270136,5.710708670106726
50,skewness|kurtosis|total_log_power|hjorth_complexity,1101001,4,4.646382185617462,0.0519527446515431,4.572035825443268,0.933457413412579,4.002847630627277
50,skewness|kurtosis|dominant_freq|hjorth_mobility,1100110,4,5.170785643155128,0.0503133963330361,5.089409253120422,0.9250336494183564,4.527251088164943
50,skewness|kurtosis|dominant_freq|hjorth_complexity,1100101,4,4.48510223355107,0.0384772773609295,4.388902435207367,0.910918794119515,3.841567678560885
50,skewness|kurtosis|hjorth_mobility|hjorth_complexity,1100011,4,5.918096237073839,0.0510274007979845,5.8241595088005065,0.9150930557077332,5.274561682083654
50,skewness|spectral_slope|total_log_power|dominant_freq,1011100,4,4.631243715175241,0.0444116929548463,4.559200761795044,0.9347960270526152,3.987709160185056
50,skewness|spectral_slope|total_log_power|hjorth_mobility,1011010,4,5.312115154756605,0.0622335158269783,5.174025873756409,0.8908237502135177,4.66858059976642
50,skewness|spectral_slope|total_log_power|hjorth_complexity,1011001,4,5.332959103842452,0.044537538668144,5.262217227840424,0.9355445430110872,4.689424548852267
50,skewness|spectral_slope|dominant_freq|hjorth_mobility,1010110,4,4.5464131121065465,0.049653177202379,4.446120383930206,0.9116237466853044,3.902878557116361
50,skewness|spectral_slope|dominant_freq|hjorth_complexity,1010101,4,4.6797321113388985,0.0356820342929587,4.563168477916718,0.8979524605639501,4.036197556348713
50,skewness|spectral_slope|hjorth_mobility|hjorth_complexity,1010011,4,5.558493221832812,0.0450285167215143,5.461482262039184,0.918130680730774,4.914958666842627
50,skewness|total_log_power|dominant_freq|hjorth_mobility,1001110,4,6.054694132268802,0.0571600785599022,5.976102383136749,0.9303445428514112,5.4111595772786165
50,skewness|total_log_power|dominant_freq|hjorth_complexity,1001101,4,5.06908265211694,0.0398800218269294,5.008695226573944,0.9443049402622744,4.425548097126755
50,skewness|total_log_power|hjorth_mobility|hjorth_complexity,1001011,4,7.034104125406593,0.0564804154227638,6.961279306411743,0.936827712075555,6.390569570416408
50,skewness|dominant_freq|hjorth_mobility|hjorth_complexity,1000111,4,5.666562561424077,0.0446945834673819,5.57651793422699,0.9209425607793054,5.023028006433892
50,kurtosis|spectral_slope|total_log_power|dominant_freq,111100,4,3.8202463763102887,0.0341860340422579,3.7696574127197264,0.9523881085166276,3.1767118213201035
50,kurtosis|spectral_slope|total_log_power|hjorth_mobility,111010,4,4.648457428864762,0.0477071172846583,4.520986167812348,0.905631672256782,4.004922873874577
50,kurtosis|spectral_slope|total_log_power|hjorth_complexity,111001,4,4.5053488903526215,0.0398502063668647,4.442026060199738,0.943112860203822,3.861814335362436
50,kurtosis|spectral_slope|dominant_freq|hjorth_mobility,110110,4,3.6752051621504127,0.0351470740112291,3.6189415541648864,0.9465504824436732,3.0316706071602275
50,kurtosis|spectral_slope|dominant_freq|hjorth_complexity,110101,4,3.690780906994268,0.0299750092571976,3.627162093830109,0.940190087849531,3.047246352004083
50,kurtosis|spectral_slope|hjorth_mobility|hjorth_complexity,110011,4,4.588695175381005,0.0391361312985103,4.520019236660004,0.9387168202018664,3.94516062039082
50,kurtosis|total_log_power|dominant_freq|hjorth_mobility,101110,4,5.317929016957804,0.0435069074564966,5.237900935268402,0.9346217726879972,4.674394461967619
50,kurtosis|total_log_power|dominant_freq|hjorth_complexity,101101,4,4.307653562840074,0.0357962144072009,4.256973307323456,0.954431674644826,3.664119007849889
50,kurtosis|total_log_power|hjorth_mobility|hjorth_complexity,101011,4,6.14577254797481,0.0476536686595589,6.08417356004715,0.9485504867871604,5.502237992984625
50,kurtosis|dominant_freq|hjorth_mobility|hjorth_complexity,100111,4,4.6458781760398296,0.0403855114061126,4.590428601932525,0.9488989999092848,4.002343621049644
50,spectral_slope|total_log_power|dominant_freq|hjorth_mobility,11110,4,4.298580055613816,0.0458850754736142,4.209036745071411,0.92334256365792,3.655045500623631
50,spectral_slope|total_log_power|dominant_freq|hjorth_complexity,11101,4,3.964184935675189,0.034586075225218,3.894644738006592,0.9384356340528912,3.320650380685004
50,spectral_slope|total_log_power|hjorth_mobility|hjorth_complexity,11011,4,5.37073877296187,0.0413186599908926,5.276037352085114,0.9275089031091012,4.727204217971685
50,spectral_slope|dominant_freq|hjorth_mobility|hjorth_complexity,10111,4,3.8954177528463294,0.0356238804571413,3.840544824504853,0.9491287037072016,3.251883197856145
50,total_log_power|dominant_freq|hjorth_mobility|hjorth_complexity,1111,4,5.519522052540258,0.0409385352448795,5.433284732246399,0.9311207847917484,4.8759874975500725
50,skewness|kurtosis|spectral_slope|total_log_power|dominant_freq,1111100,5,5.566046997531504,0.0507831141580474,5.5090681432724,0.9467801863093273,4.922512442541319
50,skewness|kurtosis|spectral_slope|total_log_power|hjorth_mobility,1111010,5,6.548618706709519,0.0677304112575716,6.474524466323852,0.9360237518217328,5.9050841517193335
50,skewness|kurtosis|spectral_slope|total_log_power|hjorth_complexity,1111001,5,5.889018535944447,0.0536088135174635,5.822268629455566,0.9396791956266904,5.245483980954262
50,skewness|kurtosis|spectral_slope|dominant_freq|hjorth_mobility,1110110,5,5.3733399724651125,0.0523868910588763,5.286067704772949,0.9209306780987364,4.729805417474927
50,skewness|kurtosis|spectral_slope|dominant_freq|hjorth_complexity,1110101,5,5.104748619988561,0.0424052980494723,5.006997231864929,0.9108118657019236,4.461214064998376
50,skewness|kurtosis|spectral_slope|hjorth_mobility|hjorth_complexity,1110011,5,6.237947906336561,0.0521323783941493,6.1473706694602965,0.9195920659226428,5.594413351346375
50,skewness|kurtosis|total_log_power|dominant_freq|hjorth_mobility,1101110,5,7.04762593497932,0.0627779153368632,6.987170518398285,0.9452039509003792,6.404091379989135
50,skewness|kurtosis|total_log_power|dominant_freq|hjorth_complexity,1101101,5,5.592993794011325,0.0490417142724955,5.5327944390296935,0.9456356341639672,4.94945923902114
50,skewness|kurtosis|total_log_power|hjorth_mobility|hjorth_complexity,1101011,5,7.774494041443616,0.0654820597302404,7.719324256801605,0.95017424740502,7.130959486453431
50,skewness|kurtosis|dominant_freq|hjorth_mobility|hjorth_complexity,1100111,5,6.199596728517488,0.0511313218965154,6.118833535861969,0.9265425618737728,5.556062173527303
50,skewness|spectral_slope|total_log_power|dominant_freq|hjorth_mobility,1011110,5,6.151463865463436,0.0616776688058072,6.058719537830353,0.921643553111834,5.5079293104732505
50,skewness|spectral_slope|total_log_power|dominant_freq|hjorth_complexity,1011101,5,5.865519872418791,0.0454992051034493,5.795867287158966,0.9368237520737038,5.221985317428606
50,skewness|spectral_slope|total_log_power|hjorth_mobility|hjorth_complexity,1011011,5,7.283533198898658,0.0583665940001892,7.207580667495727,0.9360989999097624,6.639998643908473
50,skewness|spectral_slope|dominant_freq|hjorth_mobility|hjorth_complexity,1010111,5,5.799025035841391,0.0483751234601908,5.701971752738952,0.91735840318893,5.155490480851205
50,skewness|total_log_power|dominant_freq|hjorth_mobility|hjorth_complexity,1001111,5,7.526136717675999,0.0584502221160701,7.459093447113037,0.9421544461502356,6.882602162685814
50,kurtosis|spectral_slope|total_log_power|dominant_freq|hjorth_mobility,111110,5,5.4729081041276455,0.047646810712994,5.385309834003449,0.9280989996841738,4.82937354913746
50,kurtosis|spectral_slope|total_log_power|dominant_freq|hjorth_complexity,111101,5,4.883733615136147,0.0392108341243184,4.828569389247894,0.9492237531351962,4.240199060145962
50,kurtosis|spectral_slope|total_log_power|hjorth_mobility|hjorth_complexity,111011,5,6.409274653092772,0.0510973554273824,6.334345902347565,0.940122763840892,5.765740098102587
50,kurtosis|spectral_slope|dominant_freq|hjorth_mobility|hjorth_complexity,110111,5,4.892955778633058,0.0430463837743312,4.8320810432434085,0.9453306829928084,4.249421223642873
50,kurtosis|total_log_power|dominant_freq|hjorth_mobility|hjorth_complexity,101111,5,6.581172016325593,0.0489336795950272,6.520694207572937,0.9496752395721488,5.937637461335408
50,spectral_slope|total_log_power|dominant_freq|hjorth_mobility|hjorth_complexity,11111,5,5.6182529742684215,0.044198849572067,5.522660656738282,0.9260554377006824,4.974718419278236
50,skewness|kurtosis|spectral_slope|total_log_power|dominant_freq|hjorth_mobility,1111110,6,7.192218788443133,0.0661616100480796,7.1265913952827455,0.9424395940927248,6.548684233452948
50,skewness|kurtosis|spectral_slope|total_log_power|dominant_freq|hjorth_complexity,1111101,6,6.436163781559094,0.0538463770376702,6.369373967170716,0.939394049559856,5.792629226568909
50,skewness|kurtosis|spectral_slope|total_log_power|hjorth_mobility|hjorth_complexity,1111011,6,8.265392051185295,0.0675691184208218,8.202375930213929,0.9462138523781632,7.621857496195109
50,skewness|kurtosis|spectral_slope|dominant_freq|hjorth_mobility|hjorth_complexity,1110111,6,6.463575605634228,0.0530723618678126,6.385462421894074,0.9296752353910902,5.8200410506440425
50,skewness|kurtosis|total_log_power|dominant_freq|hjorth_mobility|hjorth_complexity,1101111,6,8.364152906128764,0.0666534967649206,8.305848493671418,0.9489188032411948,7.720618351138579
50,skewness|spectral_slope|total_log_power|dominant_freq|hjorth_mobility|hjorth_complexity,1011111,6,7.80747700204514,0.062785355627973,7.737346241760254,0.9397465244765814,7.163942447054954
50,kurtosis|spectral_slope|total_log_power|dominant_freq|hjorth_mobility|hjorth_complexity,111111,6,6.932828728776425,0.05329961201303,6.856879358768463,0.9400910812129166,6.28929417378624
50,skewness|kurtosis|spectral_slope|total_log_power|dominant_freq|hjorth_mobility|hjorth_complexity,1111111,7,8.748817334214971,0.0695048563543662,8.683694894886017,0.9448554367965892,8.105282779224785
55,none,0,0,0.5942935007601976,0.0074194324969387,0.5556719493865967,0.9623049417690488,-0.0492410542299877
55,skewness,1000000,1,1.6201439408231526,0.0331514466772063,1.5552420083999634,0.9410217639837136,0.9766093858329672
55,kurtosis,100000,1,1.2928413796581328,0.0185253374036952,1.2332250396728517,0.942902949141743,0.6493068246679475
55,spectral_slope,10000,1,1.553953604248911,0.0174027233749129,1.4966838650703431,0.944752455295472,0.9104190492587256
55,total_log_power,1000,1,2.6644792222604154,0.0227029974395953,2.537490631198883,0.8872910644677715,2.0209446672702303
55,dominant_freq,100,1,1.5180013805303725,0.0239404370507937,1.4655720022201535,0.9494653325166286,0.874466825540187
55,hjorth_mobility,10,1,2.2726364319361747,0.0281561741173055,2.20003331451416,0.9315920603457862,1.6291018769459895
55,hjorth_complexity,1,1,2.023693222822249,0.0245685801876371,1.9565422086715696,0.9366296896243584,1.3801586678320636
55,skewness|kurtosis,1100000,2,2.6472880495835094,0.0411663282324557,2.552926164531708,0.9130336435127048,2.003753494593324
55,skewness|spectral_slope,1010000,2,2.71316556824036,0.0365780165944839,2.6330999693870543,0.9273663188181814,2.069631013250174
55,skewness|total_log_power,1001000,2,3.5876798065155744,0.0424737805445867,3.495321823883057,0.9158257235911762,2.944145251525389
55,skewness|dominant_freq,1000100,2,2.684276727742329,0.0440351262577296,2.599933623600006,0.9230257234555804,2.040742172752144
55,skewness|hjorth_mobility,1000010,2,3.6982822758417577,0.0497791992936959,3.5974253454208376,0.9112277047155256,3.0547477208515725
55,skewness|hjorth_complexity,1000001,2,3.2167416181322186,0.038397571426148,3.109221303653717,0.9026811666142326,2.5732070631420334
55,kurtosis|spectral_slope,110000,2,2.165460573221743,0.0239544795888083,2.102876226711273,0.9400435439033324,1.5219260182315577
55,kurtosis|total_log_power,101000,2,2.851839921794832,0.0293173273209869,2.747125396156311,0.9091445330231044,2.2083053668046464
55,kurtosis|dominant_freq,100100,2,2.2973999523635955,0.0276964053637518,2.23577643699646,0.941045526308193,1.6538653973734103
55,kurtosis|hjorth_mobility,100010,2,3.082461206510663,0.0324761128428012,2.99320774345398,0.9183682965519264,2.438926651520478
55,kurtosis|hjorth_complexity,100001,2,2.652199509420991,0.0309311755210604,2.574612308120728,0.9270732489788104,2.008664954430806
55,spectral_slope|total_log_power,11000,2,3.3721395263846965,0.0278875298014924,3.237698471736908,0.8794930486198625,2.728604971394512
55,spectral_slope|dominant_freq,10100,2,2.2019237290281803,0.0234609916608394,2.138185995960236,0.9389108719558168,1.5583891740379952
55,spectral_slope|hjorth_mobility,10010,2,2.4031154785126447,0.0325791198172505,2.330782474422455,0.9321742381972122,1.7595809235224595
55,spectral_slope|hjorth_complexity,10001,2,2.851323388969153,0.0258645726579664,2.7767600440979003,0.9307999865033432,2.207788833978968
55,total_log_power|dominant_freq,1100,2,3.464716064357385,0.0286462065579449,3.356245791912079,0.9030415661027178,2.8211815093672
55,total_log_power|hjorth_mobility,1010,2,4.046579519166053,0.0443384895886817,3.896632338809967,0.876522753467688,3.4030449641758675
55,total_log_power|hjorth_complexity,1001,2,3.8110119096640496,0.034775546260323,3.6808972491264345,0.8887207741498878,3.1674773546738644
55,dominant_freq|hjorth_mobility,110,2,2.941343696086109,0.0288304236759705,2.867325896835327,0.9303286963293396,2.2978091410959234
55,dominant_freq|hjorth_complexity,101,2,2.620865107527002,0.0253859539783943,2.553276467514038,0.936245528885971,1.9773305525368168
55,hjorth_mobility|hjorth_complexity,11,2,3.929362004543841,0.0318144809161711,3.8508300261497497,0.9275405797432402,3.285827449553656
55,skewness|kurtosis|spectral_slope,1110000,3,3.81778933285214,0.0426655762086464,3.7247739621162417,0.914693049995274,3.1742547778619548
55,skewness|kurtosis|total_log_power,1101000,3,4.404693085770681,0.0477343070177787,4.300460449886322,0.9068633500556428,3.761158530780496
55,skewness|kurtosis|dominant_freq,1100100,3,3.659863256520033,0.046091314838574,3.569017960071564,0.916859387656308,3.016328701529848
55,skewness|kurtosis|hjorth_mobility,1100010,3,4.878459251183272,0.0550425518981236,4.774410001468659,0.9069861215576592,4.234924696193087
55,skewness|kurtosis|hjorth_complexity,1100001,3,3.5999290918741376,0.0458449259570368,3.4934690537452697,0.9029781985024504,2.9563945368839524
55,skewness|spectral_slope|total_log_power,1011000,3,4.403435531004891,0.0522054054920055,4.272386261749268,0.8859405793031219,3.7599009760147055
55,skewness|spectral_slope|dominant_freq,1010100,3,3.553886466387287,0.0407890639172211,3.4596250911712647,0.9149861208072928,2.9103519113971017
55,skewness|spectral_slope|hjorth_mobility,1010010,3,3.844291084443405,0.0521529419844903,3.7421673303604126,0.9135247360652672,3.20075652945322
55,skewness|spectral_slope|hjorth_complexity,1010001,3,4.309993904101849,0.0354856067184312,4.187523046588898,0.8917069127964736,3.666459349111664
55,skewness|total_log_power|dominant_freq,1001100,3,4.542935944176838,0.0475801038209151,4.440778397846222,0.908435628814767,3.899401389186653
55,skewness|total_log_power|hjorth_mobility,1001010,3,5.696822767977044,0.0677796841975724,5.559580980491639,0.8885306802887247,5.053288212986859
55,skewness|total_log_power|hjorth_complexity,1001001,3,4.742063407665864,0.0456337352708092,4.641071610069275,0.910007904637108,4.098528852675679
55,skewness|dominant_freq|hjorth_mobility,1000110,3,4.620208573075011,0.0483088680084169,4.504678052806854,0.8979247345851018,3.976674018084826
55,skewness|dominant_freq|hjorth_complexity,1000101,3,4.132923829786852,0.0348689995753082,4.006383343791962,0.8877663181692412,3.4893892747966664
55,skewness|hjorth_mobility|hjorth_complexity,1000011,3,5.61664342407547,0.0465840340441969,5.500492523097992,0.8969544388573515,4.9731088690852845
55,kurtosis|spectral_slope|total_log_power,111000,3,3.815673286890984,0.0342271119694985,3.7080676001548767,0.9027088918908748,3.1721387319007985
55,kurtosis|spectral_slope|dominant_freq,110100,3,2.8024597068507227,0.027531520421692,2.7395992217063903,0.9400791902930458,2.158925151860537
55,kurtosis|spectral_slope|hjorth_mobility,110010,3,3.2305910067245365,0.0352520459644829,3.1488374310493468,0.9255247347117028,2.587056451734352
55,kurtosis|spectral_slope|hjorth_complexity,110001,3,3.554455137107894,0.0314235399948843,3.477473701095581,0.9285187970544476,2.9109205821177087
55,kurtosis|total_log_power|dominant_freq,101100,3,3.969777707221359,0.0348716886397887,3.8747079271316527,0.9162178046737166,3.3262431522311737
55,kurtosis|total_log_power|hjorth_mobility,101010,3,4.903397693508491,0.0457701267677632,4.7526235981941225,0.8843960232159261,4.2598631385183054
55,kurtosis|total_log_power|hjorth_complexity,101001,3,4.082394393348694,0.0455330476032879,3.968539855194092,0.909742559205979,3.4388598383585087
55,kurtosis|dominant_freq|hjorth_mobility,100110,3,3.674303440021351,0.0357815316064803,3.598767074871063,0.9291168156506264,3.030768885031166
55,kurtosis|dominant_freq|hjorth_complexity,100101,3,3.300060993042961,0.0326444165242441,3.226980298995972,0.9321227584415596,2.656526438052776
55,kurtosis|hjorth_mobility|hjorth_complexity,100011,3,4.651474470588565,0.0438116021153672,4.575749976539612,0.9313069171601724,4.00793991559838
55,spectral_slope|total_log_power|dominant_freq,11100,3,3.936538370522484,0.0322778300541606,3.834702564620972,0.90854255722816,3.293003815532299
55,spectral_slope|total_log_power|hjorth_mobility,11010,3,4.054544703753665,0.0502901017798843,3.887046043586731,0.863754438233694,3.41101014876348
55,spectral_slope|total_log_power|hjorth_complexity,11001,3,4.561096902803332,0.032789126046856,4.433416464996338,0.890126718348471,3.9175623478131465
55,spectral_slope|dominant_freq|hjorth_mobility,10110,3,3.0125853895526378,0.0335574115167884,2.9472875643730165,0.9385267180334956,2.3690508345624526
55,spectral_slope|dominant_freq|hjorth_complexity,10101,3,3.0940223879233004,0.028722104440506,3.018772185325622,0.930554443609964,2.4504878329331152
55,spectral_slope|hjorth_mobility|hjorth_complexity,10011,3,4.085625759672746,0.0344805170659825,4.011153851413726,0.9319128567801408,3.442091204682561
55,total_log_power|dominant_freq|hjorth_mobility,1110,3,4.778940195570514,0.0432993544178763,4.658133495807648,0.89499404415403,4.135405640580329
55,total_log_power|dominant_freq|hjorth_complexity,1101,3,4.25362245154269,0.0351025449688097,4.137538255405426,0.9014613719624512,3.610087896552505
55,total_log_power|hjorth_mobility|hjorth_complexity,1011,3,5.725321028779074,0.0443555739467979,5.607564837932586,0.9016197876778737,5.081786473788889
55,dominant_freq|hjorth_mobility|hjorth_complexity,111,3,3.986995931944251,0.0335381129768606,3.90174769487381,0.922700973155788,3.3434613769540658
55,skewness|kurtosis|spectral_slope|total_log_power,1111000,4,5.494956022321433,0.0557293364327766,5.388591492557525,0.9062376097979082,4.851421467331248
55,skewness|kurtosis|spectral_slope|dominant_freq,1110100,4,4.355014011217281,0.0473227412826488,4.25675537366867,0.9104633490056584,3.711479456227096
55,skewness|kurtosis|spectral_slope|hjorth_mobility,1110010,4,5.123243972451612,0.0546534376731396,5.02161677494049,0.909964339614295,4.479709417461427
55,skewness|kurtosis|spectral_slope|hjorth_complexity,1110001,4,4.701028833006695,0.0448609694564348,4.587061474037171,0.8983484989445973,4.0574942780165095
55,skewness|kurtosis|total_log_power|dominant_freq,1101100,4,5.494963310519978,0.0481057140034977,5.405474181175232,0.9199603819975322,4.851428755529793
55,skewness|kurtosis|total_log_power|hjorth_mobility,1101010,4,6.89118677130267,0.0671242362018998,6.808509401607513,0.9276475135764652,6.247652216312485
55,skewness|kurtosis|total_log_power|hjorth_complexity,1101001,4,5.2752244772639125,0.0547527872592106,5.173258044719696,0.912245530508518,4.631689922273727
55,skewness|kurtosis|dominant_freq|hjorth_mobility,1100110,4,5.479858433273807,0.0536387597931873,5.360250826931,0.8932158275583939,4.836323878283622
55,skewness|kurtosis|dominant_freq|hjorth_complexity,1100101,4,4.572495804973692,0.041970839803192,4.471751501274109,0.909140577391486,3.928961249983507
55,skewness|kurtosis|hjorth_mobility|hjorth_complexity,1100011,4,6.181926020787657,0.0553534788997673,6.083863909435272,0.9121425585839192,5.538391465797472
55,skewness|spectral_slope|total_log_power|dominant_freq,1011100,4,5.162616589204594,0.0530051045394212,5.044761878299713,0.8974772155794221,4.519082034214409
55,skewness|spectral_slope|total_log_power|hjorth_mobility,1011010,4,5.782231455093622,0.0707248745634158,5.617884738540649,0.8718692939485616,5.138696900103437
55,skewness|spectral_slope|total_log_power|hjorth_complexity,1011001,4,5.764113004331291,0.0507335982110332,5.665027256774902,0.9116871160938632,5.120578449341106
55,skewness|spectral_slope|dominant_freq|hjorth_mobility,1010110,4,4.713456766363978,0.0512010026381336,4.610233113861084,0.9093346355408582,4.069922211373793
55,skewness|spectral_slope|dominant_freq|hjorth_complexity,1010101,4,4.695210562069342,0.0389487461169365,4.57448115568161,0.8935603801263627,4.051676007079156
55,skewness|spectral_slope|hjorth_mobility|hjorth_complexity,1010011,4,5.681085763254389,0.0477412398719264,5.575212699222565,0.9083643410744352,5.037551208264204
55,skewness|total_log_power|dominant_freq|hjorth_mobility,1001110,4,6.626300070187077,0.0635192876168937,6.519499303340912,0.9079287027118654,5.982765515196892
55,skewness|total_log_power|dominant_freq|hjorth_complexity,1001101,4,5.512167136662454,0.047387624843538,5.420924649143219,0.9192554330734518,4.868632581672268
55,skewness|total_log_power|hjorth_mobility|hjorth_complexity,1001011,4,7.401273317699134,0.0630449541469402,7.32085818195343,0.9301069189906748,6.757738762708949
55,skewness|dominant_freq|hjorth_mobility|hjorth_complexity,1000111,4,5.942408736123517,0.0480722753419766,5.819652048397065,0.8923881032846716,5.298874181133332
55,kurtosis|spectral_slope|total_log_power|dominant_freq,111100,4,4.409081668885797,0.0388008671777553,4.322026974105835,0.921231668268476,3.765547113895612
55,kurtosis|spectral_slope|total_log_power|hjorth_mobility,111010,4,5.032565358191729,0.0485517990631316,4.892241749763489,0.8854178067686391,4.389030803201544
55,kurtosis|spectral_slope|total_log_power|hjorth_complexity,111001,4,5.198200066296383,0.0431199392512783,5.0938387279510495,0.9088910767462894,4.554665511306198
55,kurtosis|spectral_slope|dominant_freq|hjorth_mobility,110110,4,3.8212486790273337,0.0379876536552576,3.755758877182007,0.9386930544209108,3.1777141240371485
55,kurtosis|spectral_slope|dominant_freq|hjorth_complexity,110101,4,3.78541285418272,0.0346144939166603,3.7143825570106506,0.9344791951963852,3.141878299192535
55,kurtosis|spectral_slope|hjorth_mobility|hjorth_complexity,110011,4,4.858643040641025,0.0437031036433122,4.771253666496277,0.9233069176825832,4.215108485650839
55,kurtosis|total_log_power|dominant_freq|hjorth_mobility,101110,4,5.544404813094437,0.0476417004896949,5.43536681804657,0.9072514713410051,4.900870258104252
55,kurtosis|total_log_power|dominant_freq|hjorth_complexity,101101,4,5.016982823309302,0.0436514904007565,4.920874897766113,0.919188106185434,4.373448268319117
55,kurtosis|total_log_power|hjorth_mobility|hjorth_complexity,101011,4,6.542196907437592,0.0543926388926773,6.458035760402679,0.9290772166991964,5.898662352447407
55,kurtosis|dominant_freq|hjorth_mobility|hjorth_complexity,100111,4,4.721626960249245,0.0458011406986823,4.644331310653686,0.9304673124237892,4.07809240525906
55,spectral_slope|total_log_power|dominant_freq|hjorth_mobility,11110,4,4.798053990379349,0.0488509386977489,4.675004222869873,0.8940950351150104,4.154519435389164
55,spectral_slope|total_log_power|dominant_freq|hjorth_complexity,11101,4,4.699053760534152,0.0387099112417105,4.583939935016632,0.9021069178241276,4.055519205543967
55,spectral_slope|total_log_power|hjorth_mobility|hjorth_complexity,11011,4,5.8869621409107,0.0478061342336557,5.751508225536346,0.8940791947921083,5.243427585920514
55,spectral_slope|dominant_freq|hjorth_mobility|hjorth_complexity,10111,4,4.117844324840605,0.0384286437483316,4.045256217384338,0.9340435497003722,3.47430976985042
55,total_log_power|dominant_freq|hjorth_mobility|hjorth_complexity,1111,4,6.165572499167174,0.0454118318277633,6.027197813034058,0.8899762251304253,5.522037944176989
55,skewness|kurtosis|spectral_slope|total_log_power|dominant_freq,1111100,5,6.192935328210518,0.0554028151026205,6.10529039773941,0.9219485027079504,5.5494007732203325
55,skewness|kurtosis|spectral_slope|total_log_power|hjorth_mobility,1111010,5,7.17966032467559,0.0708262201601492,7.075986521434784,0.9132514740654,6.5361257696854045
55,skewness|kurtosis|spectral_slope|total_log_power|hjorth_complexity,1111001,5,6.472690025813132,0.0583033865839558,6.376736549663543,0.91678414597243,5.829155470822947
55,skewness|kurtosis|spectral_slope|dominant_freq|hjorth_mobility,1110110,5,5.663963598527015,0.0559269647735738,5.562728169727325,0.9094217659604558,5.020429043536829
55,skewness|kurtosis|spectral_slope|dominant_freq|hjorth_complexity,1110101,5,5.105598978130892,0.0457186794632432,5.001671459197998,0.9076039454147028,4.462064423140707
55,skewness|kurtosis|spectral_slope|hjorth_mobility|hjorth_complexity,1110011,5,6.444175085247308,0.0565884601697808,6.338521678829193,0.9067999853590432,5.800640530257123
55,skewness|kurtosis|total_log_power|dominant_freq|hjorth_mobility,1101110,5,7.640284716520458,0.0666048755093666,7.546887408542633,0.9193742476279932,6.996750161530273
55,skewness|kurtosis|total_log_power|dominant_freq|hjorth_complexity,1101101,5,6.167375937937945,0.0554429014349512,6.076487460994721,0.9212395929326228,5.52384138294776
55,skewness|kurtosis|total_log_power|hjorth_mobility|hjorth_complexity,1101011,5,8.270960241997242,0.0712351805594138,8.20210408525467,0.940570286685515,7.627425687007057
55,skewness|kurtosis|dominant_freq|hjorth_mobility|hjorth_complexity,1100111,5,6.450758065753803,0.055123412507121,6.3429667127609255,0.9048237486685966,5.807223510763618
55,skewness|spectral_slope|total_log_power|dominant_freq|hjorth_mobility,1011110,5,6.654140046474337,0.0677490393418679,6.535698585414886,0.902138602630576,6.010605491484152
55,skewness|spectral_slope|total_log_power|dominant_freq|hjorth_complexity,1011101,5,6.130087181401625,0.0518152667419891,6.040615513324737,0.9209108792973428,5.48655262641144
55,skewness|spectral_slope|total_log_power|hjorth_mobility|hjorth_complexity,1011011,5,7.697853230170906,0.0657401570821585,7.61361527929306,0.9287881066492722,7.0543186751807205
55,skewness|spectral_slope|dominant_freq|hjorth_mobility|hjorth_complexity,1010111,5,6.04395526483357,0.049855907417101,5.938039141845703,0.9079405789396234,5.4004207098433845
55,skewness|total_log_power|dominant_freq|hjorth_mobility|hjorth_complexity,1001111,5,7.884051768956706,0.0634345252300012,7.801095248603821,0.9294296928272598,7.240517213966521
55,kurtosis|spectral_slope|total_log_power|dominant_freq|hjorth_mobility,111110,5,5.667213779161498,0.0497536826226232,5.566443727970123,0.913029690239779,5.023679224171313
55,kurtosis|spectral_slope|total_log_power|dominant_freq|hjorth_complexity,111101,5,5.528743337980658,0.0459013334019424,5.445595568752289,0.926249494028224,4.885208782990473
55,kurtosis|spectral_slope|total_log_power|hjorth_mobility|hjorth_complexity,111011,5,6.914923301137612,0.0547991386128121,6.814114647769928,0.9180316726444828,6.2713887461474265
55,kurtosis|spectral_slope|dominant_freq|hjorth_mobility|hjorth_complexity,110111,5,5.014042024791613,0.0471027339377081,4.941317073345184,0.9352831545293736,4.370507469801428
55,kurtosis|total_log_power|dominant_freq|hjorth_mobility|hjorth_complexity,101111,5,7.012407094155997,0.0556729025663536,6.918827853870392,0.923152464839368,6.368872539165812
55,spectral_slope|total_log_power|dominant_freq|hjorth_mobility|hjorth_complexity,11111,5,6.166706080174446,0.0494936123047829,6.0185107623100285,0.8873980076962907,5.523171525184261
55,skewness|kurtosis|spectral_slope|total_log_power|dominant_freq|hjorth_mobility,1111110,6,7.869606642827019,0.0701187479971342,7.772949735546112,0.9180831580018326,7.226072087836834
55,skewness|kurtosis|spectral_slope|total_log_power|dominant_freq|hjorth_complexity,1111101,6,6.862893504433334,0.0604888255214217,6.774143877315521,0.9235881073523808,6.219358949443149
55,skewness|kurtosis|spectral_slope|total_log_power|hjorth_mobility|hjorth_complexity,1111011,6,8.710261984680221,0.0734892520050539,8.63532977771759,0.9364910785777836,8.066727429690035
55,skewness|kurtosis|spectral_slope|dominant_freq|hjorth_mobility|hjorth_complexity,1110111,6,6.667309229990467,0.0567090867077914,6.575170540237427,0.9182098869329856,6.023774675000282
55,skewness|kurtosis|total_log_power|dominant_freq|hjorth_mobility|hjorth_complexity,1101111,6,8.784740360836313,0.07153565402592,8.705320083236694,0.9329306843161916,8.141205805846127
55,skewness|spectral_slope|total_log_power|dominant_freq|hjorth_mobility|hjorth_complexity,1011111,6,8.178466894542426,0.0662275075496916,8.10218668498993,0.9352752379968052,7.534932339552241
55,kurtosis|spectral_slope|total_log_power|dominant_freq|hjorth_mobility|hjorth_complexity,111111,6,7.285024802051857,0.0575137353632108,7.193392876434326,0.926106921704581,6.641490247061672
55,skewness|kurtosis|spectral_slope|total_log_power|dominant_freq|hjorth_mobility|hjorth_complexity,1111111,7,9.13161864188537,0.073653419462429,9.060732119941711,0.940027713596711,8.488084086895183
99,none,0,0,0.5596482648503035,0.0083166832037534,0.5233447247505189,0.9645267260836686,-0.0838862901398818
99,skewness,1000000,1,1.4695223976179956,0.0272140851546127,1.4143380582809448,0.9485900836698924,0.8259878426278103
99,kurtosis,100000,1,1.049918411911279,0.0182441841089995,1.006260797214508,0.9592673171826496,0.4063838569210937
99,spectral_slope,10000,1,1.4912153789646925,0.0170130100015657,1.441000039100647,0.9517544434944554,0.847680823974507
99,total_log_power,1000,1,2.07336826129891,0.0210717147869729,2.007747574806213,0.9390059210668288,1.4298337063087248
99,dominant_freq,100,1,1.513768614302203,0.0240312694597205,1.4604500177383424,0.9486296883255722,0.8702340593120178
99,hjorth_mobility,10,1,2.258388652274385,0.0246076836156881,2.1897555287361143,0.9357702773709814,1.6148540972842
99,hjorth_complexity,1,1,1.8704101036526264,0.0238318079383607,1.8095570240974423,0.9427762278027624,1.226875548662441
99,skewness|kurtosis,1100000,2,2.168125795351341,0.032899288574813,2.10795847196579,0.9436514674978416,1.5245912403611563
99,skewness|spectral_slope,1010000,2,2.634625982369855,0.0322460831860555,2.5579726281166075,0.9298059259513451,1.9910914273796696
99,skewness|total_log_power,1001000,2,3.1260276160940528,0.0373587756573428,3.0503576030731203,0.9303920594017788,2.482493061103868
99,skewness|dominant_freq,1000100,2,2.5511977175395937,0.0401757723768817,2.4764037891387938,0.9310970132179164,1.9076631625494085
99,skewness|hjorth_mobility,1000010,2,3.427321908630803,0.0438164471316644,3.3412575350761413,0.924653450394452,2.783787353640618
99,skewness|hjorth_complexity,1000001,2,3.0347744449436664,0.037399040088958,2.952571891307831,0.9252871109622898,2.391239889953481
99,kurtosis|spectral_slope,110000,2,2.0050376097247,0.0213185781825579,1.952768594932556,0.9513306801522308,1.361503054734515
99,kurtosis|total_log_power,101000,2,2.31795617062971,0.0325084375907685,2.246427028751373,0.9400712725325464,1.6744216156395249
99,kurtosis|dominant_freq,100100,2,2.152917955994233,0.0265586860096102,2.094217552471161,0.9455168158498666,1.5093834010040483
99,kurtosis|hjorth_mobility,100010,2,2.917378400053084,0.0306601985623062,2.855212150478363,0.9437465207064394,2.2738438450628986
99,kurtosis|hjorth_complexity,100001,2,2.4846871791407468,0.0282369156543548,2.4190023093223574,0.939298994830941,1.8411526241505616
99,spectral_slope|total_log_power,11000,2,2.810350253076479,0.024256672694221,2.739806792163849,0.9333702773654404,2.166815698086294
99,spectral_slope|dominant_freq,10100,2,2.1038110379140824,0.0246183402953564,2.0521893482208253,0.9505742464215988,1.4602764829238972
99,spectral_slope|hjorth_mobility,10010,2,2.246523890825733,0.0316412184346521,2.1793448081970217,0.9370296847039152,1.6029893358355485
99,spectral_slope|hjorth_complexity,10001,2,2.7755141971129924,0.0244089063616738,2.7033419821739195,0.9336197929714388,2.131979642122807
99,total_log_power|dominant_freq,1100,2,2.848829714066163,0.0273061789703382,2.775020942211151,0.9335524593580856,2.2052951590759777
99,total_log_power|hjorth_mobility,1010,2,3.517751755182445,0.0406221683017837,3.38812594833374,0.8936356259362165,2.87421720019226
99,total_log_power|hjorth_complexity,1001,2,2.961778011099994,0.0284936496785553,2.861373644065857,0.9210534520730472,2.318243456109809
99,dominant_freq|hjorth_mobility,110,2,2.9324834718678146,0.0280672863240644,2.868044617557526,0.9388910741701468,2.2889489168776294
99,dominant_freq|hjorth_complexity,101,2,2.558810197949782,0.023543687758923,2.509921932411194,0.953398011176674,1.915275642959597
99,hjorth_mobility|hjorth_complexity,11,2,3.759800719201565,0.0304135006075678,3.696682352638245,0.942661376778249,3.11626616421138
99,skewness|kurtosis|spectral_slope,1110000,3,3.4439600075498222,0.0362459639361334,3.365627570056916,0.928110875628588,2.800425452559637
99,skewness|kurtosis|total_log_power,1101000,3,3.5764776099402456,0.0410834332111693,3.502314658260345,0.9316237456799988,2.9329430549500604
99,skewness|kurtosis|dominant_freq,1100100,3,3.366431966368109,0.0416438193941659,3.2813815026283266,0.9215445352007924,2.722897411377924
99,skewness|kurtosis|hjorth_mobility,1100010,3,4.362019242477045,0.0484145262055639,4.280423567008972,0.9274178061990802,3.71848468748686
99,skewness|kurtosis|hjorth_complexity,1100001,3,3.1403461612001062,0.0426434113848944,3.0530492559432982,0.91898215625253,2.496811606209921
99,skewness|spectral_slope|total_log_power,1011000,3,3.974913082632795,0.0421675144722234,3.8852794602394094,0.9175286960723416,3.33137852764261
99,skewness|spectral_slope|dominant_freq,1010100,3,3.403493489712849,0.0388872287776456,3.335287860488892,0.9375326598062292,2.759958934722664
99,skewness|spectral_slope|hjorth_mobility,1010010,3,3.5399049633707853,0.051542022268734,3.4507700392723084,0.9236395900321926,2.8963704083806
99,skewness|spectral_slope|hjorth_complexity,1010001,3,4.204716762119159,0.0357949570921287,4.1024723201751705,0.9102970168668588,3.561182207128974
99,skewness|total_log_power|dominant_freq,1001100,3,4.295918307626993,0.0375069626202244,4.209186135959626,0.9202772105543494,3.652383752636808
99,skewness|total_log_power|hjorth_mobility,1001010,3,5.039680924265832,0.0545341381266634,4.906812950992585,0.889049491028304,4.396146369275646
99,skewness|total_log_power|hjorth_complexity,1001001,3,4.105978492518514,0.0389459328417772,4.015313194656372,0.9199643393058452,3.462443937528329
99,skewness|dominant_freq|hjorth_mobility,1000110,3,4.2176427869860085,0.0422029323291556,4.12960054101944,0.9222653324897973,3.5741082319958237
99,skewness|dominant_freq|hjorth_complexity,1000101,3,4.074416859229282,0.0341177326035445,3.9954721408844,0.927900974243462,3.430882304239097
99,skewness|hjorth_mobility|hjorth_complexity,1000011,3,5.059920467305183,0.0466909991734107,4.974920731449127,0.9261267203077284,4.416385912314998
99,kurtosis|spectral_slope|total_log_power,111000,3,3.1568944587484,0.0317346339687772,3.086390568637848,0.9351841417943698,2.513359903758215
99,kurtosis|spectral_slope|dominant_freq,110100,3,2.680996744503453,0.0284270973624349,2.627677431106568,0.9508356338488764,2.0374621895132683
99,kurtosis|spectral_slope|hjorth_mobility,110010,3,2.9541906838174907,0.0344682359181274,2.8928435556411745,0.9446732534706218,2.310656128827305
99,kurtosis|spectral_slope|hjorth_complexity,110001,3,3.396891945193708,0.0294194524795213,3.328511223125458,0.9376039492583302,2.7533573902035227
99,kurtosis|total_log_power|dominant_freq,101100,3,3.296803813166916,0.0346644604321091,3.227576678466797,0.940685134140562,2.653269258176731
99,kurtosis|total_log_power|hjorth_mobility,101010,3,4.210875138687715,0.0402295928529042,4.095574932956696,0.9106772136768692,3.56734058369753
99,kurtosis|total_log_power|hjorth_complexity,101001,3,3.4786102389294653,0.0390026467108411,3.380535008621216,0.9273663232240033,2.83507568393928
99,kurtosis|dominant_freq|hjorth_mobility,100110,3,3.521507982365787,0.0346658796602303,3.4593616636276243,0.9430178081402536,2.877973427375602
99,kurtosis|dominant_freq|hjorth_complexity,100101,3,3.295728774605692,0.0290469774941433,3.236718287754059,0.9458138487210064,2.6521942196155064
99,kurtosis|hjorth_mobility|hjorth_complexity,100011,3,4.504904190805182,0.0400527419546619,4.448488297176361,0.950459396494392,3.861369635814997
99,spectral_slope|total_log_power|dominant_freq,11100,3,3.3614694984294475,0.0304469282999348,3.2947498326301576,0.937960382549448,2.7179349434392623
99,spectral_slope|total_log_power|hjorth_mobility,11010,3,3.5423896957814693,0.0463713562855248,3.4151988121986387,0.892954435921808,2.898855140791284
99,spectral_slope|total_log_power|hjorth_complexity,11001,3,3.8826301558110874,0.0324432862109352,3.8041547836303713,0.9294772151310812,3.2390956008209013
99,spectral_slope|dominant_freq|hjorth_mobility,10110,3,2.9706435367725788,0.0326148193181254,2.9071924787521364,0.939893055367268,2.3271089817823936
99,spectral_slope|dominant_freq|hjorth_complexity,10101,3,2.910092655688524,0.0285772706688855,2.8559208965301512,0.9493821706126953,2.266558100698339
99,spectral_slope|hjorth_mobility|hjorth_complexity,10011,3,3.9879138268589975,0.0307219711801204,3.917272485637665,0.9378851377381172,3.3443792718688123
99,total_log_power|dominant_freq|hjorth_mobility,1110,3,4.32248446931541,0.0390841382404285,4.204617559528351,0.9075564209991306,3.6789499143252247
99,total_log_power|dominant_freq|hjorth_complexity,1101,3,3.653350301774591,0.0308756272832231,3.556404469871521,0.9287009782695708,3.009815746784406
99,total_log_power|hjorth_mobility|hjorth_complexity,1011,3,5.276586944334209,0.0400900597098864,5.156796720886231,0.9094811762471878,4.633052389344024
99,dominant_freq|hjorth_mobility|hjorth_complexity,111,3,3.941566615014523,0.0334785715245851,3.885407798194885,0.94823761430504,3.298032060024338
99,skewness|kurtosis|spectral_slope|total_log_power,1111000,4,4.733439888583496,0.0459567027093876,4.658325166988373,0.9313306781426044,4.089905333593311
99,skewness|kurtosis|spectral_slope|dominant_freq,1110100,4,4.044341022825614,0.0438974510896641,3.9635271119117736,0.9262772138558768,3.4008064678354284
99,skewness|kurtosis|spectral_slope|hjorth_mobility,1110010,4,4.542971398096904,0.0535402378152321,4.458724785614014,0.9265782035176,3.8994368431067192
99,skewness|kurtosis|spectral_slope|hjorth_complexity,1110001,4,4.384597659049556,0.0415466954766499,4.284985101127624,0.9105940447015533,3.7410631040593705
99,skewness|kurtosis|total_log_power|dominant_freq,1101100,4,4.68945880159773,0.0434799582243128,4.616149115943909,0.933512857065886,4.0459242466075445
99,skewness|kurtosis|total_log_power|hjorth_mobility,1101010,4,5.973937490041554,0.0596669955790827,5.893872421741485,0.9300871167120138,5.330402935051369
99,skewness|kurtosis|total_log_power|hjorth_complexity,1101001,4,4.390492189474404,0.0473952792249572,4.3017630610466,0.9218613699202188,3.746957634484219
99,skewness|kurtosis|dominant_freq|hjorth_mobility,1100110,4,4.96522309095487,0.051358598926361,4.873574541187287,0.9178178068663914,4.321688535964685
99,skewness|kurtosis|dominant_freq|hjorth_complexity,1100101,4,4.337122178420424,0.0405868122804495,4.242503309440613,0.9145187950775798,3.693587623430239
99,skewness|kurtosis|hjorth_mobility|hjorth_complexity,1100011,4,5.525786954007298,0.0523159702007482,5.435738518238067,0.9222534521880608,4.882252399017113
99,skewness|spectral_slope|total_log_power|dominant_freq,1011100,4,4.872948201023787,0.0444510607159576,4.787760747718811,0.9227445398957418,4.229413646033602
99,skewness|spectral_slope|total_log_power|hjorth_mobility,1011010,4,5.126839061289281,0.059660162504148,4.968275717449188,0.8735009748003576,4.483304506299096
99,skewness|spectral_slope|total_log_power|hjorth_complexity,1011001,4,5.174954280466213,0.0446147904833353,5.093061582183838,0.9252079061621494,4.531419725476028
99,skewness|spectral_slope|dominant_freq|hjorth_mobility,1010110,4,4.450135589160025,0.0520677610010186,4.370966559791565,0.930055433040722,3.80660103416984
99,skewness|spectral_slope|dominant_freq|hjorth_complexity,1010101,4,4.544254865732789,0.0391074817653953,4.460878931999207,0.9266138482481614,3.900720310742604
99,skewness|spectral_slope|hjorth_mobility|hjorth_complexity,1010011,4,5.357435716852918,0.0495010829469452,5.267723463058472,0.9252752369082492,4.713901161862733
99,skewness|total_log_power|dominant_freq|hjorth_mobility,1001110,4,5.901863341920451,0.0535445766516889,5.803260748291016,0.9137663223052794,5.2583287869302655
99,skewness|total_log_power|dominant_freq|hjorth_complexity,1001101,4,5.090523709826171,0.0411604257005105,5.011476428890228,0.929746520657928,4.446989154835986
99,skewness|total_log_power|hjorth_mobility|hjorth_complexity,1001011,4,6.861865587296337,0.0575806221932624,6.7655314114570615,0.9178296902941238,6.218331032306152
99,skewness|dominant_freq|hjorth_mobility|hjorth_complexity,1000111,4,5.39092516891621,0.0466176990896993,5.308650934028625,0.9298811767335484,4.747390613926025
99,kurtosis|spectral_slope|total_log_power|dominant_freq,111100,4,3.842267854876816,0.0365433464620511,3.7766248230934143,0.9410772155972954,3.198733299886631
99,kurtosis|spectral_slope|total_log_power|hjorth_mobility,111010,4,4.230243810684979,0.0431277534062269,4.125131335544586,0.9119366189126996,3.586709255694794
99,kurtosis|spectral_slope|total_log_power|hjorth_complexity,111001,4,4.337734068464116,0.0421841646779476,4.260575798988342,0.9335722651777624,3.6941995134739294
99,kurtosis|spectral_slope|dominant_freq|hjorth_mobility,110110,4,3.674869574253261,0.0376042448491507,3.615787893867493,0.9461306807290408,3.031335019263076
99,kurtosis|spectral_slope|dominant_freq|hjorth_complexity,110101,4,3.613713890930265,0.0337418743571648,3.550105027866364,0.942835634148042,2.97017933594008
99,kurtosis|spectral_slope|hjorth_mobility|hjorth_complexity,110011,4,4.759768899520114,0.0403417620387958,4.694639056873322,0.9439960297014374,4.1162343445299285
99,kurtosis|total_log_power|dominant_freq|hjorth_mobility,101110,4,5.00470515726246,0.0410215744009213,4.887850887393952,0.9146851348972436,4.361170602272274
99,kurtosis|total_log_power|dominant_freq|hjorth_complexity,101101,4,4.290873250804841,0.0383595790725735,4.213929231262207,0.9433782070038352,3.647338695814656
99,kurtosis|total_log_power|hjorth_mobility|hjorth_complexity,101011,4,5.916096719982103,0.0487897415122696,5.817670744228363,0.9300197921915596,5.272562164991918
99,kurtosis|dominant_freq|hjorth_mobility|hjorth_complexity,100111,4,4.771385261562839,0.0406111484280209,4.709825676822662,0.946776227591993,4.127850706572654
99,spectral_slope|total_log_power|dominant_freq|hjorth_mobility,11110,4,4.33895465137586,0.0435214894290806,4.235459268760681,0.9146890944808176,3.695420096385675
99,spectral_slope|total_log_power|dominant_freq|hjorth_complexity,11101,4,4.18665170706436,0.0352954803999324,4.102832454681397,0.9291088994306668,3.543117152074175
99,spectral_slope|total_log_power|hjorth_mobility|hjorth_complexity,11011,4,5.354627405022085,0.0424454073645899,5.252206392288208,0.9171960269956162,4.7110928500319
99,spectral_slope|dominant_freq|hjorth_mobility|hjorth_complexity,10111,4,4.097245419832319,0.0359881815903801,4.040299146366119,0.9486098930867845,3.453710864842134
99,total_log_power|dominant_freq|hjorth_mobility|hjorth_complexity,1111,4,5.7948489669460805,0.0407009354881955,5.639238575458527,0.8942059295034902,5.151314411955895
99,skewness|kurtosis|spectral_slope|total_log_power|dominant_freq,1111100,5,5.3790751255266365,0.0488498529471822,5.308539039421081,0.9360910763532624,4.735540570536451
99,skewness|kurtosis|spectral_slope|total_log_power|hjorth_mobility,1111010,5,6.221037659994885,0.0639293567678898,6.124501208877564,0.9192593931789544,5.5775031050047
99,skewness|kurtosis|spectral_slope|total_log_power|hjorth_complexity,1111001,5,5.380528884495423,0.050620237152698,5.306298495006561,0.9330534522056058,4.7369943295052375
99,skewness|kurtosis|spectral_slope|dominant_freq|hjorth_mobility,1110110,5,5.17740912951529,0.0569760046088051,5.095789455986023,0.926582164378247,4.533874574525105
99,skewness|kurtosis|spectral_slope|dominant_freq|hjorth_complexity,1110101,5,4.800461172420159,0.04605724699831,4.708885016155243,0.9188356304101308,4.156926617429974
99,skewness|kurtosis|spectral_slope|hjorth_mobility|hjorth_complexity,1110011,5,5.865610645566508,0.0523230353385906,5.77077717666626,0.92013464156782,5.222076090576323
99,skewness|kurtosis|total_log_power|dominant_freq|hjorth_mobility,1101110,5,6.656243195242062,0.0599673736257004,6.581250828170776,0.934851472448578,6.012708640251877
99,skewness|kurtosis|total_log_power|dominant_freq|hjorth_complexity,1101101,5,5.349512260480225,0.0480479699809731,5.268538170051575,0.9312118690062636,4.70597770549004
99,skewness|kurtosis|total_log_power|hjorth_mobility|hjorth_complexity,1101011,5,7.476387186278775,0.06437764961499,7.402889503288269,0.9367920681768388,6.83285263128859
99,skewness|kurtosis|dominant_freq|hjorth_mobility|hjorth_complexity,1100111,5,5.74597470702827,0.0513429559000179,5.65604433298111,0.922368304683946,5.102440152038085
99,skewness|spectral_slope|total_log_power|dominant_freq|hjorth_mobility,1011110,5,6.07644180069156,0.0585432697881858,5.973241237640381,0.913659393284794,5.432907245701375
99,skewness|spectral_slope|total_log_power|dominant_freq|hjorth_complexity,1011101,5,5.7529969351626935,0.0476733109740366,5.675919315528869,0.9310098885100828,5.109462380172508
99,skewness|spectral_slope|total_log_power|hjorth_mobility|hjorth_complexity,1011011,5,7.187718957030401,0.0594149920349423,7.087771044349671,0.916372264674238,6.544184402040216
99,skewness|spectral_slope|dominant_freq|hjorth_mobility|hjorth_complexity,1010111,5,5.708479417980462,0.0519381793104394,5.627203826618195,0.9334336530635202,5.064944862990277
99,skewness|total_log_power|dominant_freq|hjorth_mobility|hjorth_complexity,1001111,5,7.407614125921205,0.0582136597530472,7.319887609100342,0.925314840009304,6.76407957093102
99,kurtosis|spectral_slope|total_log_power|dominant_freq|hjorth_mobility,111110,5,5.232682573649287,0.0441779701859367,5.134710449504852,0.9243920682620448,4.589148018659102
99,kurtosis|spectral_slope|total_log_power|dominant_freq|hjorth_complexity,111101,5,4.8250571805126965,0.0443802653075016,4.752888736438751,0.9395881083884234,4.181522625522511
99,kurtosis|spectral_slope|total_log_power|hjorth_mobility|hjorth_complexity,111011,5,6.230486658731476,0.0513141758180542,6.136342167854309,0.9318336532926802,5.58695210374129
99,kurtosis|spectral_slope|dominant_freq|hjorth_mobility|hjorth_complexity,110111,5,5.013195895225183,0.0430581450115716,4.943847354125976,0.941227712909694,4.369661340234997
99,kurtosis|total_log_power|dominant_freq|hjorth_mobility|hjorth_complexity,101111,5,6.446738782887533,0.0500938540556159,6.327102867031098,0.9204752381196144,5.803204227897348
99,spectral_slope|total_log_power|dominant_freq|hjorth_mobility|hjorth_complexity,11111,5,5.777584412498772,0.0434500256605944,5.649052779769898,0.9059168209359814,5.134049857508587
99,skewness|kurtosis|spectral_slope|total_log_power|dominant_freq|hjorth_mobility,1111110,6,7.009386305406689,0.064594632852523,6.928986062908173,0.9317227611342234,6.365851750416504
99,skewness|kurtosis|spectral_slope|total_log_power|dominant_freq|hjorth_complexity,1111101,6,6.056954136983305,0.0538152333025699,5.980846988487244,0.9334970191421348,5.41341958199312
99,skewness|kurtosis|spectral_slope|total_log_power|hjorth_mobility|hjorth_complexity,1111011,6,7.941458062244951,0.0659205602078866,7.863403199195861,0.934510879576518,7.297923507254766
99,skewness|kurtosis|spectral_slope|dominant_freq|hjorth_mobility|hjorth_complexity,1110111,6,6.104612024179474,0.0555238114163793,6.019763108253479,0.9279287021641855,5.461077469189289
99,skewness|kurtosis|total_log_power|dominant_freq|hjorth_mobility|hjorth_complexity,1101111,6,7.975591594887152,0.0644599946011823,7.901779903125763,0.9390930594444832,7.332057039896967
99,skewness|spectral_slope|total_log_power|dominant_freq|hjorth_mobility|hjorth_complexity,1011111,6,7.773603904239088,0.0613686648297477,7.693390617752075,0.9308673158384722,7.130069349248903
99,kurtosis|spectral_slope|total_log_power|dominant_freq|hjorth_mobility|hjorth_complexity,111111,6,6.782479145616293,0.0538791610455276,6.66677820444107,0.921302960708692,6.138944590626108
99,skewness|kurtosis|spectral_slope|total_log_power|dominant_freq|hjorth_mobility|hjorth_complexity,1111111,7,8.537458609289303,0.0686087796799804,8.452208771896363,0.9319445448305804,7.893924054299117
105,none,0,0,0.5787197682209313,0.007855613939466924,0.5375373623847961,0.9598653355385716,-0.06481478676925401
105,skewness,1000000,1,1.6975713054899126,0.0320352260792598,1.6281814250946045,0.9343405708181479,1.0540367504997272
105,kurtosis,100000,1,1.2037714923422784,0.019710712886405305,1.1604156653404236,0.9591999891878561,0.5602369373520931
105,spectral_slope,10000,1,1.5082847599755973,0.01779530572537952,1.4647770272254943,0.9577108792294781,0.864750204985412
105,total_log_power,1000,1,2.3182566063299777,0.02066612149176767,2.2248163528442384,0.9145940324992331,1.6747220513397925
105,dominant_freq,100,1,1.4766053914327175,0.02364591097008038,1.4212631548881531,0.9466851320114119,0.8330708364425322
105,hjorth_mobility,10,1,2.2745254615057258,0.02564391091375576,2.2117614824295044,0.9413900852078659,1.6309909065155406
105,hjorth_complexity,1,1,1.9451892007235438,0.02266761537180411,1.8853359400749206,0.943013849027943,1.3016546457333584
105,skewness|kurtosis,1100000,2,2.6103429109413177,0.04419217909638455,2.534353648376465,0.9291999777062985,1.9668083559511325
105,skewness|spectral_slope,1010000,2,2.7760956183090806,0.03529198439979752,2.700134312915802,0.9301504748061463,2.1325610633188954
105,skewness|total_log_power,1001000,2,3.3996297740411014,0.03749887203600599,3.3009037603378295,0.9084276989164956,2.7560952190509163
105,skewness|dominant_freq,1000100,2,2.7232632863275708,0.043563309831764443,2.6300871101379393,0.9148197802916126,2.0797287313373856
105,skewness|hjorth_mobility,1000010,2,3.718372781391069,0.04738910652818569,3.606677669334412,0.9034019586002509,3.074838226400884
105,skewness|hjorth_complexity,1000001,2,3.1589222958140075,0.03722444859610297,3.0751802942276,0.9222019593051322,2.5153877408238223
105,kurtosis|spectral_slope,110000,2,2.0984636565074326,0.025063178193920007,2.0460977316856384,0.9508395882038989,1.4549291015172474
105,kurtosis|total_log_power,101000,2,2.5128661479473116,0.03249410950701078,2.411084478378296,0.9188950280303874,1.8693315929571264
105,kurtosis|dominant_freq,100100,2,2.244021864183992,0.028275072078366707,2.1881208402633665,0.9476277082421762,1.6004873091938068
105,kurtosis|hjorth_mobility,100010,2,3.004011346179992,0.035302862922972994,2.9356501962661743,0.9382217696082437,2.360476791189807
105,kurtosis|hjorth_complexity,100001,2,2.5487384379591793,0.03170906484150461,2.485598030567169,0.9412316663256967,1.9052038829689941
105,spectral_slope|total_log_power,11000,2,3.161321915890649,0.02540214342411767,3.0780986558914183,0.9229979971779645,2.517787360900464
105,spectral_slope|dominant_freq,10100,2,2.043059300944209,0.023141006321646486,1.9917636304855346,0.950594045932753,1.3995247459540239
105,spectral_slope|hjorth_mobility,10010,2,2.317690918974206,0.029730293084909785,2.2636321011543274,0.9488356321035508,1.6741563639840207
105,spectral_slope|hjorth_complexity,10001,2,2.723853128875047,0.023743396578666805,2.652865790271759,0.9333782056953264,2.080318573884862
105,total_log_power|dominant_freq,1100,2,3.201788794732466,0.02539865991019928,3.112652621269226,0.9184078989767896,2.558254239742281
105,total_log_power|hjorth_mobility,1010,2,3.707092025795579,0.04277404698011665,3.5718654952049254,0.8926613710972914,3.0635574708053936
105,total_log_power|hjorth_complexity,1001,2,3.510658620889485,0.029958538545761585,3.3709912701606752,0.891132654248138,2.8671240658993
105,dominant_freq|hjorth_mobility,110,2,2.9332819959551095,0.026141990598280693,2.8643491216659545,0.9354098902339003,2.2897474409649243
105,dominant_freq|hjorth_complexity,101,2,2.639656198700145,0.02325407998028635,2.577709228038788,0.9413465221958184,1.9961216437099596
105,hjorth_mobility|hjorth_complexity,11,2,3.7197491913706062,0.028564293510597163,3.6616800559043883,0.9455049388471851,3.076214636380421
105,skewness|kurtosis|spectral_slope,1110000,3,3.7663656155299394,0.04564178632779311,3.683109095668793,0.9236554274028924,3.1228310605397542
105,skewness|kurtosis|total_log_power,1101000,3,4.305214879591018,0.05080333024765658,4.2070824934005735,0.9117742391677178,3.661680324600833
105,skewness|kurtosis|dominant_freq,1100100,3,3.690702082196996,0.0480664679698846,3.6110530665397644,0.9264910726472725,3.0471675272068106
105,skewness|kurtosis|hjorth_mobility,1100010,3,4.732043043524399,0.056420232687701403,4.633940421772003,0.9117465157544008,4.088508488534214
105,skewness|kurtosis|hjorth_complexity,1100001,3,3.5867498873129486,0.04902335132550752,3.495004486465454,0.9155088911563333,2.9432153323227634
105,skewness|spectral_slope|total_log_power,1011000,3,4.333646783445403,0.044154125695588214,4.211613885784149,0.8920435483227519,3.6901122284552175
105,skewness|spectral_slope|dominant_freq,1010100,3,3.5124138793814925,0.04147486472067183,3.4185126896858216,0.916221760868519,2.8688793243913073
105,skewness|spectral_slope|hjorth_mobility,1010010,3,3.8368733256909997,0.051683598162542914,3.734619543361664,0.9137267133585774,3.1933387707008145
105,skewness|spectral_slope|hjorth_complexity,1010001,3,4.204150017954037,0.033219221723945494,4.111437860870361,0.9162098859936214,3.5606154629638516
105,skewness|total_log_power|dominant_freq,1001100,3,4.53464759112671,0.039669028965198236,4.433988944244385,0.9080950320799046,3.8911130361365247
105,skewness|total_log_power|hjorth_mobility,1001010,3,5.429477489297464,0.0564027841646039,5.301762798023224,0.8924197877198891,4.785942934307279
105,skewness|total_log_power|hjorth_complexity,1001001,3,4.678095019926131,0.0423013960417134,4.585747984981537,0.9161504812574945,4.034560464935946
105,skewness|dominant_freq|hjorth_mobility,1000110,3,4.523173833104223,0.04759856739741869,4.412245394992828,0.9064514694970894,3.8796392781140376
105,skewness|dominant_freq|hjorth_complexity,1000101,3,4.125526357310266,0.03598650274539528,4.02796752243042,0.9120475075830392,3.4819918023200804
105,skewness|hjorth_mobility|hjorth_complexity,1000011,3,5.380142613274604,0.04244579837539119,5.277175257015228,0.9103841434465044,4.7366080582844186
105,kurtosis|spectral_slope|total_log_power,111000,3,3.4356585656587035,0.03581419897382074,3.342309210205078,0.9183049317895239,2.7921240106685183
105,kurtosis|spectral_slope|dominant_freq,110100,3,2.7503836503300816,0.02924352789595822,2.6963646941184995,0.9493861234531327,2.1068490953398964
105,kurtosis|spectral_slope|hjorth_mobility,110010,3,3.2216015119716523,0.03680275737693707,3.1654034494400025,0.9483683040148562,2.578066956981467
105,kurtosis|spectral_slope|hjorth_complexity,110001,3,3.4495528529591857,0.030494740963233867,3.378317948150635,0.9342534511256243,2.8060182979690005
105,kurtosis|total_log_power|dominant_freq,101100,3,3.688118717062473,0.03443132713856167,3.610168325519562,0.9315445387266676,3.044584162072288
105,kurtosis|total_log_power|hjorth_mobility,101010,3,4.575743568948656,0.04569279757270738,4.4309968377113345,0.8969108774794026,3.932209013958471
105,kurtosis|total_log_power|hjorth_complexity,101001,3,3.7814492545925082,0.04303080732875631,3.6588009984016416,0.9102376072408868,3.137914699602323
105,kurtosis|dominant_freq|hjorth_mobility,100110,3,3.7137991185288874,0.03621722695178275,3.6435487807273863,0.9355247408502048,3.0702645635387023
105,kurtosis|dominant_freq|hjorth_complexity,100101,3,3.392896572600305,0.032442783236226826,3.3295126280784606,0.9417940481248286,2.7493620176101197
105,kurtosis|hjorth_mobility|hjorth_complexity,100011,3,4.4376678711246695,0.04262224018146818,4.381686497783661,0.9507841477737806,3.7941333161344843
105,spectral_slope|total_log_power|dominant_freq,11100,3,3.653950520157069,0.028304347545056577,3.5799912965774534,0.9317187961426382,3.010415965166884
105,spectral_slope|total_log_power|hjorth_mobility,11010,3,3.8817751817483455,0.04785027361865943,3.739264879703522,0.8873148380650018,3.2382406267581603
105,spectral_slope|total_log_power|hjorth_complexity,11001,3,4.448175574075431,0.03224299973118399,4.3368090378761295,0.9042059251627769,3.8046410190852455
105,spectral_slope|dominant_freq|hjorth_mobility,10110,3,2.952820872767642,0.03138209688725782,2.896909839248657,0.9470970184635067,2.309286317777457
105,spectral_slope|dominant_freq|hjorth_complexity,10101,3,2.988144985808432,0.025997799445704642,2.9267996451377867,0.9420079087769473,2.3446104308182467
105,spectral_slope|hjorth_mobility|hjorth_complexity,10011,3,3.8936158950150013,0.029784944041605633,3.8231985157966615,0.9354574126654294,3.250081340024816
105,total_log_power|dominant_freq|hjorth_mobility,1110,3,4.5262175821971145,0.03910242770721851,4.428987650299073,0.9181821673090305,3.8826830272069293
105,total_log_power|dominant_freq|hjorth_complexity,1101,3,4.109450483693927,0.031110487647715714,4.014609793567658,0.9211366194707403,3.465915928703742
105,total_log_power|hjorth_mobility|hjorth_complexity,1011,3,5.64603436569199,0.041732886170461364,5.526063872909546,0.9069663243100596,5.002499810701805
105,dominant_freq|hjorth_mobility|hjorth_complexity,111,3,3.79646942942366,0.032789928395072956,3.733901945209503,0.9447049408203587,3.1529348744334746
105,skewness|kurtosis|spectral_slope|total_log_power,1111000,4,5.3246747262228284,0.055582159748759574,5.236043654251098,0.920906915587204,4.681140171232643
105,skewness|kurtosis|spectral_slope|dominant_freq,1110100,4,4.327996078450605,0.05002050298265745,4.236230013275146,0.9161385965504469,3.6844615234604197
105,skewness|kurtosis|spectral_slope|hjorth_mobility,1110010,4,4.905070664781332,0.06015510822621674,4.817494067668915,0.9221504793382901,4.261536109791146
105,skewness|kurtosis|spectral_slope|hjorth_complexity,1110001,4,4.730729004722834,0.04801093050646193,4.636365306663513,0.9139564202882586,4.087194449732649
105,skewness|kurtosis|total_log_power|dominant_freq,1101100,4,5.289737120627985,0.05074381456034576,5.207921170711518,0.9262296888688694,4.646202565637799
105,skewness|kurtosis|total_log_power|hjorth_mobility,1101010,4,6.53875286405459,0.06773053899035157,6.447514721870422,0.9205465213468719,5.895218309064405
105,skewness|kurtosis|total_log_power|hjorth_complexity,1101001,4,5.101807949861884,0.05656464141985089,4.99731993227005,0.9119999855564289,4.458273394871699
105,skewness|kurtosis|dominant_freq|hjorth_mobility,1100110,4,5.334333350183442,0.05819519018004142,5.245091896438598,0.9191920641166064,4.690798795193257
105,skewness|kurtosis|dominant_freq|hjorth_complexity,1100101,4,4.569136890199408,0.047111779415733815,4.480749417114258,0.9214376114932602,3.9256023352092226
105,skewness|kurtosis|hjorth_mobility|hjorth_complexity,1100011,4,5.80295210047327,0.05813058663419006,5.704139137077331,0.9137980058672379,5.159417545483085
105,skewness|spectral_slope|total_log_power|dominant_freq,1011100,4,5.035932365515083,0.044791025643351606,4.931403212356567,0.9077940447380577,4.392397810524898
105,skewness|spectral_slope|total_log_power|hjorth_mobility,1011010,4,5.503472398370877,0.06197492778435125,5.351956981754303,0.8769782039366073,4.859937843380692
105,skewness|spectral_slope|total_log_power|hjorth_complexity,1011001,4,5.471246709002927,0.045172531528232446,5.373731460666656,0.9121861262935835,4.827712154012742
105,skewness|spectral_slope|dominant_freq|hjorth_mobility,1010110,4,4.5642330215301365,0.052669098500898154,4.466783972167969,0.9173782016099398,3.9206984665399514
105,skewness|spectral_slope|dominant_freq|hjorth_complexity,1010101,4,4.643498948922381,0.038946236719039955,4.542813227176667,0.9116593902216242,3.9999643939321956
105,skewness|spectral_slope|hjorth_mobility|hjorth_complexity,1010011,4,5.531093646485359,0.04547813049386793,5.421036286735535,0.9078455292844996,4.887559091495174
105,skewness|total_log_power|dominant_freq|hjorth_mobility,1001110,4,6.159676002198458,0.05624098039769967,6.0715077016830445,0.9224435525437955,5.516141447208272
105,skewness|total_log_power|dominant_freq|hjorth_complexity,1001101,4,5.4086295958537605,0.04357437522615534,5.3268146310806275,0.9255801864419912,4.765095040863575
105,skewness|total_log_power|hjorth_mobility|hjorth_complexity,1001011,4,7.23001563330032,0.059531381784189506,7.155217746257782,0.9332356325112469,6.586481078310134
105,skewness|dominant_freq|hjorth_mobility|hjorth_complexity,1000111,4,5.739332975213229,0.047469612769869406,5.637481970405578,0.9162217695432341,5.095798420223044
105,kurtosis|spectral_slope|total_log_power|dominant_freq,111100,4,4.11656214835085,0.03872516380232692,4.034042391109467,0.9272475094291267,3.4730275933606647
105,kurtosis|spectral_slope|total_log_power|hjorth_mobility,111010,4,4.742706615400687,0.04893607689554885,4.606421798229218,0.8957029559762099,4.099172060410502
105,kurtosis|spectral_slope|total_log_power|hjorth_complexity,111001,4,4.921079420925677,0.042619179854559555,4.811427227401733,0.910720777390381,4.277544865935492
105,kurtosis|spectral_slope|dominant_freq|hjorth_mobility,110110,4,3.8554992960870265,0.03833788533561345,3.8017635931968687,0.9502732557072231,3.2119647410968413
105,kurtosis|spectral_slope|dominant_freq|hjorth_complexity,110101,4,3.7794866255290804,0.03357030546265293,3.717998032283783,0.9434257310159379,3.1359520705388952
105,kurtosis|spectral_slope|hjorth_mobility|hjorth_complexity,110011,4,4.73367899319902,0.042727116174894844,4.678833186531067,0.9517821673104754,4.090144438208835
105,kurtosis|total_log_power|dominant_freq|hjorth_mobility,101110,4,5.405684027744084,0.045023397136829395,5.307138623428345,0.9237267219656332,4.762149472753899
105,kurtosis|total_log_power|dominant_freq|hjorth_complexity,101101,4,4.747284761781246,0.04252213983502719,4.668596460533142,0.9359009787218121,4.1037502067910605
105,kurtosis|total_log_power|hjorth_mobility|hjorth_complexity,101011,4,6.322387876160815,0.05436679813199015,6.219949136734009,0.928756425672755,5.67885332117063
105,kurtosis|dominant_freq|hjorth_mobility|hjorth_complexity,100111,4,4.5749545843355355,0.04474680285131573,4.5134001992225645,0.9484871192260839,3.9314200293453503
105,spectral_slope|total_log_power|dominant_freq|hjorth_mobility,11110,4,4.641370480037853,0.042252133092727115,4.523410296058655,0.9055643446025735,3.997835925047668
105,spectral_slope|total_log_power|dominant_freq|hjorth_complexity,11101,4,4.651428016866744,0.03551712857848142,4.553496284770966,0.9168791961557646,4.0078934618765585
105,spectral_slope|total_log_power|hjorth_mobility|hjorth_complexity,11011,4,5.728759066824615,0.04421321272818628,5.59557615442276,0.9001663231458344,5.08522451183443
105,spectral_slope|dominant_freq|hjorth_mobility|hjorth_complexity,10111,4,4.050532764452323,0.03536353713584378,3.990452904891968,0.9459326625988144,3.406998209462138
105,total_log_power|dominant_freq|hjorth_mobility|hjorth_complexity,1111,4,5.9924671039123085,0.04227029944567564,5.883481676864624,0.9154019703340193,5.348932548922123
105,skewness|kurtosis|spectral_slope|total_log_power|dominant_freq,1111100,5,5.899033044818416,0.056286712357001834,5.814664000511169,0.9245623631490757,5.255498489828231
105,skewness|kurtosis|spectral_slope|total_log_power|hjorth_mobility,1111010,5,6.686295463492349,0.07183756711063626,6.575745492458344,0.9082811754357976,6.042760908502164
105,skewness|kurtosis|spectral_slope|total_log_power|hjorth_complexity,1111001,5,6.227348388282582,0.05867342490644587,6.140234954261779,0.9239128586802102,5.583813833292397
105,skewness|kurtosis|spectral_slope|dominant_freq|hjorth_mobility,1110110,5,5.5410050682652745,0.06154919228765455,5.456142043495178,0.9238534504116044,4.897470513275089
105,skewness|kurtosis|spectral_slope|dominant_freq|hjorth_complexity,1110101,5,5.048359071755409,0.05102138797267943,4.961218845844269,0.9215920650772734,4.404824516765224
105,skewness|kurtosis|spectral_slope|hjorth_mobility|hjorth_complexity,1110011,5,6.283709255058691,0.05951969611859036,6.190662141132354,0.9188554317740735,5.640174700068505
105,skewness|kurtosis|total_log_power|dominant_freq|hjorth_mobility,1101110,5,7.173307125237584,0.06712271440083117,7.095976041698456,0.93222177134672,6.529772570247399
105,skewness|kurtosis|total_log_power|dominant_freq|hjorth_complexity,1101101,5,5.9538263490095735,0.05666749440241578,5.873728885173797,0.9306217715579603,5.310291794019388
105,skewness|kurtosis|total_log_power|hjorth_mobility|hjorth_complexity,1101011,5,7.958392779868468,0.07235815468150213,7.883348584747314,0.9366890987775758,7.314858224878283
105,skewness|kurtosis|dominant_freq|hjorth_mobility|hjorth_complexity,1100111,5,6.263145668491348,0.05994016456576512,6.177293280029297,0.9256910780593142,5.619611113501163
105,skewness|spectral_slope|total_log_power|dominant_freq|hjorth_mobility,1011110,5,6.327368663302437,0.060035223933231796,6.221679586791992,0.9114930558632157,5.683834108312252
105,skewness|spectral_slope|total_log_power|dominant_freq|hjorth_complexity,1011101,5,6.031672455861792,0.048755361907725635,5.947133699798584,0.9248950376665758,5.388137900871607
105,skewness|spectral_slope|total_log_power|hjorth_mobility|hjorth_complexity,1011011,5,7.412302281982824,0.0604689464946818,7.314841549873352,0.9173386015325584,6.768767726992639
105,skewness|spectral_slope|dominant_freq|hjorth_mobility|hjorth_complexity,1010111,5,5.882266246121377,0.05042671013090943,5.781268820476532,0.9191326604636719,5.238731691131192
105,skewness|total_log_power|dominant_freq|hjorth_mobility|hjorth_complexity,1001111,5,7.72461697144024,0.06122020144037288,7.65345875825882,0.9371801883624772,7.081082416450055
105,kurtosis|spectral_slope|total_log_power|dominant_freq|hjorth_mobility,111110,5,5.563906846174225,0.04896032952270374,5.462858408355713,0.9200514725892223,4.92037229118404
105,kurtosis|spectral_slope|total_log_power|dominant_freq|hjorth_complexity,111101,5,5.312872136712447,0.04508236586570539,5.222609919452667,0.9246732554291258,4.669337581722262
105,kurtosis|spectral_slope|total_log_power|hjorth_mobility|hjorth_complexity,111011,5,6.672095822009444,0.054497009988308136,6.572239437294006,0.9284158316096304,6.028561267019259
105,kurtosis|spectral_slope|dominant_freq|hjorth_mobility|hjorth_complexity,110111,5,4.889621190763638,0.046121017138637456,4.833928677082062,0.952922763264901,4.246086635773453
105,kurtosis|total_log_power|dominant_freq|hjorth_mobility|hjorth_complexity,101111,5,6.962488329987228,0.05469702183059587,6.8720300311088565,0.9352277145157805,6.318953774997043
105,spectral_slope|total_log_power|dominant_freq|hjorth_mobility|hjorth_complexity,11111,5,6.0685243815369905,0.04647486051301859,5.934189393138886,0.903904939861435,5.424989826546805
105,skewness|kurtosis|spectral_slope|total_log_power|dominant_freq|hjorth_mobility,1111110,6,7.383028035480901,0.07146558536189272,7.296768183422088,0.9269188009062381,6.739493480490716
105,skewness|kurtosis|spectral_slope|total_log_power|dominant_freq|hjorth_complexity,1111101,6,6.721588082748279,0.06184489225199967,6.6392965494155884,0.9290178111121388,6.078053527758094
105,skewness|kurtosis|spectral_slope|total_log_power|hjorth_mobility|hjorth_complexity,1111011,6,8.41716702062972,0.0750373910147713,8.3292033452034,0.9283445435692625,7.773632465639534
105,skewness|kurtosis|spectral_slope|dominant_freq|hjorth_mobility|hjorth_complexity,1110111,6,6.605588557686657,0.06277406513586786,6.520560986900329,0.9267643452803149,5.962054002696472
105,skewness|kurtosis|total_log_power|dominant_freq|hjorth_mobility|hjorth_complexity,1101111,6,8.557308200832455,0.07401684262205509,8.48233597803116,0.9372475155440166,7.91377364584227
105,skewness|spectral_slope|total_log_power|dominant_freq|hjorth_mobility|hjorth_complexity,1011111,6,7.950889127598703,0.06361243136032718,7.867688252067566,0.9299762270410985,7.307354572608518
105,kurtosis|spectral_slope|total_log_power|dominant_freq|hjorth_mobility|hjorth_complexity,111111,6,7.233588429897651,0.05740230394812393,7.132164261341095,0.9302257336971012,6.590053874907466
105,skewness|kurtosis|spectral_slope|total_log_power|dominant_freq|hjorth_mobility|hjorth_complexity,1111111,7,9.001834045212716,0.07749444092252311,8.919352927684784,0.9334772190415596,8.35829949022253
