seed,model,epoch,training_loss,validation_loss
0,masked_npe,0,0.1273847473068879,-0.1112174876034259
0,masked_npe,1,-0.2454274382728796,-0.37848000228405
0,masked_npe,2,-0.4766001403331756,-0.560435026884079
0,masked_npe,3,-0.6319878513996418,-0.7118958234786987
0,masked_npe,4,-0.793696077970358,-0.8449995815753937
0,masked_npe,5,-0.9363043858454778,-0.9770907163619996
0,masked_npe,6,-1.0532945623764625,-1.1411319971084597
0,masked_npe,7,-1.200028685423044,-1.2243250608444214
0,masked_npe,8,-1.3086712910578802,-1.3203888535499573
0,masked_npe,9,-1.4215894020520723,-1.4478408098220823
0,masked_npe,10,-1.526485268886273,-1.5134544372558594
0,masked_npe,11,-1.621718535056481,-1.582152545452118
0,masked_npe,12,-1.6572772906376765,-1.6491010785102844
0,masked_npe,13,-1.7191055096112764,-1.732912540435791
0,masked_npe,14,-1.8008332069103534,-1.8028322458267207
0,masked_npe,15,-1.873209889118488,-1.866666316986084
0,masked_npe,16,-1.8775553428209744,-1.90981787443161
0,masked_npe,17,-1.976226393993084,-2.001998245716095
0,masked_npe,18,-2.0214593960688663,-2.0731555223464966
0,masked_npe,19,-2.063358581983126,-2.049673795700073
0,masked_npe,20,-2.048363236280588,-2.091594099998474
0,masked_npe,21,-2.1721673011779785,-2.156811475753784
0,masked_npe,22,-2.246779900330764,-2.212142586708069
0,masked_npe,23,-2.2575732377859263,-2.2291678190231323
0,masked_npe,24,-2.221106089078463,-2.1265872716903687
0,masked_npe,25,-2.288815608391395,-2.295909762382508
0,masked_npe,26,-2.34043235045213,-2.344641327857971
0,masked_npe,27,-2.4580895717327413,-2.3798962831497192
0,masked_npe,28,-2.499956937936636,-2.43423080444336
0,masked_npe,29,-2.519827072436993,-2.42477822303772
0,masked_npe,30,-2.556631968571589,-2.4898390769958496
0,masked_npe,31,-2.552482971778282,-2.424491047859192
0,masked_npe,32,-2.556230361645038,-2.50363552570343
0,masked_npe,33,-2.641185687138484,-2.4617702960968018
0,masked_npe,34,-2.658309918183547,-2.5670233964920044
0,masked_npe,35,-2.69556161073538,-2.59966504573822
0,masked_npe,36,-2.615397251569308,-2.62041449546814
0,masked_npe,37,-2.631149457051204,-2.624253511428833
0,masked_npe,38,-2.725343337425819,-2.7479350566864014
0,masked_npe,39,-2.828773608574501,-2.5643205642700195
0,masked_npe,40,-2.724985159360445,-2.7218828201293945
0,masked_npe,41,-2.738322166296152,-2.7161728143692017
0,masked_npe,42,-2.82005447607774,-2.790217995643616
0,masked_npe,43,-2.8296431394723744,-2.8668445348739624
0,masked_npe,44,-2.871780890684861,-2.837818622589112
0,masked_npe,45,-2.840619967533992,-2.836788415908813
0,masked_npe,46,-2.974460400067843,-2.946913719177246
0,masked_npe,47,-2.996645010434664,-2.8782851696014404
0,masked_npe,48,-2.985510074175321,-2.8854055404663086
0,masked_npe,49,-3.0949279895195594,-2.9511122703552246
0,masked_npe,50,-2.932313002072848,-2.9269819259643555
0,masked_npe,51,-2.971011106784528,-2.993707656860352
0,masked_npe,52,-3.0110968626462498,-3.0737804174423218
0,masked_npe,53,-3.147901259935819,-3.040057897567749
0,masked_npe,54,-3.218785506028396,-3.06050705909729
0,masked_npe,55,-3.070426867558406,-2.6683952808380127
0,masked_npe,56,-2.939542165169349,-2.9792171716690063
0,masked_npe,57,-3.1239486107459435,-3.1816272735595703
0,masked_npe,58,-3.175023445716271,-3.013463497161865
0,masked_npe,59,-3.236705156473013,-3.1714216470718384
0,masked_npe,60,-3.138912109228281,-3.016002893447876
0,masked_npe,61,-3.20417596743657,-3.2802233695983887
0,masked_npe,62,-3.280605664620033,-3.29955792427063
0,masked_npe,63,-3.2889845554645243,-3.1858052015304565
0,masked_npe,64,-3.223783217943632,-3.048877477645874
0,masked_npe,65,-3.2274200916290283,-3.251351833343506
0,masked_npe,66,-3.270076604989858,-3.2359949350357056
0,masked_npe,67,-3.306969477580144,-3.337284564971924
0,masked_npe,68,-3.358885471637433,-3.2591015100479126
0,masked_npe,69,-3.399751443129319,-3.44716477394104
0,masked_npe,70,-3.3896268881284275,-3.332342624664306
0,masked_npe,71,-3.373826870551476,-3.3525699377059937
0,masked_npe,72,-3.3977767870976376,-3.358436346054077
0,masked_npe,73,-3.403439210011409,-3.293424129486084
0,masked_npe,74,-3.40919932952294,-3.38205349445343
0,masked_npe,75,-3.447058604313777,-3.508223414421081
0,masked_npe,76,-3.509716437413142,-3.296496152877808
0,masked_npe,77,-3.504797568688026,-3.493291020393372
0,masked_npe,78,-3.571997679196872,-3.449286818504333
0,masked_npe,79,-3.4588243777935324,-3.445495367050171
0,masked_npe,80,-3.5075022807488074,-3.4158284664154053
0,masked_npe,81,-3.412064497287457,-3.376791954040528
0,masked_npe,82,-3.479109397301307,-3.533804655075073
0,masked_npe,83,-3.5465294397794285,-3.435300827026367
0,masked_npe,84,-3.590915294793936,-3.607994794845581
0,masked_npe,85,-3.579465994468102,-3.546895742416382
0,masked_npe,86,-3.5963808573209324,-3.363831877708435
0,masked_npe,87,-3.629146594267625,-3.542976140975952
0,masked_npe,88,-3.638323820554293,-3.269126296043396
0,masked_npe,89,-3.5729966897230883,-3.4642058610916138
0,masked_npe,90,-3.611671631152813,-3.5095824003219604
0,masked_npe,91,-3.710163354873657,-3.617207169532776
0,masked_npe,92,-3.6516049825228176,-3.5747302770614624
0,masked_npe,93,-3.673604396673349,-3.662173271179199
0,masked_npe,94,-3.7352077777569113,-3.664263248443604
0,masked_npe,95,-3.746435220424946,-3.5050435066223145
0,masked_npe,96,-3.709883488141573,-3.6300065517425537
0,masked_npe,97,-3.721322976625882,-3.6933672428131104
0,masked_npe,98,-3.708215566781851,-3.653610348701477
0,masked_npe,99,-3.653262303425716,-3.634141206741333
0,masked_npe,100,-3.818030210641714,-3.777223110198975
0,masked_npe,101,-3.707412738066453,-3.777297019958496
0,masked_npe,102,-3.8038984628824086,-3.6021491289138794
0,masked_npe,103,-3.752172066615178,-3.644862651824951
0,masked_npe,104,-3.830871508671687,-3.6766222715377808
0,masked_npe,105,-3.8413873452406655,-3.760627269744873
0,masked_npe,106,-3.793126766498272,-3.646669983863831
0,masked_npe,107,-3.777719039183397,-3.673446536064148
0,masked_npe,108,-3.788273646281316,-3.7597516775131226
0,masked_npe,109,-3.838056674370399,-3.725115656852722
0,masked_npe,110,-3.850079481418317,-3.775779247283936
0,masked_npe,111,-3.8864063116220326,-3.7893240451812735
0,masked_npe,112,-3.803311054523175,-3.797003746032715
0,masked_npe,113,-3.799827979161189,-3.79549503326416
0,masked_npe,114,-3.812396966494047,-3.5831806659698486
0,masked_npe,115,-3.846622081903311,-3.854259967803955
0,masked_npe,116,-3.875256776809693,-3.9193331003189087
0,masked_npe,117,-3.900370579499465,-3.685634613037109
0,masked_npe,118,-3.8528118500342736,-3.8407294750213614
0,masked_npe,119,-3.879473576178917,-3.710179924964905
0,masked_npe,120,-3.943419768260076,-3.709336638450623
0,masked_npe,121,-3.907975031779362,-3.9031949043273926
0,masked_npe,122,-3.8625891575446496,-3.543410539627075
0,masked_npe,123,-3.648499452150785,-3.6837738752365112
0,masked_npe,124,-3.9064799088698168,-3.935668110847473
0,masked_npe,125,-3.88876251073984,-3.883911371231079
0,masked_npe,126,-3.853514084449181,-3.700234532356262
0,masked_npe,127,-3.832199903634878,-3.914056181907654
0,masked_npe,128,-3.9871448553525486,-3.9215304851531982
0,masked_npe,129,-3.9912523306333103,-3.850640892982483
0,masked_npe,130,-4.012661108603845,-4.050969362258911
0,masked_npe,131,-3.951455207971426,-3.912631511688232
0,masked_npe,132,-3.934171529916616,-3.974118709564209
0,masked_npe,133,-3.897326341042152,-3.975587487220764
0,masked_npe,134,-3.970647573471069,-4.089121222496033
0,masked_npe,135,-4.015880419657781,-3.987957715988159
0,masked_npe,136,-4.034998160142165,-3.970440864562988
0,masked_npe,137,-4.044273156386155,-3.985199809074402
0,masked_npe,138,-3.9715159856356106,-3.840302348136902
0,masked_npe,139,-4.015299485279964,-4.014249682426453
0,masked_npe,140,-4.047248950371375,-3.825101137161255
0,masked_npe,141,-3.976641068091759,-3.805694341659546
0,masked_npe,142,-4.045367167546199,-4.107029438018799
0,masked_npe,143,-4.017405106471135,-4.039485812187195
0,masked_npe,144,-4.068671703338623,-4.0433619022369385
0,masked_npe,145,-4.043137532014113,-4.167238473892212
0,masked_npe,146,-4.129867480351375,-3.913639426231384
0,masked_npe,147,-4.082107745684111,-3.900615692138672
0,masked_npe,148,-3.908098495923556,-4.036067008972168
0,masked_npe,149,-4.0399166987492485,-4.136943817138672
0,masked_npe,150,-4.1237503198476935,-4.044265031814575
0,masked_npe,151,-4.15272962130033,-4.040831089019775
0,masked_npe,152,-4.136644510122446,-4.002864837646484
0,masked_npe,153,-4.057167640099158,-4.115092992782593
0,masked_npe,154,-4.134083307706392,-4.098186492919922
0,masked_npe,155,-4.106029033660889,-4.131184101104736
0,masked_npe,156,-4.151320457458496,-4.220410346984863
0,masked_npe,157,-4.122197407942552,-4.112090110778809
0,masked_npe,158,-4.115891786722036,-4.196355104446411
0,masked_npe,159,-4.140864867430467,-4.134545803070068
0,masked_npe,160,-4.139075921132014,-4.130380153656006
0,masked_npe,161,-4.142159627034114,-3.946294069290161
0,masked_npe,162,-4.0334299344282885,-3.968584060668945
0,masked_npe,163,-4.214962519132174,-3.9718207120895386
0,masked_npe,164,-4.163636134221004,-4.051422357559204
0,masked_npe,165,-4.257253903609056,-3.846030354499817
0,masked_npe,166,-4.087524359042828,-3.996838569641113
0,masked_npe,167,-4.207995928250826,-4.274534463882446
0,masked_npe,168,-4.19919830102187,-4.212271213531494
0,masked_npe,169,-4.177255758872399,-4.274555683135986
0,masked_npe,170,-4.226080601031963,-4.095509052276611
0,masked_npe,171,-4.142731189727783,-4.076557159423828
0,masked_npe,172,-4.1482235835148735,-4.153031826019287
0,masked_npe,173,-4.2115266506488505,-4.156712532043457
0,masked_npe,174,-4.185187816619873,-4.172498941421509
0,masked_npe,175,-4.248859368837797,-3.937568545341492
0,masked_npe,176,-4.052987557191115,-4.015863060951233
0,masked_npe,177,-4.164242964524489,-4.055041790008545
0,masked_npe,178,-4.2224184182974005,-4.13542628288269
0,masked_npe,179,-4.252213294689472,-4.190081834793091
0,masked_npe,180,-4.178254145842332,-4.12437891960144
0,masked_npe,181,-4.227901312021109,-4.301409482955933
0,masked_npe,182,-4.216168128527128,-4.148832082748413
0,masked_npe,183,-4.208780673833994,-4.0537109375
0,masked_npe,184,-4.19613398038424,-4.099660396575928
0,masked_npe,185,-4.159354760096623,-4.201511859893799
0,masked_npe,186,-4.337188757382906,-4.11811888217926
0,masked_npe,187,-4.255368819603553,-4.307517528533936
0,masked_npe,188,-4.287586505596455,-4.334669828414917
0,masked_npe,189,-4.403953075408936,-4.412758111953735
0,masked_npe,190,-4.293331806476299,-4.300821542739868
0,masked_npe,191,-4.300988215666551,-4.31720495223999
0,masked_npe,192,-4.219080411470854,-4.253091096878052
0,masked_npe,193,-4.324043677403377,-4.145449161529541
0,masked_npe,194,-4.252801436644334,-4.1315648555755615
0,masked_npe,195,-4.136430465258085,-4.154334545135498
0,masked_npe,196,-4.313740895344661,-4.425610303878784
0,masked_npe,197,-4.276420996739314,-4.215122222900391
0,masked_npe,198,-4.36880427140456,-4.119630098342896
0,masked_npe,199,-4.321647240565373,-4.318146228790283
0,masked_npe,200,-4.341707889850323,-4.32624888420105
0,masked_npe,201,-4.3124141326317424,-4.371750593185425
0,masked_npe,202,-4.336085649637075,-4.156579494476318
0,masked_npe,203,-4.410967716803918,-4.354236125946045
0,masked_npe,204,-4.395362523885874,-4.141992568969727
0,masked_npe,205,-4.337883912600004,-4.450377225875855
0,masked_npe,206,-4.365134972792405,-4.316234111785889
0,masked_npe,207,-4.382762927275437,-4.415899276733398
0,masked_npe,208,-4.420921875880315,-4.456190586090088
0,masked_npe,209,-4.44539370903602,-4.268723011016846
0,masked_npe,210,-4.36625260573167,-4.289741277694702
0,masked_npe,211,-4.402667925908015,-4.425396919250488
0,masked_npe,212,-4.444877991309533,-4.379134893417358
0,masked_npe,213,-4.444552935086763,-4.368526935577393
0,masked_npe,214,-4.440606410686787,-4.38438892364502
0,masked_npe,215,-4.366727608900804,-4.439823865890503
0,masked_npe,216,-4.416057366591233,-4.462819337844849
0,masked_npe,217,-4.391752939957839,-4.366462230682373
0,masked_npe,218,-4.482729251568134,-4.346686363220215
0,masked_npe,219,-4.427042631002573,-4.427735090255737
0,masked_npe,220,-4.506058509533222,-4.429811000823975
0,masked_npe,221,-4.413755673628587,-4.34550142288208
0,masked_npe,222,-4.501053369962252,-4.263365983963013
0,masked_npe,223,-4.423116060403677,-4.333482265472412
0,masked_npe,224,-4.372703148768498,-4.286323547363281
0,masked_npe,225,-4.340713684375469,-4.2758495807647705
0,masked_npe,226,-4.427710936619685,-4.350393056869507
0,masked_npe,227,-4.461055425497202,-4.552440166473389
0,masked_npe,228,-4.467130661010742,-4.049803972244263
0,masked_npe,229,-4.469050884246826,-4.290001392364502
0,masked_npe,230,-4.552120392139141,-4.496330261230469
0,masked_npe,231,-4.446099868187537,-4.406111240386963
0,masked_npe,232,-4.498327768765963,-4.3247809410095215
0,masked_npe,233,-4.440953878255991,-4.415826797485352
0,masked_npe,234,-4.448182032658504,-4.338587522506714
0,masked_npe,235,-4.496759928189791,-4.32339334487915
0,masked_npe,236,-4.51822750384991,-4.423160076141357
0,masked_npe,237,-4.442166658548208,-4.442709922790527
0,masked_npe,238,-4.331707404210017,-4.296936511993408
0,masked_npe,239,-4.490566033583421,-4.61225175857544
0,masked_npe,240,-4.548752051133376,-4.212595462799072
0,masked_npe,241,-4.543049042041485,-4.335737705230713
0,masked_npe,242,-4.445234610484197,-4.493953466415405
0,masked_npe,243,-4.520507298983061,-4.478853225708008
0,masked_npe,244,-4.2445107239943285,-4.399327278137207
0,masked_npe,245,-4.424422447498028,-4.387746334075928
0,masked_npe,246,-4.437614294198843,-4.11657977104187
0,masked_npe,247,-4.372620545900785,-4.369963645935059
0,masked_npe,248,-4.555133819580078,-4.628216505050659
0,masked_npe,249,-4.525643788851225,-4.439347505569458
0,masked_npe,250,-4.495398924900935,-4.502766132354736
0,masked_npe,251,-4.479983256413386,-4.4120192527771
0,masked_npe,252,-4.58795088988084,-4.391581535339356
0,masked_npe,253,-4.532479579632099,-4.659312725067139
0,masked_npe,254,-4.534359711867112,-4.322821378707886
0,masked_npe,255,-4.5740047968350925,-4.539250135421753
0,masked_npe,256,-4.509126736567571,-4.25338077545166
0,masked_npe,257,-4.46426431949322,-4.226607322692871
0,masked_npe,258,-4.428320848024809,-4.31327486038208
0,masked_npe,259,-4.408365359673133,-4.349205255508423
0,masked_npe,260,-4.436059621664194,-4.4246110916137695
0,masked_npe,261,-4.471721575810359,-4.518150806427002
0,masked_npe,262,-4.576366204481858,-4.718672752380371
0,masked_npe,263,-4.445581069359412,-4.489657640457153
0,masked_npe,264,-4.523216467637282,-4.56241512298584
0,masked_npe,265,-4.567595188434307,-4.576787233352661
0,masked_npe,266,-4.485036263099084,-4.406805515289307
0,masked_npe,267,-4.611143809098464,-4.625633955001831
0,masked_npe,268,-4.590538134941688,-4.3060078620910645
0,masked_npe,269,-4.700308249546931,-4.607771635055542
0,masked_npe,270,-4.53093147277832,-4.5336432456970215
0,masked_npe,271,-4.543286103468675,-4.425370931625366
0,masked_npe,272,-4.626570591559777,-4.629714012145996
0,masked_npe,273,-4.434097803556002,-4.222389221191406
0,masked_npe,274,-4.501640980060284,-4.340044260025024
0,masked_npe,275,-4.570514935713548,-4.558197498321533
0,masked_npe,276,-4.463920666621282,-4.40142560005188
0,masked_npe,277,-4.5211052894592285,-4.5203516483306885
0,masked_npe,278,-4.612692612868089,-4.301692962646484
0,masked_npe,279,-4.537499501154973,-4.362790584564209
0,masked_npe,280,-4.58751392364502,-4.382621049880981
0,masked_npe,281,-4.592944952157827,-4.700627088546753
0,masked_npe,282,-4.631085909329928,-4.262983798980713
0,masked_npe,283,-4.651284804710975,-4.368889570236206
0,masked_npe,284,-4.449016130887545,-4.579700469970703
0,masked_npe,285,-4.599000490628756,-4.707513809204102
0,masked_npe,286,-4.598689042604887,-4.267858028411865
0,masked_npe,287,-4.507397101475642,-4.456189870834351
0,single_feature_skewness,0,0.1187532184502253,-0.1207563206553459
0,single_feature_skewness,1,-0.2512877537653996,-0.3509831875562668
0,single_feature_skewness,2,-0.437971110527332,-0.527175098657608
0,single_feature_skewness,3,-0.618803606583522,-0.7158874273300171
0,single_feature_skewness,4,-0.9056015610694884,-1.058191418647766
0,single_feature_skewness,5,-1.1616848432100737,-1.2709559798240662
0,single_feature_skewness,6,-1.3053153294783373,-1.350672721862793
0,single_feature_skewness,7,-1.4109215094492986,-1.390475332736969
0,single_feature_skewness,8,-1.4953761834364672,-1.569297432899475
0,single_feature_skewness,9,-1.5952933568220873,-1.6048272848129272
0,single_feature_skewness,10,-1.6892975385372455,-1.7031878232955933
0,single_feature_skewness,11,-1.7209544548621545,-1.7065157890319824
0,single_feature_skewness,12,-1.7764719082758975,-1.7473186254501345
0,single_feature_skewness,13,-1.76809312747075,-1.7014910578727722
0,single_feature_skewness,14,-1.8085995270655704,-1.8081324100494385
0,single_feature_skewness,15,-1.8504571914672847,-1.766180396080017
0,single_feature_skewness,16,-1.753088144155649,-1.6156013011932373
0,single_feature_skewness,17,-1.8104689763142512,-1.9060296416282647
0,single_feature_skewness,18,-1.8959691432806165,-1.8435822129249573
0,single_feature_skewness,19,-1.9449253999269929,-1.873306095600128
0,single_feature_skewness,20,-1.9383178307459905,-1.957636833190918
0,single_feature_skewness,21,-2.0164856635607205,-1.949600100517273
0,single_feature_skewness,22,-2.0316442251205444,-1.9727956652641296
0,single_feature_skewness,23,-2.021916930492108,-2.020645797252655
0,single_feature_skewness,24,-2.0482534903746386,-2.0471324920654297
0,single_feature_skewness,25,-2.0494942298302283,-2.087196588516236
0,single_feature_skewness,26,-2.048969818995549,-1.9824451208114624
0,single_feature_skewness,27,-2.0478820342283983,-2.086921453475952
0,single_feature_skewness,28,-2.090031467951261,-2.1112945079803467
0,single_feature_skewness,29,-2.080876405422504,-2.098045825958252
0,single_feature_skewness,30,-2.1154490342506995,-2.0375518798828125
0,single_feature_skewness,31,-2.129622899568998,-2.0390491485595703
0,single_feature_skewness,32,-2.137069793847891,-2.1188294887542725
0,single_feature_skewness,33,-2.093067820255573,-1.663627028465271
0,single_feature_skewness,34,-2.013479902194097,-1.9274426698684688
0,single_feature_skewness,35,-2.0556415044344387,-2.1415810585021973
0,single_feature_skewness,36,-2.0814888385625987,-2.0661137104034424
0,single_feature_skewness,37,-2.108916997909546,-2.060636878013611
0,single_feature_skewness,38,-2.1856035636021542,-2.1888813972473145
0,single_feature_skewness,39,-2.214705412204449,-2.2151695489883423
0,single_feature_skewness,40,-2.195567021003136,-2.123414158821106
0,single_feature_skewness,41,-2.2323294969705434,-2.198587417602539
0,single_feature_skewness,42,-2.228005170822144,-2.166661262512207
0,single_feature_skewness,43,-2.2351940411787767,-2.161435127258301
0,single_feature_skewness,44,-2.2431332148038425,-2.168335556983948
0,single_feature_skewness,45,-2.242956436597384,-2.209242820739746
0,single_feature_skewness,46,-2.265077077425443,-2.226683616638184
0,single_feature_skewness,47,-2.280917974618765,-2.2312519550323486
0,single_feature_skewness,48,-2.267110989643977,-2.178257822990417
0,single_feature_skewness,49,-2.261820994890653,-2.1934244632720947
0,single_feature_skewness,50,-2.303977709550124,-2.2999483346939087
0,single_feature_skewness,51,-2.284250809596135,-2.286945343017578
0,single_feature_skewness,52,-2.353232347048246,-2.283499956130981
0,single_feature_skewness,53,-2.3388448311732364,-2.270237684249878
0,single_feature_skewness,54,-2.199232972585238,-2.0806052684783936
0,single_feature_skewness,55,-2.2229917966402493,-2.245594620704651
0,single_feature_skewness,56,-2.3098832277151256,-2.3376747369766235
0,single_feature_skewness,57,-2.339909828626193,-2.209414005279541
0,single_feature_skewness,58,-2.327549640948956,-2.2819643020629883
0,single_feature_skewness,59,-2.4198608215038595,-2.358653426170349
0,single_feature_skewness,60,-2.396629370175875,-2.3146657943725586
0,single_feature_skewness,61,-2.3801706570845385,-2.294689178466797
0,single_feature_skewness,62,-2.3858096599578857,-2.294135093688965
0,single_feature_skewness,63,-2.4205297323373647,-2.34242045879364
0,single_feature_skewness,64,-2.427102877543523,-2.37393569946289
0,single_feature_skewness,65,-2.4472601963923526,-2.316457152366638
0,single_feature_skewness,66,-2.434137692818275,-2.297681927680969
0,single_feature_skewness,67,-2.440584824635432,-2.350548505783081
0,single_feature_skewness,68,-2.427180693699764,-2.4002621173858643
0,single_feature_skewness,69,-2.457412041150606,-2.3357157707214355
0,single_feature_skewness,70,-2.4363643389481764,-2.3586764335632324
0,single_feature_skewness,71,-2.4760425640986514,-2.3430826663970947
0,single_feature_skewness,72,-2.4601253179403453,-2.4111586809158325
0,single_feature_skewness,73,-2.49648301418011,-2.4017372131347656
0,single_feature_skewness,74,-2.4875903863173265,-2.4151511192321777
0,single_feature_skewness,75,-2.498840808868408,-2.3852721452713013
0,single_feature_skewness,76,-2.46630910726694,-2.373470187187195
0,single_feature_skewness,77,-2.466496999447162,-2.434601068496704
0,single_feature_skewness,78,-2.5449156027573805,-2.348854780197144
0,single_feature_skewness,79,-2.5171428276942325,-2.432921886444092
0,single_feature_skewness,80,-2.5271880626678467,-2.405032515525818
0,single_feature_skewness,81,-2.4750059384566088,-2.3875375986099243
0,single_feature_skewness,82,-2.517263577534602,-2.384821653366089
0,single_feature_skewness,83,-2.509671816459069,-2.4678395986557007
0,single_feature_skewness,84,-2.5332899277026835,-2.391820549964905
0,single_feature_skewness,85,-2.4595528749319224,-2.393857717514038
0,single_feature_skewness,86,-2.3769130523388204,-2.299297451972961
0,single_feature_skewness,87,-2.393847887332623,-2.372068166732788
0,single_feature_skewness,88,-2.508071257517888,-2.424121379852295
0,single_feature_skewness,89,-2.51942645586454,-2.5377893447875977
0,single_feature_skewness,90,-2.5723022314218373,-2.4427965879440308
0,single_feature_skewness,91,-2.5330181488623986,-2.213188409805298
0,single_feature_skewness,92,-2.5080552834730883,-2.432879447937012
0,single_feature_skewness,93,-2.5869214901557336,-2.4121190309524536
0,single_feature_skewness,94,-2.566251571361835,-2.5134609937667847
0,single_feature_skewness,95,-2.611363172531128,-2.480624794960022
0,single_feature_skewness,96,-2.600874185562134,-2.4880311489105225
0,single_feature_skewness,97,-2.588992797411405,-2.415402412414551
0,single_feature_skewness,98,-2.554264068603516,-2.443641185760498
0,single_feature_skewness,99,-2.5057431000929613,-2.4586044549942017
0,single_feature_skewness,100,-2.5344181794386644,-2.504269003868103
0,single_feature_skewness,101,-2.595353493323693,-2.521689295768738
0,single_feature_skewness,102,-2.594561943641076,-2.303744316101074
0,single_feature_skewness,103,-2.5873345778538632,-2.364763021469116
0,single_feature_skewness,104,-2.54963913330665,-2.498303294181824
0,single_feature_skewness,105,-2.554150177882268,-2.392240047454834
0,single_feature_skewness,106,-2.5462438693413367,-2.435210943222046
0,single_feature_skewness,107,-2.576188472601084,-2.430412530899048
0,single_feature_skewness,108,-2.5744431569026065,-2.507272481918335
0,single_feature_skewness,109,-2.604465961456299,-2.4747055768966675
0,single_feature_skewness,110,-2.599708868907048,-2.3863348960876465
0,single_feature_skewness,111,-2.6032485228318434,-2.525315284729004
0,single_feature_skewness,112,-2.6049087781172533,-2.475281834602356
0,single_feature_skewness,113,-2.636486823742206,-2.446066379547119
0,single_feature_skewness,114,-2.638940536058866,-2.5440988540649414
0,single_feature_skewness,115,-2.6183800330528846,-2.4526681900024414
0,single_feature_skewness,116,-2.5682281530820408,-2.401055932044983
0,single_feature_skewness,117,-2.6138473474062405,-2.492652177810669
0,single_feature_skewness,118,-2.590299863081712,-2.4172052145004272
0,single_feature_skewness,119,-2.6046904233785777,-2.541239023208618
0,single_feature_skewness,120,-2.611096437160785,-2.51767897605896
0,single_feature_skewness,121,-2.6702796129079966,-2.5468350648880005
0,single_feature_skewness,122,-2.6577122028057394,-2.511043429374695
0,single_feature_skewness,123,-2.672416393573468,-2.555199384689331
0,single_feature_skewness,124,-2.673486122718224,-2.4936150312423706
0,single_feature_skewness,125,-2.6461688371805043,-2.4698486328125
0,single_feature_skewness,126,-2.655379056930542,-2.511471390724182
0,single_feature_skewness,127,-2.6735843144930325,-2.517174243927002
0,single_feature_skewness,128,-2.672340374726516,-2.528513789176941
0,single_feature_skewness,129,-2.608217111000648,-2.4738768339157104
0,single_feature_skewness,130,-2.6343672642341027,-2.451882004737854
0,single_feature_skewness,131,-2.678116615001972,-2.4810973405838013
0,single_feature_skewness,132,-2.675148835548988,-2.359913468360901
0,single_feature_skewness,133,-2.6294152369866004,-2.562895536422729
0,single_feature_skewness,134,-2.680437821608323,-2.523833513259888
0,single_feature_skewness,135,-2.67512112397414,-2.5093427896499634
0,single_feature_skewness,136,-2.685865072103647,-2.527655005455017
0,single_feature_skewness,137,-2.701687611066378,-2.473692774772644
0,single_feature_skewness,138,-2.703228161885188,-2.573793411254883
0,single_feature_skewness,139,-2.7149287920731764,-2.531999707221985
0,single_feature_skewness,140,-2.681232855870173,-2.458794593811035
0,single_feature_skewness,141,-2.677683188365056,-2.5642995834350586
0,single_feature_skewness,142,-2.66730677164518,-2.5165573358535767
0,single_feature_skewness,143,-2.6778508516458364,-2.508389592170716
0,single_feature_skewness,144,-2.7257584241720347,-2.535473108291626
0,single_feature_skewness,145,-2.7062237629523644,-2.5409587621688843
0,single_feature_skewness,146,-2.685881688044621,-2.460162997245789
0,single_feature_skewness,147,-2.716775600726788,-2.5160627365112305
0,single_feature_skewness,148,-2.6975838037637563,-2.502292513847351
0,single_feature_skewness,149,-2.6813318729400635,-2.5599939823150635
0,single_feature_skewness,150,-2.7020514744978685,-2.471206307411194
0,single_feature_skewness,151,-2.6636856886056752,-2.514616370201111
0,single_feature_skewness,152,-2.694277158150306,-2.471976518630981
0,single_feature_skewness,153,-2.709594671542828,-2.60911512374878
0,single_feature_skewness,154,-2.7032182216644287,-2.5357558727264404
0,single_feature_skewness,155,-2.7119370790628285,-2.5567067861557007
0,single_feature_skewness,156,-2.730321242259099,-2.4864089488983154
0,single_feature_skewness,157,-2.716386960102961,-2.532135844230652
0,single_feature_skewness,158,-2.725978319461529,-2.5618932247161865
0,single_feature_skewness,159,-2.7318664147303653,-2.5470050573349
0,single_feature_skewness,160,-2.704044232001672,-2.5082149505615234
0,single_feature_skewness,161,-2.668084639769334,-2.550814986228943
0,single_feature_skewness,162,-2.699537845758292,-2.5199490785598755
0,single_feature_skewness,163,-2.6306989192962646,-2.5307451486587524
0,single_feature_skewness,164,-2.7002602907327504,-2.5644588470458984
0,single_feature_skewness,165,-2.7453312690441427,-2.531402826309204
0,single_feature_skewness,166,-2.7290444557483378,-2.5562286376953125
0,single_feature_skewness,167,-2.707284432191116,-2.515102744102478
0,single_feature_skewness,168,-2.7303024438711314,-2.563248872756958
0,single_feature_skewness,169,-2.7052352795234094,-2.521133303642273
0,single_feature_skewness,170,-2.6713019884549656,-2.489166021347046
0,single_feature_skewness,171,-2.700582632651696,-2.529964566230774
0,single_feature_skewness,172,-2.735704458676852,-2.503963351249695
0,single_feature_skewness,173,-2.6864942954136777,-2.4966461658477783
0,single_feature_skewness,174,-2.7560600500840406,-2.488396644592285
0,single_feature_skewness,175,-2.7230708048893857,-2.519659757614136
0,single_feature_skewness,176,-2.755542993545532,-2.502326726913452
0,single_feature_skewness,177,-2.7387866423680234,-2.4626752138137817
0,single_feature_skewness,178,-2.6677517890930176,-2.477738857269287
0,single_feature_kurtosis,0,0.0974294945884209,-0.1538926810026168
0,single_feature_kurtosis,1,-0.2413489233988981,-0.3378002643585205
0,single_feature_kurtosis,2,-0.3972038878844334,-0.4596947431564331
0,single_feature_kurtosis,3,-0.5065202231590564,-0.5493988394737244
0,single_feature_kurtosis,4,-0.5919252175551194,-0.6254210472106934
0,single_feature_kurtosis,5,-0.6591650110024673,-0.6758933067321777
0,single_feature_kurtosis,6,-0.7274380372120783,-0.7322406470775604
0,single_feature_kurtosis,7,-0.7869589237066416,-0.7726216912269592
0,single_feature_kurtosis,8,-0.829873630633721,-0.8398290872573853
0,single_feature_kurtosis,9,-0.8836162411249601,-0.8700768053531647
0,single_feature_kurtosis,10,-0.9409393393076384,-0.9170835316181184
0,single_feature_kurtosis,11,-0.9972547705356892,-0.981084942817688
0,single_feature_kurtosis,12,-1.0759995075372548,-1.0976243019104004
0,single_feature_kurtosis,13,-1.1354114642510047,-1.1446088552474976
0,single_feature_kurtosis,14,-1.2241240648122935,-1.2140637636184692
0,single_feature_kurtosis,15,-1.3086325938885028,-1.3093940615653992
0,single_feature_kurtosis,16,-1.3824171011264508,-1.4026705622673037
0,single_feature_kurtosis,17,-1.4500237886722271,-1.4362056255340576
0,single_feature_kurtosis,18,-1.4735211775853083,-1.4181798100471497
0,single_feature_kurtosis,19,-1.4848544139128466,-1.5188325643539429
0,single_feature_kurtosis,20,-1.57603369309352,-1.5169732570648191
0,single_feature_kurtosis,21,-1.5373577704796424,-1.568718194961548
0,single_feature_kurtosis,22,-1.6355472894815295,-1.6226988434791565
0,single_feature_kurtosis,23,-1.6963129410376916,-1.7014812231063845
0,single_feature_kurtosis,24,-1.7212538627477794,-1.7257317900657654
0,single_feature_kurtosis,25,-1.751836180686951,-1.73830646276474
0,single_feature_kurtosis,26,-1.8025569915771484,-1.7935035228729248
0,single_feature_kurtosis,27,-1.826782116523156,-1.8193185329437256
0,single_feature_kurtosis,28,-1.843510444347675,-1.810630321502685
0,single_feature_kurtosis,29,-1.8643246247218208,-1.7989884614944458
0,single_feature_kurtosis,30,-1.914081023289607,-1.8809774518013
0,single_feature_kurtosis,31,-1.9302682693188007,-1.924654841423035
0,single_feature_kurtosis,32,-1.956031395838811,-1.936734080314636
0,single_feature_kurtosis,33,-1.9863586792579064,-1.783337652683258
0,single_feature_kurtosis,34,-1.9357158679228563,-1.8907367587089536
0,single_feature_kurtosis,35,-1.902509515102093,-1.966961920261383
0,single_feature_kurtosis,36,-1.972949293943552,-1.9341477155685425
0,single_feature_kurtosis,37,-1.9869597875154936,-2.042388617992401
0,single_feature_kurtosis,38,-2.047788170667795,-2.00145423412323
0,single_feature_kurtosis,39,-2.047956677583548,-2.023755073547364
0,single_feature_kurtosis,40,-2.071075714551485,-2.055133461952209
0,single_feature_kurtosis,41,-2.0800161361694336,-2.076987743377685
0,single_feature_kurtosis,42,-2.095298693730281,-1.8984352350234983
0,single_feature_kurtosis,43,-1.847844930795523,-1.9656301736831665
0,single_feature_kurtosis,44,-2.020429308597858,-2.0681577920913696
0,single_feature_kurtosis,45,-2.1285859162990866,-2.0797152519226074
0,single_feature_kurtosis,46,-2.113664645415086,-2.110891819000244
0,single_feature_kurtosis,47,-2.143271024410541,-2.1244858503341675
0,single_feature_kurtosis,48,-2.136844671689547,-2.0780982971191406
0,single_feature_kurtosis,49,-2.161106769855206,-2.110010027885437
0,single_feature_kurtosis,50,-2.187528005013099,-2.1066712141036987
0,single_feature_kurtosis,51,-2.188781866660485,-2.120697021484375
0,single_feature_kurtosis,52,-2.190480195558988,-2.114830255508423
0,single_feature_kurtosis,53,-2.1801084188314586,-2.0978260040283203
0,single_feature_kurtosis,54,-2.2077472026531515,-2.1240553855896
0,single_feature_kurtosis,55,-2.1750241426321177,-2.1343799829483032
0,single_feature_kurtosis,56,-2.2241410108713,-2.159922957420349
0,single_feature_kurtosis,57,-2.184223871964675,-2.09967303276062
0,single_feature_kurtosis,58,-2.193721074324388,-2.1747164726257324
0,single_feature_kurtosis,59,-2.242489447960487,-2.1843857765197754
0,single_feature_kurtosis,60,-2.201010612341074,-2.102023959159851
0,single_feature_kurtosis,61,-2.233189344406128,-2.164984941482544
0,single_feature_kurtosis,62,-2.2634245799138,-2.1329026222229004
0,single_feature_kurtosis,63,-2.238461659504817,-2.2234253883361816
0,single_feature_kurtosis,64,-2.2757657307844896,-2.1644201278686523
0,single_feature_kurtosis,65,-2.2642204211308408,-2.21540904045105
0,single_feature_kurtosis,66,-2.2680168335254374,-2.148538827896118
0,single_feature_kurtosis,67,-2.2730354345761814,-2.1912139654159546
0,single_feature_kurtosis,68,-2.295525257404034,-2.221434712409973
0,single_feature_kurtosis,69,-2.2862517283513,-2.239620447158813
0,single_feature_kurtosis,70,-2.3042769065270057,-2.220272660255432
0,single_feature_kurtosis,71,-2.279297645275409,-2.181223511695862
0,single_feature_kurtosis,72,-2.3092657786149244,-2.2009133100509644
0,single_feature_kurtosis,73,-2.3015423187842736,-2.2391685247421265
0,single_feature_kurtosis,74,-2.2953622341156006,-2.2328479290008545
0,single_feature_kurtosis,75,-2.31519706432636,-2.242181181907654
0,single_feature_kurtosis,76,-2.305668904231145,-2.173205614089966
0,single_feature_kurtosis,77,-2.276127448448768,-2.2335723638534546
0,single_feature_kurtosis,78,-2.326901362492488,-2.180980920791626
0,single_feature_kurtosis,79,-2.289177967951848,-2.1285154819488525
0,single_feature_kurtosis,80,-2.241689058450552,-2.1495827436447144
0,single_feature_kurtosis,81,-2.232030648451585,-2.154685616493225
0,single_feature_kurtosis,82,-2.201036343207726,-2.039430618286133
0,single_feature_kurtosis,83,-2.1736598565028262,-2.1021203994750977
0,single_feature_kurtosis,84,-2.295182081369253,-2.2142343521118164
0,single_feature_kurtosis,85,-2.338967818480272,-2.2520532608032227
0,single_feature_kurtosis,86,-2.347725831545316,-2.179889440536499
0,single_feature_kurtosis,87,-2.2883717646965613,-2.186522483825684
0,single_feature_kurtosis,88,-2.306572914123535,-2.2215856313705444
0,single_feature_kurtosis,89,-2.3530240609095645,-2.229320764541626
0,single_feature_kurtosis,90,-2.2899996684147763,-2.1460851430892944
0,single_feature_kurtosis,91,-2.306441123668964,-2.2767014503479004
0,single_feature_kurtosis,92,-2.374333565051739,-2.2112354040145874
0,single_feature_kurtosis,93,-2.3442318256084738,-2.2193081378936768
0,single_feature_kurtosis,94,-2.344891621516301,-2.266286849975586
0,single_feature_kurtosis,95,-2.3743254588200498,-2.270341992378235
0,single_feature_kurtosis,96,-2.35441308755141,-2.2833303213119507
0,single_feature_kurtosis,97,-2.375791017825787,-2.2591681480407715
0,single_feature_kurtosis,98,-2.3719167159153867,-2.2636706829071045
0,single_feature_kurtosis,99,-2.374514029576228,-2.192247748374939
0,single_feature_kurtosis,100,-2.38547578224769,-2.296850562095642
0,single_feature_kurtosis,101,-2.3899096709031324,-2.285170197486877
0,single_feature_kurtosis,102,-2.3750351759103627,-2.2388508319854736
0,single_feature_kurtosis,103,-2.3739250073066125,-2.2545361518859863
0,single_feature_kurtosis,104,-2.3892662708575907,-2.2476881742477417
0,single_feature_kurtosis,105,-2.359968625582181,-2.22034752368927
0,single_feature_kurtosis,106,-2.371715343915499,-2.2312445640563965
0,single_feature_kurtosis,107,-2.385713247152476,-2.2013330459594727
0,single_feature_kurtosis,108,-2.338362693786621,-2.2602730989456177
0,single_feature_kurtosis,109,-2.375891245328463,-2.264111161231994
0,single_feature_kurtosis,110,-2.370404390188364,-2.20209276676178
0,single_feature_kurtosis,111,-2.367217467381404,-2.2223823070526123
0,single_feature_kurtosis,112,-2.3715939338390646,-2.142593264579773
0,single_feature_kurtosis,113,-2.3220866276667667,-2.263901710510254
0,single_feature_kurtosis,114,-2.391167090489314,-2.288816452026367
0,single_feature_kurtosis,115,-2.398127115689791,-2.25775682926178
0,single_feature_kurtosis,116,-2.379809544636653,-2.26860249042511
0,single_feature_kurtosis,117,-2.396136063795823,-2.1939733028411865
0,single_feature_kurtosis,118,-2.3624382936037502,-2.2633841037750244
0,single_feature_kurtosis,119,-2.399746528038612,-2.280662298202514
0,single_feature_kurtosis,120,-2.395230843470647,-2.2066478729248047
0,single_feature_kurtosis,121,-2.398244857788086,-2.261531114578247
0,single_feature_kurtosis,122,-2.4277147329770603,-2.320414900779724
0,single_feature_kurtosis,123,-2.397089518033541,-2.2119503021240234
0,single_feature_kurtosis,124,-2.4332613394810605,-2.2137492895126343
0,single_feature_kurtosis,125,-2.420712489348192,-2.303800344467163
0,single_feature_kurtosis,126,-2.4339662331801195,-2.2431650161743164
0,single_feature_kurtosis,127,-2.4222490053910475,-2.2850701808929443
0,single_feature_kurtosis,128,-2.4311123261084924,-2.271727442741394
0,single_feature_kurtosis,129,-2.415161077792828,-2.210408926010132
0,single_feature_kurtosis,130,-2.418649123265193,-2.2721365690231323
0,single_feature_kurtosis,131,-2.415855462734516,-2.278021216392517
0,single_feature_kurtosis,132,-2.4473858980032115,-2.28855848312378
0,single_feature_kurtosis,133,-2.440750763966487,-2.301259279251098
0,single_feature_kurtosis,134,-2.460199979635385,-2.307035446166992
0,single_feature_kurtosis,135,-2.4577212517078104,-2.259408712387085
0,single_feature_kurtosis,136,-2.4196826127859263,-2.2768092155456543
0,single_feature_kurtosis,137,-2.428904276627761,-2.2914129495620728
0,single_feature_kurtosis,138,-2.344096495554997,-2.1507904529571533
0,single_feature_kurtosis,139,-2.3639754332028904,-2.250651597976685
0,single_feature_kurtosis,140,-2.40086711370028,-2.172246217727661
0,single_feature_kurtosis,141,-2.361791207240178,-2.279579520225525
0,single_feature_kurtosis,142,-2.45571677501385,-2.262537240982056
0,single_feature_kurtosis,143,-2.4662605982560377,-2.290268659591675
0,single_feature_kurtosis,144,-2.409386726526113,-2.06512451171875
0,single_feature_kurtosis,145,-2.417935151320237,-2.3210054636001587
0,single_feature_kurtosis,146,-2.4455005388993483,-2.293992519378662
0,single_feature_kurtosis,147,-2.473091859083909,-2.235475778579712
0,single_feature_kurtosis,148,-2.447679868111244,-2.241063356399536
0,single_feature_kurtosis,149,-2.45543386385991,-2.2399802207946777
0,single_feature_kurtosis,150,-2.4393341908088098,-2.296185851097107
0,single_feature_kurtosis,151,-2.4442912065065823,-2.280481576919556
0,single_feature_kurtosis,152,-2.446039364888118,-2.310981750488281
0,single_feature_kurtosis,153,-2.48871399806096,-2.322634220123291
0,single_feature_kurtosis,154,-2.438959140043992,-2.2166082859039307
0,single_feature_kurtosis,155,-2.436535101670485,-2.288442611694336
0,single_feature_kurtosis,156,-2.484429432795598,-2.268354535102844
0,single_feature_kurtosis,157,-2.4516820357396054,-2.248289942741394
0,single_feature_kurtosis,158,-2.451007732978234,-2.188424825668335
0,single_feature_kurtosis,159,-2.475665440926185,-2.307430624961853
0,single_feature_kurtosis,160,-2.446841808465811,-2.2840768098831177
0,single_feature_kurtosis,161,-2.439802463238056,-2.242682695388794
0,single_feature_kurtosis,162,-2.476610880631667,-2.2735729217529297
0,single_feature_kurtosis,163,-2.4855008125305176,-2.3037396669387817
0,single_feature_kurtosis,164,-2.447689624933096,-2.3000863790512085
0,single_feature_kurtosis,165,-2.487936716813308,-2.2919960021972656
0,single_feature_kurtosis,166,-2.487053155899048,-2.3336657285690308
0,single_feature_kurtosis,167,-2.4796354954059305,-2.237584352493286
0,single_feature_kurtosis,168,-2.476577905508188,-2.216213345527649
0,single_feature_kurtosis,169,-2.470293870339027,-2.2584002017974854
0,single_feature_kurtosis,170,-2.47188584621136,-2.26240074634552
0,single_feature_kurtosis,171,-2.516456512304453,-2.255885124206543
0,single_feature_kurtosis,172,-2.473227959412795,-2.2085248231887817
0,single_feature_kurtosis,173,-2.417516598334679,-2.257997512817383
0,single_feature_kurtosis,174,-2.450124795620258,-2.325801968574524
0,single_feature_kurtosis,175,-2.5019509975726786,-2.2871252298355103
0,single_feature_kurtosis,176,-2.5024249920478234,-2.257536292076111
0,single_feature_kurtosis,177,-2.517007827758789,-2.2715941667556763
0,single_feature_kurtosis,178,-2.5083157282609205,-2.2549818754196167
0,single_feature_kurtosis,179,-2.481776861044077,-2.2811670303344727
0,single_feature_kurtosis,180,-2.5043030702150784,-2.21982741355896
0,single_feature_kurtosis,181,-2.4780554954822245,-2.270308375358581
0,single_feature_kurtosis,182,-2.4622136629544773,-2.262349486351013
0,single_feature_kurtosis,183,-2.503027860934918,-2.248753070831299
0,single_feature_kurtosis,184,-2.4916177712954006,-2.2435667514801025
0,single_feature_kurtosis,185,-2.483252837107732,-2.287283420562744
0,single_feature_kurtosis,186,-2.531612139481765,-2.2978949546813965
0,single_feature_kurtosis,187,-2.516388673048753,-2.3259705305099487
0,single_feature_kurtosis,188,-2.5366762784811168,-2.2989282608032227
0,single_feature_kurtosis,189,-2.543307744539701,-2.281055927276612
0,single_feature_kurtosis,190,-2.501652790949895,-2.2852916717529297
0,single_feature_kurtosis,191,-2.5435352325439453,-2.2452555894851685
0,single_feature_spectral_slope,0,0.0239585241159567,-0.2761473655700683
0,single_feature_spectral_slope,1,-0.4377254568613492,-0.5466510653495789
0,single_feature_spectral_slope,2,-0.6777469332401569,-0.755704402923584
0,single_feature_spectral_slope,3,-0.8548800211686355,-0.8998719453811646
0,single_feature_spectral_slope,4,-1.0053876500863297,-1.0598354935646055
0,single_feature_spectral_slope,5,-1.1483799585929284,-1.1832833290100098
0,single_feature_spectral_slope,6,-1.2325460543999305,-1.243760883808136
0,single_feature_spectral_slope,7,-1.2809294553903432,-1.2946710586547852
0,single_feature_spectral_slope,8,-1.329009826366718,-1.360960304737091
0,single_feature_spectral_slope,9,-1.3591757187476523,-1.3464508056640625
0,single_feature_spectral_slope,10,-1.3909187408593984,-1.3672221899032593
0,single_feature_spectral_slope,11,-1.4158213688777044,-1.418810784816742
0,single_feature_spectral_slope,12,-1.4440721365121694,-1.4494317770004272
0,single_feature_spectral_slope,13,-1.4642972304270818,-1.441102385520935
0,single_feature_spectral_slope,14,-1.4800070065718431,-1.4419012665748596
0,single_feature_spectral_slope,15,-1.504497060408959,-1.4740286469459534
0,single_feature_spectral_slope,16,-1.5192848535684438,-1.4996621012687683
0,single_feature_spectral_slope,17,-1.5416170817155104,-1.5084519982337952
0,single_feature_spectral_slope,18,-1.5545115012388964,-1.4937343001365662
0,single_feature_spectral_slope,19,-1.560875599200909,-1.496733784675598
0,single_feature_spectral_slope,20,-1.5853500733008752,-1.5445851683616638
0,single_feature_spectral_slope,21,-1.5957300571294932,-1.560212016105652
0,single_feature_spectral_slope,22,-1.6246176132789023,-1.5443125367164612
0,single_feature_spectral_slope,23,-1.6355282435050378,-1.596639633178711
0,single_feature_spectral_slope,24,-1.6429912035281842,-1.6129764318466189
0,single_feature_spectral_slope,25,-1.6605040568571825,-1.6455383896827698
0,single_feature_spectral_slope,26,-1.6920162806144128,-1.6395684480667114
0,single_feature_spectral_slope,27,-1.7136401579930232,-1.6654585003852844
0,single_feature_spectral_slope,28,-1.7123342569057758,-1.673639178276062
0,single_feature_spectral_slope,29,-1.7375464347692635,-1.6578659415245056
0,single_feature_spectral_slope,30,-1.742873613650982,-1.7035235166549685
0,single_feature_spectral_slope,31,-1.7625017349536602,-1.690472960472107
0,single_feature_spectral_slope,32,-1.780748046361483,-1.7148581743240356
0,single_feature_spectral_slope,33,-1.785617287342365,-1.7214156985282898
0,single_feature_spectral_slope,34,-1.8014104733100305,-1.7189443111419678
0,single_feature_spectral_slope,35,-1.7938582530388465,-1.7127580642700195
0,single_feature_spectral_slope,36,-1.8037989414655244,-1.7572863101959229
0,single_feature_spectral_slope,37,-1.8148791239811823,-1.7643046379089355
0,single_feature_spectral_slope,38,-1.835245838532081,-1.7516295313835144
0,single_feature_spectral_slope,39,-1.8364645334390493,-1.786526083946228
0,single_feature_spectral_slope,40,-1.8438688241518464,-1.7603780627250671
0,single_feature_spectral_slope,41,-1.85873414002932,-1.7915114760398865
0,single_feature_spectral_slope,42,-1.8590225990001967,-1.7615694403648376
0,single_feature_spectral_slope,43,-1.848361528836764,-1.7668527364730835
0,single_feature_spectral_slope,44,-1.844261306982774,-1.7360661625862122
0,single_feature_spectral_slope,45,-1.8572064913236177,-1.7620753645896912
0,single_feature_spectral_slope,46,-1.876371310307429,-1.8148409128189087
0,single_feature_spectral_slope,47,-1.8922740862919727,-1.8087289333343504
0,single_feature_spectral_slope,48,-1.8826531721995428,-1.808471143245697
0,single_feature_spectral_slope,49,-1.8949164977440467,-1.8084142804145813
0,single_feature_spectral_slope,50,-1.9163964711702788,-1.8186907172203064
0,single_feature_spectral_slope,51,-1.9125142372571504,-1.84592878818512
0,single_feature_spectral_slope,52,-1.9191881785025964,-1.821198582649231
0,single_feature_spectral_slope,53,-1.924492771808917,-1.831966936588288
0,single_feature_spectral_slope,54,-1.919159999260536,-1.84430867433548
0,single_feature_spectral_slope,55,-1.924720865029555,-1.8291714191436768
0,single_feature_spectral_slope,56,-1.92689362856058,-1.832657516002655
0,single_feature_spectral_slope,57,-1.933507552513709,-1.8375152349472048
0,single_feature_spectral_slope,58,-1.931061973938576,-1.7922210693359375
0,single_feature_spectral_slope,59,-1.945390609594492,-1.8325083255767824
0,single_feature_spectral_slope,60,-1.9374357920426588,-1.819552183151245
0,single_feature_spectral_slope,61,-1.943642442043011,-1.826808333396912
0,single_feature_spectral_slope,62,-1.9601688109911408,-1.829900681972504
0,single_feature_spectral_slope,63,-1.940951365690965,-1.7878082990646362
0,single_feature_spectral_slope,64,-1.941466789979201,-1.8622888326644893
0,single_feature_spectral_slope,65,-1.974669832449693,-1.8649654388427728
0,single_feature_spectral_slope,66,-1.965202386562641,-1.8184097409248352
0,single_feature_spectral_slope,67,-1.9730727122380185,-1.847199320793152
0,single_feature_spectral_slope,68,-1.9642108312019928,-1.8385882377624512
0,single_feature_spectral_slope,69,-1.9676959056120653,-1.8227765560150144
0,single_feature_spectral_slope,70,-1.9684711144520688,-1.844708800315857
0,single_feature_spectral_slope,71,-1.9780455919412463,-1.8677351474761963
0,single_feature_spectral_slope,72,-1.9739361176123984,-1.8448580503463743
0,single_feature_spectral_slope,73,-1.979332823019761,-1.824433386325836
0,single_feature_spectral_slope,74,-1.9978052469400256,-1.8754551410675049
0,single_feature_spectral_slope,75,-1.9731484009669376,-1.863658487796784
0,single_feature_spectral_slope,76,-1.9685333783809955,-1.8805249333381653
0,single_feature_spectral_slope,77,-1.9804968008628256,-1.8385924100875848
0,single_feature_spectral_slope,78,-1.998655053285452,-1.844614028930664
0,single_feature_spectral_slope,79,-1.9960136321874768,-1.868412733078003
0,single_feature_spectral_slope,80,-2.012217356608464,-1.8755919933319087
0,single_feature_spectral_slope,81,-2.019370555877685,-1.9125112891197205
0,single_feature_spectral_slope,82,-2.023718375426072,-1.863355576992035
0,single_feature_spectral_slope,83,-2.023128472841703,-1.9086064100265503
0,single_feature_spectral_slope,84,-2.0138064806277933,-1.874481022357941
0,single_feature_spectral_slope,85,-2.0029953718185425,-1.86873859167099
0,single_feature_spectral_slope,86,-2.016722349020151,-1.8827876448631289
0,single_feature_spectral_slope,87,-2.037198754457327,-1.8795287609100344
0,single_feature_spectral_slope,88,-2.040456166634193,-1.9046530723571773
0,single_feature_spectral_slope,89,-2.0400327077278724,-1.889137625694275
0,single_feature_spectral_slope,90,-2.0493287306565504,-1.8537209033966064
0,single_feature_spectral_slope,91,-2.016456117996803,-1.89800226688385
0,single_feature_spectral_slope,92,-2.025260017468379,-1.8537830710411072
0,single_feature_spectral_slope,93,-2.041700088060819,-1.9045463800430296
0,single_feature_spectral_slope,94,-2.03667846092811,-1.856983244419098
0,single_feature_spectral_slope,95,-2.0455887409356923,-1.909422874450684
0,single_feature_spectral_slope,96,-2.0563970712515025,-1.9017238020896912
0,single_feature_spectral_slope,97,-2.0612814059624305,-1.900410532951355
0,single_feature_spectral_slope,98,-2.0570925382467418,-1.9041966795921328
0,single_feature_spectral_slope,99,-2.067121065579928,-1.868809700012207
0,single_feature_spectral_slope,100,-2.042928411410405,-1.900612711906433
0,single_feature_spectral_slope,101,-2.0556459610278788,-1.8715479373931885
0,single_feature_spectral_slope,102,-2.058355991656964,-1.889712631702423
0,single_feature_spectral_slope,103,-2.066123008728028,-1.904005229473114
0,single_feature_spectral_slope,104,-2.069223101322468,-1.893368661403656
0,single_feature_spectral_slope,105,-2.072871593328623,-1.9128146171569824
0,single_feature_spectral_slope,106,-2.0661555253542385,-1.8646475672721865
0,single_feature_spectral_slope,107,-2.0540509957533617,-1.8787341713905328
0,single_feature_spectral_slope,108,-2.0606246819862952,-1.915005445480347
0,single_feature_spectral_slope,109,-2.063865423202514,-1.9327563643455503
0,single_feature_spectral_slope,110,-2.066471154873188,-1.8802374601364136
0,single_feature_spectral_slope,111,-2.077932504507212,-1.8947250247001648
0,single_feature_spectral_slope,112,-2.0981935262680054,-1.8792240619659424
0,single_feature_spectral_slope,113,-2.099398667995746,-1.934318006038665
0,single_feature_spectral_slope,114,-2.1048714564396787,-1.894286334514618
0,single_feature_spectral_slope,115,-2.0929695459512563,-1.906013190746308
0,single_feature_spectral_slope,116,-2.0974999391115627,-1.9015493988990784
0,single_feature_spectral_slope,117,-2.0904976588029127,-1.910297095775604
0,single_feature_spectral_slope,118,-2.0986944987223697,-1.912021815776825
0,single_feature_spectral_slope,119,-2.104730697778555,-1.9356279373168943
0,single_feature_spectral_slope,120,-2.110071365649884,-1.9111074805259705
0,single_feature_spectral_slope,121,-2.09945914378533,-1.8886612057685848
0,single_feature_spectral_slope,122,-2.108655709486741,-1.9332918524742129
0,single_feature_spectral_slope,123,-2.1081867768214297,-1.9181373715400696
0,single_feature_spectral_slope,124,-2.101640921372634,-1.9246016144752505
0,single_feature_spectral_slope,125,-2.126055735808152,-1.9043614864349363
0,single_feature_spectral_slope,126,-2.112615787065946,-1.903070628643036
0,single_feature_spectral_slope,127,-2.134135503035325,-1.9323276281356807
0,single_feature_spectral_slope,128,-2.1302860333369327,-1.9448694586753843
0,single_feature_spectral_slope,129,-2.1160677579733043,-1.9383330345153809
0,single_feature_spectral_slope,130,-2.1288840037125807,-1.9164584279060364
0,single_feature_spectral_slope,131,-2.105483293533325,-1.890693426132202
0,single_feature_spectral_slope,132,-2.122771849999061,-1.907641351222992
0,single_feature_spectral_slope,133,-2.111777342282809,-1.866283893585205
0,single_feature_spectral_slope,134,-2.127306553033682,-1.925346314907074
0,single_feature_spectral_slope,135,-2.1247682571411133,-1.8987420797348025
0,single_feature_spectral_slope,136,-2.1363534927368164,-1.9544802904129028
0,single_feature_spectral_slope,137,-2.144733208876389,-1.898512482643128
0,single_feature_spectral_slope,138,-2.1529091871701755,-1.913493812084198
0,single_feature_spectral_slope,139,-2.1220120650071363,-1.944324791431427
0,single_feature_spectral_slope,140,-2.1316807453448954,-1.936266541481018
0,single_feature_spectral_slope,141,-2.1434569358825684,-1.9032225608825684
0,single_feature_spectral_slope,142,-2.161394559420072,-1.876928985118866
0,single_feature_spectral_slope,143,-2.148610096711379,-1.932150065898896
0,single_feature_spectral_slope,144,-2.1300885677337646,-1.9111289381980896
0,single_feature_spectral_slope,145,-2.142957925796509,-1.878150463104248
0,single_feature_spectral_slope,146,-2.1521578385279727,-1.946855425834656
0,single_feature_spectral_slope,147,-2.1568594529078555,-1.9335044622421265
0,single_feature_spectral_slope,148,-2.1654689678779016,-1.916081726551056
0,single_feature_spectral_slope,149,-2.156922120314378,-1.8582651019096368
0,single_feature_spectral_slope,150,-2.120030274757972,-1.905304193496704
0,single_feature_spectral_slope,151,-2.158797704256498,-1.967133104801178
0,single_feature_spectral_slope,152,-2.157995370718149,-1.9090818166732788
0,single_feature_spectral_slope,153,-2.164623682315533,-1.939187467098236
0,single_feature_spectral_slope,154,-2.1555252258594217,-1.9239631295204165
0,single_feature_spectral_slope,155,-2.1657989025115967,-1.932701826095581
0,single_feature_spectral_slope,156,-2.1628910211416392,-1.9153574109077447
0,single_feature_spectral_slope,157,-2.180009511800913,-1.924483597278595
0,single_feature_spectral_slope,158,-2.164996238855215,-1.9158605337142944
0,single_feature_spectral_slope,159,-2.177736410727868,-1.91877430677414
0,single_feature_spectral_slope,160,-2.1795864472022424,-1.9247874021530151
0,single_feature_spectral_slope,161,-2.1829521289238563,-1.940723657608032
0,single_feature_spectral_slope,162,-2.191776440693782,-1.907345354557037
0,single_feature_spectral_slope,163,-2.185655245414147,-1.9288873672485352
0,single_feature_spectral_slope,164,-2.191718945136437,-1.939380168914795
0,single_feature_spectral_slope,165,-2.176758289337158,-1.9382639527320864
0,single_feature_spectral_slope,166,-2.164554632627047,-1.890841782093048
0,single_feature_spectral_slope,167,-2.179962891798753,-1.9186720848083496
0,single_feature_spectral_slope,168,-2.192068870250995,-1.9339370131492613
0,single_feature_spectral_slope,169,-2.202099378292377,-1.9177204966545105
0,single_feature_spectral_slope,170,-2.200282335281372,-1.9416332840919488
0,single_feature_spectral_slope,171,-2.193143221048208,-1.9035334587097168
0,single_feature_spectral_slope,172,-2.200695569698627,-1.924418866634369
0,single_feature_spectral_slope,173,-2.2026301347292385,-1.8903720378875728
0,single_feature_spectral_slope,174,-2.1906350392561693,-1.9073346257209776
0,single_feature_spectral_slope,175,-2.188731688719529,-1.8778120875358584
0,single_feature_spectral_slope,176,-2.1688371621645413,-1.8654224276542664
0,single_feature_total_log_power,0,0.1208896058826492,-0.1895023360848426
0,single_feature_total_log_power,1,-0.3292911763374622,-0.4189516007900238
0,single_feature_total_log_power,2,-0.5251855666820819,-0.5892549753189087
0,single_feature_total_log_power,3,-0.669033421919896,-0.7096800804138184
0,single_feature_total_log_power,4,-0.788196439926441,-0.8376134634017944
0,single_feature_total_log_power,5,-0.911005098086137,-0.9476219415664672
0,single_feature_total_log_power,6,-1.043980529675117,-1.103042483329773
0,single_feature_total_log_power,7,-1.2104565455363347,-1.292398989200592
0,single_feature_total_log_power,8,-1.4129719550792987,-1.5004438757896423
0,single_feature_total_log_power,9,-1.6092749650661762,-1.6806886196136477
0,single_feature_total_log_power,10,-1.845987796783448,-1.9682466983795168
0,single_feature_total_log_power,11,-1.6680911825253413,-1.3228319883346558
0,single_feature_total_log_power,12,-1.5733860731124878,-1.7792088985443115
0,single_feature_total_log_power,13,-1.942109493108896,-1.988073348999024
0,single_feature_total_log_power,14,-2.0871290426987867,-1.930075228214264
0,single_feature_total_log_power,15,-2.1482600340476403,-2.292407751083374
0,single_feature_total_log_power,16,-2.412693977355957,-2.524469256401062
0,single_feature_total_log_power,17,-2.50126105088454,-2.5838406085968018
0,single_feature_total_log_power,18,-2.483538645964402,-2.57739782333374
0,single_feature_total_log_power,19,-2.5005883070138784,-2.640880584716797
0,single_feature_total_log_power,20,-2.365183986150301,-2.133326292037964
0,single_feature_total_log_power,21,-2.37659030694228,-2.042201519012451
0,single_feature_total_log_power,22,-2.420078314267672,-2.5805468559265137
0,single_feature_total_log_power,23,-2.650623394892766,-2.382294058799744
0,single_feature_total_log_power,24,-2.641640002910908,-2.437271237373352
0,single_feature_total_log_power,25,-2.609126696219811,-2.6311824321746826
0,single_feature_total_log_power,26,-2.495574015837449,-2.6687023639678955
0,single_feature_total_log_power,27,-2.7558907728928785,-2.593510150909424
0,single_feature_total_log_power,28,-2.784794275577252,-2.834261417388916
0,single_feature_total_log_power,29,-2.826285013785729,-2.876465082168579
0,single_feature_total_log_power,30,-2.849387388962966,-2.859232783317566
0,single_feature_total_log_power,31,-2.890772030903743,-2.817070245742798
0,single_feature_total_log_power,32,-2.8920080478374777,-2.8879529237747192
0,single_feature_total_log_power,33,-2.918353190788856,-2.874946355819702
0,single_feature_total_log_power,34,-2.91606356547429,-2.9893856048583984
0,single_feature_total_log_power,35,-2.946369042763344,-2.7914419174194336
0,single_feature_total_log_power,36,-2.9427661345555234,-2.918342113494873
0,single_feature_total_log_power,37,-2.979017587808462,-2.942760467529297
0,single_feature_total_log_power,38,-2.9768062921670766,-2.964729428291321
0,single_feature_total_log_power,39,-3.0153350830078125,-2.798347949981689
0,single_feature_total_log_power,40,-2.9784597800328183,-3.024862766265869
0,single_feature_total_log_power,41,-3.0409677028656006,-2.870986223220825
0,single_feature_total_log_power,42,-3.036984535364004,-3.1269333362579346
0,single_feature_total_log_power,43,-3.0419418078202467,-2.766538143157959
0,single_feature_total_log_power,44,-3.04012707563547,-3.103557825088501
0,single_feature_total_log_power,45,-3.100941768059364,-2.95264196395874
0,single_feature_total_log_power,46,-3.0850750849797177,-3.0841870307922363
0,single_feature_total_log_power,47,-3.1105907330146203,-3.010085701942444
0,single_feature_total_log_power,48,-3.099572475139911,-2.994405031204224
0,single_feature_total_log_power,49,-3.117132993844839,-3.082387924194336
0,single_feature_total_log_power,50,-3.123461136451134,-3.185819387435913
0,single_feature_total_log_power,51,-3.138584155302781,-3.0310232639312744
0,single_feature_total_log_power,52,-3.16074092571552,-3.193991184234619
0,single_feature_total_log_power,53,-3.1739257849179783,-3.0999351739883423
0,single_feature_total_log_power,54,-3.192336632655217,-3.2243778705596924
0,single_feature_total_log_power,55,-3.174531863285945,-3.220494151115417
0,single_feature_total_log_power,56,-3.187486538520226,-3.2852394580841064
0,single_feature_total_log_power,57,-3.221748608809251,-3.112456798553467
0,single_feature_total_log_power,58,-3.22070572926448,-3.1759955883026123
0,single_feature_total_log_power,59,-3.226614530269916,-2.9861230850219727
0,single_feature_total_log_power,60,-3.1898212249462423,-3.105663776397705
0,single_feature_total_log_power,61,-3.162594666847816,-3.325472593307495
0,single_feature_total_log_power,62,-3.195969178126409,-3.1714842319488525
0,single_feature_total_log_power,63,-2.617665089093722,-1.6064792275428772
0,single_feature_total_log_power,64,-2.5310518466509304,-2.867409467697144
0,single_feature_total_log_power,65,-2.855765617810763,-2.7742999792099
0,single_feature_total_log_power,66,-2.851007021390475,-2.6270813941955566
0,single_feature_total_log_power,67,-2.9156485337477465,-3.128441572189331
0,single_feature_total_log_power,68,-2.9695245852837195,-2.9604989290237427
0,single_feature_total_log_power,69,-2.96522463285006,-2.754016160964966
0,single_feature_total_log_power,70,-2.987984492228581,-3.1741009950637817
0,single_feature_total_log_power,71,-3.0240032856280985,-2.960525751113892
0,single_feature_total_log_power,72,-3.010956250704252,-2.6796644926071167
0,single_feature_total_log_power,73,-2.976534605026245,-3.025519132614136
0,single_feature_total_log_power,74,-2.961572665434617,-3.1260746717453003
0,single_feature_total_log_power,75,-3.002255989955022,-2.5221571922302246
0,single_feature_total_log_power,76,-3.007573732962975,-3.2382359504699707
0,single_feature_total_log_power,77,-2.8872386675614576,-2.9700863361358643
0,single_feature_total_log_power,78,-2.76935559969682,-3.264244556427002
0,single_feature_total_log_power,79,-3.2336191764244666,-3.3081088066101074
0,single_feature_total_log_power,80,-3.2743675892169657,-2.619990587234497
0,single_feature_total_log_power,81,-3.2483147107637844,-3.254254460334778
0,single_feature_total_log_power,82,-3.387693625230056,-2.8470942974090576
0,single_feature_total_log_power,83,-2.745770078438979,-1.9165376424789429
0,single_feature_total_log_power,84,-2.8808242357694187,-3.179282069206238
0,single_feature_total_log_power,85,-3.106009923494779,-3.0496861934661865
0,single_feature_total_log_power,86,-3.0988594752091627,-3.0774919986724854
0,single_feature_dominant_freq,0,0.0528086939683327,-0.2774801552295685
0,single_feature_dominant_freq,1,-0.4011085606538332,-0.5326619744300842
0,single_feature_dominant_freq,2,-0.5983787408241859,-0.6870632767677307
0,single_feature_dominant_freq,3,-0.7357817934109614,-0.8225862979888916
0,single_feature_dominant_freq,4,-0.851538034585806,-0.9302897155284882
0,single_feature_dominant_freq,5,-0.9752769653613752,-1.053174376487732
0,single_feature_dominant_freq,6,-1.0690587942416852,-1.1167242527008057
0,single_feature_dominant_freq,7,-1.1448370126577525,-1.182885825634003
0,single_feature_dominant_freq,8,-1.2056452494401195,-1.234337866306305
0,single_feature_dominant_freq,9,-1.2597748683049128,-1.2458541989326477
0,single_feature_dominant_freq,10,-1.300497522720924,-1.2887327671051023
0,single_feature_dominant_freq,11,-1.347698211669922,-1.3428950309753418
0,single_feature_dominant_freq,12,-1.3908428320517907,-1.3665159344673157
0,single_feature_dominant_freq,13,-1.428758639555711,-1.393333375453949
0,single_feature_dominant_freq,14,-1.4511428429530218,-1.4012374877929688
0,single_feature_dominant_freq,15,-1.4754076645924494,-1.4401251077651978
0,single_feature_dominant_freq,16,-1.5098631840485792,-1.4533690810203552
0,single_feature_dominant_freq,17,-1.5295690573178804,-1.47672438621521
0,single_feature_dominant_freq,18,-1.5217476349610548,-1.4976133108139038
0,single_feature_dominant_freq,19,-1.5467793299601629,-1.5121485590934751
0,single_feature_dominant_freq,20,-1.5563468382908747,-1.5043731331825256
0,single_feature_dominant_freq,21,-1.5693594492398777,-1.5105047225952148
0,single_feature_dominant_freq,22,-1.5811408849862905,-1.521184325218201
0,single_feature_dominant_freq,23,-1.5986198278573842,-1.5520192980766296
0,single_feature_dominant_freq,24,-1.614273896584144,-1.5144249200820925
0,single_feature_dominant_freq,25,-1.6299826915447528,-1.5781972408294678
0,single_feature_dominant_freq,26,-1.647197127342224,-1.5735597610473633
0,single_feature_dominant_freq,27,-1.654405437982999,-1.5935282707214355
0,single_feature_dominant_freq,28,-1.6716771584290724,-1.5695342421531675
0,single_feature_dominant_freq,29,-1.6830016374588013,-1.5886270403862
0,single_feature_dominant_freq,30,-1.6962590584388146,-1.5897778272628784
0,single_feature_dominant_freq,31,-1.6956041776216948,-1.561973214149475
0,single_feature_dominant_freq,32,-1.696883779305678,-1.6317446827888489
0,single_feature_dominant_freq,33,-1.723041947071369,-1.636698842048645
0,single_feature_dominant_freq,34,-1.737790162746723,-1.6202952861785889
0,single_feature_dominant_freq,35,-1.757990607848534,-1.6535708904266355
0,single_feature_dominant_freq,36,-1.765963435173035,-1.6743109226226809
0,single_feature_dominant_freq,37,-1.7469521302443285,-1.676794946193695
0,single_feature_dominant_freq,38,-1.7682605615028968,-1.6833074688911438
0,single_feature_dominant_freq,39,-1.7752778163323035,-1.6971259713172913
0,single_feature_dominant_freq,40,-1.7978238784349885,-1.609473466873169
0,single_feature_dominant_freq,41,-1.7817275065642135,-1.6763629913330078
0,single_feature_dominant_freq,42,-1.80886971950531,-1.7314110398292542
0,single_feature_dominant_freq,43,-1.8320790345852191,-1.7298772931098938
0,single_feature_dominant_freq,44,-1.845945303256695,-1.7545726895332336
0,single_feature_dominant_freq,45,-1.8451691957620475,-1.7050713896751404
0,single_feature_dominant_freq,46,-1.853922257056603,-1.7305623292922974
0,single_feature_dominant_freq,47,-1.857115048628587,-1.7264275550842283
0,single_feature_dominant_freq,48,-1.826379455052889,-1.7424867749214172
0,single_feature_dominant_freq,49,-1.8440328653042133,-1.7093381881713867
0,single_feature_dominant_freq,50,-1.8614108379070573,-1.7558250427246094
0,single_feature_dominant_freq,51,-1.887007869206942,-1.7551340460777285
0,single_feature_dominant_freq,52,-1.883045691710252,-1.77582848072052
0,single_feature_dominant_freq,53,-1.8964964059683,-1.7500333786010742
0,single_feature_dominant_freq,54,-1.909980709736164,-1.7752162218093872
0,single_feature_dominant_freq,55,-1.9111305475234983,-1.7423597574234009
0,single_feature_dominant_freq,56,-1.9119827563946064,-1.781130075454712
0,single_feature_dominant_freq,57,-1.9234737249521108,-1.7771353721618652
0,single_feature_dominant_freq,58,-1.9248723158469567,-1.7830718159675598
0,single_feature_dominant_freq,59,-1.9283874401679408,-1.7946827411651611
0,single_feature_dominant_freq,60,-1.939755338888902,-1.806808888912201
0,single_feature_dominant_freq,61,-1.942031640272874,-1.8139592409133911
0,single_feature_dominant_freq,62,-1.953101607469412,-1.7677485942840576
0,single_feature_dominant_freq,63,-1.954584057514484,-1.81030935049057
0,single_feature_dominant_freq,64,-1.941368423975431,-1.81249076128006
0,single_feature_dominant_freq,65,-1.955498851262606,-1.8117817640304563
0,single_feature_dominant_freq,66,-1.976301257426922,-1.831249475479126
0,single_feature_dominant_freq,67,-1.974583506584168,-1.848103106021881
0,single_feature_dominant_freq,68,-1.9746916385797355,-1.8211650848388672
0,single_feature_dominant_freq,69,-1.9581446372545683,-1.8099541068077087
0,single_feature_dominant_freq,70,-1.955853663958036,-1.7833576202392578
0,single_feature_dominant_freq,71,-1.9417529381238496,-1.852227807044983
0,single_feature_dominant_freq,72,-1.968978973535391,-1.8027381300926208
0,single_feature_dominant_freq,73,-1.9702120102368867,-1.850596368312836
0,single_feature_dominant_freq,74,-1.9964575309019823,-1.856313705444336
0,single_feature_dominant_freq,75,-1.994371698452876,-1.8804002404212952
0,single_feature_dominant_freq,76,-1.9894707569709191,-1.866408944129944
0,single_feature_dominant_freq,77,-2.0077759394278893,-1.8607951402664185
0,single_feature_dominant_freq,78,-2.0273913328464213,-1.8521345257759088
0,single_feature_dominant_freq,79,-2.016134528013376,-1.89009827375412
0,single_feature_dominant_freq,80,-2.012468227973351,-1.8799142837524407
0,single_feature_dominant_freq,81,-2.0327048301696777,-1.8379912376403809
0,single_feature_dominant_freq,82,-2.0120640442921567,-1.8699930310249329
0,single_feature_dominant_freq,83,-2.0308524736991296,-1.87224555015564
0,single_feature_dominant_freq,84,-2.0292403239470262,-1.833178460597992
0,single_feature_dominant_freq,85,-2.049823861855727,-1.8509074449539185
0,single_feature_dominant_freq,86,-2.0242038048230686,-1.848853290081024
0,single_feature_dominant_freq,87,-2.036117324462304,-1.862746834754944
0,single_feature_dominant_freq,88,-2.036183999134944,-1.8492915630340576
0,single_feature_dominant_freq,89,-2.038375267615685,-1.8316708207130432
0,single_feature_dominant_freq,90,-2.021341461401719,-1.859968185424805
0,single_feature_dominant_freq,91,-2.0486761881754947,-1.912086546421051
0,single_feature_dominant_freq,92,-2.046929515325106,-1.877475380897522
0,single_feature_dominant_freq,93,-2.04281118282905,-1.8860138058662408
0,single_feature_dominant_freq,94,-2.052889869763301,-1.882509589195252
0,single_feature_dominant_freq,95,-2.048364382523757,-1.901867151260376
0,single_feature_dominant_freq,96,-2.0473564129609327,-1.879672169685364
0,single_feature_dominant_freq,97,-2.063006419401902,-1.8945854902267456
0,single_feature_dominant_freq,98,-2.061713512127216,-1.8814886212348936
0,single_feature_dominant_freq,99,-2.072967235858624,-1.8820073008537288
0,single_feature_dominant_freq,100,-2.059846960581266,-1.8824079036712649
0,single_feature_dominant_freq,101,-2.065970787635216,-1.841212332248688
0,single_feature_dominant_freq,102,-2.0730989896334133,-1.8400866985321045
0,single_feature_dominant_freq,103,-2.0700797667870154,-1.892584562301636
0,single_feature_dominant_freq,104,-2.0634996707622824,-1.838748037815094
0,single_feature_dominant_freq,105,-2.0267326831817627,-1.885678827762604
0,single_feature_dominant_freq,106,-2.07647914152879,-1.899208962917328
0,single_feature_dominant_freq,107,-2.0729682445526123,-1.9065386056900024
0,single_feature_dominant_freq,108,-2.0969540706047645,-1.909549295902252
0,single_feature_dominant_freq,109,-2.0980008198664737,-1.926653504371643
0,single_feature_dominant_freq,110,-2.105026135077843,-1.8760956525802608
0,single_feature_dominant_freq,111,-2.088580003151527,-1.912159502506256
0,single_feature_dominant_freq,112,-2.1051065738384542,-1.9283949136734009
0,single_feature_dominant_freq,113,-2.103555165804349,-1.907041072845459
0,single_feature_dominant_freq,114,-2.1010629580571103,-1.908293187618256
0,single_feature_dominant_freq,115,-2.0716670017976027,-1.878365993499756
0,single_feature_dominant_freq,116,-2.071838296376742,-1.8607250452041624
0,single_feature_dominant_freq,117,-2.081177528087909,-1.9206434488296509
0,single_feature_dominant_freq,118,-2.115779729989858,-1.9066588282585144
0,single_feature_dominant_freq,119,-2.1251051242534933,-1.8888887763023376
0,single_feature_dominant_freq,120,-2.1255535162412205,-1.904177486896515
0,single_feature_dominant_freq,121,-2.123685488334069,-1.912861704826355
0,single_feature_dominant_freq,122,-2.129865499643179,-1.907825767993927
0,single_feature_dominant_freq,123,-2.1337797733453603,-1.8720360398292544
0,single_feature_dominant_freq,124,-2.1316841749044566,-1.923270761966705
0,single_feature_dominant_freq,125,-2.0956758902623105,-1.8009689450263977
0,single_feature_dominant_freq,126,-2.104346587107732,-1.9070307612419128
0,single_feature_dominant_freq,127,-2.121413368445176,-1.9166827201843264
0,single_feature_dominant_freq,128,-2.145501741996178,-1.90844601392746
0,single_feature_dominant_freq,129,-2.1273239025702844,-1.876144766807556
0,single_feature_dominant_freq,130,-2.135856591738188,-1.8634761571884155
0,single_feature_dominant_freq,131,-2.129441316311176,-1.91554605960846
0,single_feature_dominant_freq,132,-2.115816721549401,-1.865186631679535
0,single_feature_dominant_freq,133,-2.121330738067627,-1.8856354355812075
0,single_feature_dominant_freq,134,-2.06301277417403,-1.9300956726074217
0,single_feature_dominant_freq,135,-2.1476216316223145,-1.9198291301727293
0,single_feature_dominant_freq,136,-2.150246711877676,-1.859433114528656
0,single_feature_dominant_freq,137,-2.1396267047295203,-1.9410505890846248
0,single_feature_dominant_freq,138,-2.1487582463484545,-1.9126833081245425
0,single_feature_dominant_freq,139,-2.1437629736386814,-1.8489049077034
0,single_feature_dominant_freq,140,-2.1135390171637902,-1.879127621650696
0,single_feature_dominant_freq,141,-2.145846568621122,-1.9198197722435
0,single_feature_dominant_freq,142,-2.157477085406964,-1.898808896541596
0,single_feature_dominant_freq,143,-2.147234293130728,-1.9038301706314087
0,single_feature_dominant_freq,144,-2.14097496179434,-1.9059748649597168
0,single_feature_dominant_freq,145,-2.157898316016564,-1.8565518856048584
0,single_feature_dominant_freq,146,-2.1654638143686147,-1.90810775756836
0,single_feature_dominant_freq,147,-2.1616661732013407,-1.889454960823059
0,single_feature_dominant_freq,148,-2.1632846868955173,-1.9217265248298645
0,single_feature_dominant_freq,149,-2.1456715693840613,-1.9132259488105767
0,single_feature_dominant_freq,150,-2.1498097639817457,-1.9216033816337583
0,single_feature_dominant_freq,151,-2.1708554854759803,-1.850499212741852
0,single_feature_dominant_freq,152,-2.164940577286941,-1.888056755065918
0,single_feature_dominant_freq,153,-2.1656942184154806,-1.933051586151123
0,single_feature_dominant_freq,154,-2.1351259855123668,-1.8818765878677368
0,single_feature_dominant_freq,155,-2.143290721453153,-1.8638871312141416
0,single_feature_dominant_freq,156,-2.160890707602868,-1.9035526514053345
0,single_feature_dominant_freq,157,-2.1089860017483053,-1.911550760269165
0,single_feature_dominant_freq,158,-2.158099412918091,-1.8374698758125303
0,single_feature_dominant_freq,159,-2.171919620954073,-1.929161071777344
0,single_feature_dominant_freq,160,-2.1770104444943943,-1.90493643283844
0,single_feature_dominant_freq,161,-2.1838114995222826,-1.930619478225708
0,single_feature_dominant_freq,162,-2.178317803602952,-1.917276859283448
0,single_feature_hjorth_mobility,0,0.0386880785943223,-0.2482630982995033
0,single_feature_hjorth_mobility,1,-0.3831888162172757,-0.4527808725833893
0,single_feature_hjorth_mobility,2,-0.5729190065310552,-0.6336168646812439
0,single_feature_hjorth_mobility,3,-0.7415967858754672,-0.7894024848937988
0,single_feature_hjorth_mobility,4,-0.8940904369721046,-0.9583439230918884
0,single_feature_hjorth_mobility,5,-1.0558863832400396,-1.0839697122573853
0,single_feature_hjorth_mobility,6,-1.194836323077862,-1.2467513680458069
0,single_feature_hjorth_mobility,7,-1.348744328205402,-1.3921305537223816
0,single_feature_hjorth_mobility,8,-1.5068126641787016,-1.5862717032432556
0,single_feature_hjorth_mobility,9,-1.6330197957845836,-1.6411110162734983
0,single_feature_hjorth_mobility,10,-1.7607667996333196,-1.770246684551239
0,single_feature_hjorth_mobility,11,-1.85500939992758,-1.815631628036499
0,single_feature_hjorth_mobility,12,-1.930631160736084,-1.9756866693496704
0,single_feature_hjorth_mobility,13,-2.0289603013258715,-2.0091786980628967
0,single_feature_hjorth_mobility,14,-2.124655741911668,-2.152853488922119
0,single_feature_hjorth_mobility,15,-2.2280392463390646,-2.256627678871155
0,single_feature_hjorth_mobility,16,-1.997282468355619,-2.137207508087158
0,single_feature_hjorth_mobility,17,-2.118096764271076,-1.950894057750702
0,single_feature_hjorth_mobility,18,-1.9961326397382293,-1.722455382347107
0,single_feature_hjorth_mobility,19,-2.0622037924253025,-2.0780731439590454
0,single_feature_hjorth_mobility,20,-2.156250055019672,-2.297345757484436
0,single_feature_hjorth_mobility,21,-2.228240517469553,-1.8950523734092712
0,single_feature_hjorth_mobility,22,-2.1492027319394627,-2.077388882637024
0,single_feature_hjorth_mobility,23,-2.201118588447571,-2.382180333137512
0,single_feature_hjorth_mobility,24,-2.36289094044612,-2.390315890312195
0,single_feature_hjorth_mobility,25,-2.4156456543849063,-2.32322609424591
0,single_feature_hjorth_mobility,26,-2.424460557790903,-2.5050429105758667
0,single_feature_hjorth_mobility,27,-2.4422698754530687,-2.491483926773072
0,single_feature_hjorth_mobility,28,-2.492639394906851,-2.37501072883606
0,single_feature_hjorth_mobility,29,-2.505138012079092,-2.5173171758651733
0,single_feature_hjorth_mobility,30,-2.535770764717689,-2.4999687671661377
0,single_feature_hjorth_mobility,31,-2.546176837040828,-2.484442353248596
0,single_feature_hjorth_mobility,32,-2.5532631140488844,-2.590375304222107
0,single_feature_hjorth_mobility,33,-2.581064792779776,-2.5680421590805054
0,single_feature_hjorth_mobility,34,-2.601563490354098,-2.564801573753357
0,single_feature_hjorth_mobility,35,-2.614401175425603,-2.621865153312683
0,single_feature_hjorth_mobility,36,-2.624343376893264,-2.620591163635254
0,single_feature_hjorth_mobility,37,-2.6477742195129395,-2.4847840070724487
0,single_feature_hjorth_mobility,38,-2.642040014266968,-2.683973908424377
0,single_feature_hjorth_mobility,39,-2.6805509603940525,-2.70601773262024
0,single_feature_hjorth_mobility,40,-2.6852081555586595,-2.5871797800064087
0,single_feature_hjorth_mobility,41,-2.708021347339337,-2.738847255706787
0,single_feature_hjorth_mobility,42,-2.718736226742084,-2.689153790473938
0,single_feature_hjorth_mobility,43,-2.716558291361882,-2.581484317779541
0,single_feature_hjorth_mobility,44,-2.719586335695707,-2.7076869010925293
0,single_feature_hjorth_mobility,45,-2.7537007882044864,-2.7028839588165283
0,single_feature_hjorth_mobility,46,-2.7483757642599254,-2.757406949996948
0,single_feature_hjorth_mobility,47,-2.764120560425978,-2.772370457649231
0,single_feature_hjorth_mobility,48,-2.7831412095289965,-2.7752000093460083
0,single_feature_hjorth_mobility,49,-2.7834273485037,-2.6578528881073
0,single_feature_hjorth_mobility,50,-2.803400241411649,-2.8225252628326416
0,single_feature_hjorth_mobility,51,-2.801879020837637,-2.8209182024002075
0,single_feature_hjorth_mobility,52,-2.8215387234321008,-2.765791416168213
0,single_feature_hjorth_mobility,53,-2.826573206828191,-2.8519445657730103
0,single_feature_hjorth_mobility,54,-2.835026355890127,-2.887791633605957
0,single_feature_hjorth_mobility,55,-2.8625450134277344,-2.7425020933151245
0,single_feature_hjorth_mobility,56,-2.841349069888776,-2.906652808189392
0,single_feature_hjorth_mobility,57,-2.876122071192815,-2.846967458724976
0,single_feature_hjorth_mobility,58,-2.8659838896531324,-2.689792037010193
0,single_feature_hjorth_mobility,59,-2.8678045639624963,-2.918841361999512
0,single_feature_hjorth_mobility,60,-2.889968890410203,-2.8640356063842773
0,single_feature_hjorth_mobility,61,-2.8940746234013486,-2.8407328128814697
0,single_feature_hjorth_mobility,62,-2.897652589357816,-2.929243922233581
0,single_feature_hjorth_mobility,63,-2.918554049271804,-2.878328323364258
0,single_feature_hjorth_mobility,64,-2.935113319983849,-2.7615736722946167
0,single_feature_hjorth_mobility,65,-2.9101165991563063,-2.9793143272399902
0,single_feature_hjorth_mobility,66,-2.9908999112936168,-2.927146077156067
0,single_feature_hjorth_mobility,67,-2.9744374568645773,-3.036515235900879
0,single_feature_hjorth_mobility,68,-2.933344529225276,-2.5973390340805054
0,single_feature_hjorth_mobility,69,-2.976122342623197,-2.966596364974976
0,single_feature_hjorth_mobility,70,-2.995142789987417,-2.9779635667800903
0,single_feature_hjorth_mobility,71,-2.946751961341271,-2.911546230316162
0,single_feature_hjorth_mobility,72,-2.9479484741504374,-2.6690534353256226
0,single_feature_hjorth_mobility,73,-2.938501394712008,-3.014728665351868
0,single_feature_hjorth_mobility,74,-2.9536022589756894,-3.018830895423889
0,single_feature_hjorth_mobility,75,-2.991366771551279,-2.859822154045105
0,single_feature_hjorth_mobility,76,-2.9831237426170936,-2.9872480630874634
0,single_feature_hjorth_mobility,77,-2.985354937039889,-3.0906360149383545
0,single_feature_hjorth_mobility,78,-2.9836296485020566,-3.0410858392715454
0,single_feature_hjorth_mobility,79,-3.0710959067711463,-2.9980251789093018
0,single_feature_hjorth_mobility,80,-3.0362297755021315,-2.9957367181777954
0,single_feature_hjorth_mobility,81,-2.9484778000758243,-2.296706438064575
0,single_feature_hjorth_mobility,82,-2.8424001657045803,-3.034264326095581
0,single_feature_hjorth_mobility,83,-2.9822619328132043,-2.78971266746521
0,single_feature_hjorth_mobility,84,-2.948288679122925,-2.963829517364502
0,single_feature_hjorth_mobility,85,-3.028235545525184,-3.067738890647888
0,single_feature_hjorth_mobility,86,-3.054644694695106,-3.031869649887085
0,single_feature_hjorth_mobility,87,-3.078830829033485,-2.7803142070770264
0,single_feature_hjorth_mobility,88,-3.0501949053544264,-3.0525847673416138
0,single_feature_hjorth_mobility,89,-3.0823205617757945,-2.9755475521087646
0,single_feature_hjorth_mobility,90,-3.081811813207773,-2.887901782989502
0,single_feature_hjorth_mobility,91,-3.070678215760452,-3.1066248416900635
0,single_feature_hjorth_mobility,92,-3.0983280952160177,-3.062194347381592
0,single_feature_hjorth_mobility,93,-3.112278608175425,-2.977017402648926
0,single_feature_hjorth_mobility,94,-3.091946381788987,-3.130889177322388
0,single_feature_hjorth_mobility,95,-3.092365209872906,-3.107303500175476
0,single_feature_hjorth_mobility,96,-3.1086067969982443,-2.8684818744659424
0,single_feature_hjorth_mobility,97,-3.0986657326038065,-3.076352953910828
0,single_feature_hjorth_mobility,98,-3.11041967685406,-3.066047430038452
0,single_feature_hjorth_mobility,99,-3.1134408987485447,-2.8686002492904663
0,single_feature_hjorth_mobility,100,-3.1095220125638523,-3.082192897796631
0,single_feature_hjorth_mobility,101,-3.117332495175875,-3.061637043952942
0,single_feature_hjorth_mobility,102,-3.109188519991361,-2.9879459142684937
0,single_feature_hjorth_mobility,103,-3.119857201209435,-3.089466094970703
0,single_feature_hjorth_mobility,104,-3.037453247950628,-3.0120609998703003
0,single_feature_hjorth_mobility,105,-3.14629576756404,-3.135250210762024
0,single_feature_hjorth_mobility,106,-3.193141662157499,-3.1530470848083496
0,single_feature_hjorth_mobility,107,-3.2242574324974647,-3.1444928646087646
0,single_feature_hjorth_mobility,108,-3.2436034129216123,-3.1467608213424683
0,single_feature_hjorth_mobility,109,-3.2363058787125807,-3.130581736564636
0,single_feature_hjorth_mobility,110,-3.1743798439319315,-2.9459290504455566
0,single_feature_hjorth_mobility,111,-2.959970290844257,-2.898905396461487
0,single_feature_hjorth_mobility,112,-3.108991787983821,-3.128691911697388
0,single_feature_hjorth_mobility,113,-3.249832171660203,-3.1841312646865845
0,single_feature_hjorth_mobility,114,-3.239422009541438,-3.172018885612488
0,single_feature_hjorth_mobility,115,-3.0920037856468787,-3.013185858726501
0,single_feature_hjorth_mobility,116,-3.1989369025597205,-3.183745861053467
0,single_feature_hjorth_mobility,117,-3.239651863391583,-3.219702959060669
0,single_feature_hjorth_mobility,118,-3.2511159640092115,-3.1365504264831543
0,single_feature_hjorth_mobility,119,-3.22900836284344,-3.1597079038619995
0,single_feature_hjorth_mobility,120,-3.273380738038284,-3.162578701972961
0,single_feature_hjorth_mobility,121,-3.2916919451493483,-3.2589977979660034
0,single_feature_hjorth_mobility,122,-3.271584877601037,-3.173733353614807
0,single_feature_hjorth_mobility,123,-3.3041791915893555,-3.203033447265625
0,single_feature_hjorth_mobility,124,-3.3011430226839504,-3.234304428100586
0,single_feature_hjorth_mobility,125,-3.3193533420562744,-3.084047794342041
0,single_feature_hjorth_mobility,126,-3.2905521392822266,-3.199570655822754
0,single_feature_hjorth_mobility,127,-3.3258811693925123,-3.240116834640503
0,single_feature_hjorth_mobility,128,-3.306098277752216,-3.191563963890076
0,single_feature_hjorth_mobility,129,-3.311189431410569,-3.263709783554077
0,single_feature_hjorth_mobility,130,-3.331935002253606,-3.14179265499115
0,single_feature_hjorth_mobility,131,-3.341000722004817,-3.271224856376648
0,single_feature_hjorth_mobility,132,-3.337592876874484,-3.2884351015090942
0,single_feature_hjorth_mobility,133,-3.156313180923462,-3.1697068214416504
0,single_feature_hjorth_mobility,134,-3.160151628347544,-3.1212602853775024
0,single_feature_hjorth_mobility,135,-3.237161012796255,-3.1015162467956543
0,single_feature_hjorth_mobility,136,-3.300831904778114,-3.2416077852249146
0,single_feature_hjorth_mobility,137,-3.3646492774669943,-3.2411646842956543
0,single_feature_hjorth_mobility,138,-3.324751670543964,-3.324371814727783
0,single_feature_hjorth_mobility,139,-3.3455714812645545,-3.2888071537017822
0,single_feature_hjorth_mobility,140,-3.3248455341045675,-3.0595473051071167
0,single_feature_hjorth_mobility,141,-3.229920625686645,-3.001777052879333
0,single_feature_hjorth_mobility,142,-3.285064128729013,-3.2487101554870605
0,single_feature_hjorth_mobility,143,-3.264859676361084,-3.069418787956238
0,single_feature_hjorth_mobility,144,-3.2621009533221903,-3.00964093208313
0,single_feature_hjorth_mobility,145,-3.278208475846511,-3.3128159046173096
0,single_feature_hjorth_mobility,146,-3.2526999436891995,-3.2055280208587646
0,single_feature_hjorth_mobility,147,-3.303066327021672,-3.2301687002182007
0,single_feature_hjorth_mobility,148,-3.364501769726093,-3.30146598815918
0,single_feature_hjorth_mobility,149,-3.3824589252471924,-3.205311417579651
0,single_feature_hjorth_mobility,150,-3.353795693470881,-3.2790801525115967
0,single_feature_hjorth_mobility,151,-3.3655339571145864,-3.215900182723999
0,single_feature_hjorth_mobility,152,-3.394260369814359,-3.3079954385757446
0,single_feature_hjorth_mobility,153,-3.378053225003756,-3.0502800941467285
0,single_feature_hjorth_mobility,154,-3.313205627294688,-3.118603467941284
0,single_feature_hjorth_mobility,155,-3.377286984370305,-3.355867385864258
0,single_feature_hjorth_mobility,156,-3.417012673157912,-3.272357225418091
0,single_feature_hjorth_mobility,157,-3.3791444851801944,-3.352797269821167
0,single_feature_hjorth_mobility,158,-3.404272097807664,-3.335928082466125
0,single_feature_hjorth_mobility,159,-3.4046978767101583,-3.363890528678894
0,single_feature_hjorth_mobility,160,-3.465149127520048,-3.347843289375305
0,single_feature_hjorth_mobility,161,-3.417126728938176,-3.2487215995788574
0,single_feature_hjorth_mobility,162,-3.42991696871244,-3.1199913024902344
0,single_feature_hjorth_mobility,163,-3.404375149653508,-3.362169623374939
0,single_feature_hjorth_mobility,164,-3.3387631269601674,-3.252591133117676
0,single_feature_hjorth_mobility,165,-3.3836136231055627,-3.3530569076538086
0,single_feature_hjorth_mobility,166,-3.326418014673086,-3.047670841217041
0,single_feature_hjorth_mobility,167,-3.334381837111253,-3.348752975463867
0,single_feature_hjorth_mobility,168,-3.373909436739408,-3.2273590564727783
0,single_feature_hjorth_mobility,169,-3.357194276956412,-2.975904583930969
0,single_feature_hjorth_mobility,170,-3.331820799754216,-3.306216835975647
0,single_feature_hjorth_mobility,171,-3.3459837436676025,-3.267575263977051
0,single_feature_hjorth_mobility,172,-3.368604605014508,-3.1963199377059937
0,single_feature_hjorth_mobility,173,-3.4100709695082445,-3.1860541105270386
0,single_feature_hjorth_mobility,174,-3.3263511657714844,-3.264913558959961
0,single_feature_hjorth_mobility,175,-3.391510431583112,-3.143581509590149
0,single_feature_hjorth_mobility,176,-3.3477775133573093,-3.081307888031006
0,single_feature_hjorth_mobility,177,-3.384151183641874,-3.34026038646698
0,single_feature_hjorth_mobility,178,-3.3871332498697133,-3.2019883394241333
0,single_feature_hjorth_mobility,179,-3.3772929998544545,-3.2256343364715576
0,single_feature_hjorth_mobility,180,-3.386705673657931,-3.302606463432312
0,single_feature_hjorth_mobility,181,-3.432192930808434,-3.258376359939575
0,single_feature_hjorth_mobility,182,-3.464340870197003,-3.330441236495972
0,single_feature_hjorth_mobility,183,-3.4794407991262584,-3.38443386554718
0,single_feature_hjorth_mobility,184,-3.490080026479868,-3.2651525735855103
0,single_feature_hjorth_mobility,185,-3.2554325690636268,-3.1964988708496094
0,single_feature_hjorth_mobility,186,-3.362379055756789,-3.3652358055114746
0,single_feature_hjorth_mobility,187,-3.487332142316378,-3.017131328582764
0,single_feature_hjorth_mobility,188,-3.332141692821796,-3.184198021888733
0,single_feature_hjorth_mobility,189,-3.4225669457362247,-3.369214534759521
0,single_feature_hjorth_mobility,190,-3.469896518267118,-3.304653644561768
0,single_feature_hjorth_mobility,191,-3.434542435866136,-3.304906487464905
0,single_feature_hjorth_mobility,192,-3.4058264769040623,-3.326478958129883
0,single_feature_hjorth_mobility,193,-3.502197100565984,-3.381577253341675
0,single_feature_hjorth_mobility,194,-3.4311192219073954,-3.147730827331543
0,single_feature_hjorth_mobility,195,-3.399789315003616,-3.300760865211487
0,single_feature_hjorth_mobility,196,-3.4223573758051944,-3.276467084884644
0,single_feature_hjorth_mobility,197,-3.519497853059036,-3.404983878135681
0,single_feature_hjorth_mobility,198,-3.4774054013765774,-3.288816213607788
0,single_feature_hjorth_mobility,199,-3.5087766647338867,-3.3774969577789307
0,single_feature_hjorth_mobility,200,-3.5210328835707445,-3.399556875228882
0,single_feature_hjorth_mobility,201,-3.493169802885789,-3.364354133605957
0,single_feature_hjorth_mobility,202,-3.512117129105788,-3.332665085792541
0,single_feature_hjorth_mobility,203,-3.5347336255587063,-3.4157330989837646
0,single_feature_hjorth_mobility,204,-3.505178396518414,-3.3807085752487183
0,single_feature_hjorth_mobility,205,-3.540197940973135,-3.234959840774536
0,single_feature_hjorth_mobility,206,-3.5095175412985,-3.423182487487793
0,single_feature_hjorth_mobility,207,-3.5422729895665097,-3.3987183570861816
0,single_feature_hjorth_mobility,208,-3.5611039125002346,-3.407460927963257
0,single_feature_hjorth_mobility,209,-3.510465933726384,-3.3534650802612305
0,single_feature_hjorth_mobility,210,-3.5247133328364444,-3.3403661251068115
0,single_feature_hjorth_mobility,211,-3.5310191007760854,-3.331613540649414
0,single_feature_hjorth_mobility,212,-3.5283584778125467,-3.425418972969055
0,single_feature_hjorth_mobility,213,-3.5906279270465555,-3.3926843404769897
0,single_feature_hjorth_mobility,214,-3.459334135055542,-3.236600756645202
0,single_feature_hjorth_mobility,215,-3.506967856333806,-3.354580998420716
0,single_feature_hjorth_mobility,216,-3.600859605349027,-3.3524889945983887
0,single_feature_hjorth_mobility,217,-3.5384302139282227,-3.4002530574798584
0,single_feature_hjorth_mobility,218,-3.566986707540659,-3.37080979347229
0,single_feature_hjorth_mobility,219,-3.564279079437256,-3.3768253326416016
0,single_feature_hjorth_mobility,220,-3.5601971332843485,-3.39769446849823
0,single_feature_hjorth_mobility,221,-3.457921468294584,-3.315599083900452
0,single_feature_hjorth_mobility,222,-3.498092247889592,-3.36203134059906
0,single_feature_hjorth_mobility,223,-3.517024810497577,-3.420167088508606
0,single_feature_hjorth_mobility,224,-3.470122502400325,-3.3783886432647705
0,single_feature_hjorth_mobility,225,-3.5957925686469445,-3.331448197364807
0,single_feature_hjorth_mobility,226,-3.586709114221426,-3.397003412246704
0,single_feature_hjorth_mobility,227,-3.528248310089112,-3.263661026954651
0,single_feature_hjorth_mobility,228,-3.47232906634991,-3.26099956035614
0,single_feature_hjorth_mobility,229,-3.531689698879535,-3.350207090377808
0,single_feature_hjorth_mobility,230,-3.578216552734375,-3.3920764923095703
0,single_feature_hjorth_mobility,231,-3.5887771936563344,-3.4366257190704346
0,single_feature_hjorth_mobility,232,-3.5191870652712307,-3.43330192565918
0,single_feature_hjorth_mobility,233,-3.601529359817505,-3.3443528413772583
0,single_feature_hjorth_mobility,234,-3.575221685262827,-3.411786794662476
0,single_feature_hjorth_mobility,235,-3.53174037199754,-3.4036498069763184
0,single_feature_hjorth_mobility,236,-3.524819355744582,-3.2740025520324707
0,single_feature_hjorth_mobility,237,-3.53931003350478,-3.3583226203918457
0,single_feature_hjorth_mobility,238,-3.5888050886300893,-3.421553373336792
0,single_feature_hjorth_mobility,239,-3.5691605714651256,-3.3933459520339966
0,single_feature_hjorth_mobility,240,-3.517838588127723,-3.1940066814422607
0,single_feature_hjorth_mobility,241,-3.4911468029022217,-3.364657759666443
0,single_feature_hjorth_mobility,242,-3.575284774486835,-3.449471592903137
0,single_feature_hjorth_mobility,243,-3.631854552489061,-3.35689640045166
0,single_feature_hjorth_mobility,244,-3.5676463750692515,-3.251140594482422
0,single_feature_hjorth_mobility,245,-3.5728585720062256,-3.4257445335388184
0,single_feature_hjorth_mobility,246,-3.584696971453153,-3.34468150138855
0,single_feature_hjorth_mobility,247,-3.6206324650691104,-3.425226092338562
0,single_feature_hjorth_mobility,248,-3.602193208841177,-3.462092876434326
0,single_feature_hjorth_mobility,249,-3.615907925825853,-3.3602219820022583
0,single_feature_hjorth_mobility,250,-3.644441421215351,-3.416435122489929
0,single_feature_hjorth_mobility,251,-3.609130474237295,-3.3067166805267334
0,single_feature_hjorth_mobility,252,-3.544961617543147,-3.218379259109497
0,single_feature_hjorth_mobility,253,-3.603802937727708,-3.4965821504592896
0,single_feature_hjorth_mobility,254,-3.62997475037208,-3.425971865653992
0,single_feature_hjorth_mobility,255,-3.661136352098905,-3.4694063663482666
0,single_feature_hjorth_mobility,256,-3.64394736289978,-3.3538737297058105
0,single_feature_hjorth_mobility,257,-3.614314702840952,-3.420046448707581
0,single_feature_hjorth_mobility,258,-3.5868585659907413,-3.1919968128204346
0,single_feature_hjorth_mobility,259,-3.5009207175328183,-3.3503222465515137
0,single_feature_hjorth_mobility,260,-3.651775103348952,-3.3716806173324585
0,single_feature_hjorth_mobility,261,-3.535943838266226,-3.248347282409668
0,single_feature_hjorth_mobility,262,-3.558891699864314,-3.3982739448547363
0,single_feature_hjorth_mobility,263,-3.636990895638099,-3.4602596759796143
0,single_feature_hjorth_mobility,264,-3.649116791211642,-3.481390476226806
0,single_feature_hjorth_mobility,265,-3.585998223378108,-3.35447609424591
0,single_feature_hjorth_mobility,266,-3.623252850312453,-3.3852940797805786
0,single_feature_hjorth_mobility,267,-3.6435512946202206,-3.1941580772399902
0,single_feature_hjorth_mobility,268,-3.3089816020085263,-3.4405791759490967
0,single_feature_hjorth_mobility,269,-3.295520525712233,-3.20853328704834
0,single_feature_hjorth_mobility,270,-3.514032950768104,-3.4119441509246826
0,single_feature_hjorth_mobility,271,-3.588088127282949,-3.4523314237594604
0,single_feature_hjorth_mobility,272,-3.555408697861892,-3.337793469429016
0,single_feature_hjorth_mobility,273,-3.539169843380268,-3.368478775024414
0,single_feature_hjorth_mobility,274,-3.636757593888503,-3.390491843223572
0,single_feature_hjorth_mobility,275,-3.667081209329458,-3.407470464706421
0,single_feature_hjorth_mobility,276,-3.5936469114743748,-3.395658731460572
0,single_feature_hjorth_mobility,277,-3.643210374391996,-3.409582257270813
0,single_feature_hjorth_mobility,278,-3.654091908381536,-3.3801811933517456
0,single_feature_hjorth_complexity,0,0.0699763760830347,-0.2009060382843017
0,single_feature_hjorth_complexity,1,-0.3169711484358861,-0.4320521056652069
0,single_feature_hjorth_complexity,2,-0.4914450072325192,-0.5863156616687775
0,single_feature_hjorth_complexity,3,-0.6115662088760963,-0.6893340051174164
0,single_feature_hjorth_complexity,4,-0.7388343811035156,-0.8485171794891357
0,single_feature_hjorth_complexity,5,-0.8811614421697763,-0.9703735709190368
0,single_feature_hjorth_complexity,6,-1.0412946756069477,-1.1498172283172607
0,single_feature_hjorth_complexity,7,-1.1745403179755578,-1.272835612297058
0,single_feature_hjorth_complexity,8,-1.3112538227668176,-1.4085165858268738
0,single_feature_hjorth_complexity,9,-1.4200878968605628,-1.5211449265480042
0,single_feature_hjorth_complexity,10,-1.530032753944397,-1.6300925612449646
0,single_feature_hjorth_complexity,11,-1.627506421162532,-1.7191314697265625
0,single_feature_hjorth_complexity,12,-1.701931779201214,-1.7760580778121948
0,single_feature_hjorth_complexity,13,-1.7595592095301702,-1.8719056844711304
0,single_feature_hjorth_complexity,14,-1.790058163496164,-1.8817001581192017
0,single_feature_hjorth_complexity,15,-1.8649000387925367,-1.9454912543296807
0,single_feature_hjorth_complexity,16,-1.913512376638559,-1.94554740190506
0,single_feature_hjorth_complexity,17,-1.9246511734448943,-1.8471884727478027
0,single_feature_hjorth_complexity,18,-1.932345316960261,-2.030291080474853
0,single_feature_hjorth_complexity,19,-1.977976349683908,-2.0233075618743896
0,single_feature_hjorth_complexity,20,-2.027254205483657,-2.1043641567230225
0,single_feature_hjorth_complexity,21,-2.092472489063556,-2.134562969207764
0,single_feature_hjorth_complexity,22,-2.1143456055567813,-2.0865529775619507
0,single_feature_hjorth_complexity,23,-2.1251213183769813,-2.194356203079224
0,single_feature_hjorth_complexity,24,-2.130977593935453,-2.1410913467407227
0,single_feature_hjorth_complexity,25,-2.175567480234,-2.2387105226516724
0,single_feature_hjorth_complexity,26,-2.1797485534961405,-2.259032249450684
0,single_feature_hjorth_complexity,27,-2.2215232115525465,-2.131051540374756
0,single_feature_hjorth_complexity,28,-2.2496075813586893,-2.143551468849182
0,single_feature_hjorth_complexity,29,-2.250126673625066,-2.277816772460937
0,single_feature_hjorth_complexity,30,-2.3021226662855883,-2.318040132522583
0,single_feature_hjorth_complexity,31,-2.3316812882056603,-2.3125030994415283
0,single_feature_hjorth_complexity,32,-2.326516371506912,-2.319952964782715
0,single_feature_hjorth_complexity,33,-2.354856784527118,-2.3577280044555664
0,single_feature_hjorth_complexity,34,-2.402931653536283,-2.3999223709106445
0,single_feature_hjorth_complexity,35,-2.4060281973618727,-2.37847638130188
0,single_feature_hjorth_complexity,36,-2.358320456284744,-2.318386435508728
0,single_feature_hjorth_complexity,37,-2.359679277126605,-2.3249192237854004
0,single_feature_hjorth_complexity,38,-2.394036054611206,-2.418209314346313
0,single_feature_hjorth_complexity,39,-2.405911775735708,-2.412135362625122
0,single_feature_hjorth_complexity,40,-2.445868510466356,-2.426011323928833
0,single_feature_hjorth_complexity,41,-2.458685801579402,-2.4564733505249023
0,single_feature_hjorth_complexity,42,-2.504283905029297,-2.4533132314682007
0,single_feature_hjorth_complexity,43,-2.5094121602865367,-2.49137282371521
0,single_feature_hjorth_complexity,44,-2.5147877656496487,-2.5165703296661377
0,single_feature_hjorth_complexity,45,-2.542910575866699,-2.5078665018081665
0,single_feature_hjorth_complexity,46,-2.537477603325477,-2.5147929191589355
0,single_feature_hjorth_complexity,47,-2.537509514735296,-2.4212573766708374
0,single_feature_hjorth_complexity,48,-2.538824301499587,-2.483937263488769
0,single_feature_hjorth_complexity,49,-2.4944518346052904,-2.4102537631988525
0,single_feature_hjorth_complexity,50,-2.498046324803279,-2.45063591003418
0,single_feature_hjorth_complexity,51,-2.5375597843757043,-2.377230644226074
0,single_feature_hjorth_complexity,52,-2.518910444699801,-2.5268319845199585
0,single_feature_hjorth_complexity,53,-2.532805296090933,-2.436704516410828
0,single_feature_hjorth_complexity,54,-2.5141436870281515,-2.435164451599121
0,single_feature_hjorth_complexity,55,-2.525903353324303,-2.5025914907455444
0,single_feature_hjorth_complexity,56,-2.558439071361835,-2.446255087852478
0,single_feature_hjorth_complexity,57,-2.5611923657930813,-2.40468168258667
0,single_feature_hjorth_complexity,58,-2.5705659206096945,-2.51850163936615
0,single_feature_hjorth_complexity,59,-2.625005208528959,-2.5996930599212646
0,single_feature_hjorth_complexity,60,-2.61044925909776,-2.531500577926636
0,single_feature_hjorth_complexity,61,-2.637637743583092,-2.605409622192383
0,single_feature_hjorth_complexity,62,-2.6603026940272403,-2.5179972648620605
0,single_feature_hjorth_complexity,63,-2.6756080847520094,-2.451157093048096
0,single_feature_hjorth_complexity,64,-2.600699773201576,-2.533142924308777
0,single_feature_hjorth_complexity,65,-2.66861392901494,-2.6088945865631104
0,single_feature_hjorth_complexity,66,-2.689473665677584,-2.5379096269607544
0,single_feature_hjorth_complexity,67,-2.6818167246305027,-2.5569101572036743
0,single_feature_hjorth_complexity,68,-2.711389046448928,-2.625337839126587
0,single_feature_hjorth_complexity,69,-2.708694256269015,-2.574993371963501
0,single_feature_hjorth_complexity,70,-2.690160219485944,-2.6078401803970337
0,single_feature_hjorth_complexity,71,-2.660378474455613,-2.6021124124526978
0,single_feature_hjorth_complexity,72,-2.6629430880913367,-2.5646249055862427
0,single_feature_hjorth_complexity,73,-2.68040132522583,-2.5473047494888306
0,single_feature_hjorth_complexity,74,-2.67086909367488,-2.571779251098633
0,single_feature_hjorth_complexity,75,-2.718781306193425,-2.642112374305725
0,single_feature_hjorth_complexity,76,-2.760018348693848,-2.610651016235352
0,single_feature_hjorth_complexity,77,-2.7007976862100453,-2.569989800453186
0,single_feature_hjorth_complexity,78,-2.7336306938758264,-2.6926252841949463
0,single_feature_hjorth_complexity,79,-2.733791241279015,-2.6283092498779297
0,single_feature_hjorth_complexity,80,-2.7772966715005727,-2.6004174947738647
0,single_feature_hjorth_complexity,81,-2.732744730435885,-2.6581716537475586
0,single_feature_hjorth_complexity,82,-2.619571685791016,-2.507189393043518
0,single_feature_hjorth_complexity,83,-2.662426783488347,-2.5928759574890137
0,single_feature_hjorth_complexity,84,-2.710475499813373,-2.629650592803955
0,single_feature_hjorth_complexity,85,-2.655949482550988,-2.6094292402267456
0,single_feature_hjorth_complexity,86,-2.732022688939021,-2.5540995597839355
0,single_feature_hjorth_complexity,87,-2.6961687161372256,-2.684848666191101
0,single_feature_hjorth_complexity,88,-2.6365637962634745,-2.5349491834640503
0,single_feature_hjorth_complexity,89,-2.7557068788088284,-2.583106756210327
0,single_feature_hjorth_complexity,90,-2.739754841877864,-2.613944411277771
0,single_feature_hjorth_complexity,91,-2.7717953828664927,-2.563903570175171
0,single_feature_hjorth_complexity,92,-2.737741727095384,-2.603739619255066
0,single_feature_hjorth_complexity,93,-2.7618826719430776,-2.7260725498199463
0,single_feature_hjorth_complexity,94,-2.790657520294189,-2.69519591331482
0,single_feature_hjorth_complexity,95,-2.7138018057896542,-2.6556217670440674
0,single_feature_hjorth_complexity,96,-2.746462106704712,-2.504405617713928
0,single_feature_hjorth_complexity,97,-2.747627716798049,-2.6800901889801025
0,single_feature_hjorth_complexity,98,-2.7237799717829776,-2.659655332565308
0,single_feature_hjorth_complexity,99,-2.7451912806584287,-2.5867693424224854
0,single_feature_hjorth_complexity,100,-2.76344711963947,-2.678474903106689
0,single_feature_hjorth_complexity,101,-2.7258066764244666,-2.606369614601136
0,single_feature_hjorth_complexity,102,-2.7788389462691088,-2.704270601272583
0,single_feature_hjorth_complexity,103,-2.826954273077158,-2.6566500663757324
0,single_feature_hjorth_complexity,104,-2.802482146483201,-2.690635561943054
0,single_feature_hjorth_complexity,105,-2.818468754108136,-2.710010766983032
0,single_feature_hjorth_complexity,106,-2.8059868078965406,-2.6325812339782715
0,single_feature_hjorth_complexity,107,-2.819239432995136,-2.6139824390411377
0,single_feature_hjorth_complexity,108,-2.818130584863516,-2.6858489513397217
0,single_feature_hjorth_complexity,109,-2.837278751226572,-2.7273037433624268
0,single_feature_hjorth_complexity,110,-2.844656173999493,-2.6562626361846924
0,single_feature_hjorth_complexity,111,-2.817147181584285,-2.665372014045716
0,single_feature_hjorth_complexity,112,-2.748802918654221,-2.7235007286071777
0,single_feature_hjorth_complexity,113,-2.742589693803054,-2.705424189567566
0,single_feature_hjorth_complexity,114,-2.8214594767643857,-2.753523826599121
0,single_feature_hjorth_complexity,115,-2.8364809109614444,-2.693224310874939
0,single_feature_hjorth_complexity,116,-2.7955142901493955,-2.7415075302124023
0,single_feature_hjorth_complexity,117,-2.8502974326793966,-2.7016032934188843
0,single_feature_hjorth_complexity,118,-2.855021751843966,-2.7426862716674805
0,single_feature_hjorth_complexity,119,-2.8500172174893894,-2.6991995573043823
0,single_feature_hjorth_complexity,120,-2.7850300532120924,-2.6931551694869995
0,single_feature_hjorth_complexity,121,-2.778127175111037,-2.6408833265304565
0,single_feature_hjorth_complexity,122,-2.7876065327570987,-2.746872901916504
0,single_feature_hjorth_complexity,123,-2.8745487286494327,-2.70232093334198
0,single_feature_hjorth_complexity,124,-2.8078836661118727,-2.70108449459076
0,single_feature_hjorth_complexity,125,-2.813909273881179,-2.588016629219055
0,single_feature_hjorth_complexity,126,-2.825663823347825,-2.694050073623657
0,single_feature_hjorth_complexity,127,-2.82190071619474,-2.58100962638855
0,single_feature_hjorth_complexity,128,-2.782510225589459,-2.697627305984497
0,single_feature_hjorth_complexity,129,-2.8860211922572208,-2.70664644241333
0,single_feature_hjorth_complexity,130,-2.82911935219398,-2.6484991312026978
0,single_feature_hjorth_complexity,131,-2.794308093877939,-2.5483990907669067
0,single_feature_hjorth_complexity,132,-2.8627349046560435,-2.749110460281372
0,single_feature_hjorth_complexity,133,-2.8242297172546387,-2.6627241373062134
0,single_feature_hjorth_complexity,134,-2.873452296623817,-2.6188883781433105
0,single_feature_hjorth_complexity,135,-2.794416244213397,-2.554737687110901
0,single_feature_hjorth_complexity,136,-2.816354329769428,-2.6991007328033447
0,single_feature_hjorth_complexity,137,-2.849282374748817,-2.7109295129776
0,single_feature_hjorth_complexity,138,-2.8367242996509257,-2.638999104499817
0,single_feature_hjorth_complexity,139,-2.8474404628460226,-2.775965094566345
0,single_feature_hjorth_complexity,140,-2.84255051612854,-2.722240686416626
0,single_feature_hjorth_complexity,141,-2.8710224078251767,-2.73144805431366
0,single_feature_hjorth_complexity,142,-2.862919862453754,-2.736722946166992
0,single_feature_hjorth_complexity,143,-2.8912914716280422,-2.6748008728027344
0,single_feature_hjorth_complexity,144,-2.8764062844789944,-2.7230820655822754
0,single_feature_hjorth_complexity,145,-2.895865477048434,-2.7358877658843994
0,single_feature_hjorth_complexity,146,-2.902209226901715,-2.6849793195724487
0,single_feature_hjorth_complexity,147,-2.899239961917584,-2.680238008499145
0,single_feature_hjorth_complexity,148,-2.923238680912898,-2.731736660003662
0,single_feature_hjorth_complexity,149,-2.9006425784184384,-2.763815402984619
0,single_feature_hjorth_complexity,150,-2.8970528565920315,-2.7533769607543945
0,single_feature_hjorth_complexity,151,-2.901389085329496,-2.730120062828064
0,single_feature_hjorth_complexity,152,-2.911261411813589,-2.771441698074341
0,single_feature_hjorth_complexity,153,-2.841759975139911,-2.690888524055481
0,single_feature_hjorth_complexity,154,-2.8773640669309177,-2.653477430343628
0,single_feature_hjorth_complexity,155,-2.8702988074376035,-2.645484447479248
0,single_feature_hjorth_complexity,156,-2.8544117303994985,-2.6065598726272583
0,single_feature_hjorth_complexity,157,-2.880684100664579,-2.7738460302352905
0,single_feature_hjorth_complexity,158,-2.881248272382296,-2.714320182800293
0,single_feature_hjorth_complexity,159,-2.887316245299119,-2.781139016151428
0,single_feature_hjorth_complexity,160,-2.9478631753187914,-2.660314917564392
0,single_feature_hjorth_complexity,161,-2.850526314515334,-2.5856852531433105
0,single_feature_hjorth_complexity,162,-2.764960215641902,-2.669150114059448
0,single_feature_hjorth_complexity,163,-2.8869645228752723,-2.657629609107971
0,single_feature_hjorth_complexity,164,-2.906924706238967,-2.74390184879303
0,single_feature_hjorth_complexity,165,-2.9133045306572547,-2.7610182762146
0,single_feature_hjorth_complexity,166,-2.92839213517996,-2.75764262676239
0,single_feature_hjorth_complexity,167,-2.9529844247377834,-2.761709928512573
0,single_feature_hjorth_complexity,168,-2.936671752196092,-2.7872380018234253
0,single_feature_hjorth_complexity,169,-2.950063687104445,-2.762459754943848
0,single_feature_hjorth_complexity,170,-2.9637240996727576,-2.72291898727417
0,single_feature_hjorth_complexity,171,-2.942343693513137,-2.7656573057174683
0,single_feature_hjorth_complexity,172,-2.962743594096257,-2.654708981513977
0,single_feature_hjorth_complexity,173,-2.9384671541360707,-2.7621432542800903
0,single_feature_hjorth_complexity,174,-2.9627287021050086,-2.782031893730164
0,single_feature_hjorth_complexity,175,-2.923149714103112,-2.748284101486206
0,single_feature_hjorth_complexity,176,-2.938073653441209,-2.6903510093688965
0,single_feature_hjorth_complexity,177,-2.9377085245572605,-2.7641693353652954
0,single_feature_hjorth_complexity,178,-2.9667558119847226,-2.7035492658615112
0,single_feature_hjorth_complexity,179,-2.9566804629105787,-2.697935700416565
0,single_feature_hjorth_complexity,180,-2.9496139746445875,-2.6692140102386475
0,single_feature_hjorth_complexity,181,-2.932495814103347,-2.773167610168457
0,single_feature_hjorth_complexity,182,-2.90216640325693,-2.752072334289551
0,single_feature_hjorth_complexity,183,-2.969751761509822,-2.780113220214844
0,single_feature_hjorth_complexity,184,-2.9479481256925144,-2.735996961593628
0,single_feature_hjorth_complexity,185,-2.985603607617892,-2.814071297645569
0,single_feature_hjorth_complexity,186,-2.9039514798384447,-2.7091901302337646
0,single_feature_hjorth_complexity,187,-2.887327854449933,-2.697909474372864
0,single_feature_hjorth_complexity,188,-2.9234425104581394,-2.811324715614319
0,single_feature_hjorth_complexity,189,-2.9828319182762733,-2.806701898574829
0,single_feature_hjorth_complexity,190,-2.984136508061336,-2.776842951774597
0,single_feature_hjorth_complexity,191,-2.957880185200618,-2.782277584075928
0,single_feature_hjorth_complexity,192,-2.9747764514042783,-2.806158304214477
0,single_feature_hjorth_complexity,193,-2.982332596412072,-2.746923327445984
0,single_feature_hjorth_complexity,194,-2.9829714665046105,-2.742952585220337
0,single_feature_hjorth_complexity,195,-2.9681203181927023,-2.770771622657776
0,single_feature_hjorth_complexity,196,-3.0094680235936093,-2.722540616989136
0,single_feature_hjorth_complexity,197,-2.925224487598126,-2.766320586204529
0,single_feature_hjorth_complexity,198,-2.983495969038743,-2.762745380401612
0,single_feature_hjorth_complexity,199,-2.9812039595383863,-2.787582874298096
0,single_feature_hjorth_complexity,200,-2.9780951096461368,-2.768787145614624
0,single_feature_hjorth_complexity,201,-2.9114294602320743,-2.7288135290145874
0,single_feature_hjorth_complexity,202,-2.978925026380099,-2.7355488538742065
0,single_feature_hjorth_complexity,203,-2.9910358649033766,-2.809585690498352
0,single_feature_hjorth_complexity,204,-3.0066397190093994,-2.7662172317504883
0,single_feature_hjorth_complexity,205,-2.997949710259071,-2.693523049354553
0,single_feature_hjorth_complexity,206,-2.977858616755559,-2.7703791856765747
0,single_feature_hjorth_complexity,207,-2.9803232779869666,-2.762200832366944
0,single_feature_hjorth_complexity,208,-3.012195110321045,-2.778338670730591
0,single_feature_hjorth_complexity,209,-2.999680060606736,-2.7692854404449463
0,single_feature_hjorth_complexity,210,-3.021225690841675,-2.7512035369873047
1,masked_npe,0,0.1381304737610312,-0.1055688820779323
1,masked_npe,1,-0.2409582550709064,-0.3563330620527267
1,masked_npe,2,-0.4680613508591285,-0.5726575255393982
1,masked_npe,3,-0.6262497214170603,-0.7140311598777771
1,masked_npe,4,-0.7990649113288293,-0.8878471851348877
1,masked_npe,5,-0.9641745136334344,-0.9882718920707704
1,masked_npe,6,-1.0804569262724657,-1.128783404827118
1,masked_npe,7,-1.224636618907635,-1.2424602508544922
1,masked_npe,8,-1.3241596680421095,-1.3601821064949036
1,masked_npe,9,-1.454190465120169,-1.4601622819900513
1,masked_npe,10,-1.5679841591761663,-1.532709002494812
1,masked_npe,11,-1.5811325586759126,-1.6201153993606567
1,masked_npe,12,-1.6818451698009784,-1.7203270196914673
1,masked_npe,13,-1.753386405798105,-1.704251408576965
1,masked_npe,14,-1.8800837901922367,-1.7997833490371704
1,masked_npe,15,-1.920223346123329,-1.851245760917664
1,masked_npe,16,-1.9699071187239428,-2.0126668214797974
1,masked_npe,17,-2.037176434810345,-2.088888168334961
1,masked_npe,18,-2.070963685329144,-2.0330185294151306
1,masked_npe,19,-2.0969058733720045,-2.1575074195861816
1,masked_npe,20,-2.2171527789189267,-2.195717215538025
1,masked_npe,21,-2.266899897502019,-2.1852993965148926
1,masked_npe,22,-2.228454278065608,-2.223805904388428
1,masked_npe,23,-2.30917712358328,-2.276072263717652
1,masked_npe,24,-2.3247266365931583,-2.3422980308532715
1,masked_npe,25,-2.360331278580886,-2.4514901638031006
1,masked_npe,26,-2.3891644294445333,-2.39645516872406
1,masked_npe,27,-2.428677742297833,-2.572234630584717
1,masked_npe,28,-2.494103028224065,-2.510521650314331
1,masked_npe,29,-2.490743141907912,-2.459347486495972
1,masked_npe,30,-2.557222531392024,-2.5610506534576416
1,masked_npe,31,-2.526375752228957,-2.5981422662734985
1,masked_npe,32,-2.6307285748995266,-2.711652159690857
1,masked_npe,33,-2.613412251839271,-2.566138982772827
1,masked_npe,34,-2.6638668867257924,-2.655374526977539
1,masked_npe,35,-2.634808155206533,-2.6235448122024536
1,masked_npe,36,-2.6813598229334903,-2.615612745285034
1,masked_npe,37,-2.691565458591168,-2.5631340742111206
1,masked_npe,38,-2.7381375019366923,-2.62629771232605
1,masked_npe,39,-2.729241004356972,-2.8187925815582275
1,masked_npe,40,-2.7272517130925107,-2.79128098487854
1,masked_npe,41,-2.729028775141789,-2.806212306022644
1,masked_npe,42,-2.8601128321427565,-2.8559526205062866
1,masked_npe,43,-2.858779705487765,-2.946713447570801
1,masked_npe,44,-2.8995290169349084,-3.015482544898987
1,masked_npe,45,-2.9104203444260817,-2.90759813785553
1,masked_npe,46,-2.8975152602562537,-2.90083384513855
1,masked_npe,47,-2.9369030548976016,-2.975674271583557
1,masked_npe,48,-2.946249723434448,-2.999030113220215
1,masked_npe,49,-3.0244015546945424,-3.019516706466675
1,masked_npe,50,-3.121929847277128,-2.896262764930725
1,masked_npe,51,-3.0381752160879283,-2.976562976837158
1,masked_npe,52,-3.030532855253953,-2.948665738105774
1,masked_npe,53,-3.134620886582595,-2.973331093788147
1,masked_npe,54,-3.1669067786290097,-3.206968188285828
1,masked_npe,55,-3.197210770386916,-3.1900744438171387
1,masked_npe,56,-3.208710725490864,-3.25097918510437
1,masked_npe,57,-3.213351084635808,-3.18768310546875
1,masked_npe,58,-3.285730618696946,-3.1820626258850098
1,masked_npe,59,-3.1586160843188944,-3.0077037811279297
1,masked_npe,60,-3.126374556468084,-3.256502866744995
1,masked_npe,61,-3.2350095418783336,-3.223614811897278
1,masked_npe,62,-3.222420160587017,-3.2845659255981445
1,masked_npe,63,-3.293472950275128,-3.215471386909485
1,masked_npe,64,-3.3078402372506948,-3.4005823135375977
1,masked_npe,65,-3.3855363772465634,-3.3355252742767334
1,masked_npe,66,-3.328402812664325,-3.321321964263916
1,masked_npe,67,-3.2572424228374777,-3.2899688482284546
1,masked_npe,68,-3.28853493470412,-3.311731338500977
1,masked_npe,69,-3.39073082116934,-3.4733099937438965
1,masked_npe,70,-3.4293034076690674,-3.5362595319747925
1,masked_npe,71,-3.4333730844350963,-2.903942942619324
1,masked_npe,72,-3.1582595385037937,-3.17688536643982
1,masked_npe,73,-3.2484873808347263,-3.56353223323822
1,masked_npe,74,-3.4028431452237644,-3.273995280265808
1,masked_npe,75,-3.4464925619272084,-3.4927695989608765
1,masked_npe,76,-3.535525211921105,-3.4783838987350464
1,masked_npe,77,-3.504290085572463,-3.518529772758484
1,masked_npe,78,-3.5478922770573544,-3.5392357110977173
1,masked_npe,79,-3.555789122214684,-3.3965721130371094
1,masked_npe,80,-3.453532310632559,-3.4867970943450928
1,masked_npe,81,-3.5263148637918325,-3.591196298599243
1,masked_npe,82,-3.492332495175875,-3.6270111799240112
1,masked_npe,83,-3.612877754064707,-3.591738700866699
1,masked_npe,84,-3.633088001838097,-3.371124267578125
1,masked_npe,85,-3.59805704997136,-3.5454914569854736
1,masked_npe,86,-3.6398704785567055,-3.507305383682251
1,masked_npe,87,-3.57972238614009,-3.6221104860305786
1,masked_npe,88,-3.661531063226553,-3.775341510772705
1,masked_npe,89,-3.604000366651095,-3.7315611839294434
1,masked_npe,90,-3.681088997767522,-3.732479095458984
1,masked_npe,91,-3.646867531996506,-3.637847661972046
1,masked_npe,92,-3.667828138058002,-3.540996670722961
1,masked_npe,93,-3.647441240457388,-3.632610082626343
1,masked_npe,94,-3.6827634481283336,-3.659748077392578
1,masked_npe,95,-3.63480650461637,-3.662609100341797
1,masked_npe,96,-3.666950115790734,-3.810436964035034
1,masked_npe,97,-3.718669671278733,-3.6392316818237305
1,masked_npe,98,-3.697735126201923,-3.823294162750244
1,masked_npe,99,-3.6422430918766895,-3.668165445327759
1,masked_npe,100,-3.624829439016489,-3.575316071510315
1,masked_npe,101,-3.6233553336216855,-3.660946249961853
1,masked_npe,102,-3.651735764283401,-3.716180205345154
1,masked_npe,103,-3.611693418942965,-3.797097086906433
1,masked_npe,104,-3.782878985771766,-3.79621696472168
1,masked_npe,105,-3.7057345463679385,-3.793657302856445
1,masked_npe,106,-3.7793531784644494,-3.686469078063965
1,masked_npe,107,-3.808514484992394,-3.606808423995972
1,masked_npe,108,-3.748034642292903,-3.6477670669555664
1,masked_npe,109,-3.8484123853536754,-3.771892786026001
1,masked_npe,110,-3.762720089692336,-3.723825454711914
1,masked_npe,111,-3.87235870728126,-3.755608677864074
1,masked_npe,112,-3.862605608426608,-3.90247106552124
1,masked_npe,113,-3.857926001915565,-3.741979002952576
1,masked_npe,114,-3.7854041503025937,-3.837835192680359
1,masked_npe,115,-3.75899782547584,-4.021640300750732
1,masked_npe,116,-3.8291909511272726,-3.78937578201294
1,masked_npe,117,-3.852009516495925,-3.811119198799133
1,masked_npe,118,-3.89971949503972,-3.916814088821411
1,masked_npe,119,-3.913816965543307,-3.801603555679321
1,masked_npe,120,-3.863477285091693,-3.9038299322128296
1,masked_npe,121,-3.849612419421856,-3.6615530252456665
1,masked_npe,122,-3.7614359855651855,-3.72166121006012
1,masked_npe,123,-3.825700833247258,-3.9224294424057007
1,masked_npe,124,-3.943160515565139,-4.020195007324219
1,masked_npe,125,-4.002777062929594,-4.002400636672974
1,masked_npe,126,-3.953367123237023,-3.757032871246338
1,masked_npe,127,-3.939710800464337,-4.049801349639893
1,masked_npe,128,-4.011912015768198,-4.099311113357544
1,masked_npe,129,-3.985441978161152,-3.947303414344788
1,masked_npe,130,-4.007875039027288,-4.088379502296448
1,masked_npe,131,-4.047736131227934,-4.0229703187942505
1,masked_npe,132,-3.925537054355328,-4.017608642578125
1,masked_npe,133,-3.9963737817911,-3.9049887657165527
1,masked_npe,134,-3.991394593165471,-3.9097923040390015
1,masked_npe,135,-4.021421909332275,-3.973555564880371
1,masked_npe,136,-3.9794163703918457,-4.037218689918518
1,masked_npe,137,-4.065976362961989,-4.0346198081970215
1,masked_npe,138,-3.963109419896053,-3.9279189109802246
1,masked_npe,139,-3.960053462248582,-3.955596446990967
1,masked_npe,140,-4.03981428879958,-3.9544544219970703
1,masked_npe,141,-4.003375291824341,-4.039484024047852
1,masked_npe,142,-4.035268911948571,-4.174239873886108
1,masked_npe,143,-4.028002023696899,-4.074239492416382
1,masked_npe,144,-4.0970225150768576,-3.982635736465454
1,masked_npe,145,-3.987849785731389,-4.051835298538208
1,masked_npe,146,-4.139068145018357,-4.123164653778076
1,masked_npe,147,-4.032192542002751,-4.174117565155029
1,masked_npe,148,-4.083607068428626,-4.110480546951294
1,masked_npe,149,-4.230345267515916,-4.130159854888916
1,masked_npe,150,-4.092865100273719,-4.177623510360718
1,masked_npe,151,-4.097611335607676,-4.0607640743255615
1,masked_npe,152,-4.125096211066613,-4.070324420928955
1,masked_npe,153,-3.923018253766573,-3.9125622510910034
1,masked_npe,154,-4.006305804619422,-3.965833067893982
1,masked_npe,155,-4.065234972880437,-4.052109003067017
1,masked_npe,156,-4.176010168515719,-4.210839509963989
1,masked_npe,157,-4.12529703286978,-3.8552069664001465
1,masked_npe,158,-3.967898368835449,-4.162050008773804
1,masked_npe,159,-4.134631285300622,-4.062638759613037
1,masked_npe,160,-4.058478612166184,-4.167008638381958
1,masked_npe,161,-4.167248230714065,-4.104127049446106
1,masked_npe,162,-4.150526927067683,-4.114127397537232
1,masked_npe,163,-4.218582776876596,-4.349187850952148
1,masked_npe,164,-4.065759126956646,-4.237435817718506
1,masked_npe,165,-4.09956249823937,-4.135189294815064
1,masked_npe,166,-4.170983131115253,-4.205837726593018
1,masked_npe,167,-4.152189566538884,-3.987002372741699
1,masked_npe,168,-4.1233008824861965,-4.017719268798828
1,masked_npe,169,-4.095630719111516,-4.10721755027771
1,masked_npe,170,-4.123793491950402,-4.222350120544434
1,masked_npe,171,-4.151110410690308,-4.184241056442261
1,masked_npe,172,-4.225228291291457,-4.064005613327026
1,masked_npe,173,-4.1995469606839695,-4.007595300674439
1,masked_npe,174,-4.088133463492761,-4.157486438751221
1,masked_npe,175,-4.182718442036555,-4.089204549789429
1,masked_npe,176,-4.166703609319834,-4.120302200317383
1,masked_npe,177,-4.312636375427246,-4.2863945960998535
1,masked_npe,178,-4.308945967600896,-4.19018030166626
1,masked_npe,179,-4.23280118061946,-4.214242458343506
1,masked_npe,180,-4.213553281930777,-4.256232976913452
1,masked_npe,181,-4.196023207444411,-4.170044183731079
1,masked_npe,182,-4.328836220961351,-3.905567049980164
1,masked_npe,183,-4.072904990269588,-4.225535869598389
1,masked_npe,184,-4.274269507481502,-4.203670024871826
1,masked_npe,185,-4.257228961357703,-4.231471300125122
1,masked_npe,186,-4.273845599247859,-4.231309652328491
1,masked_npe,187,-4.320141242100642,-3.991060495376587
1,masked_npe,188,-4.253967945392315,-4.242250442504883
1,single_feature_skewness,0,0.1031634698693568,-0.1598070710897445
1,single_feature_skewness,1,-0.2727852807595179,-0.3833470791578293
1,single_feature_skewness,2,-0.4669779791281773,-0.5460206866264343
1,single_feature_skewness,3,-0.6603077925168551,-0.7750472128391266
1,single_feature_skewness,4,-0.9436310346309956,-1.0621588230133057
1,single_feature_skewness,5,-1.2219118980260997,-1.254388689994812
1,single_feature_skewness,6,-1.3489061777408309,-1.379717230796814
1,single_feature_skewness,7,-1.4529557869984553,-1.414076805114746
1,single_feature_skewness,8,-1.5145143637290368,-1.4785872101783752
1,single_feature_skewness,9,-1.615007180434007,-1.5365252494812012
1,single_feature_skewness,10,-1.6879054858134344,-1.6473078727722168
1,single_feature_skewness,11,-1.751502981552711,-1.764976441860199
1,single_feature_skewness,12,-1.7761807900208693,-1.7053346037864685
1,single_feature_skewness,13,-1.8227724387095523,-1.717357337474823
1,single_feature_skewness,14,-1.849108283336346,-1.8032562136650083
1,single_feature_skewness,15,-1.898241373208853,-1.807106137275696
1,single_feature_skewness,16,-1.939092150101295,-1.8387505412101743
1,single_feature_skewness,17,-1.9755285244721632,-1.85698276758194
1,single_feature_skewness,18,-1.998413379375752,-1.9365822076797483
1,single_feature_skewness,19,-2.0261403138820944,-1.930834174156189
1,single_feature_skewness,20,-2.0313540421999416,-1.9353419542312624
1,single_feature_skewness,21,-2.083664729044988,-2.0258854031562805
1,single_feature_skewness,22,-2.0936390436612644,-2.01379656791687
1,single_feature_skewness,23,-2.103458578769977,-2.0077826976776123
1,single_feature_skewness,24,-2.1256632804870605,-2.0657879114151
1,single_feature_skewness,25,-2.158418398637038,-2.068535089492798
1,single_feature_skewness,26,-2.171812259233915,-2.096262693405152
1,single_feature_skewness,27,-2.170779044811542,-2.0541369915008545
1,single_feature_skewness,28,-2.1495696214529185,-2.133822441101074
1,single_feature_skewness,29,-2.200063632084773,-1.924167513847351
1,single_feature_skewness,30,-2.145954810656034,-2.116156578063965
1,single_feature_skewness,31,-2.213744145173293,-2.134763479232788
1,single_feature_skewness,32,-2.2551967914287863,-2.170652151107788
1,single_feature_skewness,33,-2.251207920221182,-2.1454490423202515
1,single_feature_skewness,34,-2.261409484423124,-2.142835259437561
1,single_feature_skewness,35,-2.26109530375554,-2.1798311471939087
1,single_feature_skewness,36,-2.293551224928636,-2.236205816268921
1,single_feature_skewness,37,-2.2816507449516883,-2.134675145149231
1,single_feature_skewness,38,-2.3063731376941385,-2.1446428298950195
1,single_feature_skewness,39,-2.3095680750333347,-2.285061001777649
1,single_feature_skewness,40,-2.336237467252291,-2.2723846435546875
1,single_feature_skewness,41,-2.348052281599778,-2.209010481834412
1,single_feature_skewness,42,-2.353752924845769,-2.2694079875946045
1,single_feature_skewness,43,-2.3452132848592906,-2.200877070426941
1,single_feature_skewness,44,-2.3744753140669603,-2.244437098503113
1,single_feature_skewness,45,-2.3262660319988546,-2.22495436668396
1,single_feature_skewness,46,-2.3984180963956394,-2.2572028636932373
1,single_feature_skewness,47,-2.334079540692843,-2.032972812652588
1,single_feature_skewness,48,-2.320956046764667,-2.230218410491944
1,single_feature_skewness,49,-2.383481465853177,-2.3319250345230103
1,single_feature_skewness,50,-2.410004670803364,-2.273310422897339
1,single_feature_skewness,51,-2.335507576282208,-2.368767499923706
1,single_feature_skewness,52,-2.4291602098024807,-2.3010421991348267
1,single_feature_skewness,53,-2.4172278550954966,-2.2885704040527344
1,single_feature_skewness,54,-2.4363172971285305,-2.3064393997192383
1,single_feature_skewness,55,-2.409742520405696,-2.313004851341248
1,single_feature_skewness,56,-2.447684544783372,-2.356580376625061
1,single_feature_skewness,57,-2.445810079574585,-2.336604118347168
1,single_feature_skewness,58,-2.438460643474872,-2.322088599205017
1,single_feature_skewness,59,-2.4676033716935377,-2.2920374870300293
1,single_feature_skewness,60,-2.424032376362727,-2.2797954082489014
1,single_feature_skewness,61,-2.4079334369072547,-2.324230551719665
1,single_feature_skewness,62,-2.427795116717999,-2.284256100654602
1,single_feature_skewness,63,-2.437323570251465,-2.2775293588638306
1,single_feature_skewness,64,-2.442652023755587,-2.3667715787887573
1,single_feature_skewness,65,-2.483170124200674,-2.353236198425293
1,single_feature_skewness,66,-2.480563768973717,-2.322372555732727
1,single_feature_skewness,67,-2.470943469267625,-2.332603096961975
1,single_feature_skewness,68,-2.494788004801824,-2.3569406270980835
1,single_feature_skewness,69,-2.4640996639545145,-2.3370933532714844
1,single_feature_skewness,70,-2.4934500730954685,-2.399188995361328
1,single_feature_skewness,71,-2.515403527479905,-2.3660968542099
1,single_feature_skewness,72,-2.5370086339803843,-2.386359930038452
1,single_feature_skewness,73,-2.5213563992426944,-2.3451075553894043
1,single_feature_skewness,74,-2.487415515459501,-2.346013069152832
1,single_feature_skewness,75,-2.490343313950759,-2.31614637374878
1,single_feature_skewness,76,-2.514863344339224,-2.365203619003296
1,single_feature_skewness,77,-2.5273927541879506,-2.4117552042007446
1,single_feature_skewness,78,-2.5428074506612925,-2.1937562227249146
1,single_feature_skewness,79,-2.4332530865302453,-2.1911898851394653
1,single_feature_skewness,80,-2.509969326166006,-2.394397020339966
1,single_feature_skewness,81,-2.552620062461266,-2.397121548652649
1,single_feature_skewness,82,-2.5221836383526144,-2.3821518421173096
1,single_feature_skewness,83,-2.5262165252978983,-2.319133996963501
1,single_feature_skewness,84,-2.553846762730525,-2.387140154838562
1,single_feature_skewness,85,-2.546458060924824,-2.322357296943665
1,single_feature_skewness,86,-2.560147450520442,-2.422308444976806
1,single_feature_skewness,87,-2.5194520950317383,-2.326376438140869
1,single_feature_skewness,88,-2.550704625936655,-2.3229713439941406
1,single_feature_skewness,89,-2.526063552269569,-2.441090583801269
1,single_feature_skewness,90,-2.595889549988967,-2.452457427978516
1,single_feature_skewness,91,-2.54892505132235,-2.1958903074264526
1,single_feature_skewness,92,-2.4711361481593204,-2.355194330215454
1,single_feature_skewness,93,-2.5444051118997426,-2.46871304512024
1,single_feature_skewness,94,-2.591926904825064,-2.3955507278442383
1,single_feature_skewness,95,-2.515075500194843,-2.3948986530303955
1,single_feature_skewness,96,-2.564660127346332,-2.386898636817932
1,single_feature_skewness,97,-2.492705528552716,-2.214717626571656
1,single_feature_skewness,98,-2.413924070504996,-2.445693254470825
1,single_feature_skewness,99,-2.5962627851046047,-2.433506965637207
1,single_feature_skewness,100,-2.5881402859321008,-2.4753226041793823
1,single_feature_skewness,101,-2.600231409072876,-2.354079484939575
1,single_feature_skewness,102,-2.5905253336979794,-2.4609850645065308
1,single_feature_skewness,103,-2.58015016409067,-2.3472321033477783
1,single_feature_skewness,104,-2.5740770743443417,-2.3943506479263306
1,single_feature_skewness,105,-2.605409530492929,-2.3599082231521606
1,single_feature_skewness,106,-2.603670890514667,-2.50697922706604
1,single_feature_skewness,107,-2.620400593830989,-2.272843718528748
1,single_feature_skewness,108,-2.5489557706392727,-2.3632736206054688
1,single_feature_skewness,109,-2.6274394805614767,-2.465576171875
1,single_feature_skewness,110,-2.6216010130368748,-2.43305504322052
1,single_feature_skewness,111,-2.6371557529156027,-2.447822332382202
1,single_feature_skewness,112,-2.6238654943612905,-2.3992183208465576
1,single_feature_skewness,113,-2.62066912651062,-2.428523659706116
1,single_feature_skewness,114,-2.568729987511268,-2.329884648323059
1,single_feature_skewness,115,-2.61140696819012,-2.5156402587890625
1,single_feature_skewness,116,-2.674390591107882,-2.53776478767395
1,single_feature_skewness,117,-2.6579893368941088,-2.5022002458572388
1,single_feature_skewness,118,-2.6556768050560584,-2.5239622592926025
1,single_feature_skewness,119,-2.637827964929434,-2.48131000995636
1,single_feature_skewness,120,-2.609059810638428,-2.497872233390808
1,single_feature_skewness,121,-2.604346935565655,-2.3992390632629395
1,single_feature_skewness,122,-2.649403608762301,-2.460214376449585
1,single_feature_skewness,123,-2.649997527782733,-2.480939745903015
1,single_feature_skewness,124,-2.683804145226112,-2.5662542581558228
1,single_feature_skewness,125,-2.670679367505587,-2.477566361427307
1,single_feature_skewness,126,-2.689483275780311,-2.46169662475586
1,single_feature_skewness,127,-2.674656391143799,-2.481351733207702
1,single_feature_skewness,128,-2.679494105852567,-2.567426562309265
1,single_feature_skewness,129,-2.6770427227020264,-2.467453360557556
1,single_feature_skewness,130,-2.696355911401602,-2.449809432029724
1,single_feature_skewness,131,-2.673650301419772,-2.473584651947021
1,single_feature_skewness,132,-2.654886484146118,-2.5267308950424194
1,single_feature_skewness,133,-2.705840459236732,-2.5314295291900635
1,single_feature_skewness,134,-2.671723824280959,-2.439747333526612
1,single_feature_skewness,135,-2.650569512293889,-2.5412429571151733
1,single_feature_skewness,136,-2.68460070169889,-2.5916759967803955
1,single_feature_skewness,137,-2.7106884259444017,-2.477120518684387
1,single_feature_skewness,138,-2.684060885356023,-2.449131846427917
1,single_feature_skewness,139,-2.6959497928619385,-2.581466555595398
1,single_feature_skewness,140,-2.732066906415499,-2.557408332824707
1,single_feature_skewness,141,-2.724243090702937,-2.557932019233704
1,single_feature_skewness,142,-2.7241327395805945,-2.467832088470459
1,single_feature_skewness,143,-2.708896508583656,-2.52801513671875
1,single_feature_skewness,144,-2.7081750539632945,-2.53125524520874
1,single_feature_skewness,145,-2.703942922445444,-2.5446901321411133
1,single_feature_skewness,146,-2.7424444418687086,-2.543816089630127
1,single_feature_skewness,147,-2.7266978667332578,-2.527387976646424
1,single_feature_skewness,148,-2.733537930708665,-2.510979413986206
1,single_feature_skewness,149,-2.760622868171105,-2.583514094352722
1,single_feature_skewness,150,-2.732140119259174,-2.4962220191955566
1,single_feature_skewness,151,-2.7230606262500467,-2.456116437911988
1,single_feature_skewness,152,-2.696332491361178,-2.4568949937820435
1,single_feature_skewness,153,-2.698622978650606,-2.559321641921997
1,single_feature_skewness,154,-2.7078601580399733,-2.554725170135498
1,single_feature_skewness,155,-2.707173457512489,-2.4773515462875366
1,single_feature_skewness,156,-2.7273623759929952,-2.595643281936645
1,single_feature_skewness,157,-2.7456361880669227,-2.5163488388061523
1,single_feature_skewness,158,-2.7288203422839823,-2.571987271308899
1,single_feature_skewness,159,-2.743633508682251,-2.513075947761536
1,single_feature_skewness,160,-2.6864236501547007,-2.50362241268158
1,single_feature_skewness,161,-2.608855962753296,-2.31182873249054
1,single_feature_skewness,162,-2.65232568520766,-2.4423325061798096
1,single_feature_skewness,163,-2.703018005077656,-2.5315170288085938
1,single_feature_skewness,164,-2.748121426655696,-2.5424938201904297
1,single_feature_skewness,165,-2.7708802223205566,-2.5292296409606934
1,single_feature_skewness,166,-2.7529051303863525,-2.533320188522339
1,single_feature_skewness,167,-2.7739947942587047,-2.5703717470169067
1,single_feature_skewness,168,-2.758475211950449,-2.550313949584961
1,single_feature_skewness,169,-2.7205882989443264,-2.582564949989319
1,single_feature_skewness,170,-2.758334673368014,-2.5560156106948853
1,single_feature_skewness,171,-2.755490688177256,-2.5057061910629272
1,single_feature_skewness,172,-2.707078456878662,-2.4575979709625244
1,single_feature_skewness,173,-2.7399154076209435,-2.582107901573181
1,single_feature_skewness,174,-2.7548170273120585,-2.5620391368865967
1,single_feature_skewness,175,-2.759354536349957,-2.547324776649475
1,single_feature_skewness,176,-2.7709407072800856,-2.605081081390381
1,single_feature_skewness,177,-2.7663793563842773,-2.5317025184631348
1,single_feature_skewness,178,-2.7685444905207706,-2.4971163272857666
1,single_feature_skewness,179,-2.7687018651228685,-2.5418593883514404
1,single_feature_skewness,180,-2.7833638191223145,-2.4142390489578247
1,single_feature_skewness,181,-2.717410399363591,-2.399423360824585
1,single_feature_skewness,182,-2.6821576081789456,-2.140070080757141
1,single_feature_skewness,183,-2.6522942873147817,-2.56589412689209
1,single_feature_skewness,184,-2.7401298926426816,-2.57363224029541
1,single_feature_skewness,185,-2.799075805223905,-2.5188649892807007
1,single_feature_skewness,186,-2.681155938368577,-2.484070897102356
1,single_feature_skewness,187,-2.7543661410991964,-2.5540372133255005
1,single_feature_skewness,188,-2.7538914313683143,-2.50195586681366
1,single_feature_skewness,189,-2.784765977125901,-2.549930214881897
1,single_feature_skewness,190,-2.733367626483624,-2.4854140281677246
1,single_feature_skewness,191,-2.731208617870624,-2.5296229124069214
1,single_feature_skewness,192,-2.7086674983684835,-2.4952986240386963
1,single_feature_skewness,193,-2.7736635391528788,-2.5399162769317627
1,single_feature_skewness,194,-2.748175529333261,-2.4730714559555054
1,single_feature_skewness,195,-2.7617811606480527,-2.5375730991363525
1,single_feature_skewness,196,-2.8095645170945387,-2.471264600753784
1,single_feature_skewness,197,-2.777827354577872,-2.572360754013061
1,single_feature_skewness,198,-2.7869327068328857,-2.482781171798706
1,single_feature_skewness,199,-2.769569103534405,-2.534253239631653
1,single_feature_skewness,200,-2.805891275405884,-2.5773223638534546
1,single_feature_skewness,201,-2.751521183894231,-2.465787172317505
1,single_feature_kurtosis,0,0.1357483992782923,-0.1183073036372661
1,single_feature_kurtosis,1,-0.2464289241112195,-0.3212487250566482
1,single_feature_kurtosis,2,-0.4113931266161111,-0.4599673300981521
1,single_feature_kurtosis,3,-0.5169464005873754,-0.5561899840831757
1,single_feature_kurtosis,4,-0.599261788221506,-0.6012733578681946
1,single_feature_kurtosis,5,-0.6823173073621897,-0.7123167514801025
1,single_feature_kurtosis,6,-0.7621862980035635,-0.7632226347923279
1,single_feature_kurtosis,7,-0.830317749426915,-0.8331932425498962
1,single_feature_kurtosis,8,-0.889961655323322,-0.8941633105278015
1,single_feature_kurtosis,9,-0.9828329223852892,-0.9783782362937928
1,single_feature_kurtosis,10,-1.1030544684483454,-1.1350139379501345
1,single_feature_kurtosis,11,-1.2339350351920495,-1.255958914756775
1,single_feature_kurtosis,12,-1.3593114614486694,-1.3631209135055542
1,single_feature_kurtosis,13,-1.43044664309575,-1.3638564944267273
1,single_feature_kurtosis,14,-1.4912981070004976,-1.4634808897972107
1,single_feature_kurtosis,15,-1.5581726019199078,-1.5329287648200989
1,single_feature_kurtosis,16,-1.6078627568024857,-1.5448699593544006
1,single_feature_kurtosis,17,-1.6383482951384325,-1.60455584526062
1,single_feature_kurtosis,18,-1.7054203473604643,-1.584210991859436
1,single_feature_kurtosis,19,-1.727669330743643,-1.6427032351493835
1,single_feature_kurtosis,20,-1.755892038345337,-1.6721348762512207
1,single_feature_kurtosis,21,-1.7771871915230384,-1.7121632099151611
1,single_feature_kurtosis,22,-1.7998950022917528,-1.7304301261901855
1,single_feature_kurtosis,23,-1.816173003270076,-1.723496913909912
1,single_feature_kurtosis,24,-1.8613285651573768,-1.744638442993164
1,single_feature_kurtosis,25,-1.866746343099154,-1.748434603214264
1,single_feature_kurtosis,26,-1.899797375385578,-1.7771716713905334
1,single_feature_kurtosis,27,-1.882198205361,-1.731089413166046
1,single_feature_kurtosis,28,-1.9020613982127264,-1.8151206970214844
1,single_feature_kurtosis,29,-1.930405295812167,-1.7210296392440796
1,single_feature_kurtosis,30,-1.917085886001587,-1.882897436618805
1,single_feature_kurtosis,31,-1.9632345346304088,-1.8424955010414124
1,single_feature_kurtosis,32,-1.975837533290569,-1.865167915821076
1,single_feature_kurtosis,33,-1.9928696338947005,-1.893557131290436
1,single_feature_kurtosis,34,-2.010048609513503,-1.898720979690552
1,single_feature_kurtosis,35,-2.002563843360314,-1.8883650302886963
1,single_feature_kurtosis,36,-1.9133846851495595,-1.7889881134033203
1,single_feature_kurtosis,37,-2.0178619623184204,-1.901265263557434
1,single_feature_kurtosis,38,-2.0439574810174794,-1.9088159799575808
1,single_feature_kurtosis,39,-2.0175444162808933,-1.974674105644226
1,single_feature_kurtosis,40,-2.05030488050901,-1.9764586687088013
1,single_feature_kurtosis,41,-2.0971801464374247,-1.96734231710434
1,single_feature_kurtosis,42,-2.091268731997564,-2.0041348338127136
1,single_feature_kurtosis,43,-2.08842461842757,-2.015640318393708
1,single_feature_kurtosis,44,-2.1239702151371884,-1.9959856271743768
1,single_feature_kurtosis,45,-2.112238443814791,-2.009343385696411
1,single_feature_kurtosis,46,-2.1390341887107263,-1.9732892513275144
1,single_feature_kurtosis,47,-2.13244731609638,-2.041467905044556
1,single_feature_kurtosis,48,-2.0445888134149404,-1.7955971956253052
1,single_feature_kurtosis,49,-2.086595269349905,-2.047437906265259
1,single_feature_kurtosis,50,-2.1893094319563646,-2.0565449595451355
1,single_feature_kurtosis,51,-2.161099837376521,-2.073400020599365
1,single_feature_kurtosis,52,-2.163814379618718,-2.0305687189102173
1,single_feature_kurtosis,53,-2.159439380352313,-2.0524322986602783
1,single_feature_kurtosis,54,-2.184421887764564,-2.0606400966644287
1,single_feature_kurtosis,55,-2.208017294223492,-2.0301047563552856
1,single_feature_kurtosis,56,-2.1731555461883545,-2.0635812282562256
1,single_feature_kurtosis,57,-2.2216639885535607,-2.098443388938904
1,single_feature_kurtosis,58,-2.236397248048049,-2.060783624649048
1,single_feature_kurtosis,59,-2.226965464078463,-2.041050672531128
1,single_feature_kurtosis,60,-2.2316946799938497,-2.12390673160553
1,single_feature_kurtosis,61,-2.236140856376061,-2.0993916988372803
1,single_feature_kurtosis,62,-2.2185851610623875,-2.0589154958724976
1,single_feature_kurtosis,63,-2.2529702553382287,-2.1345319747924805
1,single_feature_kurtosis,64,-2.261403230520396,-2.0917574167251587
1,single_feature_kurtosis,65,-2.2480051884284387,-2.012880086898804
1,single_feature_kurtosis,66,-2.198032544209407,-1.808355152606964
1,single_feature_kurtosis,67,-2.066631372158344,-1.88020932674408
1,single_feature_kurtosis,68,-2.089519106424772,-1.9188205003738403
1,single_feature_kurtosis,69,-2.11234986782074,-1.999765157699585
1,single_feature_kurtosis,70,-2.2071049763606143,-2.140004396438598
1,single_feature_kurtosis,71,-2.237017869949341,-2.0905762910842896
1,single_feature_kurtosis,72,-2.284550740168645,-2.0852426290512085
1,single_feature_kurtosis,73,-2.303153716600858,-2.0902189016342163
1,single_feature_kurtosis,74,-2.256960868835449,-2.0916279554367065
1,single_feature_kurtosis,75,-2.276706548837515,-2.1410759687423706
1,single_feature_kurtosis,76,-2.3111666349264293,-2.1601035594940186
1,single_feature_kurtosis,77,-2.3109454741844764,-2.163626551628113
1,single_feature_kurtosis,78,-2.307772049537072,-2.1488457918167114
1,single_feature_kurtosis,79,-2.327382747943585,-2.2062418460845947
1,single_feature_kurtosis,80,-2.328896760940552,-2.178118228912353
1,single_feature_kurtosis,81,-2.3294796026670017,-2.1428500413894653
1,single_feature_kurtosis,82,-2.328734397888184,-2.159074306488037
1,single_feature_kurtosis,83,-2.3170820016127367,-2.1521047353744507
1,single_feature_kurtosis,84,-2.3551086279062123,-2.205196142196656
1,single_feature_kurtosis,85,-2.2803050004518948,-2.149946093559265
1,single_feature_kurtosis,86,-2.341466115071224,-2.208424568176269
1,single_feature_kurtosis,87,-2.364409410036527,-2.1825374364852905
1,single_feature_kurtosis,88,-2.34619087439317,-2.197777390480041
1,single_feature_kurtosis,89,-2.337893027525681,-2.0834137201309204
1,single_feature_kurtosis,90,-2.315553756860586,-2.2220797538757324
1,single_feature_kurtosis,91,-2.3465808905087986,-2.215376019477844
1,single_feature_kurtosis,92,-2.359358860896184,-2.176115870475769
1,single_feature_kurtosis,93,-2.3519199811495266,-2.1896777153015137
1,single_feature_kurtosis,94,-2.3686215510735145,-2.1680535078048706
1,single_feature_kurtosis,95,-2.2738375113560605,-2.0495437383651733
1,single_feature_kurtosis,96,-2.334491417958186,-2.2019121646881104
1,single_feature_kurtosis,97,-2.355752779887273,-2.22540295124054
1,single_feature_kurtosis,98,-2.307428470024696,-2.1676204204559326
1,single_feature_kurtosis,99,-2.392403785999005,-2.202416181564331
1,single_feature_kurtosis,100,-2.411364041841947,-2.218083381652832
1,single_feature_kurtosis,101,-2.3934639600607066,-2.210334062576294
1,single_feature_kurtosis,102,-2.3533182327563944,-2.2266738414764404
1,single_feature_kurtosis,103,-2.392844163454496,-2.2066843509674072
1,single_feature_kurtosis,104,-2.365633726119995,-2.227083444595337
1,single_feature_kurtosis,105,-2.361251776035016,-2.1115736961364746
1,single_feature_kurtosis,106,-2.374400175534762,-2.2147390842437744
1,single_feature_kurtosis,107,-2.384618135598989,-2.1879782676696777
1,single_feature_kurtosis,108,-2.4032176641317515,-2.1944772005081177
1,single_feature_kurtosis,109,-2.418178081512451,-2.216917991638184
1,single_feature_kurtosis,110,-2.4013571372398963,-2.2274293899536133
1,single_feature_kurtosis,111,-2.388134497862596,-2.23834228515625
1,single_feature_kurtosis,112,-2.365005309765156,-2.147582173347473
1,single_feature_kurtosis,113,-2.375004163155189,-2.235907912254333
1,single_feature_kurtosis,114,-2.3969184435330906,-2.169837474822998
1,single_feature_kurtosis,115,-2.436952682641836,-2.2212201356887817
1,single_feature_kurtosis,116,-2.4158910054426928,-2.252086639404297
1,single_feature_kurtosis,117,-2.3953652198498068,-2.142160177230835
1,single_feature_kurtosis,118,-2.4041598576765795,-2.1778910160064697
1,single_feature_kurtosis,119,-2.369041736309345,-2.162886142730713
1,single_feature_kurtosis,120,-2.3927565537966213,-2.1444239616394043
1,single_feature_kurtosis,121,-2.4343257500575137,-2.0600030422210693
1,single_feature_kurtosis,122,-2.3996906830714297,-2.236353039741516
1,single_feature_kurtosis,123,-2.423873552909264,-2.234481692314148
1,single_feature_kurtosis,124,-2.3912331140958347,-2.1464853286743164
1,single_feature_kurtosis,125,-2.3118595526768613,-2.121939182281494
1,single_feature_kurtosis,126,-2.349728199151846,-2.1543116569519043
1,single_feature_kurtosis,127,-2.3349733352661133,-2.09176766872406
1,single_feature_kurtosis,128,-2.3871837762685924,-2.1949734687805176
1,single_feature_kurtosis,129,-2.448351639967698,-2.199259281158448
1,single_feature_kurtosis,130,-2.435905144764827,-2.2288928031921387
1,single_feature_kurtosis,131,-2.4046063606555643,-2.152357339859009
1,single_feature_kurtosis,132,-2.397324250294612,-2.150620460510254
1,single_feature_kurtosis,133,-2.428001642227173,-2.2441155910491943
1,single_feature_kurtosis,134,-2.4475134152632494,-2.193931221961975
1,single_feature_kurtosis,135,-2.387916638300969,-2.1957099437713623
1,single_feature_kurtosis,136,-2.467751594690176,-2.28259801864624
1,single_feature_kurtosis,137,-2.457861313453088,-2.2201863527297974
1,single_feature_kurtosis,138,-2.462038058501024,-2.1574853658676147
1,single_feature_kurtosis,139,-2.438683656545786,-2.271669149398804
1,single_feature_kurtosis,140,-2.448087838979868,-2.210411310195923
1,single_feature_kurtosis,141,-2.4763672168438253,-2.208172559738159
1,single_feature_kurtosis,142,-2.4740149791424093,-2.186102271080017
1,single_feature_kurtosis,143,-2.400339860182542,-2.2640490531921387
1,single_feature_kurtosis,144,-2.4675030891711893,-2.21978771686554
1,single_feature_kurtosis,145,-2.473965369738065,-2.181925773620605
1,single_feature_kurtosis,146,-2.4819453679598293,-2.2370368242263794
1,single_feature_kurtosis,147,-2.480153560638428,-2.2354111671447754
1,single_feature_kurtosis,148,-2.449927018238948,-2.163185715675354
1,single_feature_kurtosis,149,-2.426126168324397,-2.227911710739136
1,single_feature_kurtosis,150,-2.408305681668795,-2.1636379957199097
1,single_feature_kurtosis,151,-2.4194088532374454,-2.1868988275527954
1,single_feature_kurtosis,152,-2.451962764446552,-2.2591861486434937
1,single_feature_kurtosis,153,-2.4782904111422024,-2.293537974357605
1,single_feature_kurtosis,154,-2.426406401854295,-2.267506241798401
1,single_feature_kurtosis,155,-2.452651775800265,-2.2814362049102783
1,single_feature_kurtosis,156,-2.4936023308680606,-2.13293981552124
1,single_feature_kurtosis,157,-2.4388283582834096,-2.189307451248169
1,single_feature_kurtosis,158,-2.464431872734657,-1.92538720369339
1,single_feature_kurtosis,159,-2.404506756709172,-2.251443028450012
1,single_feature_kurtosis,160,-2.50189680319566,-2.2346858978271484
1,single_feature_kurtosis,161,-2.4894255308004527,-2.201494097709656
1,single_feature_kurtosis,162,-2.472257760854868,-2.240198016166687
1,single_feature_kurtosis,163,-2.4607944121727576,-2.219807267189026
1,single_feature_kurtosis,164,-2.500564795274001,-2.236566185951233
1,single_feature_kurtosis,165,-2.50372497852032,-2.195936679840088
1,single_feature_kurtosis,166,-2.4622703332167406,-2.236225962638855
1,single_feature_kurtosis,167,-2.488106360802284,-2.223765730857849
1,single_feature_kurtosis,168,-2.523345635487483,-2.176679372787476
1,single_feature_kurtosis,169,-2.496469864478478,-2.176930546760559
1,single_feature_kurtosis,170,-2.49946009195768,-2.20289158821106
1,single_feature_kurtosis,171,-2.4850964913001428,-2.0345115661621094
1,single_feature_kurtosis,172,-2.477247164799617,-2.2363040447235107
1,single_feature_kurtosis,173,-2.494807976942796,-2.257181048393249
1,single_feature_kurtosis,174,-2.474017913524921,-2.2752275466918945
1,single_feature_kurtosis,175,-2.5262148563678446,-2.2255057096481323
1,single_feature_kurtosis,176,-2.480883378248948,-2.30016565322876
1,single_feature_kurtosis,177,-2.524031639099121,-2.278457283973694
1,single_feature_kurtosis,178,-2.527508625617394,-2.2544466257095337
1,single_feature_kurtosis,179,-2.485338651216947,-2.2040127515792847
1,single_feature_kurtosis,180,-2.486667669736422,-1.982995331287384
1,single_feature_kurtosis,181,-2.408239052845881,-2.241493344306946
1,single_feature_kurtosis,182,-2.486111879348755,-2.2261043787002563
1,single_feature_kurtosis,183,-2.52774139551016,-2.151786208152771
1,single_feature_kurtosis,184,-2.512694193766668,-2.278305053710937
1,single_feature_kurtosis,185,-2.53851004747244,-2.229931354522705
1,single_feature_kurtosis,186,-2.535036178735586,-2.243894100189209
1,single_feature_kurtosis,187,-2.488120042360746,-2.3087559938430786
1,single_feature_kurtosis,188,-2.541009939633883,-2.2856513261795044
1,single_feature_kurtosis,189,-2.556823547069843,-2.241186141967773
1,single_feature_kurtosis,190,-2.5621969333061805,-2.260229229927063
1,single_feature_kurtosis,191,-2.550344393803523,-2.2514543533325195
1,single_feature_kurtosis,192,-2.5377821005307712,-2.269907593727112
1,single_feature_kurtosis,193,-2.551068122570331,-2.2556822299957275
1,single_feature_kurtosis,194,-2.5643925116612363,-2.3117858171463013
1,single_feature_kurtosis,195,-2.5519699500157285,-2.2534050941467285
1,single_feature_kurtosis,196,-2.54273482469412,-2.194305181503296
1,single_feature_kurtosis,197,-2.518779002703153,-1.999671220779419
1,single_feature_kurtosis,198,-2.4780094073368955,-2.259704828262329
1,single_feature_kurtosis,199,-2.54000370319073,-2.2065311670303345
1,single_feature_kurtosis,200,-2.5201915961045485,-2.3006123304367065
1,single_feature_kurtosis,201,-2.576272487640381,-2.2747397422790527
1,single_feature_kurtosis,202,-2.5641376238602858,-2.255010724067688
1,single_feature_kurtosis,203,-2.506553173065185,-1.9825303554534912
1,single_feature_kurtosis,204,-2.48287479694073,-2.217482805252075
1,single_feature_kurtosis,205,-2.5559605818528395,-2.225088119506836
1,single_feature_kurtosis,206,-2.5582185891958384,-2.287795662879944
1,single_feature_kurtosis,207,-2.561554651993972,-2.2886229753494263
1,single_feature_kurtosis,208,-2.583234695287852,-2.279385209083557
1,single_feature_kurtosis,209,-2.547925380560068,-2.205666184425354
1,single_feature_kurtosis,210,-2.5456625314859243,-2.259113907814026
1,single_feature_kurtosis,211,-2.4570472057049093,-2.1626596450805664
1,single_feature_kurtosis,212,-2.552536652638362,-2.260825037956238
1,single_feature_kurtosis,213,-2.575269203919631,-2.254115343093872
1,single_feature_kurtosis,214,-2.5660641009990988,-2.283408761024475
1,single_feature_kurtosis,215,-2.545993309754592,-2.158590316772461
1,single_feature_kurtosis,216,-2.483671885270339,-2.3181538581848145
1,single_feature_kurtosis,217,-2.566480159759521,-2.2928736209869385
1,single_feature_kurtosis,218,-2.575853274418757,-2.222218036651612
1,single_feature_kurtosis,219,-2.576409926781288,-2.308594226837158
1,single_feature_kurtosis,220,-2.5627425633944,-2.240718364715576
1,single_feature_kurtosis,221,-2.5365388210003195,-2.282226800918579
1,single_feature_kurtosis,222,-2.5041632652282715,-2.1440635919570923
1,single_feature_kurtosis,223,-2.5305961828965406,-2.204370856285095
1,single_feature_kurtosis,224,-2.600186439660879,-2.275291562080384
1,single_feature_kurtosis,225,-2.5903479869549093,-2.2430052757263184
1,single_feature_kurtosis,226,-2.5932611502133884,-2.276458740234375
1,single_feature_kurtosis,227,-2.5618606897500844,-2.292069911956787
1,single_feature_kurtosis,228,-2.571081730035635,-2.1965373754501343
1,single_feature_kurtosis,229,-2.5855295107914853,-2.177969455718994
1,single_feature_kurtosis,230,-2.581108441719642,-2.224291682243347
1,single_feature_kurtosis,231,-2.5633334746727576,-2.2495992183685303
1,single_feature_kurtosis,232,-2.543340426224929,-2.2316036224365234
1,single_feature_kurtosis,233,-2.590600508909959,-2.2006781101226807
1,single_feature_kurtosis,234,-2.6005986837240367,-2.2252259254455566
1,single_feature_kurtosis,235,-2.570690925304706,-2.231646776199341
1,single_feature_kurtosis,236,-2.5921139533703146,-2.152554154396057
1,single_feature_kurtosis,237,-2.5456395882826586,-2.2326595783233643
1,single_feature_kurtosis,238,-2.592925291794997,-2.108918309211731
1,single_feature_kurtosis,239,-2.5594070691328783,-2.2918965816497803
1,single_feature_kurtosis,240,-2.6058646532205434,-2.2525980472564697
1,single_feature_kurtosis,241,-2.613612505105825,-2.2156187295913696
1,single_feature_spectral_slope,0,0.0896939512772055,-0.2454722747206688
1,single_feature_spectral_slope,1,-0.4058567102138812,-0.5384374558925629
1,single_feature_spectral_slope,2,-0.6648068978236272,-0.7448739409446716
1,single_feature_spectral_slope,3,-0.8689895501503577,-0.8748310804367065
1,single_feature_spectral_slope,4,-1.0160232828213618,-1.0353196263313291
1,single_feature_spectral_slope,5,-1.1341349803484404,-1.106901228427887
1,single_feature_spectral_slope,6,-1.2138365323726947,-1.2002094388008118
1,single_feature_spectral_slope,7,-1.2670174103516798,-1.2052137851715088
1,single_feature_spectral_slope,8,-1.3053747232143695,-1.2783563137054443
1,single_feature_spectral_slope,9,-1.3407133175776556,-1.3081610202789309
1,single_feature_spectral_slope,10,-1.3779916304808395,-1.3506197929382324
1,single_feature_spectral_slope,11,-1.401564753972567,-1.3275222778320312
1,single_feature_spectral_slope,12,-1.4225553274154663,-1.39494127035141
1,single_feature_spectral_slope,13,-1.4568536648383508,-1.3914960026741028
1,single_feature_spectral_slope,14,-1.4693576097488403,-1.406805157661438
1,single_feature_spectral_slope,15,-1.489075807424692,-1.4088656306266785
1,single_feature_spectral_slope,16,-1.506019794023954,-1.463789165019989
1,single_feature_spectral_slope,17,-1.5166820471103375,-1.4842031598091123
1,single_feature_spectral_slope,18,-1.535338099186237,-1.50295227766037
1,single_feature_spectral_slope,19,-1.5543092580942006,-1.4954102635383606
1,single_feature_spectral_slope,20,-1.5622789034476647,-1.5232579708099363
1,single_feature_spectral_slope,21,-1.5738672293149507,-1.5196194648742676
1,single_feature_spectral_slope,22,-1.5929557451835046,-1.517691135406494
1,single_feature_spectral_slope,23,-1.5944496943400457,-1.5319476127624512
1,single_feature_spectral_slope,24,-1.6177078485488892,-1.5697810053825378
1,single_feature_spectral_slope,25,-1.6425002354841969,-1.5879735946655271
1,single_feature_spectral_slope,26,-1.6606972859455988,-1.6412692070007324
1,single_feature_spectral_slope,27,-1.6655014569942768,-1.6393850445747375
1,single_feature_spectral_slope,28,-1.6798504132490892,-1.6354060173034668
1,single_feature_spectral_slope,29,-1.6851476522592397,-1.664053201675415
1,single_feature_spectral_slope,30,-1.699037845318134,-1.6185879111289978
1,single_feature_spectral_slope,31,-1.7109377750983603,-1.6548362970352173
1,single_feature_spectral_slope,32,-1.728438322360699,-1.6741080284118652
1,single_feature_spectral_slope,33,-1.723840933579665,-1.694364070892334
1,single_feature_spectral_slope,34,-1.7244757872361405,-1.673716127872467
1,single_feature_spectral_slope,35,-1.742547291975755,-1.7085185050964355
1,single_feature_spectral_slope,36,-1.766151996759268,-1.7119906544685364
1,single_feature_spectral_slope,37,-1.764820594054002,-1.6869118213653564
1,single_feature_spectral_slope,38,-1.741839601443364,-1.7294963002204895
1,single_feature_spectral_slope,39,-1.7743033995995154,-1.7479132413864136
1,single_feature_spectral_slope,40,-1.7899950375923743,-1.75842022895813
1,single_feature_spectral_slope,41,-1.8082091991718,-1.768063187599182
1,single_feature_spectral_slope,42,-1.8137168609178984,-1.733184039592743
1,single_feature_spectral_slope,43,-1.820475358229417,-1.7719195485115051
1,single_feature_spectral_slope,44,-1.8262505072813768,-1.7763758897781372
1,single_feature_spectral_slope,45,-1.8363558787565968,-1.7932425141334534
1,single_feature_spectral_slope,46,-1.8316423984674304,-1.815162479877472
1,single_feature_spectral_slope,47,-1.844955141727741,-1.8074745535850525
1,single_feature_spectral_slope,48,-1.8570287135931165,-1.7926529049873352
1,single_feature_spectral_slope,49,-1.880955485197214,-1.851028323173523
1,single_feature_spectral_slope,50,-1.868651243356558,-1.81638777256012
1,single_feature_spectral_slope,51,-1.88037880567404,-1.8460614085197449
1,single_feature_spectral_slope,52,-1.884046903023353,-1.8500249981880188
1,single_feature_spectral_slope,53,-1.8819544957234309,-1.870488166809082
1,single_feature_spectral_slope,54,-1.888693635280316,-1.870724081993103
1,single_feature_spectral_slope,55,-1.892640498968271,-1.84177839756012
1,single_feature_spectral_slope,56,-1.899937987327576,-1.866652250289917
1,single_feature_spectral_slope,57,-1.9103492681796728,-1.9056125283241272
1,single_feature_spectral_slope,58,-1.914931278962356,-1.8515475988388064
1,single_feature_spectral_slope,59,-1.9275273634837224,-1.898641586303711
1,single_feature_spectral_slope,60,-1.9369321236243613,-1.8810040354728697
1,single_feature_spectral_slope,61,-1.942865280004648,-1.9156308770179749
1,single_feature_spectral_slope,62,-1.9391428048794088,-1.8888570070266724
1,single_feature_spectral_slope,63,-1.9425194263458248,-1.8887262344360352
1,single_feature_spectral_slope,64,-1.9361999676777768,-1.869728326797485
1,single_feature_spectral_slope,65,-1.9437849246538603,-1.8847634196281435
1,single_feature_spectral_slope,66,-1.9613665067232573,-1.8966053128242493
1,single_feature_spectral_slope,67,-1.9527354148718028,-1.9103037118911743
1,single_feature_spectral_slope,68,-1.960794522212102,-1.9099165797233584
1,single_feature_spectral_slope,69,-1.9714096876291127,-1.9286210536956787
1,single_feature_spectral_slope,70,-1.96109295808352,-1.838704526424408
1,single_feature_spectral_slope,71,-1.9220274503414447,-1.9169639348983765
1,single_feature_spectral_slope,72,-1.948665288778452,-1.8696043491363523
1,single_feature_spectral_slope,73,-1.9791216391783493,-1.948721170425415
1,single_feature_spectral_slope,74,-1.9788264953173125,-1.9118441939353945
1,single_feature_spectral_slope,75,-1.9790231723051803,-1.923722743988037
1,single_feature_spectral_slope,76,-1.9971248920147235,-1.924572229385376
1,single_feature_spectral_slope,77,-1.9965573365871725,-1.896936655044556
1,single_feature_spectral_slope,78,-2.000467658042908,-1.93820983171463
1,single_feature_spectral_slope,79,-1.9996453798734224,-1.921436488628388
1,single_feature_spectral_slope,80,-2.006336679825416,-1.8669979572296145
1,single_feature_spectral_slope,81,-1.9966154648707464,-1.9396421909332275
1,single_feature_spectral_slope,82,-1.984531420927781,-1.909093916416168
1,single_feature_spectral_slope,83,-1.995035134829008,-1.9637925624847408
1,single_feature_spectral_slope,84,-1.984796038040748,-1.9198510646820068
1,single_feature_spectral_slope,85,-2.001485595336327,-1.9518884420394893
1,single_feature_spectral_slope,86,-2.026727419633132,-1.9394637942314148
1,single_feature_spectral_slope,87,-2.024846003605769,-1.954389333724976
1,single_feature_spectral_slope,88,-2.020776913716243,-1.9240352511405945
1,single_feature_spectral_slope,89,-2.016094913849464,-1.9905941486358645
1,single_feature_spectral_slope,90,-2.028587680596572,-1.921390175819397
1,single_feature_spectral_slope,91,-2.028307951413668,-1.9261265993118288
1,single_feature_spectral_slope,92,-2.0322824716568,-1.979018330574036
1,single_feature_spectral_slope,93,-2.033638367286095,-1.9978147745132449
1,single_feature_spectral_slope,94,-2.040190366598276,-1.909312844276428
1,single_feature_spectral_slope,95,-2.039462924003601,-1.9303343892097475
1,single_feature_spectral_slope,96,-2.038909306892982,-1.9436655044555664
1,single_feature_spectral_slope,97,-2.046620790775006,-1.945503830909729
1,single_feature_spectral_slope,98,-2.039157904111422,-1.9924744963645933
1,single_feature_spectral_slope,99,-2.030092624517588,-1.9453467726707456
1,single_feature_spectral_slope,100,-2.0515670776367188,-1.9529969096183777
1,single_feature_spectral_slope,101,-2.049048056969276,-1.9582048058509829
1,single_feature_spectral_slope,102,-2.055426643444941,-1.9390468001365664
1,single_feature_spectral_slope,103,-2.054996160360483,-1.9620506763458248
1,single_feature_spectral_slope,104,-2.053366046685439,-1.9643787741661072
1,single_feature_spectral_slope,105,-2.060463685255784,-1.9515689015388489
1,single_feature_spectral_slope,106,-2.0561081812931943,-1.96046781539917
1,single_feature_spectral_slope,107,-2.0817026174985447,-1.9321985244750977
1,single_feature_spectral_slope,108,-2.063953546377329,-1.975084662437439
1,single_feature_spectral_slope,109,-2.058606367844802,-1.9620006680488584
1,single_feature_spectral_slope,110,-2.0639858062450704,-1.9709991216659544
1,single_feature_spectral_slope,111,-2.074126335290762,-1.948839902877808
1,single_feature_spectral_slope,112,-2.072572974058298,-1.946646928787232
1,single_feature_spectral_slope,113,-2.069878660715544,-1.949442446231842
1,single_feature_spectral_slope,114,-2.084246562077449,-1.9751023054122925
1,single_feature_spectral_slope,115,-2.0836578149061937,-1.9566448330879207
1,single_feature_spectral_slope,116,-2.091921971394465,-1.963658630847931
1,single_feature_spectral_slope,117,-2.092223735956045,-1.979712188243866
1,single_feature_spectral_slope,118,-2.085425532781161,-1.914792001247406
1,single_feature_total_log_power,0,0.099987323467548,-0.2044370919466018
1,single_feature_total_log_power,1,-0.33215299477944,-0.4342299103736877
1,single_feature_total_log_power,2,-0.5180747623627002,-0.5877032577991486
1,single_feature_total_log_power,3,-0.6607980911548321,-0.7322689890861511
1,single_feature_total_log_power,4,-0.7870702009934646,-0.8546126782894135
1,single_feature_total_log_power,5,-0.925828090080848,-0.9868316948413848
1,single_feature_total_log_power,6,-1.087220916381249,-1.1717302799224854
1,single_feature_total_log_power,7,-1.3175232685529268,-1.4091880321502686
1,single_feature_total_log_power,8,-1.5141390837155857,-1.5616819858551023
1,single_feature_total_log_power,9,-1.6489539788319514,-1.6841469407081604
1,single_feature_total_log_power,10,-1.851878688885616,-1.9075922966003416
1,single_feature_total_log_power,11,-1.98807992384984,-1.9172294735908508
1,single_feature_total_log_power,12,-2.1565038791069617,-2.124894380569458
1,single_feature_total_log_power,13,-2.1788902282714844,-2.2742624282836914
1,single_feature_total_log_power,14,-2.1514774836026707,-2.205371856689453
1,single_feature_total_log_power,15,-2.162198075881371,-1.9654018878936768
1,single_feature_total_log_power,16,-2.19426271548638,-2.257906198501587
1,single_feature_total_log_power,17,-2.2800896717951846,-2.147034406661988
1,single_feature_total_log_power,18,-2.2960281738868127,-2.080414295196533
1,single_feature_total_log_power,19,-2.30646053644327,-2.399839401245117
1,single_feature_total_log_power,20,-2.345066180595985,-2.387303948402405
1,single_feature_total_log_power,21,-2.399500718483558,-2.1705784797668457
1,single_feature_total_log_power,22,-2.4081930197202244,-2.486630439758301
1,single_feature_total_log_power,23,-2.454600462546716,-2.394931197166443
1,single_feature_total_log_power,24,-2.48510087453402,-2.1982626914978027
1,single_feature_total_log_power,25,-2.5007143020629883,-2.5733832120895386
1,single_feature_total_log_power,26,-2.538198177631085,-2.5276800394058228
1,single_feature_total_log_power,27,-2.5559137784517727,-2.206495523452759
1,single_feature_total_log_power,28,-2.5489095724546,-2.6661388874053955
1,single_feature_total_log_power,29,-2.616341370802659,-2.5501739978790283
1,single_feature_total_log_power,30,-2.62368053656358,-2.444506287574768
1,single_feature_total_log_power,31,-2.6323568454155555,-2.71036159992218
1,single_feature_total_log_power,32,-2.673867702484131,-2.7049872875213623
1,single_feature_total_log_power,33,-2.6837343069223256,-2.544923424720764
1,single_feature_total_log_power,34,-2.681313019532424,-2.8052079677581787
1,single_feature_total_log_power,35,-2.683958970583402,-2.827914357185364
1,single_feature_total_log_power,36,-2.7661373431865988,-2.367497444152832
1,single_feature_total_log_power,37,-2.7604534259209266,-2.5860074758529663
1,single_feature_total_log_power,38,-2.8536936869988074,-2.1717567443847656
1,single_feature_total_log_power,39,-2.411253571510315,-2.47162926197052
1,single_feature_total_log_power,40,-2.7037781201876125,-2.726197838783264
1,single_feature_total_log_power,41,-2.7959453876201925,-2.5391045808792114
1,single_feature_total_log_power,42,-2.8050827980041504,-2.998853921890259
1,single_feature_total_log_power,43,-2.8447237564967227,-2.8723632097244263
1,single_feature_total_log_power,44,-2.88398447403541,-2.4482009410858154
1,single_feature_total_log_power,45,-2.8464405903449426,-2.933656454086304
1,single_feature_total_log_power,46,-2.9090107954465427,-2.943261981010437
1,single_feature_total_log_power,47,-2.931485524544349,-2.63531756401062
1,single_feature_total_log_power,48,-2.918207498697134,-3.0551581382751465
1,single_feature_total_log_power,49,-2.952788683084341,-2.881555914878845
1,single_feature_total_log_power,50,-2.9482297530541053,-2.386730909347534
1,single_feature_total_log_power,51,-2.8899241227370043,-3.0620813369750977
1,single_feature_total_log_power,52,-2.901039637052096,-2.7840222120285034
1,single_feature_total_log_power,53,-2.979608939244197,-3.1421326398849487
1,single_feature_total_log_power,54,-3.155280351638794,-3.187950849533081
1,single_feature_total_log_power,55,-3.2377563073084903,-3.10647976398468
1,single_feature_total_log_power,56,-3.2609196259425235,-3.155722141265869
1,single_feature_total_log_power,57,-3.284864297279945,-3.3433552980422974
1,single_feature_total_log_power,58,-3.317767014870277,-3.3047064542770386
1,single_feature_total_log_power,59,-3.3581121884859524,-3.1968843936920166
1,single_feature_total_log_power,60,-3.351997192089374,-3.261758804321289
1,single_feature_total_log_power,61,-3.371967077255249,-3.361795425415039
1,single_feature_total_log_power,62,-3.369648419893705,-3.385335087776184
1,single_feature_total_log_power,63,-3.4070302889897275,-3.3711873292922974
1,single_feature_total_log_power,64,-3.418981240345881,-3.244580268859864
1,single_feature_total_log_power,65,-3.403704129732572,-3.13645076751709
1,single_feature_total_log_power,66,-3.3631942638984094,-3.234778046607971
1,single_feature_total_log_power,67,-3.425314169663649,-3.430404663085937
1,single_feature_total_log_power,68,-3.3674012147463284,-3.287096738815308
1,single_feature_total_log_power,69,-3.1957457615778995,-3.302431344985962
1,single_feature_total_log_power,70,-2.5646588710638194,-2.405822515487671
1,single_feature_total_log_power,71,-2.807879631335919,-2.8033827543258667
1,single_feature_total_log_power,72,-2.970789854343121,-3.1587471961975098
1,single_feature_total_log_power,73,-3.106765343592717,-3.1767916679382324
1,single_feature_total_log_power,74,-3.1232924461364746,-2.7558388710021973
1,single_feature_total_log_power,75,-3.1050834472362814,-3.259682536125183
1,single_feature_total_log_power,76,-3.15346882893489,-3.197483777999878
1,single_feature_total_log_power,77,-3.058236305530255,-2.7062476873397827
1,single_feature_total_log_power,78,-3.087743979233962,-3.3339391946792603
1,single_feature_total_log_power,79,-2.9936757271106424,-2.152307629585266
1,single_feature_total_log_power,80,-2.949919352164635,-3.295051097869873
1,single_feature_total_log_power,81,-3.1350449415353627,-3.246883988380432
1,single_feature_total_log_power,82,-3.1993433512174168,-2.6746983528137207
1,single_feature_total_log_power,83,-3.16660002561716,-3.373305559158325
1,single_feature_total_log_power,84,-3.168164014816284,-3.2461503744125366
1,single_feature_total_log_power,85,-3.235412230858436,-2.955570936203003
1,single_feature_total_log_power,86,-3.2373619996584377,-3.482617020606994
1,single_feature_total_log_power,87,-2.237437853446373,-2.640143632888794
1,single_feature_total_log_power,88,-2.905389345609225,-3.19490122795105
1,single_feature_total_log_power,89,-2.818404362751888,-3.402999758720398
1,single_feature_total_log_power,90,-3.030875536111685,-3.452855944633484
1,single_feature_total_log_power,91,-3.494520920973557,-3.223722815513611
1,single_feature_total_log_power,92,-3.1436597934136024,-1.5875385999679563
1,single_feature_total_log_power,93,-2.9140278559464674,-3.2001235485076904
1,single_feature_total_log_power,94,-3.2314293567950907,-3.3226269483566284
1,single_feature_total_log_power,95,-3.2768355516287,-2.780079960823059
1,single_feature_total_log_power,96,-3.200129270553589,-3.355376482009888
1,single_feature_total_log_power,97,-3.302264213562012,-3.2993959188461304
1,single_feature_total_log_power,98,-3.302452876017644,-3.0252538919448853
1,single_feature_total_log_power,99,-3.4022597716404843,-3.423911571502685
1,single_feature_total_log_power,100,-3.278383548443134,-2.7284094095230103
1,single_feature_total_log_power,101,-2.961410256532522,-3.313347816467285
1,single_feature_total_log_power,102,-3.4117001386789174,-3.21097195148468
1,single_feature_total_log_power,103,-3.524852184148936,-3.34482216835022
1,single_feature_total_log_power,104,-3.5266333543337307,-3.6684376001358032
1,single_feature_total_log_power,105,-1.9461949880306533,-3.0383875370025635
1,single_feature_total_log_power,106,-2.7362701892852783,-2.251961231231689
1,single_feature_total_log_power,107,-2.881566872963538,-2.839861512184143
1,single_feature_total_log_power,108,-2.937853299654447,-3.2014349699020386
1,single_feature_total_log_power,109,-2.9777793884277344,-3.024146556854248
1,single_feature_total_log_power,110,-3.139639212534978,-3.265034794807434
1,single_feature_total_log_power,111,-3.281548646780161,-3.1099272966384888
1,single_feature_total_log_power,112,-3.236172199249268,-3.2395710945129395
1,single_feature_total_log_power,113,-3.3394848016592174,-3.266970634460449
1,single_feature_total_log_power,114,-3.3539193593538723,-3.2315640449523926
1,single_feature_total_log_power,115,-3.39446209027217,-3.565383791923523
1,single_feature_total_log_power,116,-3.413944831261268,-3.401242256164551
1,single_feature_total_log_power,117,-3.406205324026254,-3.1510426998138428
1,single_feature_total_log_power,118,-3.117712772809542,-3.15110182762146
1,single_feature_total_log_power,119,-3.246881026488084,-2.990327477455139
1,single_feature_total_log_power,120,-3.3040929390833926,-3.280884385108948
1,single_feature_total_log_power,121,-3.398170452851516,-3.5988411903381348
1,single_feature_total_log_power,122,-3.281493975565984,-3.64085590839386
1,single_feature_total_log_power,123,-3.3874969482421875,-2.148000240325928
1,single_feature_total_log_power,124,-3.197458854088417,-3.474527597427368
1,single_feature_total_log_power,125,-3.441511997809777,-3.3141478300094604
1,single_feature_total_log_power,126,-3.434037832113413,-3.058830976486206
1,single_feature_total_log_power,127,-3.4158977545224705,-3.6007617712020874
1,single_feature_total_log_power,128,-3.443841475706834,-3.4937222003936768
1,single_feature_total_log_power,129,-3.4687310732327976,-3.0041840076446533
1,single_feature_dominant_freq,0,0.0583434299780772,-0.2728637158870697
1,single_feature_dominant_freq,1,-0.42371993798476,-0.5287325382232666
1,single_feature_dominant_freq,2,-0.624363151880411,-0.6904122829437256
1,single_feature_dominant_freq,3,-0.7641874414223891,-0.8026238083839417
1,single_feature_dominant_freq,4,-0.8882077244611887,-0.9015098214149476
1,single_feature_dominant_freq,5,-1.0024118240063007,-1.0080260038375854
1,single_feature_dominant_freq,6,-1.0887950016902044,-1.1007442474365234
1,single_feature_dominant_freq,7,-1.1557625807248628,-1.132785439491272
1,single_feature_dominant_freq,8,-1.216087561387282,-1.1778188347816467
1,single_feature_dominant_freq,9,-1.2629729692752545,-1.2415592074394226
1,single_feature_dominant_freq,10,-1.2970634148671076,-1.2744665145874023
1,single_feature_dominant_freq,11,-1.3438937664031982,-1.346327722072601
1,single_feature_dominant_freq,12,-1.3753371513806856,-1.36203795671463
1,single_feature_dominant_freq,13,-1.4038621554007895,-1.3918911814689636
1,single_feature_dominant_freq,14,-1.4333721124208891,-1.4214991331100464
1,single_feature_dominant_freq,15,-1.456806017802312,-1.414154231548309
1,single_feature_dominant_freq,16,-1.4935123003446138,-1.4440017938613892
1,single_feature_dominant_freq,17,-1.5044503487073455,-1.4744220972061155
1,single_feature_dominant_freq,18,-1.523995802952693,-1.5149929523468018
1,single_feature_dominant_freq,19,-1.546554134442256,-1.4991207718849182
1,single_feature_dominant_freq,20,-1.5727537595308745,-1.5169330835342407
1,single_feature_dominant_freq,21,-1.5768428307313185,-1.5218741297721865
1,single_feature_dominant_freq,22,-1.5974700634296124,-1.546655774116516
1,single_feature_dominant_freq,23,-1.6140407415536733,-1.5351810455322266
1,single_feature_dominant_freq,24,-1.6381738369281476,-1.5583120584487915
1,single_feature_dominant_freq,25,-1.6497933130997875,-1.5673683285713196
1,single_feature_dominant_freq,26,-1.6617895639859712,-1.5964982509613037
1,single_feature_dominant_freq,27,-1.6661826647244966,-1.5348077416419983
1,single_feature_dominant_freq,28,-1.6311126855703502,-1.596046805381775
1,single_feature_dominant_freq,29,-1.6481817410542414,-1.6126964688301086
1,single_feature_dominant_freq,30,-1.6990269697629488,-1.635994017124176
1,single_feature_dominant_freq,31,-1.7280620428232043,-1.6414782404899595
1,single_feature_dominant_freq,32,-1.731799840927124,-1.670351803302765
1,single_feature_dominant_freq,33,-1.7295443369792058,-1.600160837173462
1,single_feature_dominant_freq,34,-1.708406595083383,-1.6826778054237366
1,single_feature_dominant_freq,35,-1.7302127801454985,-1.6757853031158447
1,single_feature_dominant_freq,36,-1.7569519097988422,-1.660344123840332
1,single_feature_dominant_freq,37,-1.7837445735931396,-1.6489000916481018
1,single_feature_dominant_freq,38,-1.7736917642446666,-1.6762108206748962
1,single_feature_dominant_freq,39,-1.7740727754739614,-1.7077319025993347
1,single_feature_dominant_freq,40,-1.7862743781163142,-1.6665489673614502
1,single_feature_dominant_freq,41,-1.7980547409791212,-1.70792818069458
1,single_feature_dominant_freq,42,-1.7925059336882372,-1.715047538280487
1,single_feature_dominant_freq,43,-1.8042276455805848,-1.680544376373291
1,single_feature_dominant_freq,44,-1.82011892245366,-1.716456949710846
1,single_feature_dominant_freq,45,-1.8297282915848951,-1.738616704940796
1,single_feature_dominant_freq,46,-1.84867931329287,-1.747911810874939
1,single_feature_dominant_freq,47,-1.7951102806971624,-1.6922967433929443
1,single_feature_dominant_freq,48,-1.840396908613352,-1.7275256514549255
1,single_feature_dominant_freq,49,-1.863313179749709,-1.752869725227356
1,single_feature_dominant_freq,50,-1.8638019561767576,-1.7886000871658323
1,single_feature_dominant_freq,51,-1.8699808854323168,-1.76403546333313
1,single_feature_dominant_freq,52,-1.8758480182060828,-1.7168430089950562
1,single_feature_dominant_freq,53,-1.8624525712086604,-1.7452853918075562
1,single_feature_dominant_freq,54,-1.8825032435930693,-1.7486756443977356
1,single_feature_dominant_freq,55,-1.889622275645916,-1.7760241627693176
1,single_feature_dominant_freq,56,-1.874273364360516,-1.7571085691452026
1,single_feature_dominant_freq,57,-1.891745475622324,-1.772753655910492
1,single_feature_dominant_freq,58,-1.90915375489455,-1.759663224220276
1,single_feature_dominant_freq,59,-1.905869062130268,-1.675810933113098
1,single_feature_dominant_freq,60,-1.9097964396843543,-1.7789669036865234
1,single_feature_dominant_freq,61,-1.9208559531431928,-1.7714057564735413
1,single_feature_dominant_freq,62,-1.9230549243780284,-1.788096249103546
1,single_feature_dominant_freq,63,-1.8905300268760088,-1.7627317905426023
1,single_feature_dominant_freq,64,-1.901573135302617,-1.7756528854370115
1,single_feature_dominant_freq,65,-1.9379663467407229,-1.7899630069732666
1,single_feature_dominant_freq,66,-1.9340495788134064,-1.7723200917243958
1,single_feature_dominant_freq,67,-1.8899392989965589,-1.381469428539276
1,single_feature_dominant_freq,68,-1.6935196014551015,-1.7260280847549438
1,single_feature_dominant_freq,69,-1.8687825569739709,-1.7423465251922607
1,single_feature_dominant_freq,70,-1.89334695155804,-1.7951110005378723
1,single_feature_dominant_freq,71,-1.933771784488972,-1.835818767547608
1,single_feature_dominant_freq,72,-1.93901343529041,-1.793361783027649
1,single_feature_dominant_freq,73,-1.948027674968426,-1.7838839888572693
1,single_feature_dominant_freq,74,-1.956860716526325,-1.7764294147491455
1,single_feature_dominant_freq,75,-1.9639754387048567,-1.778481900691986
1,single_feature_dominant_freq,76,-1.9584751954445472,-1.8052465915679927
1,single_feature_dominant_freq,77,-1.9674183772160456,-1.7949755787849426
1,single_feature_dominant_freq,78,-1.965835479589609,-1.821023225784301
1,single_feature_dominant_freq,79,-1.979538422364455,-1.8148483037948608
1,single_feature_dominant_freq,80,-1.959694844025832,-1.826319396495819
1,single_feature_dominant_freq,81,-1.9894660986386807,-1.8270217180252075
1,single_feature_dominant_freq,82,-1.9817871038730328,-1.823755979537964
1,single_feature_dominant_freq,83,-1.9950431677011344,-1.817319631576538
1,single_feature_dominant_freq,84,-1.974642276763916,-1.8371238112449648
1,single_feature_dominant_freq,85,-1.9958335436307464,-1.83752965927124
1,single_feature_dominant_freq,86,-2.004109162550706,-1.8240991830825808
1,single_feature_dominant_freq,87,-1.9945835241904624,-1.7973166108131409
1,single_feature_dominant_freq,88,-2.016313131038959,-1.8243952989578247
1,single_feature_dominant_freq,89,-2.00502034334036,-1.833680808544159
1,single_feature_dominant_freq,90,-1.994876797382648,-1.8534029126167293
1,single_feature_dominant_freq,91,-2.0063599806565504,-1.863421618938446
1,single_feature_dominant_freq,92,-2.0104668598908644,-1.8531219363212583
1,single_feature_dominant_freq,93,-2.004621038070092,-1.7906282544136047
1,single_feature_dominant_freq,94,-1.9833625555038448,-1.7730984091758728
1,single_feature_dominant_freq,95,-1.9912835634671724,-1.8302433490753167
1,single_feature_dominant_freq,96,-1.983760063464825,-1.8592793941497805
1,single_feature_dominant_freq,97,-2.0176488619584303,-1.8221120834350584
1,single_feature_dominant_freq,98,-2.039372517512395,-1.8614524006843567
1,single_feature_dominant_freq,99,-2.0261413959356456,-1.850923836231232
1,single_feature_dominant_freq,100,-2.0271546290471005,-1.81137365102768
1,single_feature_dominant_freq,101,-2.00230559018942,-1.7826701998710632
1,single_feature_dominant_freq,102,-1.9950030400202825,-1.8202726244926453
1,single_feature_dominant_freq,103,-2.0086004642339854,-1.816741049289704
1,single_feature_dominant_freq,104,-2.013745775589576,-1.817605972290039
1,single_feature_dominant_freq,105,-2.0113543088619528,-1.7317193746566772
1,single_feature_dominant_freq,106,-2.021796602469224,-1.8067352771759035
1,single_feature_dominant_freq,107,-2.040495423170237,-1.8294987082481384
1,single_feature_dominant_freq,108,-2.042841131870563,-1.8092527389526367
1,single_feature_dominant_freq,109,-2.056644164598905,-1.8522566556930544
1,single_feature_dominant_freq,110,-2.0449831760846653,-1.793630063533783
1,single_feature_dominant_freq,111,-2.05706497339102,-1.806762456893921
1,single_feature_dominant_freq,112,-2.048351031083328,-1.8825554847717283
1,single_feature_dominant_freq,113,-2.060422081213731,-1.8603584170341487
1,single_feature_dominant_freq,114,-2.056242851110605,-1.8068421483039856
1,single_feature_dominant_freq,115,-2.0598306472484884,-1.8417269587516785
1,single_feature_dominant_freq,116,-2.0484696351564846,-1.8401580452919009
1,single_feature_dominant_freq,117,-2.066413613466116,-1.820254385471344
1,single_feature_dominant_freq,118,-2.0765571227440467,-1.845877170562744
1,single_feature_dominant_freq,119,-2.0717203617095947,-1.7919413447380066
1,single_feature_dominant_freq,120,-2.062213402528029,-1.787558376789093
1,single_feature_dominant_freq,121,-2.063424880688007,-1.8622121810913088
1,single_feature_dominant_freq,122,-2.09057800586407,-1.855609655380249
1,single_feature_dominant_freq,123,-2.089021425980788,-1.8873790502548216
1,single_feature_dominant_freq,124,-2.097516023195707,-1.90869140625
1,single_feature_dominant_freq,125,-2.098571337186373,-1.808108389377594
1,single_feature_dominant_freq,126,-2.09897766663478,-1.8530781269073489
1,single_feature_dominant_freq,127,-2.091925621032715,-1.8293282389640808
1,single_feature_dominant_freq,128,-2.0836428495553823,-1.822206437587738
1,single_feature_dominant_freq,129,-2.091125121483436,-1.872380614280701
1,single_feature_dominant_freq,130,-2.071465712327224,-1.857003927230835
1,single_feature_dominant_freq,131,-2.0914002932035007,-1.837605416774749
1,single_feature_dominant_freq,132,-2.0893586782308726,-1.819782078266144
1,single_feature_dominant_freq,133,-2.088741045731765,-1.8439449667930603
1,single_feature_dominant_freq,134,-2.0868915502841654,-1.7974722981452942
1,single_feature_dominant_freq,135,-2.093704021894015,-1.8179286122322085
1,single_feature_dominant_freq,136,-2.121847079350398,-1.8765218257904053
1,single_feature_dominant_freq,137,-2.124744332753695,-1.8652406334877007
1,single_feature_dominant_freq,138,-2.094327422288748,-1.7744370698928833
1,single_feature_dominant_freq,139,-2.100522041320801,-1.859127461910248
1,single_feature_dominant_freq,140,-2.123080070202167,-1.8577162623405457
1,single_feature_dominant_freq,141,-2.113087984231802,-1.8357964754104608
1,single_feature_dominant_freq,142,-2.1065402306043186,-1.8122197985649109
1,single_feature_dominant_freq,143,-2.0819707191907444,-1.8411515951156616
1,single_feature_dominant_freq,144,-2.110749703187209,-1.872146248817444
1,single_feature_dominant_freq,145,-2.097375007776113,-1.7512465715408323
1,single_feature_dominant_freq,146,-2.100368719834548,-1.8773372769355767
1,single_feature_dominant_freq,147,-2.103934618142935,-1.8176972270011904
1,single_feature_dominant_freq,148,-2.139787032054021,-1.8555209636688232
1,single_feature_dominant_freq,149,-2.132331132888794,-1.8346227407455444
1,single_feature_hjorth_mobility,0,0.1154610868543386,-0.2019392400979995
1,single_feature_hjorth_mobility,1,-0.3402938063328082,-0.4475997388362884
1,single_feature_hjorth_mobility,2,-0.5616941956373361,-0.6522508859634399
1,single_feature_hjorth_mobility,3,-0.7459032443853525,-0.7987460494041443
1,single_feature_hjorth_mobility,4,-0.9004239485814021,-0.9637843370437622
1,single_feature_hjorth_mobility,5,-1.06126135129195,-1.085527002811432
1,single_feature_hjorth_mobility,6,-1.1879585156073935,-1.2073525190353394
1,single_feature_hjorth_mobility,7,-1.310623599932744,-1.3263103365898132
1,single_feature_hjorth_mobility,8,-1.4421834670580351,-1.4725745916366575
1,single_feature_hjorth_mobility,9,-1.5775256615418654,-1.5934523940086365
1,single_feature_hjorth_mobility,10,-1.7156606637514555,-1.7339712381362915
1,single_feature_hjorth_mobility,11,-1.795538718883808,-1.838602364063263
1,single_feature_hjorth_mobility,12,-1.8684657078522904,-1.8515249490737915
1,single_feature_hjorth_mobility,13,-1.966578217653128,-1.935897946357727
1,single_feature_hjorth_mobility,14,-2.049222625218905,-2.063351392745972
1,single_feature_hjorth_mobility,15,-2.12855731523954,-2.090069890022278
1,single_feature_hjorth_mobility,16,-2.249401110869188,-2.2547348737716675
1,single_feature_hjorth_mobility,17,-2.177278518676758,-2.091691017150879
1,single_feature_hjorth_mobility,18,-2.2939039193666897,-2.261066317558289
1,single_feature_hjorth_mobility,19,-2.378526247464693,-2.06392788887024
1,single_feature_hjorth_mobility,20,-2.070138857914851,-2.2573660612106323
1,single_feature_hjorth_mobility,21,-2.453355404046865,-2.318408250808716
1,single_feature_hjorth_mobility,22,-2.3512259263258715,-2.355369329452514
1,single_feature_hjorth_mobility,23,-2.443679827910203,-2.189869165420532
1,single_feature_hjorth_mobility,24,-2.489784149023203,-2.328636765480041
1,single_feature_hjorth_mobility,25,-2.4595307386838474,-2.4801794290542603
1,single_feature_hjorth_mobility,26,-2.642757159013015,-2.4457181692123413
1,single_feature_hjorth_mobility,27,-2.4993811203883243,-2.396960735321045
1,single_feature_hjorth_mobility,28,-2.6026689456059384,-2.1991920471191406
1,single_feature_hjorth_mobility,29,-2.553721519616934,-2.615990996360779
1,single_feature_hjorth_mobility,30,-2.6212949752807617,-2.4420682191848755
1,single_feature_hjorth_mobility,31,-2.6592301772190976,-2.643865942955017
1,single_feature_hjorth_mobility,32,-2.752364488748404,-2.6828322410583496
1,single_feature_hjorth_mobility,33,-2.776264649171096,-2.684553861618042
1,single_feature_hjorth_mobility,34,-2.811699702189519,-2.741536498069763
1,single_feature_hjorth_mobility,35,-2.824013875080989,-2.7391419410705566
1,single_feature_hjorth_mobility,36,-2.8372041628910947,-2.7581855058670044
1,single_feature_hjorth_mobility,37,-2.8382574778336744,-2.773178100585937
1,single_feature_hjorth_mobility,38,-2.8395611689640927,-2.722578287124634
1,single_feature_hjorth_mobility,39,-2.7102770805358887,-2.5009509325027466
1,single_feature_hjorth_mobility,40,-2.735755223494309,-2.7749152183532715
1,single_feature_hjorth_mobility,41,-2.7632365226745605,-2.667480707168579
1,single_feature_hjorth_mobility,42,-2.775022598413321,-2.5605193376541138
1,single_feature_hjorth_mobility,43,-2.7844779308025656,-2.799790620803833
1,single_feature_hjorth_mobility,44,-2.821020786578839,-2.625951409339905
1,single_feature_hjorth_mobility,45,-2.790319497768696,-2.579733729362488
1,single_feature_hjorth_mobility,46,-2.818614207781278,-2.687450408935547
1,single_feature_hjorth_mobility,47,-2.8432332552396336,-2.7600971460342407
1,single_feature_hjorth_mobility,48,-2.8433895111083984,-2.68497633934021
1,single_feature_hjorth_mobility,49,-2.8451426396003137,-2.814088702201844
1,single_feature_hjorth_mobility,50,-2.8789751529693604,-2.786739468574524
1,single_feature_hjorth_mobility,51,-2.876363827632024,-2.6941317319869995
1,single_feature_hjorth_mobility,52,-2.863318626697247,-2.858696460723877
1,single_feature_hjorth_mobility,53,-2.8753951512850247,-2.880571722984314
1,single_feature_hjorth_mobility,54,-2.8870299596052904,-2.7954505681991577
1,single_feature_hjorth_mobility,55,-2.8484098544487586,-2.856621026992798
1,single_feature_hjorth_mobility,56,-2.941410651573768,-2.904171586036682
1,single_feature_hjorth_mobility,57,-2.9945611403538632,-2.84577739238739
1,single_feature_hjorth_mobility,58,-2.9078586284930887,-2.868254542350769
1,single_feature_hjorth_mobility,59,-2.915351464198186,-2.6652815341949463
1,single_feature_hjorth_mobility,60,-2.9171670583578257,-2.9141907691955566
1,single_feature_hjorth_mobility,61,-2.950065172635592,-2.828271508216858
1,single_feature_hjorth_mobility,62,-2.962566559131329,-2.7312769889831543
1,single_feature_hjorth_mobility,63,-2.971952273295476,-2.858968138694763
1,single_feature_hjorth_mobility,64,-2.979324359160203,-2.9142812490463257
1,single_feature_hjorth_mobility,65,-3.074956325384287,-2.9717937707901
1,single_feature_hjorth_mobility,66,-2.9710389100588284,-2.5747487545013428
1,single_feature_hjorth_mobility,67,-2.9522165151742787,-3.0067646503448486
1,single_feature_hjorth_mobility,68,-2.9928996562957764,-2.743868112564087
1,single_feature_hjorth_mobility,69,-2.981261766873873,-2.860220670700073
1,single_feature_hjorth_mobility,70,-3.01207421376155,-2.910939216613769
1,single_feature_hjorth_mobility,71,-3.011140713324913,-2.880956292152405
1,single_feature_hjorth_mobility,72,-3.0499412830059347,-2.9804553985595703
1,single_feature_hjorth_mobility,73,-3.044658459149874,-2.8743337392807007
1,single_feature_hjorth_mobility,74,-3.03603744506836,-2.817201018333435
1,single_feature_hjorth_mobility,75,-3.0295049777397742,-2.912505030632019
1,single_feature_hjorth_mobility,76,-3.0889902665064883,-2.945725202560425
1,single_feature_hjorth_mobility,77,-3.097842179811918,-3.02001428604126
1,single_feature_hjorth_mobility,78,-3.1497810620528,-3.032602071762085
1,single_feature_hjorth_mobility,79,-2.994180624301617,-3.004652619361877
1,single_feature_hjorth_mobility,80,-3.033592700958252,-2.8761441707611084
1,single_feature_hjorth_mobility,81,-3.075210974766658,-3.0140942335128784
1,single_feature_hjorth_mobility,82,-3.1777336597442627,-3.070135474205017
1,single_feature_hjorth_mobility,83,-3.178424541766827,-2.983233690261841
1,single_feature_hjorth_mobility,84,-3.0431811075944166,-3.014143466949463
1,single_feature_hjorth_mobility,85,-3.07453518647414,-2.9926464557647705
1,single_feature_hjorth_mobility,86,-3.0965552513415995,-2.8968464136123657
1,single_feature_hjorth_mobility,87,-3.081194969323965,-2.968651413917541
1,single_feature_hjorth_mobility,88,-3.099457227266752,-2.913877010345459
1,single_feature_hjorth_mobility,89,-3.112765018756573,-2.8620206117630005
1,single_feature_hjorth_mobility,90,-3.1049195986527662,-3.0080926418304443
1,single_feature_hjorth_mobility,91,-3.130106962644137,-3.040656805038452
1,single_feature_hjorth_mobility,92,-3.135871557088999,-2.8857216835021973
1,single_feature_hjorth_mobility,93,-3.1096416803506703,-3.039125084877014
1,single_feature_hjorth_mobility,94,-3.145104243205144,-2.9696877002716064
1,single_feature_hjorth_mobility,95,-3.1324282059302697,-2.885327816009521
1,single_feature_hjorth_mobility,96,-3.1265368094811072,-2.9870141744613647
1,single_feature_hjorth_mobility,97,-3.1587086274073672,-3.0015366077423096
1,single_feature_hjorth_mobility,98,-3.1523899665245643,-2.9408129453659058
1,single_feature_hjorth_mobility,99,-3.147834557753342,-3.1188302040100098
1,single_feature_hjorth_mobility,100,-3.161159900518564,-3.045624613761902
1,single_feature_hjorth_mobility,101,-3.173154354095459,-2.955222845077514
1,single_feature_hjorth_mobility,102,-3.1788893662966213,-3.09466564655304
1,single_feature_hjorth_mobility,103,-3.159648106648372,-3.022008419036865
1,single_feature_hjorth_mobility,104,-3.1684880073253927,-2.9451104402542114
1,single_feature_hjorth_mobility,105,-3.1561920092656064,-3.136699914932251
1,single_feature_hjorth_mobility,106,-3.180748829474816,-2.9775075912475586
1,single_feature_hjorth_mobility,107,-3.168435591917772,-2.970487594604492
1,single_feature_hjorth_mobility,108,-3.187482136946458,-3.087630867958069
1,single_feature_hjorth_mobility,109,-3.1753396070920505,-3.0627007484436035
1,single_feature_hjorth_mobility,110,-3.1873174814077525,-3.045225143432617
1,single_feature_hjorth_mobility,111,-3.266933569541344,-3.1076515913009644
1,single_feature_hjorth_mobility,112,-3.2711913952460656,-3.1034284830093384
1,single_feature_hjorth_mobility,113,-3.219698630846464,-3.025858163833618
1,single_feature_hjorth_mobility,114,-3.1988690082843485,-3.118337392807007
1,single_feature_hjorth_mobility,115,-3.2376003448779764,-3.1435766220092773
1,single_feature_hjorth_mobility,116,-3.2659195203047533,-3.128658413887024
1,single_feature_hjorth_mobility,117,-3.2906096348395715,-3.160781145095825
1,single_feature_hjorth_mobility,118,-3.298378045742328,-3.060683012008667
1,single_feature_hjorth_mobility,119,-3.2396601163423977,-2.943085551261902
1,single_feature_hjorth_mobility,120,-3.212791754649236,-3.175893187522888
1,single_feature_hjorth_mobility,121,-3.227418202620286,-3.010792255401612
1,single_feature_hjorth_mobility,122,-3.238119088686429,-2.994688034057617
1,single_feature_hjorth_mobility,123,-3.25181559415964,-3.125731825828552
1,single_feature_hjorth_mobility,124,-3.2560950425954966,-3.1364368200302124
1,single_feature_hjorth_mobility,125,-3.264151169703557,-3.0121726989746094
1,single_feature_hjorth_mobility,126,-3.264529301570012,-3.128469944000244
1,single_feature_hjorth_mobility,127,-3.262164996220516,-3.028835654258728
1,single_feature_hjorth_mobility,128,-3.24739408493042,-2.9795531034469604
1,single_feature_hjorth_mobility,129,-3.2464120938227725,-3.087113857269287
1,single_feature_hjorth_mobility,130,-3.283593636292678,-3.097352743148804
1,single_feature_hjorth_mobility,131,-3.338983040589553,-3.090944290161133
1,single_feature_hjorth_mobility,132,-3.172384115365835,-3.067565083503723
1,single_feature_hjorth_mobility,133,-3.23793049959036,-3.108479380607605
1,single_feature_hjorth_mobility,134,-3.279271877728976,-3.0792720317840576
1,single_feature_hjorth_mobility,135,-3.35039943915147,-3.16318416595459
1,single_feature_hjorth_mobility,136,-3.3357227398799014,-3.073157787322998
1,single_feature_hjorth_mobility,137,-3.34711819428664,-3.203724265098572
1,single_feature_hjorth_mobility,138,-3.3564643126267653,-3.218801259994507
1,single_feature_hjorth_mobility,139,-3.3601131439208984,-3.20220959186554
1,single_feature_hjorth_mobility,140,-3.3476743331322303,-3.17857038974762
1,single_feature_hjorth_mobility,141,-3.344815786068256,-3.18381929397583
1,single_feature_hjorth_mobility,142,-3.303434867125291,-2.868693709373474
1,single_feature_hjorth_mobility,143,-3.2724678149590125,-3.1093196868896484
1,single_feature_hjorth_mobility,144,-3.3064930072197547,-3.128417730331421
1,single_feature_hjorth_mobility,145,-3.3066593500284047,-3.05746066570282
1,single_feature_hjorth_mobility,146,-3.2869382821596584,-3.194906234741211
1,single_feature_hjorth_mobility,147,-3.3110630695636454,-3.186206817626953
1,single_feature_hjorth_mobility,148,-3.3334050361926737,-3.017670512199402
1,single_feature_hjorth_mobility,149,-3.3254497051239014,-3.1754595041275024
1,single_feature_hjorth_mobility,150,-3.3356524247389574,-3.1543006896972656
1,single_feature_hjorth_mobility,151,-3.3406539880312405,-3.0400283336639404
1,single_feature_hjorth_mobility,152,-3.2923879073216367,-3.136746883392334
1,single_feature_hjorth_mobility,153,-3.333370428818923,-3.20210075378418
1,single_feature_hjorth_mobility,154,-3.331405071111826,-2.979962110519409
1,single_feature_hjorth_mobility,155,-3.334911254736093,-3.218213438987732
1,single_feature_hjorth_mobility,156,-3.347330845319308,-3.14039409160614
1,single_feature_hjorth_mobility,157,-3.347729041026189,-3.0730948448181152
1,single_feature_hjorth_mobility,158,-3.3308055584247294,-3.163011074066162
1,single_feature_hjorth_mobility,159,-3.3890399749462423,-3.181108355522156
1,single_feature_hjorth_mobility,160,-3.4237127670874963,-3.2299667596817017
1,single_feature_hjorth_mobility,161,-3.433906023318951,-3.213797450065613
1,single_feature_hjorth_mobility,162,-3.412932469294621,-3.1935572624206543
1,single_feature_hjorth_mobility,163,-3.4355070957770715,-3.202540636062622
1,single_feature_hjorth_mobility,164,-3.4122928839463453,-3.1535273790359497
1,single_feature_hjorth_mobility,165,-3.378791038806622,-3.113932847976685
1,single_feature_hjorth_mobility,166,-3.406845753009503,-3.252717971801758
1,single_feature_hjorth_mobility,167,-3.4376241977398214,-2.9606672525405884
1,single_feature_hjorth_mobility,168,-3.336574902901283,-3.194584012031555
1,single_feature_hjorth_mobility,169,-3.361983134196355,-3.242335677146912
1,single_feature_hjorth_mobility,170,-3.3780037256387563,-3.2662988901138306
1,single_feature_hjorth_mobility,171,-3.4511979726644664,-3.2038923501968384
1,single_feature_hjorth_mobility,172,-3.448872584563035,-3.2630388736724854
1,single_feature_hjorth_mobility,173,-3.4362419751974254,-3.039713501930237
1,single_feature_hjorth_mobility,174,-3.3205322302304783,-3.1983914375305176
1,single_feature_hjorth_mobility,175,-3.385878764666044,-3.190470218658448
1,single_feature_hjorth_mobility,176,-3.400865646509024,-3.055532693862915
1,single_feature_hjorth_mobility,177,-3.3903051706460805,-3.172310709953308
1,single_feature_hjorth_mobility,178,-3.4185366997352014,-3.275426387786865
1,single_feature_hjorth_mobility,179,-3.4132720140310435,-3.107431650161743
1,single_feature_hjorth_mobility,180,-3.3958277702331543,-3.247496247291565
1,single_feature_hjorth_mobility,181,-3.412787932616013,-3.1705873012542725
1,single_feature_hjorth_mobility,182,-3.454125697796161,-3.293121576309204
1,single_feature_hjorth_mobility,183,-3.505834799546462,-3.258018136024475
1,single_feature_hjorth_mobility,184,-3.499487271675697,-3.2918964624404907
1,single_feature_hjorth_mobility,185,-3.40981910778926,-3.1770052909851074
1,single_feature_hjorth_mobility,186,-3.4495769280653734,-3.211713552474976
1,single_feature_hjorth_mobility,187,-3.3955677839425893,-3.2731534242630005
1,single_feature_hjorth_mobility,188,-3.505301732283372,-3.210518002510071
1,single_feature_hjorth_mobility,189,-3.4902835809267483,-3.2224236726760864
1,single_feature_hjorth_mobility,190,-3.4840903282165527,-3.2945261001586914
1,single_feature_hjorth_mobility,191,-3.524441388937144,-3.232568621635437
1,single_feature_hjorth_mobility,192,-3.437588563332191,-3.2467657327651978
1,single_feature_hjorth_mobility,193,-3.402847950275128,-2.8742473125457764
1,single_feature_hjorth_mobility,194,-3.336957656420194,-3.1783512830734253
1,single_feature_hjorth_mobility,195,-3.4664600445674014,-3.1397898197174072
1,single_feature_hjorth_mobility,196,-3.3724356247828555,-2.970619201660156
1,single_feature_hjorth_mobility,197,-3.3135655843294582,-3.2435784339904785
1,single_feature_hjorth_mobility,198,-3.461308314250066,-3.18362295627594
1,single_feature_hjorth_mobility,199,-3.500469519541814,-3.2933294773101807
1,single_feature_hjorth_mobility,200,-3.5044166491581845,-3.222869634628296
1,single_feature_hjorth_mobility,201,-3.5203573520366964,-3.345304489135742
1,single_feature_hjorth_mobility,202,-3.531674825228177,-3.3151293992996216
1,single_feature_hjorth_mobility,203,-3.524438362855178,-3.2489147186279297
1,single_feature_hjorth_mobility,204,-3.549029662058904,-3.250669360160828
1,single_feature_hjorth_mobility,205,-3.5334126949310303,-3.249329805374145
1,single_feature_hjorth_mobility,206,-3.530973342748789,-3.3237712383270264
1,single_feature_hjorth_mobility,207,-3.55732694038978,-3.2791764736175537
1,single_feature_hjorth_mobility,208,-3.5654342541327844,-3.311244010925293
1,single_feature_hjorth_mobility,209,-3.565600431882418,-3.2747429609298706
1,single_feature_hjorth_mobility,210,-3.5597084852365346,-3.274980306625366
1,single_feature_hjorth_mobility,211,-3.5269074073204627,-3.28159773349762
1,single_feature_hjorth_mobility,212,-3.570813013957097,-3.251353859901428
1,single_feature_hjorth_mobility,213,-3.556423939191378,-3.299685835838318
1,single_feature_hjorth_mobility,214,-3.554440278273362,-3.2671215534210205
1,single_feature_hjorth_mobility,215,-3.585483899483314,-3.3394311666488647
1,single_feature_hjorth_mobility,216,-3.555876291715182,-3.260810375213623
1,single_feature_hjorth_mobility,217,-3.5524499049553504,-3.290361762046814
1,single_feature_hjorth_mobility,218,-3.582701774743887,-3.3458712100982666
1,single_feature_hjorth_mobility,219,-3.584793072480422,-3.326242566108704
1,single_feature_hjorth_mobility,220,-3.4988501988924465,-3.193579912185669
1,single_feature_hjorth_mobility,221,-3.5588173866271973,-3.405258178710937
1,single_feature_hjorth_mobility,222,-3.5560473845555234,-3.3378047943115234
1,single_feature_hjorth_mobility,223,-3.5890654050386868,-3.231572389602661
1,single_feature_hjorth_mobility,224,-3.510356206160325,-3.247821569442749
1,single_feature_hjorth_mobility,225,-3.5465211134690504,-3.2327879667282104
1,single_feature_hjorth_mobility,226,-3.519851629550641,-3.292144298553467
1,single_feature_hjorth_mobility,227,-3.551943778991699,-3.244813561439514
1,single_feature_hjorth_mobility,228,-3.5522104776822605,-3.270431876182556
1,single_feature_hjorth_mobility,229,-3.5668346331669736,-3.323757290840149
1,single_feature_hjorth_mobility,230,-3.5785485964555006,-3.2191569805145264
1,single_feature_hjorth_mobility,231,-3.581319937339196,-3.3168015480041504
1,single_feature_hjorth_mobility,232,-3.588290654695951,-3.330508828163147
1,single_feature_hjorth_mobility,233,-3.624459358362051,-3.1886346340179443
1,single_feature_hjorth_mobility,234,-3.61289119720459,-3.3397390842437744
1,single_feature_hjorth_mobility,235,-3.608557150914119,-3.3605931997299194
1,single_feature_hjorth_mobility,236,-3.539796003928551,-3.2614574432373047
1,single_feature_hjorth_mobility,237,-3.597809626505925,-3.291332006454468
1,single_feature_hjorth_mobility,238,-3.614897342828604,-3.3342655897140503
1,single_feature_hjorth_mobility,239,-3.640291599126962,-3.3071231842041016
1,single_feature_hjorth_mobility,240,-3.5310008892646203,-3.241028308868408
1,single_feature_hjorth_mobility,241,-3.595720181098351,-3.1906076669693
1,single_feature_hjorth_mobility,242,-3.520842662224403,-3.2826645374298096
1,single_feature_hjorth_mobility,243,-3.519831345631526,-3.24064564704895
1,single_feature_hjorth_mobility,244,-3.6105721363654495,-3.3100457191467285
1,single_feature_hjorth_mobility,245,-3.603395682114821,-3.285126209259033
1,single_feature_hjorth_mobility,246,-3.593618026146522,-3.2845115661621094
1,single_feature_hjorth_complexity,0,0.1385776881988231,-0.148218035697937
1,single_feature_hjorth_complexity,1,-0.2911904672017464,-0.350984662771225
1,single_feature_hjorth_complexity,2,-0.4788858317411862,-0.4742268025875091
1,single_feature_hjorth_complexity,3,-0.6123638428174533,-0.6124053597450256
1,single_feature_hjorth_complexity,4,-0.740757731290964,-0.7550722658634186
1,single_feature_hjorth_complexity,5,-0.8869258073660043,-0.910940945148468
1,single_feature_hjorth_complexity,6,-1.032386908164391,-1.0796396732330322
1,single_feature_hjorth_complexity,7,-1.1626228735997126,-1.1978163123130798
1,single_feature_hjorth_complexity,8,-1.27440161888416,-1.2459962368011477
1,single_feature_hjorth_complexity,9,-1.3632306135617769,-1.3064129948616028
1,single_feature_hjorth_complexity,10,-1.4412628779044518,-1.400940239429474
1,single_feature_hjorth_complexity,11,-1.5065540258701031,-1.4915037155151367
1,single_feature_hjorth_complexity,12,-1.5589853891959558,-1.5676570534706116
1,single_feature_hjorth_complexity,13,-1.6658408825214093,-1.6080088019371033
1,single_feature_hjorth_complexity,14,-1.744450147335346,-1.7686244249343872
1,single_feature_hjorth_complexity,15,-1.7942986763440645,-1.3947285413742063
1,single_feature_hjorth_complexity,16,-1.780626186957726,-1.654772937297821
1,single_feature_hjorth_complexity,17,-1.868554179485028,-1.8617273569107056
1,single_feature_hjorth_complexity,18,-1.9305156285946183,-1.8946921825408936
1,single_feature_hjorth_complexity,19,-1.9822195309859056,-1.904876172542572
1,single_feature_hjorth_complexity,20,-2.021232008934021,-2.045517921447754
1,single_feature_hjorth_complexity,21,-2.015908479690552,-2.0377713441848755
1,single_feature_hjorth_complexity,22,-2.141958951950073,-1.9943868517875671
1,single_feature_hjorth_complexity,23,-2.110251848514264,-1.9682860374450684
1,single_feature_hjorth_complexity,24,-2.22498605801509,-2.1236029863357544
1,single_feature_hjorth_complexity,25,-2.244897915766789,-2.171000599861145
1,single_feature_hjorth_complexity,26,-2.0546273451585035,-2.093041181564331
1,single_feature_hjorth_complexity,27,-2.252619669987605,-2.1993175745010376
1,single_feature_hjorth_complexity,28,-2.264412641525269,-2.184673547744751
1,single_feature_hjorth_complexity,29,-2.2935077593876767,-1.9219445586204529
1,single_feature_hjorth_complexity,30,-2.341720489355234,-2.2284834384918213
1,single_feature_hjorth_complexity,31,-2.360338229399461,-2.28181266784668
1,single_feature_hjorth_complexity,32,-2.3318706842569203,-2.2173365354537964
1,single_feature_hjorth_complexity,33,-2.405321267934946,-2.3099074363708496
1,single_feature_hjorth_complexity,34,-2.4086969265571008,-2.3377939462661743
1,single_feature_hjorth_complexity,35,-2.4503900637993445,-2.281869888305664
1,single_feature_hjorth_complexity,36,-2.456930949137761,-2.355123281478882
1,single_feature_hjorth_complexity,37,-2.4730137311495266,-2.342204451560974
1,single_feature_hjorth_complexity,38,-2.415680720255925,-2.342803955078125
1,single_feature_hjorth_complexity,39,-2.4250419323260965,-2.350672125816345
1,single_feature_hjorth_complexity,40,-2.4426997808309703,-2.408364772796631
1,single_feature_hjorth_complexity,41,-2.4641631566561184,-2.2804598808288574
1,single_feature_hjorth_complexity,42,-2.479280618520884,-2.4158074855804443
1,single_feature_hjorth_complexity,43,-2.527673904712384,-2.3909863233566284
1,single_feature_hjorth_complexity,44,-2.4722133599794827,-2.2273133993148804
1,single_feature_hjorth_complexity,45,-2.4723375760591946,-2.364457845687866
1,single_feature_hjorth_complexity,46,-2.513633232850295,-2.419809341430664
1,single_feature_hjorth_complexity,47,-2.533211377950815,-2.366468071937561
1,single_feature_hjorth_complexity,48,-2.5588538646698,-2.4268468618392944
1,single_feature_hjorth_complexity,49,-2.5814492519085226,-2.433750987052917
1,single_feature_hjorth_complexity,50,-2.5662271059476414,-2.4633123874664307
1,single_feature_hjorth_complexity,51,-2.4646407457498403,-2.4675393104553223
1,single_feature_hjorth_complexity,52,-2.482704034218421,-2.466763377189636
1,single_feature_hjorth_complexity,53,-2.519069249813373,-2.293250560760498
1,single_feature_hjorth_complexity,54,-2.5353033542633057,-2.448476076126098
1,single_feature_hjorth_complexity,55,-2.545579983637883,-2.354893445968628
1,single_feature_hjorth_complexity,56,-2.534052555377667,-2.435728073120117
1,single_feature_hjorth_complexity,57,-2.577175837296706,-2.3719562292099
1,single_feature_hjorth_complexity,58,-2.598184897349431,-2.4611895084381104
1,single_feature_hjorth_complexity,59,-2.571345402644231,-2.4669442176818848
1,single_feature_hjorth_complexity,60,-2.544978086764996,-2.234038114547729
1,single_feature_hjorth_complexity,61,-2.55059238580557,-2.5047980546951294
1,single_feature_hjorth_complexity,62,-2.573880140598004,-2.5142970085144043
1,single_feature_hjorth_complexity,63,-2.5935526077563944,-2.494763731956482
1,single_feature_hjorth_complexity,64,-2.649749517440796,-2.52100133895874
1,single_feature_hjorth_complexity,65,-2.6494379960573635,-2.5028594732284546
1,single_feature_hjorth_complexity,66,-2.6136128902435303,-2.4572848081588745
1,single_feature_hjorth_complexity,67,-2.655280113220215,-2.4176656007766724
1,single_feature_hjorth_complexity,68,-2.613122059748723,-2.4708197116851807
1,single_feature_hjorth_complexity,69,-2.656771861589872,-2.5071165561676025
1,single_feature_hjorth_complexity,70,-2.662321219077477,-2.523193359375
1,single_feature_hjorth_complexity,71,-2.6214197415571947,-2.46725070476532
1,single_feature_hjorth_complexity,72,-2.5569793627812314,-2.2309608459472656
1,single_feature_hjorth_complexity,73,-2.480293475664579,-2.537511467933655
1,single_feature_hjorth_complexity,74,-2.6291468693659854,-2.4110974073410034
1,single_feature_hjorth_complexity,75,-2.611088459308331,-2.4649291038513184
1,single_feature_hjorth_complexity,76,-2.7042997616987963,-2.471996545791626
1,single_feature_hjorth_complexity,77,-2.6728642903841457,-2.531479239463806
1,single_feature_hjorth_complexity,78,-2.633872784101046,-2.523682475090027
1,single_feature_hjorth_complexity,79,-2.6958954701056848,-2.5216773748397827
1,single_feature_hjorth_complexity,80,-2.718190816732553,-2.56088924407959
1,single_feature_hjorth_complexity,81,-2.724967828163734,-2.4744025468826294
1,single_feature_hjorth_complexity,82,-2.71557408112746,-2.608316421508789
1,single_feature_hjorth_complexity,83,-2.674803275328416,-2.5853244066238403
1,single_feature_hjorth_complexity,84,-2.661247950333816,-2.612552762031555
1,single_feature_hjorth_complexity,85,-2.7493737110724816,-2.585783839225769
1,single_feature_hjorth_complexity,86,-2.669315943351158,-2.4984097480773926
1,single_feature_hjorth_complexity,87,-2.681806270892804,-2.597833633422852
1,single_feature_hjorth_complexity,88,-2.713898438673753,-2.53133511543274
1,single_feature_hjorth_complexity,89,-2.64073239839994,-2.0626856088638306
1,single_feature_hjorth_complexity,90,-2.5984416741591234,-2.612245798110962
1,single_feature_hjorth_complexity,91,-2.7089285667126,-2.5820744037628174
1,single_feature_hjorth_complexity,92,-2.6983278898092418,-2.5685750246047974
1,single_feature_hjorth_complexity,93,-2.702820374415471,-2.3935152292251587
1,single_feature_hjorth_complexity,94,-2.7051382798414965,-2.6053916215896606
1,single_feature_hjorth_complexity,95,-2.7113614082336426,-2.5405924320220947
1,single_feature_hjorth_complexity,96,-2.7063529674823465,-2.5711878538131714
1,single_feature_hjorth_complexity,97,-2.725328280375554,-2.654283881187439
1,single_feature_hjorth_complexity,98,-2.770609122056228,-2.6081243753433228
1,single_feature_hjorth_complexity,99,-2.748083463081947,-2.6415127515792847
1,single_feature_hjorth_complexity,100,-2.768782982459435,-2.6101715564727783
1,single_feature_hjorth_complexity,101,-2.7243162118471584,-2.635306477546692
1,single_feature_hjorth_complexity,102,-2.721092700958252,-2.60735547542572
1,single_feature_hjorth_complexity,103,-2.7503770681527944,-2.490726947784424
1,single_feature_hjorth_complexity,104,-2.7325077607081485,-2.628158688545227
1,single_feature_hjorth_complexity,105,-2.7633010057302623,-2.61777925491333
1,single_feature_hjorth_complexity,106,-2.7519099712371826,-2.598439574241638
1,single_feature_hjorth_complexity,107,-2.756757277708787,-2.669028878211975
1,single_feature_hjorth_complexity,108,-2.74831746174739,-2.56122088432312
1,single_feature_hjorth_complexity,109,-2.7918579761798563,-2.6513622999191284
1,single_feature_hjorth_complexity,110,-2.753996445582464,-2.619831085205078
1,single_feature_hjorth_complexity,111,-2.800245266694289,-2.599091410636902
1,single_feature_hjorth_complexity,112,-2.8021088380080004,-2.6166926622390747
1,single_feature_hjorth_complexity,113,-2.763835613544171,-2.4678138494491577
1,single_feature_hjorth_complexity,114,-2.7627659944387584,-2.663134813308716
1,single_feature_hjorth_complexity,115,-2.812980340077327,-2.651296854019165
1,single_feature_hjorth_complexity,116,-2.761442624605619,-2.5313202142715454
1,single_feature_hjorth_complexity,117,-2.786897824360774,-2.598602652549744
1,single_feature_hjorth_complexity,118,-2.802907503568209,-2.6827216148376465
1,single_feature_hjorth_complexity,119,-2.8135592754070577,-2.586410999298096
1,single_feature_hjorth_complexity,120,-2.80384846834036,-2.594339370727539
1,single_feature_hjorth_complexity,121,-2.792083501815796,-2.480956435203552
1,single_feature_hjorth_complexity,122,-2.755776992210975,-2.586946487426758
1,single_feature_hjorth_complexity,123,-2.7237410728748026,-2.5115811824798584
1,single_feature_hjorth_complexity,124,-2.745596225445087,-2.515526056289673
1,single_feature_hjorth_complexity,125,-2.7831817590273342,-2.624625086784363
1,single_feature_hjorth_complexity,126,-2.842109148318951,-2.6464877128601074
1,single_feature_hjorth_complexity,127,-2.8167866193331204,-2.5887253284454346
1,single_feature_hjorth_complexity,128,-2.838334560394287,-2.7084522247314453
1,single_feature_hjorth_complexity,129,-2.812824946183425,-2.6834479570388794
1,single_feature_hjorth_complexity,130,-2.844025868635911,-2.652748942375183
1,single_feature_hjorth_complexity,131,-2.852437734603882,-2.6201430559158325
1,single_feature_hjorth_complexity,132,-2.8249483842116137,-2.5901072025299072
1,single_feature_hjorth_complexity,133,-2.813816033876859,-2.51304543018341
1,single_feature_hjorth_complexity,134,-2.8058272691873403,-2.6465660333633423
1,single_feature_hjorth_complexity,135,-2.8746993725116434,-2.626134395599365
1,single_feature_hjorth_complexity,136,-2.854901020343488,-2.655478477478028
1,single_feature_hjorth_complexity,137,-2.854211403773381,-2.684090733528137
1,single_feature_hjorth_complexity,138,-2.861721387276283,-2.72590434551239
1,single_feature_hjorth_complexity,139,-2.8717479705810547,-2.6576648950576782
1,single_feature_hjorth_complexity,140,-2.837104338866013,-2.6103248596191406
1,single_feature_hjorth_complexity,141,-2.8578357146336484,-2.679775357246399
1,single_feature_hjorth_complexity,142,-2.8978583812713623,-2.7194243669509888
1,single_feature_hjorth_complexity,143,-2.8964668053847094,-2.673797369003296
1,single_feature_hjorth_complexity,144,-2.801908199603741,-2.646664261817932
1,single_feature_hjorth_complexity,145,-2.778456889666044,-2.649098396301269
1,single_feature_hjorth_complexity,146,-2.880313598192655,-2.757972002029419
1,single_feature_hjorth_complexity,147,-2.895359992980957,-2.7393797636032104
1,single_feature_hjorth_complexity,148,-2.8980122346144457,-2.6632412672042847
1,single_feature_hjorth_complexity,149,-2.8375939222482534,-2.7168493270874023
1,single_feature_hjorth_complexity,150,-2.918159851661095,-2.741528868675232
1,single_feature_hjorth_complexity,151,-2.912485122680664,-2.7142326831817627
1,single_feature_hjorth_complexity,152,-2.900237578612108,-2.7069430351257324
1,single_feature_hjorth_complexity,153,-2.904793482560378,-2.730493426322937
1,single_feature_hjorth_complexity,154,-2.88614691220797,-2.685868740081787
1,single_feature_hjorth_complexity,155,-2.891301136750441,-2.708319067955017
1,single_feature_hjorth_complexity,156,-2.902721405029297,-2.6890408992767334
1,single_feature_hjorth_complexity,157,-2.916059512358445,-2.4584126472473145
1,single_feature_hjorth_complexity,158,-2.790510984567496,-2.695023536682129
1,single_feature_hjorth_complexity,159,-2.9267253325535703,-2.6727160215377808
1,single_feature_hjorth_complexity,160,-2.911287399438711,-2.615177154541016
1,single_feature_hjorth_complexity,161,-2.918592122884897,-2.712419986724853
1,single_feature_hjorth_complexity,162,-2.903286365362314,-2.624037861824036
1,single_feature_hjorth_complexity,163,-2.876882057923537,-2.466779351234436
1,single_feature_hjorth_complexity,164,-2.858770022025475,-2.7276428937911987
1,single_feature_hjorth_complexity,165,-2.9155057943784275,-2.69797945022583
1,single_feature_hjorth_complexity,166,-2.93996079151447,-2.766267776489258
1,single_feature_hjorth_complexity,167,-2.9309449929457445,-2.7598557472229004
1,single_feature_hjorth_complexity,168,-2.9312334610865665,-2.72173273563385
1,single_feature_hjorth_complexity,169,-2.938583630781907,-2.7329764366149902
1,single_feature_hjorth_complexity,170,-2.944836671535785,-2.6926082372665405
1,single_feature_hjorth_complexity,171,-2.899651472385113,-2.5956358909606934
1,single_feature_hjorth_complexity,172,-2.839196645296537,-2.697827458381653
1,single_feature_hjorth_complexity,173,-2.934695830711952,-2.661167979240417
1,single_feature_hjorth_complexity,174,-2.944079344089215,-2.693986296653748
1,single_feature_hjorth_complexity,175,-2.9291163224440355,-2.717449426651001
1,single_feature_hjorth_complexity,176,-2.91504377585191,-2.504545092582702
1,single_feature_hjorth_complexity,177,-2.8726745385390062,-2.6729977130889893
1,single_feature_hjorth_complexity,178,-2.9054271441239576,-2.661444067955017
1,single_feature_hjorth_complexity,179,-2.908379829846896,-2.7516584396362305
1,single_feature_hjorth_complexity,180,-2.895402871645414,-2.744713068008423
1,single_feature_hjorth_complexity,181,-2.929871595822848,-2.709993600845337
1,single_feature_hjorth_complexity,182,-2.9426205341632548,-2.6987903118133545
1,single_feature_hjorth_complexity,183,-2.9538081059089074,-2.716438770294189
1,single_feature_hjorth_complexity,184,-2.9384903724376974,-2.704522490501404
1,single_feature_hjorth_complexity,185,-2.9577246262477,-2.671463251113892
1,single_feature_hjorth_complexity,186,-2.960644190128033,-2.755957126617432
1,single_feature_hjorth_complexity,187,-2.977606039780837,-2.7265312671661377
1,single_feature_hjorth_complexity,188,-2.9840610944307766,-2.6954926252365112
1,single_feature_hjorth_complexity,189,-2.979823350906372,-2.699765205383301
1,single_feature_hjorth_complexity,190,-2.884188413619995,-2.666889190673828
1,single_feature_hjorth_complexity,191,-2.886170057150034,-2.7338316440582275
5,masked_npe,0,0.103513144243222,-0.1002413108944892
5,masked_npe,1,-0.2569295827012796,-0.3779405057430267
5,masked_npe,2,-0.4722003982617305,-0.5503442585468292
5,masked_npe,3,-0.6396264112912692,-0.6922828853130341
5,masked_npe,4,-0.810143374479734,-0.8329719603061676
5,masked_npe,5,-0.9603082445951608,-0.9833974838256836
5,masked_npe,6,-1.0874506418521588,-1.071357548236847
5,masked_npe,7,-1.1938856014838586,-1.22532320022583
5,masked_npe,8,-1.3293406871648936,-1.2667467594146729
5,masked_npe,9,-1.426592496725229,-1.3778082132339478
5,masked_npe,10,-1.5020607984983003,-1.5012232065200806
5,masked_npe,11,-1.5492170682320228,-1.551546037197113
5,masked_npe,12,-1.644006188099201,-1.682177484035492
5,masked_npe,13,-1.769465813269982,-1.602457344532013
5,masked_npe,14,-1.8234906838490408,-1.7660611271858215
5,masked_npe,15,-1.8599217946712787,-1.8577911257743835
5,masked_npe,16,-1.9275671977263231,-1.854909360408783
5,masked_npe,17,-1.972402627651508,-1.980939865112305
5,masked_npe,18,-2.0369880291131826,-1.975569486618042
5,masked_npe,19,-2.0274960719622097,-1.7361508011817932
5,masked_npe,20,-1.988868098992568,-2.1022348403930664
5,masked_npe,21,-2.178730396124033,-2.07914674282074
5,masked_npe,22,-2.2372379853175235,-2.1085914373397827
5,masked_npe,23,-2.2939610481262207,-2.1374216079711914
5,masked_npe,24,-2.2948724306546726,-2.16724181175232
5,masked_npe,25,-2.295961765142588,-2.307751178741455
5,masked_npe,26,-2.3708712504460263,-2.1309192180633545
5,masked_npe,27,-2.3661236579601583,-2.2592926025390625
5,masked_npe,28,-2.40531195127047,-2.506019592285156
5,masked_npe,29,-2.5291947584885817,-2.427345037460327
5,masked_npe,30,-2.6069051302396336,-2.5287898778915405
5,masked_npe,31,-2.597679486641517,-2.564244866371155
5,masked_npe,32,-2.6634593193347635,-2.675041913986206
5,masked_npe,33,-2.748976395680354,-2.6921991109848022
5,masked_npe,34,-2.746625148333036,-2.7188851833343506
5,masked_npe,35,-2.735787263283363,-2.7229113578796387
5,masked_npe,36,-2.796856109912579,-2.703503489494324
5,masked_npe,37,-2.7850284576416016,-2.768408179283142
5,masked_npe,38,-2.83182560480558,-2.705979824066162
5,masked_npe,39,-2.911102826778705,-2.778030514717102
5,masked_npe,40,-2.91357475060683,-2.9095680713653564
5,masked_npe,41,-2.9546291461357703,-2.920160412788391
5,masked_npe,42,-3.009523134965163,-2.9029226303100586
5,masked_npe,43,-3.0479614367851844,-2.963947415351868
5,masked_npe,44,-2.9920572134164662,-2.9684101343154907
5,masked_npe,45,-3.061210742363563,-2.996402859687805
5,masked_npe,46,-3.0918197631835938,-3.140099883079529
5,masked_npe,47,-3.190756797790528,-3.012347221374512
5,masked_npe,48,-3.157976132172805,-2.996566891670227
5,masked_npe,49,-3.1139920308039737,-2.7639684677124023
5,masked_npe,50,-3.065239374454205,-2.9582055807113647
5,masked_npe,51,-3.147404175538284,-3.093957662582397
5,masked_npe,52,-3.240208314015315,-3.18145763874054
5,masked_npe,53,-3.2362630734076867,-3.0995981693267822
5,masked_npe,54,-3.231645052249615,-2.9060407876968384
5,masked_npe,55,-3.264380381657527,-3.145528197288513
5,masked_npe,56,-3.360917219748864,-3.216990113258362
5,masked_npe,57,-3.3053031884706936,-3.20531702041626
5,masked_npe,58,-3.3499341928041897,-3.328100562095642
5,masked_npe,59,-3.3976728916168213,-3.2463622093200684
5,masked_npe,60,-3.3832581593440127,-3.296186208724976
5,masked_npe,61,-3.3802354702582726,-3.1327908039093018
5,masked_npe,62,-3.370947691110464,-3.2860705852508545
5,masked_npe,63,-3.3286630557133603,-3.227636456489563
5,masked_npe,64,-3.3759859708639293,-3.429190993309021
5,masked_npe,65,-3.4808261211101827,-3.3981212377548218
5,masked_npe,66,-3.3940099752866306,-3.3163561820983887
5,masked_npe,67,-3.5005587431100698,-3.328225493431092
5,masked_npe,68,-3.463067678304819,-3.5038750171661377
5,masked_npe,69,-3.4109330360706034,-3.4570153951644897
5,masked_npe,70,-3.539010781508225,-3.370933771133423
5,masked_npe,71,-3.4529517613924465,-3.4560285806655884
5,masked_npe,72,-3.4970518809098463,-3.3673638105392456
5,masked_npe,73,-3.575080248025748,-3.349855303764344
5,masked_npe,74,-3.587204254590548,-3.480591297149658
5,masked_npe,75,-3.554960617652306,-3.328885555267334
5,masked_npe,76,-3.492522037946261,-3.556674838066101
5,masked_npe,77,-3.4804551418011007,-3.131907224655152
5,masked_npe,78,-3.5158651058490458,-3.477193832397461
5,masked_npe,79,-3.574905505547157,-3.48954975605011
5,masked_npe,80,-3.612870344748864,-3.387574791908264
5,masked_npe,81,-3.435067140139066,-3.5034815073013306
5,masked_npe,82,-3.5346772303948035,-3.525575637817383
5,masked_npe,83,-3.67248901954064,-3.476381063461304
5,masked_npe,84,-3.628162475732657,-3.641568183898926
5,masked_npe,85,-3.717937286083514,-3.614737749099731
5,masked_npe,86,-3.60515964948214,-3.7498526573181152
5,masked_npe,87,-3.6141044543339658,-3.5233612060546875
5,masked_npe,88,-3.6180500250596266,-3.5542412996292114
5,masked_npe,89,-3.725970543347872,-3.566215991973877
5,masked_npe,90,-3.683180075425368,-3.6142457723617554
5,masked_npe,91,-3.739784204042875,-3.623977780342102
5,masked_npe,92,-3.7431255854093113,-3.596432328224182
5,masked_npe,93,-3.628963928956252,-3.672067999839783
5,masked_npe,94,-3.731210708618164,-3.727729678153992
5,masked_npe,95,-3.678387495187613,-3.427048325538636
5,masked_npe,96,-3.696286733333881,-3.540417790412903
5,masked_npe,97,-3.782921699377207,-3.606865644454956
5,masked_npe,98,-3.811989087324876,-3.771309733390808
5,masked_npe,99,-3.752540863477267,-3.839996218681336
5,masked_npe,100,-3.740752036754901,-3.7773611545562735
5,masked_npe,101,-3.825235678599431,-3.828318953514099
5,masked_npe,102,-3.8393663259652944,-3.698436975479126
5,masked_npe,103,-3.847780557779165,-3.895317077636719
5,masked_npe,104,-3.850745256130512,-3.66086220741272
5,masked_npe,105,-3.788185926584097,-3.6909432411193848
5,masked_npe,106,-3.713526157232432,-3.655590057373047
5,masked_npe,107,-3.815518104113065,-3.415512084960937
5,masked_npe,108,-3.734343510407668,-3.645362615585327
5,masked_npe,109,-3.903506957567655,-3.795127511024475
5,masked_npe,110,-3.7743458564464873,-3.6372458934783936
5,masked_npe,111,-3.85425250346844,-3.4713813066482544
5,masked_npe,112,-3.8063398691324086,-3.8529727458953857
5,masked_npe,113,-3.866759336911715,-3.742633104324341
5,masked_npe,114,-3.880587082642776,-3.969404935836792
5,masked_npe,115,-3.878602468050443,-3.887812256813049
5,masked_npe,116,-3.945673704147339,-3.86845326423645
5,masked_npe,117,-3.905095815658569,-3.915692806243897
5,masked_npe,118,-3.868216734666091,-3.968695878982544
5,masked_npe,119,-3.892131365262545,-3.790535807609558
5,masked_npe,120,-3.9483300905961256,-3.886599540710449
5,masked_npe,121,-4.011765058224018,-3.993137001991272
5,masked_npe,122,-3.9687470289377065,-3.95354425907135
5,masked_npe,123,-4.046522562320416,-3.9457075595855713
5,masked_npe,124,-4.027912910167988,-3.8593826293945312
5,masked_npe,125,-3.9678725646092334,-3.839137673377991
5,masked_npe,126,-3.942716836929321,-3.6269508600234985
5,masked_npe,127,-3.8946183094611535,-3.848121404647827
5,masked_npe,128,-3.9072968593010535,-3.8360010385513306
5,masked_npe,129,-4.029752657963679,-3.969260573387146
5,masked_npe,130,-4.048445719939012,-3.9829721450805664
5,masked_npe,131,-3.9920326746427097,-3.9678468704223633
5,masked_npe,132,-4.015583661886362,-3.840347409248352
5,masked_npe,133,-4.075426816940308,-3.811385154724121
5,masked_npe,134,-4.066899739778959,-3.935605049133301
5,masked_npe,135,-4.071169266333947,-3.980119228363037
5,masked_npe,136,-4.066575765609741,-3.9165488481521606
5,masked_npe,137,-4.088602726276104,-3.958907127380371
5,masked_npe,138,-3.972480113689716,-3.8780516386032096
5,masked_npe,139,-4.057108622330886,-3.8848294019699097
5,masked_npe,140,-4.1706862449646,-3.907669186592102
5,masked_npe,141,-4.065988357250507,-4.008250594139099
5,masked_npe,142,-4.0946245560279255,-3.938285946846008
5,masked_npe,143,-3.9394484850076528,-3.775837063789368
5,masked_npe,144,-4.033604511847863,-4.0013474225997925
5,masked_npe,145,-4.128898877363938,-3.999070882797241
5,masked_npe,146,-4.017232674818772,-4.038027763366699
5,masked_npe,147,-4.057899126639733,-4.05108642578125
5,masked_npe,148,-4.077202063340407,-4.119576692581177
5,masked_npe,149,-4.063027601975661,-4.034564971923828
5,masked_npe,150,-4.110365739235511,-4.174802660942078
5,masked_npe,151,-3.9701320208035984,-3.7810369729995728
5,masked_npe,152,-3.947567554620596,-3.8725491762161255
5,masked_npe,153,-4.029025096159715,-3.945887804031372
5,masked_npe,154,-4.169202162669255,-3.8980599641799927
5,masked_npe,155,-4.038570715830876,-3.954565286636353
5,masked_npe,156,-4.17883669413053,-3.9975666999816895
5,masked_npe,157,-4.097510117750901,-4.138184070587158
5,masked_npe,158,-4.167025089263916,-4.160504579544067
5,masked_npe,159,-4.195281468904936,-4.067847609519959
5,masked_npe,160,-4.205390545038076,-4.120819330215454
5,masked_npe,161,-4.206705808639526,-3.9926114082336426
5,masked_npe,162,-4.109742641448975,-4.182825565338135
5,masked_npe,163,-4.205738544464111,-4.107530355453491
5,masked_npe,164,-4.224557142991286,-4.254523754119873
5,masked_npe,165,-4.207552781471839,-3.994288682937622
5,masked_npe,166,-4.122034769791823,-4.106437921524048
5,masked_npe,167,-4.2114341259002686,-4.207442045211792
5,masked_npe,168,-4.057614069718581,-4.145337104797363
5,masked_npe,169,-4.169355465815618,-4.054839372634888
5,masked_npe,170,-4.135672642634465,-4.11469578742981
5,masked_npe,171,-4.2666796537546015,-4.13101053237915
5,masked_npe,172,-4.200179026677058,-4.30943775177002
5,masked_npe,173,-4.221942204695481,-4.226307392120361
5,masked_npe,174,-4.278226962456336,-4.176543235778809
5,masked_npe,175,-4.273530868383554,-4.301925659179688
5,masked_npe,176,-4.251886147719163,-3.8831249475479126
5,masked_npe,177,-4.228143086800208,-4.173200607299805
5,masked_npe,178,-4.221108454924363,-4.176835536956787
5,masked_npe,179,-4.267861769749568,-4.172736167907715
5,masked_npe,180,-4.231718668570886,-4.128388166427612
5,masked_npe,181,-4.192833717052753,-3.999836564064026
5,masked_npe,182,-4.294437866944533,-4.124338626861572
5,masked_npe,183,-4.296907058128944,-4.175104141235352
5,masked_npe,184,-4.268582307375395,-4.170913457870483
5,masked_npe,185,-4.322467730595515,-4.1607983112335205
5,masked_npe,186,-4.316248930417574,-3.9976998567581177
5,masked_npe,187,-4.23496492092426,-4.132938385009766
5,masked_npe,188,-4.166607581652128,-3.7767122983932495
5,masked_npe,189,-4.1798463601332445,-4.235820531845093
5,masked_npe,190,-4.304304343003493,-4.100202798843384
5,masked_npe,191,-4.245315625117375,-4.105015397071838
5,masked_npe,192,-4.129248875838059,-4.184592247009277
5,masked_npe,193,-4.311486867757944,-4.060685873031616
5,masked_npe,194,-4.362020382514367,-4.19964599609375
5,masked_npe,195,-4.304082100207989,-4.11314070224762
5,masked_npe,196,-4.215442785849938,-4.2002153396606445
5,masked_npe,197,-4.233711077616765,-4.131534576416016
5,single_feature_skewness,0,0.0965067195491148,-0.1578643545508384
5,single_feature_skewness,1,-0.2773405909538269,-0.3728924691677093
5,single_feature_skewness,2,-0.4667265919538644,-0.5473036766052246
5,single_feature_skewness,3,-0.6577823666425852,-0.7501823902130127
5,single_feature_skewness,4,-0.8981166894619281,-1.0314272940158844
5,single_feature_skewness,5,-1.161181477399973,-1.2621713876724243
5,single_feature_skewness,6,-1.317315330872169,-1.3929434418678284
5,single_feature_skewness,7,-1.4438109397888184,-1.4789214134216309
5,single_feature_skewness,8,-1.5468727075136626,-1.5857746005058289
5,single_feature_skewness,9,-1.6380266868151152,-1.5587443113327026
5,single_feature_skewness,10,-1.6280109148759108,-1.6392520666122437
5,single_feature_skewness,11,-1.7591021427741418,-1.7846692204475405
5,single_feature_skewness,12,-1.763375970033499,-1.7874553799629211
5,single_feature_skewness,13,-1.840726458109342,-1.8539003729820247
5,single_feature_skewness,14,-1.8930014280172496,-1.8781660199165344
5,single_feature_skewness,15,-1.9245874606646023,-1.910654902458191
5,single_feature_skewness,16,-1.9196164241203888,-1.8219351768493648
5,single_feature_skewness,17,-1.918693606670086,-1.859577119350433
5,single_feature_skewness,18,-1.967510388447688,-2.0157799124717712
5,single_feature_skewness,19,-1.9902880008404071,-1.5437829494476318
5,single_feature_skewness,20,-1.8754068062855649,-2.02219158411026
5,single_feature_skewness,21,-2.0463311213713427,-1.931574344635009
5,single_feature_skewness,22,-2.053525081047645,-2.0632846355438232
5,single_feature_skewness,23,-2.0872043646298923,-2.0664150714874268
5,single_feature_skewness,24,-2.1032909063192515,-2.054527759552002
5,single_feature_skewness,25,-2.127766829270583,-2.114963293075561
5,single_feature_skewness,26,-2.136440588877752,-2.114156007766724
5,single_feature_skewness,27,-2.1589315854586086,-2.067096352577209
5,single_feature_skewness,28,-2.1568282567537747,-2.1154470443725586
5,single_feature_skewness,29,-2.1613952746758094,-2.082332253456116
5,single_feature_skewness,30,-2.1721765261430006,-2.0725221633911133
5,single_feature_skewness,31,-2.1846012885753927,-2.1715424060821533
5,single_feature_skewness,32,-2.192015629548293,-2.1182819604873657
5,single_feature_skewness,33,-2.199844342011672,-2.1212648153305054
5,single_feature_skewness,34,-2.2346188838665304,-2.194539427757263
5,single_feature_skewness,35,-2.2363582207606387,-2.2169203758239746
5,single_feature_skewness,36,-2.265350983693049,-2.192354917526245
5,single_feature_skewness,37,-2.2505444563352146,-2.186430335044861
5,single_feature_skewness,38,-2.274183511734009,-2.254423975944519
5,single_feature_skewness,39,-2.316081285476685,-2.2719945907592773
5,single_feature_skewness,40,-2.3110759808466983,-2.232271909713745
5,single_feature_skewness,41,-2.2988042648022,-2.20760715007782
5,single_feature_skewness,42,-2.304014499370868,-2.2140586376190186
5,single_feature_skewness,43,-2.2677664756774902,-2.2083202600479126
5,single_feature_skewness,44,-2.283059156858004,-2.0951807498931885
5,single_feature_skewness,45,-2.2941062450408936,-2.264620780944824
5,single_feature_skewness,46,-2.3027037107027493,-2.2545790672302246
5,single_feature_skewness,47,-2.332950133543748,-2.274515748023987
5,single_feature_skewness,48,-2.3454519235170803,-2.2750232219696045
5,single_feature_skewness,49,-2.367219613148616,-2.269498944282532
5,single_feature_skewness,50,-2.385579145871676,-2.3158727884292603
5,single_feature_skewness,51,-2.367301867558406,-2.323073625564575
5,single_feature_skewness,52,-2.364587325316209,-2.3139190673828125
5,single_feature_skewness,53,-2.370784539442796,-2.2065600156784058
5,single_feature_skewness,54,-2.3295935850877028,-2.225359439849853
5,single_feature_skewness,55,-2.354089590219351,-2.2733341455459595
5,single_feature_skewness,56,-2.366769992388212,-2.208197832107544
5,single_feature_skewness,57,-2.3972351917853723,-2.3660067319869995
5,single_feature_skewness,58,-2.4313510014460635,-2.344655752182007
5,single_feature_skewness,59,-2.443991074195275,-2.338154911994934
5,single_feature_skewness,60,-2.437514690252451,-2.381258487701416
5,single_feature_skewness,61,-2.4552629727583666,-2.296794176101685
5,single_feature_skewness,62,-2.439713789866521,-2.340160608291626
5,single_feature_skewness,63,-2.4514761704664965,-2.260585308074951
5,single_feature_skewness,64,-2.463898567052988,-2.3660013675689697
5,single_feature_skewness,65,-2.4745655976808987,-2.3896408081054688
5,single_feature_skewness,66,-2.483976657573993,-2.354214668273926
5,single_feature_skewness,67,-2.4867342618795543,-2.3658008575439453
5,single_feature_skewness,68,-2.4996310747586765,-2.359066128730774
5,single_feature_skewness,69,-2.4526198643904467,-2.242393016815185
5,single_feature_skewness,70,-2.452667841544518,-2.363477110862732
5,single_feature_skewness,71,-2.459159869414109,-2.409864902496338
5,single_feature_skewness,72,-2.488891546542828,-2.2697311639785767
5,single_feature_skewness,73,-2.447856903076172,-2.3082889318466187
5,single_feature_skewness,74,-2.473951193002554,-2.3595062494277954
5,single_feature_skewness,75,-2.477589808977567,-2.3873379230499268
5,single_feature_skewness,76,-2.519760351914626,-2.316733121871948
5,single_feature_skewness,77,-2.504476969058697,-2.3050252199172974
5,single_feature_skewness,78,-2.511873098520132,-2.3675860166549683
5,single_feature_skewness,79,-2.5099135912381687,-2.407759189605713
5,single_feature_skewness,80,-2.5542979423816385,-2.413346648216248
5,single_feature_skewness,81,-2.533625896160419,-2.4190326929092407
5,single_feature_skewness,82,-2.4805378363682675,-2.3086390495300293
5,single_feature_skewness,83,-2.492499424861028,-2.311922311782837
5,single_feature_skewness,84,-2.512445981685932,-2.415528178215027
5,single_feature_skewness,85,-2.561663425885714,-2.414175152778625
5,single_feature_skewness,86,-2.5775889983543983,-2.345099091529846
5,single_feature_skewness,87,-2.529851491634662,-2.452730178833008
5,single_feature_skewness,88,-2.5867249232072096,-2.47593891620636
5,single_feature_skewness,89,-2.584630801127507,-2.4664226770401
5,single_feature_skewness,90,-2.580146147654607,-2.4077742099761963
5,single_feature_skewness,91,-2.5693811086507945,-2.4226166009902954
5,single_feature_skewness,92,-2.5747904043931227,-2.465360522270202
5,single_feature_skewness,93,-2.5847779970902662,-2.4508360624313354
5,single_feature_skewness,94,-2.599206722699679,-2.4218521118164062
5,single_feature_skewness,95,-2.5879090382502627,-2.495783805847168
5,single_feature_skewness,96,-2.6040984300466685,-2.4702290296554565
5,single_feature_skewness,97,-2.607002460039579,-2.468622922897339
5,single_feature_skewness,98,-2.573342543381912,-2.42833936214447
5,single_feature_skewness,99,-2.5371206540327806,-2.400745391845703
5,single_feature_skewness,100,-2.6009882046626163,-2.4463906288146973
5,single_feature_skewness,101,-2.5559664322779727,-2.3738757371902466
5,single_feature_skewness,102,-2.5678407228910007,-2.413358211517334
5,single_feature_skewness,103,-2.586898785371047,-2.3750522136688232
5,single_feature_skewness,104,-2.48601796076848,-2.426782965660095
5,single_feature_skewness,105,-2.5955255031585693,-2.4348785877227783
5,single_feature_skewness,106,-2.567325023504404,-2.4525784254074097
5,single_feature_skewness,107,-2.573684729062594,-2.4720617532730103
5,single_feature_skewness,108,-2.6498059126046987,-2.4630579948425293
5,single_feature_skewness,109,-2.585243738614596,-2.314533114433289
5,single_feature_skewness,110,-2.5836611894460826,-2.511304497718811
5,single_feature_skewness,111,-2.651115142382108,-2.502636551856994
5,single_feature_skewness,112,-2.5863682673527646,-2.472274780273437
5,single_feature_skewness,113,-2.647409879244291,-2.375657558441162
5,single_feature_skewness,114,-2.6212670619671163,-2.458604574203491
5,single_feature_skewness,115,-2.656853070625892,-2.5392205715179443
5,single_feature_skewness,116,-2.6448699877812314,-2.414378881454468
5,single_feature_skewness,117,-2.630321466005765,-2.450174927711487
5,single_feature_skewness,118,-2.638264472667988,-2.510261297225952
5,single_feature_skewness,119,-2.6707142683175893,-2.4130067825317383
5,single_feature_skewness,120,-2.6560451617607703,-2.407069444656372
5,single_feature_skewness,121,-2.6001629462608924,-2.4782978296279907
5,single_feature_skewness,122,-2.6722482534555287,-2.475923180580139
5,single_feature_skewness,123,-2.661510779307439,-2.519065022468567
5,single_feature_skewness,124,-2.618124081538274,-2.4137065410614014
5,single_feature_skewness,125,-2.6548962042881894,-2.4995126724243164
5,single_feature_skewness,126,-2.6343951592078576,-2.5046533346176147
5,single_feature_skewness,127,-2.676075000029344,-2.488332271575928
5,single_feature_skewness,128,-2.684975734123817,-2.519030213356018
5,single_feature_skewness,129,-2.704448076394888,-2.43139910697937
5,single_feature_skewness,130,-2.6265190564669094,-2.4952312707901
5,single_feature_skewness,131,-2.6319065460791955,-2.502181649208069
5,single_feature_skewness,132,-2.652500317646907,-2.506408929824829
5,single_feature_skewness,133,-2.697847843170166,-2.5264382362365723
5,single_feature_skewness,134,-2.6786127273853007,-2.5272518396377563
5,single_feature_skewness,135,-2.718456891866831,-2.498917579650879
5,single_feature_skewness,136,-2.699708003264207,-2.554046511650085
5,single_feature_skewness,137,-2.7096058405362644,-2.513304352760315
5,single_feature_skewness,138,-2.703757010973417,-2.5183995962142944
5,single_feature_skewness,139,-2.7182780595926137,-2.495201587677002
5,single_feature_skewness,140,-2.678123492460984,-2.406689405441284
5,single_feature_skewness,141,-2.6592849951524,-2.4748185873031616
5,single_feature_skewness,142,-2.697239729074332,-2.4681025743484497
5,single_feature_skewness,143,-2.678759373151339,-2.46226167678833
5,single_feature_skewness,144,-2.6901883895580587,-2.5833605527877808
5,single_feature_skewness,145,-2.7003852954277625,-2.480807662010193
5,single_feature_skewness,146,-2.6825929421644945,-2.5044541358947754
5,single_feature_skewness,147,-2.684612329189594,-2.499985098838806
5,single_feature_skewness,148,-2.68738840176509,-2.576638102531433
5,single_feature_skewness,149,-2.704921979170579,-2.401438593864441
5,single_feature_skewness,150,-2.692927012076745,-2.559105157852173
5,single_feature_skewness,151,-2.7024240493774414,-2.496501207351685
5,single_feature_skewness,152,-2.708109048696665,-2.433012366294861
5,single_feature_skewness,153,-2.7008627561422496,-2.505910873413086
5,single_feature_skewness,154,-2.717691054710975,-2.5542174577713013
5,single_feature_skewness,155,-2.709211019369272,-2.529868483543396
5,single_feature_skewness,156,-2.716972827911377,-2.53180992603302
5,single_feature_skewness,157,-2.728538861641517,-2.562280535697937
5,single_feature_skewness,158,-2.7252652645111084,-2.519363522529602
5,single_feature_skewness,159,-2.7452622743753285,-2.501210331916809
5,single_feature_skewness,160,-2.7453455191392164,-2.5881980657577515
5,single_feature_skewness,161,-2.7526865555689883,-2.549715995788574
5,single_feature_skewness,162,-2.708493232727051,-2.5194536447525024
5,single_feature_skewness,163,-2.705334736750676,-2.5495580434799194
5,single_feature_skewness,164,-2.7713864950033336,-2.525713324546814
5,single_feature_skewness,165,-2.7248956056741567,-2.5064254999160767
5,single_feature_skewness,166,-2.7652067954723654,-2.47971248626709
5,single_feature_skewness,167,-2.7432674994835486,-2.6036447286605835
5,single_feature_skewness,168,-2.7661756918980527,-2.509965419769287
5,single_feature_skewness,169,-2.74733567237854,-2.5361111164093018
5,single_feature_skewness,170,-2.772803086500901,-2.4752254486083984
5,single_feature_skewness,171,-2.733637424615713,-2.521923303604126
5,single_feature_skewness,172,-2.7681857439187856,-2.5523563623428345
5,single_feature_skewness,173,-2.7462239815638614,-2.571471095085144
5,single_feature_skewness,174,-2.789009919533363,-2.60849392414093
5,single_feature_skewness,175,-2.774883472002469,-2.5925484895706177
5,single_feature_skewness,176,-2.7059429792257457,-2.477401733398437
5,single_feature_skewness,177,-2.7575376950777493,-2.521209716796875
5,single_feature_skewness,178,-2.7663560647230883,-2.518710970878601
5,single_feature_skewness,179,-2.763567722760714,-2.5356370210647583
5,single_feature_skewness,180,-2.786207620914166,-2.5456342697143555
5,single_feature_skewness,181,-2.722636809715858,-2.4881505966186523
5,single_feature_skewness,182,-2.714124862964337,-2.518900990486145
5,single_feature_skewness,183,-2.730633222139798,-2.6231197118759155
5,single_feature_skewness,184,-2.7479286927443285,-2.549614906311035
5,single_feature_skewness,185,-2.778595575919518,-2.5605114698410034
5,single_feature_skewness,186,-2.793024099790133,-2.550090789794922
5,single_feature_skewness,187,-2.77072602051955,-2.482293009757996
5,single_feature_skewness,188,-2.742813128691453,-2.627346634864807
5,single_feature_skewness,189,-2.764578544176542,-2.577733874320984
5,single_feature_skewness,190,-2.7652681790865383,-2.457534074783325
5,single_feature_skewness,191,-2.7831427317399244,-2.5913164615631104
5,single_feature_skewness,192,-2.794159797521738,-2.576578140258789
5,single_feature_skewness,193,-2.749938488006592,-2.579762578010559
5,single_feature_skewness,194,-2.8173338083120494,-2.601348400115967
5,single_feature_skewness,195,-2.778758067351121,-2.560149908065796
5,single_feature_skewness,196,-2.780648249846238,-2.526065468788147
5,single_feature_skewness,197,-2.730976728292612,-2.570237874984741
5,single_feature_skewness,198,-2.819489222306472,-2.546383500099182
5,single_feature_skewness,199,-2.81853749201848,-2.583443522453308
5,single_feature_skewness,200,-2.80281925201416,-2.573007106781006
5,single_feature_skewness,201,-2.783189975298368,-2.5541696548461914
5,single_feature_skewness,202,-2.7971062110020566,-2.575181007385254
5,single_feature_skewness,203,-2.779481135881864,-2.5651514530181885
5,single_feature_skewness,204,-2.828620984004094,-2.603700399398804
5,single_feature_skewness,205,-2.8030909574948826,-2.5253442525863647
5,single_feature_skewness,206,-2.8013483927800107,-2.6050292253494263
5,single_feature_skewness,207,-2.827152288877047,-2.536056160926819
5,single_feature_skewness,208,-2.8068931836348314,-2.551919937133789
5,single_feature_skewness,209,-2.78709470308744,-2.53279972076416
5,single_feature_skewness,210,-2.784871358137864,-2.628919839859009
5,single_feature_skewness,211,-2.7414888602036696,-2.509347915649414
5,single_feature_skewness,212,-2.813122565929706,-2.5844799280166626
5,single_feature_skewness,213,-2.8327930523799014,-2.5540356636047363
5,single_feature_skewness,214,-2.81442405627324,-2.599435806274414
5,single_feature_skewness,215,-2.7926791998056264,-2.510183095932007
5,single_feature_skewness,216,-2.810941421068632,-2.592311978340149
5,single_feature_skewness,217,-2.834790211457473,-2.562476396560669
5,single_feature_skewness,218,-2.820639812029325,-2.567417860031128
5,single_feature_skewness,219,-2.8532971418820896,-2.611131429672241
5,single_feature_skewness,220,-2.8347776119525614,-2.6094071865081787
5,single_feature_skewness,221,-2.8360579930819,-2.6035850048065186
5,single_feature_skewness,222,-2.755553447283232,-2.54586148262024
5,single_feature_skewness,223,-2.8398783023540792,-2.639162421226501
5,single_feature_skewness,224,-2.825434262935932,-2.5503504276275635
5,single_feature_skewness,225,-2.840362970645612,-2.4682828187942505
5,single_feature_skewness,226,-2.8120986498319187,-2.5669307708740234
5,single_feature_skewness,227,-2.8023993235367994,-2.5093064308166504
5,single_feature_skewness,228,-2.768306493759156,-2.576234221458435
5,single_feature_skewness,229,-2.835667536808894,-2.513103485107422
5,single_feature_skewness,230,-2.7899412558628964,-2.479346513748169
5,single_feature_skewness,231,-2.789294352898231,-2.5755395889282227
5,single_feature_skewness,232,-2.790851996495173,-2.588847041130066
5,single_feature_skewness,233,-2.85598925443796,-2.5812472105026245
5,single_feature_skewness,234,-2.8600904024564304,-2.5712146759033203
5,single_feature_skewness,235,-2.840530468867376,-2.6202783584594727
5,single_feature_skewness,236,-2.854787129622239,-2.5681748390197754
5,single_feature_skewness,237,-2.8368091950049767,-2.518154263496399
5,single_feature_skewness,238,-2.83213210105896,-2.6032326221466064
5,single_feature_skewness,239,-2.837182741898757,-2.524759531021118
5,single_feature_skewness,240,-2.833707717748789,-2.524324536323548
5,single_feature_skewness,241,-2.8409879207611084,-2.42741322517395
5,single_feature_skewness,242,-2.7878885452563944,-2.550918221473694
5,single_feature_skewness,243,-2.855445678417499,-2.6294353008270264
5,single_feature_skewness,244,-2.872706651687622,-2.609220623970032
5,single_feature_skewness,245,-2.865419002679678,-2.577926516532898
5,single_feature_skewness,246,-2.860014933806199,-2.532706618309021
5,single_feature_skewness,247,-2.8260520971738377,-2.5963175296783447
5,single_feature_skewness,248,-2.8515444718874416,-2.552473545074463
5,single_feature_kurtosis,0,0.0885033398293531,-0.1426714062690735
5,single_feature_kurtosis,1,-0.2830821608121578,-0.2976538687944412
5,single_feature_kurtosis,2,-0.4372377739502833,-0.4128849506378174
5,single_feature_kurtosis,3,-0.5447327540471003,-0.5026740431785583
5,single_feature_kurtosis,4,-0.6363344651002151,-0.5814563035964966
5,single_feature_kurtosis,5,-0.7032046134655292,-0.7073022723197937
5,single_feature_kurtosis,6,-0.782470859014071,-0.7063676714897156
5,single_feature_kurtosis,7,-0.8483905700536875,-0.8308903574943542
5,single_feature_kurtosis,8,-0.9168579074052664,-0.8738383650779724
5,single_feature_kurtosis,9,-0.9954438117834238,-0.9789522290229796
5,single_feature_kurtosis,10,-1.09911533502432,-1.079542875289917
5,single_feature_kurtosis,11,-1.2249139639047475,-1.2842712998390198
5,single_feature_kurtosis,12,-1.3427338966956506,-1.3815284967422483
5,single_feature_kurtosis,13,-1.4274936089148889,-1.444157600402832
5,single_feature_kurtosis,14,-1.5116448310705333,-1.5087319612503052
5,single_feature_kurtosis,15,-1.5551100235718949,-1.5521374344825745
5,single_feature_kurtosis,16,-1.5963477996679454,-1.5537298917770386
5,single_feature_kurtosis,17,-1.6406528949737549,-1.6011382341384888
5,single_feature_kurtosis,18,-1.684849656545199,-1.6400392651557922
5,single_feature_kurtosis,19,-1.7123696070451002,-1.6904093027114868
5,single_feature_kurtosis,20,-1.7176729348989634,-1.7060616612434387
5,single_feature_kurtosis,21,-1.763144694841825,-1.697791039943695
5,single_feature_kurtosis,22,-1.8029579290976887,-1.762479543685913
5,single_feature_kurtosis,23,-1.827966561684241,-1.7785751819610596
5,single_feature_kurtosis,24,-1.844801013286297,-1.8263518810272217
5,single_feature_kurtosis,25,-1.856149334173936,-1.8292221426963808
5,single_feature_kurtosis,26,-1.9014542744709888,-1.913953423500061
5,single_feature_kurtosis,27,-1.9092254363573515,-1.8723097443580627
5,single_feature_kurtosis,28,-1.9609608466808608,-1.8908884525299072
5,single_feature_kurtosis,29,-1.940029593614432,-1.88507080078125
5,single_feature_kurtosis,30,-1.949986870472248,-1.9350317120552063
5,single_feature_kurtosis,31,-1.901140909928542,-1.9144569635391235
5,single_feature_kurtosis,32,-1.959481239318848,-1.9265201687812803
5,single_feature_kurtosis,33,-1.991919801785396,-1.881493628025055
5,single_feature_kurtosis,34,-2.0331721122448263,-1.946510672569275
5,single_feature_kurtosis,35,-2.041384302652799,-1.9420374035835264
5,single_feature_kurtosis,36,-2.026829710373512,-1.908529043197632
5,single_feature_kurtosis,37,-2.051972270011902,-1.9524531960487368
5,single_feature_kurtosis,38,-2.049933112584628,-2.0248552560806274
5,single_feature_kurtosis,39,-2.0481769029910746,-1.943564534187317
5,single_feature_kurtosis,40,-2.016961831312913,-1.8665602803230288
5,single_feature_kurtosis,41,-2.0598254753993106,-1.9689747095108032
5,single_feature_kurtosis,42,-2.1029996138352613,-2.003350555896759
5,single_feature_kurtosis,43,-2.12354852603032,-2.0570497512817383
5,single_feature_kurtosis,44,-2.131839101131146,-2.0449825525283813
5,single_feature_kurtosis,45,-2.12100571852464,-2.034260213375092
5,single_feature_kurtosis,46,-2.1103592010644765,-1.9396111965179443
5,single_feature_kurtosis,47,-2.076192085559552,-1.98016095161438
5,single_feature_kurtosis,48,-2.15470603796152,-2.020590662956238
5,single_feature_kurtosis,49,-2.172079544800978,-2.050334215164185
5,single_feature_kurtosis,50,-2.182605119851919,-2.086797952651977
5,single_feature_kurtosis,51,-2.161499188496516,-2.01449191570282
5,single_feature_kurtosis,52,-2.1333526464609,-2.031507730484009
5,single_feature_kurtosis,53,-2.162567001122695,-2.0391314029693604
5,single_feature_kurtosis,54,-2.1453834680410533,-1.901015222072601
5,single_feature_kurtosis,55,-2.139034472979032,-2.0911346673965454
5,single_feature_kurtosis,56,-2.176963237615732,-2.0502238273620605
5,single_feature_kurtosis,57,-2.202893330500676,-2.035108804702759
5,single_feature_kurtosis,58,-2.189062852125901,-2.0696043968200684
5,single_feature_kurtosis,59,-2.2072429106785703,-2.031877517700196
5,single_feature_kurtosis,60,-2.154460210066575,-2.0416892170906067
5,single_feature_kurtosis,61,-2.16335652424739,-2.056130170822144
5,single_feature_kurtosis,62,-2.1799511359288144,-1.9601147174835205
5,single_feature_kurtosis,63,-2.1804318061241736,-2.0428829193115234
5,single_feature_kurtosis,64,-2.1989732338831973,-2.095034122467041
5,single_feature_kurtosis,65,-2.2408492931952844,-2.104122519493103
5,single_feature_kurtosis,66,-2.211587190628052,-1.9720288515090945
5,single_feature_kurtosis,67,-2.173385345018827,-2.019090831279754
5,single_feature_kurtosis,68,-2.223201788388766,-2.122847318649292
5,single_feature_kurtosis,69,-2.2485846739548903,-2.0498239994049072
5,single_feature_kurtosis,70,-2.2669955583719106,-2.0468668937683105
5,single_feature_kurtosis,71,-2.1977981420663686,-2.12416934967041
5,single_feature_kurtosis,72,-2.247071156134972,-2.093948245048523
5,single_feature_kurtosis,73,-2.257217425566453,-2.1451462507247925
5,single_feature_kurtosis,74,-2.242312798133263,-1.787748157978058
5,single_feature_kurtosis,75,-2.0864265973751364,-1.9396324753761287
5,single_feature_kurtosis,76,-2.1724248299231896,-2.100044846534729
5,single_feature_kurtosis,77,-2.2566288984738865,-2.130242824554444
5,single_feature_kurtosis,78,-2.2929419737595778,-2.1450090408325195
5,single_feature_kurtosis,79,-2.2999199353731594,-2.1248371601104736
5,single_feature_kurtosis,80,-2.264723484332745,-2.1360307931900024
5,single_feature_kurtosis,81,-2.2786302199730506,-2.127649188041687
5,single_feature_kurtosis,82,-2.302335133919349,-2.145906448364258
5,single_feature_kurtosis,83,-2.3046486377716064,-2.112269878387451
5,single_feature_kurtosis,84,-2.298553155018733,-2.167527556419373
5,single_feature_kurtosis,85,-2.2715242275824914,-2.094287395477295
5,single_feature_kurtosis,86,-2.251804003348717,-2.1382960081100464
5,single_feature_kurtosis,87,-2.317059278488159,-2.132745742797852
5,single_feature_kurtosis,88,-2.3448117696321926,-2.178237199783325
5,single_feature_kurtosis,89,-2.354913748227633,-2.179689884185791
5,single_feature_kurtosis,90,-2.325875392326942,-2.1079081296920776
5,single_feature_kurtosis,91,-2.313948484567496,-2.17551064491272
5,single_feature_kurtosis,92,-2.329428085914025,-2.1514837741851807
5,single_feature_kurtosis,93,-2.357454703404353,-2.153358697891236
5,single_feature_kurtosis,94,-2.342134402348445,-2.1540064811706543
5,single_feature_kurtosis,95,-2.349375211275541,-2.200181245803833
5,single_feature_kurtosis,96,-2.332534441581139,-2.206951379776001
5,single_feature_kurtosis,97,-2.3467236298781176,-2.154025793075561
5,single_feature_kurtosis,98,-2.3427795263437123,-2.2029645442962646
5,single_feature_kurtosis,99,-2.3769859350644627,-2.209800243377685
5,single_feature_kurtosis,100,-2.355251954152034,-2.188783884048462
5,single_feature_kurtosis,101,-2.352897020486685,-2.167775630950928
5,single_feature_kurtosis,102,-2.292544254889855,-2.15036404132843
5,single_feature_kurtosis,103,-2.3665270805358887,-2.20277738571167
5,single_feature_kurtosis,104,-2.368139927203839,-2.23086929321289
5,single_feature_kurtosis,105,-2.3516839284163256,-2.1062252521514893
5,single_feature_kurtosis,106,-2.3465427435361423,-2.172886848449707
5,single_feature_kurtosis,107,-2.3461755239046536,-2.230566024780273
5,single_feature_kurtosis,108,-2.380860071915847,-2.228373408317566
5,single_feature_kurtosis,109,-2.3948269990774302,-2.1893978118896484
5,single_feature_kurtosis,110,-2.401304373374352,-2.219955563545227
5,single_feature_kurtosis,111,-2.403997091146616,-2.224529981613159
5,single_feature_kurtosis,112,-2.4026501912337084,-2.152592182159424
5,single_feature_kurtosis,113,-2.3772749717418966,-2.127736210823059
5,single_feature_kurtosis,114,-2.331311372610239,-2.154848337173462
5,single_feature_kurtosis,115,-2.4013255559481106,-2.216843247413636
5,single_feature_kurtosis,116,-2.385472536087036,-2.202843427658081
5,single_feature_kurtosis,117,-2.4108083064739523,-2.191307306289673
5,single_feature_kurtosis,118,-2.4326852284944973,-2.220460772514344
5,single_feature_kurtosis,119,-2.417300591102013,-2.1490079164505005
5,single_feature_kurtosis,120,-2.368901564524724,-2.174194097518921
5,single_feature_kurtosis,121,-2.4194241487062893,-2.205889582633972
5,single_feature_kurtosis,122,-2.412826006229108,-2.251666784286499
5,single_feature_kurtosis,123,-2.425790621684148,-2.2106966972351074
5,single_feature_kurtosis,124,-2.419915804496178,-2.22397780418396
5,single_feature_kurtosis,125,-2.3839485461895285,-2.1835800409317017
5,single_feature_kurtosis,126,-2.4264899033766527,-2.2298015356063843
5,single_feature_kurtosis,127,-2.434148513353788,-2.171057939529419
5,single_feature_kurtosis,128,-2.4361630586477427,-2.242110133171081
5,single_feature_kurtosis,129,-2.440040001502404,-2.2308757305145264
5,single_feature_kurtosis,130,-2.427355307799119,-2.1994845867156982
5,single_feature_kurtosis,131,-2.434383722452017,-2.212436079978943
5,single_feature_kurtosis,132,-2.422587559773372,-2.2469288110733032
5,single_feature_kurtosis,133,-2.428443505213811,-2.252668857574463
5,single_feature_kurtosis,134,-2.430169068850004,-2.1935372352600098
5,single_feature_kurtosis,135,-2.434542876023513,-2.2125275135040283
5,single_feature_kurtosis,136,-2.4583122730255127,-2.3053016662597656
5,single_feature_kurtosis,137,-2.470265058370737,-2.2300736904144287
5,single_feature_kurtosis,138,-2.4447999734144945,-2.2359378337860107
5,single_feature_kurtosis,139,-2.428078192930955,-2.149564743041992
5,single_feature_kurtosis,140,-2.4382355763362,-2.2576725482940674
5,single_feature_kurtosis,141,-2.464758506188026,-2.24216103553772
5,single_feature_kurtosis,142,-2.454270362854004,-2.2356793880462646
5,single_feature_kurtosis,143,-2.4576268929701586,-2.2431607246398926
5,single_feature_kurtosis,144,-2.4692602157592773,-2.225761294364929
5,single_feature_kurtosis,145,-2.439983294560359,-2.246402382850647
5,single_feature_kurtosis,146,-2.461719622978797,-2.2388962507247925
5,single_feature_kurtosis,147,-2.451560845741859,-2.26479709148407
5,single_feature_kurtosis,148,-2.4793577927809496,-2.2245826721191406
5,single_feature_kurtosis,149,-2.46283193734976,-2.248867392539978
5,single_feature_kurtosis,150,-2.4692548421713023,-2.1752620935440063
5,single_feature_kurtosis,151,-2.462144503226647,-2.2267640829086304
5,single_feature_kurtosis,152,-2.460596854870136,-2.2143508195877075
5,single_feature_kurtosis,153,-2.4487036008101244,-2.2502925395965576
5,single_feature_kurtosis,154,-2.445335718301626,-2.212618112564087
5,single_feature_kurtosis,155,-2.4770964292379527,-2.249401450157165
5,single_feature_kurtosis,156,-2.491489960597112,-2.2053149938583374
5,single_feature_kurtosis,157,-2.4691562469188986,-2.1859655380249023
5,single_feature_kurtosis,158,-2.489799517851609,-2.259087324142456
5,single_feature_kurtosis,159,-2.4469199180603027,-2.1743630170822144
5,single_feature_kurtosis,160,-2.489149937262902,-2.245084047317505
5,single_feature_kurtosis,161,-2.497265705695519,-2.190769672393799
5,single_feature_spectral_slope,0,0.0030303270770953,-0.2997641265392303
5,single_feature_spectral_slope,1,-0.4507197095797612,-0.5836809277534485
5,single_feature_spectral_slope,2,-0.688751051059136,-0.7585371732711792
5,single_feature_spectral_slope,3,-0.8761127820381751,-0.9268569350242616
5,single_feature_spectral_slope,4,-1.031204796754397,-1.055970311164856
5,single_feature_spectral_slope,5,-1.1463697781929605,-1.18617981672287
5,single_feature_spectral_slope,6,-1.2329406921680155,-1.2270677089691162
5,single_feature_spectral_slope,7,-1.2808458805084229,-1.2726154923439026
5,single_feature_spectral_slope,8,-1.327690445459806,-1.2975269556045532
5,single_feature_spectral_slope,9,-1.3526651492485633,-1.353088080883026
5,single_feature_spectral_slope,10,-1.3926340983464167,-1.3463926911354065
5,single_feature_spectral_slope,11,-1.4137202776395357,-1.4007800817489624
5,single_feature_spectral_slope,12,-1.441797788326557,-1.4302527904510498
5,single_feature_spectral_slope,13,-1.4653179187041063,-1.4345055222511292
5,single_feature_spectral_slope,14,-1.4828924582554743,-1.4611738920211792
5,single_feature_spectral_slope,15,-1.4924334012545073,-1.4641648530960083
5,single_feature_spectral_slope,16,-1.5225865107316237,-1.4926129579544067
5,single_feature_spectral_slope,17,-1.5381243045513446,-1.4954848885536194
5,single_feature_spectral_slope,18,-1.5600233536500197,-1.5470179915428162
5,single_feature_spectral_slope,19,-1.5830608789737408,-1.5487617254257202
5,single_feature_spectral_slope,20,-1.5905706148881178,-1.542955458164215
5,single_feature_spectral_slope,21,-1.613076457610497,-1.5464110374450684
5,single_feature_spectral_slope,22,-1.631063277904804,-1.5918591022491455
5,single_feature_spectral_slope,23,-1.6361389618653517,-1.600123405456543
5,single_feature_spectral_slope,24,-1.6679283930705144,-1.6125509142875671
5,single_feature_spectral_slope,25,-1.6845940901682928,-1.6333444118499756
5,single_feature_spectral_slope,26,-1.7021211018929114,-1.6391149759292605
5,single_feature_spectral_slope,27,-1.6994429276539729,-1.6448558568954468
5,single_feature_spectral_slope,28,-1.7342385053634644,-1.6741511821746826
5,single_feature_spectral_slope,29,-1.7428960800170898,-1.6951304078102112
5,single_feature_spectral_slope,30,-1.755904665360084,-1.725784420967102
5,single_feature_spectral_slope,31,-1.7707009315490725,-1.7133923172950745
5,single_feature_spectral_slope,32,-1.772590004480802,-1.740795910358429
5,single_feature_spectral_slope,33,-1.7876751056084266,-1.7496628761291504
5,single_feature_spectral_slope,34,-1.7980760152523334,-1.7261600494384766
5,single_feature_spectral_slope,35,-1.8157256474861727,-1.7816169261932373
5,single_feature_spectral_slope,36,-1.83037478190202,-1.7549595832824707
5,single_feature_spectral_slope,37,-1.832346705289988,-1.7727928161621094
5,single_feature_spectral_slope,38,-1.8329190749388475,-1.776328980922699
5,single_feature_spectral_slope,39,-1.8505418300628664,-1.781434178352356
5,single_feature_spectral_slope,40,-1.8463811415892384,-1.7853680849075315
5,single_feature_spectral_slope,41,-1.857430283839886,-1.7821868062019348
5,single_feature_spectral_slope,42,-1.8683380438731267,-1.7954474687576294
5,single_feature_spectral_slope,43,-1.8735234553997333,-1.828656613826752
5,single_feature_spectral_slope,44,-1.8918924148266127,-1.7660712599754331
5,single_feature_spectral_slope,45,-1.8933005516345685,-1.832351922988892
5,single_feature_spectral_slope,46,-1.9040908630077653,-1.8301922082901
5,single_feature_spectral_slope,47,-1.901840604268588,-1.8228161931037905
5,single_feature_spectral_slope,48,-1.9097824371778047,-1.812462329864502
5,single_feature_spectral_slope,49,-1.922878311230586,-1.816863179206848
5,single_feature_spectral_slope,50,-1.921614454342769,-1.8505841493606567
5,single_feature_spectral_slope,51,-1.9258659252753625,-1.848658800125122
5,single_feature_spectral_slope,52,-1.9348854468419,-1.8580803275108333
5,single_feature_spectral_slope,53,-1.9274947001383853,-1.854164063930512
5,single_feature_spectral_slope,54,-1.936742250735943,-1.8108205795288088
5,single_feature_spectral_slope,55,-1.9500111524875348,-1.873064696788788
5,single_feature_spectral_slope,56,-1.949674973121056,-1.884302020072937
5,single_feature_spectral_slope,57,-1.9583432215910688,-1.868810713291168
5,single_feature_spectral_slope,58,-1.9597639303940992,-1.882093369960785
5,single_feature_spectral_slope,59,-1.9682318430680488,-1.874238073825836
5,single_feature_spectral_slope,60,-1.974069008460412,-1.87209814786911
5,single_feature_spectral_slope,61,-1.970882764229408,-1.8833495378494265
5,single_feature_spectral_slope,62,-1.96832050726964,-1.8689055442810056
5,single_feature_spectral_slope,63,-1.969903799203726,-1.8904818296432493
5,single_feature_spectral_slope,64,-1.9829430671838613,-1.865322709083557
5,single_feature_spectral_slope,65,-1.9811765689116256,-1.8679628372192385
5,single_feature_spectral_slope,66,-1.992536077132592,-1.854040265083313
5,single_feature_spectral_slope,67,-1.990232256742624,-1.8809525966644287
5,single_feature_spectral_slope,68,-1.993332294317392,-1.856223464012146
5,single_feature_spectral_slope,69,-2.007517200249892,-1.879372656345368
5,single_feature_spectral_slope,70,-1.998740278757536,-1.8755785822868347
5,single_feature_spectral_slope,71,-1.999518834627592,-1.8592071533203125
5,single_feature_spectral_slope,72,-2.0143715968498817,-1.863178253173828
5,single_feature_spectral_slope,73,-2.0097291194475613,-1.872789323329925
5,single_feature_spectral_slope,74,-2.000360901539142,-1.876636683940888
5,single_feature_spectral_slope,75,-2.001605043044457,-1.8757135272026064
5,single_feature_spectral_slope,76,-1.9983424498484683,-1.8831391334533687
5,single_feature_spectral_slope,77,-1.997655831850492,-1.853093147277832
5,single_feature_spectral_slope,78,-1.994890387241657,-1.8786212801933289
5,single_feature_spectral_slope,79,-1.9987044701209435,-1.8898748755455017
5,single_feature_spectral_slope,80,-2.0104947915444007,-1.857010006904602
5,single_feature_spectral_slope,81,-2.022045474786025,-1.8929060101509088
5,single_feature_spectral_slope,82,-2.0205078583497267,-1.881788671016693
5,single_feature_spectral_slope,83,-2.040542565859281,-1.9077216386795044
5,single_feature_spectral_slope,84,-2.026870269041795,-1.8746578693389893
5,single_feature_spectral_slope,85,-2.0250920148996205,-1.8860629200935364
5,single_feature_spectral_slope,86,-2.047539160801814,-1.895726203918457
5,single_feature_spectral_slope,87,-2.046584908778851,-1.86788296699524
5,single_feature_spectral_slope,88,-2.0453977309740505,-1.866242229938507
5,single_feature_spectral_slope,89,-2.0438655064656186,-1.8981617093086245
5,single_feature_spectral_slope,90,-2.046182063909677,-1.9038226008415224
5,single_feature_spectral_slope,91,-2.049383539419908,-1.8743842840194704
5,single_feature_spectral_slope,92,-2.0531449959828305,-1.88463705778122
5,single_feature_spectral_slope,93,-2.0515501224077664,-1.9045937061309808
5,single_feature_spectral_slope,94,-2.061085563439589,-1.8992303609848025
5,single_feature_spectral_slope,95,-2.0600384015303392,-1.8814836144447329
5,single_feature_spectral_slope,96,-2.0494857751406155,-1.8767558932304385
5,single_feature_spectral_slope,97,-2.0424598913926344,-1.8899542689323423
5,single_feature_spectral_slope,98,-2.054426376636212,-1.8712962865829468
5,single_feature_spectral_slope,99,-2.0622493028640747,-1.8947413563728333
5,single_feature_spectral_slope,100,-2.0526135701399584,-1.8843113780021667
5,single_feature_spectral_slope,101,-2.052715594951923,-1.8748682737350464
5,single_feature_spectral_slope,102,-2.05950588446397,-1.8887652158737185
5,single_feature_spectral_slope,103,-2.079951469714825,-1.8777761459350584
5,single_feature_spectral_slope,104,-2.0736109751921434,-1.8839722275733948
5,single_feature_spectral_slope,105,-2.050362752034114,-1.8935600519180296
5,single_feature_spectral_slope,106,-2.076593830035283,-1.8805338144302368
5,single_feature_spectral_slope,107,-2.0766173142653246,-1.935176968574524
5,single_feature_spectral_slope,108,-2.082267449452327,-1.8896242380142207
5,single_feature_spectral_slope,109,-2.072100593493535,-1.941478610038757
5,single_feature_spectral_slope,110,-2.072380900382996,-1.8620271682739256
5,single_feature_spectral_slope,111,-2.081879102266752,-1.916816771030426
5,single_feature_spectral_slope,112,-2.090389526807345,-1.912621796131134
5,single_feature_spectral_slope,113,-2.100135876582219,-1.881263673305512
5,single_feature_spectral_slope,114,-2.0856184042417087,-1.912664771080017
5,single_feature_spectral_slope,115,-2.1009790897369385,-1.875460505485535
5,single_feature_spectral_slope,116,-2.1047829389572144,-1.9158974885940552
5,single_feature_spectral_slope,117,-2.097303463862493,-1.93941593170166
5,single_feature_spectral_slope,118,-2.086877859555758,-1.8731674551963808
5,single_feature_spectral_slope,119,-2.0739002594581017,-1.9027918577194207
5,single_feature_spectral_slope,120,-2.0946172384115367,-1.9091665744781487
5,single_feature_spectral_slope,121,-2.10161986717811,-1.88936734199524
5,single_feature_spectral_slope,122,-2.0983893871307373,-1.904117584228516
5,single_feature_spectral_slope,123,-2.101620967571552,-1.916281819343567
5,single_feature_spectral_slope,124,-2.103146589719332,-1.868249833583832
5,single_feature_spectral_slope,125,-2.107025265693665,-1.8752334713935848
5,single_feature_spectral_slope,126,-2.115130607898419,-1.9160305857658384
5,single_feature_spectral_slope,127,-2.1094985558436465,-1.9140177369117737
5,single_feature_spectral_slope,128,-2.104387650123009,-1.869772970676422
5,single_feature_spectral_slope,129,-2.110776552787194,-1.8946076035499573
5,single_feature_spectral_slope,130,-2.1185326943030725,-1.935607671737671
5,single_feature_spectral_slope,131,-2.1270261727846584,-1.901872456073761
5,single_feature_spectral_slope,132,-2.111440200072068,-1.917721390724182
5,single_feature_spectral_slope,133,-2.107912136958196,-1.9270367622375488
5,single_feature_spectral_slope,134,-2.133341147349431,-1.9252715706825256
5,single_feature_total_log_power,0,0.0848116347422966,-0.2023272290825843
5,single_feature_total_log_power,1,-0.3432637602090835,-0.4135183691978454
5,single_feature_total_log_power,2,-0.5216427032764142,-0.5367944240570068
5,single_feature_total_log_power,3,-0.6521099484883822,-0.6595648527145386
5,single_feature_total_log_power,4,-0.7621306777000427,-0.7517326474189758
5,single_feature_total_log_power,5,-0.87948811512727,-0.8900993764400482
5,single_feature_total_log_power,6,-1.019972677414234,-1.0175635814666748
5,single_feature_total_log_power,7,-1.1972509347475493,-1.2506054639816284
5,single_feature_total_log_power,8,-1.4301807146805985,-1.478103518486023
5,single_feature_total_log_power,9,-1.6709363002043505,-1.735092282295227
5,single_feature_total_log_power,10,-1.925468371464656,-1.9477553367614744
5,single_feature_total_log_power,11,-1.656212485753573,-0.5839166641235352
5,single_feature_total_log_power,12,-1.8257529460466824,-2.142331004142761
5,single_feature_total_log_power,13,-2.190488448509804,-2.091762661933899
5,single_feature_total_log_power,14,-2.2762899215404806,-2.2327704429626465
5,single_feature_total_log_power,15,-2.305577865013709,-2.3163604736328125
5,single_feature_total_log_power,16,-2.417179474463829,-2.4487321376800537
5,single_feature_total_log_power,17,-2.461542844772339,-2.456410050392151
5,single_feature_total_log_power,18,-2.507461639551016,-2.21163809299469
5,single_feature_total_log_power,19,-2.50438273870028,-2.590745210647583
5,single_feature_total_log_power,20,-2.589708419946524,-2.494975447654724
5,single_feature_total_log_power,21,-2.5784832330850453,-2.4111502170562744
5,single_feature_total_log_power,22,-2.590873883320735,-2.7409706115722656
5,single_feature_total_log_power,23,-2.624803212972788,-2.619024872779846
5,single_feature_total_log_power,24,-2.673646101584801,-2.519418239593506
5,single_feature_total_log_power,25,-2.675465932259193,-2.792708396911621
5,single_feature_total_log_power,26,-2.7085029895489035,-2.651355504989624
5,single_feature_total_log_power,27,-2.71746327326848,-2.595687747001648
5,single_feature_total_log_power,28,-2.73385579769428,-2.7232258319854736
5,single_feature_total_log_power,29,-2.7552498303926907,-2.7898285388946533
5,single_feature_total_log_power,30,-2.7744421041928806,-2.597354292869568
5,single_feature_total_log_power,31,-2.775059810051552,-2.7598713636398315
5,single_feature_total_log_power,32,-2.8300500833071194,-2.756520390510559
5,single_feature_total_log_power,33,-2.8265107228205752,-2.686123967170716
5,single_feature_total_log_power,34,-2.8021742747380185,-2.875955820083618
5,single_feature_total_log_power,35,-2.859279760947594,-2.755683779716492
5,single_feature_total_log_power,36,-2.861696243286133,-2.4740618467330933
5,single_feature_total_log_power,37,-2.8530979523291955,-2.9077155590057373
5,single_feature_total_log_power,38,-2.912009092477652,-2.852115631103516
5,single_feature_total_log_power,39,-2.916467061409584,-2.683427572250366
5,single_feature_total_log_power,40,-2.908346286186805,-2.918135046958924
5,single_feature_total_log_power,41,-2.9256074795356164,-2.8801753520965576
5,single_feature_total_log_power,42,-2.9453824116633487,-2.738867282867432
5,single_feature_total_log_power,43,-2.9542805598332333,-3.0431060791015625
5,single_feature_total_log_power,44,-2.9786936319791355,-2.9304239749908447
5,single_feature_total_log_power,45,-3.0035600662231445,-2.723623514175415
5,single_feature_total_log_power,46,-2.981730956297654,-3.079143524169922
5,single_feature_total_log_power,47,-3.0100083351135254,-2.845804452896118
5,single_feature_total_log_power,48,-3.005649529970609,-2.673431158065796
5,single_feature_total_log_power,49,-3.006411974246685,-3.078800916671753
5,single_feature_total_log_power,50,-3.053329431093656,-3.0131006240844727
5,single_feature_total_log_power,51,-3.0529545087080736,-2.596073269844055
5,single_feature_total_log_power,52,-3.024977133824275,-3.086892485618592
5,single_feature_total_log_power,53,-3.0878379711738,-2.9513771533966064
5,single_feature_total_log_power,54,-3.073033956380991,-2.7950103282928467
5,single_feature_total_log_power,55,-3.07691766665532,-3.194969654083252
5,single_feature_total_log_power,56,-3.108184667734,-2.9640225172042847
5,single_feature_total_log_power,57,-3.067210912704468,-2.8971277475357056
5,single_feature_total_log_power,58,-3.068771270605234,-3.100687861442566
5,single_feature_total_log_power,59,-3.133537145761343,-3.10162615776062
5,single_feature_total_log_power,60,-3.134412031907302,-2.8165650367736816
5,single_feature_total_log_power,61,-3.136401891708374,-3.238601565361023
5,single_feature_total_log_power,62,-3.145171513924232,-3.0768626928329468
5,single_feature_total_log_power,63,-3.153089449955867,-2.8234728574752808
5,single_feature_total_log_power,64,-3.142372864943284,-3.2354170083999634
5,single_feature_total_log_power,65,-3.1798404363485484,-3.1052212715148926
5,single_feature_total_log_power,66,-3.1667831494258,-2.7698094844818115
5,single_feature_total_log_power,67,-3.170620221358079,-3.254624605178833
5,single_feature_total_log_power,68,-3.2033338913550744,-3.119661569595337
5,single_feature_total_log_power,69,-3.213941005560068,-2.8978991508483887
5,single_feature_total_log_power,70,-3.1925380413348856,-3.21971595287323
5,single_feature_total_log_power,71,-3.235943867610051,-3.158662796020508
5,single_feature_total_log_power,72,-3.2309490533975453,-2.7168779373168945
5,single_feature_total_log_power,73,-3.2023735229785624,-3.290057063102722
5,single_feature_total_log_power,74,-3.2192316422095666,-3.205308675765991
5,single_feature_total_log_power,75,-3.250272989273072,-3.043257236480713
5,single_feature_total_log_power,76,-3.231190589758066,-3.3412376642227173
5,single_feature_total_log_power,77,-3.262794256210327,-3.214210033416748
5,single_feature_total_log_power,78,-3.280222691022433,-3.014966011047364
5,single_feature_total_log_power,79,-3.24724556849553,-3.29390811920166
5,single_feature_total_log_power,80,-3.276221825526311,-3.2810964584350586
5,single_feature_total_log_power,81,-3.281434260881864,-2.9837275743484497
5,single_feature_total_log_power,82,-3.282751982028668,-3.374688148498535
5,single_feature_total_log_power,83,-3.3011106711167555,-3.3406460285186768
5,single_feature_total_log_power,84,-3.319808611503014,-2.955603241920471
5,single_feature_total_log_power,85,-3.266106055333064,-3.260622024536133
5,single_feature_total_log_power,86,-3.327685539539044,-3.2376458644866943
5,single_feature_total_log_power,87,-3.3040352968069224,-3.071145176887512
5,single_feature_total_log_power,88,-3.316778146303617,-3.455281376838684
5,single_feature_total_log_power,89,-3.322992416528555,-3.2701495885849
5,single_feature_total_log_power,90,-3.3384675612816443,-2.982788324356079
5,single_feature_total_log_power,91,-3.3198948273291955,-3.429892897605896
5,single_feature_total_log_power,92,-3.342322477927574,-3.373679876327514
5,single_feature_total_log_power,93,-3.34888428908128,-3.110812425613404
5,single_feature_total_log_power,94,-3.336690700971164,-3.404757261276245
5,single_feature_total_log_power,95,-3.3804666629204383,-3.3096964359283447
5,single_feature_total_log_power,96,-3.3610048477466288,-3.0804250240325928
5,single_feature_total_log_power,97,-3.3417448080503025,-3.4266693592071533
5,single_feature_total_log_power,98,-3.361963767271776,-3.3311500549316406
5,single_feature_total_log_power,99,-3.390949616065392,-2.8252474069595337
5,single_feature_total_log_power,100,-3.349722367066604,-3.447450399398804
5,single_feature_total_log_power,101,-3.392658435381376,-3.3520846366882324
5,single_feature_total_log_power,102,-3.390368883426373,-3.199791431427002
5,single_feature_total_log_power,103,-3.362639683943528,-3.4021358489990234
5,single_feature_total_log_power,104,-3.397639146217933,-3.3566852807998657
5,single_feature_total_log_power,105,-3.406940093407264,-3.0737379789352417
5,single_feature_total_log_power,106,-3.3887300307934103,-3.528389573097229
5,single_feature_total_log_power,107,-3.424995697461642,-3.3657151460647583
5,single_feature_total_log_power,108,-3.416350383024949,-3.19645893573761
5,single_feature_total_log_power,109,-3.4032290165240946,-3.472923040390014
5,single_feature_total_log_power,110,-3.4288206100463867,-3.4597634077072144
5,single_feature_total_log_power,111,-3.444089229290302,-3.099958896636963
5,single_feature_total_log_power,112,-3.4151499271392822,-3.432896852493286
5,single_feature_total_log_power,113,-3.4505625321314883,-3.430171728134156
5,single_feature_total_log_power,114,-3.456280011397141,-3.0327188968658447
5,single_feature_total_log_power,115,-3.4247932617480936,-3.4975802898406982
5,single_feature_total_log_power,116,-3.468594239308284,-3.4510061740875244
5,single_feature_total_log_power,117,-3.4435874682206373,-3.172605037689209
5,single_feature_total_log_power,118,-3.457908813770001,-3.536981225013733
5,single_feature_total_log_power,119,-3.490633120903602,-3.3514647483825684
5,single_feature_total_log_power,120,-3.4542502806736874,-3.0061697959899902
5,single_feature_total_log_power,121,-3.447590259405283,-3.558247208595276
5,single_feature_total_log_power,122,-3.5040655869704027,-3.3123666048049927
5,single_feature_total_log_power,123,-3.473298384593084,-3.197778344154358
5,single_feature_total_log_power,124,-3.4552048169649563,-3.520226001739502
5,single_feature_total_log_power,125,-3.5180361637702355,-3.3813040256500244
5,single_feature_total_log_power,126,-3.498878625723032,-3.145111560821533
5,single_feature_total_log_power,127,-3.4900081707881045,-3.5807372331619263
5,single_feature_total_log_power,128,-3.502505981005155,-3.409024119377136
5,single_feature_total_log_power,129,-3.512628958775447,-3.10960066318512
5,single_feature_total_log_power,130,-3.4903064324305606,-3.647289037704468
5,single_feature_total_log_power,131,-3.505719698392428,-3.542678713798523
5,single_feature_total_log_power,132,-3.5210798520308275,-3.093006730079651
5,single_feature_total_log_power,133,-3.469107206051166,-3.4845070838928223
5,single_feature_total_log_power,134,-3.554709856326764,-3.245736122131348
5,single_feature_total_log_power,135,-3.472168335547814,-3.266852617263794
5,single_feature_total_log_power,136,-3.485498226605929,-3.727477788925171
5,single_feature_total_log_power,137,-3.507505325170664,-3.495006561279297
5,single_feature_total_log_power,138,-3.548471982662494,-3.0795085430145264
5,single_feature_total_log_power,139,-3.501412171583909,-3.5925008058547974
5,single_feature_total_log_power,140,-3.5279397781078634,-3.5763657093048096
5,single_feature_total_log_power,141,-3.549860660846417,-3.4426839351654053
5,single_feature_total_log_power,142,-3.5173459236438456,-3.573471188545227
5,single_feature_total_log_power,143,-3.549354369823749,-3.5899407863616943
5,single_feature_total_log_power,144,-3.5765382876762977,-3.291550993919373
5,single_feature_total_log_power,145,-3.546269490168645,-3.602498769760132
5,single_feature_total_log_power,146,-3.5962512493133545,-3.481209397315979
5,single_feature_total_log_power,147,-3.5653197948749247,-3.203754425048828
5,single_feature_total_log_power,148,-3.5503083925980787,-3.710715889930725
5,single_feature_total_log_power,149,-3.547589687200693,-3.632229208946228
5,single_feature_total_log_power,150,-3.5511797208052416,-3.4639694690704346
5,single_feature_total_log_power,151,-3.574476553843572,-3.6650973558425903
5,single_feature_total_log_power,152,-3.580816507339477,-3.654656410217285
5,single_feature_total_log_power,153,-3.58881950378418,-3.3907294273376465
5,single_feature_total_log_power,154,-3.5760841919825626,-3.613716125488281
5,single_feature_total_log_power,155,-3.6063678081219015,-3.6485438346862793
5,single_feature_total_log_power,156,-3.6171401830819936,-2.95527184009552
5,single_feature_total_log_power,157,-3.562632964207576,-3.642356395721436
5,single_feature_total_log_power,158,-3.631608687914335,-3.3685566186904907
5,single_feature_total_log_power,159,-3.5975824869596043,-3.230521321296692
5,single_feature_total_log_power,160,-3.57497292298537,-3.761366724967957
5,single_feature_total_log_power,161,-3.6187474727630615,-3.491840362548828
5,single_feature_total_log_power,162,-3.616985962941096,-3.3586583137512207
5,single_feature_total_log_power,163,-3.604469262636625,-3.7549374103546143
5,single_feature_total_log_power,164,-3.623890381592971,-3.616902232170105
5,single_feature_total_log_power,165,-3.621380971028256,-3.203092336654663
5,single_feature_total_log_power,166,-3.60883223093473,-3.637159824371338
5,single_feature_total_log_power,167,-3.5898212836338925,-3.3432801961898804
5,single_feature_total_log_power,168,-3.567465617106511,-3.5605677366256714
5,single_feature_total_log_power,169,-3.623456478118897,-3.825472831726074
5,single_feature_total_log_power,170,-3.501705389756423,-3.502143979072571
5,single_feature_total_log_power,171,-3.62448657475985,-3.2778544425964355
5,single_feature_total_log_power,172,-3.633264394906851,-3.777798175811768
5,single_feature_total_log_power,173,-3.620049806741568,-3.7084977626800537
5,single_feature_total_log_power,174,-3.650009650450486,-3.52030873298645
5,single_feature_total_log_power,175,-3.584699704096868,-3.448049068450928
5,single_feature_total_log_power,176,-3.6303801353161154,-3.532500505447388
5,single_feature_total_log_power,177,-3.6373658730433536,-3.039133310317993
5,single_feature_total_log_power,178,-3.614371556502122,-3.7640492916107178
5,single_feature_total_log_power,179,-3.6351110568413367,-3.482478737831116
5,single_feature_total_log_power,180,-3.652481629298284,-3.3973368406295776
5,single_feature_total_log_power,181,-3.647880297440749,-3.64054536819458
5,single_feature_total_log_power,182,-3.681236138710609,-3.602497220039368
5,single_feature_total_log_power,183,-3.673745980629554,-3.4347736835479736
5,single_feature_total_log_power,184,-3.6423577895531287,-3.8332786560058594
5,single_feature_total_log_power,185,-3.685433369416457,-3.707437038421631
5,single_feature_total_log_power,186,-3.700071554917556,-3.392253160476685
5,single_feature_total_log_power,187,-3.6664595237145057,-3.671404004096985
5,single_feature_total_log_power,188,-3.6969667214613695,-3.73190712928772
5,single_feature_total_log_power,189,-3.709972271552453,-3.437540054321289
5,single_feature_total_log_power,190,-3.690918060449453,-3.76417624950409
5,single_feature_total_log_power,191,-3.698275951238779,-3.742916703224182
5,single_feature_total_log_power,192,-3.717601372645452,-3.160502791404724
5,single_feature_total_log_power,193,-3.662055584100576,-3.715377688407898
5,single_feature_total_log_power,194,-3.7315499232365537,-3.558851957321167
5,single_feature_total_log_power,195,-3.702396576221173,-3.159970641136169
5,single_feature_total_log_power,196,-3.683514429972722,-3.8493905067443848
5,single_feature_total_log_power,197,-3.672108833606426,-3.712981343269348
5,single_feature_total_log_power,198,-3.7407533205472494,-3.242071270942688
5,single_feature_total_log_power,199,-3.679143997339102,-3.7777096033096313
5,single_feature_total_log_power,200,-3.7467893086946926,-3.577870726585388
5,single_feature_total_log_power,201,-3.710785645705003,-3.3623480796813965
5,single_feature_total_log_power,202,-3.6872382714198175,-3.720967531204224
5,single_feature_total_log_power,203,-3.744381519464346,-3.692135572433472
5,single_feature_total_log_power,204,-3.7485544131352353,-3.062257766723633
5,single_feature_total_log_power,205,-3.694639499370868,-3.748404860496521
5,single_feature_total_log_power,206,-3.745585643328153,-3.617262005805969
5,single_feature_total_log_power,207,-3.7564810055952806,-3.281338334083557
5,single_feature_total_log_power,208,-3.711452355751625,-3.8031989336013794
5,single_feature_total_log_power,209,-3.7565072866586537,-3.6240094900131226
5,single_feature_total_log_power,210,-3.755545946267935,-3.204429626464844
5,single_feature_total_log_power,211,-3.718375719510592,-3.72094476222992
5,single_feature_total_log_power,212,-3.738765148016123,-3.775770902633667
5,single_feature_total_log_power,213,-3.7833058834075928,-3.139740228652954
5,single_feature_total_log_power,214,-3.7057630098783054,-3.727847099304199
5,single_feature_total_log_power,215,-3.794239245928251,-3.448428153991699
5,single_feature_total_log_power,216,-3.734193948599009,-3.2187907695770264
5,single_feature_total_log_power,217,-3.715885033974281,-3.85810387134552
5,single_feature_total_log_power,218,-3.758618666575505,-3.7733407020568848
5,single_feature_total_log_power,219,-3.792573763773992,-3.407875895500183
5,single_feature_total_log_power,220,-3.759880799513597,-3.893226861953736
5,single_feature_total_log_power,221,-3.773288910205548,-3.5887943506240845
5,single_feature_total_log_power,222,-3.7367034875429592,-3.36333966255188
5,single_feature_total_log_power,223,-3.739132716105535,-3.962787628173828
5,single_feature_total_log_power,224,-3.644174153988178,-3.800171852111816
5,single_feature_total_log_power,225,-3.747290813005888,-3.378061532974243
5,single_feature_total_log_power,226,-3.7513130811544566,-3.777304768562317
5,single_feature_total_log_power,227,-3.7942153123708873,-3.7541213035583496
5,single_feature_total_log_power,228,-3.797102304605337,-3.2244317531585693
5,single_feature_total_log_power,229,-3.743851349903987,-3.799497127532959
5,single_feature_total_log_power,230,-3.80913831637456,-3.694083452224731
5,single_feature_total_log_power,231,-3.9346134662628174,-3.994215488433838
5,single_feature_total_log_power,232,-4.121849133418157,-3.9228689670562735
5,single_feature_total_log_power,233,-4.0079736159398,-3.852911353111267
5,single_feature_total_log_power,234,-4.14428369815533,-4.048624277114868
5,single_feature_total_log_power,235,-4.127669004293589,-4.129924058914185
5,single_feature_total_log_power,236,-4.1145124802222615,-3.56190288066864
5,single_feature_total_log_power,237,-4.049128660788903,-3.981175661087036
5,single_feature_total_log_power,238,-4.082653614190908,-4.127989768981934
5,single_feature_total_log_power,239,-4.057616068766667,-4.08377742767334
5,single_feature_total_log_power,240,-3.901402968626756,-3.1160305738449097
5,single_feature_total_log_power,241,-3.5527665248283973,-3.411846399307251
5,single_feature_total_log_power,242,-3.7456725927499614,-3.982239007949829
5,single_feature_total_log_power,243,-3.770490939800556,-3.849318027496338
5,single_feature_total_log_power,244,-3.8189877546750575,-3.409669280052185
5,single_feature_total_log_power,245,-3.795438161263099,-3.9651691913604736
5,single_feature_total_log_power,246,-3.8452493044046254,-3.740881323814392
5,single_feature_total_log_power,247,-3.808784796641423,-3.499958157539368
5,single_feature_total_log_power,248,-3.7965909517728367,-3.827626347541809
5,single_feature_total_log_power,249,-3.8423827978280873,-3.749741792678833
5,single_feature_total_log_power,250,-3.821248696400569,-3.363811016082764
5,single_feature_total_log_power,251,-3.8145974415999193,-3.9480676651000977
5,single_feature_total_log_power,252,-3.8664709604703456,-3.713387370109558
5,single_feature_total_log_power,253,-3.8332147965064416,-3.603608369827272
5,single_feature_total_log_power,254,-3.8240609169006334,-4.007023096084595
5,single_feature_total_log_power,255,-3.8182407159071694,-3.831602454185486
5,single_feature_total_log_power,256,-3.834286176241361,-3.658060550689697
5,single_feature_total_log_power,257,-3.832908978829017,-4.020200729370117
5,single_feature_total_log_power,258,-3.8395471022679257,-3.9127819538116455
5,single_feature_total_log_power,259,-3.823654156464797,-3.631847381591797
5,single_feature_total_log_power,260,-3.823900387837337,-3.895734429359436
5,single_feature_dominant_freq,0,0.0148460409389092,-0.2998811304569244
5,single_feature_dominant_freq,1,-0.4264287925683535,-0.5096235871315002
5,single_feature_dominant_freq,2,-0.6136421194443336,-0.6730116307735443
5,single_feature_dominant_freq,3,-0.7450201236284696,-0.775565505027771
5,single_feature_dominant_freq,4,-0.862476646900177,-0.8747628927230835
5,single_feature_dominant_freq,5,-0.967295807141524,-1.0262832641601562
5,single_feature_dominant_freq,6,-1.0748252364305348,-1.0981366634368896
5,single_feature_dominant_freq,7,-1.1260970464119544,-1.1578516960144043
5,single_feature_dominant_freq,8,-1.1771986117729774,-1.202523112297058
5,single_feature_dominant_freq,9,-1.2193069733106172,-1.2237577438354492
5,single_feature_dominant_freq,10,-1.251382222542396,-1.2422111630439758
5,single_feature_dominant_freq,11,-1.2764297448671782,-1.2641174793243408
5,single_feature_dominant_freq,12,-1.3118748939954317,-1.321876585483551
5,single_feature_dominant_freq,13,-1.3475505938896766,-1.3016753792762756
5,single_feature_dominant_freq,14,-1.3727416808788593,-1.3634474277496338
5,single_feature_dominant_freq,15,-1.4061503226940448,-1.3702886700630188
5,single_feature_dominant_freq,16,-1.455514430999756,-1.422041893005371
5,single_feature_dominant_freq,17,-1.470380242054279,-1.43699711561203
5,single_feature_dominant_freq,18,-1.4891024094361525,-1.4838780760765076
5,single_feature_dominant_freq,19,-1.5164849758148191,-1.4744725227355957
5,single_feature_dominant_freq,20,-1.543904111935542,-1.488371729850769
5,single_feature_dominant_freq,21,-1.5469155403283923,-1.512643575668335
5,single_feature_dominant_freq,22,-1.5764689720593963,-1.513694941997528
5,single_feature_dominant_freq,23,-1.5934854103968694,-1.5658003687858582
5,single_feature_dominant_freq,24,-1.6235287556281457,-1.5500229001045227
5,single_feature_dominant_freq,25,-1.626590215242826,-1.597347617149353
5,single_feature_dominant_freq,26,-1.639687134669377,-1.5379949808120728
5,single_feature_dominant_freq,27,-1.6688349430377667,-1.5876933932304382
5,single_feature_dominant_freq,28,-1.6739843992086558,-1.5757415294647217
5,single_feature_dominant_freq,29,-1.707435653759883,-1.6233002543449402
5,single_feature_dominant_freq,30,-1.7105047335991492,-1.6214658617973328
5,single_feature_dominant_freq,31,-1.716885154063885,-1.659477472305298
5,single_feature_dominant_freq,32,-1.7268335635845478,-1.6681194305419922
5,single_feature_dominant_freq,33,-1.7447934609193068,-1.6360106468200684
5,single_feature_dominant_freq,34,-1.7570589780807495,-1.6415503025054932
5,single_feature_dominant_freq,35,-1.780218582886916,-1.6678401231765747
5,single_feature_dominant_freq,36,-1.7697797830288229,-1.6866100430488586
5,single_feature_dominant_freq,37,-1.7700474537335908,-1.680073380470276
5,single_feature_dominant_freq,38,-1.7932501022632306,-1.679122805595398
5,single_feature_dominant_freq,39,-1.7902529606452355,-1.6758558750152588
5,single_feature_dominant_freq,40,-1.7916572185663076,-1.6452707648277285
5,single_feature_dominant_freq,41,-1.804818107531621,-1.7016932368278503
5,single_feature_dominant_freq,42,-1.829681790792025,-1.6769862174987793
5,single_feature_dominant_freq,43,-1.8198843094018788,-1.7298677563667295
5,single_feature_dominant_freq,44,-1.816379730518048,-1.6679308414459229
5,single_feature_dominant_freq,45,-1.821996267025288,-1.6715874075889587
5,single_feature_dominant_freq,46,-1.8240707104022689,-1.7377760410308838
5,single_feature_dominant_freq,47,-1.854654413003188,-1.704986751079559
5,single_feature_dominant_freq,48,-1.8618345627417927,-1.7572211027145386
5,single_feature_dominant_freq,49,-1.8615967310391937,-1.760314702987671
5,single_feature_dominant_freq,50,-1.87884180362408,-1.723037302494049
5,single_feature_dominant_freq,51,-1.874303386761592,-1.7400584816932678
5,single_feature_dominant_freq,52,-1.8806865765498235,-1.6552568078041077
5,single_feature_dominant_freq,53,-1.8621761340361376,-1.772619366645813
5,single_feature_dominant_freq,54,-1.8644386071425216,-1.7589949369430542
5,single_feature_dominant_freq,55,-1.8907882066873405,-1.7393022179603577
5,single_feature_dominant_freq,56,-1.894926593853877,-1.7383219003677368
5,single_feature_dominant_freq,57,-1.87585802261646,-1.7502472400665283
5,single_feature_dominant_freq,58,-1.8872210337565496,-1.743641197681427
5,single_feature_dominant_freq,59,-1.9148678596203144,-1.7268531322479248
5,single_feature_dominant_freq,60,-1.9220966742588923,-1.7989543676376345
5,single_feature_dominant_freq,61,-1.924587038847116,-1.774262309074402
5,single_feature_dominant_freq,62,-1.9297670859556928,-1.7323092222213743
5,single_feature_dominant_freq,63,-1.9317311415305505,-1.707066535949707
5,single_feature_dominant_freq,64,-1.9304966926574707,-1.7537367939949036
5,single_feature_dominant_freq,65,-1.9262690544128416,-1.778264343738556
5,single_feature_dominant_freq,66,-1.9194784622925976,-1.7302021384239197
5,single_feature_dominant_freq,67,-1.9284010575367847,-1.7811847925186155
5,single_feature_dominant_freq,68,-1.9144096833008983,-1.763594925403595
5,single_feature_dominant_freq,69,-1.9528783009602475,-1.811662554740905
5,single_feature_dominant_freq,70,-1.9440772258318388,-1.7685972452163696
5,single_feature_dominant_freq,71,-1.9310869528697088,-1.7386655807495115
5,single_feature_dominant_freq,72,-1.9217604031929605,-1.793166160583496
5,single_feature_dominant_freq,73,-1.955658270762517,-1.7696523070335388
5,single_feature_dominant_freq,74,-1.9447836050620448,-1.7807112336158752
5,single_feature_dominant_freq,75,-1.9645397204619188,-1.7924095392227173
5,single_feature_dominant_freq,76,-1.9660603083097017,-1.807095468044281
5,single_feature_dominant_freq,77,-1.9634222525816696,-1.7886598110198977
5,single_feature_dominant_freq,78,-1.9651272755402784,-1.8133920431137085
5,single_feature_dominant_freq,79,-1.974214480473445,-1.7711929082870483
5,single_feature_dominant_freq,80,-1.9705684643525343,-1.7920174598693848
5,single_feature_dominant_freq,81,-1.9701092059795675,-1.804634511470795
5,single_feature_dominant_freq,82,-1.984650309269245,-1.8302162289619448
5,single_feature_dominant_freq,83,-1.9857161045074463,-1.7705455422401428
5,single_feature_dominant_freq,84,-1.9913221505972056,-1.7974365949630735
5,single_feature_dominant_freq,85,-1.992754716139573,-1.811679005622864
5,single_feature_dominant_freq,86,-2.0002876886954675,-1.7851192951202393
5,single_feature_dominant_freq,87,-1.9979869769169727,-1.7673627138137815
5,single_feature_dominant_freq,88,-1.9986317707942085,-1.7931103110313416
5,single_feature_dominant_freq,89,-1.9962949110911443,-1.8163501024246216
5,single_feature_dominant_freq,90,-2.003497939843398,-1.8038939833641048
5,single_feature_dominant_freq,91,-2.006482344407302,-1.808191537857056
5,single_feature_dominant_freq,92,-2.0136286937273464,-1.8695153594017029
5,single_feature_dominant_freq,93,-2.0195698738098145,-1.8210773468017576
5,single_feature_dominant_freq,94,-2.033560569469745,-1.7955751419067385
5,single_feature_dominant_freq,95,-2.028025902234591,-1.7836608290672302
5,single_feature_dominant_freq,96,-2.0115195421072154,-1.8549044132232664
5,single_feature_dominant_freq,97,-2.019569149384132,-1.73404061794281
5,single_feature_dominant_freq,98,-2.02618708060338,-1.8106048107147217
5,single_feature_dominant_freq,99,-2.0341687569251428,-1.8206439018249512
5,single_feature_dominant_freq,100,-2.0321019979623647,-1.8205823302268984
5,single_feature_dominant_freq,101,-2.042290109854478,-1.7926446795463562
5,single_feature_dominant_freq,102,-2.01580274105072,-1.795318424701691
5,single_feature_dominant_freq,103,-2.010601447178767,-1.8277440667152405
5,single_feature_dominant_freq,104,-2.0362878029163065,-1.867642045021057
5,single_feature_dominant_freq,105,-2.0448751541284413,-1.835279107093811
5,single_feature_dominant_freq,106,-2.029265807225154,-1.7976890802383425
5,single_feature_dominant_freq,107,-2.046869131234976,-1.8017996549606323
5,single_feature_dominant_freq,108,-2.058139452567467,-1.872973382472992
5,single_feature_dominant_freq,109,-2.066101551055908,-1.80921083688736
5,single_feature_dominant_freq,110,-2.049367959682758,-1.8219212889671328
5,single_feature_dominant_freq,111,-2.031623620253342,-1.876774489879608
5,single_feature_dominant_freq,112,-2.052214035621056,-1.852044641971588
5,single_feature_dominant_freq,113,-2.053648536021893,-1.855158269405365
5,single_feature_dominant_freq,114,-2.0579621700140147,-1.8048475980758667
5,single_feature_dominant_freq,115,-2.05719242646144,-1.8505992889404297
5,single_feature_dominant_freq,116,-2.063940066557664,-1.8570162057876587
5,single_feature_dominant_freq,117,-2.061505895394545,-1.8562236428260803
5,single_feature_dominant_freq,118,-2.067135058916532,-1.830544710159301
5,single_feature_dominant_freq,119,-2.06651861851032,-1.831067860126496
5,single_feature_dominant_freq,120,-2.0864135852226844,-1.8455774188041687
5,single_feature_dominant_freq,121,-2.08812821828402,-1.8438279628753664
5,single_feature_dominant_freq,122,-2.0727789402008057,-1.8661476373672483
5,single_feature_dominant_freq,123,-2.0696372985839844,-1.830051958560944
5,single_feature_dominant_freq,124,-2.0807788372039795,-1.8536474704742432
5,single_feature_dominant_freq,125,-2.0835909843444824,-1.8384698033332825
5,single_feature_dominant_freq,126,-2.0874404357029843,-1.8050729632377625
5,single_feature_dominant_freq,127,-2.084534975198599,-1.852214932441712
5,single_feature_dominant_freq,128,-2.0934527470515323,-1.840649962425232
5,single_feature_dominant_freq,129,-2.114505272645217,-1.8351945281028748
5,single_feature_dominant_freq,130,-2.1097999536074123,-1.863111793994904
5,single_feature_dominant_freq,131,-2.0970346927642822,-1.8347169160842896
5,single_feature_dominant_freq,132,-2.103662142386803,-1.8286359310150144
5,single_feature_dominant_freq,133,-2.0938614698556752,-1.8968149423599243
5,single_feature_dominant_freq,134,-2.0942231691800632,-1.85319322347641
5,single_feature_dominant_freq,135,-2.108817192224356,-1.8660513162612915
5,single_feature_dominant_freq,136,-2.105423780588003,-1.8378797769546509
5,single_feature_dominant_freq,137,-2.105425862165598,-1.8304868936538696
5,single_feature_dominant_freq,138,-2.1091327300438514,-1.8450153470039368
5,single_feature_dominant_freq,139,-2.121829005388113,-1.8606078028678887
5,single_feature_dominant_freq,140,-2.1161709198584924,-1.922166883945465
5,single_feature_dominant_freq,141,-2.1211380041562595,-1.905259549617768
5,single_feature_dominant_freq,142,-2.104783663382897,-1.8380243182182312
5,single_feature_dominant_freq,143,-2.117535994603084,-1.8613712191581728
5,single_feature_dominant_freq,144,-2.127542715806228,-1.8736522197723389
5,single_feature_dominant_freq,145,-2.1210659650655894,-1.858912169933319
5,single_feature_dominant_freq,146,-2.124950317236093,-1.866074085235596
5,single_feature_dominant_freq,147,-2.14619596187885,-1.8453339338302608
5,single_feature_dominant_freq,148,-2.130389928817749,-1.828532099723816
5,single_feature_dominant_freq,149,-2.1025068301420946,-1.8444560170173645
5,single_feature_dominant_freq,150,-2.106992373099694,-1.8306534886360168
5,single_feature_dominant_freq,151,-2.141178479561439,-1.872160077095032
5,single_feature_dominant_freq,152,-2.1434043737558217,-1.8508288860321045
5,single_feature_dominant_freq,153,-2.145625664637639,-1.8563397526741028
5,single_feature_dominant_freq,154,-2.13898176413316,-1.868251979351044
5,single_feature_dominant_freq,155,-2.143009240810688,-1.884711742401123
5,single_feature_dominant_freq,156,-2.1502509117126465,-1.8287472128868103
5,single_feature_dominant_freq,157,-2.13889375099769,-1.852705180644989
5,single_feature_dominant_freq,158,-2.152900273983295,-1.8818480968475344
5,single_feature_dominant_freq,159,-2.153792968163124,-1.831515073776245
5,single_feature_dominant_freq,160,-2.145730000275832,-1.8255791664123533
5,single_feature_dominant_freq,161,-2.1444540390601525,-1.8528988361358645
5,single_feature_dominant_freq,162,-2.159057598847609,-1.8669360280036928
5,single_feature_dominant_freq,163,-2.159949852870061,-1.841269254684448
5,single_feature_dominant_freq,164,-2.142482675038852,-1.868618130683899
5,single_feature_dominant_freq,165,-2.175727202342107,-1.8367562294006348
5,single_feature_hjorth_mobility,0,0.0243162787877596,-0.2508340701460838
5,single_feature_hjorth_mobility,1,-0.3896035047677847,-0.4712873101234436
5,single_feature_hjorth_mobility,2,-0.5808509038044856,-0.6137944459915161
5,single_feature_hjorth_mobility,3,-0.7501930181796734,-0.7780053019523621
5,single_feature_hjorth_mobility,4,-0.9157589353047884,-0.9216482639312744
5,single_feature_hjorth_mobility,5,-1.0848965278038611,-1.143252730369568
5,single_feature_hjorth_mobility,6,-1.238403366162227,-1.233032464981079
5,single_feature_hjorth_mobility,7,-1.348413348197937,-1.371615290641785
5,single_feature_hjorth_mobility,8,-1.486400870176462,-1.5045117139816284
5,single_feature_hjorth_mobility,9,-1.6228715456449068,-1.659631848335266
5,single_feature_hjorth_mobility,10,-1.754352908868056,-1.7655715346336365
5,single_feature_hjorth_mobility,11,-1.8467804468595064,-1.8406009674072263
5,single_feature_hjorth_mobility,12,-1.905426098750188,-1.880806148052216
5,single_feature_hjorth_mobility,13,-1.9421168107252853,-1.888155221939087
5,single_feature_hjorth_mobility,14,-2.024188674413241,-2.041247546672821
5,single_feature_hjorth_mobility,15,-2.0941884334270773,-1.98912912607193
5,single_feature_hjorth_mobility,16,-2.0870353625370908,-2.175000667572021
5,single_feature_hjorth_mobility,17,-2.192973797137921,-2.256159543991089
5,single_feature_hjorth_mobility,18,-2.295557095454289,-2.277135491371155
5,single_feature_hjorth_mobility,19,-2.350073080796462,-2.3141276836395264
5,single_feature_hjorth_mobility,20,-2.3950198063483605,-2.436822533607483
5,single_feature_hjorth_mobility,21,-2.3665311611615696,-2.195791006088257
5,single_feature_hjorth_mobility,22,-2.342096237035898,-2.4370124340057373
5,single_feature_hjorth_mobility,23,-2.495064038496751,-2.4055312871932983
5,single_feature_hjorth_mobility,24,-2.523098157002376,-2.4506516456604004
5,single_feature_hjorth_mobility,25,-2.561831290905292,-2.4919625520706177
5,single_feature_hjorth_mobility,26,-2.611557281934298,-2.616533875465393
5,single_feature_hjorth_mobility,27,-2.5820202093857985,-2.316716194152832
5,single_feature_hjorth_mobility,28,-2.5690640119405894,-2.6271735429763794
5,single_feature_hjorth_mobility,29,-2.668748910610492,-2.645094037055969
5,single_feature_hjorth_mobility,30,-2.70865851182204,-2.6655431985855103
5,single_feature_hjorth_mobility,31,-2.7020237629230204,-2.595236659049988
5,single_feature_hjorth_mobility,32,-2.550092623783992,-1.8811813592910769
5,single_feature_hjorth_mobility,33,-2.398791698309092,-2.385919213294983
5,single_feature_hjorth_mobility,34,-2.515540728202233,-2.6760356426239014
5,single_feature_hjorth_mobility,35,-2.539379541690533,-2.522716522216797
5,single_feature_hjorth_mobility,36,-2.5510062254392185,-2.3846147060394287
5,single_feature_hjorth_mobility,37,-2.575713744530311,-2.465770125389099
5,single_feature_hjorth_mobility,38,-2.590497108606192,-2.7095121145248413
5,single_feature_hjorth_mobility,39,-2.5960466311528134,-2.5281072854995728
5,single_feature_hjorth_mobility,40,-2.587740714733417,-2.3509029150009155
5,single_feature_hjorth_mobility,41,-2.613096438921415,-2.526592493057251
5,single_feature_hjorth_mobility,42,-2.62026676764855,-2.7147282361984253
5,single_feature_hjorth_mobility,43,-2.682060663516705,-2.6033198833465576
5,single_feature_hjorth_mobility,44,-2.7214392515329213,-2.7542221546173096
5,single_feature_hjorth_mobility,45,-2.827359291223379,-2.614788770675659
5,single_feature_hjorth_mobility,46,-2.729184810931866,-2.8040958642959595
5,single_feature_hjorth_mobility,47,-2.674751079999484,-2.7249159812927246
5,single_feature_hjorth_mobility,48,-2.831697922486525,-2.737926483154297
5,single_feature_hjorth_mobility,49,-2.8527851654933047,-2.8505518436431885
5,single_feature_hjorth_mobility,50,-2.884247009570782,-2.836899995803833
5,single_feature_hjorth_mobility,51,-2.895218482384315,-2.761036515235901
5,single_feature_hjorth_mobility,52,-2.89005393248338,-2.884140968322754
5,single_feature_hjorth_mobility,53,-2.930039204083956,-2.7761478424072266
5,single_feature_hjorth_mobility,54,-2.935348253983718,-2.7322378158569336
5,single_feature_hjorth_mobility,55,-2.920597058076125,-2.903165459632873
5,single_feature_hjorth_mobility,56,-2.928168773651123,-2.869676232337952
5,single_feature_hjorth_mobility,57,-2.949029023830707,-2.7202471494674683
5,single_feature_hjorth_mobility,58,-2.926967767568735,-2.8905837535858154
5,single_feature_hjorth_mobility,59,-2.966234097113976,-2.8731247186660767
5,single_feature_hjorth_mobility,60,-2.963140946168166,-2.674326539039612
5,single_feature_hjorth_mobility,61,-2.956464877495399,-2.9584842920303345
5,single_feature_hjorth_mobility,62,-2.981881490120521,-2.838110327720642
5,single_feature_hjorth_mobility,63,-2.970291045995859,-2.691053628921509
5,single_feature_hjorth_mobility,64,-2.956787586212158,-2.9922237396240234
5,single_feature_hjorth_mobility,65,-2.965202826720017,-2.9718716144561768
5,single_feature_hjorth_mobility,66,-2.998313225232638,-2.79563307762146
5,single_feature_hjorth_mobility,67,-2.9968492801372824,-2.973451018333435
5,single_feature_hjorth_mobility,68,-3.0205945785229025,-2.8952282667160034
5,single_feature_hjorth_mobility,69,-3.0303259446070743,-2.795567989349365
5,single_feature_hjorth_mobility,70,-3.030927126224225,-2.975561261177063
5,single_feature_hjorth_mobility,71,-3.0331923411442685,-2.930543065071106
5,single_feature_hjorth_mobility,72,-3.0149611876561093,-2.898532748222351
5,single_feature_hjorth_mobility,73,-3.019135218400222,-2.925117373466492
5,single_feature_hjorth_mobility,74,-3.0832969775566688,-3.00565242767334
5,single_feature_hjorth_mobility,75,-3.1151481041541467,-3.034095287322998
5,single_feature_hjorth_mobility,76,-3.144244597508357,-2.993934392929077
5,single_feature_hjorth_mobility,77,-3.140742026842557,-2.9774333238601685
5,single_feature_hjorth_mobility,78,-3.129053941139808,-3.027140140533448
5,single_feature_hjorth_mobility,79,-3.1558474760789137,-2.918953776359558
5,single_feature_hjorth_mobility,80,-3.122739938589243,-3.0258305072784424
5,single_feature_hjorth_mobility,81,-3.067452540764442,-3.035241484642029
5,single_feature_hjorth_mobility,82,-3.179103282781748,-3.069337248802185
5,single_feature_hjorth_mobility,83,-3.16977543097276,-3.054335355758667
5,single_feature_hjorth_mobility,84,-3.156292585226206,-3.036154627799988
5,single_feature_hjorth_mobility,85,-3.182646916462825,-3.0679738521575928
5,single_feature_hjorth_mobility,86,-3.176841735839844,-3.064408779144287
5,single_feature_hjorth_mobility,87,-3.1628008438990665,-2.823093175888061
5,single_feature_hjorth_mobility,88,-3.08046634380634,-3.0666537284851074
5,single_feature_hjorth_mobility,89,-3.194845511363103,-3.0825774669647217
5,single_feature_hjorth_mobility,90,-3.186189119632428,-3.06656551361084
5,single_feature_hjorth_mobility,91,-3.218781507932223,-3.084900617599488
5,single_feature_hjorth_mobility,92,-3.206573779766376,-3.143929123878479
5,single_feature_hjorth_mobility,93,-3.175213630382831,-3.098185181617737
5,single_feature_hjorth_mobility,94,-3.203184622984666,-3.010785698890686
5,single_feature_hjorth_mobility,95,-3.243572161747859,-3.058713436126709
5,single_feature_hjorth_mobility,96,-3.2128300116612363,-3.108386993408203
5,single_feature_hjorth_mobility,97,-3.208582199536837,-3.013484597206116
5,single_feature_hjorth_mobility,98,-3.2254879474639893,-3.033042073249817
5,single_feature_hjorth_mobility,99,-3.244403674052312,-3.076635956764221
5,single_feature_hjorth_mobility,100,-3.232356988466703,-3.025946855545044
5,single_feature_hjorth_mobility,101,-3.1532475581535926,-2.910550355911255
5,single_feature_hjorth_mobility,102,-3.0740912694197435,-3.021279573440552
5,single_feature_hjorth_mobility,103,-3.1816142338972826,-2.897939443588257
5,single_feature_hjorth_mobility,104,-3.139530750421377,-2.959428668022156
5,single_feature_hjorth_mobility,105,-3.1839389984424296,-3.1993210315704346
5,single_feature_hjorth_mobility,106,-3.175047415953416,-3.125377297401428
5,single_feature_hjorth_mobility,107,-3.19560980796814,-2.937195301055908
5,single_feature_hjorth_mobility,108,-3.195657840141884,-3.159667015075684
5,single_feature_hjorth_mobility,109,-3.218282626225398,-3.048824071884156
5,single_feature_hjorth_mobility,110,-3.210999213732206,-2.897605657577514
5,single_feature_hjorth_mobility,111,-3.228195502207829,-3.1751575469970703
5,single_feature_hjorth_mobility,112,-3.204243384874784,-3.039486885070801
5,single_feature_hjorth_mobility,113,-3.21510568031898,-3.063213348388672
5,single_feature_hjorth_mobility,114,-3.2194518676170936,-3.104621648788452
5,single_feature_hjorth_mobility,115,-3.2350303759941688,-3.038276672363281
5,single_feature_hjorth_mobility,116,-3.2200555067795973,-3.0125927925109863
5,single_feature_hjorth_mobility,117,-3.226247494037335,-3.1894185543060303
5,single_feature_hjorth_mobility,118,-3.237041675127469,-3.0858436822891235
5,single_feature_hjorth_mobility,119,-3.209705957999596,-2.995619416236877
5,single_feature_hjorth_mobility,120,-3.1926043033599854,-3.12300717830658
5,single_feature_hjorth_mobility,121,-3.2049501492426944,-3.1490211486816406
5,single_feature_hjorth_mobility,122,-3.2866727205423207,-3.072924852371216
5,single_feature_hjorth_mobility,123,-3.251758960577158,-3.190162777900696
5,single_feature_hjorth_mobility,124,-3.2931030896993785,-3.1716108322143555
5,single_feature_hjorth_mobility,125,-3.317960775815524,-3.165502548217773
5,single_feature_hjorth_mobility,126,-3.30811568406912,-3.039156198501587
5,single_feature_hjorth_mobility,127,-3.309538511129526,-3.160470485687256
5,single_feature_hjorth_mobility,128,-3.317213388589712,-3.1406965255737305
5,single_feature_hjorth_mobility,129,-3.36569776901832,-3.1570444107055664
5,single_feature_hjorth_mobility,130,-3.3101135400625377,-3.228713274002075
5,single_feature_hjorth_mobility,131,-3.343632166202252,-3.17725682258606
5,single_feature_hjorth_mobility,132,-3.3397879600524902,-3.2207772731781006
5,single_feature_hjorth_mobility,133,-3.296778128697322,-3.110435962677002
5,single_feature_hjorth_mobility,134,-3.2854672762063832,-3.208885908126831
5,single_feature_hjorth_mobility,135,-3.3255511063795824,-3.188868880271912
5,single_feature_hjorth_mobility,136,-3.329459006969745,-3.1129274368286133
5,single_feature_hjorth_mobility,137,-3.354947548646193,-3.22371792793274
5,single_feature_hjorth_mobility,138,-3.382448489849384,-3.163948178291321
5,single_feature_hjorth_mobility,139,-3.3447518165294943,-3.137759804725647
5,single_feature_hjorth_mobility,140,-3.278779983520508,-3.026598334312439
5,single_feature_hjorth_mobility,141,-3.282942680212168,-3.1495418548583984
5,single_feature_hjorth_mobility,142,-3.2944606634286733,-3.161593079566956
5,single_feature_hjorth_mobility,143,-3.343725956403292,-3.204336762428284
5,single_feature_hjorth_mobility,144,-3.4019285348745494,-3.179210901260376
5,single_feature_hjorth_mobility,145,-3.3640162027799168,-3.1640055179595947
5,single_feature_hjorth_mobility,146,-3.386451757871188,-3.261686444282532
5,single_feature_hjorth_mobility,147,-3.375652845089252,-2.9528658390045166
5,single_feature_hjorth_mobility,148,-3.2808405252603383,-3.2657121419906616
5,single_feature_hjorth_mobility,149,-3.331248044967652,-3.076013922691345
5,single_feature_hjorth_mobility,150,-3.381417622933021,-3.2151219844818115
5,single_feature_hjorth_mobility,151,-3.4141957759857178,-3.2325743436813354
5,single_feature_hjorth_mobility,152,-3.431215579693134,-3.178856015205384
5,single_feature_hjorth_mobility,153,-3.360934716004592,-3.2649621963500977
5,single_feature_hjorth_mobility,154,-3.406817527917715,-3.2332156896591187
5,single_feature_hjorth_mobility,155,-3.4024704603048472,-3.231443405151367
5,single_feature_hjorth_mobility,156,-3.423666293804462,-3.234527587890625
5,single_feature_hjorth_mobility,157,-3.4200179210075965,-3.209118247032165
5,single_feature_hjorth_mobility,158,-3.429445266723633,-3.1530442237854004
5,single_feature_hjorth_mobility,159,-3.4161195021409254,-3.2098939418792725
5,single_feature_hjorth_mobility,160,-3.4275639607356143,-3.2428579330444336
5,single_feature_hjorth_mobility,161,-3.3885591947115383,-3.1614537239074707
5,single_feature_hjorth_mobility,162,-3.4147460644061747,-3.2151824235916138
5,single_feature_hjorth_mobility,163,-3.3935129092289853,-3.181083917617798
5,single_feature_hjorth_mobility,164,-3.4563926550058217,-3.2862026691436768
5,single_feature_hjorth_mobility,165,-3.3960572389455943,-3.221670389175415
5,single_feature_hjorth_mobility,166,-3.413029083838829,-3.115355372428894
5,single_feature_hjorth_mobility,167,-3.432628081395076,-3.250927209854126
5,single_feature_hjorth_mobility,168,-3.440489805661715,-3.2329838275909424
5,single_feature_hjorth_mobility,169,-3.462219531719501,-3.2501325607299805
5,single_feature_hjorth_mobility,170,-3.425823138310359,-3.171514868736267
5,single_feature_hjorth_mobility,171,-3.442739651753352,-3.2200183868408203
5,single_feature_hjorth_mobility,172,-3.4829003444084754,-3.2799642086029053
5,single_feature_hjorth_mobility,173,-3.4882290179912863,-3.2514148950576782
5,single_feature_hjorth_mobility,174,-3.4403176491077128,-3.2568039894104004
5,single_feature_hjorth_mobility,175,-3.4253959839160624,-3.1074568033218384
5,single_feature_hjorth_mobility,176,-3.3312765451578,-3.21623694896698
5,single_feature_hjorth_mobility,177,-3.385297518510085,-3.213035345077514
5,single_feature_hjorth_mobility,178,-3.4080377175257754,-3.1087310314178467
5,single_feature_hjorth_mobility,179,-3.399985955311702,-3.267392516136169
5,single_feature_hjorth_mobility,180,-3.4234520288614125,-3.221748113632202
5,single_feature_hjorth_mobility,181,-3.4193454889150767,-3.1081175804138184
5,single_feature_hjorth_mobility,182,-3.405698299407959,-3.278179407119751
5,single_feature_hjorth_mobility,183,-3.4197620428525486,-3.164947271347046
5,single_feature_hjorth_mobility,184,-3.4007787154271054,-3.2165197134017944
5,single_feature_hjorth_mobility,185,-3.4171209151928243,-3.235776305198669
5,single_feature_hjorth_mobility,186,-3.44132267511808,-3.1719502210617065
5,single_feature_hjorth_mobility,187,-3.4180597341977634,-3.147314548492432
5,single_feature_hjorth_mobility,188,-3.4272685601161075,-3.246406435966492
5,single_feature_hjorth_mobility,189,-3.416482246839083,-3.242706298828125
5,single_feature_hjorth_complexity,0,0.0804145187139511,-0.1994889453053474
5,single_feature_hjorth_complexity,1,-0.321000249339984,-0.4030463248491287
5,single_feature_hjorth_complexity,2,-0.5079739598127512,-0.5477530062198639
5,single_feature_hjorth_complexity,3,-0.659322990820958,-0.69288370013237
5,single_feature_hjorth_complexity,4,-0.8048950158632718,-0.811763733625412
5,single_feature_hjorth_complexity,5,-0.9399244464360752,-0.9856365323066713
5,single_feature_hjorth_complexity,6,-1.1008044664676373,-1.134953856468201
5,single_feature_hjorth_complexity,7,-1.2158789726404042,-1.2613421082496643
5,single_feature_hjorth_complexity,8,-1.2923133006462684,-1.36250239610672
5,single_feature_hjorth_complexity,9,-1.3654946822386522,-1.3837398290634155
5,single_feature_hjorth_complexity,10,-1.447551232117873,-1.4593191742897034
5,single_feature_hjorth_complexity,11,-1.5330305649684026,-1.5171867609024048
5,single_feature_hjorth_complexity,12,-1.57030516404372,-1.6208128929138184
5,single_feature_hjorth_complexity,13,-1.673865189919105,-1.7542105317115784
5,single_feature_hjorth_complexity,14,-1.7593464851379397,-1.7975701093673706
5,single_feature_hjorth_complexity,15,-1.838822548206036,-1.922686219215393
5,single_feature_hjorth_complexity,16,-1.8616330256828888,-1.916869759559632
5,single_feature_hjorth_complexity,17,-1.9383400770334096,-1.965408563613892
5,single_feature_hjorth_complexity,18,-1.9972623219856849,-2.0646389722824097
5,single_feature_hjorth_complexity,19,-2.047916641602149,-1.9661391973495483
5,single_feature_hjorth_complexity,20,-1.9324859472421496,-1.648057997226715
5,single_feature_hjorth_complexity,21,-1.900414595237145,-2.013791799545288
5,single_feature_hjorth_complexity,22,-2.104764278118427,-2.0490849018096924
5,single_feature_hjorth_complexity,23,-2.1497984666090746,-2.158259391784668
5,single_feature_hjorth_complexity,24,-2.178151955971351,-2.0934481620788574
5,single_feature_hjorth_complexity,25,-2.1311911803025465,-2.1497573852539062
5,single_feature_hjorth_complexity,26,-2.1758888317988467,-2.157470345497132
5,single_feature_hjorth_complexity,27,-2.1940857813908505,-2.0957159996032715
5,single_feature_hjorth_complexity,28,-2.2021981202639065,-2.1735928058624268
5,single_feature_hjorth_complexity,29,-2.2305874274327206,-2.1873525381088257
5,single_feature_hjorth_complexity,30,-2.237605314988357,-2.107935309410095
5,single_feature_hjorth_complexity,31,-2.255803419993474,-2.269155979156494
5,single_feature_hjorth_complexity,32,-2.3284490475287805,-2.26493501663208
5,single_feature_hjorth_complexity,33,-2.286220880655142,-2.1489144563674927
5,single_feature_hjorth_complexity,34,-2.326988018476046,-2.2347311973571777
5,single_feature_hjorth_complexity,35,-2.2771709698897142,-2.304574966430664
5,single_feature_hjorth_complexity,36,-2.33654260635376,-2.2492334842681885
5,single_feature_hjorth_complexity,37,-2.338626072956965,-2.225490927696228
5,single_feature_hjorth_complexity,38,-2.339835845507108,-2.278449773788452
5,single_feature_hjorth_complexity,39,-2.349290646039522,-2.3437340259552
5,single_feature_hjorth_complexity,40,-2.4129188794356127,-2.361501216888428
5,single_feature_hjorth_complexity,41,-2.38292540036715,-2.212632179260254
5,single_feature_hjorth_complexity,42,-2.372645378112793,-2.336847305297852
5,single_feature_hjorth_complexity,43,-2.4486784018003025,-2.3910659551620483
5,single_feature_hjorth_complexity,44,-2.458564960039579,-2.404824495315552
5,single_feature_hjorth_complexity,45,-2.495212059754592,-2.4276760816574097
5,single_feature_hjorth_complexity,46,-2.422554896428035,-2.4181023836135864
5,single_feature_hjorth_complexity,47,-2.495012815182025,-2.424097776412964
5,single_feature_hjorth_complexity,48,-2.494337558746338,-2.4320666790008545
5,single_feature_hjorth_complexity,49,-2.5243638845590444,-2.430090069770813
5,single_feature_hjorth_complexity,50,-2.5501922827500563,-2.4965689182281494
5,single_feature_hjorth_complexity,51,-2.495611337515024,-2.401381254196167
5,single_feature_hjorth_complexity,52,-2.434927591910729,-2.4102790355682373
5,single_feature_hjorth_complexity,53,-2.5039180242098293,-2.311281085014344
5,single_feature_hjorth_complexity,54,-2.5070475981785703,-2.473167061805725
5,single_feature_hjorth_complexity,55,-2.5241986421438365,-2.389832258224488
5,single_feature_hjorth_complexity,56,-2.51973031117366,-2.394383668899536
5,single_feature_hjorth_complexity,57,-2.532069756434514,-2.462378740310669
5,single_feature_hjorth_complexity,58,-2.5187575266911435,-2.409713625907898
5,single_feature_hjorth_complexity,59,-2.526676343037532,-2.351580262184143
5,single_feature_hjorth_complexity,60,-2.5476632301624003,-2.481635808944702
5,single_feature_hjorth_complexity,61,-2.5587488137758694,-2.4212809801101685
5,single_feature_hjorth_complexity,62,-2.512345625804021,-2.411146402359009
5,single_feature_hjorth_complexity,63,-2.5492299520052395,-2.504605293273926
5,single_feature_hjorth_complexity,64,-2.560175767311683,-2.5227200984954834
5,single_feature_hjorth_complexity,65,-2.570725000821627,-2.404200792312622
5,single_feature_hjorth_complexity,66,-2.5749541245974026,-2.5473872423172
5,single_feature_hjorth_complexity,67,-2.580786888415997,-2.482752203941345
5,single_feature_hjorth_complexity,68,-2.5860671813671408,-2.5352325439453125
5,single_feature_hjorth_complexity,69,-2.593852630028358,-2.382225155830384
5,single_feature_hjorth_complexity,70,-2.629405040007371,-2.539191484451294
5,single_feature_hjorth_complexity,71,-2.6398101586561937,-2.567013502120972
5,single_feature_hjorth_complexity,72,-2.643215747979971,-2.567428946495056
5,single_feature_hjorth_complexity,73,-2.6649797696333666,-2.5436724424362183
5,single_feature_hjorth_complexity,74,-2.672431175525372,-2.562927961349488
5,single_feature_hjorth_complexity,75,-2.6655118465423584,-2.5280808210372925
5,single_feature_hjorth_complexity,76,-2.6258953718038707,-2.5714181661605835
5,single_feature_hjorth_complexity,77,-2.64662608733544,-2.5672045946121216
5,single_feature_hjorth_complexity,78,-2.68636628297659,-2.6172181367874146
5,single_feature_hjorth_complexity,79,-2.6840524673461914,-2.526801943778992
5,single_feature_hjorth_complexity,80,-2.651070576447707,-2.578175067901612
5,single_feature_hjorth_complexity,81,-2.6691339932955227,-2.468422532081604
5,single_feature_hjorth_complexity,82,-2.6781213466937723,-2.596664309501648
5,single_feature_hjorth_complexity,83,-2.691137277162992,-2.526193141937256
5,single_feature_hjorth_complexity,84,-2.641517950938298,-2.6116926670074463
5,single_feature_hjorth_complexity,85,-2.5315074003659763,-2.4971885681152344
5,single_feature_hjorth_complexity,86,-2.719372327511127,-2.6481229066848755
5,single_feature_hjorth_complexity,87,-2.724784667675312,-2.5279253721237183
5,single_feature_hjorth_complexity,88,-2.6982829020573544,-2.628218412399292
5,single_feature_hjorth_complexity,89,-2.722000140410203,-2.6192504167556763
5,single_feature_hjorth_complexity,90,-2.697089653748733,-2.5817015171051025
5,single_feature_hjorth_complexity,91,-2.7204900888296275,-2.6661651134490967
5,single_feature_hjorth_complexity,92,-2.7118490109076867,-2.5957515239715576
5,single_feature_hjorth_complexity,93,-2.7267187925485463,-2.613181233406067
5,single_feature_hjorth_complexity,94,-2.702079332791842,-2.5870226621627808
5,single_feature_hjorth_complexity,95,-2.657950841463529,-2.603901743888855
5,single_feature_hjorth_complexity,96,-2.741740575203529,-2.680862069129944
5,single_feature_hjorth_complexity,97,-2.768604278564453,-2.5900251865386963
5,single_feature_hjorth_complexity,98,-2.7520025876852183,-2.61757755279541
5,single_feature_hjorth_complexity,99,-2.760723297412579,-2.628992199897766
5,single_feature_hjorth_complexity,100,-2.782262233587412,-2.677991032600403
5,single_feature_hjorth_complexity,101,-2.7927267734821024,-2.648808479309082
5,single_feature_hjorth_complexity,102,-2.797592786642221,-2.6798641681671143
5,single_feature_hjorth_complexity,103,-2.7967060712667613,-2.661810278892517
5,single_feature_hjorth_complexity,104,-2.7784920655764065,-2.6272791624069214
5,single_feature_hjorth_complexity,105,-2.8143584361443152,-2.7034947872161865
5,single_feature_hjorth_complexity,106,-2.8115713046147275,-2.608067274093628
5,single_feature_hjorth_complexity,107,-2.8027835809267483,-2.666785478591919
5,single_feature_hjorth_complexity,108,-2.8140568183018613,-2.6807985305786133
5,single_feature_hjorth_complexity,109,-2.827934503555298,-2.615674495697021
5,single_feature_hjorth_complexity,110,-2.774676102858323,-2.6703693866729736
5,single_feature_hjorth_complexity,111,-2.817754947222196,-2.6655218601226807
5,single_feature_hjorth_complexity,112,-2.8264072858370266,-2.5520174503326416
5,single_feature_hjorth_complexity,113,-2.7541841176839976,-2.586871027946472
5,single_feature_hjorth_complexity,114,-2.8111205651209903,-2.6846365928649902
5,single_feature_hjorth_complexity,115,-2.813818968259372,-2.683850646018982
5,single_feature_hjorth_complexity,116,-2.8265748574183536,-2.6496485471725464
5,single_feature_hjorth_complexity,117,-2.8279712933760424,-2.709761500358581
5,single_feature_hjorth_complexity,118,-2.841947940679697,-2.6652257442474365
5,single_feature_hjorth_complexity,119,-2.7680189426128683,-2.659059762954712
5,single_feature_hjorth_complexity,120,-2.7690494794111986,-2.685580611228943
5,single_feature_hjorth_complexity,121,-2.796254506477943,-2.67501699924469
5,single_feature_hjorth_complexity,122,-2.819225934835581,-2.5993610620498657
5,single_feature_hjorth_complexity,123,-2.789271483054528,-2.665713667869568
5,single_feature_hjorth_complexity,124,-2.8457778783944936,-2.624550938606262
5,single_feature_hjorth_complexity,125,-2.86395735007066,-2.689229130744934
5,single_feature_hjorth_complexity,126,-2.82128381729126,-2.6857296228408813
5,single_feature_hjorth_complexity,127,-2.858297146283664,-2.720193028450012
5,single_feature_hjorth_complexity,128,-2.8328773425175595,-2.66107439994812
5,single_feature_hjorth_complexity,129,-2.83160270177401,-2.5223459005355835
5,single_feature_hjorth_complexity,130,-2.7928234063662014,-2.683610439300537
5,single_feature_hjorth_complexity,131,-2.822588333716759,-2.5764256715774536
5,single_feature_hjorth_complexity,132,-2.816523185143104,-2.721950054168701
5,single_feature_hjorth_complexity,133,-2.878335384222177,-2.661485195159912
5,single_feature_hjorth_complexity,134,-2.846669508860661,-2.7265281677246094
5,single_feature_hjorth_complexity,135,-2.87356659082266,-2.746470093727112
5,single_feature_hjorth_complexity,136,-2.8565650169665995,-2.6163183450698853
5,single_feature_hjorth_complexity,137,-2.835808955706083,-2.6755974292755127
5,single_feature_hjorth_complexity,138,-2.832423173464261,-2.6659516096115112
5,single_feature_hjorth_complexity,139,-2.865420561570388,-2.7268500328063965
5,single_feature_hjorth_complexity,140,-2.8849010467529297,-2.771790862083435
5,single_feature_hjorth_complexity,141,-2.883902384684636,-2.6881407499313354
5,single_feature_hjorth_complexity,142,-2.885809971736028,-2.7219953536987305
5,single_feature_hjorth_complexity,143,-2.83632885492765,-2.6958627700805664
5,single_feature_hjorth_complexity,144,-2.835983239687406,-2.695139646530152
5,single_feature_hjorth_complexity,145,-2.886614414361807,-2.689295172691345
5,single_feature_hjorth_complexity,146,-2.8559441016270566,-2.732466220855713
5,single_feature_hjorth_complexity,147,-2.882044553756714,-2.666309595108032
5,single_feature_hjorth_complexity,148,-2.875584363937378,-2.6141916513443
5,single_feature_hjorth_complexity,149,-2.8160264858832726,-2.728301763534546
5,single_feature_hjorth_complexity,150,-2.849862080353957,-2.717030763626098
5,single_feature_hjorth_complexity,151,-2.8572392280285177,-2.541024327278137
5,single_feature_hjorth_complexity,152,-2.840755297587468,-2.6800731420516968
5,single_feature_hjorth_complexity,153,-2.8656315620128927,-2.681803226470948
5,single_feature_hjorth_complexity,154,-2.850757598876953,-2.593795657157898
5,single_feature_hjorth_complexity,155,-2.90315868304326,-2.7620238065719604
5,single_feature_hjorth_complexity,156,-2.9214380337641788,-2.753542304039001
5,single_feature_hjorth_complexity,157,-2.9133088955512414,-2.7792259454727173
5,single_feature_hjorth_complexity,158,-2.8405990600585938,-2.628975749015808
5,single_feature_hjorth_complexity,159,-2.820912012687096,-2.6731600761413574
5,single_feature_hjorth_complexity,160,-2.8198052736429067,-2.754134774208069
5,single_feature_hjorth_complexity,161,-2.802118466450618,-2.758174657821656
5,single_feature_hjorth_complexity,162,-2.8672461876502404,-2.644093632698059
5,single_feature_hjorth_complexity,163,-2.884650340447059,-2.752919554710388
5,single_feature_hjorth_complexity,164,-2.918849669969999,-2.757431030273437
5,single_feature_hjorth_complexity,165,-2.9084290907933164,-2.748988628387451
5,single_feature_hjorth_complexity,166,-2.927310723524827,-2.653855919837952
5,single_feature_hjorth_complexity,167,-2.905656356077928,-2.665310263633728
5,single_feature_hjorth_complexity,168,-2.934456201700064,-2.777221202850342
5,single_feature_hjorth_complexity,169,-2.913307501719548,-2.7065104246139526
5,single_feature_hjorth_complexity,170,-2.9209285332606387,-2.7101775407791138
5,single_feature_hjorth_complexity,171,-2.9399064687582164,-2.78408432006836
5,single_feature_hjorth_complexity,172,-2.926806358190684,-2.7141146659851074
5,single_feature_hjorth_complexity,173,-2.9533705161168027,-2.705188512802124
5,single_feature_hjorth_complexity,174,-2.958016560627864,-2.776150941848755
5,single_feature_hjorth_complexity,175,-2.961517774141752,-2.7808754444122314
5,single_feature_hjorth_complexity,176,-2.954695224761963,-2.78350567817688
5,single_feature_hjorth_complexity,177,-2.9529300653017483,-2.733832001686096
5,single_feature_hjorth_complexity,178,-2.9605121795947733,-2.8024240732193
5,single_feature_hjorth_complexity,179,-2.9677653312683105,-2.723000884056092
5,single_feature_hjorth_complexity,180,-2.871364923623892,-2.5866665840148926
5,single_feature_hjorth_complexity,181,-2.889517123882587,-2.742661952972412
5,single_feature_hjorth_complexity,182,-2.890384032176091,-2.7242168188095093
5,single_feature_hjorth_complexity,183,-2.939774880042443,-2.7140421867370605
5,single_feature_hjorth_complexity,184,-2.945587836779081,-2.7410968542099
5,single_feature_hjorth_complexity,185,-2.933020151578463,-2.7539682388305664
5,single_feature_hjorth_complexity,186,-2.966387308560885,-2.7194329500198364
5,single_feature_hjorth_complexity,187,-2.935608570392316,-2.770819902420044
5,single_feature_hjorth_complexity,188,-2.9567513649280253,-2.726776003837585
5,single_feature_hjorth_complexity,189,-2.9298821229201097,-2.7049081325531006
5,single_feature_hjorth_complexity,190,-2.928495700542743,-2.7476346492767334
5,single_feature_hjorth_complexity,191,-2.923334213403555,-2.696073889732361
5,single_feature_hjorth_complexity,192,-2.9650368140294003,-2.714245200157165
5,single_feature_hjorth_complexity,193,-2.946518164414626,-2.8058769702911377
5,single_feature_hjorth_complexity,194,-2.956820689714872,-2.724927425384521
5,single_feature_hjorth_complexity,195,-2.9649067108447733,-2.785224318504333
5,single_feature_hjorth_complexity,196,-2.977133952654325,-2.71686589717865
5,single_feature_hjorth_complexity,197,-2.9593146947714,-2.7499088048934937
5,single_feature_hjorth_complexity,198,-2.9605075946220984,-2.7440996170043945
5,single_feature_hjorth_complexity,199,-2.962482837530283,-2.68384861946106
5,single_feature_hjorth_complexity,200,-2.981749736345732,-2.8261823654174805
5,single_feature_hjorth_complexity,201,-2.981634396773118,-2.775335431098938
5,single_feature_hjorth_complexity,202,-2.9878389285160947,-2.7436416149139404
5,single_feature_hjorth_complexity,203,-2.9752851999723,-2.7878822088241577
5,single_feature_hjorth_complexity,204,-2.988721939233633,-2.7579718828201294
5,single_feature_hjorth_complexity,205,-2.9870751821077786,-2.7470651865005493
5,single_feature_hjorth_complexity,206,-2.9876783260932336,-2.6634451150894165
5,single_feature_hjorth_complexity,207,-2.888026310847356,-2.7501962184906006
5,single_feature_hjorth_complexity,208,-2.932949799757737,-2.719467878341675
5,single_feature_hjorth_complexity,209,-2.968821397194496,-2.766470074653625
5,single_feature_hjorth_complexity,210,-2.9793433042672963,-2.782758355140686
5,single_feature_hjorth_complexity,211,-2.9959115248460035,-2.839791774749756
5,single_feature_hjorth_complexity,212,-3.0227752098670373,-2.797039270401001
5,single_feature_hjorth_complexity,213,-2.985207099180955,-2.7638094425201416
5,single_feature_hjorth_complexity,214,-2.958879910982572,-2.597427248954773
5,single_feature_hjorth_complexity,215,-2.909755835166344,-2.7843854427337646
5,single_feature_hjorth_complexity,216,-2.949680511768048,-2.7622878551483154
5,single_feature_hjorth_complexity,217,-3.019458789091844,-2.809470057487488
5,single_feature_hjorth_complexity,218,-3.0055745198176456,-2.7916147708892822
5,single_feature_hjorth_complexity,219,-2.9792672304006724,-2.6949474811553955
5,single_feature_hjorth_complexity,220,-2.979649066925049,-2.757439136505127
5,single_feature_hjorth_complexity,221,-3.0115240720602183,-2.8076987266540527
5,single_feature_hjorth_complexity,222,-2.968981522780198,-2.7727330923080444
5,single_feature_hjorth_complexity,223,-2.946164552982037,-2.711010217666626
5,single_feature_hjorth_complexity,224,-2.983793093607976,-2.812429189682007
5,single_feature_hjorth_complexity,225,-3.008044114479652,-2.7962204217910767
5,single_feature_hjorth_complexity,226,-2.99212855559129,-2.8287181854248047
5,single_feature_hjorth_complexity,227,-3.006723935787494,-2.819887399673462
5,single_feature_hjorth_complexity,228,-3.0215656207158017,-2.760415196418762
5,single_feature_hjorth_complexity,229,-3.0067744071667013,-2.7807040214538574
5,single_feature_hjorth_complexity,230,-3.037015052942129,-2.8545138835906982
5,single_feature_hjorth_complexity,231,-3.019118620799138,-2.7932764291763306
5,single_feature_hjorth_complexity,232,-2.99497573192303,-2.782060384750366
5,single_feature_hjorth_complexity,233,-3.0006222358116736,-2.8230316638946533
5,single_feature_hjorth_complexity,234,-3.0034582431499777,-2.7655431032180786
5,single_feature_hjorth_complexity,235,-2.998430233735305,-2.735647439956665
5,single_feature_hjorth_complexity,236,-2.9989983301896315,-2.821130394935608
5,single_feature_hjorth_complexity,237,-2.958666287935697,-2.6820558309555054
5,single_feature_hjorth_complexity,238,-2.9520661647503195,-2.7357161045074463
5,single_feature_hjorth_complexity,239,-2.940551941211407,-2.7669209241867065
5,single_feature_hjorth_complexity,240,-3.0123452956859884,-2.803221344947815
5,single_feature_hjorth_complexity,241,-3.013244445507343,-2.8234965801239014
5,single_feature_hjorth_complexity,242,-3.0350750042841983,-2.7843616008758545
5,single_feature_hjorth_complexity,243,-2.98715747319735,-2.7230923175811768
5,single_feature_hjorth_complexity,244,-3.011050279323871,-2.7186139822006226
5,single_feature_hjorth_complexity,245,-3.0019221122448263,-2.822851061820984
5,single_feature_hjorth_complexity,246,-3.0414765247931848,-2.854048490524292
5,single_feature_hjorth_complexity,247,-3.048253554564256,-2.8513059616088867
5,single_feature_hjorth_complexity,248,-3.045610409516555,-2.771214008331299
5,single_feature_hjorth_complexity,249,-3.0101593274336595,-2.7873235940933228
5,single_feature_hjorth_complexity,250,-2.9677734008202186,-2.8325146436691284
5,single_feature_hjorth_complexity,251,-2.990425366621751,-2.723164319992065
5,single_feature_hjorth_complexity,252,-3.0007964831132155,-2.753393650054932
5,single_feature_hjorth_complexity,253,-3.027130750509409,-2.792428135871887
5,single_feature_hjorth_complexity,254,-3.033904717518733,-2.762557029724121
5,single_feature_hjorth_complexity,255,-3.0253354402688832,-2.8290387392044067
10,masked_npe,0,0.127300162656376,-0.1045991480350494
10,masked_npe,1,-0.2697470044860473,-0.3763422966003418
10,masked_npe,2,-0.4936727239535405,-0.5187809765338898
10,masked_npe,3,-0.6499551626352164,-0.6896932125091553
10,masked_npe,4,-0.8076706253565274,-0.8618888258934021
10,masked_npe,5,-0.9683159589767456,-1.02457195520401
10,masked_npe,6,-1.0989224452238815,-1.0616268813610077
10,masked_npe,7,-1.198383615567134,-1.2668460607528689
10,masked_npe,8,-1.3376348110345693,-1.2394054532051086
10,masked_npe,9,-1.4629398400966938,-1.4518651366233826
10,masked_npe,10,-1.5605906889988823,-1.5958160758018494
10,masked_npe,11,-1.6299440493950477,-1.6696239709854126
10,masked_npe,12,-1.7030295408689058,-1.6816202402114868
10,masked_npe,13,-1.7641961391155536,-1.81788980960846
10,masked_npe,14,-1.8294160549457257,-1.906015038490296
10,masked_npe,15,-1.8720458654256968,-1.9162870645523071
10,masked_npe,16,-1.8512886670919568,-1.8104711174964905
10,masked_npe,17,-1.9771458919231708,-2.058777570724488
10,masked_npe,18,-2.040330685102022,-1.9701091647148128
10,masked_npe,19,-2.0949130149988027,-2.073013126850128
10,masked_npe,20,-2.116303022091205,-2.151636838912964
10,masked_npe,21,-2.102716849400447,-2.2086026668548584
10,masked_npe,22,-2.232398638358483,-2.2838385105133057
10,masked_npe,23,-2.261930869175837,-2.132201552391052
10,masked_npe,24,-2.2716825925386868,-2.352062225341797
10,masked_npe,25,-2.350799633906438,-2.4686981439590454
10,masked_npe,26,-2.370188584694496,-2.342076063156128
10,masked_npe,27,-2.3971164409930887,-2.394880771636963
10,masked_npe,28,-2.5055864407466006,-2.445679545402527
10,masked_npe,29,-2.4890467203580418,-2.431887269020081
10,masked_npe,30,-2.430234964077289,-2.5377860069274902
10,masked_npe,31,-2.5341828786409817,-2.664351463317871
10,masked_npe,32,-2.576796054840088,-2.545514225959778
10,masked_npe,33,-2.6673109348003683,-2.6124144792556763
10,masked_npe,34,-2.5781835409311147,-2.682633399963379
10,masked_npe,35,-2.644812895701482,-2.678936004638672
10,masked_npe,36,-2.709226131439209,-2.561764359474182
10,masked_npe,37,-2.7205151594602146,-2.789482593536377
10,masked_npe,38,-2.6874794960021973,-2.838164806365967
10,masked_npe,39,-2.7008407666133,-2.7325103282928467
10,masked_npe,40,-2.746457209953895,-2.863001108169556
10,masked_npe,41,-2.830047974219689,-2.8414034843444824
10,masked_npe,42,-2.804593819838304,-2.728248357772827
10,masked_npe,43,-2.829314341911903,-2.9607927799224854
10,masked_npe,44,-2.839193527515118,-2.778733253479004
10,masked_npe,45,-2.8718520678006687,-2.767767429351806
10,masked_npe,46,-2.8455814765049863,-2.842689275741577
10,masked_npe,47,-2.906552718235896,-2.82680606842041
10,masked_npe,48,-2.926896297014677,-2.957634687423706
10,masked_npe,49,-3.019895847027118,-2.9850302934646606
10,masked_npe,50,-3.0290728348952074,-2.7205300331115723
10,masked_npe,51,-3.01165980559129,-3.0060970783233643
10,masked_npe,52,-3.023032646912795,-3.1031205654144287
10,masked_npe,53,-2.971208847486056,-2.897394180297852
10,masked_npe,54,-2.983525716341459,-3.125109076499939
10,masked_npe,55,-3.123096594443688,-3.0326122045516968
10,masked_npe,56,-3.125812897315392,-3.123586177825928
10,masked_npe,57,-3.169406652450561,-3.0683547258377075
10,masked_npe,58,-3.164880000627958,-3.133616209030152
10,masked_npe,59,-3.212271415270292,-3.286060094833374
10,masked_npe,60,-3.253367882508498,-3.019150972366333
10,masked_npe,61,-3.1974096298217773,-3.1186798810958862
10,masked_npe,62,-3.23794333751385,-3.159371852874756
10,masked_npe,63,-3.258058181175819,-3.2429099082946777
10,masked_npe,64,-3.3373611706953783,-3.219014406204224
10,masked_npe,65,-3.3095275255349965,-3.3390793800354004
10,masked_npe,66,-3.3670479150918813,-3.3427741527557373
10,masked_npe,67,-3.42453408241272,-3.477377891540528
10,masked_npe,68,-3.4075416051424465,-3.2708061933517456
10,masked_npe,69,-3.437761636880728,-3.330708622932434
10,masked_npe,70,-3.429501276749831,-3.462482690811157
10,masked_npe,71,-3.46264908863948,-3.47212815284729
10,masked_npe,72,-3.383720342929547,-3.310787081718445
10,masked_npe,73,-3.5108225162212667,-3.491602659225464
10,masked_npe,74,-3.542729909603412,-3.4983646869659424
10,masked_npe,75,-3.4846238723168006,-3.5513954162597656
10,masked_npe,76,-3.472044798044058,-3.4529054164886475
10,masked_npe,77,-3.383762524678157,-3.3759660720825195
10,masked_npe,78,-3.528497714262742,-3.4654310941696167
10,masked_npe,79,-3.4626233761127176,-3.599377512931824
10,masked_npe,80,-3.571356424918541,-3.5161678791046143
10,masked_npe,81,-3.6167853612166185,-3.627337574958801
10,masked_npe,82,-3.576304930907029,-3.72554063796997
10,masked_npe,83,-3.6355555791121263,-3.6097934246063232
10,masked_npe,84,-3.620693096747765,-3.622592449188232
10,masked_npe,85,-3.6328590099628153,-3.523775577545166
10,masked_npe,86,-3.607021588545579,-3.6510900259017935
10,masked_npe,87,-3.6277764393733096,-3.5883995294570923
10,masked_npe,88,-3.607452465937688,-3.797223091125488
10,masked_npe,89,-3.6573841755206766,-3.6243258714675903
10,masked_npe,90,-3.661172078205989,-3.761806964874268
10,masked_npe,91,-3.730476947931143,-3.6678017377853394
10,masked_npe,92,-3.6850940264188328,-3.668917059898377
10,masked_npe,93,-3.7077934375176063,-3.7134859561920166
10,masked_npe,94,-3.712158386523907,-3.793508410453797
10,masked_npe,95,-3.7180878749260535,-3.697966575622559
10,masked_npe,96,-3.724635491004357,-3.7275044918060303
10,masked_npe,97,-3.815447917351356,-3.759225606918335
10,masked_npe,98,-3.7391930360060472,-3.638715505599976
10,masked_npe,99,-3.668735540830172,-3.7682385444641113
10,masked_npe,100,-3.547108191710252,-3.623843908309937
10,masked_npe,101,-3.6583413160764255,-3.9317476749420166
10,masked_npe,102,-3.818417585813082,-3.7070776224136353
10,masked_npe,103,-3.69108510017395,-3.900126695632935
10,masked_npe,104,-3.750275868635911,-3.8708142042160034
10,masked_npe,105,-3.760088480435885,-3.771662473678589
10,masked_npe,106,-3.806904572706956,-3.8261289596557617
10,masked_npe,107,-3.8623401751885047,-3.733697891235352
10,masked_npe,108,-3.8321915039649377,-3.69599187374115
10,masked_npe,109,-3.846494014446552,-3.99515438079834
10,masked_npe,110,-3.831898891008817,-3.886881113052368
10,masked_npe,111,-3.82881707411546,-3.982467174530029
10,masked_npe,112,-3.801921110886794,-3.7189648151397705
10,masked_npe,113,-3.923681919391339,-3.924718379974365
10,masked_npe,114,-3.85284423828125,-3.891118288040161
10,masked_npe,115,-3.915111284989577,-3.966623067855835
10,masked_npe,116,-3.9029772098247824,-3.7504743337631226
10,masked_npe,117,-3.862188265873836,-3.9761863946914673
10,masked_npe,118,-3.9768704817845273,-3.7810208797454834
10,masked_npe,119,-3.850377137844379,-3.844807624816896
10,masked_npe,120,-3.5285569521097035,-3.6330511569976807
10,masked_npe,121,-3.855180795376117,-3.927680253982544
10,masked_npe,122,-3.842384796876174,-3.768934011459351
10,masked_npe,123,-3.7221950934483456,-3.68471097946167
10,masked_npe,124,-3.855406064253587,-3.8026859760284415
10,masked_npe,125,-3.785219797721276,-3.730262756347656
10,masked_npe,126,-3.840536392652072,-3.762384176254273
10,masked_npe,127,-3.754454392653245,-3.906369090080261
10,masked_npe,128,-3.852249218867376,-3.7375102043151855
10,masked_npe,129,-3.860888902957623,-4.109742164611816
10,masked_npe,130,-3.888087254304153,-4.03740394115448
10,masked_npe,131,-4.035866792385395,-4.030274152755737
10,masked_npe,132,-4.05350556740394,-3.957127690315247
10,masked_npe,133,-3.950583109488854,-3.78234601020813
10,masked_npe,134,-3.894593367209801,-4.003185510635376
10,masked_npe,135,-3.946129633830144,-3.957237958908081
10,masked_npe,136,-3.855850293086125,-4.129984855651856
10,masked_npe,137,-3.962552804213304,-4.055375814437866
10,masked_npe,138,-4.000678355877216,-4.019109010696411
10,masked_npe,139,-4.0510981266315165,-4.042463541030884
10,masked_npe,140,-4.073475947746863,-4.144096970558167
10,masked_npe,141,-4.100121021270752,-4.044817328453064
10,masked_npe,142,-4.048823870145357,-3.99606204032898
10,masked_npe,143,-3.865240445503822,-3.9385653734207153
10,masked_npe,144,-3.957795381546021,-4.105452656745911
10,masked_npe,145,-4.070749301176805,-4.037128448486328
10,masked_npe,146,-4.017524554179265,-4.153929948806763
10,masked_npe,147,-4.083897517277644,-4.074467658996582
10,masked_npe,148,-4.019796664898212,-4.104660511016846
10,masked_npe,149,-4.113846833889301,-4.106762886047363
10,masked_npe,150,-4.126896748175988,-4.210793972015381
10,masked_npe,151,-4.212654443887564,-4.134421825408936
10,masked_npe,152,-4.117240208845872,-4.082307577133179
10,masked_npe,153,-4.037815093994141,-4.130131959915161
10,masked_npe,154,-4.160889258751502,-4.174816608428955
10,masked_npe,155,-4.13632242496197,-3.6547794342041016
10,masked_npe,156,-3.933848967918983,-3.829548597335816
10,masked_npe,157,-4.062189707389245,-4.142329692840576
10,masked_npe,158,-4.107435079721304,-3.946386814117432
10,masked_npe,159,-4.010261278886062,-4.114694595336914
10,masked_npe,160,-4.19368419280419,-4.071374893188477
10,masked_npe,161,-4.059838368342473,-4.175426244735718
10,masked_npe,162,-4.160934851719783,-4.154304504394531
10,masked_npe,163,-4.153508112980769,-4.094365835189819
10,masked_npe,164,-4.26841035256019,-4.028609275817871
10,masked_npe,165,-4.154105406541091,-4.343379497528076
10,masked_npe,166,-4.184134593376746,-4.205755949020386
10,masked_npe,167,-3.905673283797044,-4.226123571395874
10,masked_npe,168,-4.116357509906475,-4.311388969421387
10,masked_npe,169,-4.194775673059317,-4.178547859191895
10,masked_npe,170,-4.111487223551824,-4.316606998443604
10,masked_npe,171,-4.217951957996075,-4.324666738510132
10,masked_npe,172,-4.192658827855037,-4.029155373573303
10,masked_npe,173,-4.180062147287222,-4.115880727767944
10,masked_npe,174,-4.168689305965717,-4.261059045791626
10,masked_npe,175,-4.167456150054932,-4.081068992614746
10,masked_npe,176,-4.222977161407471,-4.178946256637573
10,masked_npe,177,-4.171703742100642,-4.11432671546936
10,masked_npe,178,-4.177622978503887,-4.202446699142456
10,masked_npe,179,-4.185875452481783,-4.230221509933472
10,masked_npe,180,-4.205801450289213,-4.412579774856567
10,masked_npe,181,-4.228670120239258,-4.034725308418274
10,masked_npe,182,-4.276880337641789,-4.338415622711182
10,masked_npe,183,-4.190741208883432,-4.333154439926148
10,masked_npe,184,-4.27103695502648,-4.345137119293213
10,masked_npe,185,-4.298275654132549,-4.310875415802002
10,masked_npe,186,-4.283899270571196,-4.424641847610474
10,masked_npe,187,-4.272618422141442,-4.405636310577393
10,masked_npe,188,-4.320911480830266,-4.377935171127319
10,masked_npe,189,-4.3480036442096415,-4.2512383460998535
10,masked_npe,190,-4.32554736504188,-4.347995042800903
10,masked_npe,191,-4.376145216134878,-4.186968088150024
10,masked_npe,192,-4.259113788604736,-4.302514791488648
10,masked_npe,193,-4.315860564892109,-4.2851881980896
10,masked_npe,194,-4.324938810788668,-4.459318161010742
10,masked_npe,195,-4.374609983884371,-4.5004541873931885
10,masked_npe,196,-4.395903330582839,-4.459280729293823
10,masked_npe,197,-4.340057556445782,-4.276742458343506
10,masked_npe,198,-4.316733451989981,-4.498137474060059
10,masked_npe,199,-4.336542532994197,-4.457459211349487
10,masked_npe,200,-4.375245167658879,-4.325609445571899
10,masked_npe,201,-4.233043083777795,-4.276273012161255
10,masked_npe,202,-4.302888540121225,-4.519585371017456
10,masked_npe,203,-4.395344954270583,-4.410109519958496
10,masked_npe,204,-4.409180641174316,-4.604855060577393
10,masked_npe,205,-4.373739279233492,-4.520879507064819
10,masked_npe,206,-4.403746935037466,-4.511585712432861
10,masked_npe,207,-4.4595836859482985,-4.250079393386841
10,masked_npe,208,-4.383275912358211,-4.320647716522217
10,masked_npe,209,-4.388988238114577,-4.5185065269470215
10,masked_npe,210,-4.37156945008498,-4.32572865486145
10,masked_npe,211,-4.342560511368972,-4.343329429626465
10,masked_npe,212,-4.382110852461595,-4.460702419281006
10,masked_npe,213,-4.49663206247183,-4.436113119125366
10,masked_npe,214,-4.168678191991953,-3.873787045478821
10,masked_npe,215,-3.999625187653762,-4.12029504776001
10,masked_npe,216,-4.193580315663264,-4.192424535751343
10,masked_npe,217,-4.396191156827486,-4.4559080600738525
10,masked_npe,218,-4.492753982543945,-4.439015865325928
10,masked_npe,219,-4.446760727809026,-4.41382098197937
10,masked_npe,220,-4.440246985508845,-4.575230598449707
10,masked_npe,221,-4.349490018991324,-4.444449186325073
10,masked_npe,222,-4.400959821847769,-4.451143980026245
10,masked_npe,223,-4.543940360729511,-4.691336154937744
10,masked_npe,224,-4.507935377267691,-4.22445273399353
10,masked_npe,225,-4.245219524090107,-4.496435165405273
10,masked_npe,226,-4.543184023637038,-4.585941791534424
10,masked_npe,227,-4.475797249720647,-4.439589023590088
10,masked_npe,228,-4.498425226945144,-4.490918397903442
10,masked_npe,229,-4.504492282867432,-4.565425634384155
10,masked_npe,230,-4.540499430436355,-4.648885011672974
10,masked_npe,231,-4.567606925964356,-4.458075523376465
10,masked_npe,232,-4.460348752828745,-4.615633726119995
10,masked_npe,233,-4.4995359640855055,-4.467062711715698
10,masked_npe,234,-4.489263131068303,-4.24808669090271
10,masked_npe,235,-4.493451485267053,-4.548910856246948
10,masked_npe,236,-4.586780584775484,-4.630462884902954
10,masked_npe,237,-4.470169690939096,-4.512568950653076
10,masked_npe,238,-4.564312568077674,-4.692074298858643
10,masked_npe,239,-4.435563160822942,-4.574790239334106
10,masked_npe,240,-4.546777101663443,-4.450401306152344
10,masked_npe,241,-4.487283376547007,-4.540775060653687
10,masked_npe,242,-4.413026534594023,-4.045771360397339
10,masked_npe,243,-4.380890956291785,-4.572530508041382
10,masked_npe,244,-4.5951678569500265,-4.6039440631866455
10,masked_npe,245,-4.539250813997709,-4.663383960723877
10,masked_npe,246,-4.57189680979802,-4.535725116729736
10,masked_npe,247,-4.534375924330491,-4.506303310394287
10,masked_npe,248,-4.509515615609976,-4.489770174026489
10,masked_npe,249,-4.517509277050312,-4.480759143829346
10,masked_npe,250,-4.497297910543589,-4.433407783508301
10,masked_npe,251,-4.526606596433199,-4.508808612823486
10,masked_npe,252,-4.507071861853967,-4.613762855529785
10,masked_npe,253,-4.556300456707294,-4.701032638549805
10,masked_npe,254,-4.431209417489859,-4.366082191467285
10,masked_npe,255,-4.521509537330041,-4.555965900421143
10,masked_npe,256,-4.598953760587252,-4.523637294769287
10,masked_npe,257,-4.468462100395789,-4.608847141265869
10,masked_npe,258,-4.581192310039814,-4.40318751335144
10,masked_npe,259,-4.577772397261399,-4.748641490936279
10,masked_npe,260,-4.57678589454064,-4.617457628250122
10,masked_npe,261,-4.441205024719238,-4.305952072143555
10,masked_npe,262,-4.24822291961083,-4.542714357376099
10,masked_npe,263,-4.536655279306265,-4.584399223327637
10,masked_npe,264,-4.436744910020095,-4.4580371379852295
10,masked_npe,265,-4.525726538438064,-4.504483699798584
10,masked_npe,266,-4.596886964944693,-4.097149133682251
10,masked_npe,267,-4.373316819851215,-4.592994213104248
10,masked_npe,268,-4.603127993070162,-4.6659095287323
10,masked_npe,269,-4.705393020923321,-4.2852864265441895
10,masked_npe,270,-4.404683039738582,-4.4152305126190186
10,masked_npe,271,-4.442067659818209,-4.632464408874512
10,masked_npe,272,-4.611479942615215,-4.687561750411987
10,masked_npe,273,-4.488563831035908,-4.676992654800415
10,masked_npe,274,-4.592417386861948,-4.632736206054688
10,masked_npe,275,-4.687514891991248,-4.5731048583984375
10,masked_npe,276,-4.58873462677002,-4.626606702804565
10,masked_npe,277,-4.463103000934307,-4.300992012023926
10,masked_npe,278,-4.541701536912185,-4.487950325012207
10,masked_npe,279,-4.540874811319204,-4.608776092529297
10,masked_npe,280,-4.532695293426514,-4.679924249649048
10,masked_npe,281,-4.605818785153902,-4.605618953704834
10,masked_npe,282,-4.583694861485408,-4.568477153778076
10,masked_npe,283,-4.710126069875864,-4.30746603012085
10,masked_npe,284,-4.38937258720398,-4.731091976165772
10,single_feature_skewness,0,0.1298813964598454,-0.0911083742976188
10,single_feature_skewness,1,-0.279174288878074,-0.3479663580656051
10,single_feature_skewness,2,-0.4497234408672039,-0.4945318400859833
10,single_feature_skewness,3,-0.6112305430265573,-0.6328110098838806
10,single_feature_skewness,4,-0.8143504903866694,-0.8652136623859406
10,single_feature_skewness,5,-1.0886165912334735,-1.183857798576355
10,single_feature_skewness,6,-1.2829796809416552,-1.3551809191703796
10,single_feature_skewness,7,-1.3600766200285692,-1.314106583595276
10,single_feature_skewness,8,-1.4775284987229569,-1.4821336269378662
10,single_feature_skewness,9,-1.5715822348227868,-1.5233643054962158
10,single_feature_skewness,10,-1.660885709982652,-1.6216405034065249
10,single_feature_skewness,11,-1.7449023631902842,-1.6908389925956726
10,single_feature_skewness,12,-1.817179789909949,-1.7186503410339355
10,single_feature_skewness,13,-1.857765876329862,-1.82410740852356
10,single_feature_skewness,14,-1.9229999964053808,-1.7474284172058103
10,single_feature_skewness,15,-1.9063149415529688,-1.7593247890472412
10,single_feature_skewness,16,-1.9523833990097048,-1.9357946515083315
10,single_feature_skewness,17,-2.008562390620892,-1.9815158247947693
10,single_feature_skewness,18,-2.069854250321021,-1.9505290389060967
10,single_feature_skewness,19,-2.0693687934141893,-1.980027198791504
10,single_feature_skewness,20,-2.099908205179068,-2.050979852676392
10,single_feature_skewness,21,-2.126347615168645,-2.072299003601074
10,single_feature_skewness,22,-2.144899790103619,-1.981552302837372
10,single_feature_skewness,23,-2.181389882014348,-2.084807515144348
10,single_feature_skewness,24,-2.2049704698415904,-2.0677582025527954
10,single_feature_skewness,25,-2.205582215235784,-2.1304988861083984
10,single_feature_skewness,26,-2.2193928131690392,-2.053640365600586
10,single_feature_skewness,27,-2.215108724740835,-2.04983139038086
10,single_feature_skewness,28,-2.2219173174638014,-2.04229748249054
10,single_feature_skewness,29,-2.247136299426739,-2.1309369802474976
10,single_feature_skewness,30,-2.241414657005897,-2.124768376350403
10,single_feature_skewness,31,-2.2376273778768687,-2.152262926101685
10,single_feature_skewness,32,-2.2588728758004994,-2.2041999101638794
10,single_feature_skewness,33,-2.276197360112117,-2.0737029314041138
10,single_feature_skewness,34,-2.296317375623263,-2.1215566396713257
10,single_feature_skewness,35,-2.3151814203995924,-2.1653409004211426
10,single_feature_skewness,36,-2.3264420949495754,-2.208488941192627
10,single_feature_skewness,37,-2.290266385445228,-2.069321870803833
10,single_feature_skewness,38,-2.287072731898381,-2.1454968452453613
10,single_feature_skewness,39,-2.353675750585703,-2.219653844833374
10,single_feature_skewness,40,-2.322453883978037,-2.139725923538208
10,single_feature_skewness,41,-2.303383332032424,-2.249564528465271
10,single_feature_skewness,42,-2.353402082736676,-2.20866060256958
10,single_feature_skewness,43,-2.356177495076106,-2.1015671491622925
10,single_feature_skewness,44,-2.383325301683866,-2.194681406021118
10,single_feature_skewness,45,-2.329742431640625,-2.097394108772278
10,single_feature_skewness,46,-2.360770794061514,-2.227288246154785
10,single_feature_skewness,47,-2.387425954525287,-2.1256895065307617
10,single_feature_skewness,48,-2.347273954978356,-2.1867600679397583
10,single_feature_skewness,49,-2.378818108485296,-2.228082656860352
10,single_feature_skewness,50,-2.368848910698524,-2.197959780693054
10,single_feature_skewness,51,-2.3569451295412502,-2.17817497253418
10,single_feature_skewness,52,-2.3912690602816067,-2.2322442531585693
10,single_feature_skewness,53,-2.4074714550605187,-2.245363116264344
10,single_feature_skewness,54,-2.439423230978159,-2.2587810754776
10,single_feature_skewness,55,-2.446366952015804,-2.2776169776916504
10,single_feature_skewness,56,-2.454440942177406,-2.3300530910491943
10,single_feature_skewness,57,-2.435885135944073,-2.20036518573761
10,single_feature_skewness,58,-2.4717083894289456,-2.2370944023132324
10,single_feature_skewness,59,-2.475331104718722,-2.266678810119629
10,single_feature_skewness,60,-2.458253640394944,-2.326910972595215
10,single_feature_skewness,61,-2.446476459503174,-2.258856296539306
10,single_feature_skewness,62,-2.451717651807345,-2.2533005475997925
10,single_feature_skewness,63,-2.4723388781914344,-2.3177568912506104
10,single_feature_skewness,64,-2.475283145904541,-2.2251124382019043
10,single_feature_skewness,65,-2.4694507672236514,-2.2591785192489624
10,single_feature_skewness,66,-2.466299882301917,-2.251667022705078
10,single_feature_skewness,67,-2.4610032668480506,-2.2170639038085938
10,single_feature_skewness,68,-2.4905109588916483,-2.31557297706604
10,single_feature_skewness,69,-2.530013506229108,-2.3181651830673218
10,single_feature_skewness,70,-2.504664714519794,-2.301257371902466
10,single_feature_skewness,71,-2.531159529319176,-2.3855175971984863
10,single_feature_skewness,72,-2.427795043358436,-2.268979787826538
10,single_feature_skewness,73,-2.4627634378579946,-2.0806705951690674
10,single_feature_skewness,74,-2.5024030758784366,-2.401364207267761
10,single_feature_skewness,75,-2.542930639707125,-2.3591264486312866
10,single_feature_skewness,76,-2.536620121735793,-2.292056918144226
10,single_feature_skewness,77,-2.5449614708240214,-2.3226174116134644
10,single_feature_skewness,78,-2.5419472731076755,-2.2843503952026367
10,single_feature_skewness,79,-2.4796604559971738,-2.294197201728821
10,single_feature_skewness,80,-2.5722864407759447,-2.3303401470184326
10,single_feature_skewness,81,-2.565845966339112,-2.3642051219940186
10,single_feature_skewness,82,-2.508570212584276,-2.3800474405288696
10,single_feature_skewness,83,-2.548113602858323,-2.3792383670806885
10,single_feature_skewness,84,-2.566552602327787,-2.369168758392334
10,single_feature_skewness,85,-2.569273050014789,-2.319838285446167
10,single_feature_skewness,86,-2.5764931532052846,-2.441708922386169
10,single_feature_skewness,87,-2.5698385422046366,-2.357001781463623
10,single_feature_skewness,88,-2.575472923425528,-2.2582367658615112
10,single_feature_skewness,89,-2.4727436212392955,-2.3161327838897705
10,single_feature_skewness,90,-2.603743974979108,-2.278470873832702
10,single_feature_skewness,91,-2.538367381462684,-2.352298617362976
10,single_feature_skewness,92,-2.580841229512141,-2.372337460517884
10,single_feature_skewness,93,-2.573938938287588,-2.266381025314331
10,single_feature_skewness,94,-2.579296643917377,-2.299203872680664
10,single_feature_skewness,95,-2.571918175770686,-2.3516547679901123
10,single_feature_skewness,96,-2.587777486214271,-2.282523512840271
10,single_feature_skewness,97,-2.5802495296184835,-2.4279383420944214
10,single_feature_skewness,98,-2.622637601999136,-2.410376071929932
10,single_feature_skewness,99,-2.614106214963473,-2.3468981981277466
10,single_feature_skewness,100,-2.5764377300555887,-2.3690247535705566
10,single_feature_skewness,101,-2.614795024578388,-2.425817131996155
10,single_feature_skewness,102,-2.603603748174814,-2.432408571243286
10,single_feature_skewness,103,-2.6362262138953576,-2.351750373840332
10,single_feature_skewness,104,-2.6300388482900767,-2.3243945837020874
10,single_feature_skewness,105,-2.6421140340658336,-2.3977081775665283
10,single_feature_skewness,106,-2.651379566926223,-2.4132386445999146
10,single_feature_skewness,107,-2.6315023715679464,-2.293205976486206
10,single_feature_skewness,108,-2.6515533373906064,-2.3815141916275024
10,single_feature_skewness,109,-2.64336529144874,-2.406934976577759
10,single_feature_skewness,110,-2.669714780954214,-2.4317551851272583
10,single_feature_skewness,111,-2.6279445611513577,-2.4412553310394287
10,single_feature_kurtosis,0,0.1573050853151541,-0.0412348676472902
10,single_feature_kurtosis,1,-0.2414601634328182,-0.3596428483724594
10,single_feature_kurtosis,2,-0.4074663107211773,-0.4850818663835525
10,single_feature_kurtosis,3,-0.5185346970191369,-0.4929403662681579
10,single_feature_kurtosis,4,-0.60399807874973,-0.5509933978319168
10,single_feature_kurtosis,5,-0.6850086175478421,-0.6350694894790649
10,single_feature_kurtosis,6,-0.7578479464237506,-0.7450304627418518
10,single_feature_kurtosis,7,-0.8227807283401489,-0.7043601274490356
10,single_feature_kurtosis,8,-0.8663361118390009,-0.7584894001483917
10,single_feature_kurtosis,9,-0.9142156472572912,-0.7844721972942352
10,single_feature_kurtosis,10,-0.9493749095843388,-0.8590291142463684
10,single_feature_kurtosis,11,-1.0246376257676344,-0.9186736345291138
10,single_feature_kurtosis,12,-1.1007698957736676,-0.9786089062690736
10,single_feature_kurtosis,13,-1.1905213502737193,-1.1216216087341309
10,single_feature_kurtosis,14,-1.2589634656906128,-1.1543678045272827
10,single_feature_kurtosis,15,-1.3553997369912951,-1.2988008260726929
10,single_feature_kurtosis,16,-1.407766424692594,-1.3517205715179443
10,single_feature_kurtosis,17,-1.4324876436820395,-1.448141872882843
10,single_feature_kurtosis,18,-1.5297774993456328,-1.455676257610321
10,single_feature_kurtosis,19,-1.5402577290168176,-1.5514189004898071
10,single_feature_kurtosis,20,-1.587097122119023,-1.4800695180892944
10,single_feature_kurtosis,21,-1.624884504538316,-1.5937893390655518
10,single_feature_kurtosis,22,-1.6979463283832257,-1.6579794883728027
10,single_feature_kurtosis,23,-1.7393333636797392,-1.65071302652359
10,single_feature_kurtosis,24,-1.7335420480141273,-1.7115216851234436
10,single_feature_kurtosis,25,-1.7864881112025337,-1.7892983555793762
10,single_feature_kurtosis,26,-1.8225945784495428,-1.704674243927002
10,single_feature_kurtosis,27,-1.858575004797716,-1.7766718864440918
10,single_feature_kurtosis,28,-1.900475419484652,-1.7737541198730469
10,single_feature_kurtosis,29,-1.9282165307265065,-1.8015838265419009
10,single_feature_kurtosis,30,-1.9296412559655995,-1.849528431892395
10,single_feature_kurtosis,31,-1.967206964126,-1.8213871717453003
10,single_feature_kurtosis,32,-1.9151854606775136,-1.8717472553253167
10,single_feature_kurtosis,33,-1.979278362714328,-1.8738071918487549
10,single_feature_kurtosis,34,-1.9975584653707648,-1.895778715610504
10,single_feature_kurtosis,35,-2.0444407829871545,-1.917908132076264
10,single_feature_kurtosis,36,-2.0311778692098765,-2.010520815849304
10,single_feature_kurtosis,37,-2.0360116500120897,-1.868862271308899
10,single_feature_kurtosis,38,-2.044632985041692,-1.9416576623916624
10,single_feature_kurtosis,39,-2.0606743280704203,-1.9485727548599243
10,single_feature_kurtosis,40,-2.101928765957172,-1.9352269172668457
10,single_feature_kurtosis,41,-2.0966964501601,-2.040557146072388
10,single_feature_kurtosis,42,-2.0615101135694065,-1.9855471849441528
10,single_feature_kurtosis,43,-2.1029894535358133,-1.9421679973602293
10,single_feature_kurtosis,44,-2.0987285375595093,-1.995300531387329
10,single_feature_kurtosis,45,-2.039040831419138,-1.9702025055885315
10,single_feature_kurtosis,46,-2.1057154215299168,-1.938547134399414
10,single_feature_kurtosis,47,-2.108758339515099,-1.9859371185302728
10,single_feature_kurtosis,48,-2.156652652300321,-2.06983494758606
10,single_feature_kurtosis,49,-2.1713723952953634,-2.028144240379333
10,single_feature_kurtosis,50,-2.1902496081132155,-2.037990093231201
10,single_feature_kurtosis,51,-2.180067099057711,-2.058268904685974
10,single_feature_kurtosis,52,-2.1858377273266134,-2.074230909347534
10,single_feature_kurtosis,53,-2.1972063871530385,-2.029140949249268
10,single_feature_kurtosis,54,-2.193846739255465,-2.060488700866699
10,single_feature_kurtosis,55,-2.2152409370128927,-2.0352320671081543
10,single_feature_kurtosis,56,-2.215214380851158,-2.142498016357422
10,single_feature_kurtosis,57,-2.236671502773578,-2.070266842842102
10,single_feature_kurtosis,58,-2.2352434121645413,-2.0366430282592773
10,single_feature_kurtosis,59,-2.2503578662872314,-2.0891382694244385
10,single_feature_kurtosis,60,-2.212971412218534,-2.080561637878418
10,single_feature_kurtosis,61,-2.207885778867281,-2.020386338233948
10,single_feature_kurtosis,62,-2.213765126008254,-2.037617862224579
10,single_feature_kurtosis,63,-2.257248419981736,-2.037862181663513
10,single_feature_kurtosis,64,-2.26843522145198,-2.033688485622406
10,single_feature_kurtosis,65,-2.2756617802840013,-2.013316333293915
10,single_feature_kurtosis,66,-2.2417340645423303,-2.08097243309021
10,single_feature_kurtosis,67,-2.26676398057204,-2.07015061378479
10,single_feature_kurtosis,68,-2.2828045991750865,-2.096418797969818
10,single_feature_kurtosis,69,-2.2600934505462646,-2.052254557609558
10,single_feature_kurtosis,70,-2.285189335162823,-2.1379579305648804
10,single_feature_kurtosis,71,-2.29479797069843,-2.1756584644317627
10,single_feature_kurtosis,72,-2.3059366666353664,-2.156005382537842
10,single_feature_kurtosis,73,-2.311024647492629,-2.1406116485595703
10,single_feature_kurtosis,74,-2.324410273478581,-2.1083667874336243
10,single_feature_kurtosis,75,-2.316440252157358,-2.145442247390747
10,single_feature_kurtosis,76,-2.316721090903649,-2.1080310344696045
10,single_feature_kurtosis,77,-2.3261937361497145,-2.0939435958862305
10,single_feature_kurtosis,78,-2.3382977705735426,-2.1717246770858765
10,single_feature_kurtosis,79,-2.3290693209721494,-2.1824837923049927
10,single_feature_kurtosis,80,-2.299105479167058,-2.1035860776901245
10,single_feature_kurtosis,81,-2.318336743574876,-2.042970895767212
10,single_feature_kurtosis,82,-2.3336247297433705,-2.1390527486801147
10,single_feature_kurtosis,83,-2.334869201366718,-2.1547542810440063
10,single_feature_kurtosis,84,-2.341837406158448,-2.105384111404419
10,single_feature_kurtosis,85,-2.3242585842426005,-2.128619074821472
10,single_feature_kurtosis,86,-2.312453838495108,-2.1859406232833862
10,single_feature_kurtosis,87,-2.3423385986915,-2.119464993476868
10,single_feature_kurtosis,88,-2.3528396166287937,-2.179633378982544
10,single_feature_kurtosis,89,-2.3764023230626035,-2.134229183197021
10,single_feature_kurtosis,90,-2.328414110036997,-2.152235984802246
10,single_feature_kurtosis,91,-2.3751123501704288,-2.136581420898437
10,single_feature_kurtosis,92,-2.347851184698252,-2.144093990325928
10,single_feature_kurtosis,93,-2.357797182523288,-2.1316109895706177
10,single_feature_kurtosis,94,-2.3838897118201623,-2.150050640106201
10,single_feature_kurtosis,95,-2.370559490644015,-2.184969186782837
10,single_feature_kurtosis,96,-2.388487925896278,-2.136536717414856
10,single_feature_kurtosis,97,-2.3819667376004734,-2.1819556951522827
10,single_feature_kurtosis,98,-2.3770013405726504,-2.1211562156677246
10,single_feature_kurtosis,99,-2.3792567619910607,-2.11328387260437
10,single_feature_kurtosis,100,-2.360420227050781,-2.1167209148406982
10,single_feature_kurtosis,101,-2.360864859360915,-2.1065030097961426
10,single_feature_kurtosis,102,-2.3734977612128625,-2.10908305644989
10,single_feature_kurtosis,103,-2.379309782615074,-2.113306164741516
10,single_feature_kurtosis,104,-2.379598929331853,-2.136813402175904
10,single_feature_kurtosis,105,-2.397861810830923,-2.210731029510498
10,single_feature_kurtosis,106,-2.3968780040740967,-2.0965018272399902
10,single_feature_kurtosis,107,-2.390983306444608,-2.0445802211761475
10,single_feature_kurtosis,108,-2.3958980853740988,-2.082383573055268
10,single_feature_kurtosis,109,-2.409071060327383,-2.1576931476593018
10,single_feature_kurtosis,110,-2.4107680320739746,-2.1656410694122314
10,single_feature_kurtosis,111,-2.420093352978046,-2.1662250757217407
10,single_feature_kurtosis,112,-2.416721765811627,-2.083338141441345
10,single_feature_kurtosis,113,-2.397862562766442,-2.158705472946167
10,single_feature_kurtosis,114,-2.411211802409245,-2.151563167572021
10,single_feature_kurtosis,115,-2.4234883235051083,-2.2020153999328613
10,single_feature_kurtosis,116,-2.438433665495652,-2.138651490211487
10,single_feature_kurtosis,117,-2.4245867545788107,-2.153513193130493
10,single_feature_kurtosis,118,-2.428870292810293,-2.1596481800079346
10,single_feature_kurtosis,119,-2.44184290445768,-2.266450524330139
10,single_feature_kurtosis,120,-2.427067389855018,-2.188616156578064
10,single_feature_kurtosis,121,-2.424926060896653,-2.189923405647278
10,single_feature_kurtosis,122,-2.440089702606201,-2.1805193424224854
10,single_feature_kurtosis,123,-2.444024636195256,-2.188253402709961
10,single_feature_kurtosis,124,-2.4578260825230527,-2.17194139957428
10,single_feature_kurtosis,125,-2.460644611945519,-2.175705075263977
10,single_feature_kurtosis,126,-2.4492009603060207,-2.1439191102981567
10,single_feature_kurtosis,127,-2.452089969928448,-2.274902105331421
10,single_feature_kurtosis,128,-2.430038873965924,-2.147612333297729
10,single_feature_kurtosis,129,-2.454716755793645,-2.2462072372436523
10,single_feature_kurtosis,130,-2.4781347604898305,-2.2094411849975586
10,single_feature_kurtosis,131,-2.475276341805092,-2.182252883911133
10,single_feature_kurtosis,132,-2.435158839592567,-2.1557457447052
10,single_feature_kurtosis,133,-2.4393006838285007,-2.245816230773926
10,single_feature_kurtosis,134,-2.442641661717341,-2.137191414833069
10,single_feature_kurtosis,135,-2.4517588798816385,-2.1145554780960083
10,single_feature_kurtosis,136,-2.4603274235358605,-2.1049039363861084
10,single_feature_kurtosis,137,-2.4760807294111986,-2.172994375228882
10,single_feature_kurtosis,138,-2.465022380535419,-2.0495907068252563
10,single_feature_kurtosis,139,-2.456599400593684,-2.1020376682281494
10,single_feature_kurtosis,140,-2.4577122651613674,-2.158085823059082
10,single_feature_kurtosis,141,-2.497942979519184,-2.149102807044983
10,single_feature_kurtosis,142,-2.498170357484084,-2.1353540420532227
10,single_feature_kurtosis,143,-2.484908232322106,-2.142088532447815
10,single_feature_kurtosis,144,-2.479014745125404,-2.142722964286804
10,single_feature_kurtosis,145,-2.480613690156204,-2.208999752998352
10,single_feature_kurtosis,146,-2.4915824853456936,-2.2348707914352417
10,single_feature_kurtosis,147,-2.488350538107065,-2.047667324543
10,single_feature_kurtosis,148,-2.41642636519212,-2.244520902633667
10,single_feature_kurtosis,149,-2.4414417927081766,-2.181977152824402
10,single_feature_kurtosis,150,-2.4903819194206824,-2.1886417865753174
10,single_feature_kurtosis,151,-2.4816124622638407,-2.1695306301116943
10,single_feature_kurtosis,152,-2.467445501914391,-2.1560651063919067
10,single_feature_spectral_slope,0,0.1058778957678721,-0.2159827947616577
10,single_feature_spectral_slope,1,-0.4058933349756094,-0.56656214594841
10,single_feature_spectral_slope,2,-0.6508647891191336,-0.7568309903144836
10,single_feature_spectral_slope,3,-0.8489212623009315,-0.9242714643478394
10,single_feature_spectral_slope,4,-1.0064608867351823,-1.0653486251831057
10,single_feature_spectral_slope,5,-1.136215879366948,-1.143192172050476
10,single_feature_spectral_slope,6,-1.222607942727896,-1.2201667428016665
10,single_feature_spectral_slope,7,-1.270293611746568,-1.2286081910133362
10,single_feature_spectral_slope,8,-1.31567199413593,-1.2921518087387085
10,single_feature_spectral_slope,9,-1.348592107112591,-1.3177127242088318
10,single_feature_spectral_slope,10,-1.3803464541068444,-1.3542497158050537
10,single_feature_spectral_slope,11,-1.407538157242995,-1.379701018333435
10,single_feature_spectral_slope,12,-1.4305516481399536,-1.3586637377738953
10,single_feature_spectral_slope,13,-1.4519669367716863,-1.3810076117515564
10,single_feature_spectral_slope,14,-1.4656886137448824,-1.3842341899871826
10,single_feature_spectral_slope,15,-1.4940293110333955,-1.4260759353637695
10,single_feature_spectral_slope,16,-1.5136403670677772,-1.4581988453865051
10,single_feature_spectral_slope,17,-1.540463319191566,-1.4703553318977356
10,single_feature_spectral_slope,18,-1.5525081432782686,-1.50974440574646
10,single_feature_spectral_slope,19,-1.5897166728973389,-1.5040565729141235
10,single_feature_spectral_slope,20,-1.5802286038031943,-1.5264291167259216
10,single_feature_spectral_slope,21,-1.615399938363295,-1.5625089406967163
10,single_feature_spectral_slope,22,-1.6486364878140962,-1.584501028060913
10,single_feature_spectral_slope,23,-1.656532177558312,-1.5860128998756409
10,single_feature_spectral_slope,24,-1.682038637307974,-1.557772517204285
10,single_feature_spectral_slope,25,-1.6861413167073176,-1.637840986251831
10,single_feature_spectral_slope,26,-1.726784816155067,-1.6146751046180725
10,single_feature_spectral_slope,27,-1.731631168952355,-1.645327925682068
10,single_feature_spectral_slope,28,-1.745374743755047,-1.682521402835846
10,single_feature_spectral_slope,29,-1.7646707204672007,-1.6673288941383362
10,single_feature_spectral_slope,30,-1.7783687114715576,-1.6852685809135437
10,single_feature_spectral_slope,31,-1.774999425961421,-1.7220098972320557
10,single_feature_spectral_slope,32,-1.792084868137653,-1.7056783437728882
10,single_feature_spectral_slope,33,-1.7964145678740282,-1.7053013443946838
10,single_feature_spectral_slope,34,-1.8219168736384463,-1.7411401271820068
10,single_feature_spectral_slope,35,-1.8330477201021635,-1.7283821105957031
10,single_feature_spectral_slope,36,-1.844384477688716,-1.7505999207496643
10,single_feature_spectral_slope,37,-1.840798139572144,-1.7354770302772522
10,single_feature_spectral_slope,38,-1.841448618815496,-1.7455073595046997
10,single_feature_spectral_slope,39,-1.855184096556444,-1.7297221422195437
10,single_feature_spectral_slope,40,-1.864952371670649,-1.7784265875816343
10,single_feature_spectral_slope,41,-1.870047220816979,-1.7818758487701416
10,single_feature_spectral_slope,42,-1.8817817064432,-1.7604394555091858
10,single_feature_spectral_slope,43,-1.8860231179457445,-1.7851455211639404
10,single_feature_spectral_slope,44,-1.889032730689416,-1.783535897731781
10,single_feature_spectral_slope,45,-1.891443692720853,-1.7825418710708618
10,single_feature_spectral_slope,46,-1.91097786793342,-1.805338084697724
10,single_feature_spectral_slope,47,-1.9025632784916804,-1.7406472563743591
10,single_feature_spectral_slope,48,-1.9044570005857029,-1.763435781002045
10,single_feature_spectral_slope,49,-1.9089367297979505,-1.776719868183136
10,single_feature_spectral_slope,50,-1.9200295209884644,-1.7764068841934204
10,single_feature_spectral_slope,51,-1.894501933684716,-1.8020064234733584
10,single_feature_spectral_slope,52,-1.9246094593634973,-1.7957478761672974
10,single_feature_spectral_slope,53,-1.935913003407992,-1.7912282347679138
10,single_feature_spectral_slope,54,-1.934142369490404,-1.8109338879585264
10,single_feature_spectral_slope,55,-1.93833654660445,-1.8194822072982788
10,single_feature_spectral_slope,56,-1.9446241030326257,-1.822198987007141
10,single_feature_spectral_slope,57,-1.9587262868881223,-1.7890149354934692
10,single_feature_spectral_slope,58,-1.959309477072496,-1.79741370677948
10,single_feature_spectral_slope,59,-1.95886137852302,-1.7963906526565552
10,single_feature_spectral_slope,60,-1.9651507781102109,-1.8218367099761963
10,single_feature_spectral_slope,61,-1.9685962016765888,-1.7922652959823608
10,single_feature_spectral_slope,62,-1.9646992408312285,-1.841007649898529
10,single_feature_spectral_slope,63,-1.9649103513130768,-1.8104848861694336
10,single_feature_spectral_slope,64,-1.9711510768303504,-1.81667309999466
10,single_feature_spectral_slope,65,-1.9740375555478609,-1.8315383195877075
10,single_feature_spectral_slope,66,-1.9812298646340003,-1.8133328557014463
10,single_feature_spectral_slope,67,-1.9810369473237257,-1.808999598026276
10,single_feature_spectral_slope,68,-1.981910623036898,-1.851973295211792
10,single_feature_spectral_slope,69,-1.98847391972175,-1.7914539575576782
10,single_feature_spectral_slope,70,-1.9880536152766304,-1.8243336081504824
10,single_feature_spectral_slope,71,-1.99795531309568,-1.838896870613098
10,single_feature_spectral_slope,72,-1.9939028849968543,-1.85726135969162
10,single_feature_spectral_slope,73,-2.008156134532048,-1.8556839227676392
10,single_feature_spectral_slope,74,-2.0046464021389303,-1.830516517162323
10,single_feature_spectral_slope,75,-2.001412006524893,-1.872433841228485
10,single_feature_spectral_slope,76,-2.01788592338562,-1.81858903169632
10,single_feature_spectral_slope,77,-2.0034271020155687,-1.802018105983734
10,single_feature_spectral_slope,78,-2.0288862815270057,-1.798319935798645
10,single_feature_spectral_slope,79,-2.0197526399905863,-1.8488107919692995
10,single_feature_spectral_slope,80,-2.010868219228892,-1.8150860667228697
10,single_feature_spectral_slope,81,-2.0199951300254235,-1.831974744796753
10,single_feature_spectral_slope,82,-2.0271923542022705,-1.83431339263916
10,single_feature_spectral_slope,83,-2.0306995465205264,-1.8639676570892327
10,single_feature_spectral_slope,84,-2.034287397678082,-1.8626073598861688
10,single_feature_spectral_slope,85,-2.0375497066057644,-1.82956612110138
10,single_feature_spectral_slope,86,-2.041430207399221,-1.811417818069458
10,single_feature_spectral_slope,87,-2.0323119438611545,-1.876220166683197
10,single_feature_spectral_slope,88,-2.034187775391799,-1.813233494758606
10,single_feature_spectral_slope,89,-2.0293921874119687,-1.8488011360168457
10,single_feature_spectral_slope,90,-2.0357212103330173,-1.8228941559791565
10,single_feature_spectral_slope,91,-2.035534922893231,-1.8298200368881223
10,single_feature_spectral_slope,92,-2.046415237280039,-1.8179253935813904
10,single_feature_spectral_slope,93,-2.0380117343022275,-1.864185810089112
10,single_feature_spectral_slope,94,-2.053823544428899,-1.8545726537704468
10,single_feature_spectral_slope,95,-2.043692038609432,-1.8500376343727112
10,single_feature_spectral_slope,96,-2.049190117762639,-1.7954607009887695
10,single_feature_spectral_slope,97,-2.0486382887913632,-1.867354154586792
10,single_feature_spectral_slope,98,-2.0456982392531176,-1.8304898738861084
10,single_feature_spectral_slope,99,-2.065156184709989,-1.8594162464141848
10,single_feature_spectral_slope,100,-2.054662190950834,-1.83186149597168
10,single_feature_spectral_slope,101,-2.064158843113826,-1.842452049255371
10,single_feature_spectral_slope,102,-2.0593072267679067,-1.826585054397583
10,single_feature_spectral_slope,103,-2.065998728458698,-1.8518545627594
10,single_feature_spectral_slope,104,-2.0686679436610294,-1.84739089012146
10,single_feature_spectral_slope,105,-2.0632953460399923,-1.8530779480934143
10,single_feature_spectral_slope,106,-2.073894739151001,-1.831556499004364
10,single_feature_spectral_slope,107,-2.080913892159096,-1.8765572309494016
10,single_feature_spectral_slope,108,-2.087846435033358,-1.832062602043152
10,single_feature_spectral_slope,109,-2.057778211740347,-1.8141798377037048
10,single_feature_spectral_slope,110,-2.077441380574153,-1.8286858797073364
10,single_feature_spectral_slope,111,-2.0753117891458364,-1.837653398513794
10,single_feature_spectral_slope,112,-2.0872213473686805,-1.8545156717300413
10,single_feature_spectral_slope,113,-2.086571106543908,-1.8638662099838257
10,single_feature_spectral_slope,114,-2.096434868299044,-1.8643688559532168
10,single_feature_spectral_slope,115,-2.0825476829822245,-1.8261874318122864
10,single_feature_spectral_slope,116,-2.086896969721868,-1.8316043019294737
10,single_feature_spectral_slope,117,-2.0998808970818152,-1.8591839671134949
10,single_feature_spectral_slope,118,-2.0979249477386475,-1.843794703483581
10,single_feature_spectral_slope,119,-2.1080391590411844,-1.8538663983345032
10,single_feature_spectral_slope,120,-2.109076151481041,-1.869279563426972
10,single_feature_spectral_slope,121,-2.0955412754645715,-1.802507758140564
10,single_feature_spectral_slope,122,-2.101631971505972,-1.8537428975105288
10,single_feature_spectral_slope,123,-2.118483983553373,-1.85875540971756
10,single_feature_spectral_slope,124,-2.104052561980027,-1.8278710842132568
10,single_feature_spectral_slope,125,-2.1123922971578746,-1.860772728919983
10,single_feature_spectral_slope,126,-2.100684642791748,-1.8174008131027224
10,single_feature_spectral_slope,127,-2.1239008536705604,-1.839682936668396
10,single_feature_spectral_slope,128,-2.110686962421124,-1.833196580410004
10,single_feature_spectral_slope,129,-2.101034127748929,-1.832123160362244
10,single_feature_spectral_slope,130,-2.1052547234755297,-1.807736337184906
10,single_feature_spectral_slope,131,-2.1100011422083926,-1.8683134317398071
10,single_feature_spectral_slope,132,-2.1274163172795224,-1.8390369415283203
10,single_feature_total_log_power,0,0.0625305902212858,-0.1937620341777801
10,single_feature_total_log_power,1,-0.3534606718100034,-0.4333389401435852
10,single_feature_total_log_power,2,-0.5205126427687131,-0.5582807064056396
10,single_feature_total_log_power,3,-0.6531158089637756,-0.6738927364349365
10,single_feature_total_log_power,4,-0.7753309561656072,-0.8159236311912537
10,single_feature_total_log_power,5,-0.9155895985089816,-0.955502986907959
10,single_feature_total_log_power,6,-1.1151551833519568,-1.2250900864601135
10,single_feature_total_log_power,7,-1.3702964782714844,-1.4248488545417786
10,single_feature_total_log_power,8,-1.5282690800153291,-1.6030539870262146
10,single_feature_total_log_power,9,-1.7470607665868907,-1.7929410338401794
10,single_feature_total_log_power,10,-1.6351717985593357,-1.5210142731666565
10,single_feature_total_log_power,11,-1.7315482634764452,-2.067875385284424
10,single_feature_total_log_power,12,-2.015963471852816,-2.183076858520508
10,single_feature_total_log_power,13,-1.9144646387833808,-1.9696515798568728
10,single_feature_total_log_power,14,-2.016485205063453,-1.785713791847229
10,single_feature_total_log_power,15,-2.152461822216327,-2.316235303878784
10,single_feature_total_log_power,16,-2.424431177286001,-2.49287748336792
10,single_feature_total_log_power,17,-2.471908000799326,-2.526056289672852
10,single_feature_total_log_power,18,-2.580910187501174,-2.6202117204666138
10,single_feature_total_log_power,19,-2.6410283675560584,-2.5942922830581665
10,single_feature_total_log_power,20,-2.6944535878988414,-2.552291750907898
10,single_feature_total_log_power,21,-2.6950320463914137,-2.6316637992858887
10,single_feature_total_log_power,22,-2.757833774273212,-2.771621346473694
10,single_feature_total_log_power,23,-2.7966422667870154,-2.6858787536621094
10,single_feature_total_log_power,24,-2.79470341022198,-2.8841798305511475
10,single_feature_total_log_power,25,-2.8326053069188046,-2.832992911338806
10,single_feature_total_log_power,26,-2.8855075652782736,-2.8825457096099854
10,single_feature_total_log_power,27,-2.8989762526292067,-2.7114661931991577
10,single_feature_total_log_power,28,-2.900392128871037,-2.9196009635925293
10,single_feature_total_log_power,29,-2.923008295205923,-2.8297643661499023
10,single_feature_total_log_power,30,-2.933064882571881,-2.8858073949813843
10,single_feature_total_log_power,31,-2.961145052543053,-2.8550772666931152
10,single_feature_total_log_power,32,-2.9603682114527774,-2.968162417411804
10,single_feature_total_log_power,33,-2.984537729850182,-2.9467482566833496
10,single_feature_total_log_power,34,-2.9917037853827844,-2.9854226112365723
10,single_feature_total_log_power,35,-3.0214582223158617,-2.9382323026657104
10,single_feature_total_log_power,36,-3.0158190360436072,-3.0363041162490845
10,single_feature_total_log_power,37,-3.015544744638296,-2.999661445617676
10,single_feature_total_log_power,38,-3.017060169806847,-3.034431219100952
10,single_feature_total_log_power,39,-3.032913116308359,-2.946505784988404
10,single_feature_total_log_power,40,-3.0353001814622145,-2.887024998664856
10,single_feature_total_log_power,41,-3.046461435464712,-3.0859172344207764
10,single_feature_total_log_power,42,-3.0205157903524547,-2.9827210903167725
10,single_feature_total_log_power,43,-3.028217150614812,-2.942594647407532
10,single_feature_total_log_power,44,-2.997200489044189,-2.9831013679504395
10,single_feature_total_log_power,45,-2.6917653450599084,-2.528235673904419
10,single_feature_total_log_power,46,-2.6967659638478207,-2.782095193862915
10,single_feature_total_log_power,47,-3.092072321818425,-2.730086922645569
10,single_feature_total_log_power,48,-3.030910143485436,-2.4759860038757324
10,single_feature_total_log_power,49,-2.595198466227605,-2.588482022285461
10,single_feature_total_log_power,50,-2.755272461817815,-2.4444397687911987
10,single_feature_total_log_power,51,-2.73472756605882,-2.724276065826416
10,single_feature_total_log_power,52,-2.80583931849553,-3.0691280364990234
10,single_feature_total_log_power,53,-2.8709092140197754,-2.974530339241028
10,single_feature_total_log_power,54,-2.879549540006197,-2.777279853820801
10,single_feature_total_log_power,55,-2.860385913115281,-2.974367618560791
10,single_feature_total_log_power,56,-2.920352679032546,-2.995826244354248
10,single_feature_total_log_power,57,-2.924217462539673,-2.67175817489624
10,single_feature_total_log_power,58,-2.9101905272557187,-3.0145485401153564
10,single_feature_total_log_power,59,-2.962597003349891,-3.035192012786865
10,single_feature_total_log_power,60,-2.927042539303119,-2.835490584373474
10,single_feature_total_log_power,61,-2.942740843846248,-3.17493999004364
10,single_feature_total_log_power,62,-2.983128254230206,-2.854280948638916
10,single_feature_total_log_power,63,-2.957480797400841,-2.6411986351013184
10,single_feature_total_log_power,64,-2.9674830436706543,-3.110621452331543
10,single_feature_total_log_power,65,-2.9834917141841006,-2.772022843360901
10,single_feature_total_log_power,66,-2.9564863718473,-2.690857172012329
10,single_feature_total_log_power,67,-2.99729402248676,-3.2130815982818604
10,single_feature_total_log_power,68,-3.0301577678093543,-2.7629759311676025
10,single_feature_total_log_power,69,-2.9548357083247256,-2.466705083847046
10,single_feature_total_log_power,70,-2.9680097836714525,-3.06461763381958
10,single_feature_total_log_power,71,-3.029843807220459,-3.182036519050598
10,single_feature_total_log_power,72,-3.057476979035598,-2.776087522506714
10,single_feature_total_log_power,73,-3.044418059862577,-3.2282509803771973
10,single_feature_total_log_power,74,-3.0737024270571194,-3.1075496673583984
10,single_feature_total_log_power,75,-3.06126620219304,-2.887890577316284
10,single_feature_total_log_power,76,-3.0541891684898963,-3.217980742454529
10,single_feature_total_log_power,77,-3.089743082339947,-3.076751232147217
10,single_feature_total_log_power,78,-3.081603251970732,-2.995301127433777
10,single_feature_total_log_power,79,-3.072689624933096,-3.272010564804077
10,single_feature_total_log_power,80,-3.1111715023334208,-3.0700273513793945
10,single_feature_total_log_power,81,-3.098934155244094,-2.795654058456421
10,single_feature_total_log_power,82,-3.099868554335374,-3.137132167816162
10,single_feature_total_log_power,83,-3.139188363001897,-3.1930493116378784
10,single_feature_total_log_power,84,-3.141535630592933,-2.8908822536468506
10,single_feature_total_log_power,85,-3.118276541049664,-3.3050304651260376
10,single_feature_total_log_power,86,-3.1662711913769064,-3.122260332107544
10,single_feature_total_log_power,87,-3.139032162152804,-2.7576884031295776
10,single_feature_total_log_power,88,-3.1209833255180945,-3.247294545173645
10,single_feature_total_log_power,89,-3.1635084335620585,-3.285786390304565
10,single_feature_total_log_power,90,-3.167284818796011,-3.007460594177246
10,single_feature_total_log_power,91,-3.161008889858539,-3.383026599884033
10,single_feature_total_log_power,92,-3.194694702441876,-3.1082584857940674
10,single_feature_total_log_power,93,-3.1761625546675463,-2.814658641815185
10,single_feature_total_log_power,94,-3.161560297012329,-3.1957600116729736
10,single_feature_total_log_power,95,-3.205218938680796,-3.276034355163574
10,single_feature_total_log_power,96,-3.2129328067486105,-2.8049840927124023
10,single_feature_total_log_power,97,-3.169967027810904,-3.305133700370789
10,single_feature_total_log_power,98,-3.2071343935452976,-3.308737635612488
10,single_feature_total_log_power,99,-3.2191781447483945,-3.036077976226806
10,single_feature_total_log_power,100,-3.222128519645104,-3.3711400032043457
10,single_feature_total_log_power,101,-3.250476360321045,-3.25410544872284
10,single_feature_total_log_power,102,-3.242000708213219,-3.0846967697143555
10,single_feature_total_log_power,103,-3.1975352580730734,-3.3945324420928955
10,single_feature_total_log_power,104,-3.253270974526038,-3.1671273708343506
10,single_feature_total_log_power,105,-3.2381538244394155,-3.078452706336975
10,single_feature_total_log_power,106,-3.2373114365797777,-3.503968954086304
10,single_feature_total_log_power,107,-3.22291898727417,-3.1301766633987427
10,single_feature_total_log_power,108,-3.253685822853676,-3.012886047363281
10,single_feature_total_log_power,109,-3.261585125556359,-3.462721347808838
10,single_feature_total_log_power,110,-3.294399573252752,-3.221250295639038
10,single_feature_total_log_power,111,-3.290603656035203,-3.0353689193725586
10,single_feature_total_log_power,112,-3.283664464950561,-3.4181740283966064
10,single_feature_total_log_power,113,-3.306582450866699,-3.388024687767029
10,single_feature_total_log_power,114,-3.3039994056408224,-3.071976661682129
10,single_feature_total_log_power,115,-3.29923440859868,-3.470467090606689
10,single_feature_total_log_power,116,-3.325913374240582,-3.2228106260299683
10,single_feature_total_log_power,117,-3.3041143600757303,-2.9445993900299072
10,single_feature_total_log_power,118,-3.2783112709338846,-3.4029048681259155
10,single_feature_total_log_power,119,-3.325151590200571,-3.3536412715911865
10,single_feature_total_log_power,120,-3.326445817947388,-3.0977582931518555
10,single_feature_total_log_power,121,-3.289780139923096,-3.3851583003997803
10,single_feature_total_log_power,122,-3.34538039794335,-3.3509596586227417
10,single_feature_total_log_power,123,-3.33566506092365,-3.2070353031158447
10,single_feature_total_log_power,124,-3.32961157652048,-3.527486085891724
10,single_feature_total_log_power,125,-3.3597458692697377,-3.396466851234436
10,single_feature_total_log_power,126,-3.3714721386249247,-3.15918231010437
10,single_feature_total_log_power,127,-3.3570624865018406,-3.5319530963897705
10,single_feature_total_log_power,128,-3.386710093571589,-3.3318856954574585
10,single_feature_total_log_power,129,-3.3649706290318417,-3.161916732788086
10,single_feature_total_log_power,130,-3.364252347212571,-3.450813055038452
10,single_feature_total_log_power,131,-3.3861654171576867,-3.41201400756836
10,single_feature_total_log_power,132,-3.392325382966262,-3.0110158920288086
10,single_feature_total_log_power,133,-3.365479139181284,-3.6007637977600098
10,single_feature_total_log_power,134,-3.387135835794302,-3.365757703781128
10,single_feature_total_log_power,135,-3.3932626797602725,-3.09244167804718
10,single_feature_total_log_power,136,-3.397246599197388,-3.4803528785705566
10,single_feature_total_log_power,137,-3.413838808353131,-3.46385145187378
10,single_feature_total_log_power,138,-3.3890477877396803,-3.228216528892517
10,single_feature_total_log_power,139,-3.386951739971454,-3.4930875301361084
10,single_feature_total_log_power,140,-3.432128777870765,-3.4017938375473022
10,single_feature_total_log_power,141,-3.407691992246188,-3.110854744911194
10,single_feature_total_log_power,142,-3.3900894201718845,-3.5065805912017822
10,single_feature_total_log_power,143,-3.423321027022141,-3.404749870300293
10,single_feature_total_log_power,144,-3.4225098353165846,-3.1163554191589355
10,single_feature_total_log_power,145,-3.428809716151311,-3.553942441940308
10,single_feature_total_log_power,146,-3.446840396294227,-3.464695453643799
10,single_feature_total_log_power,147,-3.4432850984426646,-3.0315810441970825
10,single_feature_total_log_power,148,-3.421139368644128,-3.4891748428344727
10,single_feature_total_log_power,149,-3.458519843908457,-3.5283353328704834
10,single_feature_total_log_power,150,-3.470806525303767,-3.0856382846832275
10,single_feature_total_log_power,151,-3.4484249445108266,-3.607054591178894
10,single_feature_total_log_power,152,-3.480522320820735,-3.429263472557068
10,single_feature_total_log_power,153,-3.471506357192993,-3.205443859100342
10,single_feature_total_log_power,154,-3.451922655105591,-3.60698127746582
10,single_feature_total_log_power,155,-3.457950060184185,-3.533223032951355
10,single_feature_total_log_power,156,-3.493792460514949,-3.1691583395004272
10,single_feature_total_log_power,157,-3.446196574431199,-3.53012490272522
10,single_feature_total_log_power,158,-3.487692007651696,-3.424069046974182
10,single_feature_total_log_power,159,-3.485256103368906,-3.1987521648406982
10,single_feature_total_log_power,160,-3.488661582653339,-3.587027907371521
10,single_feature_total_log_power,161,-3.506043415803176,-3.616496324539185
10,single_feature_total_log_power,162,-3.524125044162457,-3.273205161094665
10,single_feature_total_log_power,163,-3.499858654462374,-3.6700360774993896
10,single_feature_total_log_power,164,-3.5121176059429464,-3.488641262054444
10,single_feature_total_log_power,165,-3.5065189324892483,-3.202222347259521
10,single_feature_total_log_power,166,-3.501720556846032,-3.588619112968445
10,single_feature_total_log_power,167,-3.5431899474217343,-3.530030846595764
10,single_feature_total_log_power,168,-3.5420428972977858,-3.2248294353485107
10,single_feature_total_log_power,169,-3.5087249279022217,-3.64564311504364
10,single_feature_total_log_power,170,-3.5579826098222,-3.4699504375457764
10,single_feature_total_log_power,171,-3.5270411051236668,-3.2008241415023804
10,single_feature_total_log_power,172,-3.519330519896287,-3.6092785596847534
10,single_feature_total_log_power,173,-3.563041246854342,-3.50964093208313
10,single_feature_total_log_power,174,-3.550389619973989,-3.1853972673416138
10,single_feature_total_log_power,175,-3.5207239297720103,-3.634813070297241
10,single_feature_total_log_power,176,-3.5604672248546896,-3.634267807006836
10,single_feature_total_log_power,177,-3.562479514342088,-3.2144135236740112
10,single_feature_total_log_power,178,-3.5333946117988,-3.610780715942383
10,single_feature_total_log_power,179,-3.565112829208374,-3.603072643280029
10,single_feature_total_log_power,180,-3.5811691467578592,-3.345904469490052
10,single_feature_total_log_power,181,-3.571494084138137,-3.7265859842300415
10,single_feature_total_log_power,182,-3.579538161938007,-3.570179343223572
10,single_feature_total_log_power,183,-3.569959200345553,-3.164853096008301
10,single_feature_total_log_power,184,-3.551057430414053,-3.6463913917541504
10,single_feature_total_log_power,185,-3.586882389508761,-3.588714122772217
10,single_feature_total_log_power,186,-3.588421051318829,-3.429227590560913
10,single_feature_total_log_power,187,-3.57118428670443,-3.570414423942566
10,single_feature_total_log_power,188,-3.582037742321308,-3.660909295082092
10,single_feature_total_log_power,189,-3.624193760064932,-3.2679418325424194
10,single_feature_total_log_power,190,-3.5978919175954966,-3.6307544708251953
10,single_feature_total_log_power,191,-3.614990417773907,-3.694375276565552
10,single_feature_total_log_power,192,-3.6174021684206448,-3.462982654571533
10,single_feature_total_log_power,193,-3.589964573199933,-3.755800485610962
10,single_feature_total_log_power,194,-3.6337572794694166,-3.535066246986389
10,single_feature_total_log_power,195,-3.61583766570458,-3.337308168411255
10,single_feature_total_log_power,196,-3.6035941380720873,-3.7512688636779785
10,single_feature_total_log_power,197,-3.6244571208953857,-3.587151408195496
10,single_feature_total_log_power,198,-3.6275879052969127,-3.2432602643966675
10,single_feature_total_log_power,199,-3.613802139575665,-3.786026835441589
10,single_feature_total_log_power,200,-3.655495918714083,-3.6243122816085815
10,single_feature_total_log_power,201,-3.657790697537936,-3.317818522453308
10,single_feature_total_log_power,202,-3.6262635634495664,-3.714027523994446
10,single_feature_total_log_power,203,-3.646408081054688,-3.651319622993469
10,single_feature_total_log_power,204,-3.655328512191773,-3.2509701251983643
10,single_feature_total_log_power,205,-3.615327394925631,-3.687582612037658
10,single_feature_total_log_power,206,-3.656128223125751,-3.619707107543945
10,single_feature_total_log_power,207,-3.6466261606950026,-3.276216506958008
10,single_feature_total_log_power,208,-3.638818649145273,-3.736333131790161
10,single_feature_total_log_power,209,-3.678049160883977,-3.651909828186035
10,single_feature_total_log_power,210,-3.668324012022752,-3.4798015356063843
10,single_feature_total_log_power,211,-3.6458545281336856,-3.829576730728149
10,single_feature_total_log_power,212,-3.676486987334031,-3.609579801559448
10,single_feature_total_log_power,213,-3.661033208553608,-3.289642572402954
10,single_feature_total_log_power,214,-3.6522291073432336,-3.75223171710968
10,single_feature_total_log_power,215,-3.701650326068585,-3.667150378227234
10,single_feature_total_log_power,216,-3.666359424591065,-3.307132124900818
10,single_feature_total_log_power,217,-3.632894460971539,-3.6355408430099487
10,single_feature_total_log_power,218,-3.669937262168297,-3.656778335571289
10,single_feature_total_log_power,219,-3.691072097191444,-3.4357619285583496
10,single_feature_total_log_power,220,-3.665231301234319,-3.751076817512512
10,single_feature_total_log_power,221,-3.6898545301877537,-3.671023845672608
10,single_feature_total_log_power,222,-3.680185629771306,-3.455601692199707
10,single_feature_total_log_power,223,-3.700668169901921,-3.8516554832458496
10,single_feature_total_log_power,224,-3.718006225732657,-3.630764365196228
10,single_feature_total_log_power,225,-3.703433531981248,-3.37700629234314
10,single_feature_total_log_power,226,-3.6868338401501,-3.800697326660156
10,single_feature_total_log_power,227,-3.720201694048368,-3.751438856124878
10,single_feature_total_log_power,228,-3.725468708918645,-3.500612735748291
10,single_feature_total_log_power,229,-3.700098844674917,-3.9081140756607056
10,single_feature_total_log_power,230,-3.720377830358652,-3.7676784992218018
10,single_feature_total_log_power,231,-3.7203023617084208,-3.389915585517884
10,single_feature_total_log_power,232,-3.685239535111648,-3.794669270515442
10,single_feature_total_log_power,233,-3.745085257750291,-3.739176392555237
10,single_feature_total_log_power,234,-3.742957738729624,-3.3377944231033325
10,single_feature_total_log_power,235,-3.732682246428269,-3.939035892486572
10,single_feature_total_log_power,236,-3.747326850891113,-3.6955970525741577
10,single_feature_total_log_power,237,-3.736416449913612,-3.5839051008224487
10,single_feature_total_log_power,238,-3.6980984027569113,-3.7395836114883423
10,single_feature_total_log_power,239,-3.741403781450712,-3.775248169898987
10,single_feature_total_log_power,240,-3.757316497656016,-3.3819820880889893
10,single_feature_total_log_power,241,-3.706887116798988,-3.862909913063049
10,single_feature_total_log_power,242,-3.768515843611497,-3.734532117843628
10,single_feature_total_log_power,243,-3.750101126157321,-3.422891139984131
10,single_feature_total_log_power,244,-3.729373161609357,-3.860697865486145
10,single_feature_total_log_power,245,-3.774776972257174,-3.694119095802307
10,single_feature_total_log_power,246,-3.764603724846473,-3.4017114639282227
10,single_feature_total_log_power,247,-3.7417906797849216,-3.9178096055984497
10,single_feature_total_log_power,248,-3.783853842661931,-3.601263999938965
10,single_feature_total_log_power,249,-3.758406620759231,-3.501532793045044
10,single_feature_total_log_power,250,-3.735877954042875,-3.9408376216888414
10,single_feature_total_log_power,251,-3.761013471163236,-3.768463134765625
10,single_feature_total_log_power,252,-3.7838744016794057,-3.51909077167511
10,single_feature_total_log_power,253,-3.760851181470431,-3.908093452453613
10,single_feature_total_log_power,254,-3.790294353778546,-3.72971773147583
10,single_feature_total_log_power,255,-3.7734814240382266,-3.567430138587952
10,single_feature_total_log_power,256,-3.74856160237239,-3.862891674041748
10,single_feature_total_log_power,257,-3.7937428034268894,-3.731799244880676
10,single_feature_total_log_power,258,-3.7951422471266527,-3.46314537525177
10,single_feature_total_log_power,259,-3.761928705068735,-3.875975489616394
10,single_feature_total_log_power,260,-3.808261981377235,-3.7531898021698
10,single_feature_total_log_power,261,-3.7942863427675686,-3.4004627466201782
10,single_feature_total_log_power,262,-3.76549742772029,-3.8201299905776978
10,single_feature_total_log_power,263,-3.834248616145208,-3.766618251800537
10,single_feature_total_log_power,264,-3.7966951590317946,-3.4268367290496826
10,single_feature_total_log_power,265,-3.7643565764793983,-3.8758503198623657
10,single_feature_total_log_power,266,-3.815678248038658,-3.798564195632935
10,single_feature_total_log_power,267,-3.798278625194843,-3.3284358978271484
10,single_feature_total_log_power,268,-3.755762118559617,-3.8900439739227295
10,single_feature_total_log_power,269,-3.805132003930898,-3.8344686031341553
10,single_feature_total_log_power,270,-3.816485790105967,-3.426619052886963
10,single_feature_total_log_power,271,-3.788298038335947,-3.899913191795349
10,single_feature_total_log_power,272,-3.82076644897461,-3.806228518486023
10,single_feature_total_log_power,273,-3.8084959250230055,-3.500623345375061
10,single_feature_total_log_power,274,-3.759893105580257,-3.9520410299301134
10,single_feature_total_log_power,275,-3.804754000443679,-3.9644113779067993
10,single_feature_total_log_power,276,-3.830296718157255,-3.4598582983016968
10,single_feature_total_log_power,277,-3.785248664709238,-3.885588049888611
10,single_feature_total_log_power,278,-3.8244472466982327,-3.7950539588928223
10,single_feature_total_log_power,279,-3.826931825050941,-3.441212296485901
10,single_feature_total_log_power,280,-3.8008281267606296,-3.8691773414611816
10,single_feature_total_log_power,281,-3.8530553120833178,-3.758058786392212
10,single_feature_total_log_power,282,-3.8306890634390025,-3.5116963386535645
10,single_feature_total_log_power,283,-3.819460850495559,-3.929482936859131
10,single_feature_total_log_power,284,-3.851114438130305,-3.8682644367218018
10,single_feature_total_log_power,285,-3.8626227378845215,-3.490943193435669
10,single_feature_total_log_power,286,-3.840294764592097,-3.978812336921692
10,single_feature_total_log_power,287,-3.871884951224694,-3.8936452865600586
10,single_feature_total_log_power,288,-3.8741784462561975,-3.588670372962952
10,single_feature_total_log_power,289,-3.838381052017212,-4.052413702011108
10,single_feature_total_log_power,290,-3.884779746715839,-3.777759552001953
10,single_feature_total_log_power,291,-3.864584941130418,-3.425792932510376
10,single_feature_total_log_power,292,-3.851771703133216,-3.878920555114746
10,single_feature_total_log_power,293,-3.8721624521108775,-3.8773640394210815
10,single_feature_total_log_power,294,-3.8499949345221887,-3.5453208684921265
10,single_feature_total_log_power,295,-3.8559878239264855,-3.998250961303711
10,single_feature_total_log_power,296,-3.8834053919865537,-3.824508428573608
10,single_feature_total_log_power,297,-3.868719100952149,-3.5274873971939087
10,single_feature_total_log_power,298,-3.8496623772841234,-3.992097139358521
10,single_feature_total_log_power,299,-3.8916351061600905,-3.746296167373657
10,single_feature_total_log_power,300,-3.857250048564031,-3.4605302810668945
10,single_feature_total_log_power,301,-3.865326221172626,-4.069274067878723
10,single_feature_total_log_power,302,-3.898784729150625,-3.712446331977844
10,single_feature_total_log_power,303,-3.869643358083872,-3.630273103713989
10,single_feature_total_log_power,304,-3.86844042631296,-4.045353651046753
10,single_feature_total_log_power,305,-3.889490952858558,-3.843700647354126
10,single_feature_total_log_power,306,-3.869853258132935,-3.4837666749954224
10,single_feature_total_log_power,307,-3.86772894859314,-3.990834951400757
10,single_feature_total_log_power,308,-3.906021998478816,-3.8765909671783447
10,single_feature_total_log_power,309,-3.900150482471173,-3.6413158178329454
10,single_feature_total_log_power,310,-3.87629982141348,-3.933218240737915
10,single_feature_total_log_power,311,-3.919633425199069,-3.858715295791626
10,single_feature_total_log_power,312,-3.910380583543044,-3.6039340496063232
10,single_feature_total_log_power,313,-3.8904922742110033,-4.070152521133423
10,single_feature_total_log_power,314,-3.906581511864296,-3.8862191438674927
10,single_feature_total_log_power,315,-3.917802095413208,-3.502569794654846
10,single_feature_total_log_power,316,-3.878068795570961,-3.920913577079773
10,single_feature_total_log_power,317,-3.9343718015230618,-3.897510528564453
10,single_feature_total_log_power,318,-3.918484871204083,-3.7157509326934814
10,single_feature_total_log_power,319,-3.8835539634411154,-3.912327766418457
10,single_feature_total_log_power,320,-3.937446649257953,-3.820898413658142
10,single_feature_total_log_power,321,-3.9048083195319534,-3.5553640127182007
10,single_feature_total_log_power,322,-3.90346541771522,-3.980897784233093
10,single_feature_total_log_power,323,-3.9316038535191455,-3.877837538719177
10,single_feature_total_log_power,324,-3.931077663715069,-3.6368314027786255
10,single_feature_total_log_power,325,-3.910198009931124,-4.026490569114685
10,single_feature_total_log_power,326,-3.931839906252348,-3.8995500802993774
10,single_feature_total_log_power,327,-3.9177101942209096,-3.605848789215088
10,single_feature_total_log_power,328,-3.908055929037241,-4.037594795227051
10,single_feature_total_log_power,329,-3.9328333047720094,-4.024231672286987
10,single_feature_total_log_power,330,-3.950168701318594,-3.7125452756881714
10,single_feature_total_log_power,331,-3.9156037844144382,-3.917109370231629
10,single_feature_total_log_power,332,-3.924757352242103,-3.839616537094116
10,single_feature_total_log_power,333,-3.939142135473398,-3.6426405906677246
10,single_feature_total_log_power,334,-3.9069876487438497,-4.036777973175049
10,single_feature_total_log_power,335,-3.9288508892059326,-4.050124883651733
10,single_feature_total_log_power,336,-3.959897353098943,-3.58943247795105
10,single_feature_total_log_power,337,-3.916202361767109,-3.894271969795227
10,single_feature_total_log_power,338,-3.964211042110736,-3.78678560256958
10,single_feature_dominant_freq,0,0.078320335310239,-0.2394415363669395
10,single_feature_dominant_freq,1,-0.402669771359517,-0.5430753231048584
10,single_feature_dominant_freq,2,-0.5982166505776919,-0.6711195409297943
10,single_feature_dominant_freq,3,-0.7380036253195542,-0.800712525844574
10,single_feature_dominant_freq,4,-0.8614292740821838,-0.916737735271454
10,single_feature_dominant_freq,5,-0.9784064751404984,-0.9946263432502748
10,single_feature_dominant_freq,6,-1.077663793013646,-1.0815685391426086
10,single_feature_dominant_freq,7,-1.1509172366215632,-1.1076238751411438
10,single_feature_dominant_freq,8,-1.210331339102525,-1.2034068703651428
10,single_feature_dominant_freq,9,-1.2575775109804594,-1.2404868602752686
10,single_feature_dominant_freq,10,-1.3123586086126475,-1.2644377946853638
10,single_feature_dominant_freq,11,-1.336933970451355,-1.301333487033844
10,single_feature_dominant_freq,12,-1.373258443979117,-1.301464319229126
10,single_feature_dominant_freq,13,-1.377039991892301,-1.3223402500152588
10,single_feature_dominant_freq,14,-1.4195180947964008,-1.3831124305725098
10,single_feature_dominant_freq,15,-1.4521664381027222,-1.3790225982666016
10,single_feature_dominant_freq,16,-1.4711466752565825,-1.4104098081588743
10,single_feature_dominant_freq,17,-1.489370034291194,-1.4087430238723757
10,single_feature_dominant_freq,18,-1.5046894000126765,-1.4598554968833923
10,single_feature_dominant_freq,19,-1.5285041148845966,-1.4489994645118711
10,single_feature_dominant_freq,20,-1.5533682933220496,-1.4868724346160889
10,single_feature_dominant_freq,21,-1.56340046112354,-1.4712228775024414
10,single_feature_dominant_freq,22,-1.5857410155809843,-1.5129950642585754
10,single_feature_dominant_freq,23,-1.593780150780311,-1.5685395002365112
10,single_feature_dominant_freq,24,-1.6141099746410663,-1.5517996549606323
10,single_feature_dominant_freq,25,-1.6412355166215162,-1.6055322289466858
10,single_feature_dominant_freq,26,-1.6626064685674815,-1.6104734539985657
10,single_feature_dominant_freq,27,-1.6834214742367084,-1.5967055559158323
10,single_feature_dominant_freq,28,-1.7047576995996327,-1.6394084095954895
10,single_feature_dominant_freq,29,-1.7159753395960882,-1.631725192070007
10,single_feature_dominant_freq,30,-1.7246610109622662,-1.6829265356063845
10,single_feature_dominant_freq,31,-1.7419161613170917,-1.6991243362426758
10,single_feature_dominant_freq,32,-1.7578504452338586,-1.6565251350402832
10,single_feature_dominant_freq,33,-1.7675091395011315,-1.707570195198059
10,single_feature_dominant_freq,34,-1.766614473783053,-1.7063009142875671
10,single_feature_dominant_freq,35,-1.785461114003108,-1.7499054074287417
10,single_feature_dominant_freq,36,-1.7967011103263268,-1.7309669256210327
10,single_feature_dominant_freq,37,-1.8033463863226085,-1.7356958985328674
10,single_feature_dominant_freq,38,-1.81624383192796,-1.7696158289909365
10,single_feature_dominant_freq,39,-1.830354268734272,-1.750773549079895
10,single_feature_dominant_freq,40,-1.829804438811082,-1.723871648311615
10,single_feature_dominant_freq,41,-1.839049715262193,-1.798233985900879
10,single_feature_dominant_freq,42,-1.857538947692284,-1.777377426624298
10,single_feature_dominant_freq,43,-1.847426359470074,-1.789221107959747
10,single_feature_dominant_freq,44,-1.853995891717764,-1.7730727791786194
10,single_feature_dominant_freq,45,-1.8571434662892268,-1.786210298538208
10,single_feature_dominant_freq,46,-1.886148929595948,-1.8002232313156128
10,single_feature_dominant_freq,47,-1.8837231672727144,-1.796947956085205
10,single_feature_dominant_freq,48,-1.8689815081082857,-1.758851945400238
10,single_feature_dominant_freq,49,-1.882129118992732,-1.801851749420166
10,single_feature_dominant_freq,50,-1.897916243626521,-1.8152377605438232
10,single_feature_dominant_freq,51,-1.919995060333839,-1.853675663471222
10,single_feature_dominant_freq,52,-1.922422977594229,-1.837752640247345
10,single_feature_dominant_freq,53,-1.9227911692399244,-1.7830649614334106
10,single_feature_dominant_freq,54,-1.908819657105666,-1.823872685432434
10,single_feature_dominant_freq,55,-1.9332817792892456,-1.8452486991882324
10,single_feature_dominant_freq,56,-1.931000828742981,-1.836729347705841
10,single_feature_dominant_freq,57,-1.9438663445986235,-1.8185583353042605
10,single_feature_dominant_freq,58,-1.9432804676202624,-1.824284195899964
10,single_feature_dominant_freq,59,-1.9231614974828868,-1.8204407691955569
10,single_feature_dominant_freq,60,-1.9494426800654483,-1.862205386161804
10,single_feature_dominant_freq,61,-1.964534071775583,-1.8681776523590088
10,single_feature_dominant_freq,62,-1.9665442246657152,-1.868313789367676
10,single_feature_dominant_freq,63,-1.9641926472003644,-1.8915029764175413
10,single_feature_dominant_freq,64,-1.9772631938640888,-1.8552665710449217
10,single_feature_dominant_freq,65,-1.9784864554038413,-1.8667842745780945
10,single_feature_dominant_freq,66,-1.966631467525776,-1.8328281044960024
10,single_feature_dominant_freq,67,-1.983617635873648,-1.8264899849891665
10,single_feature_dominant_freq,68,-1.98233031309568,-1.856599926948548
10,single_feature_dominant_freq,69,-1.983096168591426,-1.8708863258361816
10,single_feature_dominant_freq,70,-2.0015152601095347,-1.8406762480735777
10,single_feature_dominant_freq,71,-1.9993153260304373,-1.837360143661499
10,single_feature_dominant_freq,72,-2.0018699994454017,-1.8820656538009644
10,single_feature_dominant_freq,73,-1.9921629520562976,-1.8819562196731567
10,single_feature_dominant_freq,74,-1.9905088589741635,-1.868174433708191
10,single_feature_dominant_freq,75,-2.0107638285710263,-1.860917091369629
10,single_feature_dominant_freq,76,-2.010853813244746,-1.852187871932984
10,single_feature_dominant_freq,77,-2.0011361745687632,-1.901294827461243
10,single_feature_dominant_freq,78,-1.998427152633667,-1.8697823882102969
10,single_feature_dominant_freq,79,-2.0039772987365723,-1.849280595779419
10,single_feature_dominant_freq,80,-2.014590070797847,-1.8334721326828003
10,single_feature_dominant_freq,81,-2.0072102821790256,-1.898833453655243
10,single_feature_dominant_freq,82,-2.0160863491205068,-1.8755207657814024
10,single_feature_dominant_freq,83,-2.032649636268616,-1.868981301784516
10,single_feature_dominant_freq,84,-2.0398243940793552,-1.8900980353355408
10,single_feature_dominant_freq,85,-2.042724242577186,-1.8656551241874693
10,single_feature_dominant_freq,86,-2.008139830369216,-1.8562921285629272
10,single_feature_dominant_freq,87,-2.0220170204456034,-1.878603339195252
10,single_feature_dominant_freq,88,-2.041045088034409,-1.8575259447097776
10,single_feature_dominant_freq,89,-2.0314302261059103,-1.786616563796997
10,single_feature_dominant_freq,90,-2.0279991718438954,-1.87375146150589
10,single_feature_dominant_freq,91,-2.045059222441453,-1.9076972007751465
10,single_feature_dominant_freq,92,-2.0591142911177416,-1.865899682044983
10,single_feature_dominant_freq,93,-2.049906382193932,-1.885228991508484
10,single_feature_dominant_freq,94,-2.0480041595605702,-1.9029383063316343
10,single_feature_dominant_freq,95,-2.031812851245587,-1.87526136636734
10,single_feature_dominant_freq,96,-2.0408160319695106,-1.8748515248298645
10,single_feature_dominant_freq,97,-2.0508551322496853,-1.899388551712036
10,single_feature_dominant_freq,98,-2.0765257523610043,-1.8858747482299805
10,single_feature_dominant_freq,99,-2.075532656449538,-1.909697473049164
10,single_feature_dominant_freq,100,-2.066188702216515,-1.900727331638336
10,single_feature_dominant_freq,101,-2.0574768781661987,-1.889478862285614
10,single_feature_dominant_freq,102,-2.070934378183805,-1.9048898816108704
10,single_feature_dominant_freq,103,-2.084835465137775,-1.8701369762420648
10,single_feature_dominant_freq,104,-2.0833839819981503,-1.844773590564728
10,single_feature_dominant_freq,105,-2.0668922387636623,-1.9092588424682613
10,single_feature_dominant_freq,106,-2.075779823156504,-1.8896384835243225
10,single_feature_dominant_freq,107,-2.069183817276588,-1.8646525144577024
10,single_feature_dominant_freq,108,-2.0743383902769823,-1.904921054840088
10,single_feature_dominant_freq,109,-2.09231974528386,-1.898853421211243
10,single_feature_dominant_freq,110,-2.091527223587036,-1.896959125995636
10,single_feature_dominant_freq,111,-2.0947033075185924,-1.9091098308563232
10,single_feature_dominant_freq,112,-2.101192180926984,-1.846103847026825
10,single_feature_dominant_freq,113,-2.0934998438908505,-1.883780539035797
10,single_feature_dominant_freq,114,-2.0877250891465406,-1.872210144996643
10,single_feature_dominant_freq,115,-2.1071107387542725,-1.8722175359725952
10,single_feature_dominant_freq,116,-2.0943262577056885,-1.868432641029358
10,single_feature_dominant_freq,117,-2.078392322246845,-1.882694125175476
10,single_feature_dominant_freq,118,-2.091161452806913,-1.841379702091217
10,single_feature_dominant_freq,119,-2.091410389313331,-1.909102976322174
10,single_feature_dominant_freq,120,-2.100729612203745,-1.897566795349121
10,single_feature_dominant_freq,121,-2.113005308004526,-1.9127687215805047
10,single_feature_dominant_freq,122,-2.1204356230222263,-1.8991153836250303
10,single_feature_dominant_freq,123,-2.09188816180596,-1.8760918974876404
10,single_feature_dominant_freq,124,-2.095626005759606,-1.891231894493103
10,single_feature_dominant_freq,125,-2.0883455459888163,-1.909897923469544
10,single_feature_dominant_freq,126,-2.0767302879920373,-1.900211334228516
10,single_feature_dominant_freq,127,-2.101007975064791,-1.9127213954925537
10,single_feature_dominant_freq,128,-2.1310502932621884,-1.907093107700348
10,single_feature_dominant_freq,129,-2.1265178276942325,-1.9091169238090515
10,single_feature_dominant_freq,130,-2.1271286010742188,-1.8794915676116943
10,single_feature_dominant_freq,131,-2.124892546580388,-1.907235741615296
10,single_feature_dominant_freq,132,-2.127057038820707,-1.9218207597732544
10,single_feature_dominant_freq,133,-2.105358142119188,-1.865760445594788
10,single_feature_dominant_freq,134,-2.1275530411646915,-1.8909173011779783
10,single_feature_dominant_freq,135,-2.131068908251249,-1.89776873588562
10,single_feature_dominant_freq,136,-2.142945858148428,-1.8405116200447085
10,single_feature_dominant_freq,137,-2.1311394067911,-1.894197583198548
10,single_feature_dominant_freq,138,-2.136797464810885,-1.887142539024353
10,single_feature_dominant_freq,139,-2.111004114151001,-1.868299007415772
10,single_feature_dominant_freq,140,-2.14391827583313,-1.8896187543869016
10,single_feature_dominant_freq,141,-2.145158419242272,-1.8753503561019893
10,single_feature_dominant_freq,142,-2.1506046515244703,-1.8824727535247805
10,single_feature_dominant_freq,143,-2.1375008546389065,-1.869734048843384
10,single_feature_dominant_freq,144,-2.139037792499249,-1.895999431610108
10,single_feature_dominant_freq,145,-2.149298411149245,-1.9285422563552856
10,single_feature_dominant_freq,146,-2.14814778474661,-1.9026168584823608
10,single_feature_dominant_freq,147,-2.148233652114868,-1.868640661239624
10,single_feature_dominant_freq,148,-2.1405686415158787,-1.862163782119751
10,single_feature_dominant_freq,149,-2.147631828601544,-1.8856578469276428
10,single_feature_dominant_freq,150,-2.1616231478177586,-1.8850768208503723
10,single_feature_dominant_freq,151,-2.157560183451726,-1.874942660331726
10,single_feature_dominant_freq,152,-2.157042466677152,-1.889141082763672
10,single_feature_dominant_freq,153,-2.1663628908304067,-1.8524655103683472
10,single_feature_dominant_freq,154,-2.138541038219745,-1.9075268507003784
10,single_feature_dominant_freq,155,-2.1603057017693152,-1.854397177696228
10,single_feature_dominant_freq,156,-2.16908860206604,-1.877451479434967
10,single_feature_dominant_freq,157,-2.139337961490338,-1.868204653263092
10,single_feature_dominant_freq,158,-2.1500517955193152,-1.864035606384277
10,single_feature_dominant_freq,159,-2.15356496664194,-1.916204273700714
10,single_feature_dominant_freq,160,-2.163773775100708,-1.9096283912658687
10,single_feature_dominant_freq,161,-2.176450564311101,-1.8281514644622805
10,single_feature_dominant_freq,162,-2.167595569904034,-1.896870851516724
10,single_feature_dominant_freq,163,-2.1831768292647142,-1.867980659008026
10,single_feature_dominant_freq,164,-2.1786279128148007,-1.8665189743041992
10,single_feature_dominant_freq,165,-2.164352875489455,-1.877344191074372
10,single_feature_dominant_freq,166,-2.158695496045626,-1.886147141456604
10,single_feature_dominant_freq,167,-2.187931024111234,-1.850286602973938
10,single_feature_dominant_freq,168,-2.1749275464278,-1.8845301866531368
10,single_feature_dominant_freq,169,-2.200356648518489,-1.8620561361312864
10,single_feature_dominant_freq,170,-2.188435829602755,-1.8659290671348567
10,single_feature_hjorth_mobility,0,0.1247705840147458,-0.1657325401902198
10,single_feature_hjorth_mobility,1,-0.3383788913488388,-0.4645717144012451
10,single_feature_hjorth_mobility,2,-0.5346923699745765,-0.633098304271698
10,single_feature_hjorth_mobility,3,-0.7091699563539945,-0.7703886330127716
10,single_feature_hjorth_mobility,4,-0.8779045022450961,-0.9553036093711852
10,single_feature_hjorth_mobility,5,-1.04298223898961,-1.0635230541229248
10,single_feature_hjorth_mobility,6,-1.1948922597444975,-1.2285562753677368
10,single_feature_hjorth_mobility,7,-1.331611523261437,-1.3701528310775757
10,single_feature_hjorth_mobility,8,-1.4699135285157423,-1.4905502796173096
10,single_feature_hjorth_mobility,9,-1.6217245780504668,-1.648017406463623
10,single_feature_hjorth_mobility,10,-1.7698089617949266,-1.7130403518676758
10,single_feature_hjorth_mobility,11,-1.853416763819181,-1.8922492265701287
10,single_feature_hjorth_mobility,12,-2.0056288792536807,-2.047572612762451
10,single_feature_hjorth_mobility,13,-2.085072966722341,-1.9191457033157349
10,single_feature_hjorth_mobility,14,-2.064063099714426,-2.1099482774734497
10,single_feature_hjorth_mobility,15,-2.2328018775353065,-2.280807375907898
10,single_feature_hjorth_mobility,16,-2.1002398362526526,-2.1974743604660034
10,single_feature_hjorth_mobility,17,-2.243939766517052,-1.9145344495773315
10,single_feature_hjorth_mobility,18,-2.247192190243648,-2.2998584508895874
10,single_feature_hjorth_mobility,19,-2.302809440172636,-2.204850554466248
10,single_feature_hjorth_mobility,20,-2.3274739522200365,-2.179847717285156
10,single_feature_hjorth_mobility,21,-2.351829932286189,-2.4134888648986816
10,single_feature_hjorth_mobility,22,-2.385475653868455,-2.261894702911377
10,single_feature_hjorth_mobility,23,-2.4200087510622463,-2.296748161315918
10,single_feature_hjorth_mobility,24,-2.41747417816749,-2.45722770690918
10,single_feature_hjorth_mobility,25,-2.430941783464872,-2.430126428604126
10,single_feature_hjorth_mobility,26,-2.4652584882882924,-2.2354670763015747
10,single_feature_hjorth_mobility,27,-2.4862875021421,-2.53380024433136
10,single_feature_hjorth_mobility,28,-2.501718521118164,-2.482004284858704
10,single_feature_hjorth_mobility,29,-2.5316892037024865,-2.423987030982971
10,single_feature_hjorth_mobility,30,-2.548942896036001,-2.4426125288009644
10,single_feature_hjorth_mobility,31,-2.571825944460356,-2.5500707626342773
10,single_feature_hjorth_mobility,32,-2.592042427796584,-2.412180066108704
10,single_feature_hjorth_mobility,33,-2.5836524046384373,-2.5506187677383423
10,single_feature_hjorth_mobility,34,-2.639102990810688,-2.5693836212158203
10,single_feature_hjorth_mobility,35,-2.6547935742598314,-2.4423474073410034
10,single_feature_hjorth_mobility,36,-2.6553580944354715,-2.6809399127960205
10,single_feature_hjorth_mobility,37,-2.661961225362925,-2.5950759649276733
10,single_feature_hjorth_mobility,38,-2.681811369382418,-2.419644951820373
10,single_feature_hjorth_mobility,39,-2.688985732885508,-2.673502445220948
10,single_feature_hjorth_mobility,40,-2.712952815569364,-2.5537986755371094
10,single_feature_hjorth_mobility,41,-2.718523979187012,-2.5225048065185547
10,single_feature_hjorth_mobility,42,-2.7138905708606424,-2.7374675273895264
10,single_feature_hjorth_mobility,43,-2.734188813429612,-2.739132285118103
10,single_feature_hjorth_mobility,44,-2.789274307397696,-2.3212010860443115
10,single_feature_hjorth_mobility,45,-2.68901619544396,-2.413542628288269
10,single_feature_hjorth_mobility,46,-2.51737458889301,-2.693738102912903
10,single_feature_hjorth_mobility,47,-2.820858350166908,-2.7372196912765503
10,single_feature_hjorth_mobility,48,-2.8306717689220724,-2.7743881940841675
10,single_feature_hjorth_mobility,49,-2.8811570681058445,-2.810098648071289
10,single_feature_hjorth_mobility,50,-2.927822058017437,-2.8658729791641235
10,single_feature_hjorth_mobility,51,-2.951427349677453,-2.794402599334717
10,single_feature_hjorth_mobility,52,-2.961440214743981,-2.8779070377349854
10,single_feature_hjorth_mobility,53,-2.986654336635883,-2.824461340904236
10,single_feature_hjorth_mobility,54,-2.9679618065173807,-2.869401693344116
10,single_feature_hjorth_mobility,55,-2.988173759900606,-2.7119178771972656
10,single_feature_hjorth_mobility,56,-2.891103817866399,-2.843329906463623
10,single_feature_hjorth_mobility,57,-2.908931016921997,-2.7132697105407715
10,single_feature_hjorth_mobility,58,-2.9039851885575514,-2.6037325859069824
10,single_feature_hjorth_mobility,59,-2.9228715896606445,-2.882066011428833
10,single_feature_hjorth_mobility,60,-2.8900037912222056,-2.9368839263916016
10,single_feature_hjorth_mobility,61,-3.024589483554547,-2.888630151748657
10,single_feature_hjorth_mobility,62,-3.049527058234581,-2.8902664184570312
10,single_feature_hjorth_mobility,63,-3.062476561619685,-2.889721870422364
10,single_feature_hjorth_mobility,64,-3.030394113980807,-2.84485387802124
10,single_feature_hjorth_mobility,65,-2.921993127236,-2.9297144412994385
10,single_feature_hjorth_mobility,66,-2.997444464610173,-2.745601892471313
10,single_feature_hjorth_mobility,67,-2.706563271009005,-2.972955107688904
10,single_feature_hjorth_mobility,68,-2.7814587079561672,-2.7414495944976807
10,single_feature_hjorth_mobility,69,-2.924863466849694,-2.7801350355148315
10,single_feature_hjorth_mobility,70,-2.99230773632343,-2.743080973625183
10,single_feature_hjorth_mobility,71,-3.010579952826866,-3.0423176288604736
10,single_feature_hjorth_mobility,72,-3.119780888924232,-2.798472762107849
10,single_feature_hjorth_mobility,73,-2.8647013077369103,-2.9672298431396484
10,single_feature_hjorth_mobility,74,-3.017310325915997,-2.801129937171936
10,single_feature_hjorth_mobility,75,-3.0115902607257548,-2.7337141036987305
10,single_feature_hjorth_mobility,76,-3.041659190104558,-2.943403482437134
10,single_feature_hjorth_mobility,77,-3.064195467875554,-2.9298255443573
10,single_feature_hjorth_mobility,78,-3.064856657615074,-2.821981191635132
10,single_feature_hjorth_mobility,79,-3.052748441696167,-2.9540637731552124
10,single_feature_hjorth_mobility,80,-3.091865337811984,-2.874785661697388
10,single_feature_hjorth_mobility,81,-3.046852625333346,-2.898056030273437
10,single_feature_hjorth_mobility,82,-3.0725765778468204,-2.945606708526612
10,single_feature_hjorth_mobility,83,-3.081967940697304,-2.9585533142089844
10,single_feature_hjorth_mobility,84,-3.09330309354342,-2.8426915407180786
10,single_feature_hjorth_mobility,85,-3.080048212638268,-2.9769041538238525
10,single_feature_hjorth_mobility,86,-3.10300139280466,-2.997107148170471
10,single_feature_hjorth_mobility,87,-3.093979762150691,-2.9115805625915527
10,single_feature_hjorth_mobility,88,-3.112289208632249,-3.0268802642822266
10,single_feature_hjorth_mobility,89,-3.1105651488670936,-2.9495221376419067
10,single_feature_hjorth_mobility,90,-3.119539150824913,-2.8851386308670044
10,single_feature_hjorth_mobility,91,-3.1091697216033936,-3.052442669868469
10,single_feature_hjorth_mobility,92,-3.206382604745718,-2.929690003395081
10,single_feature_hjorth_mobility,93,-3.1793569968296933,-3.04633903503418
10,single_feature_hjorth_mobility,94,-3.160187867971567,-2.627764821052552
10,single_feature_hjorth_mobility,95,-3.0924170384040246,-3.078140139579773
10,single_feature_hjorth_mobility,96,-3.1658211671389065,-2.7912368774414062
10,single_feature_hjorth_mobility,97,-3.107630491256714,-3.043697595596313
10,single_feature_hjorth_mobility,98,-3.149191012749305,-3.002703070640564
10,single_feature_hjorth_mobility,99,-3.1597484075106106,-2.9055631160736084
10,single_feature_hjorth_mobility,100,-3.1549022014324484,-3.0344430208206177
10,single_feature_hjorth_mobility,101,-3.167492554737972,-2.982846975326538
10,single_feature_hjorth_mobility,102,-3.159512299757737,-2.9360021352767944
10,single_feature_hjorth_mobility,103,-3.153276718579806,-2.955968379974365
10,single_feature_hjorth_mobility,104,-3.188710781244131,-2.959423065185547
10,single_feature_hjorth_mobility,105,-3.1646120915046105,-2.930926322937012
10,single_feature_hjorth_mobility,106,-3.173577510393583,-3.0590178966522217
10,single_feature_hjorth_mobility,107,-3.196105095056387,-3.0353282690048218
10,single_feature_hjorth_mobility,108,-3.197759298177866,-2.919710278511048
10,single_feature_hjorth_mobility,109,-3.1767621407142053,-3.142114520072937
10,single_feature_hjorth_mobility,110,-3.2108104962569017,-2.992385983467102
10,single_feature_hjorth_mobility,111,-3.1674712071051965,-2.8558008670806885
10,single_feature_hjorth_mobility,112,-3.198260655769935,-3.1500444412231445
10,single_feature_hjorth_mobility,113,-3.1630133665525,-3.141690731048584
10,single_feature_hjorth_mobility,114,-3.20364392720736,-2.9153594970703125
10,single_feature_hjorth_mobility,115,-3.190218338599572,-3.109607696533203
10,single_feature_hjorth_mobility,116,-3.225069669576792,-3.065548181533813
10,single_feature_hjorth_mobility,117,-3.216076447413518,-3.011675715446472
10,single_feature_hjorth_mobility,118,-3.224223155241746,-3.1050095558166504
10,single_feature_hjorth_mobility,119,-3.2390937988574686,-3.14005708694458
10,single_feature_hjorth_mobility,120,-3.220108362344595,-2.993837356567383
10,single_feature_hjorth_mobility,121,-3.213681826224694,-3.0639833211898804
10,single_feature_hjorth_mobility,122,-3.245232600432176,-3.0855202674865723
10,single_feature_hjorth_mobility,123,-3.2277039197775035,-2.9828600883483887
10,single_feature_hjorth_mobility,124,-3.2405510315528283,-3.1407251358032227
10,single_feature_hjorth_mobility,125,-3.220776227804331,-3.1422927379608154
10,single_feature_hjorth_mobility,126,-3.2683941217569203,-3.137361764907837
10,single_feature_hjorth_mobility,127,-3.317931431990403,-3.1244096755981445
10,single_feature_hjorth_mobility,128,-3.227378936914297,-3.1116068363189697
10,single_feature_hjorth_mobility,129,-3.2445479539724498,-2.976921558380127
10,single_feature_hjorth_mobility,130,-3.2415765799008884,-3.1112923622131348
10,single_feature_hjorth_mobility,131,-3.2450822500082164,-3.135848045349121
10,single_feature_hjorth_mobility,132,-3.2853682041168213,-3.124079942703247
10,single_feature_hjorth_mobility,133,-3.280935856012197,-3.0911670923233032
10,single_feature_hjorth_mobility,134,-3.251027400677021,-3.0751378536224365
10,single_feature_hjorth_mobility,135,-3.2583424861614523,-3.078151822090149
10,single_feature_hjorth_mobility,136,-3.2926349273094764,-3.073237419128418
10,single_feature_hjorth_mobility,137,-3.2889083532186656,-3.02173388004303
10,single_feature_hjorth_complexity,0,0.1273764425602097,-0.1323881261050701
10,single_feature_hjorth_complexity,1,-0.3067354685985125,-0.430761843919754
10,single_feature_hjorth_complexity,2,-0.4935935047956613,-0.5538049042224884
10,single_feature_hjorth_complexity,3,-0.6224723183191739,-0.688348650932312
10,single_feature_hjorth_complexity,4,-0.7567806014647851,-0.831166535615921
10,single_feature_hjorth_complexity,5,-0.9032870806180514,-0.9973135590553284
10,single_feature_hjorth_complexity,6,-1.065461617249709,-1.1129886507987976
10,single_feature_hjorth_complexity,7,-1.192906746497521,-1.249603033065796
10,single_feature_hjorth_complexity,8,-1.3296020672871516,-1.391367256641388
10,single_feature_hjorth_complexity,9,-1.4829049477210412,-1.5196596384048462
10,single_feature_hjorth_complexity,10,-1.6042831494258,-1.5804693698883057
10,single_feature_hjorth_complexity,11,-1.717452076765207,-1.726637065410614
10,single_feature_hjorth_complexity,12,-1.799072999220628,-1.780507206916809
10,single_feature_hjorth_complexity,13,-1.8165032313420224,-1.7741196751594543
10,single_feature_hjorth_complexity,14,-1.900273873255803,-1.890635073184967
10,single_feature_hjorth_complexity,15,-1.911277514237624,-1.8198841214179995
10,single_feature_hjorth_complexity,16,-1.9419483313193688,-1.9574529528617857
10,single_feature_hjorth_complexity,17,-2.045641605670636,-1.979030966758728
10,single_feature_hjorth_complexity,18,-2.0626680850982666,-2.067819833755493
10,single_feature_hjorth_complexity,19,-2.1042850200946512,-1.9462682008743288
10,single_feature_hjorth_complexity,20,-2.124364155989426,-2.121250987052917
10,single_feature_hjorth_complexity,21,-2.2092539347135105,-2.1615912914276123
10,single_feature_hjorth_complexity,22,-2.212190187894381,-2.1122517585754395
10,single_feature_hjorth_complexity,23,-2.19677604161776,-2.1035168170928955
10,single_feature_hjorth_complexity,24,-2.1767084231743445,-2.182035684585572
10,single_feature_hjorth_complexity,25,-2.208738712164072,-2.167543411254883
10,single_feature_hjorth_complexity,26,-2.224687466254601,-2.0276095867156982
10,single_feature_hjorth_complexity,27,-2.2486009230980506,-2.2108174562454224
10,single_feature_hjorth_complexity,28,-2.248017054337722,-2.1826722621917725
10,single_feature_hjorth_complexity,29,-2.2527174032651462,-2.11517345905304
10,single_feature_hjorth_complexity,30,-2.2713762796842136,-2.2445640563964844
10,single_feature_hjorth_complexity,31,-2.294138816686777,-2.230699896812439
10,single_feature_hjorth_complexity,32,-2.3115052626683164,-2.210996150970459
10,single_feature_hjorth_complexity,33,-2.318673812426053,-2.2976382970809937
10,single_feature_hjorth_complexity,34,-2.3461581743680515,-2.269971966743469
10,single_feature_hjorth_complexity,35,-2.333502769470215,-2.159379720687866
10,single_feature_hjorth_complexity,36,-2.3376790376809926,-2.317471146583557
10,single_feature_hjorth_complexity,37,-2.362133209521954,-2.272701382637024
10,single_feature_hjorth_complexity,38,-2.37762084374061,-2.160559058189392
10,single_feature_hjorth_complexity,39,-2.3966507728283224,-2.3697669506073
10,single_feature_hjorth_complexity,40,-2.3969434041243334,-2.220304489135742
10,single_feature_hjorth_complexity,41,-2.37863879937392,-2.2810890674591064
10,single_feature_hjorth_complexity,42,-2.428956692035382,-2.389748334884644
10,single_feature_hjorth_complexity,43,-2.4854411712059608,-2.368982434272766
10,single_feature_hjorth_complexity,44,-2.47253601367657,-2.359472751617432
10,single_feature_hjorth_complexity,45,-2.4536699698521542,-2.3841880559921265
10,single_feature_hjorth_complexity,46,-2.488375480358417,-2.4533029794693
10,single_feature_hjorth_complexity,47,-2.522689819335937,-2.349232316017151
10,single_feature_hjorth_complexity,48,-2.54786020058852,-2.468745946884156
10,single_feature_hjorth_complexity,49,-2.5364455443162184,-2.4923404455184937
10,single_feature_hjorth_complexity,50,-2.48185684130742,-2.4312928915023804
10,single_feature_hjorth_complexity,51,-2.513966670403114,-2.3700220584869385
10,single_feature_hjorth_complexity,52,-2.490995021966788,-2.47082257270813
10,single_feature_hjorth_complexity,53,-2.5257688485659084,-2.474377393722534
10,single_feature_hjorth_complexity,54,-2.5541950372549205,-2.337103486061096
10,single_feature_hjorth_complexity,55,-2.5480749790485087,-2.483351707458496
10,single_feature_hjorth_complexity,56,-2.573099264731774,-2.4533787965774536
10,single_feature_hjorth_complexity,57,-2.554182859567496,-2.498886227607727
10,single_feature_hjorth_complexity,58,-2.6122908775623026,-2.465512633323669
10,single_feature_hjorth_complexity,59,-2.6006281009087195,-2.3913105726242065
10,single_feature_hjorth_complexity,60,-2.5174932846656213,-2.3276684284210205
10,single_feature_hjorth_complexity,61,-2.604604611029992,-2.4877769947052
10,single_feature_hjorth_complexity,62,-2.585958755933321,-2.446157932281494
10,single_feature_hjorth_complexity,63,-2.581835783444918,-2.453662633895874
10,single_feature_hjorth_complexity,64,-2.5697843661675086,-2.4024291038513184
10,single_feature_hjorth_complexity,65,-2.5931711747096133,-2.5681397914886475
10,single_feature_hjorth_complexity,66,-2.6394722094902625,-2.539741635322571
10,single_feature_hjorth_complexity,67,-2.6770791090451755,-2.5251407623291016
10,single_feature_hjorth_complexity,68,-2.6805124282836914,-2.518087863922119
10,single_feature_hjorth_complexity,69,-2.68095640035776,-2.4923791885375977
10,single_feature_hjorth_complexity,70,-2.681013033940242,-2.556398868560791
10,single_feature_hjorth_complexity,71,-2.6852899147914004,-2.550410270690918
10,single_feature_hjorth_complexity,72,-2.6701291524446926,-2.5780510902404785
10,single_feature_hjorth_complexity,73,-2.6957505482893724,-2.6064696311950684
10,single_feature_hjorth_complexity,74,-2.6990626408503604,-2.6078312397003174
10,single_feature_hjorth_complexity,75,-2.7131539491506724,-2.596361517906189
10,single_feature_hjorth_complexity,76,-2.7013220603649435,-2.5095027685165405
10,single_feature_hjorth_complexity,77,-2.7033763848818264,-2.5747644901275635
10,single_feature_hjorth_complexity,78,-2.7338456007150502,-2.629650592803955
10,single_feature_hjorth_complexity,79,-2.736484509248,-2.573263645172119
10,single_feature_hjorth_complexity,80,-2.754520452939547,-2.5639967918396
10,single_feature_hjorth_complexity,81,-2.6421249279609094,-2.535316705703736
10,single_feature_hjorth_complexity,82,-2.677744516959557,-2.613852381706238
10,single_feature_hjorth_complexity,83,-2.7073073387146,-2.4890294075012207
10,single_feature_hjorth_complexity,84,-2.68472251525292,-2.4690921306610107
10,single_feature_hjorth_complexity,85,-2.700133892206045,-2.629405617713928
10,single_feature_hjorth_complexity,86,-2.7004983608539286,-2.5957958698272705
10,single_feature_hjorth_complexity,87,-2.7057465406564565,-2.4704800844192505
10,single_feature_hjorth_complexity,88,-2.723876843085656,-2.6411885023117065
10,single_feature_hjorth_complexity,89,-2.7047408544100247,-2.483930230140686
10,single_feature_hjorth_complexity,90,-2.7240885404440074,-2.596425175666809
10,single_feature_hjorth_complexity,91,-2.762314264590924,-2.6169713735580444
10,single_feature_hjorth_complexity,92,-2.770278252088106,-2.639529824256897
10,single_feature_hjorth_complexity,93,-2.772400562579816,-2.564868927001953
10,single_feature_hjorth_complexity,94,-2.7844421496758094,-2.633798360824585
10,single_feature_hjorth_complexity,95,-2.7921548256507287,-2.539494752883911
10,single_feature_hjorth_complexity,96,-2.792814254760742,-2.628334403038025
10,single_feature_hjorth_complexity,97,-2.807551549031184,-2.625542402267456
10,single_feature_hjorth_complexity,98,-2.7541906466850867,-2.4987096786499023
10,single_feature_hjorth_complexity,99,-2.709748396506676,-2.5386117696762085
10,single_feature_hjorth_complexity,100,-2.734011613405668,-2.662788152694702
10,single_feature_hjorth_complexity,101,-2.7610555428725023,-2.577609419822693
10,single_feature_hjorth_complexity,102,-2.755969377664419,-2.5312247276306152
10,single_feature_hjorth_complexity,103,-2.7466757664313683,-2.5697317123413086
10,single_feature_hjorth_complexity,104,-2.7661438171680155,-2.6047393083572388
10,single_feature_hjorth_complexity,105,-2.772588473099929,-2.5858585834503174
10,single_feature_hjorth_complexity,106,-2.7701097451723538,-2.665475964546204
10,single_feature_hjorth_complexity,107,-2.7868571281433105,-2.634941816329956
10,single_feature_hjorth_complexity,108,-2.785290736418504,-2.614200472831726
10,single_feature_hjorth_complexity,109,-2.8531363010406494,-2.678267478942871
10,single_feature_hjorth_complexity,110,-2.807468194227952,-2.6356358528137207
10,single_feature_hjorth_complexity,111,-2.818635316995474,-2.705713152885437
10,single_feature_hjorth_complexity,112,-2.843564950502836,-2.66040575504303
10,single_feature_hjorth_complexity,113,-2.796911753140963,-2.479368209838867
10,single_feature_hjorth_complexity,114,-2.773372044930092,-2.680723071098328
10,single_feature_hjorth_complexity,115,-2.832982815228976,-2.699297070503235
10,single_feature_hjorth_complexity,116,-2.8600300825559177,-2.6311997175216675
10,single_feature_hjorth_complexity,117,-2.8483255092914286,-2.6212947368621826
10,single_feature_hjorth_complexity,118,-2.854005373441256,-2.6527040004730225
10,single_feature_hjorth_complexity,119,-2.8251295273120585,-2.612186908721924
10,single_feature_hjorth_complexity,120,-2.829586836007925,-2.5657944679260254
10,single_feature_hjorth_complexity,121,-2.7996885042924147,-2.626116991043091
10,single_feature_hjorth_complexity,122,-2.8541084619668813,-2.632112979888916
10,single_feature_hjorth_complexity,123,-2.7548375129699707,-2.572824716567993
10,single_feature_hjorth_complexity,124,-2.81354414499723,-2.6756261587142944
10,single_feature_hjorth_complexity,125,-2.878109803566566,-2.6731921434402466
10,single_feature_hjorth_complexity,126,-2.884502190809984,-2.720045804977417
10,single_feature_hjorth_complexity,127,-2.8162865455334005,-2.639492988586426
10,single_feature_hjorth_complexity,128,-2.804091215133667,-2.6097599267959595
10,single_feature_hjorth_complexity,129,-2.829290720132681,-2.7456576824188232
10,single_feature_hjorth_complexity,130,-2.8940554765554576,-2.6886857748031616
10,single_feature_hjorth_complexity,131,-2.89508711374723,-2.679978966712952
10,single_feature_hjorth_complexity,132,-2.8956544949458194,-2.709114789962769
10,single_feature_hjorth_complexity,133,-2.898690865590022,-2.774486303329468
10,single_feature_hjorth_complexity,134,-2.908835557790903,-2.6853233575820923
10,single_feature_hjorth_complexity,135,-2.910489394114568,-2.7046619653701782
10,single_feature_hjorth_complexity,136,-2.89867901802063,-2.716646790504456
10,single_feature_hjorth_complexity,137,-2.9122940393594594,-2.6950523853302
10,single_feature_hjorth_complexity,138,-2.9177061227651744,-2.688741445541382
10,single_feature_hjorth_complexity,139,-2.888778154666608,-2.68121600151062
10,single_feature_hjorth_complexity,140,-2.88803951556866,-2.7397507429122925
10,single_feature_hjorth_complexity,141,-2.917945458338811,-2.73298716545105
10,single_feature_hjorth_complexity,142,-2.8907361030578613,-2.673642158508301
10,single_feature_hjorth_complexity,143,-2.912024131188026,-2.7389864921569824
10,single_feature_hjorth_complexity,144,-2.9104554653167725,-2.699693441390991
10,single_feature_hjorth_complexity,145,-2.9111179388486423,-2.7020543813705444
10,single_feature_hjorth_complexity,146,-2.93133570597722,-2.7044931650161743
10,single_feature_hjorth_complexity,147,-2.9252021862910342,-2.705681324005127
10,single_feature_hjorth_complexity,148,-2.9387333393096924,-2.678195834159851
10,single_feature_hjorth_complexity,149,-2.8874551149515004,-2.664139986038208
10,single_feature_hjorth_complexity,150,-2.932023488558256,-2.6477009057998657
10,single_feature_hjorth_complexity,151,-2.907973344509418,-2.676025629043579
10,single_feature_hjorth_complexity,152,-2.9075580560244045,-2.640981912612915
10,single_feature_hjorth_complexity,153,-2.910802419369037,-2.717174172401428
10,single_feature_hjorth_complexity,154,-2.915546875733596,-2.745381474494934
10,single_feature_hjorth_complexity,155,-2.9269019090212307,-2.712643384933472
10,single_feature_hjorth_complexity,156,-2.941848993301392,-2.7245556116104126
10,single_feature_hjorth_complexity,157,-2.946357855430016,-2.726796865463257
10,single_feature_hjorth_complexity,158,-2.869554923130916,-2.634467959403992
15,masked_npe,0,0.0942738968162582,-0.1571159064769745
15,masked_npe,1,-0.2738009691238403,-0.3725660741329193
15,masked_npe,2,-0.4901890617150526,-0.5918798446655273
15,masked_npe,3,-0.6755610200075003,-0.7489416599273682
15,masked_npe,4,-0.8452045367314265,-0.940540611743927
15,masked_npe,5,-0.9982829689979552,-1.0504829287528992
15,masked_npe,6,-1.131137857070336,-1.230642020702362
15,masked_npe,7,-1.2740813126930823,-1.3363347053527832
15,masked_npe,8,-1.364404219847459,-1.4448795914649963
15,masked_npe,9,-1.5114254676378691,-1.5976276397705078
15,masked_npe,10,-1.5796256707264826,-1.6264994144439695
15,masked_npe,11,-1.6387459589884832,-1.6891981363296509
15,masked_npe,12,-1.7237204588376558,-1.7741607427597046
15,masked_npe,13,-1.7631535163292518,-1.8480786085128784
15,masked_npe,14,-1.8644252740419829,-1.892036259174347
15,masked_npe,15,-1.866098073812632,-1.939425766468048
15,masked_npe,16,-1.912092979137714,-1.9918475151062007
15,masked_npe,17,-2.021939892035264,-2.052976131439209
15,masked_npe,18,-2.013174763092628,-2.1297768354415894
15,masked_npe,19,-2.095745270068829,-2.152087569236756
15,masked_npe,20,-2.1394275701962986,-2.20395827293396
15,masked_npe,21,-2.1905913536365214,-2.011370897293091
15,masked_npe,22,-2.168763857621413,-2.2583667039871216
15,masked_npe,23,-2.2515575885772705,-2.2310880422592163
15,masked_npe,24,-2.20932307610145,-2.340814113616944
15,masked_npe,25,-2.3048962079561672,-2.408192992210388
15,masked_npe,26,-2.349854964476365,-2.3739742040634155
15,masked_npe,27,-2.359608815266536,-2.3838419914245605
15,masked_npe,28,-2.3969757923713098,-2.417619824409485
15,masked_npe,29,-2.3990211486816406,-2.3807703256607056
15,masked_npe,30,-2.393440319941594,-2.4344873428344727
15,masked_npe,31,-2.48663121003371,-2.506910562515259
15,masked_npe,32,-2.551407245489268,-2.520968675613404
15,masked_npe,33,-2.6131525956667385,-2.659810781478882
15,masked_npe,34,-2.6230533306415262,-2.5657060146331787
15,masked_npe,35,-2.596230286818284,-2.6774110794067383
15,masked_npe,36,-2.632467178198008,-2.583795666694641
15,masked_npe,37,-2.663080545572134,-2.6970701217651367
15,masked_npe,38,-2.669545081945566,-2.632783532142639
15,masked_npe,39,-2.647200657771184,-2.7402615547180176
15,masked_npe,40,-2.7536489963531494,-2.844561219215393
15,masked_npe,41,-2.708122675235455,-2.62378478050232
15,masked_npe,42,-2.700465752528264,-2.661259174346924
15,masked_npe,43,-2.785554812504695,-2.6429489850997925
15,masked_npe,44,-2.7110280440403867,-2.767295837402344
15,masked_npe,45,-2.768746742835412,-2.7321908473968506
15,masked_npe,46,-2.795939023678119,-2.933383345603943
15,masked_npe,47,-2.8546109199523926,-2.947320580482483
15,masked_npe,48,-2.9440334943624644,-2.880821228027344
15,masked_npe,49,-2.90698111974276,-2.947857618331909
15,masked_npe,50,-2.97239846449632,-2.8926321268081665
15,masked_npe,51,-2.966075787177453,-2.990811467170716
15,masked_npe,52,-2.9381691492520847,-2.98468279838562
15,masked_npe,53,-2.927610672437228,-3.006393074989319
15,masked_npe,54,-2.966190008016733,-3.0068628787994385
15,masked_npe,55,-2.90530303808359,-2.892327308654785
15,masked_npe,56,-2.9664478668799767,-3.091755032539368
15,masked_npe,57,-3.031930391605084,-3.0832849740982056
15,masked_npe,58,-3.080367876933172,-2.999335169792176
15,masked_npe,59,-3.026175884100107,-3.127206802368164
15,masked_npe,60,-2.982766738304725,-3.1183990240097046
15,masked_npe,61,-3.088498060519879,-2.8873153924942017
15,masked_npe,62,-2.9653540757986216,-3.2134896516799927
15,masked_npe,63,-3.1936929592719445,-3.215350031852722
15,masked_npe,64,-3.0951213469872108,-3.221405386924744
15,masked_npe,65,-3.1047445443960338,-3.112096428871155
15,masked_npe,66,-3.1966382356790395,-3.1530823707580566
15,masked_npe,67,-3.188028243871836,-3.1824100017547607
15,masked_npe,68,-3.2614847329946666,-3.17929482460022
15,masked_npe,69,-3.2644659739274244,-3.3100823163986206
15,masked_npe,70,-3.2782525282639723,-3.3894593715667725
15,masked_npe,71,-3.308711877236,-3.286693572998047
15,masked_npe,72,-3.2400307471935568,-3.138982057571411
15,masked_npe,73,-3.225665422586294,-3.2101144790649414
15,masked_npe,74,-3.196597484441904,-3.428344249725342
15,masked_npe,75,-3.2587686685415416,-3.278821349143982
15,masked_npe,76,-3.2662981290083666,-3.224843621253968
15,masked_npe,77,-3.214005085138174,-3.1777329444885254
15,masked_npe,78,-3.3173055832202616,-3.288705587387085
15,masked_npe,79,-3.356441222704374,-3.269615888595581
15,masked_npe,80,-3.257771308605488,-3.3979748487472534
15,masked_npe,81,-3.242509310062115,-3.286394596099853
15,masked_npe,82,-3.400015665934636,-3.3993172645568848
15,masked_npe,83,-3.453993613903339,-3.475901961326599
15,masked_npe,84,-3.471988146121685,-3.218708038330078
15,masked_npe,85,-3.3913329197810245,-3.317888021469116
15,masked_npe,86,-3.389302510481614,-3.5805001258850098
15,masked_npe,87,-3.526460757622352,-3.428963541984558
15,masked_npe,88,-3.4180829524993896,-3.4454805850982666
15,masked_npe,89,-3.5197493846599874,-3.5160789489746094
15,masked_npe,90,-3.524106447513287,-3.468406796455384
15,masked_npe,91,-3.4931570566617527,-3.4879027605056763
15,masked_npe,92,-3.466023701887864,-3.404115676879883
15,masked_npe,93,-3.5058063910557675,-3.4613116979599
15,masked_npe,94,-3.529519778031569,-3.734400510787964
15,masked_npe,95,-3.651877256540152,-3.652036070823669
15,masked_npe,96,-3.658031151844905,-3.572314739227295
15,masked_npe,97,-3.549846098973201,-3.6228082180023193
15,masked_npe,98,-3.583503558085515,-3.768202066421509
15,masked_npe,99,-3.5206340643075795,-3.470888614654541
15,masked_npe,100,-3.51711865571829,-3.731653571128845
15,masked_npe,101,-3.697359855358417,-3.547044038772583
15,masked_npe,102,-3.6490330329308143,-3.930063486099243
15,masked_npe,103,-3.484337953420786,-3.622931838035584
15,masked_npe,104,-3.6297705356891337,-3.670005440711975
15,masked_npe,105,-3.72247000840994,-3.621933460235596
15,masked_npe,106,-3.6888374365293055,-3.7874834537506095
15,masked_npe,107,-3.808791307302622,-3.8204349279403687
15,masked_npe,108,-3.821628533876859,-3.598566770553589
15,masked_npe,109,-3.716361174216637,-3.8766952753067017
15,masked_npe,110,-3.8313327569227953,-3.8526105880737305
15,masked_npe,111,-3.756713170271653,-3.7884328365325928
15,masked_npe,112,-3.6281835849468527,-3.809242486953736
15,masked_npe,113,-3.843031864899856,-3.883674025535584
15,masked_npe,114,-3.8889315678523135,-3.919177174568176
15,masked_npe,115,-3.7135225992936354,-3.7527170181274414
15,masked_npe,116,-3.808716737307035,-3.967295527458191
15,masked_npe,117,-3.7901636820573072,-3.6948529481887817
15,masked_npe,118,-3.85571943796598,-3.933862328529358
15,masked_npe,119,-3.74095265681927,-3.94278335571289
15,masked_npe,120,-3.789189888880803,-3.859992504119873
15,masked_npe,121,-3.8547149621523342,-3.8402799367904654
15,masked_npe,122,-3.903440603843102,-3.769158124923706
15,masked_npe,123,-3.867494363051194,-3.639205455780029
15,masked_npe,124,-3.792499835674579,-3.969683170318604
15,masked_npe,125,-3.906013268690842,-3.797288775444031
15,masked_npe,126,-3.8120048963106594,-3.805536389350891
15,masked_npe,127,-3.9155448950254,-4.025936603546143
15,masked_npe,128,-3.984999730036809,-3.713470458984375
15,masked_npe,129,-3.892439860564012,-3.9708197116851807
15,masked_npe,130,-3.830505811251127,-3.419580578804016
15,masked_npe,131,-3.807603414242084,-3.904048800468445
15,masked_npe,132,-3.899527531403762,-3.9690487384796143
15,masked_npe,133,-3.914778709411621,-3.868647456169128
15,masked_npe,134,-3.991184197939359,-3.9295672178268433
15,masked_npe,135,-3.961234679588905,-4.031741619110107
15,masked_npe,136,-3.971867469640879,-3.937040090560913
15,masked_npe,137,-4.001035121771006,-4.037343740463257
15,masked_npe,138,-4.028589230317336,-3.942687749862671
15,masked_npe,139,-4.032796162825364,-3.880903363227844
15,masked_npe,140,-4.016759817416851,-3.919858455657959
15,masked_npe,141,-4.0317849195920505,-4.042152285575867
15,masked_npe,142,-4.125489601722131,-4.002242207527161
15,masked_npe,143,-3.978371638518113,-3.685984969139099
15,masked_npe,144,-3.888369817000169,-4.079921364784241
15,masked_npe,145,-4.065615598972027,-3.953586220741272
15,masked_npe,146,-3.9883241653442383,-4.096731424331665
15,masked_npe,147,-3.9735731528355527,-4.046396493911743
15,masked_npe,148,-4.05861236498906,-3.968481540679932
15,masked_npe,149,-4.027146797913772,-4.058893203735352
15,masked_npe,150,-4.000377178192139,-4.149548292160034
15,masked_npe,151,-4.043070554733276,-4.235955715179443
15,masked_npe,152,-4.047301824276264,-4.081295371055603
15,masked_npe,153,-4.07240970318134,-3.905942440032959
15,masked_npe,154,-3.9418313136467567,-3.9761033058166495
15,masked_npe,155,-4.070779140178974,-4.040185213088989
15,masked_npe,156,-4.086941517316378,-4.113675117492676
15,masked_npe,157,-4.061474268253033,-4.10567045211792
15,masked_npe,158,-4.093801956910354,-4.147919178009033
15,masked_npe,159,-4.117554848010723,-4.160954236984253
15,masked_npe,160,-4.187003502478967,-4.194321393966675
15,masked_npe,161,-4.032104272108811,-3.989439249038696
15,masked_npe,162,-3.95505296266996,-4.025214195251465
15,masked_npe,163,-4.127119522828322,-4.25721549987793
15,masked_npe,164,-4.165922036537757,-4.315943002700806
15,masked_npe,165,-4.2398792046767015,-4.22971773147583
15,masked_npe,166,-4.146239574138935,-4.16339647769928
15,masked_npe,167,-4.116329669952393,-4.244883298873901
15,masked_npe,168,-4.161956603710468,-4.2547242641448975
15,masked_npe,169,-4.178461918464074,-4.267216444015503
15,masked_npe,170,-4.201168757218581,-4.0782790184021
15,masked_npe,171,-4.212315816145677,-4.256637334823608
15,masked_npe,172,-4.2330173162313605,-4.116501092910767
15,masked_npe,173,-4.1058900723090535,-4.148212909698486
15,masked_npe,174,-4.244374678685115,-4.152419090270996
15,masked_npe,175,-4.051479302919828,-4.130119562149048
15,masked_npe,176,-4.202421793570886,-4.211766839027405
15,masked_npe,177,-4.227707697794988,-4.270541906356812
15,masked_npe,178,-4.221375905550444,-4.042019248008728
15,masked_npe,179,-4.054230800041785,-4.395755767822266
15,masked_npe,180,-4.217002648573655,-4.284128665924072
15,masked_npe,181,-4.226479860452505,-4.433242559432983
15,masked_npe,182,-4.232285169454721,-4.34744930267334
15,masked_npe,183,-4.284229865440955,-3.965986490249634
15,masked_npe,184,-4.197837884609516,-4.251440048217773
15,masked_npe,185,-4.184183505865244,-4.162813901901245
15,masked_npe,186,-4.258407115936279,-4.143825054168701
15,masked_npe,187,-4.237884778242845,-4.175353288650513
15,masked_npe,188,-4.199762729498056,-4.063404560089111
15,masked_npe,189,-4.170947441687951,-4.153801679611206
15,masked_npe,190,-4.281861763734084,-4.1433868408203125
15,masked_npe,191,-4.325588042919453,-4.431567192077637
15,masked_npe,192,-4.423692666567289,-4.2962915897369385
15,masked_npe,193,-4.203479730165922,-4.2664055824279785
15,masked_npe,194,-4.18060328410222,-4.187443017959595
15,masked_npe,195,-4.320312316601093,-4.52721381187439
15,masked_npe,196,-4.298688118274395,-4.202511787414551
15,masked_npe,197,-4.289558557363657,-4.29548192024231
15,masked_npe,198,-4.377028501950777,-4.461694478988648
15,masked_npe,199,-4.308113134824312,-4.154790878295898
15,masked_npe,200,-4.151763824316172,-4.375217914581299
15,masked_npe,201,-4.322461751791147,-4.422027349472046
15,masked_npe,202,-4.318697012387789,-4.32396125793457
15,masked_npe,203,-4.33439694918119,-4.243532657623291
15,masked_npe,204,-4.399135296161358,-4.293868780136108
15,masked_npe,205,-4.221492547255296,-4.257567405700684
15,masked_npe,206,-4.360442088200496,-4.405472993850708
15,masked_npe,207,-4.435446995955247,-4.311295986175537
15,masked_npe,208,-4.342828420492319,-4.155158519744873
15,masked_npe,209,-4.321082481971154,-4.122939825057983
15,masked_npe,210,-4.306298586038443,-4.179453134536743
15,masked_npe,211,-4.386811146369348,-4.54901123046875
15,masked_npe,212,-4.388535829690786,-4.264511585235596
15,masked_npe,213,-4.337221218989446,-4.276175498962402
15,masked_npe,214,-4.38341133411114,-4.464723587036133
15,masked_npe,215,-4.390057233663706,-4.401204824447632
15,masked_npe,216,-4.41967248916626,-4.3631272315979
15,masked_npe,217,-4.452129914210393,-4.350293159484863
15,masked_npe,218,-4.246763761226948,-4.185927867889404
15,masked_npe,219,-4.273297805052537,-4.411705732345581
15,masked_npe,220,-4.371561417212853,-4.393249988555908
15,masked_npe,221,-4.328627843123216,-4.209539413452148
15,masked_npe,222,-4.368013748755822,-4.299077272415161
15,masked_npe,223,-4.428912969735952,-4.502854108810425
15,masked_npe,224,-4.497423245356633,-4.380163908004761
15,masked_npe,225,-4.396235282604511,-4.308311223983765
15,masked_npe,226,-4.374245606935942,-4.357248544692993
15,masked_npe,227,-4.39039421081543,-4.4969704151153564
15,masked_npe,228,-4.426610726576585,-4.188650369644165
15,masked_npe,229,-4.367296512310322,-4.197590827941895
15,masked_npe,230,-4.252098340254563,-4.275623559951782
15,masked_npe,231,-4.405209541320801,-4.485813140869141
15,masked_npe,232,-4.524487128624549,-4.457447528839111
15,masked_npe,233,-4.496083699739897,-4.274338722229004
15,masked_npe,234,-4.403398843911978,-4.463461875915527
15,masked_npe,235,-4.400506202991192,-4.274685859680176
15,masked_npe,236,-4.354451032785269,-4.314439296722412
15,single_feature_skewness,0,0.1019214898920976,-0.1422424688935279
15,single_feature_skewness,1,-0.2772167439644153,-0.3508320152759552
15,single_feature_skewness,2,-0.4576910757101499,-0.5227754414081573
15,single_feature_skewness,3,-0.6304517617592444,-0.695661336183548
15,single_feature_skewness,4,-0.850434619646806,-1.0141493380069733
15,single_feature_skewness,5,-1.144098841227018,-1.239547073841095
15,single_feature_skewness,6,-1.2707073505108173,-1.4002277255058289
15,single_feature_skewness,7,-1.4109075986422026,-1.474901258945465
15,single_feature_skewness,8,-1.466366245196416,-1.442559778690338
15,single_feature_skewness,9,-1.574021944632897,-1.62542724609375
15,single_feature_skewness,10,-1.6551032708241389,-1.690062403678894
15,single_feature_skewness,11,-1.7406186965795665,-1.776851773262024
15,single_feature_skewness,12,-1.814026355743408,-1.828431248664856
15,single_feature_skewness,13,-1.863840497457064,-1.829633116722107
15,single_feature_skewness,14,-1.8990795153837936,-1.853412687778473
15,single_feature_skewness,15,-1.9513893402539768,-1.921344816684723
15,single_feature_skewness,16,-1.985102460934565,-1.9514465928077696
15,single_feature_skewness,17,-1.9539897533563464,-1.9953189492225647
15,single_feature_skewness,18,-1.9772227452351496,-1.960405707359314
15,single_feature_skewness,19,-2.0584967594880323,-1.886361539363861
15,single_feature_skewness,20,-2.072420872174777,-2.054366946220398
15,single_feature_skewness,21,-2.081965813269982,-2.086045265197754
15,single_feature_skewness,22,-2.113353188221271,-2.046943426132202
15,single_feature_skewness,23,-2.090038226200984,-2.105640411376953
15,single_feature_skewness,24,-2.111445527810317,-2.089540243148804
15,single_feature_skewness,25,-2.1491771111121545,-2.036382913589477
15,single_feature_skewness,26,-2.1402685825641337,-2.1316466331481934
15,single_feature_skewness,27,-2.183464765548706,-2.1455432176589966
15,single_feature_skewness,28,-2.164423795846792,-2.066803455352783
15,single_feature_skewness,29,-2.171976685523987,-2.0904996395111084
15,single_feature_skewness,30,-2.1756266997410703,-2.1422969102859497
15,single_feature_skewness,31,-2.2093832859626183,-2.183001756668091
15,single_feature_skewness,32,-2.1977306512685924,-1.8899235129356384
15,single_feature_skewness,33,-2.166430638386653,-2.1063272953033447
15,single_feature_skewness,34,-2.214216250639695,-2.152328610420227
15,single_feature_skewness,35,-2.223526386114268,-2.1631381511688232
15,single_feature_skewness,36,-2.237830712245061,-2.178021550178528
15,single_feature_skewness,37,-2.250038220332219,-2.2215633392333984
15,single_feature_skewness,38,-2.270530627324031,-2.115712523460388
15,single_feature_skewness,39,-2.236166862341074,-2.170522689819336
15,single_feature_skewness,40,-2.250040989655715,-2.194620370864868
15,single_feature_skewness,41,-2.2608578571906457,-2.2631032466888428
15,single_feature_skewness,42,-2.285566458335289,-2.153530716896057
15,single_feature_skewness,43,-2.310491745288556,-2.285621404647827
15,single_feature_skewness,44,-2.3327222970815806,-2.2347984313964844
15,single_feature_skewness,45,-2.341734225933368,-2.308688879013061
15,single_feature_skewness,46,-2.3162554777585544,-2.2918155193328857
15,single_feature_skewness,47,-2.337333110662607,-2.2653801441192627
15,single_feature_skewness,48,-2.296320291665884,-2.266468048095703
15,single_feature_skewness,49,-2.369203989322369,-2.297597646713257
15,single_feature_skewness,50,-2.3728405145498424,-2.288812756538391
15,single_feature_skewness,51,-2.3915512745197,-2.317998766899109
15,single_feature_skewness,52,-2.418885561136099,-2.2841954231262207
15,single_feature_skewness,53,-2.4077360263237586,-2.323267698287964
15,single_feature_skewness,54,-2.4118824922121487,-2.3180854320526123
15,single_feature_skewness,55,-2.3754835312183085,-2.221165180206299
15,single_feature_skewness,56,-2.3638677780444803,-2.1806912422180176
15,single_feature_skewness,57,-2.40778216948876,-2.3300598859786987
15,single_feature_skewness,58,-2.390900978675256,-2.3595207929611206
15,single_feature_skewness,59,-2.46241177045382,-2.359260678291321
15,single_feature_skewness,60,-2.4418269854325514,-2.361599922180176
15,single_feature_skewness,61,-2.456041427759024,-2.354980230331421
15,single_feature_skewness,62,-2.4815199558551493,-2.3069952726364136
15,single_feature_skewness,63,-2.44085823572599,-2.3655829429626465
15,single_feature_skewness,64,-2.4600254205557017,-2.2889883518218994
15,single_feature_skewness,65,-2.4029171833625207,-2.430387496948242
15,single_feature_skewness,66,-2.4850907509143534,-2.38919734954834
15,single_feature_skewness,67,-2.469684747549204,-2.359068751335144
15,single_feature_skewness,68,-2.486179315126859,-2.376620292663574
15,single_feature_skewness,69,-2.453964270078219,-2.3796271085739136
15,single_feature_skewness,70,-2.468814354676467,-2.4694451093673706
15,single_feature_skewness,71,-2.4762393144460826,-2.4215807914733887
15,single_feature_skewness,72,-2.4858335715073805,-2.3257081508636475
15,single_feature_skewness,73,-2.4907984733581543,-2.4377758502960205
15,single_feature_skewness,74,-2.483634068415715,-2.40296471118927
15,single_feature_skewness,75,-2.502492244427021,-2.42085862159729
15,single_feature_skewness,76,-2.544493161714994,-2.399172186851501
15,single_feature_skewness,77,-2.491461020249587,-2.331816554069519
15,single_feature_skewness,78,-2.49378488614009,-2.387979507446289
15,single_feature_skewness,79,-2.5117351825420675,-2.2027570009231567
15,single_feature_skewness,80,-2.3538166743058424,-2.3611373901367188
15,single_feature_skewness,81,-2.492797117966872,-2.408000469207764
15,single_feature_skewness,82,-2.4967953791985145,-2.4637351036071777
15,single_feature_skewness,83,-2.5476313554323635,-2.408753991127014
15,single_feature_skewness,84,-2.553436297636765,-2.419543981552124
15,single_feature_skewness,85,-2.539634557870718,-2.452287435531616
15,single_feature_skewness,86,-2.526353194163396,-2.4133858680725098
15,single_feature_skewness,87,-2.467231768828172,-2.4230562448501587
15,single_feature_skewness,88,-2.56357137973492,-2.40320372581482
15,single_feature_skewness,89,-2.547464425747211,-2.4302785396575928
15,single_feature_skewness,90,-2.569057831397424,-2.384757161140442
15,single_feature_skewness,91,-2.533050482089703,-2.48618221282959
15,single_feature_skewness,92,-2.553492564421433,-2.4452507495880127
15,single_feature_skewness,93,-2.5514364609351525,-2.397952079772949
15,single_feature_skewness,94,-2.573127031326294,-2.493241548538208
15,single_feature_skewness,95,-2.56814193725586,-2.371054768562317
15,single_feature_skewness,96,-2.5475169145143948,-2.4481115341186523
15,single_feature_skewness,97,-2.589228831804716,-2.476381540298462
15,single_feature_skewness,98,-2.5828734911405125,-2.471228837966919
15,single_feature_skewness,99,-2.6124780361468973,-2.4529569149017334
15,single_feature_skewness,100,-2.5773964478419376,-2.47258734703064
15,single_feature_skewness,101,-2.583365605427669,-2.466216444969177
15,single_feature_skewness,102,-2.554446018659152,-2.476933479309082
15,single_feature_skewness,103,-2.611363777747521,-2.479335904121399
15,single_feature_skewness,104,-2.58427042227525,-2.468151092529297
15,single_feature_skewness,105,-2.595445211117084,-2.438592314720154
15,single_feature_skewness,106,-2.609634747871986,-2.521032691001892
15,single_feature_skewness,107,-2.6163174555851865,-2.4548137187957764
15,single_feature_skewness,108,-2.6402703798734226,-2.484214305877685
15,single_feature_skewness,109,-2.626849357898419,-2.5239059925079346
15,single_feature_skewness,110,-2.609063148498535,-2.498471975326538
15,single_feature_skewness,111,-2.625717970041128,-2.4918134212493896
15,single_feature_skewness,112,-2.6295617727132945,-2.5047680139541626
15,single_feature_skewness,113,-2.655714915348933,-2.512665152549744
15,single_feature_skewness,114,-2.659837539379413,-2.450256109237671
15,single_feature_skewness,115,-2.636579366830679,-2.523129105567932
15,single_feature_skewness,116,-2.664478008563702,-2.49441909790039
15,single_feature_skewness,117,-2.646518780634953,-2.5282764434814453
15,single_feature_skewness,118,-2.6569658242739163,-2.510682344436645
15,single_feature_skewness,119,-2.6678139246427097,-2.5263904333114624
15,single_feature_skewness,120,-2.6837788361769457,-2.531994700431824
15,single_feature_skewness,121,-2.65428902552678,-2.502669334411621
15,single_feature_skewness,122,-2.629629593629104,-2.5255684852600098
15,single_feature_skewness,123,-2.682877742327177,-2.4948326349258423
15,single_feature_skewness,124,-2.677616687921377,-2.492111921310425
15,single_feature_skewness,125,-2.679633855819702,-2.561394453048706
15,single_feature_skewness,126,-2.685956753217257,-2.360475897789001
15,single_feature_skewness,127,-2.560660490622887,-2.4138338565826416
15,single_feature_skewness,128,-2.6578125220078688,-2.464321613311768
15,single_feature_skewness,129,-2.634752401938805,-2.539929509162903
15,single_feature_skewness,130,-2.590048826657809,-2.4662024974823
15,single_feature_skewness,131,-2.672977227431077,-2.5200178623199463
15,single_feature_skewness,132,-2.6847618909982534,-2.5980615615844727
15,single_feature_skewness,133,-2.657604859425472,-2.4786338806152344
15,single_feature_skewness,134,-2.6307357457967906,-2.5102936029434204
15,single_feature_skewness,135,-2.660649079542893,-2.500190019607544
15,single_feature_skewness,136,-2.656314281316904,-2.4932401180267334
15,single_feature_skewness,137,-2.7001721125382643,-2.4664971828460693
15,single_feature_skewness,138,-2.7107671407552867,-2.5375560522079468
15,single_feature_skewness,139,-2.6715622498438907,-2.513696074485779
15,single_feature_skewness,140,-2.694111237159142,-2.5679752826690674
15,single_feature_skewness,141,-2.712728922183697,-2.5216567516326904
15,single_feature_skewness,142,-2.6990784865159254,-2.54546856880188
15,single_feature_skewness,143,-2.7007241615882287,-2.597439169883728
15,single_feature_skewness,144,-2.7084606610811672,-2.493487000465393
15,single_feature_skewness,145,-2.6985829976888804,-2.5349005460739136
15,single_feature_skewness,146,-2.6955021161299486,-2.546471357345581
15,single_feature_skewness,147,-2.7057480261876035,-2.5096832513809204
15,single_feature_skewness,148,-2.679418417123648,-2.560817241668701
15,single_feature_skewness,149,-2.708270916571984,-2.530864715576172
15,single_feature_skewness,150,-2.714855084052453,-2.43553078174591
15,single_feature_skewness,151,-2.680834201666025,-2.5705004930496216
15,single_feature_skewness,152,-2.739920689509465,-2.5293219089508057
15,single_feature_skewness,153,-2.6825195092421312,-2.4847185611724854
15,single_feature_skewness,154,-2.696368859364436,-2.5464389324188232
15,single_feature_skewness,155,-2.72133572284992,-2.470410704612732
15,single_feature_skewness,156,-2.6651279559502234,-2.498913526535034
15,single_feature_skewness,157,-2.672432991174551,-2.451070785522461
15,single_feature_kurtosis,0,0.1025784756415165,-0.1574255749583244
15,single_feature_kurtosis,1,-0.296013192488597,-0.3631184697151184
15,single_feature_kurtosis,2,-0.4623516660470229,-0.4639727175235748
15,single_feature_kurtosis,3,-0.562524479169112,-0.5493846535682678
15,single_feature_kurtosis,4,-0.6473620075445908,-0.6190138757228851
15,single_feature_kurtosis,5,-0.7171154847511878,-0.6833696961402893
15,single_feature_kurtosis,6,-0.7806545220888578,-0.7678065896034241
15,single_feature_kurtosis,7,-0.8478974883372967,-0.8099764287471771
15,single_feature_kurtosis,8,-0.9000912308692932,-0.8498619198799133
15,single_feature_kurtosis,9,-0.9529830492459812,-0.9330368340015412
15,single_feature_kurtosis,10,-1.0196022345469549,-0.9626522660255432
15,single_feature_kurtosis,11,-1.074864754310021,-1.0569815635681152
15,single_feature_kurtosis,12,-1.111003279685974,-1.101588010787964
15,single_feature_kurtosis,13,-1.1811213951844437,-1.1283655762672424
15,single_feature_kurtosis,14,-1.2532917444522564,-1.2413884401321411
15,single_feature_kurtosis,15,-1.3326518535614014,-1.324164867401123
15,single_feature_kurtosis,16,-1.4120967938349798,-1.3345214128494265
15,single_feature_kurtosis,17,-1.4767752977517934,-1.4389455914497375
15,single_feature_kurtosis,18,-1.5201901839329646,-1.4911236763000488
15,single_feature_kurtosis,19,-1.5800201159257157,-1.503301441669464
15,single_feature_kurtosis,20,-1.6587889377887433,-1.5897204279899595
15,single_feature_kurtosis,21,-1.7042873089130108,-1.6263920068740845
15,single_feature_kurtosis,22,-1.737698325744042,-1.5844660997390747
15,single_feature_kurtosis,23,-1.764573335647583,-1.6215770244598389
15,single_feature_kurtosis,24,-1.7198128883655257,-1.7065143585205078
15,single_feature_kurtosis,25,-1.81310366667234,-1.7084136009216309
15,single_feature_kurtosis,26,-1.850515759908236,-1.7760122418403623
15,single_feature_kurtosis,27,-1.891579820559575,-1.8121561408042908
15,single_feature_kurtosis,28,-1.9410906755007231,-1.842524349689484
15,single_feature_kurtosis,29,-1.8978105600063613,-1.7158992290496826
15,single_feature_kurtosis,30,-1.903013843756456,-1.838461637496948
15,single_feature_kurtosis,31,-1.951426707781278,-1.876987338066101
15,single_feature_kurtosis,32,-1.986080343906696,-1.8533022999763489
15,single_feature_kurtosis,33,-2.008160691994888,-1.9422261714935305
15,single_feature_kurtosis,34,-2.018445381751427,-1.888804316520691
15,single_feature_kurtosis,35,-2.038176554899949,-1.9492127895355225
15,single_feature_kurtosis,36,-2.068255928846506,-1.951318383216858
15,single_feature_kurtosis,37,-2.0629384150871863,-1.9384979009628296
15,single_feature_kurtosis,38,-2.0968631414266734,-1.940224289894104
15,single_feature_kurtosis,39,-2.0873587956795325,-1.974662721157074
15,single_feature_kurtosis,40,-2.0854210211680484,-1.9811776876449585
15,single_feature_kurtosis,41,-2.096005595647372,-1.950000047683716
15,single_feature_kurtosis,42,-2.1148030024308424,-2.0153770446777344
15,single_feature_kurtosis,43,-2.1363820296067457,-2.0310968160629272
15,single_feature_kurtosis,44,-2.1600449818831224,-2.0355613231658936
15,single_feature_kurtosis,45,-2.1659234303694506,-2.070562958717346
15,single_feature_kurtosis,46,-2.191562982705923,-2.069400429725647
15,single_feature_kurtosis,47,-2.194520821938148,-2.072050809860229
15,single_feature_kurtosis,48,-2.2036918860215406,-2.065643548965454
15,single_feature_kurtosis,49,-2.1830086708068848,-2.0840288400650024
15,single_feature_kurtosis,50,-2.215683625294612,-2.09705114364624
15,single_feature_kurtosis,51,-2.2217990985283484,-2.1127305030822754
15,single_feature_kurtosis,52,-2.2177521265470066,-2.076900005340576
15,single_feature_kurtosis,53,-2.210217842688927,-2.0600626468658447
15,single_feature_kurtosis,54,-2.2260503402123084,-2.125106811523437
15,single_feature_kurtosis,55,-2.2400131959181566,-2.092288374900818
15,single_feature_kurtosis,56,-2.2516761743105373,-2.104925513267517
15,single_feature_kurtosis,57,-2.265137947522677,-2.1432706117630005
15,single_feature_kurtosis,58,-2.266608183200543,-2.072746157646179
15,single_feature_kurtosis,59,-2.245439731157743,-2.026565432548523
15,single_feature_kurtosis,60,-2.265649905571571,-2.13934338092804
15,single_feature_kurtosis,61,-2.285346196247981,-2.129172444343567
15,single_feature_kurtosis,62,-2.285146126380333,-2.105719208717346
15,single_feature_kurtosis,63,-2.2960697320791392,-2.1518386602401733
15,single_feature_kurtosis,64,-2.262013105245737,-2.115855097770691
15,single_feature_kurtosis,65,-2.276199065721952,-2.088519096374512
15,single_feature_kurtosis,66,-2.2567425691164456,-2.0516358613967896
15,single_feature_kurtosis,67,-2.2647134340726414,-2.15094256401062
15,single_feature_kurtosis,68,-2.310007021977351,-2.1139464378356934
15,single_feature_kurtosis,69,-2.314860435632559,-2.1482839584350586
15,single_feature_kurtosis,70,-2.304578139231756,-2.1600916385650635
15,single_feature_kurtosis,71,-2.3278712309323826,-2.1423529386520386
15,single_feature_kurtosis,72,-2.271951363636897,-2.117104649543762
15,single_feature_kurtosis,73,-2.325386670919565,-2.119967699050904
15,single_feature_kurtosis,74,-2.30619083918058,-2.187217116355896
15,single_feature_kurtosis,75,-2.348914274802574,-2.113044261932373
15,single_feature_kurtosis,76,-2.359570980072021,-2.198578238487244
15,single_feature_kurtosis,77,-2.3287282356849084,-2.1576439142227173
15,single_feature_kurtosis,78,-2.311635530911959,-2.11306095123291
15,single_feature_kurtosis,79,-2.3149860088641825,-2.186972141265869
15,single_feature_kurtosis,80,-2.354783535003662,-2.2134101390838623
15,single_feature_kurtosis,81,-2.342720728654128,-2.0929317474365234
15,single_feature_kurtosis,82,-2.3666202288407545,-2.214586853981018
15,single_feature_kurtosis,83,-2.334081668120164,-2.153397560119629
15,single_feature_kurtosis,84,-2.368035463186411,-2.232342839241028
15,single_feature_kurtosis,85,-2.382774389707125,-2.2164864540100098
15,single_feature_kurtosis,86,-2.387612782991849,-2.198235869407654
15,single_feature_kurtosis,87,-2.3740540467775784,-2.20222556591034
15,single_feature_kurtosis,88,-2.400842850024884,-2.1874914169311523
15,single_feature_kurtosis,89,-2.3838134362147403,-2.1767884492874146
15,single_feature_kurtosis,90,-2.3567354128910947,-2.207039356231689
15,single_feature_kurtosis,91,-2.3855624932509203,-2.213468313217163
15,single_feature_kurtosis,92,-2.374982155286349,-2.1897534132003784
15,single_feature_kurtosis,93,-2.3778803165142355,-2.203666567802429
15,single_feature_kurtosis,94,-2.4079365730285645,-2.2381012439727783
15,single_feature_kurtosis,95,-2.4240694596217227,-2.2432568073272705
15,single_feature_kurtosis,96,-2.402958246377798,-2.173825979232788
15,single_feature_kurtosis,97,-2.4148173332214355,-2.224617719650269
15,single_feature_kurtosis,98,-2.400288288409893,-2.231007695198059
15,single_feature_kurtosis,99,-2.411970560367291,-2.136191248893738
15,single_feature_kurtosis,100,-2.416496075116671,-2.221509099006653
15,single_feature_kurtosis,101,-2.433314635203435,-2.168314814567566
15,single_feature_kurtosis,102,-2.4245422253241906,-2.221661329269409
15,single_feature_kurtosis,103,-2.4525019388932447,-2.249558806419373
15,single_feature_kurtosis,104,-2.447350190236018,-2.1887381076812744
15,single_feature_kurtosis,105,-2.42479735154372,-2.2041438817977905
15,single_feature_kurtosis,106,-2.4483538957742543,-2.260006070137024
15,single_feature_kurtosis,107,-2.4596354961395264,-2.2007572650909424
15,single_feature_kurtosis,108,-2.414343137007493,-2.15869665145874
15,single_feature_kurtosis,109,-2.422266336587759,-2.1149280071258545
15,single_feature_kurtosis,110,-2.4296972018021803,-2.2159343957901
15,single_feature_kurtosis,111,-2.4787386380709133,-2.229237198829651
15,single_feature_kurtosis,112,-2.478685709146353,-2.248148560523987
15,single_feature_kurtosis,113,-2.478957066169152,-2.177586317062378
15,single_feature_kurtosis,114,-2.4674721497755785,-2.2494505643844604
15,single_feature_kurtosis,115,-2.4633741011986365,-2.221816658973694
15,single_feature_kurtosis,116,-2.467343202004066,-2.259652137756348
15,single_feature_kurtosis,117,-2.483557022534884,-2.16416883468628
15,single_feature_kurtosis,118,-2.464749006124644,-2.111212730407715
15,single_feature_kurtosis,119,-2.4788191685309777,-2.205390334129333
15,single_feature_kurtosis,120,-2.5000134981595554,-2.216723918914795
15,single_feature_kurtosis,121,-2.5068596326387844,-2.2887284755706787
15,single_feature_kurtosis,122,-2.5044776843144345,-2.117444634437561
15,single_feature_kurtosis,123,-2.445437082877526,-2.152413010597229
15,single_feature_kurtosis,124,-2.511892557144165,-2.22992205619812
15,single_feature_kurtosis,125,-2.5185913672814,-2.238307237625122
15,single_feature_kurtosis,126,-2.5100179818960338,-2.2272236347198486
15,single_feature_kurtosis,127,-2.4934493394998403,-2.173336744308472
15,single_feature_kurtosis,128,-2.511852741241455,-2.2473716735839844
15,single_feature_kurtosis,129,-2.4921771379617543,-2.098820447921753
15,single_feature_kurtosis,130,-2.478829310490535,-2.021672248840332
15,single_feature_kurtosis,131,-2.452619846050556,-2.142993927001953
15,single_feature_kurtosis,132,-2.5105627316694994,-2.1833159923553467
15,single_feature_kurtosis,133,-2.504945296507615,-2.2279393672943115
15,single_feature_kurtosis,134,-2.4760648837456336,-2.21780776977539
15,single_feature_kurtosis,135,-2.522022614112267,-2.2236645221710205
15,single_feature_kurtosis,136,-2.517083076330332,-2.142762780189514
15,single_feature_kurtosis,137,-2.464550458467924,-2.1317062377929688
15,single_feature_kurtosis,138,-2.505795277082003,-2.213732957839966
15,single_feature_kurtosis,139,-2.547293277887197,-2.223186016082764
15,single_feature_kurtosis,140,-2.513040194144616,-2.2354846000671387
15,single_feature_kurtosis,141,-2.527951240539551,-2.176327347755432
15,single_feature_kurtosis,142,-2.54342847604018,-2.227173328399658
15,single_feature_kurtosis,143,-2.5211025934952955,-2.26679801940918
15,single_feature_kurtosis,144,-2.521618806398832,-2.189392328262329
15,single_feature_kurtosis,145,-2.499796042075524,-2.1976020336151123
15,single_feature_kurtosis,146,-2.5422020141895,-2.1917619705200195
15,single_feature_spectral_slope,0,0.0665762265427754,-0.2707355916500091
15,single_feature_spectral_slope,1,-0.4255651785777165,-0.580170214176178
15,single_feature_spectral_slope,2,-0.6804866607372577,-0.7719332277774811
15,single_feature_spectral_slope,3,-0.8687567665026739,-0.9274108707904816
15,single_feature_spectral_slope,4,-1.015801305954273,-1.0023573637008667
15,single_feature_spectral_slope,5,-1.1246228951674242,-1.087514102458954
15,single_feature_spectral_slope,6,-1.1895694824365468,-1.163252592086792
15,single_feature_spectral_slope,7,-1.242154836654663,-1.208763837814331
15,single_feature_spectral_slope,8,-1.2876074956013606,-1.2591931223869324
15,single_feature_spectral_slope,9,-1.336457344201895,-1.2736021280288696
15,single_feature_spectral_slope,10,-1.359441848901602,-1.312375545501709
15,single_feature_spectral_slope,11,-1.3764276046019337,-1.3359938263893127
15,single_feature_spectral_slope,12,-1.4112549561720629,-1.3662239909172058
15,single_feature_spectral_slope,13,-1.4383189494793231,-1.3794460892677307
15,single_feature_spectral_slope,14,-1.4497611339275651,-1.373316466808319
15,single_feature_spectral_slope,15,-1.475597069813655,-1.4021296501159668
15,single_feature_spectral_slope,16,-1.4790972562936635,-1.4280800819396973
15,single_feature_spectral_slope,17,-1.5086917602098906,-1.4428467750549316
15,single_feature_spectral_slope,18,-1.5316414557970488,-1.4621027708053589
15,single_feature_spectral_slope,19,-1.5652161561525786,-1.4858872890472412
15,single_feature_spectral_slope,20,-1.5820885438185472,-1.5437119603157043
15,single_feature_spectral_slope,21,-1.5902083837069,-1.5392871499061584
15,single_feature_spectral_slope,22,-1.6025597132169282,-1.561738908290863
15,single_feature_spectral_slope,23,-1.6393316709078276,-1.6143329739570618
15,single_feature_spectral_slope,24,-1.6629251058285053,-1.6235133409500122
15,single_feature_spectral_slope,25,-1.6893556851607103,-1.6782829761505127
15,single_feature_spectral_slope,26,-1.7011691056765044,-1.6635030508041382
15,single_feature_spectral_slope,27,-1.7197506427764893,-1.656768620014191
15,single_feature_spectral_slope,28,-1.7286200523376465,-1.6443966627120972
15,single_feature_spectral_slope,29,-1.7509751411584706,-1.6993328332901
15,single_feature_spectral_slope,30,-1.761358563716595,-1.6713794469833374
15,single_feature_spectral_slope,31,-1.756102910408607,-1.67595636844635
15,single_feature_spectral_slope,32,-1.7740563612717848,-1.678118646144867
15,single_feature_spectral_slope,33,-1.796713343033424,-1.701040744781494
15,single_feature_spectral_slope,34,-1.8024522891411408,-1.716347873210907
15,single_feature_spectral_slope,35,-1.8179236191969648,-1.756441950798035
15,single_feature_spectral_slope,36,-1.831891298294068,-1.7584928274154663
15,single_feature_spectral_slope,37,-1.8440141494457536,-1.7771193981170654
15,single_feature_spectral_slope,38,-1.842492021047152,-1.7494884133338928
15,single_feature_spectral_slope,39,-1.8428735916431127,-1.7828599214553833
15,single_feature_spectral_slope,40,-1.8619246391149669,-1.737940549850464
15,single_feature_spectral_slope,41,-1.8584812054267297,-1.7828603982925415
15,single_feature_spectral_slope,42,-1.851629220522367,-1.7649062871932983
15,single_feature_spectral_slope,43,-1.863172723696782,-1.806090831756592
15,single_feature_spectral_slope,44,-1.8694045360271747,-1.774686872959137
15,single_feature_spectral_slope,45,-1.881663588377145,-1.820606350898743
15,single_feature_spectral_slope,46,-1.8944103901202864,-1.7944422960281372
15,single_feature_spectral_slope,47,-1.9090015246317933,-1.819030404090881
15,single_feature_spectral_slope,48,-1.919673250271724,-1.7967069149017334
15,single_feature_spectral_slope,49,-1.9209481936234687,-1.8587799072265625
15,single_feature_spectral_slope,50,-1.9279589377916777,-1.8108367323875427
15,single_feature_spectral_slope,51,-1.927340681736286,-1.7994781136512756
15,single_feature_spectral_slope,52,-1.93273898271414,-1.8535003066062927
15,single_feature_spectral_slope,53,-1.9255562012012188,-1.7957231402397156
15,single_feature_spectral_slope,54,-1.93232248379634,-1.8479674458503723
15,single_feature_spectral_slope,55,-1.9452157020568848,-1.856799066066742
15,single_feature_spectral_slope,56,-1.9491470410273624,-1.8291577100753784
15,single_feature_spectral_slope,57,-1.9429623713860145,-1.8646607995033264
15,single_feature_spectral_slope,58,-1.952691417474013,-1.831147849559784
15,single_feature_spectral_slope,59,-1.9509702187318068,-1.8375194072723389
15,single_feature_spectral_slope,60,-1.9678567281136143,-1.860639214515686
15,single_feature_spectral_slope,61,-1.9631356000900269,-1.7868844866752625
15,single_feature_spectral_slope,62,-1.9456528241817768,-1.8409665822982788
15,single_feature_spectral_slope,63,-1.956840918614314,-1.879529356956482
15,single_feature_spectral_slope,64,-1.9715848152454083,-1.805167376995087
15,single_feature_spectral_slope,65,-1.9753721860738904,-1.8177065253257751
15,single_feature_spectral_slope,66,-1.9842889859126165,-1.8749905824661253
15,single_feature_spectral_slope,67,-2.001496874369108,-1.882043480873108
15,single_feature_spectral_slope,68,-1.9986775655012865,-1.850964069366455
15,single_feature_spectral_slope,69,-2.0011302599540124,-1.8604554533958435
15,single_feature_spectral_slope,70,-2.00567234479464,-1.8523181676864624
15,single_feature_spectral_slope,71,-1.9977946739930368,-1.859788417816162
15,single_feature_spectral_slope,72,-1.9973224493173447,-1.8467960357666016
15,single_feature_spectral_slope,73,-2.0145383798159084,-1.8801506757736208
15,single_feature_spectral_slope,74,-2.0128053518442006,-1.860556364059448
15,single_feature_spectral_slope,75,-2.0212164658766527,-1.8426037430763245
15,single_feature_spectral_slope,76,-2.010539293289185,-1.8839285373687744
15,single_feature_spectral_slope,77,-2.0285633985812845,-1.86661034822464
15,single_feature_spectral_slope,78,-2.0184959723399234,-1.858029544353485
15,single_feature_spectral_slope,79,-2.011184646533086,-1.8505688905715945
15,single_feature_spectral_slope,80,-2.017293664125296,-1.8342981934547424
15,single_feature_spectral_slope,81,-2.0085867735055776,-1.858480215072632
15,single_feature_spectral_slope,82,-2.005342749448923,-1.839502453804016
15,single_feature_spectral_slope,83,-2.00529406620906,-1.822579860687256
15,single_feature_spectral_slope,84,-2.0031228890785804,-1.866426706314087
15,single_feature_spectral_slope,85,-2.033143547865061,-1.888093173503876
15,single_feature_spectral_slope,86,-2.034624053881718,-1.8682684898376465
15,single_feature_spectral_slope,87,-2.032402652960557,-1.8589249849319456
15,single_feature_spectral_slope,88,-2.032935490975013,-1.8743061423301697
15,single_feature_spectral_slope,89,-2.0465685495963464,-1.869349181652069
15,single_feature_spectral_slope,90,-2.040251383414635,-1.850758969783783
15,single_feature_spectral_slope,91,-2.0527508167120128,-1.883078753948212
15,single_feature_spectral_slope,92,-2.060472763501681,-1.8906765580177307
15,single_feature_spectral_slope,93,-2.056166181197533,-1.8553701043128967
15,single_feature_spectral_slope,94,-2.055121073356041,-1.884400725364685
15,single_feature_spectral_slope,95,-2.0817513099083533,-1.9063550233840945
15,single_feature_spectral_slope,96,-2.0750650809361386,-1.8716723322868347
15,single_feature_spectral_slope,97,-2.057367242299593,-1.88536673784256
15,single_feature_spectral_slope,98,-2.073954618894137,-1.9344347715377808
15,single_feature_spectral_slope,99,-2.053115239510169,-1.896846294403076
15,single_feature_spectral_slope,100,-2.0738185827548685,-1.9037906527519224
15,single_feature_spectral_slope,101,-2.0717946015871487,-1.8651545643806453
15,single_feature_spectral_slope,102,-2.07246785897475,-1.868777573108673
15,single_feature_spectral_slope,103,-2.087011355620164,-1.902344048023224
15,single_feature_spectral_slope,104,-2.0882355249845066,-1.903080761432648
15,single_feature_spectral_slope,105,-2.0852373655025778,-1.889756441116333
15,single_feature_spectral_slope,106,-2.076686904980586,-1.854816198348999
15,single_feature_spectral_slope,107,-2.0728602776160607,-1.8378962874412537
15,single_feature_spectral_slope,108,-2.0583300040318417,-1.903056263923645
15,single_feature_spectral_slope,109,-2.0802813126490665,-1.915197491645813
15,single_feature_spectral_slope,110,-2.104639218403743,-1.885255753993988
15,single_feature_spectral_slope,111,-2.093305367689866,-1.9206109046936035
15,single_feature_spectral_slope,112,-2.103236987040593,-1.897920787334442
15,single_feature_spectral_slope,113,-2.105698035313533,-1.8656983971595764
15,single_feature_spectral_slope,114,-2.096214239413922,-1.8836870193481443
15,single_feature_spectral_slope,115,-2.101581958624033,-1.8867422938346865
15,single_feature_spectral_slope,116,-2.1034569556896505,-1.88977313041687
15,single_feature_spectral_slope,117,-2.112489645297711,-1.881823480129242
15,single_feature_spectral_slope,118,-2.114841644580548,-1.885193288326264
15,single_feature_spectral_slope,119,-2.1175574155954213,-1.908786118030548
15,single_feature_spectral_slope,120,-2.120371891902044,-1.8988173604011536
15,single_feature_spectral_slope,121,-2.1222500801086426,-1.9050021767616272
15,single_feature_spectral_slope,122,-2.1272103786468506,-1.87191241979599
15,single_feature_spectral_slope,123,-2.123896323717557,-1.909289121627808
15,single_feature_total_log_power,0,0.0789343479017798,-0.1902159750461578
15,single_feature_total_log_power,1,-0.3390227900101588,-0.4201080650091171
15,single_feature_total_log_power,2,-0.5255324084025162,-0.5639344155788422
15,single_feature_total_log_power,3,-0.6694349646568298,-0.7123829126358032
15,single_feature_total_log_power,4,-0.8042717163379376,-0.807664692401886
15,single_feature_total_log_power,5,-0.9487320597355182,-0.9618068039417268
15,single_feature_total_log_power,6,-1.1275700972630427,-1.186283826828003
15,single_feature_total_log_power,7,-1.3396679071279674,-1.3623050451278689
15,single_feature_total_log_power,8,-1.4987976917853725,-1.5371686220169067
15,single_feature_total_log_power,9,-1.6554966523097112,-1.7048224210739136
15,single_feature_total_log_power,10,-1.7938060118601873,-1.881141662597656
15,single_feature_total_log_power,11,-1.9418761913593,-2.001038908958435
15,single_feature_total_log_power,12,-1.9450475527690008,-1.732813835144043
15,single_feature_total_log_power,13,-1.990830577336825,-1.6124771237373352
15,single_feature_total_log_power,14,-2.096042898985056,-2.02319073677063
15,single_feature_total_log_power,15,-2.178577496455266,-2.2616515159606934
15,single_feature_total_log_power,16,-2.3545419619633603,-2.4307305812835693
15,single_feature_total_log_power,17,-2.185168055387644,-2.410684108734131
15,single_feature_total_log_power,18,-2.369883867410513,-2.1743298768997192
15,single_feature_total_log_power,19,-2.282631433927096,-2.205119013786316
15,single_feature_total_log_power,20,-2.3889869176424465,-2.451523542404175
15,single_feature_total_log_power,21,-2.4238652999584493,-2.241196870803833
15,single_feature_total_log_power,22,-2.484316679147573,-2.418672800064087
15,single_feature_total_log_power,23,-2.594904037622305,-2.5261467695236206
15,single_feature_total_log_power,24,-2.678735953110915,-2.5344252586364746
15,single_feature_total_log_power,25,-2.6639842987060547,-2.3953858613967896
15,single_feature_total_log_power,26,-2.717846632003784,-2.7788593769073486
15,single_feature_total_log_power,27,-2.7732322949629564,-2.749967575073242
15,single_feature_total_log_power,28,-2.812907163913433,-2.802511692047119
15,single_feature_total_log_power,29,-2.845280537238488,-2.6657919883728027
15,single_feature_total_log_power,30,-2.519702746317937,-1.7322309017181396
15,single_feature_total_log_power,31,-2.297308747585004,-2.632354736328125
15,single_feature_total_log_power,32,-2.634633559447068,-2.3725008964538574
15,single_feature_total_log_power,33,-2.4859991440406213,-2.80987560749054
15,single_feature_total_log_power,34,-2.6176294730259824,-1.23751699924469
15,single_feature_total_log_power,35,-1.9068629649969249,-1.9094102382659912
15,single_feature_total_log_power,36,-2.2068812113541822,-2.737587213516236
15,single_feature_total_log_power,37,-2.3338322914563694,-2.459545612335205
15,single_feature_total_log_power,38,-2.6561779425694394,-2.6984187364578247
15,single_feature_total_log_power,39,-2.86061037503756,-2.733476400375366
15,single_feature_total_log_power,40,-2.937657356262207,-2.91530179977417
15,single_feature_total_log_power,41,-3.0117666171147275,-2.953644633293152
15,single_feature_total_log_power,42,-3.023088968717135,-3.078588962554932
15,single_feature_total_log_power,43,-2.666890281897325,-3.044869542121887
15,single_feature_total_log_power,44,-2.632099298330454,-2.6740676164627075
15,single_feature_total_log_power,45,-2.648940489842341,-2.244812726974488
15,single_feature_total_log_power,46,-2.7383851454808164,-3.0097579956054688
15,single_feature_total_log_power,47,-2.798095776484563,-2.5811187028884888
15,single_feature_total_log_power,48,-2.787375046656682,-2.3850252628326416
15,single_feature_total_log_power,49,-2.8026719826918383,-2.8548238277435303
15,single_feature_total_log_power,50,-2.86021665426401,-2.807605504989624
15,single_feature_total_log_power,51,-2.849155554404625,-2.6826837062835693
15,single_feature_total_log_power,52,-2.863495606642503,-3.078801155090332
15,single_feature_total_log_power,53,-2.86564562870906,-2.7691978216171265
15,single_feature_total_log_power,54,-2.869004176213191,-2.635838031768799
15,single_feature_total_log_power,55,-2.8540986501253567,-2.900464415550232
15,single_feature_total_log_power,56,-2.8714328545790453,-3.0561599731445312
15,single_feature_total_log_power,57,-2.9430162723247824,-2.755532741546631
15,single_feature_total_log_power,58,-2.910895787752592,-3.0954806804656982
15,single_feature_total_log_power,59,-2.9414228109213023,-2.8563671112060547
15,single_feature_total_log_power,60,-2.936860708089976,-2.441549777984619
15,single_feature_total_log_power,61,-2.889554060422457,-3.104145884513855
15,single_feature_total_log_power,62,-2.8679527869591346,-2.7751097679138184
15,single_feature_total_log_power,63,-2.914916331951434,-2.5230215787887573
15,single_feature_total_log_power,64,-2.9818537602057824,-3.14150619506836
15,single_feature_total_log_power,65,-3.12766772050124,-3.088951587677002
15,single_feature_total_log_power,66,-3.217101610623873,-3.311150550842285
15,single_feature_total_log_power,67,-2.836795742695148,-2.881882429122925
15,single_feature_total_log_power,68,-2.764196331684406,-3.027483940124512
15,single_feature_total_log_power,69,-2.774935007095337,-3.103328824043274
15,single_feature_total_log_power,70,-3.131209758611826,-3.0332103967666626
15,single_feature_total_log_power,71,-3.136254695745615,-2.8320682048797607
15,single_feature_total_log_power,72,-3.0556195882650523,-3.168900966644287
15,single_feature_total_log_power,73,-3.228073211816641,-3.23679518699646
15,single_feature_total_log_power,74,-3.2777776534740743,-2.975082874298096
15,single_feature_total_log_power,75,-3.2218189789698672,-3.460166931152344
15,single_feature_total_log_power,76,-3.3550408436701846,-3.087916374206543
15,single_feature_total_log_power,77,-3.2390557069044847,-3.307412624359131
15,single_feature_total_log_power,78,-3.3447054532858043,-3.2988436222076416
15,single_feature_total_log_power,79,-3.2841429710388184,-3.0048162937164307
15,single_feature_total_log_power,80,-3.1254809086139383,-3.1532585620880127
15,single_feature_total_log_power,81,-3.263549878047063,-3.367223620414734
15,single_feature_total_log_power,82,-2.5541377526063185,-1.0163401365280151
15,single_feature_total_log_power,83,-2.720376972968762,-3.152989149093628
15,single_feature_total_log_power,84,-2.864192559168889,-3.2752281427383423
15,single_feature_total_log_power,85,-3.027576244794405,-2.571985125541687
15,single_feature_total_log_power,86,-2.9933756498190074,-3.055264711380005
15,single_feature_total_log_power,87,-3.0832550892463098,-3.0397003889083862
15,single_feature_total_log_power,88,-3.0866730763362,-2.745927095413208
15,single_feature_total_log_power,89,-3.06056101505573,-3.295732617378235
15,single_feature_total_log_power,90,-3.112639152086698,-2.8864920139312744
15,single_feature_total_log_power,91,-3.101760644179124,-2.816906690597534
15,single_feature_total_log_power,92,-3.110408746279203,-3.2523908615112305
15,single_feature_total_log_power,93,-3.1528104818784275,-3.1820958852767944
15,single_feature_total_log_power,94,-3.1522347927093506,-3.115078568458557
15,single_feature_total_log_power,95,-3.123100610879751,-3.41373610496521
15,single_feature_total_log_power,96,-3.151714049852812,-3.083254218101501
15,single_feature_total_log_power,97,-3.1487158628610463,-2.874666929244995
15,single_feature_total_log_power,98,-3.156371061618512,-3.2285338640213013
15,single_feature_total_log_power,99,-3.209192037582397,-3.252810478210449
15,single_feature_total_log_power,100,-3.17644242139963,-3.0191303491592407
15,single_feature_dominant_freq,0,0.0426229152541894,-0.2645770087838173
15,single_feature_dominant_freq,1,-0.4172962468404036,-0.5192199945449829
15,single_feature_dominant_freq,2,-0.6082595311678373,-0.6296785473823547
15,single_feature_dominant_freq,3,-0.7299478374994718,-0.788753867149353
15,single_feature_dominant_freq,4,-0.8537112611990708,-0.8873764872550964
15,single_feature_dominant_freq,5,-0.9660414778269254,-1.0205058455467224
15,single_feature_dominant_freq,6,-1.053487511781546,-1.0666882395744324
15,single_feature_dominant_freq,7,-1.1194346501277044,-1.1562820076942444
15,single_feature_dominant_freq,8,-1.1716944987957294,-1.2139069437980652
15,single_feature_dominant_freq,9,-1.2174330399586604,-1.2333207726478577
15,single_feature_dominant_freq,10,-1.2592127965046809,-1.2993724346160889
15,single_feature_dominant_freq,11,-1.2980241958911602,-1.2894653677940369
15,single_feature_dominant_freq,12,-1.3386011582154491,-1.3000605702400208
15,single_feature_dominant_freq,13,-1.3623391114748442,-1.3537362217903135
15,single_feature_dominant_freq,14,-1.3966273894676795,-1.3730395436286926
15,single_feature_dominant_freq,15,-1.423779505949754,-1.4003174304962158
15,single_feature_dominant_freq,16,-1.4608117708793054,-1.4227073192596436
15,single_feature_dominant_freq,17,-1.4869173948581402,-1.478079915046692
15,single_feature_dominant_freq,18,-1.5014203053254347,-1.4629570245742798
15,single_feature_dominant_freq,19,-1.5207453049146211,-1.5211986303329468
15,single_feature_dominant_freq,20,-1.5423041582107544,-1.5479861497879028
15,single_feature_dominant_freq,21,-1.5671103917635405,-1.54777854681015
15,single_feature_dominant_freq,22,-1.5889056737606342,-1.56951642036438
15,single_feature_dominant_freq,23,-1.6090081563362708,-1.5474008321762085
15,single_feature_dominant_freq,24,-1.623647194642287,-1.599014163017273
15,single_feature_dominant_freq,25,-1.6479489436516397,-1.5987005233764648
15,single_feature_dominant_freq,26,-1.6465013302289522,-1.6260477900505066
15,single_feature_dominant_freq,27,-1.6684135840489314,-1.5959597826004028
15,single_feature_dominant_freq,28,-1.66745885518881,-1.6090360283851624
15,single_feature_dominant_freq,29,-1.6902498465317946,-1.640450954437256
15,single_feature_dominant_freq,30,-1.6934301211283758,-1.630492627620697
15,single_feature_dominant_freq,31,-1.7251293934308565,-1.6121179461479187
15,single_feature_dominant_freq,32,-1.740425311602079,-1.6527349948883057
15,single_feature_dominant_freq,33,-1.7171917878664458,-1.6075287461280825
15,single_feature_dominant_freq,34,-1.756682698543255,-1.670974314212799
15,single_feature_dominant_freq,35,-1.7488521245809705,-1.6713848114013672
15,single_feature_dominant_freq,36,-1.753599625367385,-1.619387447834015
15,single_feature_dominant_freq,37,-1.7852110954431386,-1.6798620820045471
15,single_feature_dominant_freq,38,-1.7889562936929555,-1.6613518595695496
15,single_feature_dominant_freq,39,-1.7975161442389855,-1.7095075249671936
15,single_feature_dominant_freq,40,-1.803626684042124,-1.6800298690795898
15,single_feature_dominant_freq,41,-1.7980451492162852,-1.7368292808532717
15,single_feature_dominant_freq,42,-1.820002583357004,-1.7060492634773254
15,single_feature_dominant_freq,43,-1.805198357655452,-1.6960606575012207
15,single_feature_dominant_freq,44,-1.826795871441181,-1.717853546142578
15,single_feature_dominant_freq,45,-1.813133496504564,-1.7474265694618225
15,single_feature_dominant_freq,46,-1.830499273080092,-1.688773274421692
15,single_feature_dominant_freq,47,-1.836564073195824,-1.7485432624816897
15,single_feature_dominant_freq,48,-1.8612334086344795,-1.727569758892059
15,single_feature_dominant_freq,49,-1.873336856181805,-1.7588230967521667
15,single_feature_dominant_freq,50,-1.8789091385327847,-1.7377450466156006
15,single_feature_dominant_freq,51,-1.8731953730949988,-1.7640374898910522
15,single_feature_dominant_freq,52,-1.8757005288050723,-1.7661579251289368
15,single_feature_dominant_freq,53,-1.884406529940092,-1.7665523290634155
15,single_feature_dominant_freq,54,-1.9117420269892769,-1.7748860716819763
15,single_feature_dominant_freq,55,-1.898668280014625,-1.7481935620307922
15,single_feature_dominant_freq,56,-1.8959334171735325,-1.784802258014679
15,single_feature_dominant_freq,57,-1.898396528684176,-1.794605731964111
15,single_feature_dominant_freq,58,-1.9082996478447547,-1.7278339862823486
15,single_feature_dominant_freq,59,-1.9115314116844764,-1.765550136566162
15,single_feature_dominant_freq,60,-1.881616629087008,-1.7382996082305908
15,single_feature_dominant_freq,61,-1.90808143065526,-1.7781665325164795
15,single_feature_dominant_freq,62,-1.9201559470250056,-1.7689829468727112
15,single_feature_dominant_freq,63,-1.9318340466572688,-1.7663562297821045
15,single_feature_dominant_freq,64,-1.916694631943336,-1.7611857652664185
15,single_feature_dominant_freq,65,-1.9379031933270967,-1.7995909452438354
15,single_feature_dominant_freq,66,-1.9504626897665167,-1.8016754984855647
15,single_feature_dominant_freq,67,-1.9374585701869085,-1.7761528491973877
15,single_feature_dominant_freq,68,-1.948619292332576,-1.8167645335197449
15,single_feature_dominant_freq,69,-1.9482503487513616,-1.7780303359031675
15,single_feature_dominant_freq,70,-1.9698949410365176,-1.7741391062736511
15,single_feature_dominant_freq,71,-1.9641444499676044,-1.7496623992919922
15,single_feature_dominant_freq,72,-1.9546157121658323,-1.7941720485687256
15,single_feature_dominant_freq,73,-1.9846751139714167,-1.7532595992088318
15,single_feature_dominant_freq,74,-1.9391902501766496,-1.7894937992095947
15,single_feature_dominant_freq,75,-1.960894382916964,-1.762940764427185
15,single_feature_dominant_freq,76,-1.981899619102478,-1.816310286521912
15,single_feature_dominant_freq,77,-1.977238077383775,-1.7703086137771606
15,single_feature_dominant_freq,78,-1.968428208277776,-1.794705867767334
15,single_feature_dominant_freq,79,-1.994109685604389,-1.785393476486206
15,single_feature_dominant_freq,80,-1.979999569746164,-1.7505111694335938
15,single_feature_dominant_freq,81,-1.9601881137261024,-1.8085646033287048
15,single_feature_dominant_freq,82,-1.982308791233943,-1.7976888418197632
15,single_feature_dominant_freq,83,-1.994194195820735,-1.794064223766327
15,single_feature_dominant_freq,84,-2.0052180932118344,-1.8512152433395384
15,single_feature_dominant_freq,85,-2.001656559797434,-1.8265790343284607
15,single_feature_dominant_freq,86,-1.9931542598284209,-1.7877276539802551
15,single_feature_dominant_freq,87,-2.019155428959773,-1.8244691491127007
15,single_feature_dominant_freq,88,-2.0282370310563307,-1.7910900115966797
15,single_feature_dominant_freq,89,-2.002335181603065,-1.820345401763916
15,single_feature_dominant_freq,90,-2.0208782049325795,-1.81526517868042
15,single_feature_dominant_freq,91,-2.0206300020217896,-1.8127235770225525
15,single_feature_dominant_freq,92,-2.0281501549940844,-1.8190174102783203
15,single_feature_dominant_freq,93,-2.033903873883761,-1.864785611629486
15,single_feature_dominant_freq,94,-2.033230323057908,-1.836979568004608
15,single_feature_dominant_freq,95,-2.0506958594689,-1.811031758785248
15,single_feature_dominant_freq,96,-2.0399868304912863,-1.8454774618148804
15,single_feature_dominant_freq,97,-2.033998892857478,-1.863493800163269
15,single_feature_dominant_freq,98,-2.0547123964016256,-1.8271397352218628
15,single_feature_dominant_freq,99,-2.044956693282494,-1.855550825595856
15,single_feature_dominant_freq,100,-2.0379963563038754,-1.8322423100471497
15,single_feature_dominant_freq,101,-2.0412190694075365,-1.8429692387580872
15,single_feature_dominant_freq,102,-2.067272819005526,-1.8513615131378167
15,single_feature_dominant_freq,103,-2.0651124990903416,-1.87888765335083
15,single_feature_dominant_freq,104,-2.070230447329008,-1.8445837497711184
15,single_feature_dominant_freq,105,-2.0640181578122654,-1.8707433938980105
15,single_feature_dominant_freq,106,-2.072231604502752,-1.861458420753479
15,single_feature_dominant_freq,107,-2.0417297803438625,-1.839059948921204
15,single_feature_dominant_freq,108,-2.0505615105995765,-1.8535292744636536
15,single_feature_dominant_freq,109,-2.0620654362898607,-1.8752151727676392
15,single_feature_dominant_freq,110,-2.0822455883026123,-1.865325689315796
15,single_feature_dominant_freq,111,-2.094156870475182,-1.8842036724090576
15,single_feature_dominant_freq,112,-2.0843267257397,-1.859987735748291
15,single_feature_dominant_freq,113,-2.0864371886620154,-1.835448443889618
15,single_feature_dominant_freq,114,-2.0697512534948497,-1.8713061809539795
15,single_feature_dominant_freq,115,-2.069480932675875,-1.8445075154304504
15,single_feature_dominant_freq,116,-2.084783223959116,-1.885655164718628
15,single_feature_dominant_freq,117,-2.09238719023191,-1.896803200244904
15,single_feature_dominant_freq,118,-2.107430733167208,-1.858856201171875
15,single_feature_dominant_freq,119,-2.095072471178495,-1.87555730342865
15,single_feature_dominant_freq,120,-2.094375573671781,-1.8352015018463133
15,single_feature_dominant_freq,121,-2.0901003984304576,-1.8282367587089536
15,single_feature_dominant_freq,122,-2.069581526976365,-1.8887249827384949
15,single_feature_dominant_freq,123,-2.09907812338609,-1.868091821670532
15,single_feature_dominant_freq,124,-2.095744664852436,-1.8727409839630127
15,single_feature_dominant_freq,125,-2.093535909285912,-1.8746399879455569
15,single_feature_dominant_freq,126,-2.1122200305645285,-1.877448856830597
15,single_feature_dominant_freq,127,-2.108193507561317,-1.86539626121521
15,single_feature_dominant_freq,128,-2.096674130513118,-1.8572332262992857
15,single_feature_dominant_freq,129,-2.1031331832592306,-1.8904019594192505
15,single_feature_dominant_freq,130,-2.108568760064932,-1.8713213205337524
15,single_feature_dominant_freq,131,-2.12647296832158,-1.88395631313324
15,single_feature_dominant_freq,132,-2.0941564853374777,-1.878082513809204
15,single_feature_dominant_freq,133,-2.118943324455848,-1.837818145751953
15,single_feature_dominant_freq,134,-2.112719499147856,-1.855440616607666
15,single_feature_dominant_freq,135,-2.117140916677622,-1.877507209777832
15,single_feature_dominant_freq,136,-2.1080510983100305,-1.8872750401496887
15,single_feature_dominant_freq,137,-2.091114695255573,-1.827111005783081
15,single_feature_dominant_freq,138,-2.106464147567749,-1.820525944232941
15,single_feature_dominant_freq,139,-2.129736478512104,-1.8593305945396423
15,single_feature_dominant_freq,140,-2.1183894047370324,-1.8942238092422483
15,single_feature_dominant_freq,141,-2.136852667881892,-1.8997756838798523
15,single_feature_dominant_freq,142,-2.1292342956249533,-1.8886534571647644
15,single_feature_dominant_freq,143,-2.1169727582197924,-1.9125283360481264
15,single_feature_dominant_freq,144,-2.121856065896841,-1.8785979747772217
15,single_feature_dominant_freq,145,-2.138594774099497,-1.899763286113739
15,single_feature_dominant_freq,146,-2.155914233281062,-1.8680062294006348
15,single_feature_dominant_freq,147,-2.131057647558359,-1.8757451176643367
15,single_feature_dominant_freq,148,-2.1122619738945594,-1.8743513822555544
15,single_feature_dominant_freq,149,-2.124335527420044,-1.877427220344544
15,single_feature_dominant_freq,150,-2.1516873836517334,-1.8638361692428589
15,single_feature_dominant_freq,151,-2.1429636295025167,-1.902114987373352
15,single_feature_dominant_freq,152,-2.157988786697388,-1.9109255075454712
15,single_feature_dominant_freq,153,-2.151798468369704,-1.8597508072853088
15,single_feature_dominant_freq,154,-2.1604107343233547,-1.8860439658164976
15,single_feature_dominant_freq,155,-2.1507210731506348,-1.903594195842743
15,single_feature_dominant_freq,156,-2.14481885616596,-1.8525935411453247
15,single_feature_dominant_freq,157,-2.124394545188317,-1.827286779880524
15,single_feature_dominant_freq,158,-2.140718661821805,-1.8757121562957764
15,single_feature_dominant_freq,159,-2.1675449518057017,-1.864916980266571
15,single_feature_dominant_freq,160,-2.1443694004645715,-1.8698711395263672
15,single_feature_dominant_freq,161,-2.163939310954168,-1.8481796979904173
15,single_feature_dominant_freq,162,-2.155064967962412,-1.8497471809387207
15,single_feature_dominant_freq,163,-2.168692240348229,-1.8871268033981323
15,single_feature_dominant_freq,164,-2.1697251063126783,-1.8922249674797056
15,single_feature_dominant_freq,165,-2.175245963610136,-1.827320396900177
15,single_feature_dominant_freq,166,-2.1794529144580546,-1.912726879119873
15,single_feature_dominant_freq,167,-2.1735135225149302,-1.82884281873703
15,single_feature_dominant_freq,168,-2.1344886926504283,-1.869842767715454
15,single_feature_dominant_freq,169,-2.1695783688471866,-1.86797559261322
15,single_feature_dominant_freq,170,-2.1761875519385705,-1.919781982898712
15,single_feature_dominant_freq,171,-2.178108692169189,-1.8831964135169983
15,single_feature_dominant_freq,172,-2.1803647738236647,-1.867559671401977
15,single_feature_dominant_freq,173,-2.1695502354548526,-1.859276592731476
15,single_feature_dominant_freq,174,-2.1739464906545787,-1.880969762802124
15,single_feature_dominant_freq,175,-2.187364193109365,-1.8772990703582764
15,single_feature_dominant_freq,176,-2.179527227695172,-1.8671002388000488
15,single_feature_dominant_freq,177,-2.1648024228902965,-1.825173616409301
15,single_feature_dominant_freq,178,-2.1737087873312144,-1.8006222248077393
15,single_feature_dominant_freq,179,-2.183365620099581,-1.833547115325928
15,single_feature_dominant_freq,180,-2.185399495638334,-1.889750480651856
15,single_feature_dominant_freq,181,-2.1902189438159647,-1.8919668793678284
15,single_feature_dominant_freq,182,-2.194926170202402,-1.8602818250656128
15,single_feature_dominant_freq,183,-2.195193932606624,-1.85791677236557
15,single_feature_dominant_freq,184,-2.1854961652022142,-1.8418858647346497
15,single_feature_dominant_freq,185,-2.181692655269916,-1.8628936409950256
15,single_feature_dominant_freq,186,-2.139843390538142,-1.921948492527008
15,single_feature_dominant_freq,187,-2.173767695060143,-1.871950387954712
15,single_feature_dominant_freq,188,-2.1787045001983643,-1.816813766956329
15,single_feature_dominant_freq,189,-2.200936592542208,-1.8453583717346191
15,single_feature_dominant_freq,190,-2.1973038086524377,-1.8302676677703853
15,single_feature_dominant_freq,191,-2.1933783201070933,-1.833219826221466
15,single_feature_dominant_freq,192,-2.198360534814688,-1.8894771933555603
15,single_feature_dominant_freq,193,-2.1991653809180627,-1.851290225982666
15,single_feature_dominant_freq,194,-2.215654428188617,-1.876703143119812
15,single_feature_dominant_freq,195,-2.2116093818957987,-1.8766682744026184
15,single_feature_dominant_freq,196,-2.2007132126734805,-1.8308011293411253
15,single_feature_dominant_freq,197,-2.199680676827064,-1.8742274641990664
15,single_feature_dominant_freq,198,-2.217556880070613,-1.8742565512657168
15,single_feature_dominant_freq,199,-2.21045288672814,-1.8414310216903689
15,single_feature_dominant_freq,200,-2.2101001005906324,-1.8954602479934688
15,single_feature_dominant_freq,201,-2.2181562643784742,-1.900215923786164
15,single_feature_dominant_freq,202,-2.209790193117582,-1.856634676456452
15,single_feature_dominant_freq,203,-2.220564603805542,-1.81018215417862
15,single_feature_dominant_freq,204,-2.210037268125094,-1.8651337623596191
15,single_feature_dominant_freq,205,-2.223255487588736,-1.8182915449142456
15,single_feature_dominant_freq,206,-2.227484097847572,-1.8668757677078247
15,single_feature_dominant_freq,207,-2.2268936450664816,-1.8841851353645325
15,single_feature_dominant_freq,208,-2.233426662591788,-1.835775136947632
15,single_feature_dominant_freq,209,-2.2113628204052267,-1.8812101483345032
15,single_feature_dominant_freq,210,-2.195746348454402,-1.8746169209480288
15,single_feature_dominant_freq,211,-2.224775644449087,-1.8233025074005127
15,single_feature_hjorth_mobility,0,0.083411262012445,-0.2235405147075653
15,single_feature_hjorth_mobility,1,-0.3566422324914198,-0.4870938062667846
15,single_feature_hjorth_mobility,2,-0.5711882916780618,-0.637152373790741
15,single_feature_hjorth_mobility,3,-0.7284363508224487,-0.8181665539741516
15,single_feature_hjorth_mobility,4,-0.8811289805632371,-0.9114120900630952
15,single_feature_hjorth_mobility,5,-1.0301755666732788,-1.066100835800171
15,single_feature_hjorth_mobility,6,-1.1534852064572847,-1.1850594878196716
15,single_feature_hjorth_mobility,7,-1.2866251927155714,-1.275176167488098
15,single_feature_hjorth_mobility,8,-1.3944909205803504,-1.439807415008545
15,single_feature_hjorth_mobility,9,-1.5581026535767777,-1.5786407589912417
15,single_feature_hjorth_mobility,10,-1.6847176551818848,-1.7050864696502686
15,single_feature_hjorth_mobility,11,-1.7684976504399226,-1.7978110313415527
15,single_feature_hjorth_mobility,12,-1.8841886061888475,-1.8719102144241333
15,single_feature_hjorth_mobility,13,-1.945496770051809,-1.9847564697265625
15,single_feature_hjorth_mobility,14,-2.0582586343471823,-2.0697052478790283
15,single_feature_hjorth_mobility,15,-2.0212322106728187,-2.146964192390442
15,single_feature_hjorth_mobility,16,-2.1178299280313344,-2.158132553100586
15,single_feature_hjorth_mobility,17,-2.2632607313302846,-2.2833625078201294
15,single_feature_hjorth_mobility,18,-2.2811184846437893,-2.164755940437317
15,single_feature_hjorth_mobility,19,-2.2901906050168552,-2.319570302963257
15,single_feature_hjorth_mobility,20,-2.338036830608661,-2.090364933013916
15,single_feature_hjorth_mobility,21,-2.362530524914081,-2.429736852645874
15,single_feature_hjorth_mobility,22,-2.3944103717803955,-2.393397331237793
15,single_feature_hjorth_mobility,23,-2.434044361114502,-2.178030252456665
15,single_feature_hjorth_mobility,24,-2.436515881465032,-2.466293334960937
15,single_feature_hjorth_mobility,25,-2.4946928941286526,-2.464764952659607
15,single_feature_hjorth_mobility,26,-2.552729991766123,-2.563584089279175
15,single_feature_hjorth_mobility,27,-2.50683960547814,-2.457454204559326
15,single_feature_hjorth_mobility,28,-2.516222586998573,-2.413677334785461
15,single_feature_hjorth_mobility,29,-2.538385739693275,-2.538121104240417
15,single_feature_hjorth_mobility,30,-2.6090352535247803,-2.501835942268372
15,single_feature_hjorth_mobility,31,-2.6162153023939867,-2.35441255569458
15,single_feature_hjorth_mobility,32,-2.636123675566453,-2.6119112968444824
15,single_feature_hjorth_mobility,33,-2.6611927839425893,-2.6210522651672363
15,single_feature_hjorth_mobility,34,-2.6800956359276404,-2.467612147331238
15,single_feature_hjorth_mobility,35,-2.6826925461108866,-2.684846997261048
15,single_feature_hjorth_mobility,36,-2.713473228307871,-2.658189058303833
15,single_feature_hjorth_mobility,37,-2.739382211978619,-2.53113865852356
15,single_feature_hjorth_mobility,38,-2.73490388576801,-2.701847553253174
15,single_feature_hjorth_mobility,39,-2.756583177126371,-2.7015955448150635
15,single_feature_hjorth_mobility,40,-2.772415106113141,-2.605238676071167
15,single_feature_hjorth_mobility,41,-2.7531350209162784,-2.733659148216248
15,single_feature_hjorth_mobility,42,-2.808905087984525,-2.7033698558807373
15,single_feature_hjorth_mobility,43,-2.8333420203282285,-2.812964081764221
15,single_feature_hjorth_mobility,44,-2.8095948696136475,-2.7636154890060425
15,single_feature_hjorth_mobility,45,-2.848589401978713,-2.828077435493469
15,single_feature_hjorth_mobility,46,-2.8360459987933817,-2.6728127002716064
15,single_feature_hjorth_mobility,47,-2.850141763687134,-2.848989486694336
15,single_feature_hjorth_mobility,48,-2.866065630545983,-2.8296401500701904
15,single_feature_hjorth_mobility,49,-2.8753405717703013,-2.525874614715576
15,single_feature_hjorth_mobility,50,-2.8564160420344424,-2.9032827615737915
15,single_feature_hjorth_mobility,51,-2.8771781737987814,-2.8997106552124023
15,single_feature_hjorth_mobility,52,-2.9063865588261533,-2.619167923927307
15,single_feature_hjorth_mobility,53,-2.913634813748873,-2.8939242362976074
15,single_feature_hjorth_mobility,54,-2.922364895160382,-2.857918858528137
15,single_feature_hjorth_mobility,55,-2.940128656534048,-2.742358446121216
15,single_feature_hjorth_mobility,56,-2.895545959472656,-2.8015369176864624
15,single_feature_hjorth_mobility,57,-3.016628302060641,-2.8355298042297363
15,single_feature_hjorth_mobility,58,-3.024169628436749,-2.980039596557617
15,single_feature_hjorth_mobility,59,-3.0126594213339,-2.7948293685913086
15,single_feature_hjorth_mobility,60,-3.082574349183303,-2.965620398521424
15,single_feature_hjorth_mobility,61,-3.080243000617394,-2.887914776802063
15,single_feature_hjorth_mobility,62,-2.899485367995042,-2.6897518634796143
15,single_feature_hjorth_mobility,63,-2.881817542589628,-2.987771987915039
15,single_feature_hjorth_mobility,64,-3.105521238767184,-2.938821315765381
15,single_feature_hjorth_mobility,65,-3.138999975644625,-2.955607414245605
15,single_feature_hjorth_mobility,66,-3.1063892474541297,-2.91355848312378
15,single_feature_hjorth_mobility,67,-3.135471307314359,-2.9120689630508423
15,single_feature_hjorth_mobility,68,-3.144038823934702,-2.9907543659210205
15,single_feature_hjorth_mobility,69,-3.1640448020054746,-3.026847004890442
15,single_feature_hjorth_mobility,70,-3.1847678331228404,-3.028826236724853
15,single_feature_hjorth_mobility,71,-3.186611212216891,-2.943901777267456
15,single_feature_hjorth_mobility,72,-3.171750710560725,-3.00334632396698
15,single_feature_hjorth_mobility,73,-3.063607399280255,-2.84307599067688
15,single_feature_hjorth_mobility,74,-3.143027764100295,-3.0747917890548706
15,single_feature_hjorth_mobility,75,-3.1972142182863674,-2.9373159408569336
15,single_feature_hjorth_mobility,76,-3.1727695831885705,-3.08370840549469
15,single_feature_hjorth_mobility,77,-3.147805984203632,-2.9455000162124634
15,single_feature_hjorth_mobility,78,-3.2072016275846043,-3.087466239929199
15,single_feature_hjorth_mobility,79,-3.2268736912653995,-3.04955530166626
15,single_feature_hjorth_mobility,80,-3.2067147951859694,-2.977240920066833
15,single_feature_hjorth_mobility,81,-3.1806278778956485,-2.996564269065857
15,single_feature_hjorth_mobility,82,-3.147676211137038,-2.967723846435547
15,single_feature_hjorth_mobility,83,-3.115047803291908,-2.9618940353393555
15,single_feature_hjorth_mobility,84,-2.9901078114142785,-3.02894127368927
15,single_feature_hjorth_mobility,85,-3.0873265816615176,-3.007419228553772
15,single_feature_hjorth_mobility,86,-3.1325815274165225,-2.959739446640014
15,single_feature_hjorth_mobility,87,-3.136682510375977,-2.982284188270569
15,single_feature_hjorth_mobility,88,-3.2289012395418606,-3.051398992538452
15,single_feature_hjorth_mobility,89,-3.259775216762836,-3.1139577627182007
15,single_feature_hjorth_mobility,90,-3.1416763158944936,-3.0440497398376465
15,single_feature_hjorth_mobility,91,-3.21956388766949,-2.980590343475342
15,single_feature_hjorth_mobility,92,-3.235028156867394,-3.094591736793518
15,single_feature_hjorth_mobility,93,-3.2866995334625244,-3.0424447059631348
15,single_feature_hjorth_mobility,94,-3.2555552079127383,-3.130221009254456
15,single_feature_hjorth_mobility,95,-3.2224890818962684,-3.092282056808472
15,single_feature_hjorth_mobility,96,-3.237752731029804,-3.0331140756607056
15,single_feature_hjorth_mobility,97,-3.2781415719252367,-2.8981854915618896
15,single_feature_hjorth_mobility,98,-3.068789170338557,-2.861318349838257
15,single_feature_hjorth_mobility,99,-3.163146275740403,-3.065110564231873
15,single_feature_hjorth_mobility,100,-3.2922534392430234,-3.073941707611084
15,single_feature_hjorth_mobility,101,-3.138660247509296,-2.9923689365386963
15,single_feature_hjorth_mobility,102,-3.2024250580714297,-3.1631017923355103
15,single_feature_hjorth_mobility,103,-3.290457450426542,-3.035374164581299
15,single_feature_hjorth_mobility,104,-3.286742045329168,-3.1200671195983887
15,single_feature_hjorth_mobility,105,-3.257650980582604,-2.5429941415786743
15,single_feature_hjorth_mobility,106,-3.136604089003342,-3.1798712015151978
15,single_feature_hjorth_mobility,107,-3.197914196894719,-3.0704444646835327
15,single_feature_hjorth_mobility,108,-3.2229853776785045,-2.921842694282532
15,single_feature_hjorth_mobility,109,-3.2361313746525693,-3.1588891744613647
15,single_feature_hjorth_mobility,110,-3.224072969876803,-3.1343106031417847
15,single_feature_hjorth_mobility,111,-3.266916568462665,-2.935466408729553
15,single_feature_hjorth_mobility,112,-3.2312838481022763,-3.163191556930542
15,single_feature_hjorth_mobility,113,-3.2496861677903395,-3.051114559173584
15,single_feature_hjorth_mobility,114,-3.251796612372765,-2.881953716278076
15,single_feature_hjorth_mobility,115,-3.249554303976206,-3.148877739906311
15,single_feature_hjorth_mobility,116,-3.2564330467811,-3.066856622695923
15,single_feature_hjorth_mobility,117,-3.2531757721534142,-2.9681143760681152
15,single_feature_hjorth_mobility,118,-3.259835096505972,-3.0800505876541138
15,single_feature_hjorth_mobility,119,-3.295423672749446,-3.062750816345215
15,single_feature_hjorth_mobility,120,-3.2719299426445594,-2.990981340408325
15,single_feature_hjorth_mobility,121,-3.2676317875201883,-3.1538132429122925
15,single_feature_hjorth_mobility,122,-3.288513256953313,-3.051971912384033
15,single_feature_hjorth_mobility,123,-3.287720185059768,-2.975492000579834
15,single_feature_hjorth_mobility,124,-3.26761245727539,-3.225532412528992
15,single_feature_hjorth_mobility,125,-3.252563384863046,-3.113016128540039
15,single_feature_hjorth_mobility,126,-3.3006427104656515,-2.9771037101745605
15,single_feature_hjorth_mobility,127,-3.2949590499584493,-3.150152325630188
15,single_feature_hjorth_mobility,128,-3.304814467063317,-3.1254552602767944
15,single_feature_hjorth_mobility,129,-3.3126454720130334,-3.0669047832489014
15,single_feature_hjorth_mobility,130,-3.2793105015387902,-3.158202767372132
15,single_feature_hjorth_mobility,131,-3.3318126018230734,-3.1047492027282715
15,single_feature_hjorth_mobility,132,-3.33193956888639,-3.2644916772842407
15,single_feature_hjorth_mobility,133,-3.393901531512921,-3.113611102104187
15,single_feature_hjorth_mobility,134,-3.3298965784219594,-3.1437289714813232
15,single_feature_hjorth_mobility,135,-3.3925998210906982,-3.21893322467804
15,single_feature_hjorth_mobility,136,-3.413344529958872,-3.192467451095581
15,single_feature_hjorth_mobility,137,-3.293855061897865,-3.044536590576172
15,single_feature_hjorth_mobility,138,-3.3573140181027927,-3.2116183042526245
15,single_feature_hjorth_mobility,139,-3.379816165337196,-3.1894277334213257
15,single_feature_hjorth_mobility,140,-3.347820337002094,-2.80280077457428
15,single_feature_hjorth_mobility,141,-3.2866814136505127,-3.224353313446045
15,single_feature_hjorth_mobility,142,-3.3273494243621826,-3.123961925506592
15,single_feature_hjorth_mobility,143,-3.324680548447829,-3.160694122314453
15,single_feature_hjorth_mobility,144,-3.3393785586723914,-3.1925950050354004
15,single_feature_hjorth_mobility,145,-3.3247167880718527,-3.051475048065185
15,single_feature_hjorth_mobility,146,-3.3351205495687632,-2.9528679847717285
15,single_feature_hjorth_mobility,147,-3.3217148047227125,-3.2499953508377075
15,single_feature_hjorth_mobility,148,-3.3619032823122463,-3.163100838661194
15,single_feature_hjorth_mobility,149,-3.371020115338839,-3.163020372390747
15,single_feature_hjorth_mobility,150,-3.432430835870596,-3.228484988212585
15,single_feature_hjorth_mobility,151,-3.4361724303318906,-3.143982648849488
15,single_feature_hjorth_mobility,152,-3.4122854196108303,-3.2068426609039307
15,single_feature_hjorth_mobility,153,-3.442374119391808,-3.124274969100952
15,single_feature_hjorth_mobility,154,-3.449222106199998,-3.205246925354004
15,single_feature_hjorth_mobility,155,-3.4620942886059103,-3.233882188796997
15,single_feature_hjorth_mobility,156,-3.4642802018385668,-3.250929832458496
15,single_feature_hjorth_mobility,157,-3.4744656819563646,-3.205687165260315
15,single_feature_hjorth_complexity,0,0.1078172230090086,-0.1833512336015701
15,single_feature_hjorth_complexity,1,-0.3150420509851895,-0.411632090806961
15,single_feature_hjorth_complexity,2,-0.496196645956773,-0.5157471299171448
15,single_feature_hjorth_complexity,3,-0.6339392203551072,-0.6207185983657837
15,single_feature_hjorth_complexity,4,-0.7641642414606534,-0.7667882442474365
15,single_feature_hjorth_complexity,5,-0.9020896370594318,-0.909902960062027
15,single_feature_hjorth_complexity,6,-1.0385129314202528,-1.028852254152298
15,single_feature_hjorth_complexity,7,-1.1744871506324182,-1.186139702796936
15,single_feature_hjorth_complexity,8,-1.3048090567955604,-1.2933292984962463
15,single_feature_hjorth_complexity,9,-1.4336261657568126,-1.4269010424613953
15,single_feature_hjorth_complexity,10,-1.555976886015672,-1.5214341878890991
15,single_feature_hjorth_complexity,11,-1.676337324655973,-1.6638857126235962
15,single_feature_hjorth_complexity,12,-1.7558598976868849,-1.7077981233596802
15,single_feature_hjorth_complexity,13,-1.835609078407288,-1.7999521493911743
15,single_feature_hjorth_complexity,14,-1.8882318001527048,-1.8442952632904053
15,single_feature_hjorth_complexity,15,-1.96583930345682,-1.924696922302246
15,single_feature_hjorth_complexity,16,-2.0149880097462582,-1.9559841752052307
15,single_feature_hjorth_complexity,17,-2.035708317389855,-1.955519497394561
15,single_feature_hjorth_complexity,18,-2.0362941118387075,-2.045838952064514
15,single_feature_hjorth_complexity,19,-2.110319825319144,-2.0052493810653687
15,single_feature_hjorth_complexity,20,-2.1793166307302623,-2.0092432498931885
15,single_feature_hjorth_complexity,21,-2.1829521105839658,-2.100339889526367
15,single_feature_hjorth_complexity,22,-2.231457380148081,-2.0621654987335205
15,single_feature_hjorth_complexity,23,-2.271817977611835,-2.1042144298553467
15,single_feature_hjorth_complexity,24,-2.2801841222322903,-2.2095059156417847
15,single_feature_hjorth_complexity,25,-2.28252388880803,-2.213887929916382
15,single_feature_hjorth_complexity,26,-2.320452690124512,-2.181389808654785
15,single_feature_hjorth_complexity,27,-2.331912535887498,-2.239972949028015
15,single_feature_hjorth_complexity,28,-2.3483593463897705,-2.2272666692733765
15,single_feature_hjorth_complexity,29,-2.313072296289297,-2.1566030979156494
15,single_feature_hjorth_complexity,30,-2.194275278311509,-2.2108815908432007
15,single_feature_hjorth_complexity,31,-2.399038003041194,-2.287466287612915
15,single_feature_hjorth_complexity,32,-2.4124295711517334,-2.284241437911988
15,single_feature_hjorth_complexity,33,-2.424166899461013,-2.081560730934143
15,single_feature_hjorth_complexity,34,-2.349369195791392,-2.0425167083740234
15,single_feature_hjorth_complexity,35,-2.3759665305797872,-2.3323549032211304
15,single_feature_hjorth_complexity,36,-2.4014625549316406,-2.3119102716445923
15,single_feature_hjorth_complexity,37,-2.422916980890127,-2.251388669013977
15,single_feature_hjorth_complexity,38,-2.4291449876932,-2.3977240324020386
15,single_feature_hjorth_complexity,39,-2.42660718697768,-2.321566581726074
15,single_feature_hjorth_complexity,40,-2.4528923951662502,-2.243436574935913
15,single_feature_hjorth_complexity,41,-2.458088159561157,-2.3696417808532715
15,single_feature_hjorth_complexity,42,-2.4764726161956787,-2.351875424385071
15,single_feature_hjorth_complexity,43,-2.4720809092888465,-2.296005249023437
15,single_feature_hjorth_complexity,44,-2.463927232302152,-2.3473657369613647
15,single_feature_hjorth_complexity,45,-2.4772005264575663,-2.3435986042022705
15,single_feature_hjorth_complexity,46,-2.4799995055565467,-2.302721738815308
15,single_feature_hjorth_complexity,47,-2.4991776576408973,-2.4245396852493286
15,single_feature_hjorth_complexity,48,-2.511164646882277,-2.4007747173309326
15,single_feature_hjorth_complexity,49,-2.51758755170382,-2.339843511581421
15,single_feature_hjorth_complexity,50,-2.523493583385761,-2.4294568300247192
15,single_feature_hjorth_complexity,51,-2.526215149806096,-2.392515182495117
15,single_feature_hjorth_complexity,52,-2.541897443624644,-2.368907809257508
15,single_feature_hjorth_complexity,53,-2.5290875251476583,-2.386879205703736
15,single_feature_hjorth_complexity,54,-2.5942005010751576,-2.436789035797119
15,single_feature_hjorth_complexity,55,-2.585254008953388,-2.326189398765564
15,single_feature_hjorth_complexity,56,-2.574033205325787,-2.4970412254333496
15,single_feature_hjorth_complexity,57,-2.6238043858454776,-2.452837824821472
15,single_feature_hjorth_complexity,58,-2.620039077905508,-2.3383315801620483
15,single_feature_hjorth_complexity,59,-2.5449205545278697,-2.3090771436691284
15,single_feature_hjorth_complexity,60,-2.573430299758911,-2.487062096595764
15,single_feature_hjorth_complexity,61,-2.6598803997039795,-2.46440863609314
15,single_feature_hjorth_complexity,62,-2.62213369516226,-2.44332218170166
15,single_feature_hjorth_complexity,63,-2.646678631122296,-2.513340950012207
15,single_feature_hjorth_complexity,64,-2.684608459472656,-2.513096570968628
15,single_feature_hjorth_complexity,65,-2.677100034860464,-2.499916672706604
15,single_feature_hjorth_complexity,66,-2.6689844865065355,-2.525615692138672
15,single_feature_hjorth_complexity,67,-2.701099945948674,-2.504415512084961
15,single_feature_hjorth_complexity,68,-2.677359232535729,-2.579791188240052
15,single_feature_hjorth_complexity,69,-2.7006720029390774,-2.484770059585572
15,single_feature_hjorth_complexity,70,-2.6934381815103383,-2.494746208190918
15,single_feature_hjorth_complexity,71,-2.7219755832965555,-2.458840727806092
15,single_feature_hjorth_complexity,72,-2.702477070001456,-2.5437774658203125
15,single_feature_hjorth_complexity,73,-2.72633695602417,-2.580144166946411
15,single_feature_hjorth_complexity,74,-2.742437289311336,-2.606138825416565
15,single_feature_hjorth_complexity,75,-2.7554802160996656,-2.576085686683655
15,single_feature_hjorth_complexity,76,-2.751841581784762,-2.5844805240631104
15,single_feature_hjorth_complexity,77,-2.7083848256331224,-2.539928913116455
15,single_feature_hjorth_complexity,78,-2.7064233193030725,-2.5511447191238403
15,single_feature_hjorth_complexity,79,-2.745008340248695,-2.5695571899414062
15,single_feature_hjorth_complexity,80,-2.713521278821505,-2.5481882095336914
15,single_feature_hjorth_complexity,81,-2.760902716563298,-2.572944164276123
15,single_feature_hjorth_complexity,82,-2.7698926008664646,-2.575129508972168
15,single_feature_hjorth_complexity,83,-2.7817030869997463,-2.593155026435852
15,single_feature_hjorth_complexity,84,-2.782769001447237,-2.5954993963241577
15,single_feature_hjorth_complexity,85,-2.7791885962853065,-2.6072230339050293
15,single_feature_hjorth_complexity,86,-2.779721608528724,-2.488771915435791
15,single_feature_hjorth_complexity,87,-2.7559497356414795,-2.5646835565567017
15,single_feature_hjorth_complexity,88,-2.788341173758873,-2.608088612556457
15,single_feature_hjorth_complexity,89,-2.772081521841196,-2.605690717697144
15,single_feature_hjorth_complexity,90,-2.7528239580301137,-2.4546172618865967
15,single_feature_hjorth_complexity,91,-2.6644847759833703,-2.5404502153396606
15,single_feature_hjorth_complexity,92,-2.705242193662204,-2.5892282724380493
15,single_feature_hjorth_complexity,93,-2.7328352011167087,-2.505111694335937
15,single_feature_hjorth_complexity,94,-2.7388086869166446,-2.619517922401428
15,single_feature_hjorth_complexity,95,-2.7430744721339297,-2.6585922241210938
15,single_feature_hjorth_complexity,96,-2.7366692286271315,-2.5265567302703857
15,single_feature_hjorth_complexity,97,-2.7413786007807803,-2.5018372535705566
15,single_feature_hjorth_complexity,98,-2.734419034077571,-2.5748666524887085
15,single_feature_hjorth_complexity,99,-2.765880603056688,-2.559628486633301
15,single_feature_hjorth_complexity,100,-2.770587004148043,-2.5854954719543457
15,single_feature_hjorth_complexity,101,-2.738402329958402,-2.5521514415740967
15,single_feature_hjorth_complexity,102,-2.7487122462346005,-2.413187861442566
15,single_feature_hjorth_complexity,103,-2.779113072615403,-2.6073724031448364
15,single_feature_hjorth_complexity,104,-2.744836825590867,-2.56494688987732
15,single_feature_hjorth_complexity,105,-2.8200354759509745,-2.583816647529602
15,single_feature_hjorth_complexity,106,-2.8229583410116343,-2.6481584310531616
15,single_feature_hjorth_complexity,107,-2.828860924794124,-2.638528823852539
15,single_feature_hjorth_complexity,108,-2.8382354149451623,-2.6284459829330444
15,single_feature_hjorth_complexity,109,-2.797106926257794,-2.665637731552124
15,single_feature_hjorth_complexity,110,-2.768139655773456,-2.559125542640686
15,single_feature_hjorth_complexity,111,-2.7785622706780067,-2.511631488800049
15,single_feature_hjorth_complexity,112,-2.7595170644613414,-2.598561644554138
15,single_feature_hjorth_complexity,113,-2.7986520253694973,-2.5630687475204468
15,single_feature_hjorth_complexity,114,-2.772260830952571,-2.6358795166015625
15,single_feature_hjorth_complexity,115,-2.8507233216212344,-2.656183123588562
15,single_feature_hjorth_complexity,116,-2.847269975222074,-2.6219699382781982
15,single_feature_hjorth_complexity,117,-2.7534995629237247,-2.648680686950684
15,single_feature_hjorth_complexity,118,-2.8090413166926456,-2.6226165294647217
15,single_feature_hjorth_complexity,119,-2.849684110054603,-2.6772706508636475
15,single_feature_hjorth_complexity,120,-2.822132110595703,-2.6798436641693115
15,single_feature_hjorth_complexity,121,-2.753666107471173,-2.6521869897842407
15,single_feature_hjorth_complexity,122,-2.851390526844905,-2.64353084564209
15,single_feature_hjorth_complexity,123,-2.874528114612286,-2.5977160930633545
15,single_feature_hjorth_complexity,124,-2.8454315112187314,-2.649250030517578
15,single_feature_hjorth_complexity,125,-2.8631388590886044,-2.6244276762008667
15,single_feature_hjorth_complexity,126,-2.873798993917612,-2.591987371444702
15,single_feature_hjorth_complexity,127,-2.839169300519503,-2.5123578310012817
15,single_feature_hjorth_complexity,128,-2.8128381142249475,-2.650231719017029
15,single_feature_hjorth_complexity,129,-2.8626188314878025,-2.6473333835601807
15,single_feature_hjorth_complexity,130,-2.863465602581317,-2.6883132457733154
15,single_feature_hjorth_complexity,131,-2.852229411785419,-2.567562460899353
15,single_feature_hjorth_complexity,132,-2.7689469961019664,-2.54968523979187
15,single_feature_hjorth_complexity,133,-2.8589644248668966,-2.672592639923096
15,single_feature_hjorth_complexity,134,-2.887691149344811,-2.68395733833313
15,single_feature_hjorth_complexity,135,-2.8828511971693773,-2.667987823486328
15,single_feature_hjorth_complexity,136,-2.829995797230647,-2.6066787242889404
15,single_feature_hjorth_complexity,137,-2.8408812376169057,-2.629377603530884
15,single_feature_hjorth_complexity,138,-2.8329976155207706,-2.582388639450073
15,single_feature_hjorth_complexity,139,-2.81493119093088,-2.601713418960572
15,single_feature_hjorth_complexity,140,-2.843945888372568,-2.620357871055603
15,single_feature_hjorth_complexity,141,-2.8330796498518724,-2.57275915145874
15,single_feature_hjorth_complexity,142,-2.83764699789194,-2.6963114738464355
15,single_feature_hjorth_complexity,143,-2.847038745880127,-2.64534330368042
15,single_feature_hjorth_complexity,144,-2.845097468449519,-2.61623752117157
15,single_feature_hjorth_complexity,145,-2.897725912240835,-2.643789052963257
15,single_feature_hjorth_complexity,146,-2.8999831126286435,-2.6713626384735107
15,single_feature_hjorth_complexity,147,-2.835748324027428,-2.6879234313964844
15,single_feature_hjorth_complexity,148,-2.8604116439819336,-2.595753669738769
15,single_feature_hjorth_complexity,149,-2.832588324180016,-2.5958107709884644
15,single_feature_hjorth_complexity,150,-2.845869706227229,-2.706316828727722
15,single_feature_hjorth_complexity,151,-2.8616025081047645,-2.677099704742432
15,single_feature_hjorth_complexity,152,-2.885458451050978,-2.689255952835083
15,single_feature_hjorth_complexity,153,-2.9270117099468527,-2.6136281490325928
15,single_feature_hjorth_complexity,154,-2.838009394132174,-2.5680272579193115
15,single_feature_hjorth_complexity,155,-2.8681380381950965,-2.687180995941162
15,single_feature_hjorth_complexity,156,-2.911967791043795,-2.6256855726242065
15,single_feature_hjorth_complexity,157,-2.901014804840088,-2.693804979324341
15,single_feature_hjorth_complexity,158,-2.861896588252141,-2.6957613229751587
15,single_feature_hjorth_complexity,159,-2.863537256534283,-2.6891735792160034
15,single_feature_hjorth_complexity,160,-2.87612849015456,-2.54237699508667
15,single_feature_hjorth_complexity,161,-2.866440974749052,-2.5745556354522705
15,single_feature_hjorth_complexity,162,-2.871190382884099,-2.704964399337769
15,single_feature_hjorth_complexity,163,-2.842312317628127,-2.5995718240737915
15,single_feature_hjorth_complexity,164,-2.8473499371455264,-2.711087465286255
15,single_feature_hjorth_complexity,165,-2.904264853550837,-2.696710467338562
15,single_feature_hjorth_complexity,166,-2.8443891451909,-2.4636412858963013
15,single_feature_hjorth_complexity,167,-2.7709854932931752,-2.6467283964157104
15,single_feature_hjorth_complexity,168,-2.898582256757296,-2.664652228355408
15,single_feature_hjorth_complexity,169,-2.9217685002547045,-2.706506490707397
15,single_feature_hjorth_complexity,170,-2.9544744124779334,-2.7234209775924683
15,single_feature_hjorth_complexity,171,-2.879770719088041,-2.592858076095581
15,single_feature_hjorth_complexity,172,-2.90324198282682,-2.679668426513672
15,single_feature_hjorth_complexity,173,-2.942668309578529,-2.6814074516296387
15,single_feature_hjorth_complexity,174,-2.9645074147444506,-2.700302481651306
15,single_feature_hjorth_complexity,175,-2.929671837733342,-2.595032453536988
15,single_feature_hjorth_complexity,176,-2.938049554824829,-2.712652564048767
15,single_feature_hjorth_complexity,177,-2.948347568511963,-2.7044148445129395
15,single_feature_hjorth_complexity,178,-2.940129206730769,-2.66906213760376
15,single_feature_hjorth_complexity,179,-2.9401966608487644,-2.734348177909851
15,single_feature_hjorth_complexity,180,-2.9399979481330285,-2.6915677785873413
15,single_feature_hjorth_complexity,181,-2.9513539534348707,-2.723057985305786
15,single_feature_hjorth_complexity,182,-2.945511267735408,-2.702553033828736
15,single_feature_hjorth_complexity,183,-2.961188554763794,-2.696955442428589
15,single_feature_hjorth_complexity,184,-2.953376549940842,-2.712130308151245
15,single_feature_hjorth_complexity,185,-2.9586353668799767,-2.6793850660324097
15,single_feature_hjorth_complexity,186,-2.870476245880127,-2.616927742958069
15,single_feature_hjorth_complexity,187,-2.89282409961407,-2.662599921226501
15,single_feature_hjorth_complexity,188,-2.899629592895508,-2.623984932899475
15,single_feature_hjorth_complexity,189,-2.901927379461436,-2.680659770965576
15,single_feature_hjorth_complexity,190,-2.922012237402109,-2.6859614849090576
15,single_feature_hjorth_complexity,191,-2.950600935862614,-2.718603491783142
15,single_feature_hjorth_complexity,192,-2.9673300706423245,-2.759587049484253
15,single_feature_hjorth_complexity,193,-2.974649135883038,-2.725808620452881
15,single_feature_hjorth_complexity,194,-2.9597629400400014,-2.641936421394348
15,single_feature_hjorth_complexity,195,-2.923404051707341,-2.780160903930664
15,single_feature_hjorth_complexity,196,-2.983764593417828,-2.7289135456085205
15,single_feature_hjorth_complexity,197,-2.980123813335712,-2.7145113945007324
15,single_feature_hjorth_complexity,198,-2.9873718665196347,-2.7065409421920776
15,single_feature_hjorth_complexity,199,-2.97405639061561,-2.6541407108306885
15,single_feature_hjorth_complexity,200,-2.9721958820636454,-2.712452173233032
15,single_feature_hjorth_complexity,201,-2.905733145200289,-2.5963813066482544
15,single_feature_hjorth_complexity,202,-2.903375405531663,-2.7636691331863403
15,single_feature_hjorth_complexity,203,-2.949527905537532,-2.717964172363281
15,single_feature_hjorth_complexity,204,-2.95466109422537,-2.5228164196014404
15,single_feature_hjorth_complexity,205,-2.884802378140963,-2.606603026390076
15,single_feature_hjorth_complexity,206,-2.943527111640343,-2.724878430366516
15,single_feature_hjorth_complexity,207,-2.966610450011033,-2.751956343650818
15,single_feature_hjorth_complexity,208,-2.9491252715771017,-2.689223885536194
15,single_feature_hjorth_complexity,209,-2.9229480303250828,-2.472846508026123
15,single_feature_hjorth_complexity,210,-2.9081540474524865,-2.595554828643799
15,single_feature_hjorth_complexity,211,-2.943225237039419,-2.739006876945496
15,single_feature_hjorth_complexity,212,-2.9976768493652344,-2.738738536834717
15,single_feature_hjorth_complexity,213,-3.0035320795499363,-2.7537341117858887
15,single_feature_hjorth_complexity,214,-2.951631215902476,-2.695273518562317
15,single_feature_hjorth_complexity,215,-2.916033267974853,-2.661540150642395
15,single_feature_hjorth_complexity,216,-2.9635381331810584,-2.581686019897461
15,single_feature_hjorth_complexity,217,-2.925372490516076,-2.732804775238037
15,single_feature_hjorth_complexity,218,-2.96463861832252,-2.76567280292511
15,single_feature_hjorth_complexity,219,-2.946676932848417,-2.6132370233535767
15,single_feature_hjorth_complexity,220,-2.9236930150252123,-2.392259120941162
50,masked_npe,0,0.1086078690221676,-0.1183763965964317
50,masked_npe,1,-0.2566793486475944,-0.3873204588890075
50,masked_npe,2,-0.4692481618661147,-0.5580314099788666
50,masked_npe,3,-0.6613190815998957,-0.7572878897190094
50,masked_npe,4,-0.8281941597278302,-0.9119938015937804
50,masked_npe,5,-0.9911974026606634,-1.0001736283302307
50,masked_npe,6,-1.1361099298183734,-1.1521313190460205
50,masked_npe,7,-1.2618646805103009,-1.2974214553833008
50,masked_npe,8,-1.392640288059528,-1.429921805858612
50,masked_npe,9,-1.5077804235311656,-1.5057520866394043
50,masked_npe,10,-1.597855155284588,-1.590850591659546
50,masked_npe,11,-1.6577279659417958,-1.635512888431549
50,masked_npe,12,-1.7703882180727446,-1.699968159198761
50,masked_npe,13,-1.8042609691619875,-1.8483984470367432
50,masked_npe,14,-1.8725395019237807,-1.856955528259277
50,masked_npe,15,-1.9172959969593928,-1.8636415600776672
50,masked_npe,16,-1.996057152748108,-2.0065035820007324
50,masked_npe,17,-2.069713775928204,-2.062100410461426
50,masked_npe,18,-2.0737386850210338,-2.090031862258911
50,masked_npe,19,-2.1121584268716664,-1.99897563457489
50,masked_npe,20,-2.1856974088228664,-2.123052835464477
50,masked_npe,21,-2.209951804234432,-2.175342559814453
50,masked_npe,22,-2.2178596533261814,-2.24941086769104
50,masked_npe,23,-2.247857313889724,-2.259892225265503
50,masked_npe,24,-2.3181398465083194,-2.3284645080566406
50,masked_npe,25,-2.382132365153386,-2.3291555643081665
50,masked_npe,26,-2.379840484032264,-2.2943127155303955
50,masked_npe,27,-2.4305037535153904,-2.381781458854676
50,masked_npe,28,-2.4278069826272817,-2.3095136880874634
50,masked_npe,29,-2.390636737530048,-2.413856029510498
50,masked_npe,30,-2.4085674469287577,-2.298774480819702
50,masked_npe,31,-2.431887149810791,-2.3892171382904053
50,masked_npe,32,-2.461029346172626,-2.45589017868042
50,masked_npe,33,-2.5029048186082106,-2.4456892013549805
50,masked_npe,34,-2.5990630113161526,-2.506644129753113
50,masked_npe,35,-2.6469378104576697,-2.4510838985443115
50,masked_npe,36,-2.6072657108306885,-2.5192227363586426
50,masked_npe,37,-2.5995433697333703,-2.558923721313477
50,masked_npe,38,-2.6774252561422496,-2.5891032218933105
50,masked_npe,39,-2.760971271074735,-2.530386209487915
50,masked_npe,40,-2.7078177562126746,-2.698087811470032
50,masked_npe,41,-2.746351077006413,-2.7068039178848267
50,masked_npe,42,-2.7614128589630127,-2.7263370752334595
50,masked_npe,43,-2.771201592225295,-2.595501661300659
50,masked_npe,44,-2.751535177230835,-2.6038979291915894
50,masked_npe,45,-2.7054186784304104,-2.6704142093658447
50,masked_npe,46,-2.8261424027956448,-2.7522318363189697
50,masked_npe,47,-2.827544597479013,-2.7956751585006714
50,masked_npe,48,-2.8412838715773363,-2.873380303382873
50,masked_npe,49,-2.8267386509821963,-2.8387738466262817
50,masked_npe,50,-2.870660671821008,-2.7818496227264404
50,masked_npe,51,-2.924310023968036,-2.778160810470581
50,masked_npe,52,-2.943763017654419,-2.8725032806396484
50,masked_npe,53,-2.9409759044647217,-2.896254301071167
50,masked_npe,54,-2.950586263950054,-2.860573649406433
50,masked_npe,55,-3.004715369297908,-2.926551938056946
50,masked_npe,56,-3.056065852825458,-3.0666279792785645
50,masked_npe,57,-3.0860804411081166,-3.0523080825805664
50,masked_npe,58,-3.1385191770700307,-3.011072874069214
50,masked_npe,59,-3.1208304441892185,-3.050872683525085
50,masked_npe,60,-3.1435745496016283,-3.005913257598877
50,masked_npe,61,-3.208086765729464,-3.14255166053772
50,masked_npe,62,-3.125281425622793,-2.879143595695496
50,masked_npe,63,-3.0996474486130934,-3.092861771583557
50,masked_npe,64,-3.2548273159907413,-3.093756079673767
50,masked_npe,65,-3.1921978363623986,-3.06839370727539
50,masked_npe,66,-3.1059853847210226,-2.7988414764404297
50,masked_npe,67,-3.173337826362023,-3.0473607778549194
50,masked_npe,68,-3.1794678614689755,-3.2256282567977905
50,masked_npe,69,-3.1867481745206394,-3.276344656944275
50,masked_npe,70,-3.204778121067928,-3.205981969833374
50,masked_npe,71,-3.312005354807927,-3.069309115409851
50,masked_npe,72,-3.3106513940371,-3.3292089700698853
50,masked_npe,73,-3.370952661220844,-3.262606143951416
50,masked_npe,74,-3.2681159239548903,-3.058935046195984
50,masked_npe,75,-3.3364472572620096,-3.3468974828720093
50,masked_npe,76,-3.397355134670551,-3.28794777393341
50,masked_npe,77,-3.4561639565687914,-3.3211371898651123
50,masked_npe,78,-3.467605480780968,-3.3767430782318115
50,masked_npe,79,-3.354990794108464,-3.2317423820495605
50,masked_npe,80,-3.409912182734563,-3.3296879529953003
50,masked_npe,81,-3.495891075867873,-3.2753117084503174
50,masked_npe,82,-3.4164870518904467,-3.3234875202178955
50,masked_npe,83,-3.539153190759512,-3.305192947387696
50,masked_npe,84,-3.4403246549459605,-3.4266066551208496
50,masked_npe,85,-3.4209804901709924,-3.184233903884888
50,masked_npe,86,-3.3933568550990176,-3.414883852005005
50,masked_npe,87,-3.5096421975355883,-3.4585689306259155
50,masked_npe,88,-3.517128816017738,-3.4314054250717163
50,masked_npe,89,-3.5092013432429385,-3.329869747161865
50,masked_npe,90,-3.404042757474459,-3.3534189462661743
50,masked_npe,91,-3.511409502763015,-3.51241147518158
50,masked_npe,92,-3.4972555820758524,-3.4041290283203125
50,masked_npe,93,-3.5824530124664307,-3.672683358192444
50,masked_npe,94,-3.5511862681462216,-3.427063226699829
50,masked_npe,95,-3.5417274878575253,-3.576468825340271
50,masked_npe,96,-3.658937344184289,-3.549208283424377
50,masked_npe,97,-3.649052436535175,-3.5956075191497803
50,masked_npe,98,-3.667454462784987,-3.5493407249450684
50,masked_npe,99,-3.743636571443998,-3.527982473373413
50,masked_npe,100,-3.7260603721325216,-3.540100336074829
50,masked_npe,101,-3.574481780712421,-3.4840587377548218
50,masked_npe,102,-3.651952046614426,-3.25521981716156
50,masked_npe,103,-3.5408732340886044,-3.38024365901947
50,masked_npe,104,-3.4901542846973124,-3.526323080062866
50,masked_npe,105,-3.642398229012122,-3.627390146255493
50,masked_npe,106,-3.781028050642747,-3.5975632667541504
50,masked_npe,107,-3.807160891019381,-3.588113307952881
50,masked_npe,108,-3.6572847182934094,-3.693817496299744
50,masked_npe,109,-3.715300303239089,-3.582967519760132
50,masked_npe,110,-3.648746875616221,-3.676636815071106
50,masked_npe,111,-3.7122523051041822,-3.78072738647461
50,masked_npe,112,-3.715932130813599,-3.6063233613967896
50,masked_npe,113,-3.761382836561936,-3.735294938087464
50,masked_npe,114,-3.717804028437688,-3.5753716230392456
50,masked_npe,115,-3.671625210688664,-3.693840622901917
50,masked_npe,116,-3.8386589380411,-3.582118034362793
50,masked_npe,117,-3.82063863827632,-3.756494402885437
50,masked_npe,118,-3.802784204483032,-3.921614527702332
50,masked_npe,119,-3.7664619042323184,-3.621393203735352
50,masked_npe,120,-3.809063819738535,-3.68712317943573
50,masked_npe,121,-3.8689994628612814,-3.832852125167847
50,masked_npe,122,-3.899723621515127,-3.8138160705566406
50,masked_npe,123,-3.807877760667068,-3.7975239753723145
50,masked_npe,124,-3.845521119924692,-3.7576613426208496
50,masked_npe,125,-3.87094783782959,-3.858063697814941
50,masked_npe,126,-3.8220874896416297,-3.643520474433899
50,masked_npe,127,-3.9376201446239767,-3.792874813079834
50,masked_npe,128,-3.905968556037316,-3.829129457473755
50,masked_npe,129,-3.903238168129554,-3.888476610183716
50,masked_npe,130,-3.8806183888362,-3.8429765701293945
50,masked_npe,131,-3.909493226271409,-3.700713396072388
50,masked_npe,132,-3.811574697494507,-3.7435052394866943
50,masked_npe,133,-3.845517158508301,-3.904321789741516
50,masked_npe,134,-3.881528010735145,-3.7800004482269287
50,masked_npe,135,-3.823587490962102,-3.703850984573364
50,masked_npe,136,-3.961088877457839,-3.807217001914978
50,masked_npe,137,-4.020284744409414,-3.9627492427825928
50,masked_npe,138,-4.005642083974985,-3.853374481201172
50,masked_npe,139,-3.943133097428542,-3.5248501300811768
50,masked_npe,140,-3.791093642895038,-3.883205533027649
50,masked_npe,141,-3.9093501017643857,-3.912566661834717
50,masked_npe,142,-3.951394741351788,-3.69673240184784
50,masked_npe,143,-3.891411011035626,-3.72237777709961
50,masked_npe,144,-3.934932286922748,-3.842482089996338
50,masked_npe,145,-3.9857283372145433,-3.99336290359497
50,masked_npe,146,-4.008593962742732,-3.760640621185303
50,masked_npe,147,-3.959233614114616,-4.104407072067261
50,masked_npe,148,-4.086662384179922,-4.034608840942383
50,masked_npe,149,-4.1139178826258735,-3.85927951335907
50,masked_npe,150,-4.077600497465867,-3.9260140657424927
50,masked_npe,151,-4.054614727313702,-3.947136402130127
50,masked_npe,152,-4.145697318590605,-4.055155038833618
50,masked_npe,153,-4.056169326488789,-3.83001708984375
50,masked_npe,154,-4.102241534453172,-3.939130663871765
50,masked_npe,155,-4.081497247402485,-3.940100312232971
50,masked_npe,156,-4.081116602971004,-4.109380722045898
50,masked_npe,157,-4.093151844464815,-4.09027361869812
50,masked_npe,158,-4.070204918201153,-3.9907596111297607
50,masked_npe,159,-4.093226432800293,-3.973791718482971
50,masked_npe,160,-4.189976747219379,-3.977745532989502
50,masked_npe,161,-4.034599726016705,-3.884912610054016
50,masked_npe,162,-4.036428873355572,-4.002248406410217
50,masked_npe,163,-4.085351503812349,-3.805705666542053
50,masked_npe,164,-4.096630206474891,-4.131347179412842
50,masked_npe,165,-4.1830339431762695,-3.92507529258728
50,masked_npe,166,-4.012108252598689,-3.7478469610214233
50,masked_npe,167,-3.9914973699129535,-3.97819983959198
50,masked_npe,168,-4.2083097237807054,-3.984371781349182
50,masked_npe,169,-4.119192251792321,-4.041211843490601
50,masked_npe,170,-4.05850469149076,-4.148680925369263
50,masked_npe,171,-4.132084919856145,-4.172622680664063
50,masked_npe,172,-4.143533504926241,-3.878258109092712
50,masked_npe,173,-4.153187311612642,-4.09259843826294
50,masked_npe,174,-4.183627311999981,-4.1334874629974365
50,masked_npe,175,-4.195969343185425,-4.124786138534546
50,masked_npe,176,-4.090177095853365,-4.1675238609313965
50,masked_npe,177,-4.007615602933443,-4.104795217514038
50,masked_npe,178,-4.113414746064406,-3.946648955345154
50,masked_npe,179,-4.224212536445031,-4.113675355911255
50,masked_npe,180,-4.142375212449294,-4.034878849983215
50,masked_npe,181,-4.192749096797063,-4.274255037307739
50,masked_npe,182,-4.158742244427021,-4.0194313526153564
50,masked_npe,183,-4.08965017245366,-4.057568430900574
50,masked_npe,184,-4.266683321732741,-3.967430591583252
50,masked_npe,185,-4.25776850260221,-4.165010452270508
50,masked_npe,186,-4.145026647127592,-4.063385963439941
50,masked_npe,187,-4.145343597118671,-3.969464063644409
50,masked_npe,188,-4.065432731921856,-3.639020442962648
50,masked_npe,189,-4.122682039554302,-4.149163246154785
50,masked_npe,190,-4.29774808883667,-4.269731760025024
50,masked_npe,191,-4.314204766200139,-4.122395992279053
50,masked_npe,192,-4.323024089519794,-4.296263694763184
50,masked_npe,193,-4.2955690530630255,-4.247596025466919
50,masked_npe,194,-4.256956137143648,-4.234444618225098
50,masked_npe,195,-4.169727142040546,-4.190991163253784
50,masked_npe,196,-4.200231295365554,-3.993636012077332
50,masked_npe,197,-4.089947810539832,-4.085729956626892
50,masked_npe,198,-4.241212716469398,-4.32841682434082
50,masked_npe,199,-4.1062029875241794,-4.203205347061157
50,masked_npe,200,-4.256145624014048,-3.961087346076965
50,masked_npe,201,-4.305853348511916,-4.14205813407898
50,masked_npe,202,-4.247621352855976,-4.157690525054932
50,masked_npe,203,-4.307084083557129,-4.295759677886963
50,masked_npe,204,-4.333748927483192,-4.181202530860901
50,masked_npe,205,-4.365770926842322,-4.274482250213623
50,masked_npe,206,-4.354152404344999,-4.300360202789307
50,masked_npe,207,-4.347858282235952,-4.360504150390625
50,masked_npe,208,-4.349073923551119,-4.273019552230835
50,masked_npe,209,-4.431384563446045,-4.24200701713562
50,masked_npe,210,-4.344057046450102,-4.3677473068237305
50,masked_npe,211,-4.338464296781099,-4.109306812286377
50,masked_npe,212,-4.315688720116248,-4.464174747467041
50,masked_npe,213,-4.3267328922565165,-4.321814775466919
50,masked_npe,214,-4.259576944204477,-4.147337198257446
50,masked_npe,215,-4.3848766546982985,-4.258600473403931
50,masked_npe,216,-4.34378143457266,-4.456694602966309
50,masked_npe,217,-4.421188574570876,-4.286324739456177
50,masked_npe,218,-4.404426721426157,-4.235451698303223
50,masked_npe,219,-4.382951663090632,-4.189887046813965
50,masked_npe,220,-4.396578715397761,-4.330194234848023
50,masked_npe,221,-4.492331541501558,-4.290993452072144
50,masked_npe,222,-4.465510808504545,-4.222174167633057
50,masked_npe,223,-4.402084607344407,-4.273450374603272
50,masked_npe,224,-4.362164167257456,-4.274341106414795
50,masked_npe,225,-4.375372739938589,-4.293513774871826
50,masked_npe,226,-4.425200682419997,-4.229389667510986
50,masked_npe,227,-4.338728464566744,-4.100151777267456
50,masked_npe,228,-4.280436992645264,-4.3115739822387695
50,masked_npe,229,-4.4064136285048265,-4.419003963470459
50,masked_npe,230,-4.458238748403696,-4.398957967758179
50,masked_npe,231,-4.495524223034199,-4.4034199714660645
50,masked_npe,232,-4.309614364917461,-4.384527683258057
50,masked_npe,233,-4.35771028812115,-4.4469146728515625
50,masked_npe,234,-4.220370677801279,-4.2952845096588135
50,masked_npe,235,-4.435061711531419,-4.378341674804688
50,masked_npe,236,-4.513360316936787,-4.319159746170044
50,masked_npe,237,-4.509239453535813,-4.320073366165161
50,single_feature_skewness,0,0.1108689014441692,-0.1541268229484558
50,single_feature_skewness,1,-0.2692572680803445,-0.3431174457073211
50,single_feature_skewness,2,-0.4453656283708719,-0.4961707293987274
50,single_feature_skewness,3,-0.6112252886478717,-0.6735028922557831
50,single_feature_skewness,4,-0.815702653848208,-0.8908398449420929
50,single_feature_skewness,5,-1.0773391448534453,-1.143561065196991
50,single_feature_skewness,6,-1.2535527486067553,-1.2363604307174685
50,single_feature_skewness,7,-1.363507087414081,-1.3319011926651
50,single_feature_skewness,8,-1.4604312181472778,-1.3977819681167605
50,single_feature_skewness,9,-1.5459819023425765,-1.5198501944541931
50,single_feature_skewness,10,-1.6272042256135206,-1.5672562718391418
50,single_feature_skewness,11,-1.6917204398375292,-1.660904049873352
50,single_feature_skewness,12,-1.7770123665149395,-1.6825613379478457
50,single_feature_skewness,13,-1.8103362688651448,-1.6984513401985168
50,single_feature_skewness,14,-1.7986143277241633,-1.7004785537719729
50,single_feature_skewness,15,-1.842522153487572,-1.844319105148316
50,single_feature_skewness,16,-1.8707845577826867,-1.828308582305908
50,single_feature_skewness,17,-1.9358801658336933,-1.877790629863739
50,single_feature_skewness,18,-1.9718074248387265,-1.7922207117080688
50,single_feature_skewness,19,-1.9918008400843688,-1.9616186618804927
50,single_feature_skewness,20,-2.0145033597946167,-1.954088032245636
50,single_feature_skewness,21,-2.009943943757277,-1.9139298796653748
50,single_feature_skewness,22,-2.053094111956083,-2.0126558542251587
50,single_feature_skewness,23,-2.07902952340933,-2.0273122787475586
50,single_feature_skewness,24,-2.0861272536791287,-2.0140926837921143
50,single_feature_skewness,25,-2.0780408199016867,-1.90809828042984
50,single_feature_skewness,26,-2.0882064745976376,-2.055286407470703
50,single_feature_skewness,27,-2.154494945819561,-2.080236792564392
50,single_feature_skewness,28,-2.1732897758483887,-2.0600706338882446
50,single_feature_skewness,29,-2.1817880227015567,-2.065479040145874
50,single_feature_skewness,30,-2.1969510316848755,-2.108190655708313
50,single_feature_skewness,31,-2.212975098536565,-2.091787099838257
50,single_feature_skewness,32,-2.218424742038433,-2.153145670890808
50,single_feature_skewness,33,-2.217662664560171,-1.8777666091918943
50,single_feature_skewness,34,-2.181085183070256,-2.111140012741089
50,single_feature_skewness,35,-2.2735146559201755,-2.1782103776931763
50,single_feature_skewness,36,-2.261281160207896,-2.122026562690735
50,single_feature_skewness,37,-2.2499232658973107,-2.1710026264190674
50,single_feature_skewness,38,-2.3058546689840465,-2.16343605518341
50,single_feature_skewness,39,-2.263770616971529,-2.179121494293213
50,single_feature_skewness,40,-2.2773112883934608,-2.1904587745666504
50,single_feature_skewness,41,-2.2665790227743297,-1.9686155319213867
50,single_feature_skewness,42,-2.154013890486497,-2.207170486450196
50,single_feature_skewness,43,-2.24535032419058,-2.177481412887573
50,single_feature_skewness,44,-2.263266581755418,-2.1499907970428467
50,single_feature_skewness,45,-2.2962712141183705,-2.1008846759796143
50,single_feature_skewness,46,-2.3032575020423303,-2.2042791843414307
50,single_feature_skewness,47,-2.336419068850004,-2.157675504684448
50,single_feature_skewness,48,-2.269123700948862,-2.233614921569824
50,single_feature_skewness,49,-2.283152213463417,-2.030988574028015
50,single_feature_skewness,50,-2.301512039624728,-2.2373507022857666
50,single_feature_skewness,51,-2.36898765197167,-2.2379512786865234
50,single_feature_skewness,52,-2.3817304281088023,-2.30452847480774
50,single_feature_skewness,53,-2.3843740683335524,-2.176462173461914
50,single_feature_skewness,54,-2.340521060503446,-2.260734796524048
50,single_feature_skewness,55,-2.3992775770334096,-2.3158419132232666
50,single_feature_skewness,56,-2.4087641055767355,-2.250312328338623
50,single_feature_skewness,57,-2.4359903152172384,-2.319763660430908
50,single_feature_skewness,58,-2.421849782650287,-2.285104274749756
50,single_feature_skewness,59,-2.404047580865713,-2.302870035171509
50,single_feature_skewness,60,-2.4371245824373684,-2.304653763771057
50,single_feature_skewness,61,-2.460582366356483,-2.3083101511001587
50,single_feature_skewness,62,-2.4653332233428955,-2.2975049018859863
50,single_feature_skewness,63,-2.488183901860164,-2.331245422363281
50,single_feature_skewness,64,-2.46845111480126,-2.318859815597534
50,single_feature_skewness,65,-2.4919723914219785,-2.3805781602859497
50,single_feature_skewness,66,-2.491782151735746,-2.34609854221344
50,single_feature_skewness,67,-2.5021190093113828,-2.2241952419281006
50,single_feature_skewness,68,-2.47569229052617,-2.383167266845703
50,single_feature_skewness,69,-2.467213318898128,-2.3025951385498047
50,single_feature_skewness,70,-2.49060557438777,-2.4036694765090942
50,single_feature_skewness,71,-2.5183006800138035,-2.355783581733704
50,single_feature_skewness,72,-2.531581786962656,-2.3461248874664307
50,single_feature_skewness,73,-2.485592108506423,-2.2556278705596924
50,single_feature_skewness,74,-2.504676066912137,-2.355561137199402
50,single_feature_skewness,75,-2.511811824945303,-2.3969563245773315
50,single_feature_skewness,76,-2.524259952398447,-2.299413323402405
50,single_feature_skewness,77,-2.5184869949634257,-2.405818581581116
50,single_feature_skewness,78,-2.5372572862184963,-2.32073175907135
50,single_feature_skewness,79,-2.474595931860117,-2.2168368101119995
50,single_feature_skewness,80,-2.402995861493624,-2.2962511777877808
50,single_feature_skewness,81,-2.561319662974431,-2.3924989700317383
50,single_feature_skewness,82,-2.568159745289729,-2.41951847076416
50,single_feature_skewness,83,-2.50616480753972,-2.265864610671997
50,single_feature_skewness,84,-2.556934485068688,-2.446228742599488
50,single_feature_skewness,85,-2.527714307491596,-2.4234381914138794
50,single_feature_skewness,86,-2.531261297372671,-2.337011694908142
50,single_feature_skewness,87,-2.5169365406036377,-2.32666563987732
50,single_feature_skewness,88,-2.5461047062507043,-2.431979775428772
50,single_feature_skewness,89,-2.552554130554199,-2.2908884286880493
50,single_feature_skewness,90,-2.54451951613793,-2.467427968978882
50,single_feature_skewness,91,-2.576584504200862,-2.4081207513809204
50,single_feature_skewness,92,-2.568978052872878,-2.289212703704834
50,single_feature_skewness,93,-2.551217977817242,-2.421589732170105
50,single_feature_skewness,94,-2.5848997556246243,-2.490315318107605
50,single_feature_skewness,95,-2.608014455208412,-2.419982075691223
50,single_feature_skewness,96,-2.6319569624387302,-2.4559909105300903
50,single_feature_skewness,97,-2.6209897078000584,-2.418711304664612
50,single_feature_skewness,98,-2.5656273731818566,-2.362667798995972
50,single_feature_skewness,99,-2.537248446391179,-2.2769877910614014
50,single_feature_skewness,100,-2.590203046798706,-2.44197678565979
50,single_feature_skewness,101,-2.602959522834191,-2.398404002189636
50,single_feature_skewness,102,-2.566276623652532,-2.382412075996399
50,single_feature_skewness,103,-2.631036428304819,-2.48191750049591
50,single_feature_skewness,104,-2.599564919104943,-2.441365599632263
50,single_feature_skewness,105,-2.622531560751108,-2.4972320795059204
50,single_feature_skewness,106,-2.6275930954859805,-2.4616260528564453
50,single_feature_skewness,107,-2.633112779030433,-2.4481388330459595
50,single_feature_skewness,108,-2.620752206215492,-2.379751920700073
50,single_feature_skewness,109,-2.592411646476158,-2.4358255863189697
50,single_feature_skewness,110,-2.625479624821589,-2.4284815788269043
50,single_feature_skewness,111,-2.640819732959454,-2.43899917602539
50,single_feature_skewness,112,-2.6740164940173807,-2.4346492290496826
50,single_feature_skewness,113,-2.668130251077505,-2.5095434188842773
50,single_feature_skewness,114,-2.6179113388061523,-2.4052547216415405
50,single_feature_skewness,115,-2.630917292374831,-2.418046712875366
50,single_feature_skewness,116,-2.4987173080444336,-2.449655532836914
50,single_feature_skewness,117,-2.6087682980757494,-2.4745118618011475
50,single_feature_skewness,118,-2.6233844390282264,-2.397002935409546
50,single_feature_skewness,119,-2.6233932971954346,-2.492911458015442
50,single_feature_skewness,120,-2.6610144651853123,-2.4442684650421143
50,single_feature_skewness,121,-2.6465393213125377,-2.332820415496826
50,single_feature_skewness,122,-2.624726423850426,-2.4151920080184937
50,single_feature_skewness,123,-2.682597618836623,-2.514334917068481
50,single_feature_skewness,124,-2.56126987017118,-2.31306529045105
50,single_feature_skewness,125,-2.595085015663734,-2.4372544288635254
50,single_feature_skewness,126,-2.624892308161809,-2.515190839767456
50,single_feature_skewness,127,-2.675286641487709,-2.5358067750930786
50,single_feature_skewness,128,-2.6949969621805043,-2.4671273231506348
50,single_feature_skewness,129,-2.658438150699322,-2.435894727706909
50,single_feature_skewness,130,-2.668761565135076,-2.4731667041778564
50,single_feature_skewness,131,-2.6853647232055664,-2.476144313812256
50,single_feature_skewness,132,-2.681076728380644,-2.399640917778015
50,single_feature_skewness,133,-2.6193559169769287,-2.496816635131836
50,single_feature_skewness,134,-2.67166282580449,-2.4560141563415527
50,single_feature_skewness,135,-2.673082535083477,-2.476053237915039
50,single_feature_skewness,136,-2.6443082369290867,-2.5139265060424805
50,single_feature_skewness,137,-2.6684359036959133,-2.492294192314148
50,single_feature_skewness,138,-2.713257147715642,-2.4694687128067017
50,single_feature_skewness,139,-2.710890238101666,-2.459114909172058
50,single_feature_skewness,140,-2.6773474399860087,-2.521563768386841
50,single_feature_skewness,141,-2.7125190037947435,-2.5302734375
50,single_feature_skewness,142,-2.646792008326604,-2.5036572217941284
50,single_feature_skewness,143,-2.689258025242732,-2.5224008560180664
50,single_feature_skewness,144,-2.71973232122568,-2.4779109954833984
50,single_feature_skewness,145,-2.709217805128831,-2.349131226539612
50,single_feature_skewness,146,-2.6828828774965725,-2.5306825637817383
50,single_feature_skewness,147,-2.735175206111028,-2.5136868953704834
50,single_feature_skewness,148,-2.706881963289701,-2.534055471420288
50,single_feature_skewness,149,-2.711240988511306,-2.448439359664917
50,single_feature_skewness,150,-2.685657574580266,-2.5317864418029785
50,single_feature_skewness,151,-2.7085389357346754,-2.49392306804657
50,single_feature_skewness,152,-2.727220296859741,-2.5016088485717773
50,single_feature_kurtosis,0,0.1209081557507698,-0.1553268730640411
50,single_feature_kurtosis,1,-0.2675371227356103,-0.3405534029006958
50,single_feature_kurtosis,2,-0.4218086577378787,-0.4384483247995376
50,single_feature_kurtosis,3,-0.5315726697444916,-0.5332240462303162
50,single_feature_kurtosis,4,-0.6130915880203247,-0.5767263770103455
50,single_feature_kurtosis,5,-0.701931907580449,-0.6626290678977966
50,single_feature_kurtosis,6,-0.7538133951333853,-0.7112810909748077
50,single_feature_kurtosis,7,-0.8139808315497178,-0.7664710879325867
50,single_feature_kurtosis,8,-0.8562185764312744,-0.8227491676807404
50,single_feature_kurtosis,9,-0.9020863679739144,-0.8377302289009094
50,single_feature_kurtosis,10,-0.9535423792325534,-0.8763720691204071
50,single_feature_kurtosis,11,-1.005066000498258,-0.9276962280273438
50,single_feature_kurtosis,12,-1.062231256411626,-0.9960408210754396
50,single_feature_kurtosis,13,-1.129585596231314,-1.0943400263786316
50,single_feature_kurtosis,14,-1.208025308755728,-1.1477491855621338
50,single_feature_kurtosis,15,-1.279504968569829,-1.2395007014274595
50,single_feature_kurtosis,16,-1.3538372424932628,-1.3338575959205627
50,single_feature_kurtosis,17,-1.4106588822144728,-1.370074450969696
50,single_feature_kurtosis,18,-1.4828455173052275,-1.3866662979125977
50,single_feature_kurtosis,19,-1.5189574039899385,-1.4880003333091736
50,single_feature_kurtosis,20,-1.563801462833698,-1.5318315029144287
50,single_feature_kurtosis,21,-1.548635794566228,-1.5311089754104614
50,single_feature_kurtosis,22,-1.5850627422332764,-1.5474615693092346
50,single_feature_kurtosis,23,-1.6465438237557044,-1.621473789215088
50,single_feature_kurtosis,24,-1.6825350522994995,-1.6250421404838562
50,single_feature_kurtosis,25,-1.7167868614196775,-1.69036865234375
50,single_feature_kurtosis,26,-1.7447211467302763,-1.7044051885604858
50,single_feature_kurtosis,27,-1.7688479698621309,-1.7502135634422302
50,single_feature_kurtosis,28,-1.7735492449540358,-1.7855032682418823
50,single_feature_kurtosis,29,-1.8284717064637404,-1.816007673740387
50,single_feature_kurtosis,30,-1.8216011707599349,-1.78620183467865
50,single_feature_kurtosis,31,-1.8432923555374143,-1.8208075761795044
50,single_feature_kurtosis,32,-1.905803607060359,-1.8623985052108765
50,single_feature_kurtosis,33,-1.9278192611841047,-1.7839144468307495
50,single_feature_kurtosis,34,-1.904017182496878,-1.8774657249450684
50,single_feature_kurtosis,35,-1.9891912295268133,-1.9317269325256348
50,single_feature_kurtosis,36,-1.9947002025750968,-1.9263364672660828
50,single_feature_kurtosis,37,-2.0149670105714064,-1.968155562877655
50,single_feature_kurtosis,38,-2.039578988001897,-1.982082486152649
50,single_feature_kurtosis,39,-2.043238373903128,-1.9168999791145325
50,single_feature_kurtosis,40,-2.050871830720168,-2.01944637298584
50,single_feature_kurtosis,41,-2.0844594973784227,-2.061374306678772
50,single_feature_kurtosis,42,-2.0786408461057224,-1.9779760837554927
50,single_feature_kurtosis,43,-2.062151844684894,-1.957887530326844
50,single_feature_kurtosis,44,-2.029633549543528,-1.9643322229385376
50,single_feature_kurtosis,45,-2.068754764703604,-1.9214667081832888
50,single_feature_kurtosis,46,-2.0801653495201697,-1.993467807769776
50,single_feature_kurtosis,47,-2.0756494265336256,-2.0633989572525024
50,single_feature_kurtosis,48,-2.1266288940723124,-2.051775455474853
50,single_feature_kurtosis,49,-2.1174297149364767,-1.9876344203948968
50,single_feature_kurtosis,50,-2.1432404793225803,-2.019121766090393
50,single_feature_kurtosis,51,-2.155417185563308,-2.1133755445480347
50,single_feature_kurtosis,52,-2.158309276287372,-2.073331117630005
50,single_feature_kurtosis,53,-2.181129602285532,-2.1056597232818604
50,single_feature_kurtosis,54,-2.203102240195641,-2.1286683082580566
50,single_feature_kurtosis,55,-2.1919768039996805,-2.082104682922364
50,single_feature_kurtosis,56,-2.157928760235126,-2.0312111377716064
50,single_feature_kurtosis,57,-2.17250919342041,-2.170139789581299
50,single_feature_kurtosis,58,-2.2127872797159047,-2.1031891107559204
50,single_feature_kurtosis,59,-2.184064975151649,-2.034749567508697
50,single_feature_kurtosis,60,-2.2172993696652927,-2.1109100580215454
50,single_feature_kurtosis,61,-2.236961658184345,-2.104748845100403
50,single_feature_kurtosis,62,-2.214121653483464,-2.160271644592285
50,single_feature_kurtosis,63,-2.2455166303194485,-2.1602113246917725
50,single_feature_kurtosis,64,-2.251723106090839,-2.1477904319763184
50,single_feature_kurtosis,65,-2.266222678698026,-2.152233362197876
50,single_feature_kurtosis,66,-2.263677340287429,-2.133384704589844
50,single_feature_kurtosis,67,-2.2624010489537167,-2.156506896018982
50,single_feature_kurtosis,68,-2.2873943952413707,-2.171239852905273
50,single_feature_kurtosis,69,-2.280971472079937,-2.1265655755996704
50,single_feature_kurtosis,70,-2.281873886401837,-2.2337703704833984
50,single_feature_kurtosis,71,-2.2739971417647142,-2.1403982639312744
50,single_feature_kurtosis,72,-2.2666446429032545,-2.057337045669556
50,single_feature_kurtosis,73,-2.2439409219301663,-2.1427886486053467
50,single_feature_kurtosis,74,-2.2940859427818885,-2.179327249526977
50,single_feature_kurtosis,75,-2.3056431000049296,-2.189460039138794
50,single_feature_kurtosis,76,-2.293313246506912,-2.1711853742599487
50,single_feature_kurtosis,77,-2.2954703661111684,-2.142913937568665
50,single_feature_kurtosis,78,-2.2781670093536377,-2.142066717147827
50,single_feature_kurtosis,79,-2.3094123877011814,-2.19941508769989
50,single_feature_kurtosis,80,-2.3162800532120924,-2.1695570945739746
50,single_feature_kurtosis,81,-2.338917512160081,-2.2014591693878174
50,single_feature_kurtosis,82,-2.3374641858614407,-2.209063649177552
50,single_feature_kurtosis,83,-2.3403372581188497,-2.198001980781555
50,single_feature_kurtosis,84,-2.339921529476459,-2.2263548374176025
50,single_feature_kurtosis,85,-2.3360451551584096,-2.116543292999268
50,single_feature_kurtosis,86,-2.289321349217341,-2.12615704536438
50,single_feature_kurtosis,87,-2.3400320456578183,-2.182279348373413
50,single_feature_kurtosis,88,-2.3353792337270884,-2.218669295310974
50,single_feature_kurtosis,89,-2.3605418572059045,-2.2275654077529907
50,single_feature_kurtosis,90,-2.357161466891949,-2.227121949195862
50,single_feature_kurtosis,91,-2.3544049629798303,-2.2230875492095947
50,single_feature_kurtosis,92,-2.360739671266996,-2.220542073249817
50,single_feature_kurtosis,93,-2.3686458881084738,-2.2122271060943604
50,single_feature_kurtosis,94,-2.3541098741384654,-2.207661986351013
50,single_feature_kurtosis,95,-2.322432316266573,-2.1947100162506104
50,single_feature_spectral_slope,0,0.0765146658970759,-0.2528826892375946
50,single_feature_spectral_slope,1,-0.4028517099527212,-0.5132604837417603
50,single_feature_spectral_slope,2,-0.6466385309512799,-0.7067499458789825
50,single_feature_spectral_slope,3,-0.8358465478970454,-0.8839294016361237
50,single_feature_spectral_slope,4,-0.996370819898752,-1.0477392077445984
50,single_feature_spectral_slope,5,-1.1215087908964891,-1.145486831665039
50,single_feature_spectral_slope,6,-1.193126733486469,-1.2089391946792605
50,single_feature_spectral_slope,7,-1.2545870725925152,-1.2214568853378296
50,single_feature_spectral_slope,8,-1.292126646408668,-1.2589491605758667
50,single_feature_spectral_slope,9,-1.329426802121676,-1.314286470413208
50,single_feature_spectral_slope,10,-1.361323439157926,-1.32745361328125
50,single_feature_spectral_slope,11,-1.3852992332898653,-1.3573772311210632
50,single_feature_spectral_slope,12,-1.4077337430073664,-1.371073067188263
50,single_feature_spectral_slope,13,-1.431770453086266,-1.429889976978302
50,single_feature_spectral_slope,14,-1.4492035187207737,-1.4093759655952454
50,single_feature_spectral_slope,15,-1.4648282711322491,-1.4207875728607178
50,single_feature_spectral_slope,16,-1.4820621747236986,-1.4498957395553589
50,single_feature_spectral_slope,17,-1.491043879435613,-1.4790022373199463
50,single_feature_spectral_slope,18,-1.516775864821214,-1.461758553981781
50,single_feature_spectral_slope,19,-1.520562923871554,-1.496411144733429
50,single_feature_spectral_slope,20,-1.5380106339087851,-1.474897861480713
50,single_feature_spectral_slope,21,-1.54271360544058,-1.4930909872055054
50,single_feature_spectral_slope,22,-1.562938699355492,-1.5079972743988037
50,single_feature_spectral_slope,23,-1.5820412635803225,-1.53947651386261
50,single_feature_spectral_slope,24,-1.587408368404095,-1.515817165374756
50,single_feature_spectral_slope,25,-1.5893950370641856,-1.5109777450561523
50,single_feature_spectral_slope,26,-1.616921800833482,-1.551785409450531
50,single_feature_spectral_slope,27,-1.6300820937523477,-1.5507283210754397
50,single_feature_spectral_slope,28,-1.628438876225398,-1.5464056134223938
50,single_feature_spectral_slope,29,-1.63447249852694,-1.5767573714256289
50,single_feature_spectral_slope,30,-1.6741651846812322,-1.6119443774223328
50,single_feature_spectral_slope,31,-1.696135319196261,-1.6040716767311096
50,single_feature_spectral_slope,32,-1.7027680965570302,-1.638427734375
50,single_feature_spectral_slope,33,-1.7068198919296265,-1.617264986038208
50,single_feature_spectral_slope,34,-1.7146703830132115,-1.6042319536209106
50,single_feature_spectral_slope,35,-1.7186076090886042,-1.6312044858932495
50,single_feature_spectral_slope,36,-1.7529021409841683,-1.6843308806419373
50,single_feature_spectral_slope,37,-1.7552272448172936,-1.6361802816390991
50,single_feature_spectral_slope,38,-1.7422572466043325,-1.6669986844062803
50,single_feature_spectral_slope,39,-1.772068766447214,-1.6940075755119324
50,single_feature_spectral_slope,40,-1.7904727917451124,-1.6938567757606506
50,single_feature_spectral_slope,41,-1.7820847768049974,-1.6910237669944763
50,single_feature_spectral_slope,42,-1.7964036281292255,-1.7172715663909912
50,single_feature_spectral_slope,43,-1.817294863554148,-1.748407006263733
50,single_feature_spectral_slope,44,-1.8255731967779307,-1.738610923290253
50,single_feature_spectral_slope,45,-1.8334408448292656,-1.7225310802459717
50,single_feature_spectral_slope,46,-1.8328320613274207,-1.7453892230987549
50,single_feature_spectral_slope,47,-1.838685971039992,-1.6979780793190002
50,single_feature_spectral_slope,48,-1.83924558529487,-1.743610680103302
50,single_feature_spectral_slope,49,-1.8621161809334388,-1.7666731476783752
50,single_feature_spectral_slope,50,-1.876606611105112,-1.7807092666625977
50,single_feature_spectral_slope,51,-1.8899465249134944,-1.7512723207473757
50,single_feature_spectral_slope,52,-1.8990858243061943,-1.7699124217033386
50,single_feature_spectral_slope,53,-1.8912232105548563,-1.754775047302246
50,single_feature_spectral_slope,54,-1.8685905108085048,-1.7627370357513428
50,single_feature_spectral_slope,55,-1.9029678381406343,-1.7755330801010132
50,single_feature_spectral_slope,56,-1.928299537071815,-1.7825695872306824
50,single_feature_spectral_slope,57,-1.916199335685143,-1.768403172492981
50,single_feature_spectral_slope,58,-1.925549763899583,-1.7837538123130798
50,single_feature_spectral_slope,59,-1.9293773816182065,-1.792609930038452
50,single_feature_spectral_slope,60,-1.911006707411546,-1.7951043248176577
50,single_feature_spectral_slope,61,-1.9280858773451583,-1.811024069786072
50,single_feature_spectral_slope,62,-1.943322016642644,-1.7847909331321716
50,single_feature_spectral_slope,63,-1.950488979999836,-1.7964536547660828
50,single_feature_spectral_slope,64,-1.9429565026209905,-1.7922744750976562
50,single_feature_spectral_slope,65,-1.9446520255162163,-1.783909797668457
50,single_feature_spectral_slope,66,-1.9472421132601223,-1.7944236993789673
50,single_feature_spectral_slope,67,-1.9703864867870624,-1.813515603542328
50,single_feature_spectral_slope,68,-1.975744605064392,-1.8024393320083616
50,single_feature_spectral_slope,69,-1.9623180811221783,-1.788150131702423
50,single_feature_spectral_slope,70,-1.9652942785849936,-1.796142578125
50,single_feature_spectral_slope,71,-1.9809986994816704,-1.751270771026611
50,single_feature_spectral_slope,72,-1.9734612886722271,-1.7981392741203308
50,single_feature_spectral_slope,73,-1.9771333290980413,-1.80710244178772
50,single_feature_spectral_slope,74,-1.986506700515747,-1.78037828207016
50,single_feature_spectral_slope,75,-1.977762579917908,-1.8177164793014529
50,single_feature_spectral_slope,76,-2.000327000251183,-1.7367892265319824
50,single_feature_spectral_slope,77,-1.9813867807388303,-1.7877159714698792
50,single_feature_spectral_slope,78,-1.994860520729652,-1.8218605518341064
50,single_feature_spectral_slope,79,-2.007607423342191,-1.775618314743042
50,single_feature_spectral_slope,80,-2.0043154037915745,-1.8114691376686096
50,single_feature_spectral_slope,81,-1.9953936980320857,-1.793196439743042
50,single_feature_spectral_slope,82,-1.996251839857835,-1.825060606002808
50,single_feature_spectral_slope,83,-1.9935333270293016,-1.8177653551101685
50,single_feature_spectral_slope,84,-2.0068838688043447,-1.8246452808380127
50,single_feature_spectral_slope,85,-2.016454128118662,-1.7954837679862976
50,single_feature_spectral_slope,86,-2.020394701224107,-1.816173791885376
50,single_feature_spectral_slope,87,-2.029918267176701,-1.797648847103119
50,single_feature_spectral_slope,88,-2.021551645719088,-1.804438233375549
50,single_feature_spectral_slope,89,-2.0362613934736986,-1.8072800636291504
50,single_feature_spectral_slope,90,-2.0402548038042507,-1.803097188472748
50,single_feature_spectral_slope,91,-2.0323615165857167,-1.813797950744629
50,single_feature_spectral_slope,92,-2.033036809701186,-1.812891125679016
50,single_feature_spectral_slope,93,-2.0492932979877176,-1.7987273931503296
50,single_feature_spectral_slope,94,-2.0384075183134813,-1.8271554708480835
50,single_feature_spectral_slope,95,-2.037620636133047,-1.8360110521316528
50,single_feature_spectral_slope,96,-2.052225580582252,-1.83362740278244
50,single_feature_spectral_slope,97,-2.0562932307903585,-1.838284969329834
50,single_feature_spectral_slope,98,-2.0453039407730103,-1.836460828781128
50,single_feature_spectral_slope,99,-2.045013427734375,-1.8351582288742063
50,single_feature_spectral_slope,100,-2.0415208156292257,-1.8416318893432613
50,single_feature_spectral_slope,101,-2.053656376325167,-1.8442832231521609
50,single_feature_spectral_slope,102,-2.0614987520071177,-1.8234105706214905
50,single_feature_spectral_slope,103,-2.0681555637946496,-1.8386407494544983
50,single_feature_spectral_slope,104,-2.07613414984483,-1.849999487400055
50,single_feature_spectral_slope,105,-2.086928862791795,-1.792245388031006
50,single_feature_spectral_slope,106,-2.081408894979037,-1.8268902897834776
50,single_feature_spectral_slope,107,-2.068856275998629,-1.7975620031356812
50,single_feature_spectral_slope,108,-2.063619540287898,-1.830525517463684
50,single_feature_spectral_slope,109,-2.079299871738141,-1.8396540880203247
50,single_feature_spectral_slope,110,-2.084858435850877,-1.8208829164505005
50,single_feature_spectral_slope,111,-2.0839479061273427,-1.8099259734153748
50,single_feature_spectral_slope,112,-2.078951047017024,-1.816996455192566
50,single_feature_spectral_slope,113,-2.077032474371104,-1.8425730466842647
50,single_feature_spectral_slope,114,-2.0869116599743185,-1.8589818477630613
50,single_feature_spectral_slope,115,-2.08367578799908,-1.7996982336044312
50,single_feature_spectral_slope,116,-2.09367167032682,-1.8501839637756348
50,single_feature_spectral_slope,117,-2.092998908116267,-1.849511921405792
50,single_feature_spectral_slope,118,-2.0943501545832706,-1.824869394302368
50,single_feature_spectral_slope,119,-2.092156942074116,-1.847219586372376
50,single_feature_spectral_slope,120,-2.086782510464008,-1.8270330429077148
50,single_feature_spectral_slope,121,-2.102655575825618,-1.867128610610962
50,single_feature_spectral_slope,122,-2.107305728472196,-1.8096442222595213
50,single_feature_spectral_slope,123,-2.087871496494,-1.8582021594047544
50,single_feature_spectral_slope,124,-2.103373215748713,-1.7959015369415283
50,single_feature_spectral_slope,125,-2.111155418249277,-1.8570274710655208
50,single_feature_spectral_slope,126,-2.101902888371394,-1.8303847312927248
50,single_feature_spectral_slope,127,-2.094793961598323,-1.8509442806243896
50,single_feature_spectral_slope,128,-2.082052340874305,-1.8299887776374817
50,single_feature_spectral_slope,129,-2.1110724485837498,-1.829408049583435
50,single_feature_spectral_slope,130,-2.123642004453219,-1.8455557823181152
50,single_feature_spectral_slope,131,-2.124170156625601,-1.846311926841736
50,single_feature_spectral_slope,132,-2.124607049501859,-1.804509460926056
50,single_feature_spectral_slope,133,-2.118198468134953,-1.8556106090545648
50,single_feature_spectral_slope,134,-2.108010365412785,-1.808767557144165
50,single_feature_spectral_slope,135,-2.112386465072632,-1.7968744039535522
50,single_feature_spectral_slope,136,-2.110724357458261,-1.825150430202484
50,single_feature_spectral_slope,137,-2.1235191455254188,-1.8305317759513853
50,single_feature_spectral_slope,138,-2.1340223275698147,-1.8165432810783384
50,single_feature_spectral_slope,139,-2.123816600212684,-1.8528507351875303
50,single_feature_spectral_slope,140,-2.119718863413884,-1.8290036916732788
50,single_feature_spectral_slope,141,-2.131741211964534,-1.8414819240570068
50,single_feature_spectral_slope,142,-2.1064383616814246,-1.7951897978782654
50,single_feature_spectral_slope,143,-2.106613672696627,-1.8318904638290403
50,single_feature_spectral_slope,144,-2.147746232839731,-1.8350065350532527
50,single_feature_spectral_slope,145,-2.140944792674138,-1.85495799779892
50,single_feature_spectral_slope,146,-2.135834858967708,-1.8147859573364256
50,single_feature_total_log_power,0,0.0471801124513149,-0.2377430126070976
50,single_feature_total_log_power,1,-0.3750763214551486,-0.4126885682344436
50,single_feature_total_log_power,2,-0.5298888958417453,-0.5503615140914917
50,single_feature_total_log_power,3,-0.6537563388164227,-0.6916690766811371
50,single_feature_total_log_power,4,-0.7714825180860666,-0.80057492852211
50,single_feature_total_log_power,5,-0.8998370170593262,-0.9348373115062714
50,single_feature_total_log_power,6,-1.032393909417666,-1.081818699836731
50,single_feature_total_log_power,7,-1.2238740554222691,-1.3341785669326782
50,single_feature_total_log_power,8,-1.5092755739505477,-1.6314795017242432
50,single_feature_total_log_power,9,-1.596810221672058,-1.8272054195404053
50,single_feature_total_log_power,10,-1.8098923976604755,-1.7176357507705688
50,single_feature_total_log_power,11,-1.8554710699961736,-1.904435217380524
50,single_feature_total_log_power,12,-2.032937691761897,-2.0238293409347534
50,single_feature_total_log_power,13,-2.1086554527282715,-1.870787143707276
50,single_feature_total_log_power,14,-2.1593329356266904,-2.2860389947891235
50,single_feature_total_log_power,15,-2.232911174113934,-2.338428497314453
50,single_feature_total_log_power,16,-2.317114683297964,-2.0997142791748047
50,single_feature_total_log_power,17,-2.2865939140319824,-2.3606783151626587
50,single_feature_total_log_power,18,-2.3808474907508264,-2.382219314575196
50,single_feature_total_log_power,19,-2.415029580776508,-2.376022696495056
50,single_feature_total_log_power,20,-2.4434075355529785,-2.58540678024292
50,single_feature_total_log_power,21,-2.4883161141322208,-2.497132420539856
50,single_feature_total_log_power,22,-2.511883992415208,-2.372681736946106
50,single_feature_total_log_power,23,-2.525412119351901,-2.5734894275665283
50,single_feature_total_log_power,24,-2.57792067527771,-2.5129427909851074
50,single_feature_total_log_power,25,-2.5635592203873854,-2.391509532928467
50,single_feature_total_log_power,26,-2.5947935581207275,-2.618127465248108
50,single_feature_total_log_power,27,-2.6362868822537937,-2.5493048429489136
50,single_feature_total_log_power,28,-2.635986089706421,-2.358168601989746
50,single_feature_total_log_power,29,-2.6500272017258863,-2.7676327228546143
50,single_feature_total_log_power,30,-2.6834485897651086,-2.7660874128341675
50,single_feature_total_log_power,31,-2.7201726803412805,-2.5135631561279297
50,single_feature_total_log_power,32,-2.676766872406006,-2.8331319093704224
50,single_feature_total_log_power,33,-2.73027779505803,-2.7831499576568604
50,single_feature_total_log_power,34,-2.7538855992830715,-2.4740034341812134
50,single_feature_total_log_power,35,-2.748633861541748,-2.818113327026367
50,single_feature_total_log_power,36,-2.816723108291626,-2.670121908187866
50,single_feature_total_log_power,37,-2.796103202379667,-2.630391001701355
50,single_feature_total_log_power,38,-2.7766401217534,-2.879349946975708
50,single_feature_total_log_power,39,-2.8258343659914456,-2.8349831104278564
50,single_feature_total_log_power,40,-2.833768844604492,-2.4094737768173218
50,single_feature_total_log_power,41,-2.816043817079984,-3.0025196075439453
50,single_feature_total_log_power,42,-2.8427188396453857,-2.944797277450561
50,single_feature_total_log_power,43,-2.7237721314797034,-2.387845039367676
50,single_feature_total_log_power,44,-2.321751429484441,-2.7925403118133545
50,single_feature_total_log_power,45,-2.768079592631413,-2.8844960927963257
50,single_feature_total_log_power,46,-2.984281154779288,-2.6246860027313232
50,single_feature_total_log_power,47,-3.0426027958209696,-3.195695996284485
50,single_feature_total_log_power,48,-3.1024175790640025,-3.108312010765076
50,single_feature_total_log_power,49,-2.921497840147752,-2.956499218940735
50,single_feature_total_log_power,50,-2.9531707030076246,-1.562634289264679
50,single_feature_total_log_power,51,-2.6391519674888024,-3.02742338180542
50,single_feature_total_log_power,52,-3.0240089893341064,-2.5885491371154785
50,single_feature_total_log_power,53,-2.850525635939378,-2.014652967453003
50,single_feature_total_log_power,54,-2.7551787999960093,-2.349742770195008
50,single_feature_total_log_power,55,-2.9035142201643724,-3.1770365238189697
50,single_feature_total_log_power,56,-2.9491783655606785,-2.606327533721924
50,single_feature_total_log_power,57,-3.136617605502789,-3.185632467269897
50,single_feature_total_log_power,58,-3.3223008742699256,-2.91168224811554
50,single_feature_total_log_power,59,-3.111247099362887,-3.242053389549256
50,single_feature_total_log_power,60,-3.2206981548896203,-3.202919006347656
50,single_feature_total_log_power,61,-3.310519933700561,-3.2642464637756348
50,single_feature_total_log_power,62,-3.3295207573817325,-3.451389074325561
50,single_feature_total_log_power,63,-3.276620314671443,-3.4301837682724
50,single_feature_total_log_power,64,-3.334979699208186,-3.1127558946609497
50,single_feature_total_log_power,65,-3.3716753812936635,-3.2020819187164307
50,single_feature_total_log_power,66,-3.375591901632456,-3.366194725036621
50,single_feature_total_log_power,67,-3.37218871483436,-3.295414447784424
50,single_feature_total_log_power,68,-3.396375509408804,-3.4006290435791016
50,single_feature_total_log_power,69,-3.429499277701745,-3.342224955558777
50,single_feature_total_log_power,70,-3.440784160907452,-3.414941668510437
50,single_feature_total_log_power,71,-3.4465193565075216,-3.403055071830749
50,single_feature_total_log_power,72,-3.450194615584153,-3.47580623626709
50,single_feature_total_log_power,73,-3.4605596248920145,-3.359853863716125
50,single_feature_total_log_power,74,-3.4807649759145884,-3.4190120697021484
50,single_feature_total_log_power,75,-3.4661548871260424,-2.9797513484954834
50,single_feature_total_log_power,76,-3.2085204124450684,-3.0346325635910034
50,single_feature_total_log_power,77,-3.158708645747258,-3.264865756034851
50,single_feature_total_log_power,78,-3.4760510187882643,-2.907939910888672
50,single_feature_total_log_power,79,-3.327497665698712,-3.454298496246338
50,single_feature_total_log_power,80,-3.438137549620408,-2.394155621528625
50,single_feature_total_log_power,81,-2.584060778984657,-2.714316368103028
50,single_feature_total_log_power,82,-2.990823195530818,-3.1930201053619385
50,single_feature_total_log_power,83,-3.394842734703651,-3.4636560678482056
50,single_feature_total_log_power,84,-3.324950676697952,-2.911682963371277
50,single_feature_total_log_power,85,-3.130813158475436,-2.695261836051941
50,single_feature_total_log_power,86,-2.9924065516545224,-3.040922164916992
50,single_feature_total_log_power,87,-3.076226142736582,-3.310242414474488
50,single_feature_total_log_power,88,-3.224223173581637,-3.247546553611756
50,single_feature_total_log_power,89,-3.3045838429377627,-3.506897211074829
50,single_feature_total_log_power,90,-3.0969670735872707,-3.103917956352234
50,single_feature_total_log_power,91,-3.156326789122361,-3.0677640438079834
50,single_feature_total_log_power,92,-3.181931220568144,-3.394192695617676
50,single_feature_total_log_power,93,-3.234040058576144,-3.461911201477051
50,single_feature_total_log_power,94,-3.3456926896021915,-3.420740365982056
50,single_feature_total_log_power,95,-3.4203536693866434,-3.577338218688965
50,single_feature_total_log_power,96,-3.1184997375194845,-3.128909468650818
50,single_feature_total_log_power,97,-3.0820876635037937,-3.212832450866699
50,single_feature_total_log_power,98,-3.2424065516545224,-3.3029319047927856
50,single_feature_total_log_power,99,-3.297729253768921,-2.65772032737732
50,single_feature_total_log_power,100,-3.4300153805659366,-3.089110016822815
50,single_feature_total_log_power,101,-2.827403508699857,-2.5983998775482178
50,single_feature_total_log_power,102,-2.951648033582248,-3.418404459953308
50,single_feature_total_log_power,103,-3.2546915457798886,-3.3619844913482666
50,single_feature_total_log_power,104,-3.3114555065448465,-2.840229034423828
50,single_feature_total_log_power,105,-3.263513821821946,-3.5264079570770264
50,single_feature_total_log_power,106,-3.239730248084435,-3.2559815645217896
50,single_feature_total_log_power,107,-3.218136640695425,-2.6060410737991333
50,single_feature_total_log_power,108,-3.269476211988009,-3.438920855522156
50,single_feature_total_log_power,109,-3.3434240084428053,-3.3693829774856567
50,single_feature_total_log_power,110,-3.3361353324009824,-3.159517526626587
50,single_feature_total_log_power,111,-3.3608604027674747,-3.55901038646698
50,single_feature_total_log_power,112,-3.1824418214651256,-3.505722165107727
50,single_feature_total_log_power,113,-3.3736689274127665,-2.9650877714157104
50,single_feature_total_log_power,114,-3.251407843369704,-3.4274649620056152
50,single_feature_total_log_power,115,-3.368894265248225,-3.339811325073242
50,single_feature_total_log_power,116,-3.343270265139066,-2.804367184638977
50,single_feature_total_log_power,117,-3.2983932495117188,-3.569034576416016
50,single_feature_total_log_power,118,-3.0481866414730368,-2.956948757171631
50,single_feature_total_log_power,119,-3.071071533056406,-2.542724370956421
50,single_feature_total_log_power,120,-3.250692550952618,-3.489676833152771
50,single_feature_dominant_freq,0,0.0602670068351122,-0.2734461426734924
50,single_feature_dominant_freq,1,-0.4046309682039114,-0.5166272222995758
50,single_feature_dominant_freq,2,-0.5952972357089703,-0.6513373851776123
50,single_feature_dominant_freq,3,-0.7298078536987305,-0.786545604467392
50,single_feature_dominant_freq,4,-0.848724012191479,-0.8957523703575134
50,single_feature_dominant_freq,5,-0.9569944280844468,-0.963395059108734
50,single_feature_dominant_freq,6,-1.0448596936005812,-1.080578088760376
50,single_feature_dominant_freq,7,-1.1112706386126006,-1.13307523727417
50,single_feature_dominant_freq,8,-1.157795814367441,-1.129957675933838
50,single_feature_dominant_freq,9,-1.1956006380227897,-1.178948163986206
50,single_feature_dominant_freq,10,-1.2454993174626277,-1.2240760326385498
50,single_feature_dominant_freq,11,-1.2757485187970674,-1.2595272064208984
50,single_feature_dominant_freq,12,-1.3155736464720509,-1.272591769695282
50,single_feature_dominant_freq,13,-1.354748982649583,-1.3060497045516968
50,single_feature_dominant_freq,14,-1.3735213371423574,-1.3458427786827087
50,single_feature_dominant_freq,15,-1.3959238620904777,-1.353740930557251
50,single_feature_dominant_freq,16,-1.4197841057410607,-1.376609444618225
50,single_feature_dominant_freq,17,-1.429029079583975,-1.3982900381088257
50,single_feature_dominant_freq,18,-1.4548789812968328,-1.3955247402191162
50,single_feature_dominant_freq,19,-1.4832608149601862,-1.4615482091903689
50,single_feature_dominant_freq,20,-1.501799776003911,-1.4532806277275083
50,single_feature_dominant_freq,21,-1.5239024987587562,-1.4828050136566162
50,single_feature_dominant_freq,22,-1.5308267520024226,-1.487620234489441
50,single_feature_dominant_freq,23,-1.5627628106337328,-1.519724726676941
50,single_feature_dominant_freq,24,-1.5855734256597669,-1.5237473845481873
50,single_feature_dominant_freq,25,-1.599854643528278,-1.53084796667099
50,single_feature_dominant_freq,26,-1.6110591429930468,-1.5376792550086975
50,single_feature_dominant_freq,27,-1.6210928421754105,-1.573033571243286
50,single_feature_dominant_freq,28,-1.6429250148626475,-1.5659234523773191
50,single_feature_dominant_freq,29,-1.6667829660268931,-1.6101922988891602
50,single_feature_dominant_freq,30,-1.7001259693732629,-1.616315245628357
50,single_feature_dominant_freq,31,-1.706646965100215,-1.6382316946983335
50,single_feature_dominant_freq,32,-1.721527833205003,-1.6931339502334597
50,single_feature_dominant_freq,33,-1.730256960942195,-1.6405029892921448
50,single_feature_dominant_freq,34,-1.733804390980647,-1.652388095855713
50,single_feature_dominant_freq,35,-1.7539118986863356,-1.7036898732185364
50,single_feature_dominant_freq,36,-1.762628032610967,-1.6371334195137024
50,single_feature_dominant_freq,37,-1.7499120693940382,-1.6850853562355042
50,single_feature_dominant_freq,38,-1.7843515964654777,-1.685951590538025
50,single_feature_dominant_freq,39,-1.785390624633202,-1.7021589279174805
50,single_feature_dominant_freq,40,-1.7823789761616633,-1.6828786134719849
50,single_feature_dominant_freq,41,-1.7717213172179005,-1.7342792749404907
50,single_feature_dominant_freq,42,-1.7851139490421002,-1.729772448539734
50,single_feature_dominant_freq,43,-1.808955586873568,-1.7206894159317017
50,single_feature_dominant_freq,44,-1.822495634739216,-1.7517659664154053
50,single_feature_dominant_freq,45,-1.828809068753169,-1.716253101825714
50,single_feature_dominant_freq,46,-1.8383021354675293,-1.7393851280212402
50,single_feature_dominant_freq,47,-1.82256855414464,-1.7295419573783877
50,single_feature_dominant_freq,48,-1.8206970599981456,-1.7460092902183533
50,single_feature_dominant_freq,49,-1.836091188284067,-1.763777792453766
50,single_feature_dominant_freq,50,-1.8293994206648607,-1.7787070274353027
50,single_feature_dominant_freq,51,-1.8442961069253767,-1.769440770149231
50,single_feature_dominant_freq,52,-1.8590629009100108,-1.7585107684135437
50,single_feature_dominant_freq,53,-1.858967084151048,-1.757676899433136
50,single_feature_dominant_freq,54,-1.858770214594328,-1.7509496808052063
50,single_feature_dominant_freq,55,-1.8641084432601929,-1.7370655536651611
50,single_feature_dominant_freq,56,-1.852891729428218,-1.747856080532074
50,single_feature_dominant_freq,57,-1.8640603927465589,-1.802552580833435
50,single_feature_dominant_freq,58,-1.8750167993398807,-1.7655219435691831
50,single_feature_dominant_freq,59,-1.886654276114244,-1.7538979053497314
50,single_feature_dominant_freq,60,-1.8915395828393788,-1.7731111645698547
50,single_feature_dominant_freq,61,-1.877334521367,-1.8174206614494324
50,single_feature_dominant_freq,62,-1.874684370481051,-1.773982286453247
50,single_feature_dominant_freq,63,-1.877776366013747,-1.789104163646698
50,single_feature_dominant_freq,64,-1.895269696529095,-1.7959100008010864
50,single_feature_dominant_freq,65,-1.9068629008073072,-1.771068811416626
50,single_feature_dominant_freq,66,-1.899360675078172,-1.7896348237991333
50,single_feature_dominant_freq,67,-1.8932307866903453,-1.752882957458496
50,single_feature_dominant_freq,68,-1.8787807042782123,-1.7455874681472778
50,single_feature_dominant_freq,69,-1.88471125639402,-1.8169764280319207
50,single_feature_dominant_freq,70,-1.9018216041418223,-1.7799180746078491
50,single_feature_dominant_freq,71,-1.922296560727633,-1.808624267578125
50,single_feature_dominant_freq,72,-1.9299728411894577,-1.8101679682731628
50,single_feature_dominant_freq,73,-1.93859967818627,-1.7782829403877258
50,single_feature_dominant_freq,74,-1.9351158233789296,-1.8003371953964231
50,single_feature_dominant_freq,75,-1.936557558866648,-1.8414334654808044
50,single_feature_dominant_freq,76,-1.9162505039801965,-1.7812878489494324
50,single_feature_dominant_freq,77,-1.914325585732093,-1.797318398952484
50,single_feature_dominant_freq,78,-1.932051264322721,-1.8215389251708984
50,single_feature_dominant_freq,79,-1.9508709449034471,-1.815616250038147
50,single_feature_dominant_freq,80,-1.9398166766533484,-1.7944446802139282
50,single_feature_dominant_freq,81,-1.9582252594140857,-1.76292222738266
50,single_feature_dominant_freq,82,-1.9417194769932675,-1.8155076503753664
50,single_feature_dominant_freq,83,-1.952429597194378,-1.8015756607055664
50,single_feature_dominant_freq,84,-1.9380511962450468,-1.8229237794876096
50,single_feature_dominant_freq,85,-1.954183734380282,-1.8245660662651064
50,single_feature_dominant_freq,86,-1.961455886180584,-1.838202953338623
50,single_feature_dominant_freq,87,-1.9634488454231849,-1.835318982601165
50,single_feature_dominant_freq,88,-1.9658158467366145,-1.8383375406265257
50,single_feature_dominant_freq,89,-1.9717950820922847,-1.810346066951752
50,single_feature_dominant_freq,90,-1.9708272493802583,-1.83478182554245
50,single_feature_dominant_freq,91,-1.9845726948518017,-1.844113528728485
50,single_feature_dominant_freq,92,-1.993002350513752,-1.8226157426834104
50,single_feature_dominant_freq,93,-1.986594392703129,-1.8002464771270752
50,single_feature_dominant_freq,94,-1.971292963394752,-1.8522775173187256
50,single_feature_dominant_freq,95,-1.9858227601418128,-1.782679259777069
50,single_feature_dominant_freq,96,-1.983257834727948,-1.836914300918579
50,single_feature_dominant_freq,97,-1.9960936216207648,-1.7939695715904236
50,single_feature_dominant_freq,98,-2.001994591492873,-1.8154523372650144
50,single_feature_dominant_freq,99,-1.9818311471205488,-1.842486202716828
50,single_feature_dominant_freq,100,-1.9975946958248432,-1.810025811195373
50,single_feature_dominant_freq,101,-1.9904093100474431,-1.8341078758239744
50,single_feature_dominant_freq,102,-1.995583332501925,-1.807136237621308
50,single_feature_dominant_freq,103,-1.9953796771856456,-1.839713394641876
50,single_feature_dominant_freq,104,-2.007624837068411,-1.8442899584770205
50,single_feature_dominant_freq,105,-2.0241106290083666,-1.8175192475318909
50,single_feature_dominant_freq,106,-2.0171204713674693,-1.858462929725647
50,single_feature_dominant_freq,107,-2.022692808738121,-1.844384849071503
50,single_feature_dominant_freq,108,-2.014185144351079,-1.82052081823349
50,single_feature_dominant_freq,109,-2.023921077068036,-1.810740351676941
50,single_feature_dominant_freq,110,-2.02988902422098,-1.80542916059494
50,single_feature_dominant_freq,111,-2.039629404361432,-1.8561314344406128
50,single_feature_dominant_freq,112,-2.034489521613488,-1.900227487087249
50,single_feature_dominant_freq,113,-2.035648089188796,-1.858037352561951
50,single_feature_dominant_freq,114,-2.016502123612624,-1.849533677101136
50,single_feature_dominant_freq,115,-2.027427599980281,-1.8477688431739807
50,single_feature_dominant_freq,116,-2.035206913948059,-1.8031141757965088
50,single_feature_dominant_freq,117,-2.0335954152620754,-1.872081220149994
50,single_feature_dominant_freq,118,-2.0441632454211893,-1.8239981532096865
50,single_feature_dominant_freq,119,-2.03401007102086,-1.7652387619018557
50,single_feature_dominant_freq,120,-2.0362581381431,-1.8322541117668152
50,single_feature_dominant_freq,121,-2.0441109400529127,-1.808493793010712
50,single_feature_dominant_freq,122,-2.039853930473328,-1.8288817405700684
50,single_feature_dominant_freq,123,-2.040386465879587,-1.8404035568237305
50,single_feature_dominant_freq,124,-2.0610515154325046,-1.827777862548828
50,single_feature_dominant_freq,125,-2.0568801256326528,-1.8203946948051453
50,single_feature_dominant_freq,126,-2.049799644030057,-1.8470983505249023
50,single_feature_dominant_freq,127,-2.061022996902466,-1.7703087329864502
50,single_feature_dominant_freq,128,-2.061910739311805,-1.8073800802230835
50,single_feature_dominant_freq,129,-2.0475257635116577,-1.84264886379242
50,single_feature_dominant_freq,130,-2.058127091481136,-1.8588846325874329
50,single_feature_dominant_freq,131,-2.0785467074467587,-1.832467496395111
50,single_feature_dominant_freq,132,-2.0627397023714504,-1.836798369884491
50,single_feature_dominant_freq,133,-2.0769196840432973,-1.8452048897743225
50,single_feature_dominant_freq,134,-2.0834350952735314,-1.8488306403160093
50,single_feature_dominant_freq,135,-2.069549927344689,-1.7964802384376526
50,single_feature_dominant_freq,136,-2.0620261339040904,-1.8512759804725647
50,single_feature_dominant_freq,137,-2.072171642230108,-1.848157703876496
50,single_feature_hjorth_mobility,0,0.0934434848336073,-0.214082732796669
50,single_feature_hjorth_mobility,1,-0.3566094086720393,-0.4299156814813614
50,single_feature_hjorth_mobility,2,-0.545244806087934,-0.5918581485748291
50,single_feature_hjorth_mobility,3,-0.7078161698121291,-0.7501669526100159
50,single_feature_hjorth_mobility,4,-0.8622454038033118,-0.9159463047981262
50,single_feature_hjorth_mobility,5,-1.0253751919819758,-1.089932918548584
50,single_feature_hjorth_mobility,6,-1.1758987720196064,-1.2230868935585022
50,single_feature_hjorth_mobility,7,-1.3396110901465783,-1.381782293319702
50,single_feature_hjorth_mobility,8,-1.492278007360605,-1.532053828239441
50,single_feature_hjorth_mobility,9,-1.638393447949336,-1.598033607006073
50,single_feature_hjorth_mobility,10,-1.7467780204919667,-1.7479944825172424
50,single_feature_hjorth_mobility,11,-1.8209119209876428,-1.840354561805725
50,single_feature_hjorth_mobility,12,-1.821772419489347,-1.8840814232826235
50,single_feature_hjorth_mobility,13,-1.942020838077252,-1.8784074187278748
50,single_feature_hjorth_mobility,14,-1.9989647956994865,-2.0041826963424683
50,single_feature_hjorth_mobility,15,-2.109529348520132,-2.020995736122132
50,single_feature_hjorth_mobility,16,-2.111756333938012,-1.978773593902588
50,single_feature_hjorth_mobility,17,-2.2280363669762244,-2.174817442893982
50,single_feature_hjorth_mobility,18,-2.2766567376943736,-2.1826930046081543
50,single_feature_hjorth_mobility,19,-2.3341923493605394,-2.242640495300293
50,single_feature_hjorth_mobility,20,-2.357439848092886,-2.2374706268310547
50,single_feature_hjorth_mobility,21,-2.349502361737765,-2.0590412616729736
50,single_feature_hjorth_mobility,22,-2.33184421979464,-2.248388171195984
50,single_feature_hjorth_mobility,23,-2.416846898885874,-2.362161159515381
50,single_feature_hjorth_mobility,24,-2.480696751521184,-2.3436412811279297
50,single_feature_hjorth_mobility,25,-2.520413435422457,-2.3407191038131714
50,single_feature_hjorth_mobility,26,-2.50535458784837,-2.30701231956482
50,single_feature_hjorth_mobility,27,-2.5398014325361986,-2.480798721313477
50,single_feature_hjorth_mobility,28,-2.585051866678091,-2.4764211177825928
50,single_feature_hjorth_mobility,29,-2.6179690177624044,-2.5210049152374268
50,single_feature_hjorth_mobility,30,-2.621416165278508,-2.566560387611389
50,single_feature_hjorth_mobility,31,-2.43834427686838,-2.3901846408843994
50,single_feature_hjorth_mobility,32,-2.3525318916027365,-2.5219584703445435
50,single_feature_hjorth_mobility,33,-2.564399260741013,-2.528828859329224
50,single_feature_hjorth_mobility,34,-2.524070776425875,-2.562094211578369
50,single_feature_hjorth_mobility,35,-2.585978141197792,-2.2829126119613647
50,single_feature_hjorth_mobility,36,-2.572047288601215,-2.4239840507507324
50,single_feature_hjorth_mobility,37,-2.61050193126385,-2.511186718940735
50,single_feature_hjorth_mobility,38,-2.6288812710688663,-2.4768582582473755
50,single_feature_hjorth_mobility,39,-2.622090523059552,-2.6230169534683228
50,single_feature_hjorth_mobility,40,-2.652787905472976,-2.534515619277954
50,single_feature_hjorth_mobility,41,-2.660251709131094,-2.45574152469635
50,single_feature_hjorth_mobility,42,-2.656906439707829,-2.674527168273926
50,single_feature_hjorth_mobility,43,-2.6942651638617883,-2.622800588607788
50,single_feature_hjorth_mobility,44,-2.701113297389104,-2.484725832939148
50,single_feature_hjorth_mobility,45,-2.699018405033992,-2.67428195476532
50,single_feature_hjorth_mobility,46,-2.722726033284114,-2.559353232383728
50,single_feature_hjorth_mobility,47,-2.7267011862534742,-2.484395384788513
50,single_feature_hjorth_mobility,48,-2.736738755152776,-2.6976609230041504
50,single_feature_hjorth_mobility,49,-2.7322499385246863,-2.664831519126892
50,single_feature_hjorth_mobility,50,-2.7629301181206336,-2.5530446767807007
50,single_feature_hjorth_mobility,51,-2.767481015278743,-2.7655813694000244
50,single_feature_hjorth_mobility,52,-2.7621317826784573,-2.658277153968811
50,single_feature_hjorth_mobility,53,-2.784004284785344,-2.5020400285720825
50,single_feature_hjorth_mobility,54,-2.7835327295156627,-2.747298002243042
50,single_feature_hjorth_mobility,55,-2.7968973013070912,-2.6906979084014893
50,single_feature_hjorth_mobility,56,-2.820582866668701,-2.5870758295059204
50,single_feature_hjorth_mobility,57,-2.81937208542457,-2.793578505516052
50,single_feature_hjorth_mobility,58,-2.844363322624793,-2.7750728130340576
50,single_feature_hjorth_mobility,59,-2.8527680176955004,-2.722672462463379
50,single_feature_hjorth_mobility,60,-2.812242893072275,-2.736467719078064
50,single_feature_hjorth_mobility,61,-2.8480303287506104,-2.7452625036239624
50,single_feature_hjorth_mobility,62,-2.883574229020339,-2.5780824422836304
50,single_feature_hjorth_mobility,63,-2.857096928816575,-2.8639999628067017
50,single_feature_hjorth_mobility,64,-2.873560758737417,-2.78946852684021
50,single_feature_hjorth_mobility,65,-2.914630247996404,-2.788803458213806
50,single_feature_hjorth_mobility,66,-2.903442016014686,-2.7832897901535034
50,single_feature_hjorth_mobility,67,-2.9079220478351298,-2.758743405342102
50,single_feature_hjorth_mobility,68,-2.9121613869300256,-2.8106549978256226
50,single_feature_hjorth_mobility,69,-3.013784867066604,-2.8426358699798584
50,single_feature_hjorth_mobility,70,-3.0124447162334738,-2.9044708013534546
50,single_feature_hjorth_mobility,71,-3.0255876321059008,-2.7778090238571167
50,single_feature_hjorth_mobility,72,-3.0523874026078444,-2.922255516052246
50,single_feature_hjorth_mobility,73,-2.92052672459529,-2.837146520614624
50,single_feature_hjorth_mobility,74,-2.9555172736828146,-2.6676688194274902
50,single_feature_hjorth_mobility,75,-2.96307294185345,-2.918178915977478
50,single_feature_hjorth_mobility,76,-2.9939813247093787,-2.8130805492401123
50,single_feature_hjorth_mobility,77,-3.014145649396456,-2.6924432516098022
50,single_feature_hjorth_mobility,78,-2.9947686928969164,-2.883393406867981
50,single_feature_hjorth_mobility,79,-2.97878516637362,-2.8378347158432007
50,single_feature_hjorth_mobility,80,-3.0086943002847524,-2.8236656188964844
50,single_feature_hjorth_mobility,81,-3.013532418471116,-2.949593663215637
50,single_feature_hjorth_mobility,82,-3.04270076751709,-2.901824116706848
50,single_feature_hjorth_mobility,83,-3.0497699150672326,-2.751465082168579
50,single_feature_hjorth_mobility,84,-3.026610099352323,-3.0363529920578003
50,single_feature_hjorth_mobility,85,-3.0566823115715613,-2.90425705909729
50,single_feature_hjorth_mobility,86,-3.035396851026095,-2.8911807537078857
50,single_feature_hjorth_mobility,87,-3.052040210137001,-2.9413411617279053
50,single_feature_hjorth_mobility,88,-3.062078090814444,-2.896996855735779
50,single_feature_hjorth_mobility,89,-3.05658743931697,-2.860990047454834
50,single_feature_hjorth_mobility,90,-3.0528636345496545,-2.957496762275696
50,single_feature_hjorth_mobility,91,-3.0854285680330715,-2.918154001235962
50,single_feature_hjorth_mobility,92,-3.087801841589121,-2.8378326892852783
50,single_feature_hjorth_mobility,93,-3.0852943567129283,-2.964041948318481
50,single_feature_hjorth_mobility,94,-3.089628971540011,-3.0053478479385376
50,single_feature_hjorth_mobility,95,-3.093809384566087,-2.830035090446472
50,single_feature_hjorth_mobility,96,-3.0977878387157736,-2.9138288497924805
50,single_feature_hjorth_mobility,97,-3.0745961666107178,-2.908636927604676
50,single_feature_hjorth_mobility,98,-3.101504160807683,-2.936119556427002
50,single_feature_hjorth_mobility,99,-3.112475120104276,-2.9466148614883423
50,single_feature_hjorth_mobility,100,-3.131997346878052,-2.953009366989136
50,single_feature_hjorth_mobility,101,-3.137275329002968,-2.7828261852264404
50,single_feature_hjorth_mobility,102,-3.113728559934176,-2.9892901182174683
50,single_feature_hjorth_mobility,103,-3.141268546764667,-2.95652174949646
50,single_feature_hjorth_mobility,104,-3.1279156574836144,-2.822001338005066
50,single_feature_hjorth_mobility,105,-3.135956177344689,-3.01120924949646
50,single_feature_hjorth_mobility,106,-3.154271675990178,-2.9985921382904053
50,single_feature_hjorth_mobility,107,-3.165676703819862,-2.813994288444519
50,single_feature_hjorth_mobility,108,-3.1787917063786435,-3.087804436683655
50,single_feature_hjorth_mobility,109,-3.250896068719717,-3.0637245178222656
50,single_feature_hjorth_mobility,110,-3.255630401464609,-2.9855425357818604
50,single_feature_hjorth_mobility,111,-3.263082449252789,-3.0369889736175537
50,single_feature_hjorth_mobility,112,-3.266596464010385,-3.0599676370620728
50,single_feature_hjorth_mobility,113,-3.2577433035923886,-3.047532081604004
50,single_feature_hjorth_mobility,114,-3.249977937111488,-2.9745705127716064
50,single_feature_hjorth_mobility,115,-3.143668321462778,-2.9926958084106445
50,single_feature_hjorth_mobility,116,-3.205499428969163,-2.967448711395264
50,single_feature_hjorth_mobility,117,-3.216760672055758,-2.9672536849975586
50,single_feature_hjorth_mobility,118,-3.27173768557035,-2.9245474338531494
50,single_feature_hjorth_mobility,119,-3.0909627951108494,-3.070014238357544
50,single_feature_hjorth_mobility,120,-3.1848373046288123,-2.894774913787842
50,single_feature_hjorth_mobility,121,-3.22206974029541,-3.075170516967773
50,single_feature_hjorth_mobility,122,-3.2248236582829404,-2.729907751083374
50,single_feature_hjorth_mobility,123,-3.1864621822650614,-3.090503692626953
50,single_feature_hjorth_mobility,124,-3.290314931135911,-3.0733437538146973
50,single_feature_hjorth_mobility,125,-3.294640155938956,-3.104449510574341
50,single_feature_hjorth_mobility,126,-3.2880481573251576,-3.115930318832397
50,single_feature_hjorth_mobility,127,-3.188037707255437,-2.964961886405945
50,single_feature_hjorth_mobility,128,-3.2027103167313795,-2.944596290588379
50,single_feature_hjorth_mobility,129,-3.229867751781757,-3.086599349975586
50,single_feature_hjorth_mobility,130,-3.260617549602802,-3.015648484230041
50,single_feature_hjorth_mobility,131,-3.231087794670692,-2.97482430934906
50,single_feature_hjorth_mobility,132,-3.24654694703909,-3.099214792251587
50,single_feature_hjorth_mobility,133,-3.26688707791842,-3.011350631713867
50,single_feature_hjorth_mobility,134,-3.2593420102046085,-2.902478814125061
50,single_feature_hjorth_mobility,135,-3.259196849969717,-3.087597131729126
50,single_feature_hjorth_mobility,136,-3.2488822020017185,-3.064887046813965
50,single_feature_hjorth_mobility,137,-3.313269230035635,-2.936861991882324
50,single_feature_hjorth_mobility,138,-3.326269351519071,-3.0752077102661133
50,single_feature_hjorth_mobility,139,-3.286807555418748,-3.1307560205459595
50,single_feature_hjorth_mobility,140,-3.268489232430092,-3.0586317777633667
50,single_feature_hjorth_mobility,141,-3.316697469124428,-3.076393485069275
50,single_feature_hjorth_mobility,142,-3.3437553369081936,-3.112354516983032
50,single_feature_hjorth_mobility,143,-3.241929366038396,-3.040415406227112
50,single_feature_hjorth_mobility,144,-3.2677274483900804,-3.1626458168029785
50,single_feature_hjorth_mobility,145,-3.3544813853043776,-3.175644874572754
50,single_feature_hjorth_mobility,146,-3.356403846007127,-3.116526246070862
50,single_feature_hjorth_mobility,147,-3.374182939529419,-3.122912883758545
50,single_feature_hjorth_mobility,148,-3.3944537272820106,-3.1281427145004272
50,single_feature_hjorth_mobility,149,-3.3460191579965444,-3.104976415634156
50,single_feature_hjorth_mobility,150,-3.3706440375401425,-3.106893301010132
50,single_feature_hjorth_mobility,151,-3.3861048955183763,-3.1459763050079346
50,single_feature_hjorth_mobility,152,-3.355490592809824,-2.9313379526138306
50,single_feature_hjorth_mobility,153,-3.2747049148266134,-3.117391586303711
50,single_feature_hjorth_mobility,154,-3.3073571828695445,-3.119474411010742
50,single_feature_hjorth_mobility,155,-3.328785621202909,-3.02891457080841
50,single_feature_hjorth_mobility,156,-3.3503256761110745,-3.092278361320496
50,single_feature_hjorth_mobility,157,-3.406508647478544,-3.1184722185134888
50,single_feature_hjorth_mobility,158,-3.400284400353065,-2.9799602031707764
50,single_feature_hjorth_mobility,159,-3.3073294162750244,-3.1386674642562866
50,single_feature_hjorth_mobility,160,-3.397431960472694,-3.1137996912002563
50,single_feature_hjorth_mobility,161,-3.35287383886484,-2.9355026483535767
50,single_feature_hjorth_mobility,162,-3.294575397784893,-3.140744924545288
50,single_feature_hjorth_mobility,163,-3.3274701558626614,-3.0601930618286133
50,single_feature_hjorth_mobility,164,-3.330905180711013,-2.824988842010498
50,single_feature_hjorth_mobility,165,-3.3187536826500525,-3.140899181365967
50,single_feature_hjorth_mobility,166,-3.3346939086914062,-3.1642677783966064
50,single_feature_hjorth_mobility,167,-3.390284391549917,-3.1706820726394653
50,single_feature_hjorth_mobility,168,-3.404687624711257,-3.184325695037842
50,single_feature_hjorth_mobility,169,-3.420793441625742,-3.152554035186768
50,single_feature_hjorth_mobility,170,-3.425155126131498,-3.177453637123108
50,single_feature_hjorth_mobility,171,-3.439927101135254,-3.187479376792908
50,single_feature_hjorth_mobility,172,-3.4242163621462307,-3.2054401636123657
50,single_feature_hjorth_mobility,173,-3.407302654706515,-3.1495180130004883
50,single_feature_hjorth_mobility,174,-3.4414221323453464,-3.195802569389344
50,single_feature_hjorth_mobility,175,-3.4033770744617167,-3.0834524631500244
50,single_feature_hjorth_mobility,176,-3.43436545592088,-3.178731322288513
50,single_feature_hjorth_mobility,177,-3.465099334716797,-3.184840440750122
50,single_feature_hjorth_mobility,178,-3.442998555990366,-3.113432168960572
50,single_feature_hjorth_mobility,179,-3.440883581454937,-3.244694948196411
50,single_feature_hjorth_mobility,180,-3.466411792314969,-3.244303226470948
50,single_feature_hjorth_mobility,181,-3.469149589538574,-3.162025094032288
50,single_feature_hjorth_mobility,182,-3.419114901469304,-3.1753182411193848
50,single_feature_hjorth_mobility,183,-3.445939669242272,-3.1228418350219727
50,single_feature_hjorth_mobility,184,-3.408956325971164,-3.172955274581909
50,single_feature_hjorth_mobility,185,-3.465975284576416,-3.0656933784484863
50,single_feature_hjorth_mobility,186,-3.380942491384653,-3.235893726348877
50,single_feature_hjorth_mobility,187,-3.4943356330578146,-3.202532172203064
50,single_feature_hjorth_mobility,188,-3.461463818183312,-3.213892340660095
50,single_feature_hjorth_mobility,189,-3.4617166885962853,-3.1814991235733032
50,single_feature_hjorth_mobility,190,-3.461037764182457,-3.24052095413208
50,single_feature_hjorth_mobility,191,-3.483132857542772,-3.2304720878601074
50,single_feature_hjorth_mobility,192,-3.4927100034860463,-3.118534803390503
50,single_feature_hjorth_mobility,193,-3.4753169279832106,-3.236195683479309
50,single_feature_hjorth_mobility,194,-3.5118388946239767,-3.202618956565857
50,single_feature_hjorth_mobility,195,-3.509496487103976,-3.234997034072876
50,single_feature_hjorth_mobility,196,-3.5270659006558933,-3.169328451156616
50,single_feature_hjorth_mobility,197,-3.486826383150541,-3.147789478302002
50,single_feature_hjorth_mobility,198,-3.4925537292773905,-3.255989909172058
50,single_feature_hjorth_mobility,199,-3.512207343028142,-3.20522403717041
50,single_feature_hjorth_mobility,200,-3.502504770572369,-3.23706591129303
50,single_feature_hjorth_mobility,201,-3.499226588469285,-3.158315420150757
50,single_feature_hjorth_mobility,202,-3.499448519486648,-3.083789110183716
50,single_feature_hjorth_mobility,203,-3.489333611268264,-3.220513701438904
50,single_feature_hjorth_mobility,204,-3.481747132081252,-3.2493101358413696
50,single_feature_hjorth_mobility,205,-3.529462282474225,-3.176054358482361
50,single_feature_hjorth_mobility,206,-3.518380000041081,-3.248659372329712
50,single_feature_hjorth_mobility,207,-3.5481087611271787,-3.2278372049331665
50,single_feature_hjorth_mobility,208,-3.5117533023540792,-3.2044554948806763
50,single_feature_hjorth_mobility,209,-3.4520570314847507,-3.07755708694458
50,single_feature_hjorth_mobility,210,-3.4395149120917687,-3.218568205833435
50,single_feature_hjorth_mobility,211,-3.44776098544781,-3.179126262664795
50,single_feature_hjorth_mobility,212,-3.4646128691159763,-3.1101499795913696
50,single_feature_hjorth_mobility,213,-3.5107646538661075,-3.264850854873657
50,single_feature_hjorth_mobility,214,-3.539996238855215,-3.2472963333129883
50,single_feature_hjorth_mobility,215,-3.572985447370089,-3.2592586278915405
50,single_feature_hjorth_mobility,216,-3.5407753540919376,-3.1506786346435547
50,single_feature_hjorth_mobility,217,-3.5526279852940488,-3.276528239250183
50,single_feature_hjorth_mobility,218,-3.52443474989671,-3.224496603012085
50,single_feature_hjorth_mobility,219,-3.5303669709425707,-3.207491397857666
50,single_feature_hjorth_mobility,220,-3.54411873450646,-3.314040422439575
50,single_feature_hjorth_mobility,221,-3.584793585997361,-3.1529455184936523
50,single_feature_hjorth_mobility,222,-3.532140144935021,-3.2987347841262817
50,single_feature_hjorth_mobility,223,-3.557230307505681,-3.234557271003723
50,single_feature_hjorth_mobility,224,-3.562795675717868,-3.2403684854507446
50,single_feature_hjorth_mobility,225,-3.584174706385686,-3.244417667388916
50,single_feature_hjorth_mobility,226,-3.568270444869995,-3.26061749458313
50,single_feature_hjorth_mobility,227,-3.5399612463437595,-3.171061396598816
50,single_feature_hjorth_mobility,228,-3.4470179814558763,-3.2304872274398804
50,single_feature_hjorth_mobility,229,-3.468152981538039,-3.2403565645217896
50,single_feature_hjorth_mobility,230,-3.4758298763862023,-3.2906757593154907
50,single_feature_hjorth_mobility,231,-3.598191371330848,-3.290475606918335
50,single_feature_hjorth_mobility,232,-3.5851280139042783,-3.2771966457366943
50,single_feature_hjorth_mobility,233,-3.558694839477539,-3.2025163173675537
50,single_feature_hjorth_mobility,234,-3.5912300806779127,-3.250279784202576
50,single_feature_hjorth_mobility,235,-3.5916801599355845,-3.290616154670716
50,single_feature_hjorth_mobility,236,-3.609640194819524,-3.2579550743103027
50,single_feature_hjorth_mobility,237,-3.5940791276785045,-3.273463606834412
50,single_feature_hjorth_mobility,238,-3.611623709018414,-3.2894567251205444
50,single_feature_hjorth_mobility,239,-3.585809799341055,-3.2360023260116577
50,single_feature_hjorth_mobility,240,-3.5513020845559926,-3.251291871070862
50,single_feature_hjorth_mobility,241,-3.605887064566979,-3.2640451192855835
50,single_feature_hjorth_mobility,242,-3.608017884767973,-3.243367910385132
50,single_feature_hjorth_mobility,243,-3.413668339069073,-3.25344181060791
50,single_feature_hjorth_mobility,244,-3.4792297253241906,-3.292059421539306
50,single_feature_hjorth_mobility,245,-3.531535148620605,-3.116492509841919
50,single_feature_hjorth_complexity,0,0.1033083232692801,-0.1954244524240493
50,single_feature_hjorth_complexity,1,-0.3134651046532851,-0.4196082055568695
50,single_feature_hjorth_complexity,2,-0.4904190875016726,-0.5480221509933472
50,single_feature_hjorth_complexity,3,-0.6200131682249216,-0.687315046787262
50,single_feature_hjorth_complexity,4,-0.7462069942401006,-0.7982498705387115
50,single_feature_hjorth_complexity,5,-0.8922368700687702,-0.9297192394733428
50,single_feature_hjorth_complexity,6,-1.0294286471146803,-1.0971176624298096
50,single_feature_hjorth_complexity,7,-1.1821754437226517,-1.2158655524253843
50,single_feature_hjorth_complexity,8,-1.283201969586886,-1.3366787433624268
50,single_feature_hjorth_complexity,9,-1.400791654219994,-1.4706623554229736
50,single_feature_hjorth_complexity,10,-1.5288491799281194,-1.54764324426651
50,single_feature_hjorth_complexity,11,-1.6317703357109656,-1.638041853904724
50,single_feature_hjorth_complexity,12,-1.6704250390713031,-1.713203251361847
50,single_feature_hjorth_complexity,13,-1.8001576937161958,-1.7951600551605225
50,single_feature_hjorth_complexity,14,-1.860024012052096,-1.8255586624145508
50,single_feature_hjorth_complexity,15,-1.9129147071104784,-1.8792674541473389
50,single_feature_hjorth_complexity,16,-1.964216791666471,-1.9433700442314148
50,single_feature_hjorth_complexity,17,-2.019466757774353,-2.009681463241577
50,single_feature_hjorth_complexity,18,-1.972654507710384,-2.0195239186286926
50,single_feature_hjorth_complexity,19,-2.1045051171229434,-2.0764174461364746
50,single_feature_hjorth_complexity,20,-2.1394750338334303,-2.10782790184021
50,single_feature_hjorth_complexity,21,-2.1645929629986105,-2.109874963760376
50,single_feature_hjorth_complexity,22,-2.1813537707695594,-2.136247396469116
50,single_feature_hjorth_complexity,23,-2.2606806571667013,-2.1506898403167725
50,single_feature_hjorth_complexity,24,-2.254443810536311,-2.1259899139404297
50,single_feature_hjorth_complexity,25,-2.1969618797302246,-2.223503828048706
50,single_feature_hjorth_complexity,26,-2.2984386407412014,-2.256531834602356
50,single_feature_hjorth_complexity,27,-2.241450630701505,-2.161853790283203
50,single_feature_hjorth_complexity,28,-2.245746502509484,-2.168087124824524
50,single_feature_hjorth_complexity,29,-2.265461114736704,-2.247782111167908
50,single_feature_hjorth_complexity,30,-2.2970651479867787,-2.195285677909851
50,single_feature_hjorth_complexity,31,-2.30329077060406,-2.17561674118042
50,single_feature_hjorth_complexity,32,-2.3326113590827355,-2.2800110578536987
50,single_feature_hjorth_complexity,33,-2.403980860343346,-2.307271957397461
50,single_feature_hjorth_complexity,34,-2.38831378863408,-2.300607204437256
50,single_feature_hjorth_complexity,35,-2.3958364816812368,-2.2917600870132446
50,single_feature_hjorth_complexity,36,-2.416562997377836,-2.317289352416992
50,single_feature_hjorth_complexity,37,-2.432175324513362,-2.3539198637008667
50,single_feature_hjorth_complexity,38,-2.446600290445181,-2.3294235467910767
50,single_feature_hjorth_complexity,39,-2.4619012429164004,-2.3601694107055664
50,single_feature_hjorth_complexity,40,-2.4594126848074107,-2.363336205482483
50,single_feature_hjorth_complexity,41,-2.3838778092310977,-2.340815305709839
50,single_feature_hjorth_complexity,42,-2.40082727945768,-2.350687026977539
50,single_feature_hjorth_complexity,43,-2.427872584416316,-2.294013977050781
50,single_feature_hjorth_complexity,44,-2.4215680819291334,-2.401904821395874
50,single_feature_hjorth_complexity,45,-2.509300873829768,-2.403163433074951
50,single_feature_hjorth_complexity,46,-2.494959831237793,-2.397172451019287
50,single_feature_hjorth_complexity,47,-2.507954707512489,-2.411399602890014
50,single_feature_hjorth_complexity,48,-2.534995977695172,-2.380166172981262
50,single_feature_hjorth_complexity,49,-2.432240981322068,-2.286902070045471
50,single_feature_hjorth_complexity,50,-2.454194509066068,-2.4146673679351807
50,single_feature_hjorth_complexity,51,-2.527694060252263,-2.428390383720398
50,single_feature_hjorth_complexity,52,-2.5713884830474854,-2.481766939163208
50,single_feature_hjorth_complexity,53,-2.5748190696422872,-2.418160557746887
50,single_feature_hjorth_complexity,54,-2.568193637407743,-2.413058996200561
50,single_feature_hjorth_complexity,55,-2.585614094367394,-2.419590830802917
50,single_feature_hjorth_complexity,56,-2.5359080754793606,-2.235558271408081
50,single_feature_hjorth_complexity,57,-2.5004160220806417,-2.496469259262085
50,single_feature_hjorth_complexity,58,-2.5369794368743896,-2.3063857555389404
50,single_feature_hjorth_complexity,59,-2.542922570155217,-2.2105515003204346
50,single_feature_hjorth_complexity,60,-2.5198508959550123,-2.392225980758667
50,single_feature_hjorth_complexity,61,-2.540395003098708,-2.3789931535720825
50,single_feature_hjorth_complexity,62,-2.5239775364215555,-2.392688512802124
50,single_feature_hjorth_complexity,63,-2.553785177377554,-2.523958921432495
50,single_feature_hjorth_complexity,64,-2.555633471562312,-2.4710558652877808
50,single_feature_hjorth_complexity,65,-2.55161532988915,-2.505784749984741
50,single_feature_hjorth_complexity,66,-2.6142445160792422,-2.4630314111709595
50,single_feature_hjorth_complexity,67,-2.635479688644409,-2.546080708503723
50,single_feature_hjorth_complexity,68,-2.642098591877864,-2.420306205749512
50,single_feature_hjorth_complexity,69,-2.5736684065598707,-2.507156491279602
50,single_feature_hjorth_complexity,70,-2.5830575869633603,-2.4824812412261963
50,single_feature_hjorth_complexity,71,-2.5950889037205624,-2.536354184150696
50,single_feature_hjorth_complexity,72,-2.657772559386033,-2.509063005447388
50,single_feature_hjorth_complexity,73,-2.664870152106652,-2.4986507892608643
50,single_feature_hjorth_complexity,74,-2.685016448681171,-2.5225120782852173
50,single_feature_hjorth_complexity,75,-2.5895647269028883,-2.5508819818496704
50,single_feature_hjorth_complexity,76,-2.5916314858656664,-2.501168370246887
50,single_feature_hjorth_complexity,77,-2.629283043054434,-2.420296311378479
50,single_feature_hjorth_complexity,78,-2.6273611875680776,-2.530305027961731
50,single_feature_hjorth_complexity,79,-2.6361506352057824,-2.519500494003296
50,single_feature_hjorth_complexity,80,-2.648401168676523,-2.452594518661499
50,single_feature_hjorth_complexity,81,-2.6333213402674747,-2.5133793354034424
50,single_feature_hjorth_complexity,82,-2.710163189814641,-2.5696542263031006
50,single_feature_hjorth_complexity,83,-2.728812052653386,-2.528664946556092
50,single_feature_hjorth_complexity,84,-2.685766000014085,-2.5900925397872925
50,single_feature_hjorth_complexity,85,-2.7103347044724684,-2.580245018005371
50,single_feature_hjorth_complexity,86,-2.731129444562472,-2.520907759666443
50,single_feature_hjorth_complexity,87,-2.737825797154353,-2.507373094558716
50,single_feature_hjorth_complexity,88,-2.737251740235549,-2.5903074741363525
50,single_feature_hjorth_complexity,89,-2.723134370950552,-2.6166462898254395
50,single_feature_hjorth_complexity,90,-2.736403923768264,-2.619762659072876
50,single_feature_hjorth_complexity,91,-2.7592368309314432,-2.5537450313568115
50,single_feature_hjorth_complexity,92,-2.746676793465248,-2.570399522781372
50,single_feature_hjorth_complexity,93,-2.709694972405067,-2.484508395195008
50,single_feature_hjorth_complexity,94,-2.693808518923246,-2.583201050758362
50,single_feature_hjorth_complexity,95,-2.6763558937953067,-2.6179202795028687
50,single_feature_hjorth_complexity,96,-2.687158089417678,-2.5909738540649414
50,single_feature_hjorth_complexity,97,-2.786728657208956,-2.555073499679565
50,single_feature_hjorth_complexity,98,-2.765567797880906,-2.471281886100769
50,single_feature_hjorth_complexity,99,-2.637345259006207,-2.516924738883972
50,single_feature_hjorth_complexity,100,-2.688231174762433,-2.645984649658203
50,single_feature_hjorth_complexity,101,-2.718356205866887,-2.4999120235443115
50,single_feature_hjorth_complexity,102,-2.682985966022198,-2.606925129890442
50,single_feature_hjorth_complexity,103,-2.731555700302124,-2.5851433277130127
50,single_feature_hjorth_complexity,104,-2.7381750620328464,-2.4755767583847046
50,single_feature_hjorth_complexity,105,-2.712689674817599,-2.585466146469116
50,single_feature_hjorth_complexity,106,-2.732177000779372,-2.555807948112488
50,single_feature_hjorth_complexity,107,-2.738937047811655,-2.454528570175171
50,single_feature_hjorth_complexity,108,-2.7223242796384373,-2.5889477729797363
50,single_feature_hjorth_complexity,109,-2.742883847309993,-2.5975091457366943
50,single_feature_hjorth_complexity,110,-2.759875517625076,-2.4736191034317017
50,single_feature_hjorth_complexity,111,-2.7373917286212626,-2.635416030883789
50,single_feature_hjorth_complexity,112,-2.7440885580503025,-2.605540990829468
50,single_feature_hjorth_complexity,113,-2.7635939671443057,-2.508348822593689
50,single_feature_hjorth_complexity,114,-2.760807624230018,-2.6200820207595825
50,single_feature_hjorth_complexity,115,-2.746712006055392,-2.6055439710617065
50,single_feature_hjorth_complexity,116,-2.766339668860802,-2.4985222816467285
50,single_feature_hjorth_complexity,117,-2.751757548405574,-2.633659601211548
50,single_feature_hjorth_complexity,118,-2.816140596683209,-2.6065906286239624
50,single_feature_hjorth_complexity,119,-2.824138512978187,-2.5883755683898926
50,single_feature_hjorth_complexity,120,-2.726608166327843,-2.5234618186950684
50,single_feature_hjorth_complexity,121,-2.7782784425295315,-2.5858871936798096
50,single_feature_hjorth_complexity,122,-2.836188921561608,-2.5695782899856567
50,single_feature_hjorth_complexity,123,-2.806366498653705,-2.5925413370132446
50,single_feature_hjorth_complexity,124,-2.8464662111722507,-2.607379913330078
50,single_feature_hjorth_complexity,125,-2.8483944489405704,-2.67085063457489
50,single_feature_hjorth_complexity,126,-2.762582723910992,-2.632198095321656
50,single_feature_hjorth_complexity,127,-2.780637502670288,-2.5621984004974365
50,single_feature_hjorth_complexity,128,-2.782245214168842,-2.5886499881744385
50,single_feature_hjorth_complexity,129,-2.806030255097609,-2.6734321117401123
50,single_feature_hjorth_complexity,130,-2.835670984708346,-2.5411571264266968
50,single_feature_hjorth_complexity,131,-2.782179062183087,-2.666754484176636
50,single_feature_hjorth_complexity,132,-2.838085339619563,-2.647713184356689
50,single_feature_hjorth_complexity,133,-2.8311071946070743,-2.5295000076293945
50,single_feature_hjorth_complexity,134,-2.754569713885968,-2.614144325256348
50,single_feature_hjorth_complexity,135,-2.801125563108004,-2.572145938873291
50,single_feature_hjorth_complexity,136,-2.840711703667274,-2.665512561798096
50,single_feature_hjorth_complexity,137,-2.867551858608539,-2.621626257896424
50,single_feature_hjorth_complexity,138,-2.869598902188814,-2.657395720481873
50,single_feature_hjorth_complexity,139,-2.7737675446730394,-2.6513900756835938
50,single_feature_hjorth_complexity,140,-2.634260287651649,-2.4566162824630737
50,single_feature_hjorth_complexity,141,-2.735082094485944,-2.677607774734497
50,single_feature_hjorth_complexity,142,-2.802282993610089,-2.638264775276184
50,single_feature_hjorth_complexity,143,-2.839261403450599,-2.6032227277755737
50,single_feature_hjorth_complexity,144,-2.832339616922232,-2.611419916152954
50,single_feature_hjorth_complexity,145,-2.8227908794696512,-2.6159493923187256
50,single_feature_hjorth_complexity,146,-2.834993839263916,-2.700193166732788
50,single_feature_hjorth_complexity,147,-2.872147486760066,-2.685642957687378
50,single_feature_hjorth_complexity,148,-2.860003874852107,-2.674567461013794
50,single_feature_hjorth_complexity,149,-2.9035920913402853,-2.6660711765289307
50,single_feature_hjorth_complexity,150,-2.9020578311039853,-2.6626224517822266
50,single_feature_hjorth_complexity,151,-2.929127748195941,-2.6603143215179443
50,single_feature_hjorth_complexity,152,-2.9076573115128737,-2.683672070503235
50,single_feature_hjorth_complexity,153,-2.8778164203350363,-2.719546914100647
50,single_feature_hjorth_complexity,154,-2.8612255316514235,-2.582326650619507
50,single_feature_hjorth_complexity,155,-2.8197351419008694,-2.520817279815674
50,single_feature_hjorth_complexity,156,-2.8808722496032715,-2.642550230026245
50,single_feature_hjorth_complexity,157,-2.780201435089112,-2.5333118438720703
50,single_feature_hjorth_complexity,158,-2.86286577811608,-2.611346125602722
50,single_feature_hjorth_complexity,159,-2.894139656653771,-2.667897224426269
50,single_feature_hjorth_complexity,160,-2.912332278031569,-2.6533761024475098
50,single_feature_hjorth_complexity,161,-2.8551739179171047,-2.698488712310791
50,single_feature_hjorth_complexity,162,-2.8647288725926328,-2.6454492807388306
50,single_feature_hjorth_complexity,163,-2.848996254114004,-2.65845000743866
50,single_feature_hjorth_complexity,164,-2.9003002643585205,-2.6074345111846924
50,single_feature_hjorth_complexity,165,-2.925493808893057,-2.655704379081726
50,single_feature_hjorth_complexity,166,-2.878613527004535,-2.636113405227661
50,single_feature_hjorth_complexity,167,-2.9115452766418457,-2.664623260498047
50,single_feature_hjorth_complexity,168,-2.9088517885941725,-2.670867443084717
50,single_feature_hjorth_complexity,169,-2.917808385995718,-2.6824514865875244
50,single_feature_hjorth_complexity,170,-2.93395865880526,-2.673261880874634
50,single_feature_hjorth_complexity,171,-2.936021327972412,-2.635423302650452
50,single_feature_hjorth_complexity,172,-2.9385127471043515,-2.6432586908340454
50,single_feature_hjorth_complexity,173,-2.9101312160491943,-2.6964852809906006
50,single_feature_hjorth_complexity,174,-2.919308203917283,-2.674573540687561
50,single_feature_hjorth_complexity,175,-2.957685708999634,-2.685279130935669
50,single_feature_hjorth_complexity,176,-2.9301921404325046,-2.664072275161743
50,single_feature_hjorth_complexity,177,-2.940148958793053,-2.631629467010498
50,single_feature_hjorth_complexity,178,-2.956539649229783,-2.5974947214126587
55,masked_npe,0,0.0906962614793043,-0.118472121655941
55,masked_npe,1,-0.2666454922694426,-0.3949835002422333
55,masked_npe,2,-0.4831845783270322,-0.5726519525051117
55,masked_npe,3,-0.6558791399002075,-0.7309769690036774
55,masked_npe,4,-0.8127445761974041,-0.7865774929523468
55,masked_npe,5,-0.9462664127349854,-0.9595247209072112
55,masked_npe,6,-1.0979852859790509,-1.0380332469940186
55,masked_npe,7,-1.2223069209318895,-1.1390740871429443
55,masked_npe,8,-1.3282043291972234,-1.3375219702720642
55,masked_npe,9,-1.4488681096297045,-1.478166937828064
55,masked_npe,10,-1.5491472299282367,-1.5472578406333923
55,masked_npe,11,-1.633659573701712,-1.524774432182312
55,masked_npe,12,-1.7306779898129976,-1.5654579401016235
55,masked_npe,13,-1.7681802144417396,-1.7248958349227903
55,masked_npe,14,-1.883733107493474,-1.763031840324402
55,masked_npe,15,-1.894246569046608,-1.9359112977981567
55,masked_npe,16,-1.9395117576305685,-1.8890310525894165
55,masked_npe,17,-2.071648203409635,-1.935177981853485
55,masked_npe,18,-2.113620978135329,-2.111801862716675
55,masked_npe,19,-2.145028756215022,-2.0924993753433228
55,masked_npe,20,-2.1954313058119554,-2.161225438117981
55,masked_npe,21,-2.245754131904015,-2.2238963842391968
55,masked_npe,22,-2.279610120333158,-2.259125590324402
55,masked_npe,23,-2.327222145520724,-2.297984004020691
55,masked_npe,24,-2.411481783940242,-2.3225196599960327
55,masked_npe,25,-2.427630057701698,-2.348808526992798
55,masked_npe,26,-2.4380235488598165,-2.352603316307068
55,masked_npe,27,-2.517301651147696,-2.498324990272522
55,masked_npe,28,-2.545526174398569,-2.443442106246948
55,masked_npe,29,-2.640279036301833,-2.4158343076705933
55,masked_npe,30,-2.621186641546396,-2.4583446979522705
55,masked_npe,31,-2.695484619874221,-2.7147353887557983
55,masked_npe,32,-2.760745965517484,-2.5454121828079224
55,masked_npe,33,-2.736191621193519,-2.746779203414917
55,masked_npe,34,-2.834063988465529,-2.7368533611297607
55,masked_npe,35,-2.798981043008657,-2.6102144718170166
55,masked_npe,36,-2.8630084624657264,-2.7675206661224365
55,masked_npe,37,-2.918308368095985,-2.742094874382019
55,masked_npe,38,-2.961762446623582,-2.9574599266052246
55,masked_npe,39,-2.9488882468296933,-2.8412771224975586
55,masked_npe,40,-2.95424536558298,-2.992692470550537
55,masked_npe,41,-3.01226806640625,-2.9885295629501343
55,masked_npe,42,-3.060334664124709,-3.0524295568466187
55,masked_npe,43,-3.170875512636625,-3.1240017414093018
55,masked_npe,44,-3.2019401880411,-2.9438003301620483
55,masked_npe,45,-3.1506534906534047,-2.968434333801269
55,masked_npe,46,-3.1684883191035342,-2.9440306425094604
55,masked_npe,47,-3.1454934156858005,-3.1530542373657227
55,masked_npe,48,-3.197061391977164,-3.034937620162964
55,masked_npe,49,-3.1487710292522726,-3.0597035884857178
55,masked_npe,50,-3.1884995240431566,-3.024723768234253
55,masked_npe,51,-3.185826246555035,-3.2643373012542725
55,masked_npe,52,-3.240326147813064,-3.1862659454345703
55,masked_npe,53,-3.303964321429913,-3.1781951189041138
55,masked_npe,54,-3.3421057921189528,-3.2457576990127563
55,masked_npe,55,-3.4158514462984524,-2.9685776233673096
55,masked_npe,56,-3.3253670105567346,-3.131295680999756
55,masked_npe,57,-3.3555250534644494,-3.1745795011520386
55,masked_npe,58,-3.363307017546433,-3.289621353149414
55,masked_npe,59,-3.4478736290564904,-3.297868251800537
55,masked_npe,60,-3.419212121229905,-3.298875451087952
55,masked_npe,61,-3.46171445112962,-3.3828017711639404
55,masked_npe,62,-3.4853273905240574,-3.3662084341049194
55,masked_npe,63,-3.495871103726901,-3.4832783937454224
55,masked_npe,64,-3.5124677878159742,-3.1450858116149902
55,masked_npe,65,-3.571559429168701,-3.28495192527771
55,masked_npe,66,-3.550462612738976,-3.382254838943481
55,masked_npe,67,-3.535934906739455,-3.227069616317749
55,masked_npe,68,-3.5025681348947377,-3.180170774459839
55,masked_npe,69,-3.438077633197491,-3.3552173376083374
55,masked_npe,70,-3.504465341567993,-3.4391589164733887
55,masked_npe,71,-3.5537188603327823,-3.397782325744629
55,masked_npe,72,-3.6277562288137584,-3.423095941543579
55,masked_npe,73,-3.5972551015707164,-3.5005545616149902
55,masked_npe,74,-3.538006195655236,-3.410612106323242
55,masked_npe,75,-3.557141193976769,-3.4095007181167603
55,masked_npe,76,-3.552563098760752,-3.569663047790528
55,masked_npe,77,-3.5459077541644755,-3.4393502473831177
55,masked_npe,78,-3.5766429901123047,-3.4609007835388184
55,masked_npe,79,-3.5100185687725363,-3.1532469987869263
55,masked_npe,80,-3.521483127887433,-3.5896421670913696
55,masked_npe,81,-3.6192410725813646,-3.5553436279296875
55,masked_npe,82,-3.748639950385461,-3.599528312683105
55,masked_npe,83,-3.758036631804246,-3.6765637397766113
55,masked_npe,84,-3.713258633246789,-3.611233353614807
55,masked_npe,85,-3.730908228800847,-3.439114570617676
55,masked_npe,86,-3.703962307709914,-3.519673585891724
55,masked_npe,87,-3.748278324420636,-3.4220199584960938
55,masked_npe,88,-3.698554809276874,-3.487185835838318
55,masked_npe,89,-3.693728942137498,-3.731070041656494
55,masked_npe,90,-3.709155559539795,-3.593587636947632
55,masked_npe,91,-3.832911124596229,-3.717405676841736
55,masked_npe,92,-3.815734423123873,-3.717756509780884
55,masked_npe,93,-3.838650996868427,-3.4842708110809326
55,masked_npe,94,-3.772359481224647,-3.612441778182984
55,masked_npe,95,-3.805714974036584,-3.7257046699523926
55,masked_npe,96,-3.7718387016883264,-3.801774263381958
55,masked_npe,97,-3.8347227023198056,-3.681532740592957
55,masked_npe,98,-3.8821751521183896,-3.7341740131378174
55,masked_npe,99,-3.8897906083327074,-3.869417905807495
55,masked_npe,100,-3.7962351395533633,-3.6837141513824463
55,masked_npe,101,-3.779899817246658,-3.5126320123672485
55,masked_npe,102,-3.825127069766705,-3.509416341781616
55,masked_npe,103,-3.8777576043055606,-3.75738263130188
55,masked_npe,104,-3.911638938463651,-3.7088056802749634
55,masked_npe,105,-3.850839376449585,-3.8266890048980713
55,masked_npe,106,-3.725802329870371,-3.739134907722473
55,masked_npe,107,-3.854795364233164,-3.800391435623169
55,masked_npe,108,-3.866791981917161,-3.670313596725464
55,masked_npe,109,-3.866072966502263,-3.806585073471069
55,masked_npe,110,-3.900559938870944,-3.769625425338745
55,masked_npe,111,-3.967545931155865,-3.8400237560272217
55,masked_npe,112,-3.96553661273076,-3.769270777702332
55,masked_npe,113,-3.930201622155996,-3.764780998229981
55,masked_npe,114,-3.929782298895029,-3.786664128303528
55,masked_npe,115,-3.9801574670351454,-3.863603115081787
55,masked_npe,116,-3.990448474884033,-3.611541271209717
55,masked_npe,117,-3.915250778198242,-3.840642213821411
55,masked_npe,118,-4.003314531766451,-3.780391573905945
55,masked_npe,119,-4.109295459894033,-3.824717998504639
55,masked_npe,120,-4.066068172454834,-3.799415588378906
55,masked_npe,121,-4.040633458357591,-3.7537354230880737
55,masked_npe,122,-3.961153543912448,-3.853644132614136
55,masked_npe,123,-4.082254849947416,-3.914939403533936
55,masked_npe,124,-4.0346308671511135,-3.770777940750122
55,masked_npe,125,-4.111758213776809,-4.018868923187256
55,masked_npe,126,-4.138227169330303,-3.93973171710968
55,masked_npe,127,-4.068440162218534,-3.717291474342346
55,masked_npe,128,-4.069292141841008,-3.757889747619629
55,masked_npe,129,-4.002177421863262,-3.816592931747437
55,masked_npe,130,-4.081955121113704,-4.0151686668396
55,masked_npe,131,-4.091816351963924,-3.822108268737793
55,masked_npe,132,-4.117932594739473,-3.964154720306397
55,masked_npe,133,-4.07338993365948,-3.907375454902649
55,masked_npe,134,-4.094691551648653,-3.945270657539368
55,masked_npe,135,-4.084055166978103,-3.808507561683655
55,masked_npe,136,-4.090612356479351,-3.8477977514266968
55,masked_npe,137,-4.048962959876428,-3.830513238906861
55,masked_npe,138,-4.112006004040058,-3.972580313682556
55,masked_npe,139,-4.175214235599224,-4.006773710250855
55,masked_npe,140,-4.060602151430571,-3.766404390335083
55,masked_npe,141,-4.089610906747671,-3.93483054637909
55,masked_npe,142,-4.080108550878672,-3.892447113990784
55,masked_npe,143,-4.100748649010291,-4.0036821365356445
55,masked_npe,144,-4.087512071316059,-3.8056565523147583
55,masked_npe,145,-3.934486829317533,-3.820449471473694
55,masked_npe,146,-4.004434255453257,-3.929673194885254
55,masked_npe,147,-4.048509652797993,-3.736094832420349
55,masked_npe,148,-3.993872165679932,-3.912438750267029
55,masked_npe,149,-4.211510951702412,-3.977210283279419
55,masked_npe,150,-4.141532054314246,-4.065627217292786
55,masked_npe,151,-4.263541294978215,-3.96770179271698
55,masked_npe,152,-4.273998553936298,-4.098812103271484
55,masked_npe,153,-4.166851153740516,-4.071277379989624
55,masked_npe,154,-4.178867523486797,-4.05657958984375
55,masked_npe,155,-4.221430870202871,-4.108519911766052
55,masked_npe,156,-4.251203445287851,-4.003310561180115
55,masked_npe,157,-4.12832969885606,-4.065579652786255
55,masked_npe,158,-4.209029087653527,-3.939137816429138
55,masked_npe,159,-4.296918373841506,-3.980881690979004
55,masked_npe,160,-4.291421303382287,-4.115526795387268
55,masked_npe,161,-4.257763055654673,-4.0363874435424805
55,masked_npe,162,-4.210522670012254,-4.181751251220703
55,masked_npe,163,-4.224190088418814,-3.9551185369491577
55,masked_npe,164,-4.249087920555701,-4.1780877113342285
55,masked_npe,165,-4.352760314941406,-4.050429940223694
55,masked_npe,166,-4.172370213728684,-3.994680285453797
55,masked_npe,167,-4.271813961175772,-4.087439775466919
55,masked_npe,168,-4.428161401015061,-3.99546217918396
55,masked_npe,169,-4.252719622391921,-3.956524968147278
55,masked_npe,170,-4.220670846792368,-4.165563106536865
55,masked_npe,171,-4.3570254399226265,-3.9957642555236816
55,masked_npe,172,-4.3562729542072,-4.097169160842896
55,masked_npe,173,-4.113335499396691,-4.166083097457886
55,masked_npe,174,-4.264988018916204,-4.178580522537232
55,masked_npe,175,-4.293525952559251,-4.21059513092041
55,masked_npe,176,-4.263372678023118,-4.11628532409668
55,masked_npe,177,-4.390952367048997,-4.1335389614105225
55,masked_npe,178,-4.306684512358445,-3.791310787200928
55,masked_npe,179,-4.254519059107854,-4.2347798347473145
55,masked_npe,180,-4.412367453941932,-3.993815064430237
55,masked_npe,181,-4.3578518353975735,-4.0707221031188965
55,masked_npe,182,-4.270396049206074,-4.16330361366272
55,masked_npe,183,-4.354504878704365,-4.115994930267334
55,masked_npe,184,-4.311065618808453,-4.097935676574707
55,masked_npe,185,-4.416490994966948,-4.19603157043457
55,masked_npe,186,-4.336290029379038,-4.016631841659546
55,masked_npe,187,-4.403859872084397,-4.173171281814575
55,masked_npe,188,-4.211152260120098,-3.952936172485352
55,masked_npe,189,-4.253715716875517,-4.196159362792969
55,masked_npe,190,-4.239708717052753,-3.833580851554871
55,masked_npe,191,-4.155696318699763,-4.212594985961914
55,masked_npe,192,-4.43391568844135,-4.095057010650635
55,masked_npe,193,-4.285446570469783,-4.1870951652526855
55,masked_npe,194,-4.46013538654034,-4.120244264602661
55,masked_npe,195,-4.389338933504545,-4.127694129943848
55,masked_npe,196,-4.391192436218262,-4.286301374435425
55,masked_npe,197,-4.442882941319392,-4.249730587005615
55,masked_npe,198,-4.416633110779983,-4.364741325378418
55,masked_npe,199,-4.431616196265588,-4.315753221511841
55,masked_npe,200,-4.435091532193697,-4.059941530227661
55,masked_npe,201,-4.462887397179236,-4.304174900054932
55,masked_npe,202,-4.372033541019146,-4.280057907104492
55,masked_npe,203,-4.343888392815223,-4.232021331787109
55,masked_npe,204,-4.484583231119009,-4.295442342758179
55,masked_npe,205,-4.504483809837928,-4.401613473892212
55,masked_npe,206,-4.4735247905437765,-4.301151275634766
55,masked_npe,207,-4.409095727480375,-4.1190714836120605
55,masked_npe,208,-4.402248382568359,-4.1604108810424805
55,masked_npe,209,-4.481038387005146,-4.314586877822876
55,masked_npe,210,-4.484013667473426,-4.1194682121276855
55,masked_npe,211,-4.502679091233474,-4.364147186279297
55,masked_npe,212,-4.387170864985539,-4.219166994094849
55,masked_npe,213,-4.381959731762226,-4.016964912414551
55,masked_npe,214,-4.312973389258752,-4.270613431930542
55,masked_npe,215,-4.453354028555063,-4.272603988647461
55,masked_npe,216,-4.506744861602783,-4.192939043045044
55,masked_npe,217,-4.565373567434458,-4.330457448959351
55,masked_npe,218,-4.569346317878137,-3.853561520576477
55,masked_npe,219,-4.155242351385263,-4.070462107658386
55,masked_npe,220,-4.4720737017118015,-4.350810527801514
55,masked_npe,221,-4.523796998537504,-4.2358903884887695
55,masked_npe,222,-4.458984851837158,-4.061809778213501
55,masked_npe,223,-4.243942774259127,-4.172966241836548
55,masked_npe,224,-4.37056644146259,-4.223236799240112
55,masked_npe,225,-4.488896590012771,-4.294971704483032
55,masked_npe,226,-4.476162947141207,-4.341535806655884
55,masked_npe,227,-4.504973998436561,-4.178149700164795
55,masked_npe,228,-4.484480711129995,-4.217506408691406
55,masked_npe,229,-4.541157502394456,-3.978516101837158
55,masked_npe,230,-4.36072591634897,-4.501420497894287
55,masked_npe,231,-4.604336188389705,-4.346853971481323
55,masked_npe,232,-4.56338383601262,-4.387174606323242
55,masked_npe,233,-4.6078691482543945,-4.436060190200806
55,masked_npe,234,-4.500855812659631,-4.383887052536011
55,masked_npe,235,-4.523148188224206,-4.410211086273193
55,masked_npe,236,-4.488871317643386,-4.416231155395508
55,masked_npe,237,-4.5288250629718485,-4.49767541885376
55,masked_npe,238,-4.550561794867883,-4.403342723846436
55,masked_npe,239,-4.56835152552678,-4.328562259674072
55,masked_npe,240,-4.558019197904146,-4.311630964279175
55,masked_npe,241,-4.589789500603309,-4.172746896743774
55,masked_npe,242,-4.465583397791936,-4.326982259750366
55,masked_npe,243,-4.553851677821233,-4.324244976043701
55,masked_npe,244,-4.561868190765381,-4.378303527832031
55,masked_npe,245,-4.473258862128625,-4.336476564407349
55,masked_npe,246,-4.562788046323336,-4.536248922348023
55,masked_npe,247,-4.550857323866624,-4.2687668800354
55,masked_npe,248,-4.635002392988938,-4.466149091720581
55,masked_npe,249,-4.524588291461651,-4.31572151184082
55,masked_npe,250,-4.6434957064115086,-4.127990007400513
55,masked_npe,251,-4.582695484161377,-4.335626602172852
55,masked_npe,252,-4.511506594144381,-4.16328501701355
55,masked_npe,253,-4.515109172234168,-4.313883543014526
55,masked_npe,254,-4.520705113044152,-4.245217323303223
55,masked_npe,255,-4.596169068263127,-4.452695846557617
55,masked_npe,256,-4.586516600388747,-4.538642883300781
55,masked_npe,257,-4.7022845561687765,-4.512498140335083
55,masked_npe,258,-4.671563038459191,-4.128929615020752
55,masked_npe,259,-4.647288946005014,-4.400732040405273
55,masked_npe,260,-4.679640366480901,-4.504403352737427
55,masked_npe,261,-4.640794864067664,-4.363397359848023
55,masked_npe,262,-4.690120550302359,-4.627900123596191
55,masked_npe,263,-4.625684628119836,-4.428705930709839
55,masked_npe,264,-4.69082707625169,-4.516643047332764
55,masked_npe,265,-4.685735262357271,-4.433820486068726
55,masked_npe,266,-4.685914443089412,-4.443361043930054
55,masked_npe,267,-4.566494978391207,-4.265685081481934
55,masked_npe,268,-4.573634807880108,-4.429009199142456
55,masked_npe,269,-4.653695033146785,-4.401709079742432
55,masked_npe,270,-4.695520914517916,-4.205748081207275
55,masked_npe,271,-4.613314445202168,-4.576208114624023
55,masked_npe,272,-4.719373556283804,-4.506213665008545
55,masked_npe,273,-4.582792025346023,-4.307158708572388
55,masked_npe,274,-4.630619892707238,-4.443346977233887
55,masked_npe,275,-4.747714005983793,-4.595279932022095
55,masked_npe,276,-4.648714835827168,-4.157085418701172
55,masked_npe,277,-4.366054534912109,-4.350730657577515
55,masked_npe,278,-4.677822259756235,-4.408873796463013
55,masked_npe,279,-4.684092925145076,-4.2260355949401855
55,masked_npe,280,-4.486810207366943,-4.4368979930877686
55,masked_npe,281,-4.650745721963736,-4.389835596084595
55,masked_npe,282,-4.614434572366568,-4.443235397338867
55,masked_npe,283,-4.734130125779372,-4.574864387512207
55,masked_npe,284,-4.604695613567646,-4.454756259918213
55,masked_npe,285,-4.660582505739653,-4.417713642120361
55,masked_npe,286,-4.518593604748066,-4.483831882476807
55,masked_npe,287,-4.662714994870699,-4.381563186645508
55,single_feature_skewness,0,0.1346290367655456,-0.1120081096887588
55,single_feature_skewness,1,-0.2660955156271274,-0.352445900440216
55,single_feature_skewness,2,-0.4750266625330998,-0.5452478229999542
55,single_feature_skewness,3,-0.7192130730702326,-0.7872481346130371
55,single_feature_skewness,4,-1.031418236402365,-1.096884846687317
55,single_feature_skewness,5,-1.259714594254127,-1.2473760843276978
55,single_feature_skewness,6,-1.4195860716012807,-1.370468020439148
55,single_feature_skewness,7,-1.5442761274484489,-1.407367706298828
55,single_feature_skewness,8,-1.597841556255634,-1.4961565732955933
55,single_feature_skewness,9,-1.661916476029616,-1.5285692811012268
55,single_feature_skewness,10,-1.721896089040316,-1.6112229228019714
55,single_feature_skewness,11,-1.7787779936423669,-1.6590924263000488
55,single_feature_skewness,12,-1.8292138576507568,-1.6873434782028198
55,single_feature_skewness,13,-1.8758808557803808,-1.712114691734314
55,single_feature_skewness,14,-1.881121176939744,-1.7432954907417295
55,single_feature_skewness,15,-1.9114788954074569,-1.6888501048088074
55,single_feature_skewness,16,-1.9160957519824688,-1.7952234148979187
55,single_feature_skewness,17,-1.975768401072576,-1.848434805870056
55,single_feature_skewness,18,-1.9485310132686908,-1.580983340740204
55,single_feature_skewness,19,-1.9260627764921925,-1.9249994158744808
55,single_feature_skewness,20,-2.0081065801473765,-1.820935845375061
55,single_feature_skewness,21,-2.0199800179554868,-1.8647978901863096
55,single_feature_skewness,22,-2.030397002513592,-1.815536379814148
55,single_feature_skewness,23,-2.053603905897874,-1.9153644442558289
55,single_feature_skewness,24,-2.04042832668011,-1.8648608922958367
55,single_feature_skewness,25,-2.092973773296063,-1.9188416004180908
55,single_feature_skewness,26,-2.134549003380996,-1.8752549290657043
55,single_feature_skewness,27,-2.096692516253545,-1.927922546863556
55,single_feature_skewness,28,-2.0985786272929263,-1.891178011894226
55,single_feature_skewness,29,-2.164776637003972,-1.9552123546600344
55,single_feature_skewness,30,-2.18706620656527,-1.9197649955749512
55,single_feature_skewness,31,-2.137302270302406,-2.0344661474227905
55,single_feature_skewness,32,-2.2083649268517127,-2.0175793170928955
55,single_feature_skewness,33,-2.222701072692871,-1.9254524111747744
55,single_feature_skewness,34,-2.163510726048396,-2.0234055519104004
55,single_feature_skewness,35,-2.2084497121664195,-1.993031620979309
55,single_feature_skewness,36,-2.2118834807322574,-2.132405638694763
55,single_feature_skewness,37,-2.253054765554575,-2.0607593059539795
55,single_feature_skewness,38,-2.211191214047945,-2.117293953895569
55,single_feature_skewness,39,-2.2297295056856594,-1.977230191230774
55,single_feature_skewness,40,-2.230666655760545,-2.047515630722046
55,single_feature_skewness,41,-2.2522303874676046,-1.904931664466858
55,single_feature_skewness,42,-2.263865489226121,-2.0939371585845947
55,single_feature_skewness,43,-2.315812275959895,-2.132368803024292
55,single_feature_skewness,44,-2.3089821338653564,-2.0732033252716064
55,single_feature_skewness,45,-2.275816110464243,-2.1701905727386475
55,single_feature_skewness,46,-2.277922501930824,-2.0894795656204224
55,single_feature_skewness,47,-2.277171996923593,-2.0745413303375244
55,single_feature_skewness,48,-2.300738646433904,-2.12960422039032
55,single_feature_skewness,49,-2.3524473997262807,-2.126298427581787
55,single_feature_skewness,50,-2.2802490454453688,-2.118532180786133
55,single_feature_skewness,51,-2.340484178983248,-1.984026312828064
55,single_feature_skewness,52,-2.302475690841675,-2.183776617050171
55,single_feature_skewness,53,-2.382960319519043,-2.1093019247055054
55,single_feature_skewness,54,-2.3438243499168983,-2.1379754543304443
55,single_feature_skewness,55,-2.3852884769439697,-2.145178198814392
55,single_feature_skewness,56,-2.3350772857666016,-2.194873094558716
55,single_feature_skewness,57,-2.313722115296584,-2.152582049369812
55,single_feature_skewness,58,-2.369873652091393,-2.156173825263977
55,single_feature_skewness,59,-2.3774578938117394,-2.151876926422119
55,single_feature_skewness,60,-2.3890870351057787,-2.2268033027648926
55,single_feature_skewness,61,-2.4178287432743955,-2.277047634124756
55,single_feature_skewness,62,-2.440134672018198,-2.2281771898269653
55,single_feature_skewness,63,-2.428517855130709,-2.097192645072937
55,single_feature_skewness,64,-2.402344666994535,-2.188576102256775
55,single_feature_skewness,65,-2.412299174528856,-2.3109993934631348
55,single_feature_skewness,66,-2.46847860629742,-2.221943616867065
55,single_feature_skewness,67,-2.455663626010601,-2.1924132108688354
55,single_feature_skewness,68,-2.4560751548180213,-2.21072781085968
55,single_feature_skewness,69,-2.353039026260376,-2.1772297620773315
55,single_feature_skewness,70,-2.370470633873573,-2.173175096511841
55,single_feature_skewness,71,-2.363967932187594,-2.185282111167908
55,single_feature_skewness,72,-2.384576394007756,-2.289323091506958
55,single_feature_skewness,73,-2.393046269050011,-2.039693236351013
55,single_feature_skewness,74,-2.329314451951247,-2.090132713317871
55,single_feature_skewness,75,-2.3591574155367336,-2.2699955701828003
55,single_feature_skewness,76,-2.410090739910419,-2.0844494104385376
55,single_feature_skewness,77,-2.3807521233191857,-2.091136693954468
55,single_feature_skewness,78,-2.38060815517719,-2.193637251853943
55,single_feature_skewness,79,-2.3660854559678297,-2.30350923538208
55,single_feature_skewness,80,-2.401215241505549,-2.278842568397522
55,single_feature_skewness,81,-2.513270194713886,-2.2593345642089844
55,single_feature_skewness,82,-2.500485218488253,-2.341615676879883
55,single_feature_skewness,83,-2.5062356178577128,-2.298746347427368
55,single_feature_skewness,84,-2.52190635754512,-2.2543669939041138
55,single_feature_skewness,85,-2.5175821781158447,-2.30688214302063
55,single_feature_skewness,86,-2.4814975445087137,-2.2902145385742188
55,single_feature_skewness,87,-2.5347122045663686,-2.2405855655670166
55,single_feature_skewness,88,-2.5525686740875244,-2.2760169506073
55,single_feature_skewness,89,-2.540841212639442,-2.300769090652466
55,single_feature_skewness,90,-2.530002263876108,-2.2782315015792847
55,single_feature_skewness,91,-2.500937095055213,-2.19543993473053
55,single_feature_skewness,92,-2.541849448130681,-2.0625593662261963
55,single_feature_skewness,93,-2.4989111056694617,-2.170952796936035
55,single_feature_skewness,94,-2.4533179173102746,-2.3061676025390625
55,single_feature_skewness,95,-2.591142324300913,-2.3451085090637207
55,single_feature_skewness,96,-2.5929742409632754,-2.361011028289795
55,single_feature_skewness,97,-2.610576813037579,-2.4030048847198486
55,single_feature_skewness,98,-2.5924512423001804,-2.379272699356079
55,single_feature_skewness,99,-2.590077767005333,-2.3720765113830566
55,single_feature_skewness,100,-2.6142075061798096,-2.367823839187622
55,single_feature_skewness,101,-2.5246184789217434,-2.2448673248291016
55,single_feature_skewness,102,-2.533801023776715,-2.410635590553284
55,single_feature_skewness,103,-2.601945161819458,-2.272887706756592
55,single_feature_skewness,104,-2.539888088519757,-2.3178354501724243
55,single_feature_skewness,105,-2.6200271386366625,-2.350055932998657
55,single_feature_skewness,106,-2.633894773629996,-2.414207220077514
55,single_feature_skewness,107,-2.602730934436505,-2.3286842107772827
55,single_feature_skewness,108,-2.5767566240750828,-2.3661030530929565
55,single_feature_skewness,109,-2.57990969144381,-2.346304178237915
55,single_feature_skewness,110,-2.588866527263934,-2.4424543380737305
55,single_feature_skewness,111,-2.6275915732750525,-2.386187791824341
55,single_feature_skewness,112,-2.572675833335289,-2.275176405906677
55,single_feature_skewness,113,-2.5720812724186826,-2.4155728816986084
55,single_feature_skewness,114,-2.632569441428551,-2.3935818672180176
55,single_feature_skewness,115,-2.5769486060509315,-2.372931957244873
55,single_feature_skewness,116,-2.596143502455491,-2.30571448802948
55,single_feature_skewness,117,-2.611277176783635,-2.387608885765076
55,single_feature_skewness,118,-2.6193099388709435,-2.316356897354126
55,single_feature_skewness,119,-2.604727194859432,-2.382401704788208
55,single_feature_skewness,120,-2.61663347024184,-2.327616095542908
55,single_feature_skewness,121,-2.577707675787119,-2.3237788677215576
55,single_feature_skewness,122,-2.6048822586353007,-2.3521934747695923
55,single_feature_skewness,123,-2.618968156667856,-2.453626275062561
55,single_feature_skewness,124,-2.631473687978892,-2.3590242862701416
55,single_feature_skewness,125,-2.653780185259305,-2.384955644607544
55,single_feature_skewness,126,-2.6403826750241794,-2.4031405448913574
55,single_feature_skewness,127,-2.6662392066075253,-2.381810784339905
55,single_feature_skewness,128,-2.563190460205078,-2.2711058855056763
55,single_feature_skewness,129,-2.6134314903846154,-2.434160828590393
55,single_feature_skewness,130,-2.6397255017207217,-2.438058018684387
55,single_feature_skewness,131,-2.683447947868934,-2.4463021755218506
55,single_feature_skewness,132,-2.6556387497828555,-2.369112730026245
55,single_feature_skewness,133,-2.6688493398519664,-2.47109055519104
55,single_feature_skewness,134,-2.674480236493624,-2.421720862388611
55,single_feature_skewness,135,-2.6916922605954685,-2.39488172531128
55,single_feature_skewness,136,-2.66610730611361,-2.3376638889312744
55,single_feature_skewness,137,-2.6242569043086124,-2.3834084272384644
55,single_feature_skewness,138,-2.650543744747455,-2.428706884384156
55,single_feature_skewness,139,-2.6471034563504734,-2.456012725830078
55,single_feature_skewness,140,-2.6842062656696024,-2.375504970550537
55,single_feature_skewness,141,-2.6974532787616434,-2.44517982006073
55,single_feature_skewness,142,-2.690629940766555,-2.3366228342056274
55,single_feature_skewness,143,-2.6266852708963246,-2.3994897603988647
55,single_feature_skewness,144,-2.655789522024301,-2.415711522102356
55,single_feature_skewness,145,-2.6846195184267483,-2.457719564437866
55,single_feature_skewness,146,-2.7156078815460205,-2.4523487091064453
55,single_feature_skewness,147,-2.725397366743821,-2.4028180837631226
55,single_feature_skewness,148,-2.675550570854774,-2.32070529460907
55,single_feature_skewness,149,-2.6867942076462965,-2.4473650455474854
55,single_feature_skewness,150,-2.718117787287785,-2.4215654134750366
55,single_feature_skewness,151,-2.7274473630465,-2.479556083679199
55,single_feature_skewness,152,-2.7169280785780687,-2.489778161048889
55,single_feature_skewness,153,-2.698524878575252,-2.245735645294189
55,single_feature_skewness,154,-2.708977387501643,-2.369577646255493
55,single_feature_skewness,155,-2.6967579218057485,-2.446158766746521
55,single_feature_skewness,156,-2.6567981243133545,-2.337593674659729
55,single_feature_skewness,157,-2.6974551677703857,-2.455284595489502
55,single_feature_skewness,158,-2.710070720085731,-2.4191598892211914
55,single_feature_skewness,159,-2.69314404634329,-2.4156582355499268
55,single_feature_skewness,160,-2.7184196435488186,-2.402539014816284
55,single_feature_skewness,161,-2.7415296664604774,-2.387219190597534
55,single_feature_skewness,162,-2.6994674022381124,-2.4488322734832764
55,single_feature_skewness,163,-2.7545709793384257,-2.446733593940735
55,single_feature_skewness,164,-2.755605330834022,-2.3365259170532227
55,single_feature_skewness,165,-2.684035117809589,-2.382862687110901
55,single_feature_skewness,166,-2.7066609125870924,-2.330482244491577
55,single_feature_skewness,167,-2.654462484213022,-2.4632400274276733
55,single_feature_skewness,168,-2.68825206389794,-2.4198269844055176
55,single_feature_skewness,169,-2.7044952465937686,-2.368721842765808
55,single_feature_skewness,170,-2.7195551028618445,-2.3862804174423218
55,single_feature_skewness,171,-2.7461830285879283,-2.43490993976593
55,single_feature_skewness,172,-2.73434644479018,-2.39647114276886
55,single_feature_skewness,173,-2.727351738856389,-2.399732828140259
55,single_feature_skewness,174,-2.7509833115797777,-2.47703218460083
55,single_feature_skewness,175,-2.722380344684308,-2.443795919418335
55,single_feature_skewness,176,-2.728813648223877,-2.482063055038452
55,single_feature_skewness,177,-2.7521717181572547,-2.4560790061950684
55,single_feature_kurtosis,0,0.1561471937367549,-0.0681999176740646
55,single_feature_kurtosis,1,-0.2189205168531491,-0.248871199786663
55,single_feature_kurtosis,2,-0.3898241405303662,-0.3541500866413116
55,single_feature_kurtosis,3,-0.5067082070387326,-0.4500486850738525
55,single_feature_kurtosis,4,-0.5963613069974459,-0.5427902042865753
55,single_feature_kurtosis,5,-0.678883066544166,-0.5667403936386108
55,single_feature_kurtosis,6,-0.7422282008024362,-0.6226016581058502
55,single_feature_kurtosis,7,-0.7917392253875732,-0.6784528195858002
55,single_feature_kurtosis,8,-0.8247081270584693,-0.6881778240203857
55,single_feature_kurtosis,9,-0.8539017026241009,-0.7632358074188232
55,single_feature_kurtosis,10,-0.8704584974509019,-0.7677542567253113
55,single_feature_kurtosis,11,-0.914289231483753,-0.8362109959125519
55,single_feature_kurtosis,12,-0.957017068679516,-0.8954686522483826
55,single_feature_kurtosis,13,-1.0084238373316252,-0.9564221501350404
55,single_feature_kurtosis,14,-1.0895728239646325,-1.073629081249237
55,single_feature_kurtosis,15,-1.221222996711731,-1.2269407510757446
55,single_feature_kurtosis,16,-1.3554230194825392,-1.365851879119873
55,single_feature_kurtosis,17,-1.4280763681118305,-1.3753075003623962
55,single_feature_kurtosis,18,-1.4787875688993013,-1.4556434750556946
55,single_feature_kurtosis,19,-1.5405237583013682,-1.5390896201133728
55,single_feature_kurtosis,20,-1.6132526581103983,-1.5438717007637024
55,single_feature_kurtosis,21,-1.636770175053523,-1.48198139667511
55,single_feature_kurtosis,22,-1.6871209144592283,-1.582657754421234
55,single_feature_kurtosis,23,-1.725688017331637,-1.6129271388053894
55,single_feature_kurtosis,24,-1.750357747077942,-1.635433554649353
55,single_feature_kurtosis,25,-1.74262247635768,-1.601157784461975
55,single_feature_kurtosis,26,-1.7554964285630446,-1.6491497159004211
55,single_feature_kurtosis,27,-1.8193920850753784,-1.7357137203216553
55,single_feature_kurtosis,28,-1.826064788378202,-1.6831820607185364
55,single_feature_kurtosis,29,-1.825061119519748,-1.6710758209228516
55,single_feature_kurtosis,30,-1.8661488478000348,-1.7304291129112244
55,single_feature_kurtosis,31,-1.8763613058970523,-1.700003743171692
55,single_feature_kurtosis,32,-1.9222664741369395,-1.7939432859420776
55,single_feature_kurtosis,33,-1.945714748822725,-1.820342898368836
55,single_feature_kurtosis,34,-1.976877606832064,-1.8538997173309328
55,single_feature_kurtosis,35,-1.9045911843960104,-1.7404919266700745
55,single_feature_kurtosis,36,-1.8668734752214875,-1.77131325006485
55,single_feature_kurtosis,37,-1.9506082718188944,-1.849942803382873
55,single_feature_kurtosis,38,-2.023653626441956,-1.926866948604584
55,single_feature_kurtosis,39,-2.031369814505944,-1.839344143867493
55,single_feature_kurtosis,40,-2.0289407876821666,-1.9027326107025144
55,single_feature_kurtosis,41,-2.0243249398011427,-1.869336187839508
55,single_feature_kurtosis,42,-2.0729723893679104,-1.912150859832764
55,single_feature_kurtosis,43,-2.063900947570801,-1.8650396466255188
55,single_feature_kurtosis,44,-2.0764205822577844,-1.952663779258728
55,single_feature_kurtosis,45,-2.108763924011817,-2.00085973739624
55,single_feature_kurtosis,46,-2.1173410965846133,-1.9023598432540887
55,single_feature_kurtosis,47,-2.130897301893968,-1.9569820165634155
55,single_feature_kurtosis,48,-2.142926362844614,-2.0335500240325928
55,single_feature_kurtosis,49,-2.102126048161433,-1.9413869380950928
55,single_feature_kurtosis,50,-2.143972066732553,-2.0444211959838867
55,single_feature_kurtosis,51,-2.192704971020038,-2.077483057975769
55,single_feature_kurtosis,52,-2.1879869240980883,-2.074795722961426
55,single_feature_kurtosis,53,-2.2073110250326304,-2.038661181926728
55,single_feature_kurtosis,54,-2.2083933536822977,-1.991055428981781
55,single_feature_kurtosis,55,-2.1894536201770487,-2.011382579803467
55,single_feature_kurtosis,56,-2.234814001963689,-2.091775298118592
55,single_feature_kurtosis,57,-2.2127836484175463,-2.067610263824463
55,single_feature_kurtosis,58,-2.207606443992028,-2.0524057149887085
55,single_feature_kurtosis,59,-2.172319925748385,-2.0677146911621094
55,single_feature_kurtosis,60,-2.246344658044668,-2.098932266235352
55,single_feature_kurtosis,61,-2.2655173265016995,-2.148610830307007
55,single_feature_kurtosis,62,-2.281624665627113,-2.126943349838257
55,single_feature_kurtosis,63,-2.2605026135077844,-2.112215518951416
55,single_feature_kurtosis,64,-2.272988612835224,-2.162128448486328
55,single_feature_kurtosis,65,-2.297231068977943,-2.178474903106689
55,single_feature_kurtosis,66,-2.2535433769226074,-1.988483190536499
55,single_feature_kurtosis,67,-2.214782439745389,-2.078778028488159
55,single_feature_kurtosis,68,-2.292106573398297,-2.163323402404785
55,single_feature_kurtosis,69,-2.323919938160823,-2.083332180976868
55,single_feature_kurtosis,70,-2.3160159221062293,-2.153582572937012
55,single_feature_kurtosis,71,-2.309615428631122,-2.0978864431381226
55,single_feature_kurtosis,72,-2.213557921923124,-2.0603246688842773
55,single_feature_kurtosis,73,-2.2490307000967174,-2.141106367111206
55,single_feature_kurtosis,74,-2.303848229921781,-2.1841142177581787
55,single_feature_kurtosis,75,-2.31336157138531,-2.0597243309021
55,single_feature_kurtosis,76,-2.291532663198618,-1.9676086902618408
55,single_feature_kurtosis,77,-2.3043300188504734,-2.1518499851226807
55,single_feature_kurtosis,78,-2.348333853941697,-2.183346390724182
55,single_feature_kurtosis,79,-2.307064441534189,-2.0051791667938232
55,single_feature_kurtosis,80,-2.2285850598261905,-1.9938277006149288
55,single_feature_kurtosis,81,-2.3250927925109863,-2.116922974586487
55,single_feature_kurtosis,82,-2.3064347964066725,-2.09910786151886
55,single_feature_kurtosis,83,-2.3268784376291127,-2.174298048019409
55,single_feature_kurtosis,84,-2.353854637879592,-2.2230411767959595
55,single_feature_kurtosis,85,-2.349832057952881,-2.1817433834075928
55,single_feature_kurtosis,86,-2.340686559677124,-2.1889772415161133
55,single_feature_kurtosis,87,-2.32510231091426,-2.047616720199585
55,single_feature_kurtosis,88,-2.321929161365216,-2.182548999786377
55,single_feature_kurtosis,89,-2.3630274809323826,-2.157174825668335
55,single_feature_kurtosis,90,-2.321691146263709,-1.90793651342392
55,single_feature_kurtosis,91,-2.2796280567462626,-2.048827767372132
55,single_feature_kurtosis,92,-2.301270374884972,-2.203285217285156
55,single_feature_kurtosis,93,-2.3026285538306603,-2.174693465232849
55,single_feature_kurtosis,94,-2.3500745113079367,-2.218743801116944
55,single_feature_kurtosis,95,-2.337601936780489,-2.146113157272339
55,single_feature_kurtosis,96,-2.3784335393172045,-2.2287847995758057
55,single_feature_kurtosis,97,-2.385783727352436,-2.179913282394409
55,single_feature_kurtosis,98,-2.347083641932561,-2.253781318664551
55,single_feature_kurtosis,99,-2.326904113476093,-2.1733222007751465
55,single_feature_kurtosis,100,-2.372375176503108,-2.2065943479537964
55,single_feature_kurtosis,101,-2.390467093541072,-2.2342422008514404
55,single_feature_kurtosis,102,-2.409239072066087,-2.1873624324798584
55,single_feature_kurtosis,103,-2.396534974758441,-2.224927425384521
55,single_feature_kurtosis,104,-2.384091909115131,-2.117135167121887
55,single_feature_kurtosis,105,-2.389911339833186,-2.125405788421631
55,single_feature_kurtosis,106,-2.3507583691523624,-2.15419340133667
55,single_feature_kurtosis,107,-2.353082931958712,-2.1802663803100586
55,single_feature_kurtosis,108,-2.392075722034161,-2.214609146118164
55,single_feature_kurtosis,109,-2.3771512508392334,-2.1925456523895264
55,single_feature_kurtosis,110,-2.378997289217436,-2.2174322605133057
55,single_feature_kurtosis,111,-2.415405878653893,-2.137798309326172
55,single_feature_kurtosis,112,-2.3702919116387,-2.155965209007263
55,single_feature_kurtosis,113,-2.420530814390916,-2.22469699382782
55,single_feature_kurtosis,114,-2.4358033583714414,-2.199890851974488
55,single_feature_kurtosis,115,-2.435577575977032,-2.256046175956726
55,single_feature_kurtosis,116,-2.452451192415677,-2.227005124092102
55,single_feature_kurtosis,117,-2.4492332201737623,-2.193948268890381
55,single_feature_kurtosis,118,-2.4417392840752234,-2.198138475418091
55,single_feature_kurtosis,119,-2.41870641708374,-2.169100880622864
55,single_feature_kurtosis,120,-2.431875485640305,-2.285482168197632
55,single_feature_kurtosis,121,-2.417587812130268,-2.2339569330215454
55,single_feature_kurtosis,122,-2.434275553776668,-2.206836938858032
55,single_feature_kurtosis,123,-2.3316948047051063,-2.264907956123352
55,single_feature_kurtosis,124,-2.4479088416466346,-2.16478967666626
55,single_feature_kurtosis,125,-2.452534583898691,-2.202545404434204
55,single_feature_kurtosis,126,-2.4422243375044603,-2.201071262359619
55,single_feature_kurtosis,127,-2.469084592965933,-2.2507784366607666
55,single_feature_kurtosis,128,-2.442455456807063,-2.2319217920303345
55,single_feature_kurtosis,129,-2.4656650836651144,-2.173192977905273
55,single_feature_kurtosis,130,-2.447206588891836,-2.2853567600250244
55,single_feature_kurtosis,131,-2.439166252429669,-2.2351772785186768
55,single_feature_kurtosis,132,-2.4291163774637075,-2.215072512626648
55,single_feature_kurtosis,133,-2.4403589138617883,-2.313454389572144
55,single_feature_kurtosis,134,-2.464291114073533,-2.2583407163619995
55,single_feature_kurtosis,135,-2.476874443200918,-2.259360432624817
55,single_feature_kurtosis,136,-2.4678268799415,-2.272383451461792
55,single_feature_kurtosis,137,-2.4959353667039137,-2.26239550113678
55,single_feature_kurtosis,138,-2.465130090713501,-2.26707375049591
55,single_feature_kurtosis,139,-2.4939002440525937,-2.305142879486084
55,single_feature_kurtosis,140,-2.455148275081928,-2.21892523765564
55,single_feature_kurtosis,141,-2.4234476272876444,-2.2126625776290894
55,single_feature_kurtosis,142,-2.4773141054006724,-2.2695599794387817
55,single_feature_kurtosis,143,-2.470980937664325,-2.196508765220642
55,single_feature_kurtosis,144,-2.4969056019416223,-2.2505120038986206
55,single_feature_kurtosis,145,-2.506346372457651,-2.183376669883728
55,single_feature_kurtosis,146,-2.4948008243854227,-2.1417076587677
55,single_feature_kurtosis,147,-2.472650564633883,-2.231948971748352
55,single_feature_kurtosis,148,-2.463056105833787,-2.215295791625977
55,single_feature_kurtosis,149,-2.50412104679988,-2.285537004470825
55,single_feature_kurtosis,150,-2.4944635904752293,-2.164718985557556
55,single_feature_kurtosis,151,-2.517927078100352,-2.3048880100250244
55,single_feature_kurtosis,152,-2.510967658116267,-2.2393287420272827
55,single_feature_kurtosis,153,-2.5064593645242543,-2.246604681015014
55,single_feature_kurtosis,154,-2.4700768177325907,-2.2189706563949585
55,single_feature_kurtosis,155,-2.4801383385291467,-2.15034294128418
55,single_feature_kurtosis,156,-2.499093770980835,-2.2144826650619507
55,single_feature_kurtosis,157,-2.48721485871535,-2.179320335388184
55,single_feature_kurtosis,158,-2.501218704076914,-2.251399874687195
55,single_feature_spectral_slope,0,0.1244724054749195,-0.1991176083683967
55,single_feature_spectral_slope,1,-0.3929700943139883,-0.5236474871635437
55,single_feature_spectral_slope,2,-0.6642763798053448,-0.7435944080352783
55,single_feature_spectral_slope,3,-0.8675915323770963,-0.9058802723884584
55,single_feature_spectral_slope,4,-1.0207182719157293,-1.0589553713798523
55,single_feature_spectral_slope,5,-1.1459950116964488,-1.1577615141868591
55,single_feature_spectral_slope,6,-1.2108453328792863,-1.2115010023117063
55,single_feature_spectral_slope,7,-1.2792272109251757,-1.2630897760391235
55,single_feature_spectral_slope,8,-1.3144390766437235,-1.2923036813735962
55,single_feature_spectral_slope,9,-1.354759042079632,-1.3430506587028503
55,single_feature_spectral_slope,10,-1.389431513272799,-1.3671255707740784
55,single_feature_spectral_slope,11,-1.4259077310562134,-1.3683443665504456
55,single_feature_spectral_slope,12,-1.4454319935578566,-1.4297500848770142
55,single_feature_spectral_slope,13,-1.456195326951834,-1.4113585948944092
55,single_feature_spectral_slope,14,-1.4822481962350698,-1.4586613178253174
55,single_feature_spectral_slope,15,-1.4973668868725116,-1.4510934948921204
55,single_feature_spectral_slope,16,-1.5137296181458693,-1.4369969367980957
55,single_feature_spectral_slope,17,-1.535942737872784,-1.435763955116272
55,single_feature_spectral_slope,18,-1.5601787658838124,-1.4438320994377136
55,single_feature_spectral_slope,19,-1.5683582287568312,-1.513139009475708
55,single_feature_spectral_slope,20,-1.5831412627146797,-1.532379388809204
55,single_feature_spectral_slope,21,-1.5987215408912072,-1.5273961424827576
55,single_feature_spectral_slope,22,-1.618809452423683,-1.5282998085021973
55,single_feature_spectral_slope,23,-1.6275075307259192,-1.5393044352531433
55,single_feature_spectral_slope,24,-1.640893551019522,-1.565474033355713
55,single_feature_spectral_slope,25,-1.6560359734755297,-1.570334553718567
55,single_feature_spectral_slope,26,-1.6736237360880926,-1.5873340964317322
55,single_feature_spectral_slope,27,-1.6893809483601496,-1.6228512525558472
55,single_feature_spectral_slope,28,-1.7138182841814482,-1.6188074350357056
55,single_feature_spectral_slope,29,-1.7049420888607318,-1.6306171417236328
55,single_feature_spectral_slope,30,-1.7285476281092718,-1.6424704194068909
55,single_feature_spectral_slope,31,-1.7353911858338575,-1.6362516283988953
55,single_feature_spectral_slope,32,-1.7320002500827496,-1.6219152808189392
55,single_feature_spectral_slope,33,-1.7463413935441237,-1.6270762085914612
55,single_feature_spectral_slope,34,-1.762959251037011,-1.6705927848815918
55,single_feature_spectral_slope,35,-1.7861562967300415,-1.6675909161567688
55,single_feature_spectral_slope,36,-1.787790903678307,-1.719753623008728
55,single_feature_spectral_slope,37,-1.793802077953632,-1.7187791466712952
55,single_feature_spectral_slope,38,-1.793147298005911,-1.6756689548492432
55,single_feature_spectral_slope,39,-1.8030440440544715,-1.710383415222168
55,single_feature_spectral_slope,40,-1.8241513600716224,-1.7385568618774414
55,single_feature_spectral_slope,41,-1.8210406853602483,-1.7004225850105286
55,single_feature_spectral_slope,42,-1.8192310975148127,-1.71085786819458
55,single_feature_spectral_slope,43,-1.8414983474291289,-1.7031627297401428
55,single_feature_spectral_slope,44,-1.8424113622078528,-1.7353390455245972
55,single_feature_spectral_slope,45,-1.8452860025259168,-1.7529351711273191
55,single_feature_spectral_slope,46,-1.8620864978203409,-1.7520594596862793
55,single_feature_spectral_slope,47,-1.8573022805727448,-1.7451568841934204
55,single_feature_spectral_slope,48,-1.882823907412016,-1.7861388325691223
55,single_feature_spectral_slope,49,-1.8961112682635968,-1.7666860818862915
55,single_feature_spectral_slope,50,-1.903468342927786,-1.7813470959663391
55,single_feature_spectral_slope,51,-1.913605341544518,-1.8081461787223816
55,single_feature_spectral_slope,52,-1.9166865532214823,-1.813797950744629
55,single_feature_spectral_slope,53,-1.9253446322221024,-1.8069797158241272
55,single_feature_spectral_slope,54,-1.9317721036764293,-1.7964553833007812
55,single_feature_spectral_slope,55,-1.925125222939712,-1.8123438954353333
55,single_feature_spectral_slope,56,-1.943511275144724,-1.832340121269226
55,single_feature_spectral_slope,57,-1.945693144431481,-1.8081770539283752
55,single_feature_spectral_slope,58,-1.9513896703720093,-1.8284832239151
55,single_feature_spectral_slope,59,-1.940538553091196,-1.839048147201538
55,single_feature_spectral_slope,60,-1.955852902852572,-1.850148320198059
55,single_feature_spectral_slope,61,-1.964541994608365,-1.83236426115036
55,single_feature_spectral_slope,62,-1.9665183745897727,-1.8215333819389343
55,single_feature_spectral_slope,63,-1.9803794347322905,-1.8599255681037905
55,single_feature_spectral_slope,64,-1.980122016026424,-1.8547685146331787
55,single_feature_spectral_slope,65,-1.9727237224578853,-1.8679479360580444
55,single_feature_spectral_slope,66,-1.9873202672371493,-1.8536894917488096
55,single_feature_spectral_slope,67,-1.98457656456874,-1.838572919368744
55,single_feature_spectral_slope,68,-1.986239112340487,-1.840486645698548
55,single_feature_spectral_slope,69,-2.0081745202724752,-1.8486659526824951
55,single_feature_spectral_slope,70,-2.0044177037018995,-1.846764624118805
55,single_feature_spectral_slope,71,-1.9947144251603344,-1.8768598437309263
55,single_feature_spectral_slope,72,-1.992589657123272,-1.8741536140441888
55,single_feature_spectral_slope,73,-2.0078452275349545,-1.9220002889633176
55,single_feature_spectral_slope,74,-2.0119941784785342,-1.889709115028381
55,single_feature_spectral_slope,75,-2.014679945432223,-1.833932638168335
55,single_feature_spectral_slope,76,-2.0131184504582333,-1.8743839859962463
55,single_feature_spectral_slope,77,-2.0342128093426046,-1.885154604911804
55,single_feature_spectral_slope,78,-2.0251399920536923,-1.883373320102692
55,single_feature_spectral_slope,79,-2.0389975859568668,-1.8946040868759155
55,single_feature_spectral_slope,80,-2.038366400278532,-1.8948286771774288
55,single_feature_spectral_slope,81,-2.0179698650653544,-1.7889545559883118
55,single_feature_spectral_slope,82,-2.019067571713374,-1.869642972946167
55,single_feature_spectral_slope,83,-2.0393642003719625,-1.8916780352592468
55,single_feature_spectral_slope,84,-2.042483797440162,-1.9068788886070247
55,single_feature_spectral_slope,85,-2.0357229984723606,-1.8739392757415767
55,single_feature_spectral_slope,86,-2.050893389261686,-1.913873553276062
55,single_feature_spectral_slope,87,-2.058578537060664,-1.9124686121940613
55,single_feature_spectral_slope,88,-2.06355921121744,-1.881310403347016
55,single_feature_spectral_slope,89,-2.0733644045316257,-1.907541811466217
55,single_feature_spectral_slope,90,-2.0685261396261363,-1.881244003772736
55,single_feature_spectral_slope,91,-2.0679315603696384,-1.8738491535186768
55,single_feature_spectral_slope,92,-2.0658884965456448,-1.8952191472053528
55,single_feature_spectral_slope,93,-2.050826512850248,-1.864623486995697
55,single_feature_spectral_slope,94,-2.048122075887827,-1.886223316192627
55,single_feature_spectral_slope,95,-2.0770917397279005,-1.9223982095718384
55,single_feature_spectral_slope,96,-2.0913964234865627,-1.892483055591584
55,single_feature_spectral_slope,97,-2.077194232207078,-1.9182889461517327
55,single_feature_spectral_slope,98,-2.0867037222935605,-1.912000179290772
55,single_feature_spectral_slope,99,-2.0809783201951246,-1.921919286251068
55,single_feature_spectral_slope,100,-2.0732913934267483,-1.878002405166626
55,single_feature_spectral_slope,101,-2.0924821083362284,-1.874020993709564
55,single_feature_spectral_slope,102,-2.097630023956299,-1.9544026851654053
55,single_feature_spectral_slope,103,-2.094554864443265,-1.916101396083832
55,single_feature_spectral_slope,104,-2.093735594015855,-1.940955638885498
55,single_feature_spectral_slope,105,-2.080103122271024,-1.8751004338264463
55,single_feature_spectral_slope,106,-2.073814584658696,-1.9130762219429016
55,single_feature_spectral_slope,107,-2.0659151627467227,-1.8614403009414675
55,single_feature_spectral_slope,108,-2.0746908554664025,-1.9404744505882263
55,single_feature_spectral_slope,109,-2.105947201068585,-1.9078166484832764
55,single_feature_spectral_slope,110,-2.107009997734657,-1.933978021144867
55,single_feature_spectral_slope,111,-2.1017567011026235,-1.9138989448547363
55,single_feature_spectral_slope,112,-2.1117075039790225,-1.913479745388031
55,single_feature_spectral_slope,113,-2.110803255668053,-1.9012091755867004
55,single_feature_spectral_slope,114,-2.111406234594492,-1.914788842201233
55,single_feature_spectral_slope,115,-2.1045114810650167,-1.910811483860016
55,single_feature_spectral_slope,116,-2.115493260897123,-1.9368045330047607
55,single_feature_spectral_slope,117,-2.122798057702872,-1.87897527217865
55,single_feature_spectral_slope,118,-2.128900087796725,-1.9042288661003115
55,single_feature_spectral_slope,119,-2.133502593407264,-1.9594371914863584
55,single_feature_spectral_slope,120,-2.1065249809852014,-1.8523971438407896
55,single_feature_spectral_slope,121,-2.11710840005141,-1.939742386341095
55,single_feature_spectral_slope,122,-2.1269801396590013,-1.9345548152923584
55,single_feature_spectral_slope,123,-2.132960851375873,-1.913432776927948
55,single_feature_spectral_slope,124,-2.113432893386254,-1.9197059869766235
55,single_feature_spectral_slope,125,-2.121587496537429,-1.94623339176178
55,single_feature_spectral_slope,126,-2.134801204387958,-1.9159417152404783
55,single_feature_spectral_slope,127,-2.1299894589644213,-1.9173269271850584
55,single_feature_spectral_slope,128,-2.1261504063239465,-1.916868269443512
55,single_feature_spectral_slope,129,-2.1382305438701925,-1.941646158695221
55,single_feature_spectral_slope,130,-2.151983187748836,-1.9221901893615725
55,single_feature_spectral_slope,131,-2.153968095779419,-1.9376258850097656
55,single_feature_spectral_slope,132,-2.151652134381808,-1.908593237400055
55,single_feature_spectral_slope,133,-2.1435764936300425,-1.89450478553772
55,single_feature_spectral_slope,134,-2.128539727284358,-1.9401043057441711
55,single_feature_spectral_slope,135,-2.152759148524358,-1.9255441427230835
55,single_feature_spectral_slope,136,-2.145573652707613,-1.938349366188049
55,single_feature_spectral_slope,137,-2.1532813035524807,-1.873831570148468
55,single_feature_spectral_slope,138,-2.144760535313533,-1.944438934326172
55,single_feature_spectral_slope,139,-2.140670666327843,-1.935450136661529
55,single_feature_spectral_slope,140,-2.170003047356239,-1.9550331234931944
55,single_feature_spectral_slope,141,-2.1643443474402795,-1.902218580245972
55,single_feature_spectral_slope,142,-2.167323442605825,-1.8972952365875244
55,single_feature_spectral_slope,143,-2.1654354425577016,-1.919616222381592
55,single_feature_spectral_slope,144,-2.166677089837881,-1.9389529824256897
55,single_feature_total_log_power,0,0.0668243727145286,-0.2025268897414207
55,single_feature_total_log_power,1,-0.3497184835947476,-0.4647296965122223
55,single_feature_total_log_power,2,-0.5276386646124033,-0.5890757739543915
55,single_feature_total_log_power,3,-0.6651667952537537,-0.7167579829692841
55,single_feature_total_log_power,4,-0.7913922392404996,-0.8628041446208954
55,single_feature_total_log_power,5,-0.9242443854992206,-1.0134645104408264
55,single_feature_total_log_power,6,-1.0709014580799985,-1.19084632396698
55,single_feature_total_log_power,7,-1.2964293498259325,-1.4649522304534912
55,single_feature_total_log_power,8,-1.502281198134789,-1.5804483890533447
55,single_feature_total_log_power,9,-1.6757894571010885,-1.7411765456199646
55,single_feature_total_log_power,10,-1.8533876125629127,-1.919542372226715
55,single_feature_total_log_power,11,-2.001274494024424,-1.962873935699463
55,single_feature_total_log_power,12,-2.1203476098867564,-2.2040903568267822
55,single_feature_total_log_power,13,-2.233805748132559,-2.1781277656555176
55,single_feature_total_log_power,14,-2.318682157076322,-2.2576266527175903
55,single_feature_total_log_power,15,-2.362544004733746,-2.282711744308472
55,single_feature_total_log_power,16,-2.423619031906128,-2.3019720315933228
55,single_feature_total_log_power,17,-2.414597052794236,-2.171771764755249
55,single_feature_total_log_power,18,-2.4455123314490685,-2.5600892305374146
55,single_feature_total_log_power,19,-2.63142571082482,-2.4061527252197266
55,single_feature_total_log_power,20,-2.3901699506319485,-2.399244785308838
55,single_feature_total_log_power,21,-2.471609665797307,-2.2795863151550293
55,single_feature_total_log_power,22,-2.243172342960651,-2.5262320041656494
55,single_feature_total_log_power,23,-2.6013733607072096,-2.4120689630508423
55,single_feature_total_log_power,24,-2.036036592263442,-2.4139091968536377
55,single_feature_total_log_power,25,-2.174045599423922,-2.39654004573822
55,single_feature_total_log_power,26,-2.25864105958205,-2.028293371200561
55,single_feature_total_log_power,27,-2.2641227337030263,-2.120065450668335
55,single_feature_total_log_power,28,-2.190637001624474,-2.413280248641968
55,single_feature_total_log_power,29,-2.329797359613272,-2.592081308364868
55,single_feature_total_log_power,30,-2.381096308047955,-2.0456734895706177
55,single_feature_total_log_power,31,-2.3768225266383243,-2.194622278213501
55,single_feature_total_log_power,32,-2.41614633340102,-2.643550157546997
55,single_feature_total_log_power,33,-2.4700025595151462,-2.332883596420288
55,single_feature_total_log_power,34,-2.410223988386301,-2.1480072736740112
55,single_feature_total_log_power,35,-2.4305197459000807,-2.449015498161316
55,single_feature_total_log_power,36,-2.468298068413368,-2.721141219139099
55,single_feature_total_log_power,37,-2.513993630042443,-2.661014676094055
55,single_feature_total_log_power,38,-2.5509969087747426,-2.173635721206665
55,single_feature_total_log_power,39,-2.5148588510660024,-2.2545366287231445
55,single_feature_total_log_power,40,-2.5520591185643124,-2.7907267808914185
55,single_feature_total_log_power,41,-2.5914746798001804,-2.682970762252808
55,single_feature_total_log_power,42,-2.59322949556204,-2.4234306812286377
55,single_feature_total_log_power,43,-2.6014756789574256,-2.312846064567566
55,single_feature_total_log_power,44,-2.6177822993351865,-2.843386292457581
55,single_feature_total_log_power,45,-2.6647227727449856,-2.753671884536743
55,single_feature_total_log_power,46,-2.646294171993549,-2.4010013341903687
55,single_feature_total_log_power,47,-2.632407188415528,-2.423314929008484
55,single_feature_total_log_power,48,-2.669675038411067,-2.9258793592453003
55,single_feature_total_log_power,49,-2.707787330334003,-2.786116600036621
55,single_feature_total_log_power,50,-2.720861269877507,-2.436053276062012
55,single_feature_total_log_power,51,-2.7009032506209154,-2.4539207220077515
55,single_feature_total_log_power,52,-2.7178899141458364,-3.0013705492019653
55,single_feature_total_log_power,53,-2.7653397963597226,-2.8473920822143555
55,single_feature_total_log_power,54,-2.77748966217041,-2.372394323348999
55,single_feature_total_log_power,55,-2.757983079323402,-2.515125274658203
55,single_feature_total_log_power,56,-2.7794537177452674,-2.982980966567993
55,single_feature_total_log_power,57,-2.8230644372793345,-2.816223621368408
55,single_feature_total_log_power,58,-2.7543732202970066,-2.520963430404663
55,single_feature_total_log_power,59,-2.799579015144935,-2.614006519317627
55,single_feature_total_log_power,60,-2.8294250781719503,-3.066885232925415
55,single_feature_total_log_power,61,-2.875664710998535,-2.9049445390701294
55,single_feature_total_log_power,62,-2.8402299147385817,-2.400952816009521
55,single_feature_total_log_power,63,-2.8275845601008487,-2.576671242713928
55,single_feature_total_log_power,64,-2.803408145904541,-3.0760825872421265
55,single_feature_total_log_power,65,-2.869144476377047,-3.0717133283615112
55,single_feature_total_log_power,66,-2.9307952660780687,-2.5418591499328613
55,single_feature_total_log_power,67,-2.8345091893122745,-2.5385518074035645
55,single_feature_total_log_power,68,-2.896499963907095,-3.1321260929107666
55,single_feature_total_log_power,69,-2.952461811212393,-2.907231092453003
55,single_feature_total_log_power,70,-2.8871591641352725,-2.6643415689468384
55,single_feature_total_log_power,71,-2.909151260669415,-2.834498643875122
55,single_feature_total_log_power,72,-2.928687407420232,-3.243839740753174
55,single_feature_total_log_power,73,-2.9509944182175856,-3.060344696044922
55,single_feature_total_log_power,74,-2.92158082815317,-2.70446252822876
55,single_feature_total_log_power,75,-2.9066575307112474,-2.632848381996155
55,single_feature_total_log_power,76,-2.9075971383314867,-3.093090653419494
55,single_feature_total_log_power,77,-3.003858713003305,-3.027795553207397
55,single_feature_total_log_power,78,-2.986213042185857,-2.62067186832428
55,single_feature_total_log_power,79,-2.9804101357093225,-2.863900303840637
55,single_feature_total_log_power,80,-2.9406660336714525,-3.220432758331299
55,single_feature_total_log_power,81,-3.01689390035776,-3.09271776676178
55,single_feature_total_log_power,82,-3.012629490632277,-2.6308581829071045
55,single_feature_total_log_power,83,-3.0067494098956766,-2.841482162475586
55,single_feature_total_log_power,84,-3.0207137694725623,-3.2554718255996704
55,single_feature_total_log_power,85,-3.021358930147611,-3.0975979566574097
55,single_feature_total_log_power,86,-3.049639445084792,-2.796704769134521
55,single_feature_total_log_power,87,-3.0281528326181264,-2.832547426223755
55,single_feature_total_log_power,88,-3.002732038497925,-3.165737748146057
55,single_feature_total_log_power,89,-3.0480986008277307,-3.2048064470291138
55,single_feature_total_log_power,90,-3.070761827322153,-2.8446978330612183
55,single_feature_total_log_power,91,-3.0478639969458947,-2.8701775074005127
55,single_feature_total_log_power,92,-3.0599401547358585,-3.2813998460769653
55,single_feature_total_log_power,93,-3.0942118901472826,-3.1371020078659058
55,single_feature_total_log_power,94,-3.1536505955916185,-3.185300350189209
55,single_feature_total_log_power,95,-3.5210578991816592,-3.644236087799072
55,single_feature_total_log_power,96,-3.559222074655386,-3.457456350326538
55,single_feature_total_log_power,97,-3.6015712848076453,-3.457994818687439
55,single_feature_total_log_power,98,-3.638639211654663,-3.630148768424988
55,single_feature_total_log_power,99,-3.667134303313035,-3.356941819190979
55,single_feature_total_log_power,100,-3.6344145077925454,-3.72955060005188
55,single_feature_total_log_power,101,-3.423243907781748,-3.504905104637146
55,single_feature_total_log_power,102,-3.6605514929844793,-3.387203574180603
55,single_feature_total_log_power,103,-3.7142877395336447,-3.614500761032105
55,single_feature_total_log_power,104,-3.5370319806612454,-3.541089534759521
55,single_feature_total_log_power,105,-3.653382026232206,-3.510798692703247
55,single_feature_total_log_power,106,-3.714078481380756,-3.524976253509521
55,single_feature_total_log_power,107,-3.1729266185026903,-3.1227344274520874
55,single_feature_total_log_power,108,-3.378111619215745,-3.602158308029175
55,single_feature_total_log_power,109,-3.421298778974093,-3.3845452070236206
55,single_feature_total_log_power,110,-3.4784585512601414,-3.0122891664505005
55,single_feature_total_log_power,111,-3.4480448135962853,-3.4905877113342285
55,single_feature_total_log_power,112,-3.4914351793435903,-3.4809170961380005
55,single_feature_total_log_power,113,-3.51212268609267,-3.153720259666443
55,single_feature_total_log_power,114,-3.4792461028465858,-3.5537211894989014
55,single_feature_total_log_power,115,-3.510685480557956,-3.5390284061431885
55,single_feature_total_log_power,116,-3.526320915955764,-3.3061766624450684
55,single_feature_total_log_power,117,-3.391667200968816,-3.2615578174591064
55,single_feature_total_log_power,118,-3.476020024372981,-3.2617541551589966
55,single_feature_total_log_power,119,-3.461697615109957,-3.299614429473877
55,single_feature_total_log_power,120,-3.472265738707322,-3.659843802452088
55,single_feature_total_log_power,121,-3.484755809490497,-3.557961940765381
55,single_feature_total_log_power,122,-3.473178478387686,-3.4003586769104004
55,single_feature_total_log_power,123,-3.3988491021669827,-3.2012646198272705
55,single_feature_total_log_power,124,-3.544058634684636,-3.3458019495010376
55,single_feature_total_log_power,125,-3.4573623583867,-3.4170923233032227
55,single_feature_dominant_freq,0,0.1045219746346657,-0.2151255384087562
55,single_feature_dominant_freq,1,-0.3922140460747939,-0.5246019661426544
55,single_feature_dominant_freq,2,-0.5994633711301364,-0.6639679074287415
55,single_feature_dominant_freq,3,-0.7499381212087778,-0.7887913286685944
55,single_feature_dominant_freq,4,-0.8690928954344529,-0.9003113508224487
55,single_feature_dominant_freq,5,-0.9983654664112972,-1.0298874974250791
55,single_feature_dominant_freq,6,-1.0869111923071055,-1.0703116655349731
55,single_feature_dominant_freq,7,-1.1603316160348744,-1.133825421333313
55,single_feature_dominant_freq,8,-1.2170411623441255,-1.1718092560768127
55,single_feature_dominant_freq,9,-1.271705829180204,-1.198089063167572
55,single_feature_dominant_freq,10,-1.3181836146574757,-1.2797792553901672
55,single_feature_dominant_freq,11,-1.3776700496673584,-1.3010061979293823
55,single_feature_dominant_freq,12,-1.4118643265504105,-1.336114466190338
55,single_feature_dominant_freq,13,-1.4471785105191743,-1.3457969427108765
55,single_feature_dominant_freq,14,-1.4717336893081665,-1.4177125692367554
55,single_feature_dominant_freq,15,-1.481163712648245,-1.4181827902793884
55,single_feature_dominant_freq,16,-1.5214356184005735,-1.4131991267204285
55,single_feature_dominant_freq,17,-1.5391595088518584,-1.414071261882782
55,single_feature_dominant_freq,18,-1.53357627758613,-1.43412983417511
55,single_feature_dominant_freq,19,-1.5627515407708974,-1.4771352410316467
55,single_feature_dominant_freq,20,-1.5824100971221924,-1.4787228107452393
55,single_feature_dominant_freq,21,-1.6037864501659689,-1.5492957830429075
55,single_feature_dominant_freq,22,-1.6204576859107385,-1.4993049502372742
55,single_feature_dominant_freq,23,-1.6318013026164129,-1.5235607028007507
55,single_feature_dominant_freq,24,-1.6473308068055372,-1.563167154788971
55,single_feature_dominant_freq,25,-1.650351304274339,-1.5938259363174438
55,single_feature_dominant_freq,26,-1.6651323575239916,-1.5264817476272583
55,single_feature_dominant_freq,27,-1.6625737960521991,-1.5808669328689575
55,single_feature_dominant_freq,28,-1.683367215670072,-1.5745989680290222
55,single_feature_dominant_freq,29,-1.7082177308889537,-1.6020113229751587
55,single_feature_dominant_freq,30,-1.7079401016235352,-1.6142070293426514
55,single_feature_dominant_freq,31,-1.7140067907480092,-1.600849688053131
55,single_feature_dominant_freq,32,-1.7128952466524563,-1.6293226480484009
55,single_feature_dominant_freq,33,-1.737310061087975,-1.629117131233215
55,single_feature_dominant_freq,34,-1.735697553708003,-1.6359766721725464
55,single_feature_dominant_freq,35,-1.7572137392484224,-1.672281801700592
55,single_feature_dominant_freq,36,-1.7773242546961858,-1.637714385986328
55,single_feature_dominant_freq,37,-1.771900589649494,-1.6929469108581543
55,single_feature_dominant_freq,38,-1.7855289257489717,-1.678988337516785
55,single_feature_dominant_freq,39,-1.80185801249284,-1.727143406867981
55,single_feature_dominant_freq,40,-1.8105948796639075,-1.6742287874221802
55,single_feature_dominant_freq,41,-1.8310941457748413,-1.7037526369094849
55,single_feature_dominant_freq,42,-1.8367604842552767,-1.7387561798095703
55,single_feature_dominant_freq,43,-1.843126498735868,-1.7005298733711245
55,single_feature_dominant_freq,44,-1.820005471889789,-1.7106913924217224
55,single_feature_dominant_freq,45,-1.8555139761704664,-1.761535406112671
55,single_feature_dominant_freq,46,-1.8516298073988693,-1.7142105102539062
55,single_feature_dominant_freq,47,-1.86817309489617,-1.7462526559829712
55,single_feature_dominant_freq,48,-1.8656300856516912,-1.7596324682235718
55,single_feature_dominant_freq,49,-1.89137678879958,-1.734815239906311
55,single_feature_dominant_freq,50,-1.8831362816003647,-1.7785282135009766
55,single_feature_dominant_freq,51,-1.9015297706310563,-1.790017306804657
55,single_feature_dominant_freq,52,-1.8793377509483924,-1.7338707447052002
55,single_feature_dominant_freq,53,-1.89165839782128,-1.7384524941444397
55,single_feature_dominant_freq,54,-1.91601497393388,-1.7889782786369324
55,single_feature_dominant_freq,55,-1.9180169380628145,-1.7512935996055603
55,single_feature_dominant_freq,56,-1.926185809648954,-1.7361377477645874
55,single_feature_dominant_freq,57,-1.926321579859807,-1.7987918257713318
55,single_feature_dominant_freq,58,-1.9391649869772103,-1.7791847586631775
55,single_feature_dominant_freq,59,-1.9482919252835784,-1.7725071907043457
55,single_feature_dominant_freq,60,-1.9289674025315504,-1.8059428334236145
55,single_feature_dominant_freq,61,-1.9238205322852504,-1.7752877473831177
55,single_feature_dominant_freq,62,-1.9395616146234365,-1.7821786403656006
55,single_feature_dominant_freq,63,-1.9443482619065504,-1.8036184310913088
55,single_feature_dominant_freq,64,-1.9533520295069768,-1.8029353618621824
55,single_feature_dominant_freq,65,-1.9756579124010527,-1.8216382265090945
55,single_feature_dominant_freq,66,-1.9528336891761195,-1.7759953737258911
55,single_feature_dominant_freq,67,-1.974927370364849,-1.772065043449402
55,single_feature_dominant_freq,68,-1.9666681931569023,-1.814860761165619
55,single_feature_dominant_freq,69,-1.979018211364746,-1.7999986410140991
55,single_feature_dominant_freq,70,-1.993314000276419,-1.8487457036972048
55,single_feature_dominant_freq,71,-1.9937264277384832,-1.824596643447876
55,single_feature_dominant_freq,72,-1.980688351851244,-1.8479105830192568
55,single_feature_dominant_freq,73,-1.999639364389273,-1.866618573665619
55,single_feature_dominant_freq,74,-2.001190066337585,-1.8313841223716736
55,single_feature_dominant_freq,75,-1.985786639727079,-1.8110275268554688
55,single_feature_dominant_freq,76,-1.9900833368301392,-1.847089529037476
55,single_feature_dominant_freq,77,-1.995796726300166,-1.873310089111328
55,single_feature_dominant_freq,78,-1.9950283398995032,-1.8386120200157168
55,single_feature_dominant_freq,79,-2.02506945683406,-1.8349626660346985
55,single_feature_dominant_freq,80,-1.995892102901752,-1.866998255252838
55,single_feature_dominant_freq,81,-2.033291349044213,-1.82692950963974
55,single_feature_dominant_freq,82,-2.028979328962473,-1.805153012275696
55,single_feature_dominant_freq,83,-2.020370336679312,-1.8215137124061584
55,single_feature_dominant_freq,84,-2.0056325564017663,-1.839055359363556
55,single_feature_dominant_freq,85,-2.039870179616488,-1.8165487051010127
55,single_feature_dominant_freq,86,-2.037334763086759,-1.832859218120575
55,single_feature_dominant_freq,87,-2.0357999985034647,-1.8308782577514648
55,single_feature_dominant_freq,88,-2.029701828956604,-1.874233067035675
55,single_feature_dominant_freq,89,-2.0385039494587827,-1.903205394744873
55,single_feature_dominant_freq,90,-2.031307073739858,-1.706672430038452
55,single_feature_dominant_freq,91,-2.0361829170813928,-1.8434828519821167
55,single_feature_dominant_freq,92,-2.052176017027634,-1.8672798871994016
55,single_feature_dominant_freq,93,-2.072426300782424,-1.8618141412734983
55,single_feature_dominant_freq,94,-2.052432913046617,-1.823706805706024
55,single_feature_dominant_freq,95,-2.043810624342698,-1.85040944814682
55,single_feature_dominant_freq,96,-2.07147309413323,-1.8330872058868408
55,single_feature_dominant_freq,97,-2.0606387761922984,-1.843353033065796
55,single_feature_dominant_freq,98,-2.061876902213464,-1.884115874767304
55,single_feature_dominant_freq,99,-2.0608008274665246,-1.8427793383598328
55,single_feature_dominant_freq,100,-2.0728407272925744,-1.823721468448639
55,single_feature_dominant_freq,101,-2.0814007245577297,-1.8740854263305664
55,single_feature_dominant_freq,102,-2.076070446234483,-1.8265630602836609
55,single_feature_dominant_freq,103,-2.0868894228568444,-1.8259618282318115
55,single_feature_dominant_freq,104,-2.0813514452714186,-1.8406517505645752
55,single_feature_dominant_freq,105,-2.0809717911940355,-1.8051171898841856
55,single_feature_dominant_freq,106,-2.071989059448242,-1.832215666770935
55,single_feature_dominant_freq,107,-2.0944145642794094,-1.8614791631698608
55,single_feature_dominant_freq,108,-2.078356357721182,-1.8762047290802
55,single_feature_dominant_freq,109,-2.0611857817723203,-1.676863133907318
55,single_feature_dominant_freq,110,-2.0106194477814894,-1.8497363924980164
55,single_feature_dominant_freq,111,-2.071101353718684,-1.8441245555877688
55,single_feature_dominant_freq,112,-2.092734446892372,-1.83982115983963
55,single_feature_dominant_freq,113,-2.1064580037043643,-1.827228844165802
55,single_feature_dominant_freq,114,-2.0880080369802623,-1.8606975674629207
55,single_feature_hjorth_mobility,0,0.1354337323886844,-0.1569422632455825
55,single_feature_hjorth_mobility,1,-0.3366867097524496,-0.4480184763669967
55,single_feature_hjorth_mobility,2,-0.5593423866308652,-0.6323219537734985
55,single_feature_hjorth_mobility,3,-0.7349795699119568,-0.7906763255596161
55,single_feature_hjorth_mobility,4,-0.8903788603269137,-0.9246140122413636
55,single_feature_hjorth_mobility,5,-1.0524445267824023,-1.0942735075950625
55,single_feature_hjorth_mobility,6,-1.1926346100293672,-1.2165069580078125
55,single_feature_hjorth_mobility,7,-1.317231875199538,-1.388587772846222
55,single_feature_hjorth_mobility,8,-1.4696720838546753,-1.5393012762069702
55,single_feature_hjorth_mobility,9,-1.6270339397283702,-1.6772027015686035
55,single_feature_hjorth_mobility,10,-1.7553358169702382,-1.7537872791290283
55,single_feature_hjorth_mobility,11,-1.8491820188669057,-1.8604570627212524
55,single_feature_hjorth_mobility,12,-1.9702955759488616,-1.9698086977005005
55,single_feature_hjorth_mobility,13,-2.032713614977323,-1.9548060297966003
55,single_feature_hjorth_mobility,14,-2.1412440079909105,-2.140110731124878
55,single_feature_hjorth_mobility,15,-2.248072789265559,-2.123252511024475
55,single_feature_hjorth_mobility,16,-2.2366869266216574,-2.036712884902954
55,single_feature_hjorth_mobility,17,-2.1560596961241503,-2.054243326187134
55,single_feature_hjorth_mobility,18,-2.3465419365809512,-2.327748894691468
55,single_feature_hjorth_mobility,19,-2.4467927859379697,-2.233039617538452
55,single_feature_hjorth_mobility,20,-2.447877663832444,-2.450752377510071
55,single_feature_hjorth_mobility,21,-2.4835536296551046,-2.2688236236572266
55,single_feature_hjorth_mobility,22,-2.489101850069486,-2.374305725097656
55,single_feature_hjorth_mobility,23,-2.5739731055039625,-2.399827361106873
55,single_feature_hjorth_mobility,24,-2.597341684194712,-2.568977832794189
55,single_feature_hjorth_mobility,25,-2.430519910959097,-2.517285823822021
55,single_feature_hjorth_mobility,26,-2.491449154340304,-2.5210143327713013
55,single_feature_hjorth_mobility,27,-2.563255566817064,-2.3748912811279297
55,single_feature_hjorth_mobility,28,-2.5806324298565206,-2.5662553310394287
55,single_feature_hjorth_mobility,29,-2.611943244934082,-2.553949236869812
55,single_feature_hjorth_mobility,30,-2.624441385269165,-2.407020688056946
55,single_feature_hjorth_mobility,31,-2.626768644039448,-2.573391914367676
55,single_feature_hjorth_mobility,32,-2.664751841471745,-2.584747791290283
55,single_feature_hjorth_mobility,33,-2.682787693463839,-2.6596747636795044
55,single_feature_hjorth_mobility,34,-2.7784597323491025,-2.6660925149917603
55,single_feature_hjorth_mobility,35,-2.8253820676069994,-2.785565972328186
55,single_feature_hjorth_mobility,36,-2.799846043953529,-2.805336236953736
55,single_feature_hjorth_mobility,37,-2.865179538726806,-2.783030867576599
55,single_feature_hjorth_mobility,38,-2.839072961073655,-2.709924697875977
55,single_feature_hjorth_mobility,39,-2.8634233474731445,-2.7698432207107544
55,single_feature_hjorth_mobility,40,-2.937813593791081,-2.6823647022247314
55,single_feature_hjorth_mobility,41,-2.9052529701819787,-2.8033498525619507
55,single_feature_hjorth_mobility,42,-2.75793403845567,-2.7779966592788696
55,single_feature_hjorth_mobility,43,-2.9117397528428297,-2.864786386489868
55,single_feature_hjorth_mobility,44,-2.9508600051586447,-2.812589168548584
55,single_feature_hjorth_mobility,45,-2.7995247657482443,-2.8558003902435303
55,single_feature_hjorth_mobility,46,-2.9656274135296163,-2.8096752166748047
55,single_feature_hjorth_mobility,47,-2.9948179721832275,-2.883477807044983
55,single_feature_hjorth_mobility,48,-2.898519130853506,-2.941782832145691
55,single_feature_hjorth_mobility,49,-2.8978813794943004,-2.65362548828125
55,single_feature_hjorth_mobility,50,-2.8499864981724667,-2.8089969158172607
55,single_feature_hjorth_mobility,51,-2.92845029097337,-2.810973644256592
55,single_feature_hjorth_mobility,52,-2.928000101676354,-2.727795481681824
55,single_feature_hjorth_mobility,53,-2.9201827782851,-2.848648428916931
55,single_feature_hjorth_mobility,54,-2.9575090958521915,-2.8834086656570435
55,single_feature_hjorth_mobility,55,-2.9691915695483866,-2.815175771713257
55,single_feature_hjorth_mobility,56,-2.951239090699416,-2.811765432357788
55,single_feature_hjorth_mobility,57,-2.976051312226516,-2.8338801860809326
55,single_feature_hjorth_mobility,58,-2.949444752473098,-2.6168307065963745
55,single_feature_hjorth_mobility,59,-2.926684819735013,-2.7763259410858154
55,single_feature_hjorth_mobility,60,-3.0671878961416392,-2.7940168380737305
55,single_feature_hjorth_mobility,61,-2.9921265748830943,-3.0119686126708984
55,single_feature_hjorth_mobility,62,-3.120235534814688,-2.8446826934814453
55,single_feature_hjorth_mobility,63,-3.0265783896813025,-2.950641274452209
55,single_feature_hjorth_mobility,64,-2.9901196589836707,-2.778498649597168
55,single_feature_hjorth_mobility,65,-2.750273062632634,-2.762161374092102
55,single_feature_hjorth_mobility,66,-2.827389900500958,-2.8446462154388428
55,single_feature_hjorth_mobility,67,-2.857389578452477,-2.610923647880554
55,single_feature_hjorth_mobility,68,-2.8601421943077674,-2.6407192945480347
55,single_feature_hjorth_mobility,69,-2.880165301836454,-2.9381136894226074
55,single_feature_hjorth_mobility,70,-2.8877606942103458,-2.8388503789901733
55,single_feature_hjorth_mobility,71,-2.922718543272752,-2.57745099067688
55,single_feature_hjorth_mobility,72,-2.885495112492488,-2.7521451711654663
55,single_feature_hjorth_mobility,73,-2.917338517995981,-2.9901689291000366
55,single_feature_hjorth_mobility,74,-2.992975143285898,-2.9413809776306152
55,single_feature_hjorth_mobility,75,-3.084678741601797,-2.9430601596832275
55,single_feature_hjorth_mobility,76,-3.202609263933622,-3.0518479347229004
55,single_feature_hjorth_mobility,77,-3.151529678931603,-2.977226138114929
55,single_feature_hjorth_mobility,78,-3.0582116750570445,-2.7630717754364014
55,single_feature_hjorth_mobility,79,-3.100708484649658,-2.991799116134644
55,single_feature_hjorth_mobility,80,-3.1913820596841664,-2.908095359802246
55,single_feature_hjorth_mobility,81,-3.179227443841788,-2.9646990299224854
55,single_feature_hjorth_mobility,82,-3.2086025201357327,-3.0955792665481567
55,single_feature_hjorth_mobility,83,-3.2250346403855543,-3.0863964557647705
55,single_feature_hjorth_mobility,84,-3.2529185918661265,-3.0428826808929443
55,single_feature_hjorth_mobility,85,-3.221244977070735,-3.074247360229492
55,single_feature_hjorth_mobility,86,-3.233314184042124,-3.0599948167800903
55,single_feature_hjorth_mobility,87,-3.2403093668130727,-3.059927701950073
55,single_feature_hjorth_mobility,88,-3.2672445407280555,-3.034986734390259
55,single_feature_hjorth_mobility,89,-3.2669660494877744,-3.0360087156295776
55,single_feature_hjorth_mobility,90,-3.227111889765813,-3.098610043525696
55,single_feature_hjorth_mobility,91,-3.116781839957604,-3.024470806121826
55,single_feature_hjorth_mobility,92,-3.176442714837881,-3.0001790523529053
55,single_feature_hjorth_mobility,93,-3.145422238569993,-2.932024121284485
55,single_feature_hjorth_mobility,94,-3.2568617784059963,-3.067994952201844
55,single_feature_hjorth_mobility,95,-3.185273794027476,-2.929698586463928
55,single_feature_hjorth_mobility,96,-3.229715970846323,-3.0910390615463257
55,single_feature_hjorth_mobility,97,-3.170573472976685,-2.958792209625244
55,single_feature_hjorth_mobility,98,-3.191376172579252,-3.116029977798462
55,single_feature_hjorth_mobility,99,-3.2117468943962684,-2.9090542793273926
55,single_feature_hjorth_mobility,100,-3.2140405361468973,-3.1485671997070312
55,single_feature_hjorth_mobility,101,-3.2347080890948954,-3.115573763847351
55,single_feature_hjorth_mobility,102,-3.267884456194364,-3.148720145225525
55,single_feature_hjorth_mobility,103,-3.297301255739652,-3.120477557182312
55,single_feature_hjorth_mobility,104,-3.300683700121366,-2.977977752685547
55,single_feature_hjorth_mobility,105,-3.275794267654419,-3.1482739448547363
55,single_feature_hjorth_mobility,106,-3.3139969202188344,-3.057368278503418
55,single_feature_hjorth_mobility,107,-3.2925759645608754,-3.1254806518554688
55,single_feature_hjorth_mobility,108,-3.2792054139650784,-3.179230809211731
55,single_feature_hjorth_mobility,109,-3.2457993030548096,-2.875304937362671
55,single_feature_hjorth_mobility,110,-3.2083276968735914,-3.1037745475769043
55,single_feature_hjorth_mobility,111,-3.2327448404752293,-3.1270077228546143
55,single_feature_hjorth_mobility,112,-3.254101294737596,-2.9952666759490967
55,single_feature_hjorth_mobility,113,-3.252825718659621,-3.1110790967941284
55,single_feature_hjorth_mobility,114,-3.259596494527964,-3.1540684700012207
55,single_feature_hjorth_mobility,115,-3.261536469826332,-3.0336943864822388
55,single_feature_hjorth_mobility,116,-3.2684302696814904,-3.205848455429077
55,single_feature_hjorth_mobility,117,-3.276226465518658,-3.1262009143829346
55,single_feature_hjorth_mobility,118,-3.2688695100637584,-3.059640645980835
55,single_feature_hjorth_mobility,119,-3.2663152034466085,-3.08537757396698
55,single_feature_hjorth_mobility,120,-3.269327640533448,-3.161158323287964
55,single_feature_hjorth_mobility,121,-3.281274997271024,-3.0693490505218506
55,single_feature_hjorth_mobility,122,-3.2691338612483096,-3.2162084579467773
55,single_feature_hjorth_mobility,123,-3.26349007166349,-3.207400918006897
55,single_feature_hjorth_mobility,124,-3.27404836507944,-2.850525617599488
55,single_feature_hjorth_mobility,125,-3.0117580707256613,-2.999095916748047
55,single_feature_hjorth_mobility,126,-3.238616264783419,-2.9788060188293457
55,single_feature_hjorth_mobility,127,-3.2818144101362963,-3.1904467344284058
55,single_feature_hjorth_mobility,128,-3.319712840593778,-3.10931396484375
55,single_feature_hjorth_mobility,129,-3.28260324551509,-3.1796247959136963
55,single_feature_hjorth_mobility,130,-3.3032665252685547,-3.019416332244873
55,single_feature_hjorth_mobility,131,-3.273308222110455,-3.207223653793335
55,single_feature_hjorth_mobility,132,-3.3003999453324537,-3.0970853567123413
55,single_feature_hjorth_mobility,133,-3.2941313890310435,-3.0570836067199707
55,single_feature_hjorth_mobility,134,-3.3205719727736254,-3.2502849102020264
55,single_feature_hjorth_mobility,135,-3.3143140169290395,-3.1337685585021973
55,single_feature_hjorth_mobility,136,-3.326672627375676,-2.9884754419326782
55,single_feature_hjorth_mobility,137,-3.319174931599544,-3.16963529586792
55,single_feature_hjorth_mobility,138,-3.3448254878704367,-3.1562821865081787
55,single_feature_hjorth_mobility,139,-3.342693255497859,-3.075573205947876
55,single_feature_hjorth_mobility,140,-3.318893707715548,-3.160115599632263
55,single_feature_hjorth_mobility,141,-3.3396808000711293,-3.149756669998169
55,single_feature_hjorth_mobility,142,-3.347529888153076,-3.131212830543518
55,single_feature_hjorth_mobility,143,-3.363140729757456,-3.1986364126205444
55,single_feature_hjorth_mobility,144,-3.4031642033503604,-3.145370960235596
55,single_feature_hjorth_mobility,145,-3.41437580035283,-3.210296630859375
55,single_feature_hjorth_mobility,146,-3.39960292669443,-3.214435815811157
55,single_feature_hjorth_mobility,147,-3.417317078663753,-3.224515795707702
55,single_feature_hjorth_mobility,148,-3.429020643234253,-3.224914789199829
55,single_feature_hjorth_mobility,149,-3.4390263007237363,-3.2117408514022827
55,single_feature_hjorth_mobility,150,-3.4282984733581543,-3.2421315908432007
55,single_feature_hjorth_mobility,151,-3.416937479606041,-3.2281084060668945
55,single_feature_hjorth_mobility,152,-3.4660331285916843,-3.244298577308655
55,single_feature_hjorth_mobility,153,-3.4438042640686035,-3.262405633926392
55,single_feature_hjorth_mobility,154,-3.4618339721973124,-3.282175660133362
55,single_feature_hjorth_mobility,155,-3.4609114940349874,-3.26032829284668
55,single_feature_hjorth_mobility,156,-3.3650504442361684,-3.1142566204071045
55,single_feature_hjorth_mobility,157,-3.368428927201492,-3.1653207540512085
55,single_feature_hjorth_mobility,158,-3.386142712373,-3.266189217567444
55,single_feature_hjorth_mobility,159,-3.348009476294884,-3.174474000930786
55,single_feature_hjorth_mobility,160,-3.439478360689604,-3.2254459857940674
55,single_feature_hjorth_mobility,161,-3.4701942847325253,-3.1314637660980225
55,single_feature_hjorth_mobility,162,-3.445802376820491,-3.2890394926071167
55,single_feature_hjorth_mobility,163,-3.4769123700948863,-3.221462368965149
55,single_feature_hjorth_mobility,164,-3.4837393027085524,-3.28011155128479
55,single_feature_hjorth_mobility,165,-3.499189505210289,-3.23096239566803
55,single_feature_hjorth_mobility,166,-3.4162715765146108,-3.0600745677948
55,single_feature_hjorth_mobility,167,-3.387469823543842,-3.319017767906189
55,single_feature_hjorth_mobility,168,-3.4074723720550537,-3.14664077758789
55,single_feature_hjorth_mobility,169,-3.382128623815684,-3.117314577102661
55,single_feature_hjorth_mobility,170,-3.4131124936617336,-3.2671051025390625
55,single_feature_hjorth_mobility,171,-3.412678645207332,-3.207195281982422
55,single_feature_hjorth_mobility,172,-3.426872198398297,-3.321353316307068
55,single_feature_hjorth_mobility,173,-3.4644333032461314,-3.226613044738769
55,single_feature_hjorth_mobility,174,-3.48022198677063,-3.222678780555725
55,single_feature_hjorth_mobility,175,-3.5129114297720103,-3.286846876144409
55,single_feature_hjorth_mobility,176,-3.488111477631789,-3.238815903663636
55,single_feature_hjorth_mobility,177,-3.5219977452204776,-3.2470293045043945
55,single_feature_hjorth_mobility,178,-3.452485121213473,-3.011659622192383
55,single_feature_hjorth_mobility,179,-3.458696108597976,-3.248698592185974
55,single_feature_hjorth_mobility,180,-3.521309467462393,-3.3469213247299194
55,single_feature_hjorth_mobility,181,-3.550105901864858,-3.303687572479248
55,single_feature_hjorth_mobility,182,-3.5353588507725644,-3.245613574981689
55,single_feature_hjorth_mobility,183,-3.5441025220430813,-3.302537679672241
55,single_feature_hjorth_mobility,184,-3.5422164110037,-3.3467767238616943
55,single_feature_hjorth_mobility,185,-3.465797809454111,-3.3357179164886475
55,single_feature_hjorth_mobility,186,-3.5339811398432803,-3.2340749502182007
55,single_feature_hjorth_mobility,187,-3.544021496405968,-3.327831268310547
55,single_feature_hjorth_mobility,188,-3.525550072009747,-3.3132565021514893
55,single_feature_hjorth_mobility,189,-3.4629309360797587,-3.165611147880554
55,single_feature_hjorth_mobility,190,-3.3880783227773814,-3.1069676876068115
55,single_feature_hjorth_mobility,191,-3.4170872614933896,-3.161794900894165
55,single_feature_hjorth_mobility,192,-3.512559964106633,-3.3138504028320312
55,single_feature_hjorth_mobility,193,-3.561829768694364,-3.3246068954467773
55,single_feature_hjorth_mobility,194,-3.580003041487473,-3.334274888038636
55,single_feature_hjorth_mobility,195,-3.584503082128672,-3.343130111694336
55,single_feature_hjorth_mobility,196,-3.593848100075355,-3.210538864135742
55,single_feature_hjorth_mobility,197,-3.565140797541692,-3.3197004795074463
55,single_feature_hjorth_mobility,198,-3.530483924425565,-3.1285653114318848
55,single_feature_hjorth_mobility,199,-3.499718721096332,-3.2741326093673706
55,single_feature_hjorth_mobility,200,-3.6071773125575137,-3.3241041898727417
55,single_feature_hjorth_mobility,201,-3.5701704575465274,-3.2900540828704834
55,single_feature_hjorth_mobility,202,-3.5876305286700907,-3.3069398403167725
55,single_feature_hjorth_mobility,203,-3.561704177122849,-3.307135820388794
55,single_feature_hjorth_mobility,204,-3.586700732891376,-3.3317099809646606
55,single_feature_hjorth_mobility,205,-3.5918623300699086,-3.362710475921631
55,single_feature_hjorth_mobility,206,-3.599747474376972,-3.368959069252014
55,single_feature_hjorth_mobility,207,-3.589032906752366,-3.2554755210876465
55,single_feature_hjorth_mobility,208,-3.620031631909884,-3.355870723724365
55,single_feature_hjorth_mobility,209,-3.5528723093179555,-3.278091311454773
55,single_feature_hjorth_mobility,210,-3.5772092158977804,-3.3506529331207275
55,single_feature_hjorth_mobility,211,-3.5652921749995303,-3.327151656150818
55,single_feature_hjorth_mobility,212,-3.614540686974159,-3.29211163520813
55,single_feature_hjorth_mobility,213,-3.6004879291240988,-3.291204929351806
55,single_feature_hjorth_mobility,214,-3.61388897895813,-3.369738936424256
55,single_feature_hjorth_mobility,215,-3.5533245710226207,-3.242859363555908
55,single_feature_hjorth_mobility,216,-3.483421215644249,-3.2624764442443848
55,single_feature_hjorth_mobility,217,-3.582187927686251,-3.207258105278015
55,single_feature_hjorth_mobility,218,-3.498217215904823,-3.2357752323150635
55,single_feature_hjorth_mobility,219,-3.4964769253363976,-3.1952099800109863
55,single_feature_hjorth_mobility,220,-3.598710133479192,-3.293088674545288
55,single_feature_hjorth_mobility,221,-3.599296056307279,-3.202502489089966
55,single_feature_hjorth_mobility,222,-3.557338677919828,-3.306376576423645
55,single_feature_hjorth_mobility,223,-3.623387263371394,-3.369053363800049
55,single_feature_hjorth_mobility,224,-3.6192252452556906,-3.336044788360596
55,single_feature_hjorth_mobility,225,-3.624287513586191,-3.3959059715271
55,single_feature_hjorth_mobility,226,-3.6124849136059103,-3.3703386783599854
55,single_feature_hjorth_mobility,227,-3.644279094842764,-3.2253241539001465
55,single_feature_hjorth_mobility,228,-3.5945990819197435,-3.3672797679901123
55,single_feature_hjorth_mobility,229,-3.639438775869517,-3.39549171924591
55,single_feature_hjorth_mobility,230,-3.6136689369495096,-3.29820716381073
55,single_feature_hjorth_mobility,231,-3.628447936131404,-3.394870042800904
55,single_feature_hjorth_mobility,232,-3.632690796485314,-3.307406187057495
55,single_feature_hjorth_mobility,233,-3.638434061637291,-3.400498390197754
55,single_feature_hjorth_mobility,234,-3.66203419978802,-3.3374876976013184
55,single_feature_hjorth_mobility,235,-3.60220481799199,-3.3026063442230225
55,single_feature_hjorth_mobility,236,-3.554657514278705,-3.390300393104553
55,single_feature_hjorth_mobility,237,-3.6411597545330334,-3.27486789226532
55,single_feature_hjorth_mobility,238,-3.631143569946289,-3.3541847467422485
55,single_feature_hjorth_mobility,239,-3.647136504833514,-3.3705004453659058
55,single_feature_hjorth_mobility,240,-3.622940576993502,-3.20053505897522
55,single_feature_hjorth_mobility,241,-3.6625269192915697,-3.404496669769287
55,single_feature_hjorth_mobility,242,-3.627694386702317,-3.296315312385559
55,single_feature_hjorth_mobility,243,-3.631002976344182,-3.3656885623931885
55,single_feature_hjorth_mobility,244,-3.6035919923048754,-3.4060704708099365
55,single_feature_hjorth_mobility,245,-3.661851809575008,-3.308435440063477
55,single_feature_hjorth_mobility,246,-3.650979830668523,-3.3498164415359497
55,single_feature_hjorth_mobility,247,-3.660329323548537,-3.364084362983704
55,single_feature_hjorth_mobility,248,-3.6500347761007457,-3.385579824447632
55,single_feature_hjorth_mobility,249,-3.648836667721088,-3.416311502456665
55,single_feature_hjorth_mobility,250,-3.626234091245211,-3.2193470001220703
55,single_feature_hjorth_mobility,251,-3.531846523284912,-3.219798803329468
55,single_feature_hjorth_mobility,252,-3.625976654199453,-3.369711637496948
55,single_feature_hjorth_mobility,253,-3.672208015735333,-3.331405997276306
55,single_feature_hjorth_mobility,254,-3.65489413188054,-3.381041407585144
55,single_feature_hjorth_mobility,255,-3.69896802535424,-3.357312560081482
55,single_feature_hjorth_mobility,256,-3.6965079674353967,-3.428714156150818
55,single_feature_hjorth_mobility,257,-3.6155929198631873,-3.2887744903564453
55,single_feature_hjorth_mobility,258,-3.5215017795562744,-3.203354239463806
55,single_feature_hjorth_mobility,259,-3.5348059764275184,-3.266422748565674
55,single_feature_hjorth_mobility,260,-3.5462744419391337,-3.374598741531372
55,single_feature_hjorth_mobility,261,-3.5516847647153416,-3.2928459644317627
55,single_feature_hjorth_mobility,262,-3.642200836768517,-3.231401205062866
55,single_feature_hjorth_mobility,263,-3.637827616471511,-3.3125253915786743
55,single_feature_hjorth_mobility,264,-3.675519264661349,-3.362165093421936
55,single_feature_hjorth_mobility,265,-3.636336326599121,-3.309165835380554
55,single_feature_hjorth_mobility,266,-3.657281252054068,-3.2587203979492188
55,single_feature_hjorth_mobility,267,-3.637699255576501,-3.374359607696533
55,single_feature_hjorth_mobility,268,-3.6495976814856896,-3.2811403274536133
55,single_feature_hjorth_mobility,269,-3.685027489295373,-3.3902804851531982
55,single_feature_hjorth_mobility,270,-3.7018594558422384,-3.334234595298767
55,single_feature_hjorth_mobility,271,-3.7043709754943848,-3.329744338989258
55,single_feature_hjorth_mobility,272,-3.678514095453116,-3.342730164527893
55,single_feature_hjorth_mobility,273,-3.669119376402634,-3.421632647514344
55,single_feature_hjorth_mobility,274,-3.684710924441998,-3.410471558570862
55,single_feature_hjorth_mobility,275,-3.690333182995136,-3.3529062271118164
55,single_feature_hjorth_mobility,276,-3.7026180854210486,-3.29012930393219
55,single_feature_hjorth_mobility,277,-3.6926412215599647,-3.37392258644104
55,single_feature_hjorth_mobility,278,-3.5962292964641867,-3.365933895111084
55,single_feature_hjorth_mobility,279,-3.7131774058708777,-3.368503451347351
55,single_feature_hjorth_mobility,280,-3.646093661968525,-3.3113640546798706
55,single_feature_hjorth_mobility,281,-3.6904539328355055,-3.377519965171814
55,single_feature_hjorth_complexity,0,0.1383439572528004,-0.1506487801671028
55,single_feature_hjorth_complexity,1,-0.2963570826328717,-0.4372286051511764
55,single_feature_hjorth_complexity,2,-0.488869309425354,-0.5690746307373047
55,single_feature_hjorth_complexity,3,-0.62698017175381,-0.6988925337791443
55,single_feature_hjorth_complexity,4,-0.7615940158183758,-0.8332993984222412
55,single_feature_hjorth_complexity,5,-0.910858576114361,-0.9749323129653932
55,single_feature_hjorth_complexity,6,-1.0574197310667772,-1.087838649749756
55,single_feature_hjorth_complexity,7,-1.1797530742791982,-1.2276121973991394
55,single_feature_hjorth_complexity,8,-1.2656561319644637,-1.2923898696899414
55,single_feature_hjorth_complexity,9,-1.3496774985240056,-1.3542907238006592
55,single_feature_hjorth_complexity,10,-1.4177036927296565,-1.404968559741974
55,single_feature_hjorth_complexity,11,-1.5037447122427134,-1.4766342639923096
55,single_feature_hjorth_complexity,12,-1.5967767605414758,-1.5518563389778135
55,single_feature_hjorth_complexity,13,-1.7000419451640203,-1.5570592880249023
55,single_feature_hjorth_complexity,14,-1.7774399794065034,-1.7286802530288696
55,single_feature_hjorth_complexity,15,-1.8823747634887693,-1.851219654083252
55,single_feature_hjorth_complexity,16,-1.9782717044536884,-1.8687943816185
55,single_feature_hjorth_complexity,17,-2.0313060925557065,-1.897417068481445
55,single_feature_hjorth_complexity,18,-2.084513324957628,-1.822653889656067
55,single_feature_hjorth_complexity,19,-2.041653422208933,-1.959355473518372
55,single_feature_hjorth_complexity,20,-2.0945706275793223,-2.03640365600586
55,single_feature_hjorth_complexity,21,-2.129958152770996,-2.0624918937683105
55,single_feature_hjorth_complexity,22,-2.1720153185037465,-1.9776631593704224
55,single_feature_hjorth_complexity,23,-2.1906364330878625,-2.1366987228393555
55,single_feature_hjorth_complexity,24,-2.20354333290687,-2.16997492313385
55,single_feature_hjorth_complexity,25,-2.248685414974506,-2.118170976638794
55,single_feature_hjorth_complexity,26,-2.264721723703237,-2.2133147716522217
55,single_feature_hjorth_complexity,27,-2.3296718964209924,-2.217155694961548
55,single_feature_hjorth_complexity,28,-2.363970939929669,-2.2672818899154663
55,single_feature_hjorth_complexity,29,-2.351978852198674,-2.197961926460266
55,single_feature_hjorth_complexity,30,-2.391454073098989,-2.1243999004364014
55,single_feature_hjorth_complexity,31,-2.359290728202233,-2.3254181146621704
55,single_feature_hjorth_complexity,32,-2.367545879804171,-2.282902956008911
55,single_feature_hjorth_complexity,33,-2.385349548780001,-2.1934114694595337
55,single_feature_hjorth_complexity,34,-2.3291394068644595,-2.1046175956726074
55,single_feature_hjorth_complexity,35,-2.329364336453952,-2.3075817823410034
55,single_feature_hjorth_complexity,36,-2.4508647735302267,-2.313639998435974
55,single_feature_hjorth_complexity,37,-2.4898807452275205,-2.379945993423462
55,single_feature_hjorth_complexity,38,-2.4364744149721584,-2.3555824756622314
55,single_feature_hjorth_complexity,39,-2.503080661480243,-2.348729372024536
55,single_feature_hjorth_complexity,40,-2.527894185139582,-2.401596069335937
55,single_feature_hjorth_complexity,41,-2.50962704878587,-2.4725985527038574
55,single_feature_hjorth_complexity,42,-2.468323982678927,-2.3745429515838623
55,single_feature_hjorth_complexity,43,-2.537071099648109,-2.3676624298095703
55,single_feature_hjorth_complexity,44,-2.5373521768129788,-2.4042588472366333
55,single_feature_hjorth_complexity,45,-2.560709238052368,-2.36898159980774
55,single_feature_hjorth_complexity,46,-2.5588376338665304,-2.43150246143341
55,single_feature_hjorth_complexity,47,-2.5601778580592227,-2.271377921104431
55,single_feature_hjorth_complexity,48,-2.498574293576754,-2.3750360012054443
55,single_feature_hjorth_complexity,49,-2.537594593488253,-2.405861258506775
55,single_feature_hjorth_complexity,50,-2.557070328639104,-2.4059832096099854
55,single_feature_hjorth_complexity,51,-2.552838673958412,-2.3805692195892334
55,single_feature_hjorth_complexity,52,-2.544578167108389,-2.452412724494934
55,single_feature_hjorth_complexity,53,-2.561097970375648,-2.4162867069244385
55,single_feature_hjorth_complexity,54,-2.58105415564317,-2.3510735034942627
55,single_feature_hjorth_complexity,55,-2.57050501383268,-2.457694888114929
55,single_feature_hjorth_complexity,56,-2.5868110289940467,-2.435141444206238
55,single_feature_hjorth_complexity,57,-2.6059671548696666,-2.4598523378372192
55,single_feature_hjorth_complexity,58,-2.6174957018632155,-2.458522081375122
55,single_feature_hjorth_complexity,59,-2.627130673481868,-2.4390809535980225
55,single_feature_hjorth_complexity,60,-2.6080528772794285,-2.4813365936279297
55,single_feature_hjorth_complexity,61,-2.632921548990103,-2.48142921924591
55,single_feature_hjorth_complexity,62,-2.6487937523768497,-2.5116108655929565
55,single_feature_hjorth_complexity,63,-2.6389154470883884,-2.456330180168152
55,single_feature_hjorth_complexity,64,-2.602418349339412,-2.483242630958557
55,single_feature_hjorth_complexity,65,-2.6256399888258715,-2.422780513763428
55,single_feature_hjorth_complexity,66,-2.6106120439676137,-2.4687371253967285
55,single_feature_hjorth_complexity,67,-2.6213220082796536,-2.448270320892334
55,single_feature_hjorth_complexity,68,-2.6182857293349047,-2.4097683429718018
55,single_feature_hjorth_complexity,69,-2.6376848771021915,-2.5069122314453125
55,single_feature_hjorth_complexity,70,-2.6396572223076453,-2.4732260704040527
55,single_feature_hjorth_complexity,71,-2.6490363707909217,-2.477592945098877
55,single_feature_hjorth_complexity,72,-2.636306560956515,-2.3263899087905884
55,single_feature_hjorth_complexity,73,-2.637300344613882,-2.5408135652542114
55,single_feature_hjorth_complexity,74,-2.6249078603891225,-2.5034679174423218
55,single_feature_hjorth_complexity,75,-2.657173725274893,-2.474310278892517
55,single_feature_hjorth_complexity,76,-2.692299035879282,-2.50740647315979
55,single_feature_hjorth_complexity,77,-2.628324215228741,-2.4776885509490967
55,single_feature_hjorth_complexity,78,-2.689033416601328,-2.514777421951294
55,single_feature_hjorth_complexity,79,-2.682796735029954,-2.443045854568481
55,single_feature_hjorth_complexity,80,-2.615128150353065,-2.538294076919556
55,single_feature_hjorth_complexity,81,-2.6236824989318848,-2.461962580680847
55,single_feature_hjorth_complexity,82,-2.6885455204890323,-2.4827866554260254
55,single_feature_hjorth_complexity,83,-2.6089065808516283,-2.532847285270691
55,single_feature_hjorth_complexity,84,-2.67419171333313,-2.448729872703552
55,single_feature_hjorth_complexity,85,-2.680229278711172,-2.495220184326172
55,single_feature_hjorth_complexity,86,-2.701483946580153,-2.5464470386505127
55,single_feature_hjorth_complexity,87,-2.7227114897507887,-2.45460045337677
55,single_feature_hjorth_complexity,88,-2.6989551324110765,-2.5840362310409546
55,single_feature_hjorth_complexity,89,-2.7226536457355204,-2.477691411972046
55,single_feature_hjorth_complexity,90,-2.6944578610933743,-2.4010576009750366
55,single_feature_hjorth_complexity,91,-2.690810973827656,-2.5147539377212524
55,single_feature_hjorth_complexity,92,-2.711569345914401,-2.520392417907715
55,single_feature_hjorth_complexity,93,-2.6806523433098426,-2.534825682640076
55,single_feature_hjorth_complexity,94,-2.694854534589328,-2.5555942058563232
55,single_feature_hjorth_complexity,95,-2.73923554787269,-2.606721997261048
55,single_feature_hjorth_complexity,96,-2.773758338047908,-2.532047986984253
55,single_feature_hjorth_complexity,97,-2.6574685756976786,-2.219770908355713
55,single_feature_hjorth_complexity,98,-2.600512742996216,-2.555804967880249
55,single_feature_hjorth_complexity,99,-2.642368866847112,-2.4745662212371826
55,single_feature_hjorth_complexity,100,-2.647105345359216,-2.3716715574264526
55,single_feature_hjorth_complexity,101,-2.6248699518350453,-2.394139289855957
55,single_feature_hjorth_complexity,102,-2.633429453923152,-2.5258835554122925
55,single_feature_hjorth_complexity,103,-2.640549219571627,-2.556146502494812
55,single_feature_hjorth_complexity,104,-2.677363762488732,-2.458961009979248
55,single_feature_hjorth_complexity,105,-2.7302292860471287,-2.5841493606567383
55,single_feature_hjorth_complexity,106,-2.760094936077411,-2.5605223178863525
55,single_feature_hjorth_complexity,107,-2.756695215518658,-2.551903247833252
55,single_feature_hjorth_complexity,108,-2.760338856623723,-2.6023436784744263
55,single_feature_hjorth_complexity,109,-2.7655822313748875,-2.586535215377808
55,single_feature_hjorth_complexity,110,-2.771083153211153,-2.594648838043213
55,single_feature_hjorth_complexity,111,-2.7610037326812744,-2.6101555824279785
55,single_feature_hjorth_complexity,112,-2.7619701532217174,-2.578469157218933
55,single_feature_hjorth_complexity,113,-2.782208020870502,-2.4940247535705566
55,single_feature_hjorth_complexity,114,-2.7667281444256124,-2.591489672660828
55,single_feature_hjorth_complexity,115,-2.790394287842971,-2.5970412492752075
55,single_feature_hjorth_complexity,116,-2.7946384870089016,-2.586650967597961
55,single_feature_hjorth_complexity,117,-2.764899785702045,-2.611607074737549
55,single_feature_hjorth_complexity,118,-2.782369888745821,-2.560723662376404
55,single_feature_hjorth_complexity,119,-2.78997855920058,-2.546332597732544
55,single_feature_hjorth_complexity,120,-2.79517465371352,-2.648174285888672
55,single_feature_hjorth_complexity,121,-2.766443362602821,-2.6224477291107178
55,single_feature_hjorth_complexity,122,-2.776483113949116,-2.560060143470764
55,single_feature_hjorth_complexity,123,-2.8037620324354906,-2.604797124862671
55,single_feature_hjorth_complexity,124,-2.826789910976703,-2.5934489965438843
55,single_feature_hjorth_complexity,125,-2.798074172093318,-2.5323294401168823
55,single_feature_hjorth_complexity,126,-2.775807435695941,-2.54392921924591
55,single_feature_hjorth_complexity,127,-2.809974743769719,-2.6394739151000977
55,single_feature_hjorth_complexity,128,-2.8578902391287,-2.6567625999450684
55,single_feature_hjorth_complexity,129,-2.835837877713717,-2.62179696559906
55,single_feature_hjorth_complexity,130,-2.843543456150935,-2.648069381713867
55,single_feature_hjorth_complexity,131,-2.794332926089947,-2.5845255851745605
55,single_feature_hjorth_complexity,132,-2.809543004402748,-2.569224715232849
55,single_feature_hjorth_complexity,133,-2.813894198491023,-2.5941559076309204
55,single_feature_hjorth_complexity,134,-2.807273718026968,-2.678895235061645
55,single_feature_hjorth_complexity,135,-2.837574115166297,-2.624920606613159
55,single_feature_hjorth_complexity,136,-2.857399133535532,-2.712310194969177
55,single_feature_hjorth_complexity,137,-2.852502602797288,-2.668966293334961
55,single_feature_hjorth_complexity,138,-2.872308235902053,-2.6967546939849854
55,single_feature_hjorth_complexity,139,-2.841068799679096,-2.6494369506835938
55,single_feature_hjorth_complexity,140,-2.832846549841074,-2.608196973800659
55,single_feature_hjorth_complexity,141,-2.8529217609992394,-2.7236111164093018
55,single_feature_hjorth_complexity,142,-2.844191074371338,-2.5896769762039185
55,single_feature_hjorth_complexity,143,-2.8148275155287523,-2.6685749292373657
55,single_feature_hjorth_complexity,144,-2.867592114668626,-2.638254165649414
55,single_feature_hjorth_complexity,145,-2.831412590467013,-2.6786084175109863
55,single_feature_hjorth_complexity,146,-2.8197111716637244,-2.594663023948669
55,single_feature_hjorth_complexity,147,-2.875531324973473,-2.6500186920166016
55,single_feature_hjorth_complexity,148,-2.8267270234914927,-2.651389718055725
55,single_feature_hjorth_complexity,149,-2.809092173209557,-2.6807576417922974
55,single_feature_hjorth_complexity,150,-2.86415301836454,-2.684258222579956
55,single_feature_hjorth_complexity,151,-2.846395804331853,-2.5724661350250244
55,single_feature_hjorth_complexity,152,-2.848716827539297,-2.708231210708618
55,single_feature_hjorth_complexity,153,-2.889185153521024,-2.696389675140381
55,single_feature_hjorth_complexity,154,-2.8684057822594275,-2.7022117376327515
55,single_feature_hjorth_complexity,155,-2.873824669764592,-2.6845862865448
55,single_feature_hjorth_complexity,156,-2.8947233786949744,-2.664008140563965
55,single_feature_hjorth_complexity,157,-2.909883334086492,-2.6758092641830444
55,single_feature_hjorth_complexity,158,-2.899266628118662,-2.6531295776367188
55,single_feature_hjorth_complexity,159,-2.8962390973017764,-2.6264901161193848
55,single_feature_hjorth_complexity,160,-2.909770598778358,-2.687610626220703
55,single_feature_hjorth_complexity,161,-2.901754012474647,-2.602424383163452
55,single_feature_hjorth_complexity,162,-2.8596356098468485,-2.7171448469161987
55,single_feature_hjorth_complexity,163,-2.894734602708083,-2.661590695381165
55,single_feature_hjorth_complexity,164,-2.925721828754132,-2.666136145591736
55,single_feature_hjorth_complexity,165,-2.9267294773688683,-2.689494371414185
55,single_feature_hjorth_complexity,166,-2.938083006785466,-2.695653915405273
99,masked_npe,0,0.1568898160297137,-0.0799302123486995
99,masked_npe,1,-0.2304624800498668,-0.3827604502439499
99,masked_npe,2,-0.4459356046639956,-0.5313135385513306
99,masked_npe,3,-0.6095563677641062,-0.6813746988773346
99,masked_npe,4,-0.7720345258712769,-0.8287473320960999
99,masked_npe,5,-0.8964116756732647,-0.946109265089035
99,masked_npe,6,-1.044265600351187,-1.105819821357727
99,masked_npe,7,-1.1464194792967577,-1.1642571091651917
99,masked_npe,8,-1.2557186163388765,-1.2641634345054626
99,masked_npe,9,-1.361595814044659,-1.4163768291473389
99,masked_npe,10,-1.4822398240749652,-1.5423601865768433
99,masked_npe,11,-1.5598876934785109,-1.6088204979896543
99,masked_npe,12,-1.6624298370801485,-1.6422942876815796
99,masked_npe,13,-1.7115605611067553,-1.7290153503417969
99,masked_npe,14,-1.7970294493895311,-1.843575775623321
99,masked_npe,15,-1.818547560618474,-1.7624152898788452
99,masked_npe,16,-1.8711991676917443,-1.8697919845581052
99,masked_npe,17,-1.9603840296085064,-1.952690064907074
99,masked_npe,18,-1.947739417736347,-1.965092182159424
99,masked_npe,19,-2.0573051617695737,-2.0738003253936768
99,masked_npe,20,-2.044262042412391,-2.0859944820404053
99,masked_npe,21,-2.150964095042302,-2.101205348968506
99,masked_npe,22,-2.2244692215552697,-2.161886692047119
99,masked_npe,23,-2.2425672824566183,-2.2130359411239624
99,masked_npe,24,-2.29543845470135,-2.327950596809387
99,masked_npe,25,-2.3157612543839674,-2.24832022190094
99,masked_npe,26,-2.360378467119657,-2.362062096595764
99,masked_npe,27,-2.382795517261212,-2.3528192043304443
99,masked_npe,28,-2.424940274311946,-2.457691431045532
99,masked_npe,29,-2.4589719405541053,-2.4556163549423218
99,masked_npe,30,-2.50747117629418,-2.4444289207458496
99,masked_npe,31,-2.586866158705491,-2.4487420320510864
99,masked_npe,32,-2.459140942646907,-2.4806835651397705
99,masked_npe,33,-2.5477107488192043,-2.600305676460266
99,masked_npe,34,-2.5937027014218845,-2.599266290664673
99,masked_npe,35,-2.559129128089318,-2.490316867828369
99,masked_npe,36,-2.6398378885709324,-2.6471550464630127
99,masked_npe,37,-2.6949805663182187,-2.570136785507202
99,masked_npe,38,-2.6746097894815297,-2.741873264312744
99,masked_npe,39,-2.650077434686514,-2.6116943359375
99,masked_npe,40,-2.738788439677312,-2.762140274047852
99,masked_npe,41,-2.80135046518766,-2.764774799346924
99,masked_npe,42,-2.850444023425762,-2.742913722991944
99,masked_npe,43,-2.807502214725201,-2.83418083190918
99,masked_npe,44,-2.812405329484206,-2.5684584379196167
99,masked_npe,45,-2.834087977042565,-2.738899827003479
99,masked_npe,46,-2.8351394029764028,-2.803915739059448
99,masked_npe,47,-2.925590863594642,-2.787832736968994
99,masked_npe,48,-2.939351778763992,-2.882280111312866
99,masked_npe,49,-2.955809574860793,-2.932790517807007
99,masked_npe,50,-2.974240248019879,-2.925217986106873
99,masked_npe,51,-2.8905296875880317,-2.9320141077041626
99,masked_npe,52,-2.9688125206873965,-2.946451425552368
99,masked_npe,53,-2.877245682936448,-2.802697896957397
99,masked_npe,54,-2.9803607097038856,-3.0203676223754883
99,masked_npe,55,-2.994749197593102,-2.9381245374679565
99,masked_npe,56,-3.055729169111985,-2.9850423336029053
99,masked_npe,57,-3.100084378169133,-2.84305477142334
99,masked_npe,58,-2.9749159079331617,-2.945689797401428
99,masked_npe,59,-3.0684479750119724,-3.175313234329224
99,masked_npe,60,-3.0628989476424,-2.978184938430786
99,masked_npe,61,-3.060952223264254,-3.1055245399475098
99,masked_npe,62,-3.0382098784813514,-3.0082520246505737
99,masked_npe,63,-3.145680464231051,-3.0893325805664062
99,masked_npe,64,-3.1067887452932506,-3.0119426250457764
99,masked_npe,65,-3.082202599598811,-3.054586410522461
99,masked_npe,66,-3.102389775789701,-3.084783911705017
99,masked_npe,67,-3.23539242377648,-3.144787311553955
99,masked_npe,68,-3.180470760052021,-3.1750216484069824
99,masked_npe,69,-3.1190028557410607,-2.9719350337982178
99,masked_npe,70,-3.163066662274874,-3.0449694395065308
99,masked_npe,71,-3.14256712106558,-3.2382246255874634
99,masked_npe,72,-3.2866226526407094,-3.1210888624191284
99,masked_npe,73,-3.1854646572699914,-3.2166264057159424
99,masked_npe,74,-3.340927875958956,-3.152799725532532
99,masked_npe,75,-3.252901810866136,-3.3365466594696045
99,masked_npe,76,-3.366358775358933,-3.2545567750930786
99,masked_npe,77,-3.346795375530536,-3.2305562496185303
99,masked_npe,78,-3.354942871974065,-3.140701532363892
99,masked_npe,79,-3.351061307466947,-3.2822489738464355
99,masked_npe,80,-3.3162949635432315,-3.3509737253189087
99,masked_npe,81,-3.21448828623845,-3.136788249015808
99,masked_npe,82,-3.273800134658813,-3.434313654899597
99,masked_npe,83,-3.3775374705974874,-3.248191475868225
99,masked_npe,84,-3.392367454675528,-3.465348720550537
99,masked_npe,85,-3.4374997982612023,-3.3686723709106445
99,masked_npe,86,-3.38865065574646,-3.376642107963562
99,masked_npe,87,-3.486505490082961,-3.435628294944763
99,masked_npe,88,-3.48865112891564,-3.169739603996277
99,masked_npe,89,-3.428245581113375,-3.2323966026306152
99,masked_npe,90,-3.454711602284358,-3.424772024154663
99,masked_npe,91,-3.4569649879749003,-3.390247702598572
99,masked_npe,92,-3.5652364584115834,-3.5366532802581787
99,masked_npe,93,-3.6130849031301646,-3.375151515007019
99,masked_npe,94,-3.5572330951690674,-3.423662781715393
99,masked_npe,95,-3.5639248261084924,-3.4874919652938843
99,masked_npe,96,-3.60676648066594,-3.4754364490509038
99,masked_npe,97,-3.7025221311129055,-3.575112581253052
99,masked_npe,98,-3.614416489234337,-3.35257887840271
99,masked_npe,99,-3.614820920504057,-3.556147336959839
99,masked_npe,100,-3.650145714099591,-3.597018241882324
99,masked_npe,101,-3.6066091794234056,-3.412405252456665
99,masked_npe,102,-3.618902536538931,-3.5572309494018555
99,masked_npe,103,-3.67008113861084,-3.4355112314224243
99,masked_npe,104,-3.580899330285879,-3.516883373260498
99,masked_npe,105,-3.662850269904504,-3.676072716712952
99,masked_npe,106,-3.680666336646447,-3.4973806142807007
99,masked_npe,107,-3.6446541272676902,-3.474621057510376
99,masked_npe,108,-3.6867595269129834,-3.4762122631073
99,masked_npe,109,-3.632457623114953,-3.670180916786194
99,masked_npe,110,-3.749623903861413,-3.643926501274109
99,masked_npe,111,-3.735490212073693,-3.723152875900269
99,masked_npe,112,-3.726638152049138,-3.637420415878296
99,masked_npe,113,-3.719622061802791,-3.549843192100525
99,masked_npe,114,-3.7802997735830455,-3.851809024810791
99,masked_npe,115,-3.9060973204099216,-3.711148262023926
99,masked_npe,116,-3.8358892844273496,-3.708145022392273
99,masked_npe,117,-3.870329159956712,-3.845738172531128
99,masked_npe,118,-3.867950512812688,-3.667127013206482
99,masked_npe,119,-3.866488420046293,-3.76014256477356
99,masked_npe,120,-3.874747551404513,-3.75865375995636
99,masked_npe,121,-3.893126762830294,-3.776219606399536
99,masked_npe,122,-3.895083317389855,-3.847826600074768
99,masked_npe,123,-3.878322729697594,-3.7208776473999023
99,masked_npe,124,-3.826593564106868,-3.647531747817993
99,masked_npe,125,-3.850908187719492,-3.7718446254730233
99,masked_npe,126,-3.906215190887451,-3.825155138969421
99,masked_npe,127,-3.9485736260047326,-3.849495768547058
99,masked_npe,128,-3.941261823360736,-4.052742958068848
99,masked_npe,129,-3.8994233424846954,-3.741129040718079
99,masked_npe,130,-3.963818018253033,-3.7917383909225455
99,masked_npe,131,-3.937671166199904,-3.781654357910156
99,masked_npe,132,-3.937095623749953,-3.861370801925659
99,masked_npe,133,-3.9441300355471096,-3.8011707067489615
99,masked_npe,134,-3.8714123505812426,-3.768767476081848
99,masked_npe,135,-4.019300314096304,-3.907215833663941
99,masked_npe,136,-4.040443273691031,-4.010886549949646
99,masked_npe,137,-3.934985435925997,-3.770691156387329
99,masked_npe,138,-3.9805477399092455,-3.955622673034668
99,masked_npe,139,-4.0378316182356615,-3.903310537338257
99,masked_npe,140,-3.991102933883667,-3.9144928455352783
99,masked_npe,141,-3.958482082073505,-3.993145704269409
99,masked_npe,142,-4.022567969102126,-3.864702343940735
99,masked_npe,143,-4.0277533531188965,-3.9273101091384888
99,masked_npe,144,-3.9862370307628927,-3.7853102684021
99,masked_npe,145,-4.051460119394156,-3.782875299453736
99,masked_npe,146,-4.05207109451294,-3.897683262825012
99,masked_npe,147,-4.101070459072407,-4.033626079559326
99,masked_npe,148,-4.077684512505164,-3.978813886642456
99,masked_npe,149,-4.057055198229277,-3.8269567489624015
99,masked_npe,150,-4.085413932800293,-4.102800130844116
99,masked_npe,151,-4.091857103201059,-3.938652992248535
99,masked_npe,152,-4.019836920958299,-3.990725040435791
99,masked_npe,153,-4.075936592542208,-3.853349566459656
99,masked_npe,154,-4.090464702019324,-4.062114715576172
99,masked_npe,155,-4.103491398004385,-3.927212119102478
99,masked_npe,156,-4.063711734918448,-3.779985547065735
99,masked_npe,157,-4.081506509047288,-4.021472930908203
99,masked_npe,158,-4.142811995286208,-3.758435606956482
99,masked_npe,159,-4.08662931735699,-4.235905885696411
99,masked_npe,160,-4.145904541015625,-4.0259435176849365
99,masked_npe,161,-4.199288294865535,-4.145101070404053
99,masked_npe,162,-4.070278938000019,-3.977521181106568
99,masked_npe,163,-4.078471917372483,-3.772497057914734
99,masked_npe,164,-4.027294819171612,-3.921544551849365
99,masked_npe,165,-4.057213985002958,-3.9223947525024414
99,masked_npe,166,-4.120187282562256,-4.091760158538818
99,masked_npe,167,-4.236033439636231,-4.139519691467285
99,masked_npe,168,-4.227930600826557,-4.126225233078003
99,masked_npe,169,-4.140852873141949,-4.316099166870117
99,masked_npe,170,-4.108899134856004,-4.084253549575806
99,masked_npe,171,-4.136909521543062,-3.97944724559784
99,masked_npe,172,-4.154390885279729,-3.991225123405457
99,masked_npe,173,-4.248578291672927,-4.012846946716309
99,masked_npe,174,-4.179201089418852,-4.0458664894104
99,masked_npe,175,-4.213719074542706,-3.968341588973999
99,masked_npe,176,-4.242221648876484,-4.0742104053497314
99,masked_npe,177,-4.288307483379658,-4.13646399974823
99,masked_npe,178,-4.28074469933143,-4.153908014297485
99,masked_npe,179,-4.220845699310303,-4.138620853424072
99,masked_npe,180,-4.1622643287365255,-4.0697009563446045
99,masked_npe,181,-4.203949414766752,-3.965494990348816
99,masked_npe,182,-4.191071363595816,-4.074000358581543
99,masked_npe,183,-4.064746159773606,-3.9989908933639526
99,masked_npe,184,-4.139193608210637,-4.0550172328948975
99,masked_npe,185,-4.259749155778152,-4.096081495285034
99,masked_npe,186,-4.211101513642531,-4.050505638122559
99,masked_npe,187,-4.290091808025654,-4.0059874057769775
99,masked_npe,188,-4.234211683273315,-4.054330348968506
99,masked_npe,189,-4.216542720794678,-4.220171928405762
99,masked_npe,190,-4.277560160710261,-4.221832275390625
99,masked_npe,191,-4.3161061727083645,-4.182231426239014
99,masked_npe,192,-4.302641795231746,-3.949023485183716
99,masked_npe,193,-4.07506722670335,-4.165962219238281
99,masked_npe,194,-4.288875304735624,-4.332561731338501
99,masked_npe,195,-4.289392856451181,-4.259676456451416
99,masked_npe,196,-4.425902953514686,-4.448957920074463
99,masked_npe,197,-4.256561022538405,-4.289864778518677
99,masked_npe,198,-4.317522452427791,-4.237809658050537
99,masked_npe,199,-4.367378968458909,-3.9730825424194336
99,masked_npe,200,-4.248367126171406,-4.104284048080444
99,masked_npe,201,-4.254081359276404,-4.270605564117432
99,masked_npe,202,-4.211334320215078,-3.973396062850952
99,masked_npe,203,-4.357779099391057,-4.098425388336182
99,masked_npe,204,-4.325946771181547,-4.181783676147461
99,masked_npe,205,-4.366410842308631,-4.320275068283081
99,masked_npe,206,-4.3005092694209175,-4.232915639877319
99,masked_npe,207,-4.372041995708759,-4.206329822540283
99,masked_npe,208,-4.341447096604568,-4.195760488510132
99,masked_npe,209,-4.300926501934345,-4.25094485282898
99,masked_npe,210,-4.243677817858183,-4.194287300109863
99,masked_npe,211,-4.305995280926044,-4.048782110214233
99,masked_npe,212,-4.335206361917349,-4.328993558883667
99,masked_npe,213,-4.420243776761568,-4.185117602348328
99,masked_npe,214,-4.33462117268489,-4.217164516448975
99,masked_npe,215,-4.340782972482534,-4.155944108963013
99,masked_npe,216,-4.340434587918795,-4.394415378570557
99,masked_npe,217,-4.376895280984732,-4.381098985671997
99,masked_npe,218,-4.400443480564998,-4.205656051635742
99,masked_npe,219,-4.527678232926589,-4.2773754596710205
99,masked_npe,220,-4.415015954237718,-4.394556045532227
99,masked_npe,221,-4.4164042839637165,-4.305923938751221
99,single_feature_skewness,0,0.1516211078717158,-0.127526693046093
99,single_feature_skewness,1,-0.2744332827054537,-0.390274778008461
99,single_feature_skewness,2,-0.4877507365666903,-0.573262482881546
99,single_feature_skewness,3,-0.696504281117366,-0.7941910028457642
99,single_feature_skewness,4,-0.994098663330078,-1.147655725479126
99,single_feature_skewness,5,-1.2062489436222956,-1.2814162373542786
99,single_feature_skewness,6,-1.35362643461961,-1.34890615940094
99,single_feature_skewness,7,-1.422437466107882,-1.520430326461792
99,single_feature_skewness,8,-1.5669316145089955,-1.6134181022644043
99,single_feature_skewness,9,-1.6574613956304698,-1.7023175954818726
99,single_feature_skewness,10,-1.723643000309284,-1.7754586935043335
99,single_feature_skewness,11,-1.7225127953749435,-1.7278926968574524
99,single_feature_skewness,12,-1.7961810643856342,-1.8454342484474184
99,single_feature_skewness,13,-1.8685860542150643,-1.8201754093170168
99,single_feature_skewness,14,-1.884443833277776,-1.8155103921890257
99,single_feature_skewness,15,-1.7608135571846597,-1.5282217264175415
99,single_feature_skewness,16,-1.7604037064772389,-1.8229716420173645
99,single_feature_skewness,17,-1.8992279492891757,-1.927570104598999
99,single_feature_skewness,18,-1.941440829863915,-1.9623361825942995
99,single_feature_skewness,19,-1.9935368391183703,-1.9380281567573547
99,single_feature_skewness,20,-2.0071170513446512,-2.029529750347137
99,single_feature_skewness,21,-2.017148815668546,-2.0035967230796814
99,single_feature_skewness,22,-2.0600598592024584,-1.993275046348572
99,single_feature_skewness,23,-2.028359853304349,-2.0756548643112183
99,single_feature_skewness,24,-2.0647123776949368,-2.0930137634277344
99,single_feature_skewness,25,-2.0553573553378763,-2.0689462423324585
99,single_feature_skewness,26,-2.0647823627178488,-2.0122281312942505
99,single_feature_skewness,27,-2.084696182837853,-2.112688541412353
99,single_feature_skewness,28,-2.1309572549966664,-2.130828857421875
99,single_feature_skewness,29,-2.130803419993474,-2.1108243465423584
99,single_feature_skewness,30,-2.129270810347337,-2.104214191436768
99,single_feature_skewness,31,-2.1667250303121715,-2.16806697845459
99,single_feature_skewness,32,-2.184879651436439,-2.1566033363342285
99,single_feature_skewness,33,-2.2049282514131985,-2.1695343255996704
99,single_feature_skewness,34,-2.130469799041748,-2.127841114997864
99,single_feature_skewness,35,-2.1448939580183763,-2.173220157623291
99,single_feature_skewness,36,-2.062064528465271,-2.096868991851806
99,single_feature_skewness,37,-2.185075512299171,-2.171573758125305
99,single_feature_skewness,38,-2.1909417372483477,-2.0378611087799072
99,single_feature_skewness,39,-2.191641734196589,-2.2015013694763184
99,single_feature_skewness,40,-2.208732036443857,-2.147555947303772
99,single_feature_skewness,41,-2.187932949799758,-2.220073819160461
99,single_feature_skewness,42,-2.1442857889028697,-2.1846706867218018
99,single_feature_skewness,43,-2.2190657212184024,-2.1639779806137085
99,single_feature_skewness,44,-2.224423096730159,-2.1227351427078247
99,single_feature_skewness,45,-2.2151759221003604,-2.188413500785828
99,single_feature_skewness,46,-2.2715476476229157,-2.201300382614136
99,single_feature_skewness,47,-2.287550559410682,-2.230680465698242
99,single_feature_skewness,48,-2.3072128112499533,-2.2212038040161133
99,single_feature_skewness,49,-2.294142723083496,-2.252899050712585
99,single_feature_skewness,50,-2.319898587006789,-2.253263473510742
99,single_feature_skewness,51,-2.338809086726262,-2.2670016288757324
99,single_feature_skewness,52,-2.33027327977694,-2.268532395362854
99,single_feature_skewness,53,-2.3543155193328857,-2.2411134243011475
99,single_feature_skewness,54,-2.3476707201737623,-2.31622052192688
99,single_feature_skewness,55,-2.3194838853982778,-2.0900052785873413
99,single_feature_skewness,56,-2.3063317262209377,-2.1970818042755127
99,single_feature_skewness,57,-2.325338437007024,-2.242302179336548
99,single_feature_skewness,58,-2.3644191118387075,-2.3559991121292114
99,single_feature_skewness,59,-2.392603745827308,-2.3335174322128296
99,single_feature_skewness,60,-2.3926643958458533,-2.2538615465164185
99,single_feature_skewness,61,-2.3844514259925256,-2.226414203643799
99,single_feature_skewness,62,-2.331973827802218,-2.290842890739441
99,single_feature_skewness,63,-2.414243349662194,-2.323553681373596
99,single_feature_skewness,64,-2.4012958453251767,-2.293069839477539
99,single_feature_skewness,65,-2.371671181458693,-2.2776283025741577
99,single_feature_skewness,66,-2.385345954161424,-2.2702189683914185
99,single_feature_skewness,67,-2.4009262781876783,-2.21972119808197
99,single_feature_skewness,68,-2.419487953186035,-2.416024327278137
99,single_feature_skewness,69,-2.460262225224421,-2.3868826627731323
99,single_feature_skewness,70,-2.3741544026594896,-2.233224391937256
99,single_feature_skewness,71,-2.3840886996342587,-2.210734963417053
99,single_feature_skewness,72,-2.3763621770418606,-2.390531897544861
99,single_feature_skewness,73,-2.464894019640409,-2.3938443660736084
99,single_feature_skewness,74,-2.4805937730349026,-2.294637084007263
99,single_feature_skewness,75,-2.4540833693284254,-2.371198296546936
99,single_feature_skewness,76,-2.4868616507603574,-2.405057191848755
99,single_feature_skewness,77,-2.4700494546156664,-2.3569202423095703
99,single_feature_skewness,78,-2.4401479867788463,-2.3007164001464844
99,single_feature_skewness,79,-2.447313363735492,-2.363542914390564
99,single_feature_skewness,80,-2.473707364155696,-2.3794960975646973
99,single_feature_skewness,81,-2.451475198452289,-2.268329381942749
99,single_feature_skewness,82,-2.510486401044405,-2.382890462875366
99,single_feature_skewness,83,-2.512460176761334,-2.089580774307251
99,single_feature_skewness,84,-2.4075471437894382,-2.3668383359909058
99,single_feature_skewness,85,-2.518743093197162,-2.387131094932556
99,single_feature_skewness,86,-2.5437081043536844,-2.431851625442505
99,single_feature_skewness,87,-2.519116988548866,-2.39137601852417
99,single_feature_skewness,88,-2.4937810531029334,-2.4244590997695923
99,single_feature_skewness,89,-2.529076888011052,-2.4535261392593384
99,single_feature_skewness,90,-2.5122377689068136,-2.4577882289886475
99,single_feature_skewness,91,-2.5829678865579457,-2.4352941513061523
99,single_feature_skewness,92,-2.5596618468944845,-2.425423383712769
99,single_feature_skewness,93,-2.5399688757382908,-2.373213768005371
99,single_feature_skewness,94,-2.5305112325228176,-2.4084659814834595
99,single_feature_skewness,95,-2.558944041912372,-2.4246325492858887
99,single_feature_skewness,96,-2.5333035175616923,-2.391739845275879
99,single_feature_skewness,97,-2.509037366280189,-2.4689204692840576
99,single_feature_skewness,98,-2.428042265085073,-2.3128645420074463
99,single_feature_skewness,99,-2.433446297278771,-2.121965527534485
99,single_feature_skewness,100,-2.445308758662297,-2.2273765802383423
99,single_feature_skewness,101,-2.3815797659067006,-2.351481556892395
99,single_feature_skewness,102,-2.5626877821408787,-2.3991918563842773
99,single_feature_skewness,103,-2.5283644749568057,-2.445172905921936
99,single_feature_skewness,104,-2.575384543492244,-2.4847121238708496
99,single_feature_skewness,105,-2.5866272816291223,-2.3703922033309937
99,single_feature_skewness,106,-2.5499430436354418,-2.5350382328033447
99,single_feature_skewness,107,-2.5950125730954685,-2.4886659383773804
99,single_feature_skewness,108,-2.6032580779148984,-2.4465824365615845
99,single_feature_skewness,109,-2.5713641460125265,-2.497640371322632
99,single_feature_skewness,110,-2.596134589268611,-2.4415457248687744
99,single_feature_skewness,111,-2.598104366889366,-2.44392466545105
99,single_feature_skewness,112,-2.5760523355924168,-2.496692180633545
99,single_feature_skewness,113,-2.6151120479290304,-2.4306299686431885
99,single_feature_skewness,114,-2.6074542082273044,-2.465927004814148
99,single_feature_skewness,115,-2.6211072298196645,-2.531728029251098
99,single_feature_skewness,116,-2.636061356617854,-2.431981921195984
99,single_feature_skewness,117,-2.617978756244366,-2.5442137718200684
99,single_feature_skewness,118,-2.613439101439256,-2.493115544319153
99,single_feature_skewness,119,-2.621103231723492,-2.509197473526001
99,single_feature_skewness,120,-2.6648438343634973,-2.5106678009033203
99,single_feature_skewness,121,-2.6318342685699463,-2.475359320640564
99,single_feature_skewness,122,-2.6165111981905422,-2.414000153541565
99,single_feature_skewness,123,-2.570502226169293,-2.2601797580718994
99,single_feature_skewness,124,-2.634699216255775,-2.544411778450012
99,single_feature_skewness,125,-2.63129237981943,-2.46758496761322
99,single_feature_skewness,126,-2.6655364953554592,-2.3458266258239746
99,single_feature_skewness,127,-2.606619559801542,-2.516146183013916
99,single_feature_skewness,128,-2.681571758710421,-2.565819263458252
99,single_feature_skewness,129,-2.6514099011054406,-2.494713306427002
99,single_feature_skewness,130,-2.673514604568481,-2.375789523124695
99,single_feature_skewness,131,-2.626120457282433,-2.471614360809326
99,single_feature_skewness,132,-2.612352022757897,-2.498319387435913
99,single_feature_skewness,133,-2.6526296322162333,-2.440930485725403
99,single_feature_skewness,134,-2.624399496958806,-2.5280702114105225
99,single_feature_skewness,135,-2.621569505104652,-2.5154753923416138
99,single_feature_skewness,136,-2.5340257791372447,-2.4525389671325684
99,single_feature_skewness,137,-2.66143065232497,-2.493819236755371
99,single_feature_skewness,138,-2.683050339038556,-2.409528970718384
99,single_feature_skewness,139,-2.632435211768517,-2.5072286128997803
99,single_feature_skewness,140,-2.633158647097074,-2.3155709505081177
99,single_feature_skewness,141,-2.545494134609516,-2.3140960931777954
99,single_feature_skewness,142,-2.499939093222985,-2.468685507774353
99,single_feature_skewness,143,-2.626427595431988,-2.527425527572632
99,single_feature_skewness,144,-2.691376337638268,-2.5095266103744507
99,single_feature_skewness,145,-2.653974661460289,-2.4976121187210083
99,single_feature_skewness,146,-2.684496366060697,-2.498351573944092
99,single_feature_skewness,147,-2.6804187297821045,-2.495107889175415
99,single_feature_skewness,148,-2.656480073928833,-2.4578235149383545
99,single_feature_skewness,149,-2.707866283563467,-2.477559328079224
99,single_feature_skewness,150,-2.6809807190528283,-2.4679832458496094
99,single_feature_skewness,151,-2.681239806688749,-2.497077226638794
99,single_feature_skewness,152,-2.7111290051386905,-2.560044288635254
99,single_feature_skewness,153,-2.701641687980065,-2.494811177253723
99,single_feature_kurtosis,0,0.1341457673563407,-0.1099447458982467
99,single_feature_kurtosis,1,-0.2345694767741056,-0.3601890951395035
99,single_feature_kurtosis,2,-0.4167853410427387,-0.4958501011133194
99,single_feature_kurtosis,3,-0.5444996402813838,-0.571471631526947
99,single_feature_kurtosis,4,-0.6279219297262338,-0.6641635298728943
99,single_feature_kurtosis,5,-0.6930345663657556,-0.7037916779518127
99,single_feature_kurtosis,6,-0.7371213802924523,-0.7502628564834595
99,single_feature_kurtosis,7,-0.7780098915100098,-0.7616757750511169
99,single_feature_kurtosis,8,-0.8017305135726929,-0.7914111912250519
99,single_feature_kurtosis,9,-0.8472916850676904,-0.8480872511863708
99,single_feature_kurtosis,10,-0.8760562172302833,-0.9059874415397644
99,single_feature_kurtosis,11,-0.9157814245957596,-0.8977845907211304
99,single_feature_kurtosis,12,-0.9510189524063696,-0.9560409784317015
99,single_feature_kurtosis,13,-1.006908668921544,-0.9962076246738434
99,single_feature_kurtosis,14,-1.061766491486476,-1.0351980924606323
99,single_feature_kurtosis,15,-1.1486017107963562,-1.1413253545761108
99,single_feature_kurtosis,16,-1.278012550794161,-1.2826738953590393
99,single_feature_kurtosis,17,-1.3326001534095178,-1.3417431712150574
99,single_feature_kurtosis,18,-1.4226565819520216,-1.4189178347587583
99,single_feature_kurtosis,19,-1.4915650349396925,-1.4589303731918335
99,single_feature_kurtosis,20,-1.550124819462116,-1.525221586227417
99,single_feature_kurtosis,21,-1.5489548903245192,-1.3690472841262815
99,single_feature_kurtosis,22,-1.5745502160145686,-1.55090594291687
99,single_feature_kurtosis,23,-1.6453702449798584,-1.585604965686798
99,single_feature_kurtosis,24,-1.6528186798095703,-1.5600025653839111
99,single_feature_kurtosis,25,-1.708582117007329,-1.6719194650650024
99,single_feature_kurtosis,26,-1.7545468348723192,-1.7140371203422546
99,single_feature_kurtosis,27,-1.7967388446514423,-1.7416791319847107
99,single_feature_kurtosis,28,-1.832860964995164,-1.794245183467865
99,single_feature_kurtosis,29,-1.8746471771827111,-1.8009470701217651
99,single_feature_kurtosis,30,-1.8501099806565504,-1.828512966632843
99,single_feature_kurtosis,31,-1.9280308118233316,-1.841670036315918
99,single_feature_kurtosis,32,-1.9403132475339449,-1.796868085861206
99,single_feature_kurtosis,33,-1.9335999122032752,-1.885353803634644
99,single_feature_kurtosis,34,-1.9648309212464552,-1.8904631733894348
99,single_feature_kurtosis,35,-1.9810786155553963,-1.821710169315338
99,single_feature_kurtosis,36,-1.9458579925390391,-1.9483948945999143
99,single_feature_kurtosis,37,-2.0071115493774414,-1.829680323600769
99,single_feature_kurtosis,38,-2.014141321182251,-1.9289571642875671
99,single_feature_kurtosis,39,-2.041867604622474,-1.9793343544006348
99,single_feature_kurtosis,40,-2.0606859739010157,-1.9315164685249329
99,single_feature_kurtosis,41,-2.069362475321843,-1.9758877754211424
99,single_feature_kurtosis,42,-2.07585344864772,-1.9673830270767207
99,single_feature_kurtosis,43,-2.06194622700031,-1.9738065004348757
99,single_feature_kurtosis,44,-2.0588165796720066,-1.9258936643600464
99,single_feature_kurtosis,45,-2.0629631464297957,-2.0148293375968933
99,single_feature_kurtosis,46,-2.0482941499123206,-1.9149728417396543
99,single_feature_kurtosis,47,-2.0539225339889526,-1.9851863980293276
99,single_feature_kurtosis,48,-2.132502445807824,-2.010973811149597
99,single_feature_kurtosis,49,-2.152528524398804,-2.05504846572876
99,single_feature_kurtosis,50,-2.081943392753601,-2.01357764005661
99,single_feature_kurtosis,51,-2.141672978034386,-2.103055477142334
99,single_feature_kurtosis,52,-2.1639728912940392,-1.989830195903778
99,single_feature_kurtosis,53,-2.134971416913546,-2.063850164413452
99,single_feature_kurtosis,54,-2.1598098828242374,-2.0766948461532597
99,single_feature_kurtosis,55,-2.1594028106102576,-2.0896847248077397
99,single_feature_kurtosis,56,-2.177171725493211,-2.0444849729537964
99,single_feature_kurtosis,57,-2.1498886255117564,-2.0615453720092773
99,single_feature_kurtosis,58,-2.188053919718816,-2.087951898574829
99,single_feature_kurtosis,59,-2.16009691128364,-1.980395793914795
99,single_feature_kurtosis,60,-2.1793366212111254,-2.035723924636841
99,single_feature_kurtosis,61,-2.1829200891348037,-2.1334452629089355
99,single_feature_kurtosis,62,-2.2157177925109863,-1.987497866153717
99,single_feature_kurtosis,63,-2.169138110600985,-2.059049248695373
99,single_feature_kurtosis,64,-2.2075803646674523,-1.9998406767845156
99,single_feature_kurtosis,65,-2.198572287192712,-2.0986006259918213
99,single_feature_kurtosis,66,-2.233115232907809,-2.1493210792541504
99,single_feature_kurtosis,67,-2.177763113608727,-2.0974150896072388
99,single_feature_kurtosis,68,-2.211487733400785,-2.150232195854187
99,single_feature_kurtosis,69,-2.2159869304070106,-1.9790669679641724
99,single_feature_kurtosis,70,-2.1704582617833066,-2.086647629737854
99,single_feature_kurtosis,71,-2.2433358889359694,-2.1403679847717285
99,single_feature_kurtosis,72,-2.244824739602896,-2.167142391204834
99,single_feature_kurtosis,73,-2.2531433472266564,-2.1756536960601807
99,single_feature_kurtosis,74,-2.2748123499063344,-2.0789637565612797
99,single_feature_kurtosis,75,-2.268741350907546,-2.073322415351868
99,single_feature_kurtosis,76,-2.233507009652945,-2.1652495861053467
99,single_feature_kurtosis,77,-2.257840449993427,-2.1260979175567627
99,single_feature_kurtosis,78,-2.2647170286912184,-2.154653668403625
99,single_feature_kurtosis,79,-2.2684396413656382,-2.098418354988098
99,single_feature_kurtosis,80,-2.2260431051254272,-1.9138100147247317
99,single_feature_kurtosis,81,-2.1932016702798696,-2.162426710128784
99,single_feature_kurtosis,82,-2.282898866213285,-2.160503506660461
99,single_feature_kurtosis,83,-2.2919072921459493,-2.221444129943848
99,single_feature_kurtosis,84,-2.292970895767212,-2.138277530670166
99,single_feature_kurtosis,85,-2.290074880306537,-2.147743463516236
99,single_feature_kurtosis,86,-2.298689273687509,-2.182706832885742
99,single_feature_kurtosis,87,-2.261352484042828,-2.055562734603882
99,single_feature_kurtosis,88,-2.2960197558769813,-2.183456063270569
99,single_feature_kurtosis,89,-2.3302653386042667,-2.1258718967437744
99,single_feature_kurtosis,90,-2.3022287625532885,-2.15900456905365
99,single_feature_kurtosis,91,-2.2950752331660342,-2.1912776231765747
99,single_feature_kurtosis,92,-2.3232800226945143,-2.1754212379455566
99,single_feature_kurtosis,93,-2.333450812559861,-2.1980918645858765
99,single_feature_kurtosis,94,-2.3078209987053504,-2.1807578802108765
99,single_feature_kurtosis,95,-2.317827444810134,-2.190014481544494
99,single_feature_kurtosis,96,-2.2631669411292443,-2.077062249183655
99,single_feature_kurtosis,97,-2.3269862945263204,-2.162296175956726
99,single_feature_kurtosis,98,-2.3486896478212795,-2.085112810134888
99,single_feature_kurtosis,99,-2.280698427787194,-2.0350992679595947
99,single_feature_kurtosis,100,-2.3185411049769478,-2.173407793045044
99,single_feature_kurtosis,101,-2.336892293049739,-2.09854257106781
99,single_feature_kurtosis,102,-2.3486993863032413,-2.1716071367263794
99,single_feature_kurtosis,103,-2.3239917021531324,-2.138548970222473
99,single_feature_kurtosis,104,-2.3475923354809103,-2.206387758255005
99,single_feature_kurtosis,105,-2.373371124267578,-2.206043601036072
99,single_feature_kurtosis,106,-2.29858607512254,-2.200499176979065
99,single_feature_kurtosis,107,-2.354469372675969,-2.2179269790649414
99,single_feature_kurtosis,108,-2.38791904082665,-2.2386382818222046
99,single_feature_kurtosis,109,-2.3789702562185435,-2.147743582725525
99,single_feature_kurtosis,110,-2.3657618852762075,-2.2146748304367065
99,single_feature_kurtosis,111,-2.385773677092332,-2.181748867034912
99,single_feature_kurtosis,112,-2.392639471934392,-2.1973233222961426
99,single_feature_kurtosis,113,-2.3137324956747203,-2.0987621545791626
99,single_feature_kurtosis,114,-2.360859045615563,-2.1808396577835083
99,single_feature_kurtosis,115,-2.3935011350191555,-2.215224027633667
99,single_feature_kurtosis,116,-2.417442065018874,-2.207764148712158
99,single_feature_kurtosis,117,-2.4102745056152344,-2.123415231704712
99,single_feature_kurtosis,118,-2.376592067571787,-2.2431812286376958
99,single_feature_kurtosis,119,-2.413306584725013,-2.219024658203125
99,single_feature_kurtosis,120,-2.4047907315767727,-2.200575113296509
99,single_feature_kurtosis,121,-2.4028997971461368,-2.1093080043792725
99,single_feature_kurtosis,122,-2.3864718767312856,-2.170190453529358
99,single_feature_kurtosis,123,-2.4171572831960826,-2.208985447883606
99,single_feature_kurtosis,124,-2.4381629687089186,-2.2202166318893437
99,single_feature_kurtosis,125,-2.416400909423828,-2.2283434867858887
99,single_feature_kurtosis,126,-2.386651992797852,-2.213063240051269
99,single_feature_kurtosis,127,-2.3385016367985654,-2.1565312147140503
99,single_feature_kurtosis,128,-2.406322956085205,-2.1935492753982544
99,single_feature_kurtosis,129,-2.4287406481229343,-2.195432186126709
99,single_feature_kurtosis,130,-2.4168771413656382,-2.252315878868103
99,single_feature_kurtosis,131,-2.428069518162654,-2.1890203952789307
99,single_feature_kurtosis,132,-2.4069414872389574,-2.202373504638672
99,single_feature_kurtosis,133,-2.443350920310387,-2.144587993621826
99,single_feature_kurtosis,134,-2.434867161970872,-2.268401265144348
99,single_feature_kurtosis,135,-2.447936278123122,-2.2600077390670776
99,single_feature_kurtosis,136,-2.4542403954726,-2.2423267364501958
99,single_feature_kurtosis,137,-2.41289705496568,-2.1002118587493896
99,single_feature_kurtosis,138,-2.285171252030593,-2.1016769409179688
99,single_feature_kurtosis,139,-2.3989100823035607,-2.260372400283813
99,single_feature_kurtosis,140,-2.4185752868652344,-2.2574247121810918
99,single_feature_kurtosis,141,-2.387470612159142,-2.187519669532776
99,single_feature_kurtosis,142,-2.4483173810518704,-2.214709043502808
99,single_feature_kurtosis,143,-2.466687184113723,-2.216203451156616
99,single_feature_kurtosis,144,-2.436597493978647,-2.217695951461792
99,single_feature_kurtosis,145,-2.450679302215576,-2.202711582183838
99,single_feature_kurtosis,146,-2.4609193068284254,-2.2699520587921143
99,single_feature_kurtosis,147,-2.4813457819131703,-2.256313800811768
99,single_feature_kurtosis,148,-2.4704560316525974,-2.269450545310974
99,single_feature_kurtosis,149,-2.484859741651095,-2.250756859779358
99,single_feature_kurtosis,150,-2.4032240280738244,-2.229548931121826
99,single_feature_kurtosis,151,-2.4908722180586595,-2.261676907539368
99,single_feature_kurtosis,152,-2.4419907423166127,-2.2252800464630127
99,single_feature_kurtosis,153,-2.4597097360170803,-2.254186034202576
99,single_feature_kurtosis,154,-2.4261521192697377,-2.0802316665649414
99,single_feature_kurtosis,155,-2.418681236413809,-2.197861909866333
99,single_feature_kurtosis,156,-2.4377723840566783,-2.289799928665161
99,single_feature_kurtosis,157,-2.4716756527240458,-2.2312785387039185
99,single_feature_kurtosis,158,-2.475186072863065,-2.21542227268219
99,single_feature_kurtosis,159,-2.48624902505141,-2.235292077064514
99,single_feature_kurtosis,160,-2.457626306093656,-2.2904868125915527
99,single_feature_kurtosis,161,-2.462836742401123,-2.233567357063293
99,single_feature_kurtosis,162,-2.492698999551626,-2.2544091939926147
99,single_feature_kurtosis,163,-2.490883442071768,-2.207875490188598
99,single_feature_kurtosis,164,-2.456491451997024,-2.172653317451477
99,single_feature_kurtosis,165,-2.492275659854596,-2.232195377349853
99,single_feature_kurtosis,166,-2.516253563073965,-2.259233593940735
99,single_feature_kurtosis,167,-2.4874439606299767,-2.2657729387283325
99,single_feature_kurtosis,168,-2.505093079346877,-2.2657958269119263
99,single_feature_kurtosis,169,-2.526153637812688,-2.239241123199463
99,single_feature_kurtosis,170,-2.506461895429171,-2.224220991134644
99,single_feature_kurtosis,171,-2.484794249901405,-2.2663023471832275
99,single_feature_kurtosis,172,-2.490645335270808,-2.213155031204224
99,single_feature_kurtosis,173,-2.507035787288959,-2.2462775707244877
99,single_feature_kurtosis,174,-2.5072370125697208,-2.256570696830749
99,single_feature_kurtosis,175,-2.5246357917785645,-2.247260093688965
99,single_feature_kurtosis,176,-2.4914184166834903,-2.009951591491699
99,single_feature_kurtosis,177,-2.4969859306628885,-2.275779485702514
99,single_feature_kurtosis,178,-2.529663691153893,-2.241438627243042
99,single_feature_kurtosis,179,-2.5224933807666483,-2.2331583499908447
99,single_feature_kurtosis,180,-2.515792534901545,-2.2175134420394897
99,single_feature_kurtosis,181,-2.4975475531357985,-2.268775463104248
99,single_feature_kurtosis,182,-2.540057218991793,-2.0515501499176025
99,single_feature_kurtosis,183,-2.3809474064753604,-2.2378056049346924
99,single_feature_kurtosis,184,-2.513384598952073,-2.2887277603149414
99,single_feature_kurtosis,185,-2.567481811229999,-2.283280611038208
99,single_feature_spectral_slope,0,0.0452285547955678,-0.2534631639719009
99,single_feature_spectral_slope,1,-0.4562888260071094,-0.5982012152671814
99,single_feature_spectral_slope,2,-0.7185389628777137,-0.81125608086586
99,single_feature_spectral_slope,3,-0.9014901152023902,-0.9297321736812592
99,single_feature_spectral_slope,4,-1.0463031392831068,-1.1035010814666748
99,single_feature_spectral_slope,5,-1.1385159950989945,-1.1821906566619873
99,single_feature_spectral_slope,6,-1.220612672659067,-1.2363099455833435
99,single_feature_spectral_slope,7,-1.2672800559263964,-1.2595127820968628
99,single_feature_spectral_slope,8,-1.3102709513444166,-1.2958998084068298
99,single_feature_spectral_slope,9,-1.3510029866145208,-1.3461818099021912
99,single_feature_spectral_slope,10,-1.37850428544558,-1.3687695264816284
99,single_feature_spectral_slope,11,-1.4081776692317085,-1.3977030515670776
99,single_feature_spectral_slope,12,-1.4311525913385243,-1.3983866572380066
99,single_feature_spectral_slope,13,-1.450212579507094,-1.410283386707306
99,single_feature_spectral_slope,14,-1.4683313369750977,-1.463517189025879
99,single_feature_spectral_slope,15,-1.4870659479728112,-1.4784170389175415
99,single_feature_spectral_slope,16,-1.5059467187294593,-1.519856095314026
99,single_feature_spectral_slope,17,-1.5331993194726796,-1.498170554637909
99,single_feature_spectral_slope,18,-1.5588905903009267,-1.544960856437683
99,single_feature_spectral_slope,19,-1.5780022052618174,-1.531320333480835
99,single_feature_spectral_slope,20,-1.573886440350459,-1.5347518920898438
99,single_feature_spectral_slope,21,-1.5994477730530958,-1.6024101972579956
99,single_feature_spectral_slope,22,-1.6085092104398286,-1.5857199430465698
99,single_feature_spectral_slope,23,-1.6315887707930343,-1.6140007972717283
99,single_feature_spectral_slope,24,-1.6568724925701437,-1.5939180850982666
99,single_feature_spectral_slope,25,-1.6566062432069044,-1.6241883039474487
99,single_feature_spectral_slope,26,-1.6742482643861036,-1.633053421974182
99,single_feature_spectral_slope,27,-1.7022202014923096,-1.6694828271865845
99,single_feature_spectral_slope,28,-1.7054859032997718,-1.7044373750686646
99,single_feature_spectral_slope,29,-1.7166067361831665,-1.7042796611785889
99,single_feature_spectral_slope,30,-1.7168271358196552,-1.7002954483032229
99,single_feature_spectral_slope,31,-1.7357352605232823,-1.7078255414962769
99,single_feature_spectral_slope,32,-1.7594875647471502,-1.6730999946594238
99,single_feature_spectral_slope,33,-1.765472650527954,-1.703812301158905
99,single_feature_spectral_slope,34,-1.7832110294928918,-1.7206444144248962
99,single_feature_spectral_slope,35,-1.767700011913593,-1.7315917611122131
99,single_feature_spectral_slope,36,-1.7901182449780977,-1.7520047426223757
99,single_feature_spectral_slope,37,-1.809028222010686,-1.747373640537262
99,single_feature_spectral_slope,38,-1.7952027320861816,-1.7243186235427856
99,single_feature_spectral_slope,39,-1.8040491434244008,-1.7606946229934692
99,single_feature_spectral_slope,40,-1.8289084342809825,-1.775530993938446
99,single_feature_spectral_slope,41,-1.833053671396696,-1.785885512828827
99,single_feature_spectral_slope,42,-1.844304653314444,-1.777354657649994
99,single_feature_spectral_slope,43,-1.8456272070224469,-1.7624536156654358
99,single_feature_spectral_slope,44,-1.84533519928272,-1.7477682828903198
99,single_feature_spectral_slope,45,-1.8611403520290668,-1.79303377866745
99,single_feature_spectral_slope,46,-1.8683105523769672,-1.801939070224762
99,single_feature_spectral_slope,47,-1.8733238990490253,-1.8002506494522097
99,single_feature_spectral_slope,48,-1.8766623735427856,-1.7646648287773132
99,single_feature_spectral_slope,49,-1.876302040540255,-1.7886855602264404
99,single_feature_spectral_slope,50,-1.884988463841952,-1.767334520816803
99,single_feature_spectral_slope,51,-1.9019922935045683,-1.778766930103302
99,single_feature_spectral_slope,52,-1.901816148024339,-1.803906202316284
99,single_feature_spectral_slope,53,-1.8933946444438052,-1.7911769151687622
99,single_feature_spectral_slope,54,-1.907822003731361,-1.7966087460517883
99,single_feature_spectral_slope,55,-1.9041289824705856,-1.7863605618476868
99,single_feature_spectral_slope,56,-1.891841906767625,-1.7712153792381289
99,single_feature_spectral_slope,57,-1.9094632405501144,-1.8106645941734316
99,single_feature_spectral_slope,58,-1.9159726454661443,-1.8265172839164732
99,single_feature_spectral_slope,59,-1.9305507219754727,-1.8164010643959043
99,single_feature_spectral_slope,60,-1.9297744310819185,-1.802951753139496
99,single_feature_spectral_slope,61,-1.9385456580382128,-1.805811583995819
99,single_feature_spectral_slope,62,-1.9407195953222425,-1.8079242706298828
99,single_feature_spectral_slope,63,-1.9433905069644637,-1.8400948643684387
99,single_feature_spectral_slope,64,-1.9381814644886897,-1.8334888815879824
99,single_feature_spectral_slope,65,-1.943539518576402,-1.7999061942100525
99,single_feature_spectral_slope,66,-1.9537082818838267,-1.816206693649292
99,single_feature_spectral_slope,67,-1.9541698327431312,-1.8541685342788696
99,single_feature_spectral_slope,68,-1.9612274628419144,-1.827284753322601
99,single_feature_spectral_slope,69,-1.9691243538489709,-1.8248356580734253
99,single_feature_spectral_slope,70,-1.9505346830074604,-1.8328028917312624
99,single_feature_spectral_slope,71,-1.9703377485275269,-1.8605095744133
99,single_feature_spectral_slope,72,-1.9760162005057704,-1.853542685508728
99,single_feature_spectral_slope,73,-1.9739157328238852,-1.8488309383392332
99,single_feature_spectral_slope,74,-1.9785231902049136,-1.8493417501449585
99,single_feature_spectral_slope,75,-1.9790468307641835,-1.810828685760498
99,single_feature_spectral_slope,76,-1.965571330143855,-1.855120599269867
99,single_feature_spectral_slope,77,-1.968652624350328,-1.81016743183136
99,single_feature_spectral_slope,78,-1.989407493517949,-1.8530214428901672
99,single_feature_spectral_slope,79,-1.9859865445357103,-1.857102870941162
99,single_feature_spectral_slope,80,-2.0008937212137075,-1.8469381928443909
99,single_feature_spectral_slope,81,-1.982038635473985,-1.8370867371559143
99,single_feature_spectral_slope,82,-2.004838750912593,-1.8126638531684875
99,single_feature_spectral_slope,83,-1.9857871715839093,-1.831615328788757
99,single_feature_spectral_slope,84,-1.9750402065423815,-1.8534897565841677
99,single_feature_spectral_slope,85,-1.996247676702646,-1.861180603504181
99,single_feature_spectral_slope,86,-2.0044008126625648,-1.8345471620559688
99,single_feature_spectral_slope,87,-2.010795474052429,-1.8546182513237
99,single_feature_spectral_slope,88,-2.007268502162053,-1.829250156879425
99,single_feature_spectral_slope,89,-1.9999640996639545,-1.815615952014923
99,single_feature_spectral_slope,90,-2.0136552773989163,-1.8681927919387815
99,single_feature_spectral_slope,91,-2.008004931303171,-1.8555018901824951
99,single_feature_spectral_slope,92,-2.019113614008977,-1.8490278124809263
99,single_feature_spectral_slope,93,-2.0195851509387674,-1.8389359712600708
99,single_feature_spectral_slope,94,-2.0325912603965173,-1.8621816039085388
99,single_feature_spectral_slope,95,-2.026733526816735,-1.84799063205719
99,single_feature_spectral_slope,96,-2.01680614398076,-1.838993489742279
99,single_feature_spectral_slope,97,-2.0256191858878503,-1.8304421305656435
99,single_feature_spectral_slope,98,-2.030482283005348,-1.8381391167640688
99,single_feature_spectral_slope,99,-2.032473499958332,-1.7989954948425293
99,single_feature_spectral_slope,100,-2.023882700846745,-1.8215565085411072
99,single_feature_spectral_slope,101,-2.0383673447829027,-1.842433512210846
99,single_feature_spectral_slope,102,-2.0333381249354434,-1.8548344373703003
99,single_feature_spectral_slope,103,-2.044276576775771,-1.8672099709510803
99,single_feature_spectral_slope,104,-2.046331341450031,-1.871460199356079
99,single_feature_spectral_slope,105,-2.046864555432246,-1.8814719319343567
99,single_feature_spectral_slope,106,-2.061963787445656,-1.876825213432312
99,single_feature_spectral_slope,107,-2.067803456233098,-1.8716114163398745
99,single_feature_spectral_slope,108,-2.059177875518799,-1.8647085428237915
99,single_feature_spectral_slope,109,-2.047573548096877,-1.8337722420692444
99,single_feature_spectral_slope,110,-2.0612320533165565,-1.8600651025772093
99,single_feature_spectral_slope,111,-2.0547332763671875,-1.883795976638794
99,single_feature_spectral_slope,112,-2.062199060733502,-1.8197292685508728
99,single_feature_spectral_slope,113,-2.065757898183969,-1.8688288927078247
99,single_feature_spectral_slope,114,-2.065942645072937,-1.8661145567893984
99,single_feature_spectral_slope,115,-2.0693248968857985,-1.8215782046318052
99,single_feature_spectral_slope,116,-2.066835201703585,-1.8327293992042544
99,single_feature_spectral_slope,117,-2.0755537840036244,-1.8383962512016296
99,single_feature_spectral_slope,118,-2.076819364841168,-1.8555657267570496
99,single_feature_spectral_slope,119,-2.0637549253610463,-1.856517314910889
99,single_feature_spectral_slope,120,-2.076811267779424,-1.8501209020614624
99,single_feature_spectral_slope,121,-2.0849195076869083,-1.8628100156784055
99,single_feature_spectral_slope,122,-2.0872457852730384,-1.874168336391449
99,single_feature_spectral_slope,123,-2.0776879420647254,-1.9271061420440676
99,single_feature_spectral_slope,124,-2.088706896855281,-1.80749785900116
99,single_feature_spectral_slope,125,-2.078663789308988,-1.8470529913902285
99,single_feature_spectral_slope,126,-2.0900076719430776,-1.8545613288879397
99,single_feature_spectral_slope,127,-2.0866174697875977,-1.8824604749679563
99,single_feature_spectral_slope,128,-2.081035146346459,-1.854944109916687
99,single_feature_spectral_slope,129,-2.0794252157211304,-1.8600855469703677
99,single_feature_spectral_slope,130,-2.089005323556753,-1.8614017367362976
99,single_feature_spectral_slope,131,-2.089926738005418,-1.808094143867493
99,single_feature_spectral_slope,132,-2.0782679411081166,-1.8141871094703677
99,single_feature_spectral_slope,133,-2.0881361869665294,-1.8421428203582764
99,single_feature_spectral_slope,134,-2.090988901945261,-1.8390356302261357
99,single_feature_spectral_slope,135,-2.087526101332444,-1.881980299949646
99,single_feature_spectral_slope,136,-2.093071644122784,-1.891813337802887
99,single_feature_spectral_slope,137,-2.1033164171072154,-1.8374971151351929
99,single_feature_spectral_slope,138,-2.093079456916222,-1.864112973213196
99,single_feature_spectral_slope,139,-2.105346569648156,-1.8585299849510195
99,single_feature_spectral_slope,140,-2.116086116203895,-1.8810029029846191
99,single_feature_spectral_slope,141,-2.105787057142991,-1.8647218346595764
99,single_feature_spectral_slope,142,-2.106091646047739,-1.851671040058136
99,single_feature_spectral_slope,143,-2.106791716355544,-1.882745385169983
99,single_feature_spectral_slope,144,-2.115723261466393,-1.845637559890747
99,single_feature_spectral_slope,145,-2.113378359721257,-1.8425328731536863
99,single_feature_spectral_slope,146,-2.1191362967857947,-1.855114996433258
99,single_feature_spectral_slope,147,-2.1247648826012244,-1.8609296679496763
99,single_feature_spectral_slope,148,-2.1173867078927846,-1.8445065021514893
99,single_feature_total_log_power,0,0.1154622885470206,-0.2093281671404838
99,single_feature_total_log_power,1,-0.3524499122913067,-0.466013640165329
99,single_feature_total_log_power,2,-0.5428706820194538,-0.5987960398197174
99,single_feature_total_log_power,3,-0.6747615933418274,-0.7195510864257812
99,single_feature_total_log_power,4,-0.7998112027461712,-0.8618524074554443
99,single_feature_total_log_power,5,-0.9268954350398138,-0.9909833073616028
99,single_feature_total_log_power,6,-1.0798564782509437,-1.20001220703125
99,single_feature_total_log_power,7,-1.284824408017672,-1.4479485154151917
99,single_feature_total_log_power,8,-1.5202148602559016,-1.652739405632019
99,single_feature_total_log_power,9,-1.7637825379004846,-1.8407347798347475
99,single_feature_total_log_power,10,-1.9745036455301137,-2.05306339263916
99,single_feature_total_log_power,11,-2.134841643846952,-2.199995160102844
99,single_feature_total_log_power,12,-2.245619242007916,-2.1461100578308105
99,single_feature_total_log_power,13,-2.2312689469410825,-1.921026945114136
99,single_feature_total_log_power,14,-2.201341069661654,-2.2712442874908447
99,single_feature_total_log_power,15,-2.333962706419138,-2.4029223918914795
99,single_feature_total_log_power,16,-2.2661163165019107,-2.463829755783081
99,single_feature_total_log_power,17,-2.5555423406454234,-2.471806645393372
99,single_feature_total_log_power,18,-2.588679790496826,-2.705568552017212
99,single_feature_total_log_power,19,-2.642142442556528,-2.6115585565567017
99,single_feature_total_log_power,20,-2.333719354409438,-2.290639877319336
99,single_feature_total_log_power,21,-2.452447084280161,-2.53730583190918
99,single_feature_total_log_power,22,-2.5091857726757345,-2.102425217628479
99,single_feature_total_log_power,23,-2.490675449371338,-2.573423266410828
99,single_feature_total_log_power,24,-2.55763264802786,-2.6438833475112915
99,single_feature_total_log_power,25,-2.572842121124268,-2.464180827140808
99,single_feature_total_log_power,26,-2.5727701003734884,-2.649853229522705
99,single_feature_total_log_power,27,-2.613644361495972,-2.6709353923797607
99,single_feature_total_log_power,28,-2.626776878650372,-2.1804773807525635
99,single_feature_total_log_power,29,-2.599344381919274,-2.7041841745376587
99,single_feature_total_log_power,30,-2.679428008886484,-2.7034744024276733
99,single_feature_total_log_power,31,-2.702647557625404,-2.3922094106674194
99,single_feature_total_log_power,32,-2.676657658356887,-2.772326111793518
99,single_feature_total_log_power,33,-2.7269359551943264,-2.743640661239624
99,single_feature_total_log_power,34,-2.746336680192214,-2.3125555515289307
99,single_feature_total_log_power,35,-2.6715033787947435,-2.5836541652679443
99,single_feature_total_log_power,36,-2.7267251198108378,-2.830810070037842
99,single_feature_total_log_power,37,-2.770160143191998,-2.510166883468628
99,single_feature_total_log_power,38,-2.7670948872199426,-2.8801488876342773
99,single_feature_total_log_power,39,-2.815138816833496,-2.8390105962753296
99,single_feature_total_log_power,40,-2.7983682522406945,-2.096949815750122
99,single_feature_total_log_power,41,-2.730994646365826,-3.061774253845215
99,single_feature_total_log_power,42,-2.7519019016852746,-2.7158420085906982
99,single_feature_total_log_power,43,-2.840817084679237,-2.487179636955261
99,single_feature_total_log_power,44,-2.833325147628784,-2.9275662899017334
99,single_feature_total_log_power,45,-2.885760050553542,-2.988587737083435
99,single_feature_total_log_power,46,-2.895657080870408,-2.435488224029541
99,single_feature_total_log_power,47,-2.8440368358905497,-2.8748316764831543
99,single_feature_total_log_power,48,-2.91098873431866,-2.8262027502059937
99,single_feature_total_log_power,49,-2.84618511566749,-2.723705768585205
99,single_feature_total_log_power,50,-2.906779546004075,-2.9134409427642822
99,single_feature_total_log_power,51,-2.9792878994574914,-2.850806474685669
99,single_feature_total_log_power,52,-2.9053642749786377,-2.423538446426392
99,single_feature_total_log_power,53,-2.917667664014376,-3.069497585296631
99,single_feature_total_log_power,54,-2.9538089678837705,-3.0427016019821167
99,single_feature_total_log_power,55,-2.9908067813286414,-2.8149962425231934
99,single_feature_total_log_power,56,-2.981308203477126,-3.008147358894348
99,single_feature_total_log_power,57,-3.0224431478060207,-3.0337222814559937
99,single_feature_total_log_power,58,-3.029542629535382,-2.6635807752609253
99,single_feature_total_log_power,59,-3.003656955865713,-3.2217177152633667
99,single_feature_total_log_power,60,-2.967021245222825,-3.0663623809814453
99,single_feature_total_log_power,61,-3.0213040021749644,-2.7926347255706787
99,single_feature_total_log_power,62,-3.00724196434021,-3.0319801568984985
99,single_feature_total_log_power,63,-3.094019192915696,-2.8108052015304565
99,single_feature_total_log_power,64,-3.0382483188922587,-2.5716702938079834
99,single_feature_total_log_power,65,-3.0749578109154334,-3.1576815843582158
99,single_feature_total_log_power,66,-2.9965898990631104,-3.1889106035232544
99,single_feature_total_log_power,67,-3.0550128680009108,-2.5917346477508545
99,single_feature_total_log_power,68,-3.0687061089735765,-3.284299850463867
99,single_feature_total_log_power,69,-3.11253965817965,-3.160104274749756
99,single_feature_total_log_power,70,-3.1031559797433705,-2.716888904571533
99,single_feature_total_log_power,71,-3.072816591996413,-3.217627167701721
99,single_feature_total_log_power,72,-3.17353708927448,-3.028860926628113
99,single_feature_total_log_power,73,-3.010608058709365,-3.03171181678772
99,single_feature_total_log_power,74,-3.347343793282142,-3.3647409677505493
99,single_feature_total_log_power,75,-3.433027450854962,-3.5022311210632324
99,single_feature_total_log_power,76,-3.385687479606041,-3.139973282814026
99,single_feature_total_log_power,77,-3.357408890357384,-3.5232616662979126
99,single_feature_total_log_power,78,-3.267226365896372,-3.265462636947632
99,single_feature_total_log_power,79,-3.0859441940601053,-3.22533643245697
99,single_feature_total_log_power,80,-3.106436656071589,-3.240322947502136
99,single_feature_total_log_power,81,-3.197771439185509,-2.954858660697937
99,single_feature_total_log_power,82,-3.197881918687087,-3.364675998687744
99,single_feature_total_log_power,83,-3.0682238982273984,-3.2321786880493164
99,single_feature_total_log_power,84,-3.16658249268165,-2.6213886737823486
99,single_feature_total_log_power,85,-3.17086751644428,-3.387704610824585
99,single_feature_total_log_power,86,-3.224470248589149,-3.1166012287139893
99,single_feature_total_log_power,87,-3.20597296494704,-3.187005400657654
99,single_feature_total_log_power,88,-3.1395381413973293,-3.07334303855896
99,single_feature_total_log_power,89,-3.204009019411527,-3.27872371673584
99,single_feature_total_log_power,90,-3.242422287280743,-2.8340320587158203
99,single_feature_total_log_power,91,-3.2342618795541616,-3.424148201942444
99,single_feature_total_log_power,92,-3.2370875431941104,-3.367435574531555
99,single_feature_total_log_power,93,-3.2910541937901425,-2.7960166931152344
99,single_feature_total_log_power,94,-3.23680881353525,-3.428186058998108
99,single_feature_total_log_power,95,-3.3298619527083178,-2.944411516189575
99,single_feature_total_log_power,96,-3.0829918017754188,-2.9500049352645874
99,single_feature_total_log_power,97,-3.353964823942918,-3.510639190673828
99,single_feature_total_log_power,98,-3.5135236336634708,-2.877703905105591
99,single_feature_total_log_power,99,-3.4643882788144627,-3.5367820262908936
99,single_feature_total_log_power,100,-3.497449288001427,-3.565333843231201
99,single_feature_total_log_power,101,-3.5835993656745324,-3.515027642250061
99,single_feature_total_log_power,102,-3.613081161792462,-3.684659004211426
99,single_feature_total_log_power,103,-3.6258366658137393,-3.539355516433716
99,single_feature_total_log_power,104,-3.636671964938824,-3.580212354660034
99,single_feature_total_log_power,105,-3.6630920446836033,-3.621585011482239
99,single_feature_total_log_power,106,-3.6627360857450046,-3.657636165618897
99,single_feature_total_log_power,107,-3.6828101598299465,-3.521167516708374
99,single_feature_total_log_power,108,-3.66992737696721,-3.738587498664856
99,single_feature_total_log_power,109,-3.695753684410682,-3.5689001083374023
99,single_feature_total_log_power,110,-3.654627029712384,-3.752275943756104
99,single_feature_total_log_power,111,-3.6542480358710656,-3.6546785831451416
99,single_feature_total_log_power,112,-3.691699724930984,-3.784572005271912
99,single_feature_total_log_power,113,-3.648447550260104,-3.6964406967163086
99,single_feature_total_log_power,114,-3.711983093848595,-3.5471819639205933
99,single_feature_total_log_power,115,-3.704277625450721,-3.573929786682129
99,single_feature_total_log_power,116,-3.71527283008282,-3.71779990196228
99,single_feature_total_log_power,117,-3.6199352191044736,-3.688217639923096
99,single_feature_total_log_power,118,-3.112407922744751,-3.0535130500793457
99,single_feature_total_log_power,119,-3.413889243052556,-3.528714418411255
99,single_feature_total_log_power,120,-3.092757706458752,-3.528286457061768
99,single_feature_total_log_power,121,-2.0789551946979303,-3.029605269432068
99,single_feature_total_log_power,122,-2.887529941705557,-2.723249673843384
99,single_feature_total_log_power,123,-2.863674548956064,-2.515525579452514
99,single_feature_total_log_power,124,-2.8561265285198507,-3.214776635169983
99,single_feature_total_log_power,125,-3.012561394618108,-3.128268599510193
99,single_feature_total_log_power,126,-3.0128878630124607,-2.333932995796204
99,single_feature_total_log_power,127,-2.959983770663922,-2.583461880683899
99,single_feature_total_log_power,128,-3.003698092240554,-3.12481689453125
99,single_feature_total_log_power,129,-3.305819768172044,-3.610548496246338
99,single_feature_total_log_power,130,-3.3243502653562107,-3.2607208490371704
99,single_feature_total_log_power,131,-3.384175025499784,-2.720855951309204
99,single_feature_total_log_power,132,-3.3618904810685377,-3.325835585594177
99,single_feature_total_log_power,133,-3.464358788270217,-3.379406452178955
99,single_feature_total_log_power,134,-3.435236747448261,-3.359639286994934
99,single_feature_total_log_power,135,-3.428271201940684,-3.52312970161438
99,single_feature_total_log_power,136,-3.443256103075468,-3.4274126291275024
99,single_feature_total_log_power,137,-3.474011494563176,-3.1022324562072754
99,single_feature_dominant_freq,0,0.0758501967558493,-0.2596462145447731
99,single_feature_dominant_freq,1,-0.4300627891833966,-0.5752062797546387
99,single_feature_dominant_freq,2,-0.6392312875160804,-0.7290714383125305
99,single_feature_dominant_freq,3,-0.7862911224365234,-0.8430422842502594
99,single_feature_dominant_freq,4,-0.9154090560399568,-0.9579326212406158
99,single_feature_dominant_freq,5,-1.0246025507266705,-1.071003496646881
99,single_feature_dominant_freq,6,-1.1225217030598569,-1.1564881205558777
99,single_feature_dominant_freq,7,-1.176648965248695,-1.215376853942871
99,single_feature_dominant_freq,8,-1.2305811551901011,-1.2029141783714294
99,single_feature_dominant_freq,9,-1.2647584676742554,-1.273055136203766
99,single_feature_dominant_freq,10,-1.2963003745445838,-1.311093807220459
99,single_feature_dominant_freq,11,-1.336907148361206,-1.3688619136810305
99,single_feature_dominant_freq,12,-1.367231506567735,-1.3591009974479675
99,single_feature_dominant_freq,13,-1.409822574028602,-1.3964093327522278
99,single_feature_dominant_freq,14,-1.4368343811768751,-1.4231079816818235
99,single_feature_dominant_freq,15,-1.4504887140714204,-1.423886477947235
99,single_feature_dominant_freq,16,-1.4620735828693097,-1.4156612157821655
99,single_feature_dominant_freq,17,-1.475294672525846,-1.447056770324707
99,single_feature_dominant_freq,18,-1.5025597627346332,-1.496617615222931
99,single_feature_dominant_freq,19,-1.5154066636012151,-1.424208164215088
99,single_feature_dominant_freq,20,-1.5188519587883582,-1.4832430481910706
99,single_feature_dominant_freq,21,-1.5376436068461492,-1.532725155353546
99,single_feature_dominant_freq,22,-1.5630526817761934,-1.5400685667991638
99,single_feature_dominant_freq,23,-1.5802227717179518,-1.554068386554718
99,single_feature_dominant_freq,24,-1.5950640806784997,-1.5306102633476255
99,single_feature_dominant_freq,25,-1.5943525846187885,-1.5251999497413635
99,single_feature_dominant_freq,26,-1.5998439422020545,-1.567243576049805
99,single_feature_dominant_freq,27,-1.6232527035933275,-1.585084080696106
99,single_feature_dominant_freq,28,-1.6335239502099843,-1.5698161125183103
99,single_feature_dominant_freq,29,-1.6475195517906775,-1.5899248123168943
99,single_feature_dominant_freq,30,-1.638726674593412,-1.538241624832153
99,single_feature_dominant_freq,31,-1.6398346515802236,-1.5247326493263245
99,single_feature_dominant_freq,32,-1.6480814218521118,-1.5918005108833313
99,single_feature_dominant_freq,33,-1.685613036155701,-1.6307241916656494
99,single_feature_dominant_freq,34,-1.7100653648376465,-1.5982216596603394
99,single_feature_dominant_freq,35,-1.716547122368446,-1.6173315048217771
99,single_feature_dominant_freq,36,-1.7123989692101111,-1.6224005818367004
99,single_feature_dominant_freq,37,-1.7280715795663686,-1.6444178819656372
99,single_feature_dominant_freq,38,-1.7309759029975305,-1.635591685771942
99,single_feature_dominant_freq,39,-1.7397854786652784,-1.6519092321395874
99,single_feature_dominant_freq,40,-1.7398900985717771,-1.6244094371795654
99,single_feature_dominant_freq,41,-1.7609821833097017,-1.6650315523147583
99,single_feature_dominant_freq,42,-1.7636457589956431,-1.6662030816078186
99,single_feature_dominant_freq,43,-1.7482072023245006,-1.60695618391037
99,single_feature_dominant_freq,44,-1.724845941250141,-1.6378297209739685
99,single_feature_dominant_freq,45,-1.7660607741429255,-1.6787455081939695
99,single_feature_dominant_freq,46,-1.791007665487436,-1.654391169548035
99,single_feature_dominant_freq,47,-1.7940311890382032,-1.6979880928993225
99,single_feature_dominant_freq,48,-1.7982750305762658,-1.664608359336853
99,single_feature_dominant_freq,49,-1.7913624873528111,-1.675341010093689
99,single_feature_dominant_freq,50,-1.801504786197956,-1.6472817063331604
99,single_feature_dominant_freq,51,-1.804596103154696,-1.6893199682235718
99,single_feature_dominant_freq,52,-1.80809172300192,-1.6880515217781067
99,single_feature_dominant_freq,53,-1.8311989765900831,-1.6593287587165833
99,single_feature_dominant_freq,54,-1.8350210373218243,-1.727408230304718
99,single_feature_dominant_freq,55,-1.8457527985939608,-1.7147228717803955
99,single_feature_dominant_freq,56,-1.838846646822416,-1.685795247554779
99,single_feature_dominant_freq,57,-1.8518223120616035,-1.7051899433135986
99,single_feature_dominant_freq,58,-1.8471962305215688,-1.7021541595458984
99,single_feature_dominant_freq,59,-1.8486093557797945,-1.7043055295944214
99,single_feature_dominant_freq,60,-1.8546645641326904,-1.722576379776001
99,single_feature_dominant_freq,61,-1.8460740584593556,-1.72840017080307
99,single_feature_dominant_freq,62,-1.844216493459848,-1.6783671379089355
99,single_feature_dominant_freq,63,-1.8566526541343105,-1.7285971641540527
99,single_feature_dominant_freq,64,-1.8723373046288123,-1.735177993774414
99,single_feature_dominant_freq,65,-1.8945500942376945,-1.7160335183143616
99,single_feature_dominant_freq,66,-1.8882547250160804,-1.7438718676567078
99,single_feature_dominant_freq,67,-1.8902233930734489,-1.6910614967346191
99,single_feature_dominant_freq,68,-1.8852928968576284,-1.720800280570984
99,single_feature_dominant_freq,69,-1.8823619347352247,-1.7178447246551514
99,single_feature_dominant_freq,70,-1.8967362367189848,-1.7217407822608948
99,single_feature_dominant_freq,71,-1.8974118324426503,-1.733952283859253
99,single_feature_dominant_freq,72,-1.892039913397569,-1.777946054935455
99,single_feature_dominant_freq,73,-1.891543305837191,-1.7493385076522827
99,single_feature_dominant_freq,74,-1.9042382882191584,-1.7526270151138306
99,single_feature_dominant_freq,75,-1.9022571948858409,-1.7287409901618958
99,single_feature_dominant_freq,76,-1.9023124529765203,-1.750887155532837
99,single_feature_dominant_freq,77,-1.9079472835247333,-1.7617875337600708
99,single_feature_dominant_freq,78,-1.933691795055683,-1.7627293467521667
99,single_feature_dominant_freq,79,-1.9332969188690183,-1.7363879680633545
99,single_feature_dominant_freq,80,-1.9237900513869064,-1.7608304619789124
99,single_feature_dominant_freq,81,-1.9309703570145824,-1.7544004321098328
99,single_feature_dominant_freq,82,-1.937928924193749,-1.7578054666519165
99,single_feature_dominant_freq,83,-1.953624743681688,-1.778489172458649
99,single_feature_dominant_freq,84,-1.940220429347112,-1.7624515295028689
99,single_feature_dominant_freq,85,-1.932530788274912,-1.756035327911377
99,single_feature_dominant_freq,86,-1.94798390681927,-1.7470037937164309
99,single_feature_dominant_freq,87,-1.9467777839073768,-1.7606571316719055
99,single_feature_dominant_freq,88,-1.946505720798786,-1.744596779346466
99,single_feature_dominant_freq,89,-1.9531974242283747,-1.753956317901611
99,single_feature_dominant_freq,90,-1.967983181659992,-1.7793139815330503
99,single_feature_dominant_freq,91,-1.978313711973337,-1.7949039936065674
99,single_feature_dominant_freq,92,-1.9742822922193088,-1.7703994512557983
99,single_feature_dominant_freq,93,-1.975635629433852,-1.790768563747406
99,single_feature_dominant_freq,94,-1.9772867331138024,-1.7703095078468325
99,single_feature_dominant_freq,95,-1.9612332674173207,-1.7818964123725891
99,single_feature_dominant_freq,96,-1.975016502233652,-1.7592565417289734
99,single_feature_dominant_freq,97,-1.9797825263096736,-1.7985403537750244
99,single_feature_dominant_freq,98,-1.9717100308491635,-1.7781392335891724
99,single_feature_dominant_freq,99,-1.9655353014285748,-1.7509796619415283
99,single_feature_dominant_freq,100,-1.985781715466426,-1.8046197295188904
99,single_feature_dominant_freq,101,-1.98946724488185,-1.80397629737854
99,single_feature_dominant_freq,102,-2.0044180888396044,-1.7902461290359497
99,single_feature_dominant_freq,103,-2.0054851403603187,-1.7885380387306211
99,single_feature_dominant_freq,104,-2.010716805091271,-1.779711127281189
99,single_feature_dominant_freq,105,-1.9998789108716524,-1.7539772391319275
99,single_feature_dominant_freq,106,-1.99367514023414,-1.773006796836853
99,single_feature_dominant_freq,107,-1.9947763131215024,-1.7828945517539978
99,single_feature_dominant_freq,108,-2.0092916672046366,-1.801077663898468
99,single_feature_dominant_freq,109,-2.0031406604326687,-1.799881398677826
99,single_feature_dominant_freq,110,-1.995077554996197,-1.783089458942413
99,single_feature_dominant_freq,111,-1.9727462896933925,-1.7624197602272034
99,single_feature_dominant_freq,112,-2.0041280801479635,-1.8081527352333069
99,single_feature_dominant_freq,113,-2.017333700106694,-1.8063654899597168
99,single_feature_dominant_freq,114,-2.0178714165320764,-1.7887230515480042
99,single_feature_dominant_freq,115,-2.019393407381498,-1.804409921169281
99,single_feature_dominant_freq,116,-2.0256299330638003,-1.7725082635879517
99,single_feature_dominant_freq,117,-2.030829071998596,-1.7765012979507446
99,single_feature_dominant_freq,118,-2.0397678521963267,-1.7738752365112305
99,single_feature_dominant_freq,119,-2.043500781059265,-1.8031370639801023
99,single_feature_dominant_freq,120,-2.0400928258895874,-1.8263106942176817
99,single_feature_dominant_freq,121,-2.030380359062782,-1.773110806941986
99,single_feature_dominant_freq,122,-2.015104596431439,-1.8034383058547971
99,single_feature_dominant_freq,123,-2.038606872925392,-1.7576884031295776
99,single_feature_dominant_freq,124,-2.0380156957186184,-1.7939369678497314
99,single_feature_dominant_freq,125,-2.0482354897719164,-1.821255564689636
99,single_feature_dominant_freq,126,-2.0522538148439846,-1.8110977411270144
99,single_feature_dominant_freq,127,-2.0503350496292114,-1.804601490497589
99,single_feature_dominant_freq,128,-2.062121116198026,-1.7992489337921145
99,single_feature_dominant_freq,129,-2.0435486206641564,-1.7756900787353516
99,single_feature_dominant_freq,130,-2.019807366224436,-1.7908183932304382
99,single_feature_dominant_freq,131,-2.0508484748693614,-1.800146222114563
99,single_feature_dominant_freq,132,-2.058996842457698,-1.7814025282859802
99,single_feature_dominant_freq,133,-2.053872209328872,-1.785520076751709
99,single_feature_dominant_freq,134,-2.046866004283612,-1.8127788305282595
99,single_feature_dominant_freq,135,-2.0546022103382997,-1.82673978805542
99,single_feature_dominant_freq,136,-2.052108122752263,-1.7948253750801086
99,single_feature_dominant_freq,137,-2.0546394128065844,-1.7664880752563477
99,single_feature_dominant_freq,138,-2.038091622866117,-1.782328188419342
99,single_feature_dominant_freq,139,-2.0497005536006045,-1.7969108819961548
99,single_feature_dominant_freq,140,-2.068508845109206,-1.770703673362732
99,single_feature_dominant_freq,141,-2.0208576825948863,-1.7919979691505432
99,single_feature_dominant_freq,142,-2.049389123916626,-1.7942323684692385
99,single_feature_dominant_freq,143,-2.053974885206956,-1.7681679725646973
99,single_feature_dominant_freq,144,-2.0669009868915262,-1.8035022020339968
99,single_feature_dominant_freq,145,-2.074436371143048,-1.7906537652015686
99,single_feature_dominant_freq,146,-2.055556737459623,-1.79317706823349
99,single_feature_dominant_freq,147,-2.0674864512223463,-1.8234159350395205
99,single_feature_dominant_freq,148,-2.066603504694425,-1.7916916608810425
99,single_feature_dominant_freq,149,-2.0855247790996847,-1.8196083903312683
99,single_feature_dominant_freq,150,-2.0870996438539944,-1.824657917022705
99,single_feature_dominant_freq,151,-2.096203272159283,-1.8215526938438416
99,single_feature_dominant_freq,152,-2.097205565525935,-1.7893260717391968
99,single_feature_dominant_freq,153,-2.0880538133474498,-1.814076125621796
99,single_feature_dominant_freq,154,-2.061750567876376,-1.770203173160553
99,single_feature_dominant_freq,155,-2.061408748993507,-1.784244179725647
99,single_feature_dominant_freq,156,-2.077636608710656,-1.7795408964157104
99,single_feature_dominant_freq,157,-2.085375189781189,-1.8146758079528809
99,single_feature_dominant_freq,158,-2.09444049688486,-1.7548929452896118
99,single_feature_dominant_freq,159,-2.0835344057816725,-1.8329865336418152
99,single_feature_dominant_freq,160,-2.095919159742502,-1.7922918796539309
99,single_feature_dominant_freq,161,-2.098522718136127,-1.7595080137252808
99,single_feature_dominant_freq,162,-2.0978839580829325,-1.7821124196052551
99,single_feature_dominant_freq,163,-2.1131165211017318,-1.839003086090088
99,single_feature_dominant_freq,164,-2.1073578137617845,-1.8144537806510923
99,single_feature_dominant_freq,165,-2.1166733411642222,-1.8367217779159544
99,single_feature_dominant_freq,166,-2.1080893186422496,-1.764760971069336
99,single_feature_dominant_freq,167,-2.1094571076906643,-1.7666970491409302
99,single_feature_dominant_freq,168,-2.108434016887958,-1.7811232805252075
99,single_feature_dominant_freq,169,-2.1014324518350453,-1.820923089981079
99,single_feature_dominant_freq,170,-2.101849445929894,-1.788335204124451
99,single_feature_dominant_freq,171,-2.102649762080266,-1.7818211317062378
99,single_feature_dominant_freq,172,-2.1212944984436035,-1.8117265701293943
99,single_feature_dominant_freq,173,-2.109929781693679,-1.76090669631958
99,single_feature_dominant_freq,174,-2.0995105780087986,-1.7864335179328918
99,single_feature_dominant_freq,175,-2.107535710701576,-1.7501399517059326
99,single_feature_dominant_freq,176,-2.0794541468987098,-1.747880935668945
99,single_feature_dominant_freq,177,-2.105748616732084,-1.80785608291626
99,single_feature_dominant_freq,178,-2.1256101498237023,-1.764851689338684
99,single_feature_dominant_freq,179,-2.111520290374756,-1.826443612575531
99,single_feature_dominant_freq,180,-2.1222750406998854,-1.8413995504379272
99,single_feature_dominant_freq,181,-2.137275273983295,-1.767441987991333
99,single_feature_dominant_freq,182,-2.1348582231081448,-1.8169254064559937
99,single_feature_dominant_freq,183,-2.1304443065936747,-1.8117055892944336
99,single_feature_dominant_freq,184,-2.1364245414733887,-1.814390063285828
99,single_feature_dominant_freq,185,-2.1059801945319543,-1.780592441558838
99,single_feature_dominant_freq,186,-2.0736264265500584,-1.7873234748840332
99,single_feature_dominant_freq,187,-2.104361314039964,-1.77828186750412
99,single_feature_dominant_freq,188,-2.1269436249366174,-1.7724352478981018
99,single_feature_dominant_freq,189,-2.142373378460224,-1.8164358735084531
99,single_feature_dominant_freq,190,-2.145744415429922,-1.8141541481018064
99,single_feature_dominant_freq,191,-2.119874495726365,-1.8003932237625122
99,single_feature_dominant_freq,192,-2.147935023674598,-1.8126105666160583
99,single_feature_dominant_freq,193,-2.1453827894650974,-1.762838065624237
99,single_feature_dominant_freq,194,-2.132841917184683,-1.77553391456604
99,single_feature_dominant_freq,195,-2.148380866417518,-1.7082369327545166
99,single_feature_dominant_freq,196,-2.142299780478844,-1.795742690563202
99,single_feature_dominant_freq,197,-2.138860794214102,-1.8127898573875427
99,single_feature_dominant_freq,198,-2.148088821998009,-1.801421344280243
99,single_feature_dominant_freq,199,-2.1577591712658224,-1.7742732763290403
99,single_feature_dominant_freq,200,-2.151844153037438,-1.779264748096466
99,single_feature_dominant_freq,201,-2.1516405252309947,-1.806104063987732
99,single_feature_dominant_freq,202,-2.167470546869131,-1.7433514595031738
99,single_feature_dominant_freq,203,-2.1669857501983643,-1.7913865447044373
99,single_feature_dominant_freq,204,-2.1681192288031945,-1.8210046887397768
99,single_feature_dominant_freq,205,-2.1174733822162333,-1.7589910626411438
99,single_feature_hjorth_mobility,0,0.0678397136238905,-0.2268236801028251
99,single_feature_hjorth_mobility,1,-0.398976234289316,-0.5179746448993683
99,single_feature_hjorth_mobility,2,-0.6171893890087421,-0.6778703927993774
99,single_feature_hjorth_mobility,3,-0.7788486251464257,-0.8099715709686279
99,single_feature_hjorth_mobility,4,-0.9240112258837774,-0.9744594097137452
99,single_feature_hjorth_mobility,5,-1.0530967529003437,-1.0932986736297607
99,single_feature_hjorth_mobility,6,-1.1956050854462843,-1.2217437028884888
99,single_feature_hjorth_mobility,7,-1.3180302381515503,-1.3358853459358215
99,single_feature_hjorth_mobility,8,-1.4464353598081148,-1.4384993314743042
99,single_feature_hjorth_mobility,9,-1.583705764550429,-1.5844663381576538
99,single_feature_hjorth_mobility,10,-1.6854350291765654,-1.7145464420318604
99,single_feature_hjorth_mobility,11,-1.7882850812031672,-1.8417731523513796
99,single_feature_hjorth_mobility,12,-1.845047143789438,-1.8110110759735107
99,single_feature_hjorth_mobility,13,-1.9589714178672204,-1.9316805601119995
99,single_feature_hjorth_mobility,14,-2.0418807634940515,-1.996572971343994
99,single_feature_hjorth_mobility,15,-2.110868105521569,-2.079178094863892
99,single_feature_hjorth_mobility,16,-2.215667412831233,-2.2472552061080933
99,single_feature_hjorth_mobility,17,-2.273656698373648,-1.7755471467971802
99,single_feature_hjorth_mobility,18,-2.0062238436478834,-2.334383249282837
99,single_feature_hjorth_mobility,19,-2.321844981266902,-2.345895528793335
99,single_feature_hjorth_mobility,20,-2.279573312172523,-2.311286449432373
99,single_feature_hjorth_mobility,21,-2.3429059248704176,-2.196520447731018
99,single_feature_hjorth_mobility,22,-2.41278626368596,-2.3528140783309937
99,single_feature_hjorth_mobility,23,-2.441401958465576,-2.3691885471343994
99,single_feature_hjorth_mobility,24,-2.441170050547673,-2.4481546878814697
99,single_feature_hjorth_mobility,25,-2.563103565802941,-2.496936559677124
99,single_feature_hjorth_mobility,26,-2.576375025969285,-2.518304944038391
99,single_feature_hjorth_mobility,27,-2.6279038282541127,-2.6109496355056763
99,single_feature_hjorth_mobility,28,-2.6442032227149377,-2.6709890365600586
99,single_feature_hjorth_mobility,29,-2.684983088419988,-2.694446563720703
99,single_feature_hjorth_mobility,30,-2.6878259548774133,-2.6862701177597046
99,single_feature_hjorth_mobility,31,-2.7267211950742283,-2.589937806129456
99,single_feature_hjorth_mobility,32,-2.704471606474656,-2.576812505722046
99,single_feature_hjorth_mobility,33,-2.7058752866891718,-2.5969642400741577
99,single_feature_hjorth_mobility,34,-2.7640023048107443,-2.7570117712020874
99,single_feature_hjorth_mobility,35,-2.705375322928796,-1.9487935304641724
99,single_feature_hjorth_mobility,36,-2.627308258643517,-2.723471403121948
99,single_feature_hjorth_mobility,37,-2.69458532333374,-2.7086743116378784
99,single_feature_hjorth_mobility,38,-2.723824611076942,-2.5405319929122925
99,single_feature_hjorth_mobility,39,-2.7325787911048303,-2.7974560260772705
99,single_feature_hjorth_mobility,40,-2.752985660846417,-2.703253030776977
99,single_feature_hjorth_mobility,41,-2.7563063548161435,-2.499085545539856
99,single_feature_hjorth_mobility,42,-2.751844589526837,-2.7438074350357056
99,single_feature_hjorth_mobility,43,-2.77520412665147,-2.8035058975219727
99,single_feature_hjorth_mobility,44,-2.7871946554917555,-2.651000738143921
99,single_feature_hjorth_mobility,45,-2.802204077060406,-2.7997838258743286
99,single_feature_hjorth_mobility,46,-2.805607025439923,-2.6996405124664307
99,single_feature_hjorth_mobility,47,-2.8013898776127744,-2.5127774477005005
99,single_feature_hjorth_mobility,48,-2.8112805623274584,-2.823777318000793
99,single_feature_hjorth_mobility,49,-2.835115359379695,-2.796080470085144
99,single_feature_hjorth_mobility,50,-2.8345819069789004,-2.725353956222534
99,single_feature_hjorth_mobility,51,-2.8348414164323072,-2.835565090179444
99,single_feature_hjorth_mobility,52,-2.865221115259024,-2.819244861602783
99,single_feature_hjorth_mobility,53,-2.8712604229266825,-2.477415680885315
99,single_feature_hjorth_mobility,54,-2.8608520947969875,-2.850613832473755
99,single_feature_hjorth_mobility,55,-2.8935521015754118,-2.872899889945984
99,single_feature_hjorth_mobility,56,-2.8918296740605283,-2.695071220397949
99,single_feature_hjorth_mobility,57,-2.8924137078798733,-2.9164459705352783
99,single_feature_hjorth_mobility,58,-2.92602485876817,-2.81014347076416
99,single_feature_hjorth_mobility,59,-2.9050152485187235,-2.826359748840332
99,single_feature_hjorth_mobility,60,-2.917243297283466,-2.832696914672852
99,single_feature_hjorth_mobility,61,-2.924780093706571,-2.935874581336975
99,single_feature_hjorth_mobility,62,-2.948785158304068,-2.711819052696228
99,single_feature_hjorth_mobility,63,-2.943150740403396,-2.9615663290023804
99,single_feature_hjorth_mobility,64,-2.913999264056866,-2.9324392080307007
99,single_feature_hjorth_mobility,65,-3.0074397967411923,-2.898550748825073
99,single_feature_hjorth_mobility,66,-3.037241073755117,-2.9920125007629395
99,single_feature_hjorth_mobility,67,-2.990585235448984,-2.839718818664551
99,single_feature_hjorth_mobility,68,-3.019862853563749,-2.90702760219574
99,single_feature_hjorth_mobility,69,-2.9501954041994534,-2.789919137954712
99,single_feature_hjorth_mobility,70,-2.944817359630878,-2.951457977294922
99,single_feature_hjorth_mobility,71,-3.070701434062077,-2.994187116622925
99,single_feature_hjorth_mobility,72,-3.08446346796476,-3.0410672426223755
99,single_feature_hjorth_mobility,73,-3.068726136134221,-3.027371406555176
99,single_feature_hjorth_mobility,74,-2.99275174507728,-2.932399034500122
99,single_feature_hjorth_mobility,75,-3.0371698232797475,-3.016990065574646
99,single_feature_hjorth_mobility,76,-3.061166286468506,-2.911967635154724
99,single_feature_hjorth_mobility,77,-3.053374400505653,-2.8742531538009644
99,single_feature_hjorth_mobility,78,-3.060353004015409,-2.9643408060073853
99,single_feature_hjorth_mobility,79,-3.072711100945106,-3.0633368492126465
99,single_feature_hjorth_mobility,80,-3.095000487107497,-2.83846378326416
99,single_feature_hjorth_mobility,81,-3.060914534788865,-3.079080939292908
99,single_feature_hjorth_mobility,82,-3.08826468541072,-2.994251608848572
99,single_feature_hjorth_mobility,83,-3.09418458205003,-2.8305788040161133
99,single_feature_hjorth_mobility,84,-3.0823722802675686,-3.0244351625442505
99,single_feature_hjorth_mobility,85,-3.1062457194695106,-3.0737792253494263
99,single_feature_hjorth_mobility,86,-3.120203715104324,-2.9310919046401978
99,single_feature_hjorth_mobility,87,-3.1051167524777927,-3.053602457046509
99,single_feature_hjorth_mobility,88,-3.1273731818565955,-2.986610770225525
99,single_feature_hjorth_mobility,89,-3.1426153916579027,-2.750221610069275
99,single_feature_hjorth_mobility,90,-3.116029079143817,-3.0495047569274902
99,single_feature_hjorth_mobility,91,-3.134322698299701,-3.059915423393249
99,single_feature_hjorth_mobility,92,-3.138326773276696,-2.987760066986084
99,single_feature_hjorth_mobility,93,-3.1349654381091776,-3.121626257896424
99,single_feature_hjorth_mobility,94,-3.1436514854431152,-2.9016571044921875
99,single_feature_hjorth_mobility,95,-3.1430214735177846,-3.0287381410598755
99,single_feature_hjorth_mobility,96,-3.1782572086040792,-3.022938847541809
99,single_feature_hjorth_mobility,97,-3.205126028794509,-3.086016058921814
99,single_feature_hjorth_mobility,98,-3.2364030801332917,-3.050629138946533
99,single_feature_hjorth_mobility,99,-3.191392458402193,-2.9513468742370605
99,single_feature_hjorth_mobility,100,-3.093687369273259,-3.038167953491211
99,single_feature_hjorth_mobility,101,-3.163557896247277,-2.965800166130066
99,single_feature_hjorth_mobility,102,-3.1866450493152323,-3.1471354961395264
99,single_feature_hjorth_mobility,103,-3.188544200016902,-3.0706642866134644
99,single_feature_hjorth_mobility,104,-3.20262466944181,-2.8177285194396973
99,single_feature_hjorth_mobility,105,-3.176899818273691,-3.139369010925293
99,single_feature_hjorth_mobility,106,-3.204170887286846,-3.145384669303894
99,single_feature_hjorth_mobility,107,-3.1690675295316257,-3.018409848213196
99,single_feature_hjorth_mobility,108,-3.2399333990537205,-3.10454261302948
99,single_feature_hjorth_mobility,109,-3.1700997169201197,-3.1525880098342896
99,single_feature_hjorth_mobility,110,-3.296962077801044,-3.117324113845825
99,single_feature_hjorth_mobility,111,-3.2985759331629825,-3.1254764795303345
99,single_feature_hjorth_mobility,112,-3.2718085325681248,-3.137890577316284
99,single_feature_hjorth_mobility,113,-3.2583577082707333,-3.124436497688293
99,single_feature_hjorth_mobility,114,-3.1572562547830434,-3.11816680431366
99,single_feature_hjorth_mobility,115,-3.230747094521156,-3.0011794567108154
99,single_feature_hjorth_mobility,116,-3.2271722096663256,-3.121687412261963
99,single_feature_hjorth_mobility,117,-3.249281571461604,-3.0763940811157227
99,single_feature_hjorth_mobility,118,-3.260897636413574,-2.933459162712097
99,single_feature_hjorth_mobility,119,-3.222969330274142,-2.938751697540283
99,single_feature_hjorth_mobility,120,-3.23002028465271,-3.141237854957581
99,single_feature_hjorth_mobility,121,-3.251837216890775,-3.06114399433136
99,single_feature_hjorth_mobility,122,-3.2688027712015004,-3.1954233646392822
99,single_feature_hjorth_mobility,123,-3.29165007517888,-3.0390371084213257
99,single_feature_hjorth_mobility,124,-3.279889565247756,-2.972508192062378
99,single_feature_hjorth_mobility,125,-3.2717733749976525,-3.1810184717178345
99,single_feature_hjorth_mobility,126,-3.28126756961529,-3.170151233673096
99,single_feature_hjorth_mobility,127,-3.2774327168097863,-3.1213895082473755
99,single_feature_hjorth_mobility,128,-3.280313876958994,-3.2061097621917725
99,single_feature_hjorth_mobility,129,-3.3009374691889835,-3.0758036375045776
99,single_feature_hjorth_mobility,130,-3.2966285852285533,-2.9143006801605225
99,single_feature_hjorth_mobility,131,-3.276828875908485,-3.216593384742737
99,single_feature_hjorth_mobility,132,-3.2795581817626958,-3.1321370601654053
99,single_feature_hjorth_mobility,133,-3.281679795338557,-3.154946208000183
99,single_feature_hjorth_mobility,134,-3.350221982369056,-3.182226657867432
99,single_feature_hjorth_mobility,135,-3.3567326802473803,-3.185457229614258
99,single_feature_hjorth_mobility,136,-3.1983005083524265,-2.7687106132507324
99,single_feature_hjorth_mobility,137,-3.149142705477201,-2.969960927963257
99,single_feature_hjorth_mobility,138,-3.313132671209482,-3.157755851745605
99,single_feature_hjorth_mobility,139,-3.3607376905588,-3.2379844188690186
99,single_feature_hjorth_mobility,140,-3.363604784011841,-3.1416345834732056
99,single_feature_hjorth_mobility,141,-3.343568838559664,-3.1925902366638184
99,single_feature_hjorth_mobility,142,-3.360736791904156,-3.1997339725494385
99,single_feature_hjorth_mobility,143,-3.375558266272912,-3.1769959926605225
99,single_feature_hjorth_mobility,144,-3.41427834217365,-3.257007598876953
99,single_feature_hjorth_mobility,145,-3.323130314166729,-3.0922282934188843
99,single_feature_hjorth_mobility,146,-3.358804941177368,-3.3027127981185918
99,single_feature_hjorth_mobility,147,-3.402035878254817,-3.2336162328720093
99,single_feature_hjorth_mobility,148,-3.3698959350585938,-3.218423008918762
99,single_feature_hjorth_mobility,149,-3.3965554604163537,-3.1938403844833374
99,single_feature_hjorth_mobility,150,-3.394007004224337,-3.173236608505249
99,single_feature_hjorth_mobility,151,-3.4315809286557712,-3.26660704612732
99,single_feature_hjorth_mobility,152,-3.44408079294058,-3.0727726221084595
99,single_feature_hjorth_mobility,153,-3.437626765324519,-3.2699822187423706
99,single_feature_hjorth_mobility,154,-3.3953956090486965,-3.18999707698822
99,single_feature_hjorth_mobility,155,-3.42464410341703,-3.2552624940872192
99,single_feature_hjorth_mobility,156,-3.4374560759617734,-3.255209684371948
99,single_feature_hjorth_mobility,157,-3.4605271266056943,-3.2774572372436523
99,single_feature_hjorth_mobility,158,-3.451772671479445,-3.2763540744781494
99,single_feature_hjorth_mobility,159,-3.470142676280095,-3.295284509658813
99,single_feature_hjorth_mobility,160,-3.4801517633291392,-3.2546310424804688
99,single_feature_hjorth_mobility,161,-3.41905271089994,-3.1841185092926025
99,single_feature_hjorth_mobility,162,-3.4487189879784217,-3.287752866744995
99,single_feature_hjorth_mobility,163,-3.33225024663485,-3.174445867538452
99,single_feature_hjorth_mobility,164,-3.365700795100285,-3.104504108428955
99,single_feature_hjorth_mobility,165,-3.3862930077772875,-3.335280418395996
99,single_feature_hjorth_mobility,166,-3.4795262813568115,-3.2472541332244877
99,single_feature_hjorth_mobility,167,-3.4685296462132382,-3.140931248664856
99,single_feature_hjorth_mobility,168,-3.4565260226909933,-3.2856481075286865
99,single_feature_hjorth_mobility,169,-3.46596307020921,-3.283392429351806
99,single_feature_hjorth_mobility,170,-3.4756332544180064,-3.2632020711898804
99,single_feature_hjorth_mobility,171,-3.504928808945876,-3.306039333343506
99,single_feature_hjorth_mobility,172,-3.492440682191116,-3.1333930492401123
99,single_feature_hjorth_mobility,173,-3.375397828909067,-3.2605369091033936
99,single_feature_hjorth_mobility,174,-3.4898448907412014,-3.166430950164795
99,single_feature_hjorth_mobility,175,-3.478048838101901,-3.27038311958313
99,single_feature_hjorth_mobility,176,-3.4634119547330418,-3.238586664199829
99,single_feature_hjorth_mobility,177,-3.504806188436655,-3.274464726448059
99,single_feature_hjorth_mobility,178,-3.484297037124634,-3.304422736167908
99,single_feature_hjorth_mobility,179,-3.5127600706540623,-3.3365074396133423
99,single_feature_hjorth_mobility,180,-3.5300482236422024,-3.3182374238967896
99,single_feature_hjorth_mobility,181,-3.5297193710620585,-3.325805902481079
99,single_feature_hjorth_mobility,182,-3.51062510563777,-3.328413963317871
99,single_feature_hjorth_mobility,183,-3.545585760703453,-3.277108907699585
99,single_feature_hjorth_mobility,184,-3.508975487488967,-3.355275273323059
99,single_feature_hjorth_mobility,185,-3.437133844082172,-3.1490516662597656
99,single_feature_hjorth_mobility,186,-3.481108317008385,-3.334672212600708
99,single_feature_hjorth_mobility,187,-3.4920505560361423,-3.3167237043380737
99,single_feature_hjorth_mobility,188,-3.509262066621047,-3.165200471878052
99,single_feature_hjorth_mobility,189,-3.417177292016836,-3.3300992250442505
99,single_feature_hjorth_mobility,190,-3.427712202072144,-3.164776086807251
99,single_feature_hjorth_mobility,191,-3.452491430135874,-2.9816267490386963
99,single_feature_hjorth_mobility,192,-3.453126357151912,-3.230050206184387
99,single_feature_hjorth_mobility,193,-3.493763593526987,-3.220015287399292
99,single_feature_hjorth_mobility,194,-3.435720003568209,-3.225138306617737
99,single_feature_hjorth_mobility,195,-3.4307337540846605,-3.29910659790039
99,single_feature_hjorth_mobility,196,-3.455733629373404,-3.083386540412903
99,single_feature_hjorth_mobility,197,-3.4861945922558126,-3.3242146968841557
99,single_feature_hjorth_mobility,198,-3.564302004300631,-3.301188349723816
99,single_feature_hjorth_mobility,199,-3.5328363455258884,-3.317439317703247
99,single_feature_hjorth_mobility,200,-3.573020678300124,-3.3131754398345947
99,single_feature_hjorth_mobility,201,-3.5508386538578915,-3.3278011083602905
99,single_feature_hjorth_mobility,202,-3.520468051616962,-3.3390430212020874
99,single_feature_hjorth_mobility,203,-3.6016126596010647,-3.339815735816956
99,single_feature_hjorth_mobility,204,-3.568125376334557,-3.2931718826293945
99,single_feature_hjorth_mobility,205,-3.560556466762836,-3.301403403282165
99,single_feature_hjorth_mobility,206,-3.5533367670499363,-3.176706552505493
99,single_feature_hjorth_mobility,207,-3.4299214436457706,-3.3436962366104126
99,single_feature_hjorth_mobility,208,-3.4920673186962423,-3.2027385234832764
99,single_feature_hjorth_mobility,209,-3.5029829832223744,-3.1446996927261357
99,single_feature_hjorth_complexity,0,0.0956708757350078,-0.1869125887751579
99,single_feature_hjorth_complexity,1,-0.3494032311898011,-0.4416293501853943
99,single_feature_hjorth_complexity,2,-0.5351194349619058,-0.5869928598403931
99,single_feature_hjorth_complexity,3,-0.6785425314536462,-0.718114972114563
99,single_feature_hjorth_complexity,4,-0.8018295948322003,-0.843994677066803
99,single_feature_hjorth_complexity,5,-0.9158894603069012,-0.9634263813495636
99,single_feature_hjorth_complexity,6,-1.0324720648618846,-1.098200440406799
99,single_feature_hjorth_complexity,7,-1.146230670122,-1.1832458972930908
99,single_feature_hjorth_complexity,8,-1.2615085931924672,-1.2846547961235046
99,single_feature_hjorth_complexity,9,-1.3743079900741575,-1.4266656041145325
99,single_feature_hjorth_complexity,10,-1.471010950895456,-1.5044952630996704
99,single_feature_hjorth_complexity,11,-1.5714268134190486,-1.6070040464401243
99,single_feature_hjorth_complexity,12,-1.658713469138512,-1.670207142829895
99,single_feature_hjorth_complexity,13,-1.7393575723354633,-1.761975109577179
99,single_feature_hjorth_complexity,14,-1.775941390257615,-1.7445242404937744
99,single_feature_hjorth_complexity,15,-1.8625374482228203,-1.885126709938049
99,single_feature_hjorth_complexity,16,-1.8952241035608144,-1.7688893675804138
99,single_feature_hjorth_complexity,17,-1.882927151826712,-1.838653385639191
99,single_feature_hjorth_complexity,18,-1.974828921831571,-1.9330339431762693
99,single_feature_hjorth_complexity,19,-2.0532227754592896,-1.960907518863678
99,single_feature_hjorth_complexity,20,-2.0939525090731106,-2.0360511541366577
99,single_feature_hjorth_complexity,21,-2.0769847264656653,-2.082105875015259
99,single_feature_hjorth_complexity,22,-2.111184083498441,-2.0733120441436768
99,single_feature_hjorth_complexity,23,-2.1096300803698025,-2.12420392036438
99,single_feature_hjorth_complexity,24,-2.159289286686824,-2.168805718421936
99,single_feature_hjorth_complexity,25,-2.180702787179213,-2.071030020713806
99,single_feature_hjorth_complexity,26,-2.185013624338003,-2.1079314947128296
99,single_feature_hjorth_complexity,27,-2.277622883136456,-2.191484212875366
99,single_feature_hjorth_complexity,28,-2.2792497048011198,-2.2792210578918457
99,single_feature_hjorth_complexity,29,-2.311845045823317,-2.2491390705108643
99,single_feature_hjorth_complexity,30,-2.25630442912762,-2.2873315811157227
99,single_feature_hjorth_complexity,31,-2.351201240832989,-2.303758382797241
99,single_feature_hjorth_complexity,32,-2.292318481665391,-2.239876389503479
99,single_feature_hjorth_complexity,33,-2.358997234931359,-2.174353837966919
99,single_feature_hjorth_complexity,34,-2.287545057443472,-2.0972471237182617
99,single_feature_hjorth_complexity,35,-2.381465324988732,-2.3247528076171875
99,single_feature_hjorth_complexity,36,-2.4033545897557187,-2.278050661087036
99,single_feature_hjorth_complexity,37,-2.214975879742549,-2.221463680267334
99,single_feature_hjorth_complexity,38,-2.191922371204083,-2.16786789894104
99,single_feature_hjorth_complexity,39,-2.235171886590811,-2.013326108455658
99,single_feature_hjorth_complexity,40,-2.240929273458628,-2.23098373413086
99,single_feature_hjorth_complexity,41,-2.380640360025259,-2.3516488075256348
99,single_feature_hjorth_complexity,42,-2.397054727260883,-2.0257625579833984
99,single_feature_hjorth_complexity,43,-2.364456781974205,-2.3262078762054443
99,single_feature_hjorth_complexity,44,-2.449358518307025,-2.4192280769348145
99,single_feature_hjorth_complexity,45,-2.482334613800049,-2.3850643634796143
99,single_feature_hjorth_complexity,46,-2.47006447498615,-2.3684277534484863
99,single_feature_hjorth_complexity,47,-2.4969347623678355,-2.38279640674591
99,single_feature_hjorth_complexity,48,-2.489820462006789,-2.388779640197754
99,single_feature_hjorth_complexity,49,-2.459160804748535,-2.4330711364746094
99,single_feature_hjorth_complexity,50,-2.412194545452411,-2.2856709957122803
99,single_feature_hjorth_complexity,51,-2.5218022970052867,-2.424186587333679
99,single_feature_hjorth_complexity,52,-2.53321203818688,-2.4293607473373413
99,single_feature_hjorth_complexity,53,-2.499537853094248,-2.3530956506729126
99,single_feature_hjorth_complexity,54,-2.5013686510232778,-2.378233790397644
99,single_feature_hjorth_complexity,55,-2.500404596328736,-2.46007764339447
99,single_feature_hjorth_complexity,56,-2.525546037233793,-2.3215653896331787
99,single_feature_hjorth_complexity,57,-2.5063599256368785,-2.390482306480408
99,single_feature_hjorth_complexity,58,-2.5109038536365214,-2.436936378479004
99,single_feature_hjorth_complexity,59,-2.4992665144113397,-2.475994348526001
99,single_feature_hjorth_complexity,60,-2.5292985072502723,-2.330570936203003
99,single_feature_hjorth_complexity,61,-2.523892182570237,-2.479689598083496
99,single_feature_hjorth_complexity,62,-2.5353729724884038,-2.473703622817993
99,single_feature_hjorth_complexity,63,-2.559260350007277,-2.399953842163086
99,single_feature_hjorth_complexity,64,-2.4991246186769924,-2.4335882663726807
99,single_feature_hjorth_complexity,65,-2.5247992185445933,-2.388717293739319
99,single_feature_hjorth_complexity,66,-2.5255568394294152,-2.5169750452041626
99,single_feature_hjorth_complexity,67,-2.532512518075796,-2.464978814125061
99,single_feature_hjorth_complexity,68,-2.5527430864480825,-2.53003990650177
99,single_feature_hjorth_complexity,69,-2.5947647461524377,-2.45304536819458
99,single_feature_hjorth_complexity,70,-2.556857604246873,-2.2827030420303345
99,single_feature_hjorth_complexity,71,-2.537125752522395,-2.453131079673767
99,single_feature_hjorth_complexity,72,-2.6333932326390195,-2.514540791511536
99,single_feature_hjorth_complexity,73,-2.615235475393442,-2.508678674697876
99,single_feature_hjorth_complexity,74,-2.631452982242291,-2.518129110336304
99,single_feature_hjorth_complexity,75,-2.5433111740992618,-2.522352695465088
99,single_feature_hjorth_complexity,76,-2.627523037103506,-2.54056715965271
99,single_feature_hjorth_complexity,77,-2.5943568303034854,-2.45253849029541
99,single_feature_hjorth_complexity,78,-2.6257806557875414,-2.574884414672852
99,single_feature_hjorth_complexity,79,-2.6652254324692946,-2.550142884254456
99,single_feature_hjorth_complexity,80,-2.671258284495427,-2.557751417160034
99,single_feature_hjorth_complexity,81,-2.6469802306248598,-2.5159064531326294
99,single_feature_hjorth_complexity,82,-2.635853749055129,-2.470204591751098
99,single_feature_hjorth_complexity,83,-2.662107174213116,-2.522240400314331
99,single_feature_hjorth_complexity,84,-2.6800540410555325,-2.4838364124298096
99,single_feature_hjorth_complexity,85,-2.61288360448984,-2.556784987449646
99,single_feature_hjorth_complexity,86,-2.6385571589836707,-2.5183078050613403
99,single_feature_hjorth_complexity,87,-2.6713267473074107,-2.502568364143372
99,single_feature_hjorth_complexity,88,-2.5373353407933164,-2.5404751300811768
99,single_feature_hjorth_complexity,89,-2.4900417511279764,-2.487168073654175
99,single_feature_hjorth_complexity,90,-2.5100867564861598,-2.432472944259644
99,single_feature_hjorth_complexity,91,-2.666064812586858,-2.589900255203247
99,single_feature_hjorth_complexity,92,-2.716206037081205,-2.6143670082092285
99,single_feature_hjorth_complexity,93,-2.7242283454308143,-2.609535455703736
99,single_feature_hjorth_complexity,94,-2.724201587530283,-2.549771308898926
99,single_feature_hjorth_complexity,95,-2.7178730231065016,-2.626479387283325
99,single_feature_hjorth_complexity,96,-2.7142454110659084,-2.5483598709106445
99,single_feature_hjorth_complexity,97,-2.7251409017122707,-2.5373575687408447
99,single_feature_hjorth_complexity,98,-2.7268124176905704,-2.495455741882324
99,single_feature_hjorth_complexity,99,-2.656043731249296,-2.43163001537323
99,single_feature_hjorth_complexity,100,-2.6697263350853557,-2.56572163105011
99,single_feature_hjorth_complexity,101,-2.696402439704308,-2.499245047569275
99,single_feature_hjorth_complexity,102,-2.738520787312434,-2.552053213119507
99,single_feature_hjorth_complexity,103,-2.7311615210313063,-2.6256052255630493
99,single_feature_hjorth_complexity,104,-2.675343293410081,-2.5413615703582764
99,single_feature_hjorth_complexity,105,-2.6974656031681943,-2.518143892288208
99,single_feature_hjorth_complexity,106,-2.7376234164604774,-2.570849657058716
99,single_feature_hjorth_complexity,107,-2.7386694504664493,-2.5839381217956543
99,single_feature_hjorth_complexity,108,-2.7494511971106896,-2.616549134254456
99,single_feature_hjorth_complexity,109,-2.730554085511428,-2.554613709449768
99,single_feature_hjorth_complexity,110,-2.755056582964384,-2.5568193197250366
99,single_feature_hjorth_complexity,111,-2.742634259737455,-2.5720880031585693
99,single_feature_hjorth_complexity,112,-2.728506931891808,-2.580718755722046
99,single_feature_hjorth_complexity,113,-2.754863904072688,-2.6128692626953125
99,single_feature_hjorth_complexity,114,-2.7540867512042704,-2.67768669128418
99,single_feature_hjorth_complexity,115,-2.798466462355393,-2.563092350959778
99,single_feature_hjorth_complexity,116,-2.799220873759343,-2.666282534599304
99,single_feature_hjorth_complexity,117,-2.7937230513646054,-2.6864031553268437
99,single_feature_hjorth_complexity,118,-2.79381093612084,-2.6637213230133057
99,single_feature_hjorth_complexity,119,-2.772501523678119,-2.601327419281006
99,single_feature_hjorth_complexity,120,-2.7250842314500074,-2.6329824924468994
99,single_feature_hjorth_complexity,121,-2.744034583751972,-2.6355104446411133
99,single_feature_hjorth_complexity,122,-2.790912756553063,-2.6830146312713623
99,single_feature_hjorth_complexity,123,-2.810595420690684,-2.6256821155548096
99,single_feature_hjorth_complexity,124,-2.6164868428156924,-2.499603390693665
99,single_feature_hjorth_complexity,125,-2.694624479000385,-2.543110489845276
99,single_feature_hjorth_complexity,126,-2.75109810095567,-2.6641249656677246
99,single_feature_hjorth_complexity,127,-2.770434122819167,-2.6657830476760864
99,single_feature_hjorth_complexity,128,-2.776453715104324,-2.456878900527954
99,single_feature_hjorth_complexity,129,-2.7897156201876125,-2.6417157649993896
99,single_feature_hjorth_complexity,130,-2.7762029537787805,-2.600180387496948
99,single_feature_hjorth_complexity,131,-2.7939896950354943,-2.6227145195007324
99,single_feature_hjorth_complexity,132,-2.8274943828582764,-2.6613374948501587
99,single_feature_hjorth_complexity,133,-2.828401198753944,-2.70123291015625
99,single_feature_hjorth_complexity,134,-2.7932936595036435,-2.6406928300857544
99,single_feature_hjorth_complexity,135,-2.8346978517679067,-2.6352221965789795
99,single_feature_hjorth_complexity,136,-2.8047458208524265,-2.638359308242798
99,single_feature_hjorth_complexity,137,-2.796272094433124,-2.641636610031128
99,single_feature_hjorth_complexity,138,-2.7858722026531515,-2.6481765508651733
99,single_feature_hjorth_complexity,139,-2.855491418104905,-2.659808874130249
99,single_feature_hjorth_complexity,140,-2.8268265540783224,-2.690340042114258
99,single_feature_hjorth_complexity,141,-2.814467136676495,-2.6550220251083374
99,single_feature_hjorth_complexity,142,-2.8266464380117564,-2.549113392829895
99,single_feature_hjorth_complexity,143,-2.7663565232203555,-2.6482162475585938
99,single_feature_hjorth_complexity,144,-2.848037829765907,-2.664537787437439
99,single_feature_hjorth_complexity,145,-2.7393357203556943,-2.6824556589126587
99,single_feature_hjorth_complexity,146,-2.8536149171682506,-2.6489813327789307
99,single_feature_hjorth_complexity,147,-2.8613323798546424,-2.65618896484375
99,single_feature_hjorth_complexity,148,-2.8541038769942064,-2.702073812484741
99,single_feature_hjorth_complexity,149,-2.8355054488548865,-2.5901286602020264
99,single_feature_hjorth_complexity,150,-2.8269562537853536,-2.6886260509490967
99,single_feature_hjorth_complexity,151,-2.8473102312821608,-2.693615198135376
99,single_feature_hjorth_complexity,152,-2.877795916337233,-2.6276060342788696
99,single_feature_hjorth_complexity,153,-2.827470100842989,-2.6149606704711914
99,single_feature_hjorth_complexity,154,-2.84604208285992,-2.6252249479293823
99,single_feature_hjorth_complexity,155,-2.8917861534998965,-2.709275007247925
99,single_feature_hjorth_complexity,156,-2.857601422529954,-2.703285574913025
99,single_feature_hjorth_complexity,157,-2.794440562908466,-2.663305640220642
99,single_feature_hjorth_complexity,158,-2.8265672830434947,-2.5818960666656494
99,single_feature_hjorth_complexity,159,-2.8330746980813832,-2.72459876537323
99,single_feature_hjorth_complexity,160,-2.833338865867028,-2.700357675552368
99,single_feature_hjorth_complexity,161,-2.9099867894099307,-2.5773571729660034
99,single_feature_hjorth_complexity,162,-2.803345900315505,-2.670708656311035
99,single_feature_hjorth_complexity,163,-2.8368216844705434,-2.7227783203125
99,single_feature_hjorth_complexity,164,-2.8065722722273607,-2.6926101446151733
99,single_feature_hjorth_complexity,165,-2.871393112035898,-2.652658462524414
99,single_feature_hjorth_complexity,166,-2.8304774394402137,-2.6484512090682983
99,single_feature_hjorth_complexity,167,-2.8645179455096903,-2.709852695465088
99,single_feature_hjorth_complexity,168,-2.893682314799382,-2.7215951681137085
99,single_feature_hjorth_complexity,169,-2.9122052009289083,-2.729307770729065
99,single_feature_hjorth_complexity,170,-2.879821392206045,-2.710057020187378
99,single_feature_hjorth_complexity,171,-2.847490732486432,-2.6484384536743164
99,single_feature_hjorth_complexity,172,-2.8508684084965634,-2.718459367752075
99,single_feature_hjorth_complexity,173,-2.7486312572772684,-2.2914273738861084
99,single_feature_hjorth_complexity,174,-2.68988666167626,-2.520460247993469
99,single_feature_hjorth_complexity,175,-2.753541451234084,-2.692337393760681
99,single_feature_hjorth_complexity,176,-2.7613439559936523,-2.59234631061554
99,single_feature_hjorth_complexity,177,-2.7502680008228007,-2.512386202812195
99,single_feature_hjorth_complexity,178,-2.7679642347189097,-2.497009754180908
99,single_feature_hjorth_complexity,179,-2.7711603458111105,-2.7353299856185918
99,single_feature_hjorth_complexity,180,-2.7867032381204457,-2.657246351242065
99,single_feature_hjorth_complexity,181,-2.852214446434608,-2.707053542137146
99,single_feature_hjorth_complexity,182,-2.917824726838332,-2.671306848526001
99,single_feature_hjorth_complexity,183,-2.907049160737258,-2.6822911500930786
99,single_feature_hjorth_complexity,184,-2.922113070121178,-2.6599020957946777
99,single_feature_hjorth_complexity,185,-2.8915876975426307,-2.664674997329712
99,single_feature_hjorth_complexity,186,-2.863420981627244,-2.7159993648529053
99,single_feature_hjorth_complexity,187,-2.9176560181837816,-2.5749478340148926
99,single_feature_hjorth_complexity,188,-2.848344692817101,-2.5440300703048706
99,single_feature_hjorth_complexity,189,-2.8875628984891453,-2.648071050643921
99,single_feature_hjorth_complexity,190,-2.825248534862812,-2.47190260887146
99,single_feature_hjorth_complexity,191,-2.884707707625169,-2.665819525718689
99,single_feature_hjorth_complexity,192,-2.9212720027336707,-2.732791304588318
99,single_feature_hjorth_complexity,193,-2.9293349156012902,-2.6647915840148926
99,single_feature_hjorth_complexity,194,-2.9003823537092943,-2.652439832687378
99,single_feature_hjorth_complexity,195,-2.9345880288344164,-2.729769468307495
99,single_feature_hjorth_complexity,196,-2.9440374190990743,-2.6638182401657104
99,single_feature_hjorth_complexity,197,-2.9181808141561656,-2.738701820373535
99,single_feature_hjorth_complexity,198,-2.9515005441812368,-2.682945489883423
99,single_feature_hjorth_complexity,199,-2.890149006476769,-2.7108019590377808
99,single_feature_hjorth_complexity,200,-2.933643451103797,-2.724484086036682
99,single_feature_hjorth_complexity,201,-2.923973120175875,-2.706474184989929
99,single_feature_hjorth_complexity,202,-2.9437320965986986,-2.745773196220398
99,single_feature_hjorth_complexity,203,-2.9573330879211426,-2.7446537017822266
99,single_feature_hjorth_complexity,204,-2.9446583894582896,-2.721437692642212
99,single_feature_hjorth_complexity,205,-2.906550957606389,-2.6727218627929688
99,single_feature_hjorth_complexity,206,-2.9484597536233754,-2.726363182067871
99,single_feature_hjorth_complexity,207,-2.9487893214592567,-2.7599756717681885
99,single_feature_hjorth_complexity,208,-2.966752419104943,-2.7617443799972534
99,single_feature_hjorth_complexity,209,-2.924903777929453,-2.6783666610717773
99,single_feature_hjorth_complexity,210,-2.948771806863638,-2.719223022460937
99,single_feature_hjorth_complexity,211,-2.94434457558852,-2.7134987115859985
99,single_feature_hjorth_complexity,212,-2.8895857700934777,-2.7249172925949097
99,single_feature_hjorth_complexity,213,-2.975271390034602,-2.7518324851989746
99,single_feature_hjorth_complexity,214,-2.9712106998150167,-2.686402201652527
99,single_feature_hjorth_complexity,215,-2.9637833558596096,-2.7050811052322388
99,single_feature_hjorth_complexity,216,-2.9450750717749963,-2.7270700931549072
99,single_feature_hjorth_complexity,217,-2.977094631928664,-2.765513777732849
99,single_feature_hjorth_complexity,218,-2.905531351382916,-2.741087317466736
99,single_feature_hjorth_complexity,219,-2.9765531099759617,-2.712316870689392
99,single_feature_hjorth_complexity,220,-2.9554131031036377,-2.6732707023620605
99,single_feature_hjorth_complexity,221,-2.9937611726614146,-2.747308611869812
99,single_feature_hjorth_complexity,222,-2.944848922582773,-2.7041090726852417
99,single_feature_hjorth_complexity,223,-2.953681157185481,-2.7663395404815674
99,single_feature_hjorth_complexity,224,-2.9161969148195706,-2.612120509147644
99,single_feature_hjorth_complexity,225,-2.865719538468581,-2.7321248054504395
99,single_feature_hjorth_complexity,226,-2.9620984884408803,-2.7263176441192627
99,single_feature_hjorth_complexity,227,-2.9631501894730787,-2.790378332138061
99,single_feature_hjorth_complexity,228,-2.948978460752047,-2.716858983039856
99,single_feature_hjorth_complexity,229,-2.9080282541421743,-2.706087112426758
99,single_feature_hjorth_complexity,230,-2.945881825227004,-2.6072163581848145
99,single_feature_hjorth_complexity,231,-2.9686618401454044,-2.685491919517517
99,single_feature_hjorth_complexity,232,-2.933630026303805,-2.6970722675323486
99,single_feature_hjorth_complexity,233,-2.928678164115319,-2.704251766204834
99,single_feature_hjorth_complexity,234,-2.957199738575862,-2.768304467201233
99,single_feature_hjorth_complexity,235,-3.0294136084043064,-2.789233088493347
99,single_feature_hjorth_complexity,236,-3.013882563664363,-2.752928137779236
99,single_feature_hjorth_complexity,237,-2.995164889555711,-2.75583016872406
99,single_feature_hjorth_complexity,238,-2.9961458903092604,-2.766279935836792
99,single_feature_hjorth_complexity,239,-2.9610969836895285,-2.625784754753113
99,single_feature_hjorth_complexity,240,-2.943305859198937,-2.506508708000183
99,single_feature_hjorth_complexity,241,-2.950566842005803,-2.7766804695129395
99,single_feature_hjorth_complexity,242,-2.9992032601283145,-2.7537496089935303
99,single_feature_hjorth_complexity,243,-3.002146629186777,-2.694546580314636
99,single_feature_hjorth_complexity,244,-2.977914333343506,-2.7166703939437866
99,single_feature_hjorth_complexity,245,-3.0022415748009315,-2.7356566190719604
99,single_feature_hjorth_complexity,246,-3.015175434259268,-2.7439887523651123
99,single_feature_hjorth_complexity,247,-3.014504451018113,-2.713218092918396
99,single_feature_hjorth_complexity,248,-2.9412843814262977,-2.73416519165039
99,single_feature_hjorth_complexity,249,-2.9667077981508694,-2.724673867225647
99,single_feature_hjorth_complexity,250,-2.97693971487192,-2.65056574344635
99,single_feature_hjorth_complexity,251,-2.979400579745953,-2.7022337913513184
99,single_feature_hjorth_complexity,252,-2.997304072746864,-2.54077696800232
105,masked_npe,0,0.13613692470468008,-0.10035701468586922
105,masked_npe,1,-0.2415702469073809,-0.34422214329242706
105,masked_npe,2,-0.451539179453483,-0.5556153059005737
105,masked_npe,3,-0.61413541665444,-0.7014009058475494
105,masked_npe,4,-0.796247239296253,-0.8582602143287659
105,masked_npe,5,-0.9428063355959378,-1.0551878809928894
105,masked_npe,6,-1.0785169418041523,-1.1541293859481812
105,masked_npe,7,-1.2305964598288903,-1.2878328561782837
105,masked_npe,8,-1.3663043058835542,-1.384558618068695
105,masked_npe,9,-1.4551041584748488,-1.5371695160865784
105,masked_npe,10,-1.565776384793795,-1.6332289576530457
105,masked_npe,11,-1.5954188750340388,-1.6917903423309326
105,masked_npe,12,-1.744850149521461,-1.7150192856788635
105,masked_npe,13,-1.7282783526640673,-1.7216033339500427
105,masked_npe,14,-1.7691393357056837,-1.7758513689041138
105,masked_npe,15,-1.882707797563993,-1.8876685500144958
105,masked_npe,16,-1.8737828548137958,-1.7545307874679565
105,masked_npe,17,-1.9061421064230113,-1.9550988674163818
105,masked_npe,18,-1.943922996520996,-2.0108957290649414
105,masked_npe,19,-2.0495849756094127,-1.9641488790512085
105,masked_npe,20,-2.1102147835951586,-1.9965890645980835
105,masked_npe,21,-2.1222799924703746,-2.1760494709014893
105,masked_npe,22,-2.144760792072003,-2.0999999046325684
105,masked_npe,23,-2.1280137392190785,-2.120840907096863
105,masked_npe,24,-2.199196320313674,-2.2651913166046143
105,masked_npe,25,-2.2860070925492506,-2.352615237236023
105,masked_npe,26,-2.2895759435800405,-2.268037796020508
105,masked_npe,27,-2.3731802793649526,-2.2273881435394287
105,masked_npe,28,-2.323489005749042,-2.302527666091919
105,masked_npe,29,-2.3774266242980957,-2.4252400398254395
105,masked_npe,30,-2.3729160015399637,-2.3651177883148193
105,masked_npe,31,-2.4533501404982347,-2.285629987716675
105,masked_npe,32,-2.5036174884209266,-2.5310988426208496
105,masked_npe,33,-2.4994890689849854,-2.505067467689514
105,masked_npe,34,-2.5701626447530894,-2.5808656215667725
105,masked_npe,35,-2.6429615387549767,-2.5992006063461304
105,masked_npe,36,-2.625663555585421,-2.617480993270874
105,masked_npe,37,-2.694214710822472,-2.6650240421295166
105,masked_npe,38,-2.709200914089496,-2.626631021499634
105,masked_npe,39,-2.5855790284963756,-2.488196849822998
105,masked_npe,40,-2.646494150161743,-2.6095117330551147
105,masked_npe,41,-2.68689095056974,-2.7572587728500366
105,masked_npe,42,-2.777567276587853,-2.686066150665283
105,masked_npe,43,-2.8295149619762716,-2.7287344932556152
105,masked_npe,44,-2.8667310568002553,-2.8224655389785767
105,masked_npe,45,-2.8463680744171143,-2.835445761680603
105,masked_npe,46,-2.911131950525137,-2.7571046352386475
105,masked_npe,47,-2.9099547129410963,-2.9391069412231445
105,masked_npe,48,-2.887104951418363,-2.741200804710388
105,masked_npe,49,-2.8811272291036754,-2.784774422645569
105,masked_npe,50,-2.8621918238126316,-2.8048343658447266
105,masked_npe,51,-2.906812521127554,-2.9276301860809326
105,masked_npe,52,-3.064119265629695,-2.940834641456604
105,masked_npe,53,-3.0170002533839297,-3.0481866598129272
105,masked_npe,54,-3.089957383962778,-3.068671226501465
105,masked_npe,55,-3.1066958537468543,-3.111496925354004
105,masked_npe,56,-3.063362928537222,-3.1096065044403076
105,masked_npe,57,-3.061731448540321,-3.0869325399398804
105,masked_npe,58,-3.035534822023832,-2.9949634075164795
105,masked_npe,59,-3.078078710115873,-2.9870063066482544
105,masked_npe,60,-3.1146274713369517,-2.947155475616455
105,masked_npe,61,-3.0533656707176795,-3.1094772815704346
105,masked_npe,62,-3.1442671922536998,-3.163338780403137
105,masked_npe,63,-3.172085028428298,-3.1382964849472046
105,masked_npe,64,-3.22391310104957,-3.1353607177734375
105,masked_npe,65,-3.255954228914701,-3.221125841140747
105,masked_npe,66,-3.256864914527306,-3.1790603399276733
105,masked_npe,67,-3.283431658378014,-3.1896156072616577
105,masked_npe,68,-3.2755378576425405,-3.1572941541671753
105,masked_npe,69,-3.239128057773297,-3.4246746301651
105,masked_npe,70,-3.175951279126681,-3.25802481174469
105,masked_npe,71,-3.2671901262723484,-3.1977663040161133
105,masked_npe,72,-3.2990571902348447,-3.2673176527023315
105,masked_npe,73,-3.323298747722919,-3.263490915298462
105,masked_npe,74,-3.30426155603849,-3.397378921508789
105,masked_npe,75,-3.37588908122136,-3.3176658153533936
105,masked_npe,76,-3.416279279268705,-3.3305656909942627
105,masked_npe,77,-3.3950916070204515,-3.3682305812835693
105,masked_npe,78,-3.4901705521803637,-3.3745551109313965
105,masked_npe,79,-3.437837160550631,-3.3825405836105347
105,masked_npe,80,-3.5246387078211856,-3.545601963996887
105,masked_npe,81,-3.4176995204045224,-3.367928981781006
105,masked_npe,82,-3.4101028075585,-3.318525791168213
105,masked_npe,83,-3.4838869755084696,-3.3962279558181763
105,masked_npe,84,-3.505149877988375,-3.439835786819458
105,masked_npe,85,-3.492608528870803,-3.3811609745025635
105,masked_npe,86,-3.477191631610577,-3.384610414505005
105,masked_npe,87,-3.565816200696505,-3.471314311027527
105,masked_npe,88,-3.5822257078610935,-3.5286309719085693
105,masked_npe,89,-3.633418688407311,-3.5057820081710815
105,masked_npe,90,-3.5573977323678823,-3.5077223777770996
105,masked_npe,91,-3.5811283038212705,-3.51345157623291
105,masked_npe,92,-3.646550618685209,-3.556272268295288
105,masked_npe,93,-3.5926912747896633,-3.5116078853607178
105,masked_npe,94,-3.6312432839320254,-3.44411301612854
105,masked_npe,95,-3.619769279773419,-3.555444359779358
105,masked_npe,96,-3.6564137018643894,-3.5665385723114014
105,masked_npe,97,-3.5958300737234263,-3.5151678323745728
105,masked_npe,98,-3.689350073154156,-3.700526237487793
105,masked_npe,99,-3.7584204857165995,-3.643634557723999
105,masked_npe,100,-3.72717547416687,-3.5690038204193115
105,masked_npe,101,-3.7153296287243185,-3.629644989967346
105,masked_npe,102,-3.706419211167556,-3.7194461822509766
105,masked_npe,103,-3.6772149159358096,-3.575287103652954
105,masked_npe,104,-3.7876332172980676,-3.423928380012512
105,masked_npe,105,-3.771433921960684,-3.7068917751312256
105,masked_npe,106,-3.7526874909034142,-3.6719930171966553
105,masked_npe,107,-3.8394142297598033,-3.8045483827590942
105,masked_npe,108,-3.74234021626986,-3.680741548538208
105,masked_npe,109,-3.816877108353835,-3.785930037498474
105,masked_npe,110,-3.851157940351046,-3.653093695640564
105,masked_npe,111,-3.7973701587090125,-3.707245349884033
105,masked_npe,112,-3.7195193400749793,-3.7492274045944214
105,masked_npe,113,-3.8603525895338793,-3.5880393981933594
105,masked_npe,114,-3.870163624103253,-3.724972128868103
105,masked_npe,115,-3.8680647886716404,-3.720679521560669
105,masked_npe,116,-3.911351387317364,-3.6951966285705566
105,masked_npe,117,-3.890488734612098,-3.5681220293045044
105,masked_npe,118,-3.8937577100900502,-3.8967567682266235
105,masked_npe,119,-3.9873933975513163,-3.811172366142273
105,masked_npe,120,-3.976774472456712,-3.8313405513763428
105,masked_npe,121,-3.955764660468468,-3.7866755723953247
105,masked_npe,122,-3.964078609759991,-3.854731798171997
105,masked_npe,123,-3.9288832407731276,-3.809661865234375
105,masked_npe,124,-3.993858374082125,-3.891924023628235
105,masked_npe,125,-3.826348194709191,-3.6144766807556152
105,masked_npe,126,-3.9253044862013597,-3.928144693374634
105,masked_npe,127,-3.9833481495197,-3.823009729385376
105,masked_npe,128,-4.045697854115413,-3.933327794075012
105,masked_npe,129,-4.0731659302344685,-3.9568374156951904
105,masked_npe,130,-3.9431450917170596,-3.5386252403259277
105,masked_npe,131,-3.851275370671199,-3.732440233230591
105,masked_npe,132,-3.939388917042659,-3.69950270652771
105,masked_npe,133,-4.019807852231539,-3.8521021604537964
105,masked_npe,134,-4.116118632830107,-3.895146131515503
105,masked_npe,135,-3.982496976852417,-3.8360097408294678
105,masked_npe,136,-4.030659107061533,-3.870644450187683
105,masked_npe,137,-3.9917272421029897,-3.921724319458008
105,masked_npe,138,-4.120506543379563,-3.8516894578933716
105,masked_npe,139,-4.043249240288367,-3.878333568572998
105,masked_npe,140,-4.008514440976656,-3.926550269126892
105,masked_npe,141,-4.049127945533166,-3.929914355278015
105,masked_npe,142,-4.136818078848032,-4.00726854801178
105,masked_npe,143,-4.111331829657922,-3.8802759647369385
105,masked_npe,144,-4.076763464854314,-3.9524868726730347
105,masked_npe,145,-4.111477209971501,-3.8712247610092163
105,masked_npe,146,-4.0710823352520285,-3.8424301147460938
105,masked_npe,147,-4.071606159210205,-3.9789170026779175
105,masked_npe,148,-4.06971106162438,-3.9726274013519287
105,masked_npe,149,-4.08982959160438,-4.074250221252441
105,masked_npe,150,-4.168658073131855,-3.9313409328460693
105,masked_npe,151,-4.1289938779977655,-3.969594717025757
105,masked_npe,152,-4.282681024991549,-3.9956142902374268
105,masked_npe,153,-4.164725120250996,-4.073494911193848
105,masked_npe,154,-4.25815068758451,-4.036175608634949
105,masked_npe,155,-4.073057871598464,-4.035681486129761
105,masked_npe,156,-4.029813528060913,-3.7351160049438477
105,masked_npe,157,-4.013333118878878,-4.034666538238525
105,masked_npe,158,-4.181644696455735,-3.923012614250183
105,masked_npe,159,-4.137580174666184,-3.9746711254119873
105,masked_npe,160,-4.245243916144738,-4.164956569671631
105,masked_npe,161,-4.225776305565467,-4.065086364746094
105,masked_npe,162,-4.230967998504639,-3.8613553047180176
105,masked_npe,163,-4.185458751825186,-3.9986894130706787
105,masked_npe,164,-4.13302887403048,-3.9754526615142822
105,masked_npe,165,-4.226162635363066,-4.130516886711121
105,masked_npe,166,-4.196144800919753,-4.090668320655823
105,masked_npe,167,-4.313214962299053,-4.0281431674957275
105,masked_npe,168,-4.20039492387038,-4.067429542541504
105,masked_npe,169,-4.225796351066003,-4.134816408157349
105,masked_npe,170,-4.146847504835862,-3.9971401691436768
105,masked_npe,171,-4.245795048200167,-4.052615165710449
105,masked_npe,172,-4.257855653762817,-4.208250999450684
105,masked_npe,173,-4.289832078493559,-4.180701971054077
105,masked_npe,174,-4.236842375535232,-4.112903356552124
105,masked_npe,175,-4.407587418189416,-4.01202130317688
105,masked_npe,176,-4.243488788604736,-4.306046724319458
105,masked_npe,177,-4.3487102801983175,-4.133852481842041
105,masked_npe,178,-4.2523424075200005,-4.039177179336548
105,masked_npe,179,-4.329266804915208,-4.142559051513672
105,masked_npe,180,-4.3762706976670485,-4.151047706604004
105,masked_npe,181,-4.284706922677847,-4.103801965713501
105,masked_npe,182,-4.226416954627404,-3.9286210536956787
105,masked_npe,183,-4.201456803541917,-4.114911794662476
105,masked_npe,184,-4.3011279839735765,-4.2759552001953125
105,masked_npe,185,-4.217744937309852,-4.228285551071167
105,masked_npe,186,-4.311242837172288,-4.032573819160461
105,masked_npe,187,-4.219348907470703,-4.048922538757324
105,masked_npe,188,-4.3074528987591085,-4.189607620239258
105,masked_npe,189,-4.296898585099441,-4.237292289733887
105,masked_npe,190,-4.1809504215533915,-3.9005069732666016
105,masked_npe,191,-4.184268841376672,-4.1576831340789795
105,masked_npe,192,-4.311698766855093,-4.162866830825806
105,masked_npe,193,-4.39874425301185,-4.142120122909546
105,masked_npe,194,-4.38715700002817,-4.284036874771118
105,masked_npe,195,-4.350671034592849,-4.343858957290649
105,masked_npe,196,-4.412961739760179,-4.33850359916687
105,masked_npe,197,-4.353260076962984,-4.061509132385254
105,masked_npe,198,-4.347824775255644,-4.267310380935669
105,masked_npe,199,-4.351614401890681,-4.1531219482421875
105,masked_npe,200,-4.418793714963472,-4.309084415435791
105,masked_npe,201,-4.391795488504263,-4.423008918762207
105,masked_npe,202,-4.376380443572998,-4.23149037361145
105,masked_npe,203,-4.379768408261812,-4.153366565704346
105,masked_npe,204,-4.23544716835022,-4.248028039932251
105,masked_npe,205,-4.416151413550744,-4.3066933155059814
105,masked_npe,206,-4.347016481252817,-4.171647787094116
105,masked_npe,207,-4.468744534712571,-4.194586277008057
105,masked_npe,208,-4.415528737581694,-4.085571050643921
105,masked_npe,209,-4.331474505938017,-4.175915241241455
105,masked_npe,210,-4.380329352158767,-4.2395339012146
105,masked_npe,211,-4.325332751640906,-4.084826350212097
105,masked_npe,212,-4.497543775118315,-4.316204071044922
105,masked_npe,213,-4.495760660905105,-4.3549582958221436
105,masked_npe,214,-4.421239926264836,-4.428814649581909
105,masked_npe,215,-4.475256186265212,-4.187923431396484
105,masked_npe,216,-4.477059547717754,-4.274284839630127
105,masked_npe,217,-4.407741766709548,-4.345048904418945
105,masked_npe,218,-4.525717515211839,-4.39286208152771
105,masked_npe,219,-4.517640150510347,-4.400043964385986
105,masked_npe,220,-4.398283243179321,-3.715430736541748
105,masked_npe,221,-4.3716128789461575,-4.251991510391235
105,masked_npe,222,-4.414486738351675,-4.477317810058594
105,masked_npe,223,-4.512975179232084,-4.276219367980957
105,masked_npe,224,-4.4874402192922735,-4.357254266738892
105,masked_npe,225,-4.4710798630347615,-4.468008279800415
105,masked_npe,226,-4.446193364950327,-4.335469484329224
105,masked_npe,227,-4.477999210357666,-4.516894817352295
105,masked_npe,228,-4.403058675619272,-4.370512008666992
105,masked_npe,229,-4.529981759878305,-4.2901694774627686
105,masked_npe,230,-4.488758417276236,-4.2281153202056885
105,masked_npe,231,-4.417986246255728,-4.299624919891357
105,masked_npe,232,-4.413209291604849,-4.4164159297943115
105,masked_npe,233,-4.4150605568519,-4.344438791275024
105,masked_npe,234,-4.543339912707989,-4.242597579956055
105,masked_npe,235,-4.517628009502705,-4.405962705612183
105,masked_npe,236,-4.544531088608962,-4.550612211227417
105,masked_npe,237,-4.611341806558462,-4.374124765396118
105,masked_npe,238,-4.474187080676739,-4.447087526321411
105,masked_npe,239,-4.605543466714712,-4.414830923080444
105,masked_npe,240,-4.552028325887827,-4.336271524429321
105,masked_npe,241,-4.518339340503399,-4.390713691711426
105,masked_npe,242,-4.4060696088350735,-4.232349157333374
105,masked_npe,243,-4.4529817287738505,-4.533808708190918
105,masked_npe,244,-4.537646880516639,-4.239165782928467
105,masked_npe,245,-4.438387173872727,-4.327712535858154
105,masked_npe,246,-4.568317560049204,-4.234732627868652
105,masked_npe,247,-4.504947002117451,-4.325404405593872
105,masked_npe,248,-4.563125830430251,-4.276575803756714
105,masked_npe,249,-4.558026387141301,-4.360545873641968
105,masked_npe,250,-4.580764587108906,-4.412373304367065
105,masked_npe,251,-4.5529327025780315,-4.299530506134033
105,masked_npe,252,-4.506500684298002,-4.389536619186401
105,masked_npe,253,-4.546808426196758,-4.377625465393066
105,masked_npe,254,-4.5942199413593,-4.415971755981445
105,masked_npe,255,-4.627566961141733,-4.389374732971191
105,masked_npe,256,-4.606826158670279,-4.350606203079224
105,masked_npe,257,-4.553693037766677,-4.269563436508179
105,masked_npe,258,-4.608391945178692,-4.487923622131348
105,masked_npe,259,-4.625727213346041,-4.371814250946045
105,masked_npe,260,-4.621774269984319,-4.360361576080322
105,masked_npe,261,-4.668003559112549,-4.500477313995361
105,single_feature_skewness,0,0.06845836384365192,-0.19638188183307648
105,single_feature_skewness,1,-0.2879232420371129,-0.3725332021713257
105,single_feature_skewness,2,-0.46583539935258717,-0.526611864566803
105,single_feature_skewness,3,-0.6344411969184875,-0.7412361204624176
105,single_feature_skewness,4,-0.9033369513658377,-1.0579532980918884
105,single_feature_skewness,5,-1.1971274889432466,-1.3386391401290894
105,single_feature_skewness,6,-1.403697655751155,-1.4730654954910278
105,single_feature_skewness,7,-1.5263221263885498,-1.4872155785560608
105,single_feature_skewness,8,-1.5319300614870512,-1.6380885243415833
105,single_feature_skewness,9,-1.677666214796213,-1.6900299787521362
105,single_feature_skewness,10,-1.726010533479544,-1.6489943861961365
105,single_feature_skewness,11,-1.7355641218332143,-1.694888710975647
105,single_feature_skewness,12,-1.807353166433481,-1.7397359609603882
105,single_feature_skewness,13,-1.828883932187007,-1.7848591804504395
105,single_feature_skewness,14,-1.8624092432168813,-1.809816062450409
105,single_feature_skewness,15,-1.8606263124025786,-1.8505836725234985
105,single_feature_skewness,16,-1.8520369071226854,-1.7026575207710266
105,single_feature_skewness,17,-1.9048646963559663,-1.9229942560195923
105,single_feature_skewness,18,-1.9852363971563487,-1.9237186908721924
105,single_feature_skewness,19,-1.9943157892960768,-1.9670246839523315
105,single_feature_skewness,20,-1.9744827563946064,-1.9168298244476318
105,single_feature_skewness,21,-2.0019527215224047,-1.99284827709198
105,single_feature_skewness,22,-2.0281895032295814,-1.8654406070709229
105,single_feature_skewness,23,-2.0534778191493106,-2.0543172359466553
105,single_feature_skewness,24,-2.039196390372056,-1.7158363461494446
105,single_feature_skewness,25,-1.9574348284648015,-1.9755210876464844
105,single_feature_skewness,26,-2.094878453474778,-2.051620602607727
105,single_feature_skewness,27,-2.0788835195394664,-2.0175861120224
105,single_feature_skewness,28,-2.1418901773599477,-1.9195477962493896
105,single_feature_skewness,29,-2.1212705282064586,-2.099307656288147
105,single_feature_skewness,30,-2.144074164904081,-1.9850034713745117
105,single_feature_skewness,31,-2.123604095899142,-2.058221697807312
105,single_feature_skewness,32,-2.192098672573383,-2.110065460205078
105,single_feature_skewness,33,-2.222040084692148,-2.0910650491714478
105,single_feature_skewness,34,-2.2064681236560526,-2.1509159803390503
105,single_feature_skewness,35,-2.220083658511822,-2.1258554458618164
105,single_feature_skewness,36,-2.226508067204402,-2.1279687881469727
105,single_feature_skewness,37,-2.251574369577261,-2.1599977016448975
105,single_feature_skewness,38,-2.2814286855550914,-2.141441583633423
105,single_feature_skewness,39,-2.2666379305032582,-2.1581151485443115
105,single_feature_skewness,40,-2.278286420381986,-2.1154865026474
105,single_feature_skewness,41,-2.3084291494809666,-2.215533137321472
105,single_feature_skewness,42,-2.3333059824430027,-2.201812267303467
105,single_feature_skewness,43,-2.3398133241213284,-2.2271066904067993
105,single_feature_skewness,44,-2.3654612394479604,-2.254388928413391
105,single_feature_skewness,45,-2.3397230368394117,-1.8630499839782715
105,single_feature_skewness,46,-2.275797990652231,-2.229271650314331
105,single_feature_skewness,47,-2.364967914728018,-2.226658582687378
105,single_feature_skewness,48,-2.3483209793384257,-2.2766321897506714
105,single_feature_skewness,49,-2.3762455720167894,-2.193438172340393
105,single_feature_skewness,50,-2.3848150876852183,-2.2001010179519653
105,single_feature_skewness,51,-2.3744995777423563,-2.23135507106781
105,single_feature_skewness,52,-2.408957206285917,-2.246434450149536
105,single_feature_skewness,53,-2.410230361498319,-2.279792547225952
105,single_feature_skewness,54,-2.399459031911997,-2.161852240562439
105,single_feature_skewness,55,-2.38155852831327,-2.229766368865967
105,single_feature_skewness,56,-2.3782238226670485,-2.2416064739227295
105,single_feature_skewness,57,-2.370400538811317,-2.2356247901916504
105,single_feature_skewness,58,-2.432565010510958,-2.209474563598633
105,single_feature_skewness,59,-2.384834986466628,-2.078783392906189
105,single_feature_skewness,60,-2.4376102410829983,-2.287634491920471
105,single_feature_skewness,61,-2.4752768186422496,-2.3169515132904053
105,single_feature_skewness,62,-2.4581237389491153,-2.329756498336792
105,single_feature_skewness,63,-2.4724715122809777,-2.2648435831069946
105,single_feature_skewness,64,-2.465525718835684,-2.310274600982666
105,single_feature_skewness,65,-2.4493997463813195,-2.312659502029419
105,single_feature_skewness,66,-2.452191242804894,-2.3302067518234253
105,single_feature_skewness,67,-2.4513408220731296,-2.280535101890564
105,single_feature_skewness,68,-2.4792143198160024,-2.3247777223587036
105,single_feature_skewness,69,-2.487963603093074,-2.3260399103164673
105,single_feature_skewness,70,-2.4845353823441725,-2.2698241472244263
105,single_feature_skewness,71,-2.43826856979957,-2.2302303314208984
105,single_feature_skewness,72,-2.5253246747530422,-2.259792923927307
105,single_feature_skewness,73,-2.4506667027106652,-2.2844735383987427
105,single_feature_skewness,74,-2.453829985398513,-2.310640811920166
105,single_feature_skewness,75,-2.4710956536806545,-2.3295334577560425
105,single_feature_skewness,76,-2.52775999215933,-2.3459023237228394
105,single_feature_skewness,77,-2.5231048327225905,-2.3325222730636597
105,single_feature_skewness,78,-2.543110040517954,-2.3751553297042847
105,single_feature_skewness,79,-2.5286755928626428,-2.3422257900238037
105,single_feature_skewness,80,-2.5072478697850156,-2.3308796882629395
105,single_feature_skewness,81,-2.511798565204327,-2.3459150791168213
105,single_feature_skewness,82,-2.5653346868661733,-2.361136794090271
105,single_feature_skewness,83,-2.539085333163922,-2.3395628929138184
105,single_feature_skewness,84,-2.573628168839675,-2.3666073083877563
105,single_feature_skewness,85,-2.5625386788294864,-2.3412904739379883
105,single_feature_skewness,86,-2.5697499972123365,-2.4007115364074707
105,single_feature_skewness,87,-2.5358324417701135,-2.3185735940933228
105,single_feature_skewness,88,-2.5616181997152476,-2.3236762285232544
105,single_feature_skewness,89,-2.510729808073777,-2.3973666429519653
105,single_feature_skewness,90,-2.5641509936406064,-2.3305068016052246
105,single_feature_skewness,91,-2.5733178028693566,-2.4028098583221436
105,single_feature_skewness,92,-2.5216039510873647,-2.3764299154281616
105,single_feature_skewness,93,-2.5872704065763035,-2.339740753173828
105,single_feature_skewness,94,-2.5715650778550367,-2.427443027496338
105,single_feature_skewness,95,-2.5829369104825535,-2.3665894269943237
105,single_feature_skewness,96,-2.5883255921877346,-2.3629531860351562
105,single_feature_skewness,97,-2.5663177050077,-2.35198712348938
105,single_feature_skewness,98,-2.541075266324557,-2.3971023559570312
105,single_feature_skewness,99,-2.5996756737048807,-2.3550089597702026
105,single_feature_skewness,100,-2.5763979324927697,-2.409035563468933
105,single_feature_skewness,101,-2.569288180424617,-2.437445044517517
105,single_feature_skewness,102,-2.594161088650043,-2.4293538331985474
105,single_feature_skewness,103,-2.6008940660036526,-2.350230574607849
105,single_feature_skewness,104,-2.5897368834568906,-2.3602510690689087
105,single_feature_skewness,105,-2.6257761808542104,-2.3645511865615845
105,single_feature_skewness,106,-2.625632487810575,-2.3950120210647583
105,single_feature_skewness,107,-2.62169309762808,-2.3661916255950928
105,single_feature_skewness,108,-2.626250248688918,-2.4013237953186035
105,single_feature_skewness,109,-2.596487723864042,-2.423105835914612
105,single_feature_skewness,110,-2.6301358479719896,-2.381993532180786
105,single_feature_skewness,111,-2.6272530555725098,-2.3978993892669678
105,single_feature_skewness,112,-2.66214919090271,-2.41244637966156
105,single_feature_skewness,113,-2.628268370261559,-2.3641958236694336
105,single_feature_skewness,114,-2.6445946326622596,-2.4373594522476196
105,single_feature_skewness,115,-2.624815427339994,-2.4288705587387085
105,single_feature_skewness,116,-2.6653729585500865,-2.42929208278656
105,single_feature_skewness,117,-2.6810051661271315,-2.402581572532654
105,single_feature_skewness,118,-2.61588533108051,-2.4669766426086426
105,single_feature_skewness,119,-2.6550734776716967,-2.4002422094345093
105,single_feature_skewness,120,-2.6640400152940016,-2.3994882106781006
105,single_feature_skewness,121,-2.64560499558082,-2.365538001060486
105,single_feature_skewness,122,-2.6573665692256045,-2.3739571571350098
105,single_feature_skewness,123,-2.638896446961623,-2.436115860939026
105,single_feature_skewness,124,-2.6668270918039174,-2.4180110692977905
105,single_feature_skewness,125,-2.6810908867762637,-2.463305950164795
105,single_feature_skewness,126,-2.652206457578219,-2.3385400772094727
105,single_feature_skewness,127,-2.6201646144573507,-2.209367871284485
105,single_feature_skewness,128,-2.60138489649846,-2.2011959552764893
105,single_feature_skewness,129,-2.641444811454186,-2.4576534032821655
105,single_feature_skewness,130,-2.6889173067533054,-2.433365821838379
105,single_feature_skewness,131,-2.696935928784884,-2.4989300966262817
105,single_feature_skewness,132,-2.676446767953726,-2.407016396522522
105,single_feature_skewness,133,-2.6452856063842773,-2.450034737586975
105,single_feature_skewness,134,-2.6581172943115234,-2.477198600769043
105,single_feature_skewness,135,-2.641522627610427,-2.3887308835983276
105,single_feature_skewness,136,-2.675168899389414,-2.4758007526397705
105,single_feature_skewness,137,-2.6810553807478685,-2.46992564201355
105,single_feature_skewness,138,-2.658693423637977,-2.3936712741851807
105,single_feature_skewness,139,-2.6476440613086405,-2.390341877937317
105,single_feature_skewness,140,-2.62774841602032,-2.4498777389526367
105,single_feature_skewness,141,-2.6480372685652513,-2.3916765451431274
105,single_feature_skewness,142,-2.5906151074629564,-2.401066541671753
105,single_feature_skewness,143,-2.68221561725323,-2.4676055908203125
105,single_feature_skewness,144,-2.6894464676196757,-2.4159579277038574
105,single_feature_skewness,145,-2.6970010720766506,-2.375421643257141
105,single_feature_skewness,146,-2.6954767337212195,-2.483604907989502
105,single_feature_skewness,147,-2.6914058465224047,-2.41440486907959
105,single_feature_skewness,148,-2.696833995672373,-2.518601655960083
105,single_feature_skewness,149,-2.6830781423128567,-2.47256076335907
105,single_feature_skewness,150,-2.6773514931018534,-2.4018287658691406
105,single_feature_skewness,151,-2.666257858276367,-2.435686230659485
105,single_feature_skewness,152,-2.6490056881537805,-2.3994903564453125
105,single_feature_skewness,153,-2.6933225301595836,-2.4999278783798218
105,single_feature_skewness,154,-2.7410029631394606,-2.4494293928146362
105,single_feature_skewness,155,-2.732474822264451,-2.5035805702209473
105,single_feature_skewness,156,-2.7158431089841404,-2.3589471578598022
105,single_feature_skewness,157,-2.69153486765348,-2.4012657403945923
105,single_feature_skewness,158,-2.714639351918147,-2.442228674888611
105,single_feature_skewness,159,-2.740207085242638,-2.4290735721588135
105,single_feature_skewness,160,-2.7203756479116588,-2.533494234085083
105,single_feature_skewness,161,-2.746847005990835,-2.4422032833099365
105,single_feature_skewness,162,-2.723238779948308,-2.5009891986846924
105,single_feature_skewness,163,-2.7511175045600305,-2.471503734588623
105,single_feature_skewness,164,-2.7471949687370887,-2.3704782724380493
105,single_feature_skewness,165,-2.737077969771165,-2.38498854637146
105,single_feature_skewness,166,-2.7095856299767127,-2.4046162366867065
105,single_feature_skewness,167,-2.7066268003903904,-2.325695514678955
105,single_feature_skewness,168,-2.6952665402339053,-2.4796711206436157
105,single_feature_skewness,169,-2.755610025846041,-2.495845317840576
105,single_feature_skewness,170,-2.7640964801494894,-2.441773772239685
105,single_feature_skewness,171,-2.7062983146080604,-2.39365017414093
105,single_feature_skewness,172,-2.7203687704526462,-2.4901801347732544
105,single_feature_skewness,173,-2.734533053178054,-2.4714787006378174
105,single_feature_skewness,174,-2.7233702769646277,-2.438352108001709
105,single_feature_skewness,175,-2.7566036994640646,-2.4602320194244385
105,single_feature_skewness,176,-2.7119398483863244,-2.4325931072235107
105,single_feature_skewness,177,-2.759983851359441,-2.4084179401397705
105,single_feature_skewness,178,-2.686936323459332,-2.5101786851882935
105,single_feature_skewness,179,-2.7768418238713193,-2.4164446592330933
105,single_feature_skewness,180,-2.7739326587090125,-2.4173812866210938
105,single_feature_skewness,181,-2.7839422776148868,-2.4856905937194824
105,single_feature_skewness,182,-2.757213042332576,-2.436393976211548
105,single_feature_skewness,183,-2.771928255374615,-2.427863597869873
105,single_feature_skewness,184,-2.709070242368258,-2.3026123046875
105,single_feature_skewness,185,-2.731801381477943,-2.494010329246521
105,single_feature_kurtosis,0,0.06861485526538812,-0.19586867839097977
105,single_feature_kurtosis,1,-0.27738762016479784,-0.38295112550258636
105,single_feature_kurtosis,2,-0.43928306377851045,-0.4880293011665344
105,single_feature_kurtosis,3,-0.5442964663872352,-0.6008546352386475
105,single_feature_kurtosis,4,-0.6413022738236648,-0.6866752803325653
105,single_feature_kurtosis,5,-0.7183875624950116,-0.7637288272380829
105,single_feature_kurtosis,6,-0.7877088968570416,-0.8266042470932007
105,single_feature_kurtosis,7,-0.8562613588113052,-0.8866790235042572
105,single_feature_kurtosis,8,-0.9192933119260348,-0.9500868916511536
105,single_feature_kurtosis,9,-0.9823037248391372,-1.0293956995010376
105,single_feature_kurtosis,10,-1.0644687139070952,-1.0961039066314697
105,single_feature_kurtosis,11,-1.144117602935204,-1.1846797466278076
105,single_feature_kurtosis,12,-1.2435792134358332,-1.2681362628936768
105,single_feature_kurtosis,13,-1.325954978282635,-1.3685072660446167
105,single_feature_kurtosis,14,-1.4112324714660645,-1.430088460445404
105,single_feature_kurtosis,15,-1.4453600645065308,-1.5119017362594604
105,single_feature_kurtosis,16,-1.4977443126531749,-1.3174558877944946
105,single_feature_kurtosis,17,-1.5411760531938994,-1.6125878691673279
105,single_feature_kurtosis,18,-1.607540460733267,-1.5758452415466309
105,single_feature_kurtosis,19,-1.6500583703701313,-1.6397701501846313
105,single_feature_kurtosis,20,-1.629750315959637,-1.6150637865066528
105,single_feature_kurtosis,21,-1.6697857471612783,-1.6647499203681946
105,single_feature_kurtosis,22,-1.71113016972175,-1.679141640663147
105,single_feature_kurtosis,23,-1.6801919295237615,-1.7182979583740234
105,single_feature_kurtosis,24,-1.732509209559514,-1.708956241607666
105,single_feature_kurtosis,25,-1.7735235599371104,-1.7280684113502502
105,single_feature_kurtosis,26,-1.7972497298167303,-1.7170718312263489
105,single_feature_kurtosis,27,-1.8122688623575063,-1.7909831404685974
105,single_feature_kurtosis,28,-1.8614991169709425,-1.7328954935073853
105,single_feature_kurtosis,29,-1.796017940227802,-1.834757685661316
105,single_feature_kurtosis,30,-1.8706665864357581,-1.6582984328269958
105,single_feature_kurtosis,31,-1.8737519520979662,-1.8811817169189453
105,single_feature_kurtosis,32,-1.9358106301381037,-1.8932138681411743
105,single_feature_kurtosis,33,-1.9296741118797889,-1.8040867447853088
105,single_feature_kurtosis,34,-1.9566207115466778,-1.8292120695114136
105,single_feature_kurtosis,35,-1.9850378403296838,-1.8924152255058289
105,single_feature_kurtosis,36,-2.0015181578122654,-1.916494607925415
105,single_feature_kurtosis,37,-1.9973305555490346,-1.89642733335495
105,single_feature_kurtosis,38,-1.9882941062633808,-1.9893283247947693
105,single_feature_kurtosis,39,-2.018931608933669,-1.9470080733299255
105,single_feature_kurtosis,40,-2.0350214426334086,-1.960100531578064
105,single_feature_kurtosis,41,-2.068072410730215,-1.984531044960022
105,single_feature_kurtosis,42,-2.08743298970736,-2.015336275100708
105,single_feature_kurtosis,43,-2.07820516366225,-1.8771656155586243
105,single_feature_kurtosis,44,-2.11620870920328,-2.051714062690735
105,single_feature_kurtosis,45,-2.108472072161161,-2.0326087474823
105,single_feature_kurtosis,46,-2.088133665231558,-1.9510261416435242
105,single_feature_kurtosis,47,-2.1146778143369236,-2.023937702178955
105,single_feature_kurtosis,48,-2.1186571488013635,-2.0380665063858032
105,single_feature_kurtosis,49,-2.16244022662823,-2.0501484274864197
105,single_feature_kurtosis,50,-2.1866173377403846,-2.0255227088928223
105,single_feature_kurtosis,51,-2.1893287622011623,-2.089304208755493
105,single_feature_kurtosis,52,-2.1781262984642615,-1.9977129101753235
105,single_feature_kurtosis,53,-2.148822472645686,-1.9976348280906677
105,single_feature_kurtosis,54,-2.1669257420759935,-2.100519061088562
105,single_feature_kurtosis,55,-2.203233242034912,-2.048663020133972
105,single_feature_kurtosis,56,-2.225714004956759,-2.0769518613815308
105,single_feature_kurtosis,57,-2.231927431546725,-2.0713754892349243
105,single_feature_kurtosis,58,-2.1782095432281494,-2.0677764415740967
105,single_feature_kurtosis,59,-2.231024595407339,-2.083972215652466
105,single_feature_kurtosis,60,-2.262938481110793,-2.074587345123291
105,single_feature_kurtosis,61,-2.2199774338648868,-2.078127145767212
105,single_feature_kurtosis,62,-2.2636288496164174,-2.0999534130096436
105,single_feature_kurtosis,63,-2.2772980286524844,-2.115744948387146
105,single_feature_kurtosis,64,-2.270030370125404,-2.1376885175704956
105,single_feature_kurtosis,65,-2.259765863418579,-2.0739837884902954
105,single_feature_kurtosis,66,-2.26737117767334,-2.1221667528152466
105,single_feature_kurtosis,67,-2.2856839253352237,-2.160766839981079
105,single_feature_kurtosis,68,-2.287272710066575,-2.120303988456726
105,single_feature_kurtosis,69,-2.291376700768104,-2.059329390525818
105,single_feature_kurtosis,70,-2.3142466361706076,-2.1433593034744263
105,single_feature_kurtosis,71,-2.309678792953491,-2.1284490823745728
105,single_feature_kurtosis,72,-2.318419181383573,-2.132541298866272
105,single_feature_kurtosis,73,-2.3050160774817834,-2.1649110317230225
105,single_feature_kurtosis,74,-2.341600436430711,-2.18398654460907
105,single_feature_kurtosis,75,-2.3363553560697117,-2.1399823427200317
105,single_feature_kurtosis,76,-2.3334104464604306,-2.163193941116333
105,single_feature_kurtosis,77,-2.352111577987671,-2.16615629196167
105,single_feature_kurtosis,78,-2.3533444221203146,-2.1491039991378784
105,single_feature_kurtosis,79,-2.3683560628157396,-2.067216396331787
105,single_feature_kurtosis,80,-2.361916890511146,-2.1783626079559326
105,single_feature_kurtosis,81,-2.378154461200421,-2.0928362607955933
105,single_feature_kurtosis,82,-2.3771823919736423,-2.1256933212280273
105,single_feature_kurtosis,83,-2.382329684037429,-2.1412744522094727
105,single_feature_kurtosis,84,-2.3922653748438907,-2.1700326204299927
105,single_feature_kurtosis,85,-2.37599227978633,-2.1410725116729736
105,single_feature_kurtosis,86,-2.3891614217024584,-2.1969274282455444
105,single_feature_kurtosis,87,-2.392380824455848,-2.145971894264221
105,single_feature_kurtosis,88,-2.4003239228175235,-2.2046380043029785
105,single_feature_kurtosis,89,-2.3953520334683933,-2.144567608833313
105,single_feature_kurtosis,90,-2.363570891893827,-2.1900676488876343
105,single_feature_kurtosis,91,-2.3709242710700402,-2.1572355031967163
105,single_feature_kurtosis,92,-2.382047799917368,-2.17712664604187
105,single_feature_kurtosis,93,-2.3644146002255955,-2.1776106357574463
105,single_feature_kurtosis,94,-2.3839613841130185,-2.182699680328369
105,single_feature_kurtosis,95,-2.394370885995718,-2.196117401123047
105,single_feature_kurtosis,96,-2.413586818254911,-2.206157684326172
105,single_feature_kurtosis,97,-2.389425442768977,-2.180438756942749
105,single_feature_kurtosis,98,-2.426367264527541,-2.153713583946228
105,single_feature_kurtosis,99,-2.428550408436702,-2.1824135780334473
105,single_feature_kurtosis,100,-2.425990049655621,-2.1946218013763428
105,single_feature_kurtosis,101,-2.4315428000230055,-2.132431387901306
105,single_feature_kurtosis,102,-2.3941578498253455,-2.2240679264068604
105,single_feature_kurtosis,103,-2.4275584404285135,-2.1822606325149536
105,single_feature_kurtosis,104,-2.4353989087618313,-2.207382082939148
105,single_feature_kurtosis,105,-2.45461551959698,-2.207143187522888
105,single_feature_kurtosis,106,-2.4089961235339823,-2.21195125579834
105,single_feature_kurtosis,107,-2.437713091190045,-2.1991147994995117
105,single_feature_kurtosis,108,-2.4448321782625637,-2.2374833822250366
105,single_feature_kurtosis,109,-2.468708405127892,-2.210420608520508
105,single_feature_kurtosis,110,-2.456250759271475,-2.179129123687744
105,single_feature_kurtosis,111,-2.474687796372634,-2.1538140773773193
105,single_feature_kurtosis,112,-2.474514392706064,-2.2341896295547485
105,single_feature_kurtosis,113,-2.4651257258195143,-2.193948745727539
105,single_feature_kurtosis,114,-2.47645510160006,-2.2079375982284546
105,single_feature_kurtosis,115,-2.4860301201160135,-2.2365596294403076
105,single_feature_kurtosis,116,-2.459887742996216,-2.2135777473449707
105,single_feature_kurtosis,117,-2.469701748627883,-2.2200628519058228
105,single_feature_kurtosis,118,-2.462883765880878,-2.1905593872070312
105,single_feature_kurtosis,119,-2.4561568957108717,-2.1553754806518555
105,single_feature_kurtosis,120,-2.4917656091543345,-2.1705081462860107
105,single_feature_kurtosis,121,-2.4831876204564023,-2.195631742477417
105,single_feature_kurtosis,122,-2.4779935433314395,-2.1637704372406006
105,single_feature_kurtosis,123,-2.510754658625676,-2.207519054412842
105,single_feature_kurtosis,124,-2.49883483006404,-2.184844732284546
105,single_feature_kurtosis,125,-2.452049805567815,-2.2064894437789917
105,single_feature_kurtosis,126,-2.4524288177490234,-2.2660564184188843
105,single_feature_kurtosis,127,-2.4803015085367055,-2.2872650623321533
105,single_feature_kurtosis,128,-2.4863830162928653,-2.252171754837036
105,single_feature_kurtosis,129,-2.50395994919997,-2.227856755256653
105,single_feature_kurtosis,130,-2.506556675984309,-2.2063493728637695
105,single_feature_kurtosis,131,-2.531137044613178,-2.220513105392456
105,single_feature_kurtosis,132,-2.499059163607084,-2.2182133197784424
105,single_feature_kurtosis,133,-2.523478709734403,-2.2661185264587402
105,single_feature_kurtosis,134,-2.516796350479126,-2.1894257068634033
105,single_feature_kurtosis,135,-2.495403143075796,-2.2095353603363037
105,single_feature_kurtosis,136,-2.5201332018925595,-2.180567502975464
105,single_feature_kurtosis,137,-2.532217704332792,-2.2212932109832764
105,single_feature_kurtosis,138,-2.547556528678307,-2.225310206413269
105,single_feature_kurtosis,139,-2.5582308219029355,-2.2369942665100098
105,single_feature_kurtosis,140,-2.5291401789738583,-2.2589609622955322
105,single_feature_kurtosis,141,-2.52955515568073,-2.1955580711364746
105,single_feature_kurtosis,142,-2.5274638396043043,-2.1236060857772827
105,single_feature_kurtosis,143,-2.4876919159522424,-2.2370197772979736
105,single_feature_kurtosis,144,-2.556534638771644,-2.2274208068847656
105,single_feature_kurtosis,145,-2.5082928584172177,-2.1693276166915894
105,single_feature_kurtosis,146,-2.5333629571474514,-2.2396204471588135
105,single_feature_kurtosis,147,-2.5624428345606876,-2.2693487405776978
105,single_feature_kurtosis,148,-2.5591486417330227,-2.283312678337097
105,single_feature_kurtosis,149,-2.5666824670938344,-2.2548757791519165
105,single_feature_kurtosis,150,-2.5547670401059666,-2.236342668533325
105,single_feature_kurtosis,151,-2.5683295176579404,-2.2249257564544678
105,single_feature_kurtosis,152,-2.5669301473177395,-2.206960439682007
105,single_feature_spectral_slope,0,-0.013516290543171076,-0.28487473726272583
105,single_feature_spectral_slope,1,-0.4374063565180852,-0.5400132536888123
105,single_feature_spectral_slope,2,-0.673206104682042,-0.7008891701698303
105,single_feature_spectral_slope,3,-0.8568868912183322,-0.8579744100570679
105,single_feature_spectral_slope,4,-1.021602240892557,-0.9725454747676849
105,single_feature_spectral_slope,5,-1.1449739199418287,-1.094499409198761
105,single_feature_spectral_slope,6,-1.223755983205942,-1.1482083201408386
105,single_feature_spectral_slope,7,-1.280187726020813,-1.2218097448349
105,single_feature_spectral_slope,8,-1.3334415142352765,-1.2490750551223755
105,single_feature_spectral_slope,9,-1.3612206807503333,-1.2733493447303772
105,single_feature_spectral_slope,10,-1.4040540089974036,-1.3149410486221313
105,single_feature_spectral_slope,11,-1.4227453561929555,-1.3385521173477173
105,single_feature_spectral_slope,12,-1.4444176600529597,-1.3542229533195496
105,single_feature_spectral_slope,13,-1.463051832639254,-1.33538019657135
105,single_feature_spectral_slope,14,-1.4760758785101085,-1.3375285267829895
105,single_feature_spectral_slope,15,-1.4724991688361535,-1.3764708042144775
105,single_feature_spectral_slope,16,-1.5159103045096765,-1.4355184435844421
105,single_feature_spectral_slope,17,-1.529051056275001,-1.438140869140625
105,single_feature_spectral_slope,18,-1.559809006177462,-1.4348781108856201
105,single_feature_spectral_slope,19,-1.575542422441336,-1.4559876918792725
105,single_feature_spectral_slope,20,-1.5827576563908503,-1.4851912260055542
105,single_feature_spectral_slope,21,-1.60439539872683,-1.5076462030410767
105,single_feature_spectral_slope,22,-1.6360522416921763,-1.479137897491455
105,single_feature_spectral_slope,23,-1.6404191714066725,-1.5195547938346863
105,single_feature_spectral_slope,24,-1.6673095776484563,-1.5368870496749878
105,single_feature_spectral_slope,25,-1.6732194790473351,-1.5297883749008179
105,single_feature_spectral_slope,26,-1.6864767716481135,-1.5873774886131287
105,single_feature_spectral_slope,27,-1.719409777567937,-1.576233983039856
105,single_feature_spectral_slope,28,-1.7220869339429414,-1.608359158039093
105,single_feature_spectral_slope,29,-1.7346532344818115,-1.6215506792068481
105,single_feature_spectral_slope,30,-1.7654326970760639,-1.6264506578445435
105,single_feature_spectral_slope,31,-1.7683190474143395,-1.6359538435935974
105,single_feature_spectral_slope,32,-1.7813205535595233,-1.668991506099701
105,single_feature_spectral_slope,33,-1.7907133927712073,-1.6114615201950073
105,single_feature_spectral_slope,34,-1.8049687238839955,-1.6627588272094727
105,single_feature_spectral_slope,35,-1.8032229405183058,-1.672574758529663
105,single_feature_spectral_slope,36,-1.8101576016499445,-1.690967321395874
105,single_feature_spectral_slope,37,-1.8327751893263597,-1.692715585231781
105,single_feature_spectral_slope,38,-1.8326157973362849,-1.6793931722640991
105,single_feature_spectral_slope,39,-1.8393403383401723,-1.6805679202079773
105,single_feature_spectral_slope,40,-1.853982320198646,-1.6900520324707031
105,single_feature_spectral_slope,41,-1.8543593883514404,-1.7001098990440369
105,single_feature_spectral_slope,42,-1.846719585932218,-1.7039688229560852
105,single_feature_spectral_slope,43,-1.84574228983659,-1.7048892974853516
105,single_feature_spectral_slope,44,-1.8621094593634973,-1.7138574123382568
105,single_feature_spectral_slope,45,-1.8698557798679059,-1.6986660957336426
105,single_feature_spectral_slope,46,-1.8672017409251287,-1.7234829664230347
105,single_feature_spectral_slope,47,-1.880903592476478,-1.7274752855300903
105,single_feature_spectral_slope,48,-1.8953947195639977,-1.7650868892669678
105,single_feature_spectral_slope,49,-1.8939839509817271,-1.7169416546821594
105,single_feature_spectral_slope,50,-1.8957933187484741,-1.7517402172088623
105,single_feature_spectral_slope,51,-1.903947637631343,-1.7124363780021667
105,single_feature_spectral_slope,52,-1.8854834116422212,-1.7472829222679138
105,single_feature_spectral_slope,53,-1.903734537271353,-1.7619744539260864
105,single_feature_spectral_slope,54,-1.8915736400164092,-1.755756437778473
105,single_feature_spectral_slope,55,-1.9058835323040302,-1.7736510634422302
105,single_feature_spectral_slope,56,-1.9180104090617254,-1.7693884372711182
105,single_feature_spectral_slope,57,-1.9239728359075694,-1.7533293962478638
105,single_feature_spectral_slope,58,-1.9265888287470891,-1.7701919674873352
105,single_feature_spectral_slope,59,-1.9299043416976929,-1.7778945565223694
105,single_feature_spectral_slope,60,-1.929423295534574,-1.7809711694717407
105,single_feature_spectral_slope,61,-1.9350687723893385,-1.7780766487121582
105,single_feature_spectral_slope,62,-1.951253313284654,-1.7631635665893555
105,single_feature_spectral_slope,63,-1.9501152497071486,-1.801949143409729
105,single_feature_spectral_slope,64,-1.9556263868625348,-1.7949634790420532
105,single_feature_spectral_slope,65,-1.9597497811684241,-1.802927315235138
105,single_feature_spectral_slope,66,-1.9693994705493634,-1.765308916568756
105,single_feature_spectral_slope,67,-1.972884829227741,-1.7693454027175903
105,single_feature_spectral_slope,68,-1.9708308898485625,-1.801409363746643
105,single_feature_spectral_slope,69,-1.9580888748168945,-1.7876059412956238
105,single_feature_spectral_slope,70,-1.9761259372417743,-1.8154608011245728
105,single_feature_spectral_slope,71,-1.985851342861469,-1.8049641847610474
105,single_feature_spectral_slope,72,-1.9856705482189472,-1.8595057725906372
105,single_feature_spectral_slope,73,-1.9879239430794349,-1.7969542741775513
105,single_feature_spectral_slope,74,-1.9900981279519887,-1.8198135495185852
105,single_feature_spectral_slope,75,-1.9980115798803477,-1.7894073128700256
105,single_feature_spectral_slope,76,-2.008935809135437,-1.8186740279197693
105,single_feature_spectral_slope,77,-2.004835367202759,-1.8278833031654358
105,single_feature_spectral_slope,78,-2.000969721720769,-1.836834728717804
105,single_feature_spectral_slope,79,-2.0052385880396915,-1.7853435277938843
105,single_feature_spectral_slope,80,-1.9975954294204712,-1.872829794883728
105,single_feature_spectral_slope,81,-2.0098543900709887,-1.8031680583953857
105,single_feature_spectral_slope,82,-2.0095057487487793,-1.8531014323234558
105,single_feature_spectral_slope,83,-2.016997401530926,-1.759755790233612
105,single_feature_spectral_slope,84,-2.019361505141625,-1.8446131944656372
105,single_feature_spectral_slope,85,-2.0274624549425564,-1.8374143838882446
105,single_feature_spectral_slope,86,-2.0293400379327626,-1.8215186595916748
105,single_feature_spectral_slope,87,-2.0347175781543436,-1.8125978112220764
105,single_feature_spectral_slope,88,-2.040382843751174,-1.8330649137496948
105,single_feature_spectral_slope,89,-2.0324421295752892,-1.8588060140609741
105,single_feature_spectral_slope,90,-2.0362857488485484,-1.8597745895385742
105,single_feature_spectral_slope,91,-2.0312892473660984,-1.8420074582099915
105,single_feature_spectral_slope,92,-2.0414946537751417,-1.847031831741333
105,single_feature_spectral_slope,93,-2.0481044329129734,-1.8677597641944885
105,single_feature_spectral_slope,94,-2.0608718670331516,-1.9054978489875793
105,single_feature_spectral_slope,95,-2.06161486185514,-1.861400067806244
105,single_feature_spectral_slope,96,-2.0653690008016734,-1.8127268552780151
105,single_feature_spectral_slope,97,-2.02633103957543,-1.8507882356643677
105,single_feature_spectral_slope,98,-2.0580278176527758,-1.8149662017822266
105,single_feature_spectral_slope,99,-2.065742859473595,-1.8680581450462341
105,single_feature_spectral_slope,100,-2.074175082720243,-1.8853516578674316
105,single_feature_spectral_slope,101,-2.078960345341609,-1.8544461727142334
105,single_feature_spectral_slope,102,-2.078647567675664,-1.8689870238304138
105,single_feature_spectral_slope,103,-2.059920457693247,-1.8726917505264282
105,single_feature_spectral_slope,104,-2.0821875792283278,-1.8756271600723267
105,single_feature_spectral_slope,105,-2.0747230786543627,-1.8836718201637268
105,single_feature_spectral_slope,106,-2.093087618167584,-1.894088864326477
105,single_feature_spectral_slope,107,-2.0971915355095496,-1.8633421659469604
105,single_feature_spectral_slope,108,-2.1042437736804667,-1.8942942023277283
105,single_feature_spectral_slope,109,-2.0926221700815053,-1.8596522808074951
105,single_feature_spectral_slope,110,-2.105206067745502,-1.8523520231246948
105,single_feature_spectral_slope,111,-2.074492858006404,-1.8586026430130005
105,single_feature_spectral_slope,112,-2.093996130503141,-1.893696665763855
105,single_feature_spectral_slope,113,-2.110125028170072,-1.8679298758506775
105,single_feature_spectral_slope,114,-2.1031212623302755,-1.8790124654769897
105,single_feature_spectral_slope,115,-2.108759036430946,-1.8898131251335144
105,single_feature_spectral_slope,116,-2.1186723709106445,-1.9162064790725708
105,single_feature_spectral_slope,117,-2.1151061058044434,-1.8701018691062927
105,single_feature_spectral_slope,118,-2.1115451592665453,-1.8620785474777222
105,single_feature_spectral_slope,119,-2.10453671675462,-1.9253255724906921
105,single_feature_spectral_slope,120,-2.1145714796506443,-1.9235925674438477
105,single_feature_spectral_slope,121,-2.1306317952963023,-1.868261456489563
105,single_feature_spectral_slope,122,-2.126518047772921,-1.9001702666282654
105,single_feature_spectral_slope,123,-2.122144570717445,-1.8869445323944092
105,single_feature_spectral_slope,124,-2.1183402354900656,-1.9116013050079346
105,single_feature_spectral_slope,125,-2.142283531335684,-1.9209575653076172
105,single_feature_spectral_slope,126,-2.142453120304988,-1.9074474573135376
105,single_feature_spectral_slope,127,-2.112268484555758,-1.8812599778175354
105,single_feature_spectral_slope,128,-2.114333299490122,-1.9241290092468262
105,single_feature_spectral_slope,129,-2.120864207927997,-1.870208501815796
105,single_feature_spectral_slope,130,-2.1023696019099307,-1.9176580905914307
105,single_feature_spectral_slope,131,-2.1303221996013937,-1.8909629583358765
105,single_feature_spectral_slope,132,-2.1317584698016825,-1.8771969079971313
105,single_feature_spectral_slope,133,-2.1464311526371884,-1.870878279209137
105,single_feature_spectral_slope,134,-2.1471885717832127,-1.9180033206939697
105,single_feature_spectral_slope,135,-2.14369168648353,-1.8905647993087769
105,single_feature_spectral_slope,136,-2.153414983015794,-1.8835010528564453
105,single_feature_spectral_slope,137,-2.1532654028672438,-1.9146802425384521
105,single_feature_spectral_slope,138,-2.152804998251108,-1.9185441136360168
105,single_feature_spectral_slope,139,-2.157959589591393,-1.876219928264618
105,single_feature_spectral_slope,140,-2.1512844562530518,-1.9020015001296997
105,single_feature_spectral_slope,141,-2.156675173686101,-1.8942760825157166
105,single_feature_spectral_slope,142,-2.15464265529926,-1.927379310131073
105,single_feature_spectral_slope,143,-2.1611751042879543,-1.8835299015045166
105,single_feature_spectral_slope,144,-2.1666469757373514,-1.8816730976104736
105,single_feature_spectral_slope,145,-2.162677141336294,-1.8941067457199097
105,single_feature_spectral_slope,146,-2.1709564282343936,-1.890585482120514
105,single_feature_spectral_slope,147,-2.1663912626413198,-1.8874441385269165
105,single_feature_spectral_slope,148,-2.172324675780076,-1.9348528385162354
105,single_feature_spectral_slope,149,-2.170184483894935,-1.9066528677940369
105,single_feature_spectral_slope,150,-2.1671325793633094,-1.8851880431175232
105,single_feature_spectral_slope,151,-2.1638423846318173,-1.9033270478248596
105,single_feature_spectral_slope,152,-2.177482788379376,-1.8882662653923035
105,single_feature_spectral_slope,153,-2.1765757157252383,-1.9104285836219788
105,single_feature_spectral_slope,154,-2.1927397434528055,-1.8796567916870117
105,single_feature_spectral_slope,155,-2.1821456689101,-1.9233871102333069
105,single_feature_spectral_slope,156,-2.177246277148907,-1.8451110124588013
105,single_feature_spectral_slope,157,-2.182735186356765,-1.9255385398864746
105,single_feature_spectral_slope,158,-2.174532706920917,-1.9227661490440369
105,single_feature_spectral_slope,159,-2.184031156393198,-1.8827771544456482
105,single_feature_spectral_slope,160,-2.185657317821796,-1.915866494178772
105,single_feature_spectral_slope,161,-2.204439089848445,-1.8798513412475586
105,single_feature_spectral_slope,162,-2.1897715421823354,-1.9023526310920715
105,single_feature_spectral_slope,163,-2.191282162299523,-1.9106497764587402
105,single_feature_spectral_slope,164,-2.1838260797353892,-1.8840020895004272
105,single_feature_spectral_slope,165,-2.1842361780313344,-1.8788689374923706
105,single_feature_spectral_slope,166,-2.1970761922689586,-1.8846402764320374
105,single_feature_spectral_slope,167,-2.193582608149602,-1.905475378036499
105,single_feature_spectral_slope,168,-2.171310773262611,-1.899191439151764
105,single_feature_spectral_slope,169,-2.1855776676764855,-1.8956525325775146
105,single_feature_spectral_slope,170,-2.199106161410992,-1.9044135808944702
105,single_feature_spectral_slope,171,-2.2000323809110203,-1.836496114730835
105,single_feature_spectral_slope,172,-2.2022354786212626,-1.9141724109649658
105,single_feature_spectral_slope,173,-2.2058552411886363,-1.9092751741409302
105,single_feature_total_log_power,0,0.025792253418610647,-0.23086509108543396
105,single_feature_total_log_power,1,-0.3602660298347473,-0.46456556022167206
105,single_feature_total_log_power,2,-0.5333620882951297,-0.5842493772506714
105,single_feature_total_log_power,3,-0.6587342894994296,-0.6939763426780701
105,single_feature_total_log_power,4,-0.7918768983620864,-0.7990173399448395
105,single_feature_total_log_power,5,-0.9392333810146039,-0.9653276801109314
105,single_feature_total_log_power,6,-1.1060116291046143,-1.1771931648254395
105,single_feature_total_log_power,7,-1.338610135591947,-1.4304240942001343
105,single_feature_total_log_power,8,-1.5762117550923274,-1.6574832797050476
105,single_feature_total_log_power,9,-1.7600521032626812,-1.818465232849121
105,single_feature_total_log_power,10,-1.9675052991280189,-2.014390707015991
105,single_feature_total_log_power,11,-2.149140688089224,-2.2074527740478516
105,single_feature_total_log_power,12,-2.2976636703197775,-2.225053071975708
105,single_feature_total_log_power,13,-2.38897651892442,-2.2510974407196045
105,single_feature_total_log_power,14,-2.4620337853064904,-2.5749728679656982
105,single_feature_total_log_power,15,-2.552258014678955,-2.5065277814865112
105,single_feature_total_log_power,16,-2.565942305784959,-2.6698776483535767
105,single_feature_total_log_power,17,-2.6614913573631873,-2.736249566078186
105,single_feature_total_log_power,18,-2.748005720285269,-2.823543429374695
105,single_feature_total_log_power,19,-2.732224519436176,-2.7760475873947144
105,single_feature_total_log_power,20,-2.620791655320388,-1.2785465121269226
105,single_feature_total_log_power,21,-2.546316073491023,-2.8690617084503174
105,single_feature_total_log_power,22,-2.5690728701077976,-2.501976251602173
105,single_feature_total_log_power,23,-2.3725477365347056,-2.654094696044922
105,single_feature_total_log_power,24,-2.7928729974306545,-2.76700758934021
105,single_feature_total_log_power,25,-2.901858788270217,-2.632908344268799
105,single_feature_total_log_power,26,-2.9150679111480713,-2.8166452646255493
105,single_feature_total_log_power,27,-2.68933813388531,-2.6913970708847046
105,single_feature_total_log_power,28,-2.673717205341046,-2.458859086036682
105,single_feature_total_log_power,29,-2.7006022104850183,-2.6634594202041626
105,single_feature_total_log_power,30,-2.8954997062683105,-2.605740547180176
105,single_feature_total_log_power,31,-3.075520295363206,-3.0890592336654663
105,single_feature_total_log_power,32,-3.145121592741746,-2.909278392791748
105,single_feature_total_log_power,33,-2.599233572299664,-2.8383021354675293
105,single_feature_total_log_power,34,-2.6464146283956675,-2.828859806060791
105,single_feature_total_log_power,35,-2.7610617050757775,-2.8454668521881104
105,single_feature_total_log_power,36,-2.8621121553274302,-2.617511034011841
105,single_feature_total_log_power,37,-2.8131415110367994,-2.6224453449249268
105,single_feature_total_log_power,38,-2.841749062904945,-2.919171094894409
105,single_feature_total_log_power,39,-2.868420875989474,-2.976975917816162
105,single_feature_total_log_power,40,-2.85246388728802,-2.690665602684021
105,single_feature_total_log_power,41,-2.862234647457416,-2.9215474128723145
105,single_feature_total_log_power,42,-2.929180915539081,-2.983086347579956
105,single_feature_total_log_power,43,-2.9558811371143046,-2.480016350746155
105,single_feature_total_log_power,44,-2.922103074880747,-3.022484540939331
105,single_feature_total_log_power,45,-2.9789810364062967,-2.866531014442444
105,single_feature_total_log_power,46,-2.9710045961233287,-2.7118213176727295
105,single_feature_total_log_power,47,-2.974035153022179,-3.0987911224365234
105,single_feature_total_log_power,48,-3.0104662088247447,-2.827518343925476
105,single_feature_total_log_power,49,-3.000675623233502,-2.6009457111358643
105,single_feature_total_log_power,50,-2.989353748468252,-3.035884737968445
105,single_feature_total_log_power,51,-3.043631590329684,-3.0236668586730957
105,single_feature_total_log_power,52,-3.0395456827603855,-2.8443647623062134
105,single_feature_total_log_power,53,-3.029616172497089,-3.197335124015808
105,single_feature_total_log_power,54,-3.007694666202252,-3.1510581970214844
105,single_feature_total_log_power,55,-3.0745710409604587,-2.6512995958328247
105,single_feature_total_log_power,56,-3.0458570076869083,-3.1188313961029053
105,single_feature_total_log_power,57,-3.0864884853363037,-3.056752562522888
105,single_feature_total_log_power,58,-3.081951929972722,-2.8902947902679443
105,single_feature_total_log_power,59,-3.0904911848214955,-3.1956350803375244
105,single_feature_total_log_power,60,-3.1128285114581766,-3.0836410522460938
105,single_feature_total_log_power,61,-3.127359775396494,-2.7825878858566284
105,single_feature_total_log_power,62,-3.1215748970325174,-3.2554842233657837
105,single_feature_total_log_power,63,-3.1382503509521484,-3.1385772228240967
105,single_feature_total_log_power,64,-3.142425537109375,-2.843778610229492
105,single_feature_total_log_power,65,-3.1412922602433424,-3.3097429275512695
105,single_feature_total_log_power,66,-3.142752115543072,-3.1914089918136597
105,single_feature_total_log_power,67,-3.186613596402682,-2.607057809829712
105,single_feature_total_log_power,68,-3.126958737006554,-3.256779193878174
105,single_feature_total_log_power,69,-3.1958953050466685,-3.197425365447998
105,single_feature_total_log_power,70,-3.212500975682185,-2.9166797399520874
105,single_feature_total_log_power,71,-3.1658143446995664,-3.1676719188690186
105,single_feature_total_log_power,72,-3.2228111120370717,-3.0762062072753906
105,single_feature_total_log_power,73,-3.198796272277832,-2.9035451412200928
105,single_feature_total_log_power,74,-3.1940896877875695,-3.2693357467651367
105,single_feature_total_log_power,75,-3.2160967129927416,-3.1883221864700317
105,single_feature_total_log_power,76,-3.2389814853668213,-2.8994072675704956
105,single_feature_total_log_power,77,-3.2153819707723765,-3.3375680446624756
105,single_feature_total_log_power,78,-3.255243099652804,-3.1707372665405273
105,single_feature_total_log_power,79,-3.2585065364837646,-2.897867202758789
105,single_feature_total_log_power,80,-3.2305589822622447,-3.3305623531341553
105,single_feature_total_log_power,81,-3.276773140980647,-3.1946287155151367
105,single_feature_total_log_power,82,-3.2871296405792236,-2.953852653503418
105,single_feature_total_log_power,83,-3.2616838858677792,-3.358508586883545
105,single_feature_total_log_power,84,-3.2767450626079855,-3.2456692457199097
105,single_feature_total_log_power,85,-3.2763036214388332,-2.921136975288391
105,single_feature_total_log_power,86,-3.240676971582266,-3.248334288597107
105,single_feature_total_log_power,87,-3.3016294882847714,-3.219711661338806
105,single_feature_total_log_power,88,-3.2923386830549974,-3.088284969329834
105,single_feature_total_log_power,89,-3.2611585030188928,-3.3211437463760376
105,single_feature_total_log_power,90,-3.295122513404259,-3.0571255683898926
105,single_feature_total_log_power,91,-3.212846572582538,-3.27508544921875
105,single_feature_total_log_power,92,-3.2588789463043213,-3.3313430547714233
105,single_feature_total_log_power,93,-3.2853572368621826,-3.1325438022613525
105,single_feature_total_log_power,94,-3.2823150708125186,-3.22214674949646
105,single_feature_total_log_power,95,-3.3107619285583496,-3.4518622159957886
105,single_feature_total_log_power,96,-3.3356282894427958,-3.3894131183624268
105,single_feature_total_log_power,97,-3.366222179852999,-2.609219193458557
105,single_feature_total_log_power,98,-3.270861240533682,-3.401085376739502
105,single_feature_total_log_power,99,-3.34586710196275,-3.2956807613372803
105,single_feature_total_log_power,100,-3.3649703355935903,-3.167975425720215
105,single_feature_total_log_power,101,-3.3787065836099477,-3.5091381072998047
105,single_feature_total_log_power,102,-3.095509125636174,-3.5511133670806885
105,single_feature_total_log_power,103,-3.2990143665900598,-3.1677805185317993
105,single_feature_total_log_power,104,-3.2958114513984094,-3.094694972038269
105,single_feature_total_log_power,105,-3.346599120360154,-3.4382256269454956
105,single_feature_total_log_power,106,-3.413794315778292,-3.3431472778320312
105,single_feature_total_log_power,107,-3.3967852959266076,-3.0971734523773193
105,single_feature_total_log_power,108,-3.3869076508742113,-3.452237129211426
105,single_feature_total_log_power,109,-3.42911617572491,-3.2844258546829224
105,single_feature_total_log_power,110,-3.3937269174135647,-3.1745887994766235
105,single_feature_total_log_power,111,-3.3871894432948184,-3.4655821323394775
105,single_feature_total_log_power,112,-3.4256310646350565,-3.4200127124786377
105,single_feature_total_log_power,113,-3.4459181198706994,-3.1868836879730225
105,single_feature_total_log_power,114,-3.3882619784428525,-3.2290308475494385
105,single_feature_total_log_power,115,-3.451825893842257,-3.0706112384796143
105,single_feature_total_log_power,116,-3.3464692005744348,-3.04605770111084
105,single_feature_total_log_power,117,-3.429627913695115,-3.5759217739105225
105,single_feature_total_log_power,118,-3.40158697275015,-3.409009575843811
105,single_feature_total_log_power,119,-3.453115701675415,-2.917672872543335
105,single_feature_total_log_power,120,-3.436569874103253,-3.583953022956848
105,single_feature_total_log_power,121,-3.4444987773895264,-3.1761209964752197
105,single_feature_total_log_power,122,-3.401716470718384,-3.214853048324585
105,single_feature_total_log_power,123,-3.4482000240912805,-3.4793007373809814
105,single_feature_total_log_power,124,-3.495859219477727,-3.299146056175232
105,single_feature_total_log_power,125,-3.4276605936197133,-3.2172014713287354
105,single_feature_total_log_power,126,-3.336516233590933,-3.595157027244568
105,single_feature_total_log_power,127,-3.473873706964346,-3.383704423904419
105,single_feature_total_log_power,128,-3.4865385569058933,-3.0574657917022705
105,single_feature_total_log_power,129,-3.4874373766092153,-3.5634524822235107
105,single_feature_total_log_power,130,-3.4921831717857947,-3.4427462816238403
105,single_feature_total_log_power,131,-3.484794855117798,-3.2715117931365967
105,single_feature_total_log_power,132,-3.369735149236826,-3.220167875289917
105,single_feature_total_log_power,133,-3.6825539148770847,-3.705310583114624
105,single_feature_total_log_power,134,-3.7190228608938365,-3.6589688062667847
105,single_feature_total_log_power,135,-3.7918822031754713,-3.824233651161194
105,single_feature_total_log_power,136,-3.766666742471548,-3.6188732385635376
105,single_feature_total_log_power,137,-3.793282930667584,-3.6987698078155518
105,single_feature_total_log_power,138,-3.835084456663865,-3.280146598815918
105,single_feature_total_log_power,139,-3.7519785257486196,-3.4901230335235596
105,single_feature_total_log_power,140,-3.753078277294452,-3.6685848236083984
105,single_feature_total_log_power,141,-3.837058800917405,-3.4910590648651123
105,single_feature_total_log_power,142,-3.6715775636526256,-3.8326677083969116
105,single_feature_total_log_power,143,-3.749554615754348,-3.8145629167556763
105,single_feature_total_log_power,144,-3.8225877651801476,-3.6169915199279785
105,single_feature_total_log_power,145,-3.81270432472229,-3.836296796798706
105,single_feature_total_log_power,146,-3.7844106417435865,-3.838930130004883
105,single_feature_total_log_power,147,-3.849363015248225,-3.860146403312683
105,single_feature_total_log_power,148,-3.8043166307302623,-3.7999587059020996
105,single_feature_total_log_power,149,-3.8224436136392446,-3.877567768096924
105,single_feature_total_log_power,150,-3.835420553500836,-3.442068934440613
105,single_feature_total_log_power,151,-3.8336859299586368,-3.858368992805481
105,single_feature_total_log_power,152,-3.826585732973539,-3.5924110412597656
105,single_feature_total_log_power,153,-3.8503850606771617,-3.881476640701294
105,single_feature_total_log_power,154,-3.851031853602483,-3.8911240100860596
105,single_feature_total_log_power,155,-3.893353058741643,-3.9278244972229004
105,single_feature_total_log_power,156,-3.8710591976459208,-3.4224337339401245
105,single_feature_total_log_power,157,-3.8481036883134108,-3.4961936473846436
105,single_feature_total_log_power,158,-3.892558758075421,-3.5935333967208862
105,single_feature_total_log_power,159,-3.8878009502704325,-3.838378667831421
105,single_feature_total_log_power,160,-3.925547012915978,-3.6863421201705933
105,single_feature_total_log_power,161,-3.926893821129432,-3.92309832572937
105,single_feature_total_log_power,162,-3.8987028782184305,-3.9314205646514893
105,single_feature_total_log_power,163,-3.941476766879742,-3.8503873348236084
105,single_feature_total_log_power,164,-3.9533557891845703,-3.570256233215332
105,single_feature_total_log_power,165,-3.906416966364934,-3.8992950916290283
105,single_feature_total_log_power,166,-3.9338311415452223,-3.843636989593506
105,single_feature_total_log_power,167,-3.922376559330867,-3.757163643836975
105,single_feature_total_log_power,168,-3.891158800858718,-3.827104687690735
105,single_feature_total_log_power,169,-3.9397786947397084,-3.7336682081222534
105,single_feature_total_log_power,170,-3.9584436966822696,-3.818322777748108
105,single_feature_total_log_power,171,-3.9601064645327053,-3.9504032135009766
105,single_feature_total_log_power,172,-3.960958535854633,-3.589305281639099
105,single_feature_total_log_power,173,-3.863664040198693,-3.8497289419174194
105,single_feature_total_log_power,174,-3.972539003078754,-3.7420332431793213
105,single_feature_total_log_power,175,-3.976477861404419,-3.9525848627090454
105,single_feature_total_log_power,176,-3.9678514187152567,-3.9434828758239746
105,single_feature_total_log_power,177,-3.9564420076516957,-3.969442844390869
105,single_feature_total_log_power,178,-3.904222946900588,-3.8783222436904907
105,single_feature_total_log_power,179,-3.951701512703529,-3.8779040575027466
105,single_feature_total_log_power,180,-3.9512546979464016,-3.8429499864578247
105,single_feature_total_log_power,181,-3.989319709631113,-3.7842514514923096
105,single_feature_total_log_power,182,-3.994119772544274,-3.717149496078491
105,single_feature_total_log_power,183,-3.9692584367898793,-3.8297078609466553
105,single_feature_total_log_power,184,-3.9954740084134617,-3.6619818210601807
105,single_feature_total_log_power,185,-3.974738671229436,-4.003361463546753
105,single_feature_total_log_power,186,-4.002682080635657,-3.9267979860305786
105,single_feature_total_log_power,187,-4.00526422720689,-3.980876088142395
105,single_feature_total_log_power,188,-4.041693999217107,-3.934944748878479
105,single_feature_total_log_power,189,-3.9717952654911923,-3.5932936668395996
105,single_feature_total_log_power,190,-4.001840169613178,-3.9136271476745605
105,single_feature_total_log_power,191,-4.020236510496873,-3.8511579036712646
105,single_feature_total_log_power,192,-3.9352524280548096,-3.9705110788345337
105,single_feature_total_log_power,193,-3.872686844605666,-3.76493501663208
105,single_feature_total_log_power,194,-3.834614973801833,-3.103776693344116
105,single_feature_total_log_power,195,-3.8842151898604174,-3.527145266532898
105,single_feature_total_log_power,196,-3.9502623814802904,-3.6433727741241455
105,single_feature_total_log_power,197,-3.975860779102032,-3.859348177909851
105,single_feature_total_log_power,198,-3.954427902515118,-3.4321027994155884
105,single_feature_total_log_power,199,-3.9783577002011814,-3.8684279918670654
105,single_feature_total_log_power,200,-4.054353567270132,-3.978990077972412
105,single_feature_total_log_power,201,-4.043721033976628,-3.7285099029541016
105,single_feature_total_log_power,202,-4.019115741436298,-3.809372663497925
105,single_feature_total_log_power,203,-4.036001388843243,-3.992976188659668
105,single_feature_total_log_power,204,-4.0348890744722805,-3.985511064529419
105,single_feature_total_log_power,205,-3.9926948730762186,-4.094603061676025
105,single_feature_total_log_power,206,-3.886048573714036,-3.104089140892029
105,single_feature_total_log_power,207,-3.017569972918584,-3.5931025743484497
105,single_feature_total_log_power,208,-3.5460988008058987,-3.6676586866378784
105,single_feature_total_log_power,209,-3.6744363124553976,-2.9460525512695312
105,single_feature_total_log_power,210,-3.63868418106666,-3.7187098264694214
105,single_feature_total_log_power,211,-3.702960729598999,-3.3868696689605713
105,single_feature_total_log_power,212,-3.5787185522226186,-3.546074628829956
105,single_feature_total_log_power,213,-3.685112531368549,-3.8520582914352417
105,single_feature_total_log_power,214,-3.6231448650360107,-3.651274561882019
105,single_feature_total_log_power,215,-3.68233376282912,-3.145043730735779
105,single_feature_total_log_power,216,-3.668048070027278,-3.7548869848251343
105,single_feature_total_log_power,217,-3.718325266471276,-3.6207752227783203
105,single_feature_total_log_power,218,-3.7027262357565074,-3.2224992513656616
105,single_feature_total_log_power,219,-3.7015162064478946,-3.7863606214523315
105,single_feature_total_log_power,220,-3.738905539879432,-3.710142970085144
105,single_feature_total_log_power,221,-3.737351179122925,-3.4121944904327393
105,single_feature_total_log_power,222,-3.6260712513556848,-3.752359986305237
105,single_feature_total_log_power,223,-3.7286475805135875,-3.4094457626342773
105,single_feature_total_log_power,224,-3.67614274758559,-3.9441665410995483
105,single_feature_total_log_power,225,-3.4045263803922214,-2.1850506067276
105,single_feature_total_log_power,226,-3.145466217627892,-3.4084980487823486
105,single_feature_total_log_power,227,-3.6688999029306264,-3.332167148590088
105,single_feature_total_log_power,228,-3.7433878641862135,-3.8972365856170654
105,single_feature_total_log_power,229,-3.8828681248884935,-3.755219340324402
105,single_feature_total_log_power,230,-3.9799107038057766,-3.5318446159362793
105,single_feature_dominant_freq,0,-0.006261112884833262,-0.2993321567773819
105,single_feature_dominant_freq,1,-0.43017878899207485,-0.5380998253822327
105,single_feature_dominant_freq,2,-0.6326889808361347,-0.6628350615501404
105,single_feature_dominant_freq,3,-0.7607609446232135,-0.7739428281784058
105,single_feature_dominant_freq,4,-0.8796520875050471,-0.8907050490379333
105,single_feature_dominant_freq,5,-0.9915730494719285,-1.008358359336853
105,single_feature_dominant_freq,6,-1.0834306478500366,-1.0730113983154297
105,single_feature_dominant_freq,7,-1.1516858981205866,-1.1198012232780457
105,single_feature_dominant_freq,8,-1.2070548442693858,-1.1540945768356323
105,single_feature_dominant_freq,9,-1.2528764376273522,-1.1985501646995544
105,single_feature_dominant_freq,10,-1.3096231955748339,-1.2434550523757935
105,single_feature_dominant_freq,11,-1.3291463485130897,-1.2672451734542847
105,single_feature_dominant_freq,12,-1.372278800377479,-1.3224949836730957
105,single_feature_dominant_freq,13,-1.4094728506528413,-1.3380757570266724
105,single_feature_dominant_freq,14,-1.4503834797785833,-1.3664878010749817
105,single_feature_dominant_freq,15,-1.4617009438001192,-1.394508719444275
105,single_feature_dominant_freq,16,-1.5085169352017915,-1.4090981483459473
105,single_feature_dominant_freq,17,-1.519985244824336,-1.4494258165359497
105,single_feature_dominant_freq,18,-1.5585768864705012,-1.469783067703247
105,single_feature_dominant_freq,19,-1.5724319311288686,-1.4923487901687622
105,single_feature_dominant_freq,20,-1.5675240938480084,-1.5025809407234192
105,single_feature_dominant_freq,21,-1.6102763597781842,-1.5113928318023682
105,single_feature_dominant_freq,22,-1.6345878839492798,-1.5647005438804626
105,single_feature_dominant_freq,23,-1.6495893826851478,-1.567420244216919
105,single_feature_dominant_freq,24,-1.6696429252624512,-1.5598491430282593
105,single_feature_dominant_freq,25,-1.6698524493437548,-1.5529098510742188
105,single_feature_dominant_freq,26,-1.6849262989484346,-1.6019876599311829
105,single_feature_dominant_freq,27,-1.7120465498704176,-1.5964155793190002
105,single_feature_dominant_freq,28,-1.7086787407214825,-1.59377920627594
105,single_feature_dominant_freq,29,-1.7133223185172448,-1.6276412606239319
105,single_feature_dominant_freq,30,-1.7279061812620897,-1.6442981362342834
105,single_feature_dominant_freq,31,-1.7446350409434392,-1.6431742310523987
105,single_feature_dominant_freq,32,-1.748605829018813,-1.6284915208816528
105,single_feature_dominant_freq,33,-1.7675300102967482,-1.6505029201507568
105,single_feature_dominant_freq,34,-1.7813134560218225,-1.6805097460746765
105,single_feature_dominant_freq,35,-1.7860026634656465,-1.6785486340522766
105,single_feature_dominant_freq,36,-1.7906214915789092,-1.6914403438568115
105,single_feature_dominant_freq,37,-1.7861104653431819,-1.6648640632629395
105,single_feature_dominant_freq,38,-1.805138688821059,-1.6934526562690735
105,single_feature_dominant_freq,39,-1.8246161754314716,-1.722625494003296
105,single_feature_dominant_freq,40,-1.8215806209124052,-1.6483317613601685
105,single_feature_dominant_freq,41,-1.8113023042678833,-1.6928184628486633
105,single_feature_dominant_freq,42,-1.836062999872061,-1.6951115727424622
105,single_feature_dominant_freq,43,-1.8429192488010113,-1.7151313424110413
105,single_feature_dominant_freq,44,-1.8402601663882916,-1.7068797945976257
105,single_feature_dominant_freq,45,-1.8584060210448046,-1.6658692955970764
105,single_feature_dominant_freq,46,-1.8504718908896813,-1.6851474046707153
105,single_feature_dominant_freq,47,-1.8608903884887695,-1.702500581741333
105,single_feature_dominant_freq,48,-1.8569005911166852,-1.7359121441841125
105,single_feature_dominant_freq,49,-1.8664917303965642,-1.6636239886283875
105,single_feature_dominant_freq,50,-1.8705380238019502,-1.7168706059455872
105,single_feature_dominant_freq,51,-1.891721487045288,-1.7218695282936096
105,single_feature_dominant_freq,52,-1.8907351952332716,-1.7037277817726135
105,single_feature_dominant_freq,53,-1.8813087665117705,-1.764197051525116
105,single_feature_dominant_freq,54,-1.907460937133202,-1.7091914415359497
105,single_feature_dominant_freq,55,-1.9128657579421997,-1.728266179561615
105,single_feature_dominant_freq,56,-1.9180395236382117,-1.7324692606925964
105,single_feature_dominant_freq,57,-1.9022727471131544,-1.748364269733429
105,single_feature_dominant_freq,58,-1.9231321078080397,-1.7309362292289734
105,single_feature_dominant_freq,59,-1.9243546999417818,-1.7473913431167603
105,single_feature_dominant_freq,60,-1.9385287303190966,-1.7490580081939697
105,single_feature_dominant_freq,61,-1.944152025076059,-1.7527729272842407
105,single_feature_dominant_freq,62,-1.9377269744873047,-1.7398929595947266
105,single_feature_dominant_freq,63,-1.950975592319782,-1.7658703327178955
105,single_feature_dominant_freq,64,-1.9442231288323035,-1.758728265762329
105,single_feature_dominant_freq,65,-1.946155703984774,-1.7534694075584412
105,single_feature_dominant_freq,66,-1.939502743574289,-1.7747429013252258
105,single_feature_dominant_freq,67,-1.943022526227511,-1.7654742002487183
105,single_feature_dominant_freq,68,-1.9662573612653291,-1.8247475624084473
105,single_feature_dominant_freq,69,-1.9704395349209125,-1.7055273056030273
105,single_feature_dominant_freq,70,-1.9688542255988488,-1.7835298776626587
105,single_feature_dominant_freq,71,-1.9751802957974947,-1.7696885466575623
105,single_feature_dominant_freq,72,-1.962014684310326,-1.7618792057037354
105,single_feature_dominant_freq,73,-1.9762507860477154,-1.742044985294342
105,single_feature_dominant_freq,74,-1.9892436999541063,-1.7717444896697998
105,single_feature_dominant_freq,75,-1.977266815992502,-1.7510534524917603
105,single_feature_dominant_freq,76,-1.9742675652870765,-1.7773288488388062
105,single_feature_dominant_freq,77,-1.9879650060947125,-1.7814536094665527
105,single_feature_dominant_freq,78,-1.9855887156266432,-1.773168921470642
105,single_feature_dominant_freq,79,-1.9975717893013587,-1.7825220227241516
105,single_feature_dominant_freq,80,-1.9830061288980336,-1.795453429222107
105,single_feature_dominant_freq,81,-1.9976432781953077,-1.774790108203888
105,single_feature_dominant_freq,82,-2.0190519186166616,-1.7830383777618408
105,single_feature_dominant_freq,83,-2.025351955340459,-1.7824252843856812
105,single_feature_dominant_freq,84,-2.02861815232497,-1.8046276569366455
105,single_feature_dominant_freq,85,-2.0348926874307485,-1.8115603923797607
105,single_feature_dominant_freq,86,-2.0367898299143863,-1.7915812730789185
105,single_feature_dominant_freq,87,-2.0274567237267127,-1.751736044883728
105,single_feature_dominant_freq,88,-2.035835412832407,-1.7704427242279053
105,single_feature_dominant_freq,89,-2.0385728615980883,-1.7809932231903076
105,single_feature_dominant_freq,90,-2.035224300164443,-1.762165129184723
105,single_feature_dominant_freq,91,-2.004241475692162,-1.7651506066322327
105,single_feature_dominant_freq,92,-2.022167260830219,-1.8095093369483948
105,single_feature_dominant_freq,93,-2.0110762394391575,-1.77244234085083
105,single_feature_hjorth_mobility,0,0.017136264592409134,-0.22860030084848404
105,single_feature_hjorth_mobility,1,-0.36549006402492523,-0.4620806872844696
105,single_feature_hjorth_mobility,2,-0.5599205218828641,-0.606929749250412
105,single_feature_hjorth_mobility,3,-0.7225598371945895,-0.7456182241439819
105,single_feature_hjorth_mobility,4,-0.8878472630794232,-0.8834710717201233
105,single_feature_hjorth_mobility,5,-1.0546359373972967,-1.0687910318374634
105,single_feature_hjorth_mobility,6,-1.1940307158690233,-1.212649405002594
105,single_feature_hjorth_mobility,7,-1.3331229228239794,-1.326472818851471
105,single_feature_hjorth_mobility,8,-1.4227267228640044,-1.4522230625152588
105,single_feature_hjorth_mobility,9,-1.558673225916349,-1.540409803390503
105,single_feature_hjorth_mobility,10,-1.6844097284170299,-1.651856541633606
105,single_feature_hjorth_mobility,11,-1.809862760397104,-1.7766980528831482
105,single_feature_hjorth_mobility,12,-1.9167843231788049,-1.8838896751403809
105,single_feature_hjorth_mobility,13,-1.9855255805529082,-1.9261775612831116
105,single_feature_hjorth_mobility,14,-2.10866929934575,-1.9683642387390137
105,single_feature_hjorth_mobility,15,-2.1722715817964993,-2.1559717655181885
105,single_feature_hjorth_mobility,16,-2.278055337759165,-2.174258232116699
105,single_feature_hjorth_mobility,17,-2.3341365410731387,-2.2927833795547485
105,single_feature_hjorth_mobility,18,-2.393943970020001,-2.3056730031967163
105,single_feature_hjorth_mobility,19,-2.4477589497199426,-2.401480793952942
105,single_feature_hjorth_mobility,20,-2.447546023588914,-2.3554306030273438
105,single_feature_hjorth_mobility,21,-2.4846533628610463,-2.475468158721924
105,single_feature_hjorth_mobility,22,-2.53098779458266,-2.0847567319869995
105,single_feature_hjorth_mobility,23,-2.430156506024874,-2.51242458820343
105,single_feature_hjorth_mobility,24,-2.511393895516029,-2.4949350357055664
105,single_feature_hjorth_mobility,25,-2.5472145080566406,-2.3883206844329834
105,single_feature_hjorth_mobility,26,-2.567403646615835,-2.5669686794281006
105,single_feature_hjorth_mobility,27,-2.3720838840191183,-2.367691993713379
105,single_feature_hjorth_mobility,28,-2.4150263162759633,-2.404165744781494
105,single_feature_hjorth_mobility,29,-2.593050186450665,-2.6111440658569336
105,single_feature_hjorth_mobility,30,-2.6375808165623593,-2.5692776441574097
105,single_feature_hjorth_mobility,31,-2.6451030511122484,-2.5505071878433228
105,single_feature_hjorth_mobility,32,-2.6690784784463735,-2.6805702447891235
105,single_feature_hjorth_mobility,33,-2.691860455733079,-2.630866765975952
105,single_feature_hjorth_mobility,34,-2.7190493803757887,-2.475602865219116
105,single_feature_hjorth_mobility,35,-2.706475753050584,-2.700098395347595
105,single_feature_hjorth_mobility,36,-2.7340905849750223,-2.6088696718215942
105,single_feature_hjorth_mobility,37,-2.7244186401367188,-2.6000726222991943
105,single_feature_hjorth_mobility,38,-2.7486975559821496,-2.8136461973190308
105,single_feature_hjorth_mobility,39,-2.76343323634221,-2.7400741577148438
105,single_feature_hjorth_mobility,40,-2.7902026910048265,-2.774520516395569
105,single_feature_hjorth_mobility,41,-2.8559011862828183,-2.880252480506897
105,single_feature_hjorth_mobility,42,-2.814719842030452,-2.8622454404830933
105,single_feature_hjorth_mobility,43,-2.717860588660607,-2.8801050186157227
105,single_feature_hjorth_mobility,44,-2.82835107583266,-2.887014627456665
105,single_feature_hjorth_mobility,45,-2.933934138371394,-2.8558106422424316
105,single_feature_hjorth_mobility,46,-2.9355852053715634,-2.8759124279022217
105,single_feature_hjorth_mobility,47,-2.9420247811537523,-2.8501243591308594
105,single_feature_hjorth_mobility,48,-2.818555996968196,-2.799812078475952
105,single_feature_hjorth_mobility,49,-2.880134417460515,-2.7669647932052612
105,single_feature_hjorth_mobility,50,-2.8825111389160156,-2.7345317602157593
105,single_feature_hjorth_mobility,51,-2.894760113496047,-2.951018810272217
105,single_feature_hjorth_mobility,52,-2.922251719694871,-2.8464750051498413
105,single_feature_hjorth_mobility,53,-2.913439934070294,-2.6652166843414307
105,single_feature_hjorth_mobility,54,-2.893164799763606,-2.830519676208496
105,single_feature_hjorth_mobility,55,-2.9047141258533182,-2.9052330255508423
105,single_feature_hjorth_mobility,56,-2.9327033849862905,-2.8094332218170166
105,single_feature_hjorth_mobility,57,-2.929648894530076,-2.910759210586548
105,single_feature_hjorth_mobility,58,-2.9527968810154843,-2.751515030860901
105,single_feature_hjorth_mobility,59,-2.9489972041203427,-2.9045039415359497
105,single_feature_hjorth_mobility,60,-2.927789192933303,-2.8367544412612915
105,single_feature_hjorth_mobility,61,-2.954056042891282,-2.800978660583496
105,single_feature_hjorth_mobility,62,-2.9245953193077674,-2.936539888381958
105,single_feature_hjorth_mobility,63,-3.07485607954172,-3.0232505798339844
105,single_feature_hjorth_mobility,64,-2.9166404834160438,-2.8428906202316284
105,single_feature_hjorth_mobility,65,-2.9636511986072245,-2.8577868938446045
105,single_feature_hjorth_mobility,66,-3.0438332741077128,-3.0081688165664673
105,single_feature_hjorth_mobility,67,-2.9194382337423472,-2.911743640899658
105,single_feature_hjorth_mobility,68,-3.0065241226783166,-2.85831618309021
105,single_feature_hjorth_mobility,69,-3.0074060513423038,-2.9927250146865845
105,single_feature_hjorth_mobility,70,-3.0159485890315127,-2.9917551279067993
105,single_feature_hjorth_mobility,71,-3.032123565673828,-2.7866411209106445
105,single_feature_hjorth_mobility,72,-3.031115953738873,-2.858857750892639
105,single_feature_hjorth_mobility,73,-3.0484448212843676,-2.9240803718566895
105,single_feature_hjorth_mobility,74,-3.0315179091233473,-2.924420118331909
105,single_feature_hjorth_mobility,75,-2.7431135177612305,-2.9036037921905518
105,single_feature_hjorth_mobility,76,-2.8450053471785326,-2.7862844467163086
105,single_feature_hjorth_mobility,77,-3.037732637845553,-3.0199118852615356
105,single_feature_hjorth_mobility,78,-3.0605558432065525,-2.69287109375
105,single_feature_hjorth_mobility,79,-2.995885262122521,-2.8642287254333496
105,single_feature_hjorth_mobility,80,-3.089136380415696,-2.853007197380066
105,single_feature_hjorth_mobility,81,-3.059391296826876,-2.863769292831421
105,single_feature_hjorth_mobility,82,-3.0677355252779446,-3.075888991355896
105,single_feature_hjorth_mobility,83,-3.0976777260120096,-2.959280014038086
105,single_feature_hjorth_mobility,84,-3.0915304330679088,-3.0833780765533447
105,single_feature_hjorth_mobility,85,-3.18187192770151,-3.0937026739120483
105,single_feature_hjorth_mobility,86,-3.1842327484717736,-3.062594413757324
105,single_feature_hjorth_mobility,87,-3.158031408603375,-3.100175619125366
105,single_feature_hjorth_mobility,88,-3.196957203058096,-3.008513331413269
105,single_feature_hjorth_mobility,89,-3.210695431782649,-3.128812313079834
105,single_feature_hjorth_mobility,90,-3.0436535431788516,-3.09551739692688
105,single_feature_hjorth_mobility,91,-3.1829882034888635,-3.0793896913528442
105,single_feature_hjorth_mobility,92,-3.222339685146625,-2.9440369606018066
105,single_feature_hjorth_mobility,93,-3.160846856924204,-3.0657401084899902
105,single_feature_hjorth_mobility,94,-3.179950530712421,-3.127323865890503
105,single_feature_hjorth_mobility,95,-3.2066486065204325,-3.0348286628723145
105,single_feature_hjorth_mobility,96,-3.2009550608121433,-3.027172565460205
105,single_feature_hjorth_mobility,97,-3.158186050561758,-3.092521905899048
105,single_feature_hjorth_mobility,98,-3.238186010947594,-3.110541820526123
105,single_feature_hjorth_mobility,99,-3.258781359745906,-3.1083879470825195
105,single_feature_hjorth_mobility,100,-3.303995517583994,-3.091774821281433
105,single_feature_hjorth_mobility,101,-3.2701551547417274,-3.0985116958618164
105,single_feature_hjorth_mobility,102,-3.2250825258401723,-2.842738151550293
105,single_feature_hjorth_mobility,103,-3.101934579702524,-3.121585726737976
105,single_feature_hjorth_mobility,104,-3.1505194260523868,-3.030726909637451
105,single_feature_hjorth_mobility,105,-3.1769252373622012,-2.7526131868362427
105,single_feature_hjorth_mobility,106,-3.132479869402372,-3.0374467372894287
105,single_feature_hjorth_mobility,107,-3.198333135017982,-3.1634061336517334
105,single_feature_hjorth_mobility,108,-3.2335923451643724,-2.960301637649536
105,single_feature_hjorth_mobility,109,-3.1550697730137753,-3.1313982009887695
105,single_feature_hjorth_mobility,110,-3.197762214220487,-3.0840797424316406
105,single_feature_hjorth_mobility,111,-3.2153020271888146,-2.9891421794891357
105,single_feature_hjorth_mobility,112,-3.2776766006763163,-3.1341047286987305
105,single_feature_hjorth_mobility,113,-3.315631811435406,-3.0969001054763794
105,single_feature_hjorth_mobility,114,-3.2523594819582424,-3.0637426376342773
105,single_feature_hjorth_mobility,115,-3.243523964515099,-3.0725303888320923
105,single_feature_hjorth_mobility,116,-3.3078660781566915,-3.1624358892440796
105,single_feature_hjorth_mobility,117,-3.3072601098280687,-3.165976405143738
105,single_feature_hjorth_mobility,118,-3.1624446098621073,-3.000668525695801
105,single_feature_hjorth_mobility,119,-3.222160082596999,-3.145275831222534
105,single_feature_hjorth_mobility,120,-3.2115391217745266,-3.096057653427124
105,single_feature_hjorth_mobility,121,-3.2197404091174784,-2.9494171142578125
105,single_feature_hjorth_mobility,122,-3.2379371386307936,-3.156986951828003
105,single_feature_hjorth_mobility,123,-3.2338440968440127,-3.1819536685943604
105,single_feature_hjorth_mobility,124,-3.259400257697472,-2.946505069732666
105,single_feature_hjorth_mobility,125,-3.2490840691786547,-3.221917152404785
105,single_feature_hjorth_mobility,126,-3.2701171178084154,-3.132283926010132
105,single_feature_hjorth_mobility,127,-3.2707031690157375,-3.0077544450759888
105,single_feature_hjorth_mobility,128,-3.2361182066110463,-3.150137782096863
105,single_feature_hjorth_mobility,129,-3.2570061683654785,-3.1153807640075684
105,single_feature_hjorth_mobility,130,-3.3046380556546726,-3.185720920562744
105,single_feature_hjorth_mobility,131,-3.3576635213998647,-3.0892444849014282
105,single_feature_hjorth_mobility,132,-3.3400185658381534,-3.1712578535079956
105,single_feature_hjorth_mobility,133,-3.3776094363285947,-3.2388793230056763
105,single_feature_hjorth_mobility,134,-3.374071689752432,-3.1284267902374268
105,single_feature_hjorth_mobility,135,-3.34912501848661,-3.088366389274597
105,single_feature_hjorth_mobility,136,-3.3482550107515774,-3.1779065132141113
105,single_feature_hjorth_mobility,137,-3.2604954426105204,-3.0290467739105225
105,single_feature_hjorth_mobility,138,-3.2737046021681566,-3.0369746685028076
105,single_feature_hjorth_mobility,139,-3.271451033078707,-3.1371359825134277
105,single_feature_hjorth_mobility,140,-3.341012954711914,-3.2107654809951782
105,single_feature_hjorth_mobility,141,-3.394032900150006,-3.250381350517273
105,single_feature_hjorth_mobility,142,-3.3913454642662635,-3.1818450689315796
105,single_feature_hjorth_mobility,143,-3.4107900582827053,-3.1897099018096924
105,single_feature_hjorth_mobility,144,-3.422243118286133,-3.18032169342041
105,single_feature_hjorth_mobility,145,-3.3655731678009033,-3.1850509643554688
105,single_feature_hjorth_mobility,146,-3.4072109185732327,-3.2356632947921753
105,single_feature_hjorth_mobility,147,-3.39345304782574,-3.240241050720215
105,single_feature_hjorth_mobility,148,-3.4207069507012,-3.262760639190674
105,single_feature_hjorth_mobility,149,-3.38931391789363,-3.153104305267334
105,single_feature_hjorth_mobility,150,-3.3508697839883657,-3.2670974731445312
105,single_feature_hjorth_mobility,151,-3.402896440946139,-3.1911487579345703
105,single_feature_hjorth_mobility,152,-3.3939635570232687,-3.1379518508911133
105,single_feature_hjorth_mobility,153,-3.314180007347694,-3.192564845085144
105,single_feature_hjorth_mobility,154,-3.2908873558044434,-3.114649176597595
105,single_feature_hjorth_mobility,155,-3.2941653728485107,-3.1706868410110474
105,single_feature_hjorth_mobility,156,-3.308840329830463,-3.153209686279297
105,single_feature_hjorth_mobility,157,-3.341403832802406,-3.11564564704895
105,single_feature_hjorth_mobility,158,-3.35616502395043,-3.164839029312134
105,single_feature_hjorth_mobility,159,-3.4309973533336935,-3.1705912351608276
105,single_feature_hjorth_mobility,160,-3.311392435660729,-3.157363533973694
105,single_feature_hjorth_mobility,161,-3.3192013777219334,-3.1403592824935913
105,single_feature_hjorth_mobility,162,-3.330701149426974,-3.0991933345794678
105,single_feature_hjorth_mobility,163,-3.340906253227821,-3.2124054431915283
105,single_feature_hjorth_mobility,164,-3.36028398000277,-3.1460222005844116
105,single_feature_hjorth_mobility,165,-3.3486094107994666,-3.126613140106201
105,single_feature_hjorth_mobility,166,-3.3593752567584696,-3.2232494354248047
105,single_feature_hjorth_mobility,167,-3.3116602897644043,-3.1987342834472656
105,single_feature_hjorth_mobility,168,-3.4161707437955418,-3.2289252281188965
105,single_feature_hjorth_mobility,169,-3.4492544577671933,-3.1556957960128784
105,single_feature_hjorth_mobility,170,-3.456484262759869,-3.240375518798828
105,single_feature_hjorth_mobility,171,-3.435737664882953,-3.1864542961120605
105,single_feature_hjorth_mobility,172,-3.437598778651311,-3.2222793102264404
105,single_feature_hjorth_mobility,173,-3.4361084607931285,-3.163853645324707
105,single_feature_hjorth_mobility,174,-3.447501567693857,-3.2328295707702637
105,single_feature_hjorth_mobility,175,-3.456618455740122,-3.169593334197998
105,single_feature_hjorth_complexity,0,0.05933479907420965,-0.20600666850805283
105,single_feature_hjorth_complexity,1,-0.3261428727553441,-0.4316316843032837
105,single_feature_hjorth_complexity,2,-0.50887419627263,-0.5692657232284546
105,single_feature_hjorth_complexity,3,-0.640272897023421,-0.68483567237854
105,single_feature_hjorth_complexity,4,-0.7760444100086505,-0.793092280626297
105,single_feature_hjorth_complexity,5,-0.9121467104324927,-0.946447104215622
105,single_feature_hjorth_complexity,6,-1.0598184282963092,-1.0877991914749146
105,single_feature_hjorth_complexity,7,-1.192312634908236,-1.1821273565292358
105,single_feature_hjorth_complexity,8,-1.3152477282744188,-1.3010430335998535
105,single_feature_hjorth_complexity,9,-1.4166945127340465,-1.403649926185608
105,single_feature_hjorth_complexity,10,-1.5249609305308416,-1.542409062385559
105,single_feature_hjorth_complexity,11,-1.6269494386819692,-1.6157069206237793
105,single_feature_hjorth_complexity,12,-1.722987019098722,-1.6644797921180725
105,single_feature_hjorth_complexity,13,-1.8036053272394033,-1.7797572016716003
105,single_feature_hjorth_complexity,14,-1.8258636731367845,-1.8046163320541382
105,single_feature_hjorth_complexity,15,-1.904606846662668,-1.885500729084015
105,single_feature_hjorth_complexity,16,-1.954600214958191,-1.8892478942871094
105,single_feature_hjorth_complexity,17,-2.0018045076957116,-1.91062730550766
105,single_feature_hjorth_complexity,18,-2.037497951434209,-1.8546379804611206
105,single_feature_hjorth_complexity,19,-2.0694576776944675,-2.003794312477112
105,single_feature_hjorth_complexity,20,-2.0683996127201962,-1.9690940380096436
105,single_feature_hjorth_complexity,21,-2.127331201846783,-2.0825010538101196
105,single_feature_hjorth_complexity,22,-2.168553645794208,-2.1207274198532104
105,single_feature_hjorth_complexity,23,-2.209821022473849,-2.113938331604004
105,single_feature_hjorth_complexity,24,-2.2349231243133545,-2.1946957111358643
105,single_feature_hjorth_complexity,25,-2.2777733986194315,-2.18804395198822
105,single_feature_hjorth_complexity,26,-2.2800989701197696,-2.2015912532806396
105,single_feature_hjorth_complexity,27,-2.2479390181027927,-2.1541603803634644
105,single_feature_hjorth_complexity,28,-2.223134655218858,-2.1456316709518433
105,single_feature_hjorth_complexity,29,-2.309785017600426,-2.09423828125
105,single_feature_hjorth_complexity,30,-2.228442980692937,-2.2070279121398926
105,single_feature_hjorth_complexity,31,-2.305635195512038,-2.1417700052261353
105,single_feature_hjorth_complexity,32,-2.304820097409762,-2.1559994220733643
105,single_feature_hjorth_complexity,33,-2.311815628638634,-2.198837399482727
105,single_feature_hjorth_complexity,34,-2.341553467970628,-2.26824951171875
105,single_feature_hjorth_complexity,35,-2.342730540495652,-2.178512215614319
105,single_feature_hjorth_complexity,36,-2.356832577632024,-2.2433615922927856
105,single_feature_hjorth_complexity,37,-2.3602281166956973,-2.2920337915420532
105,single_feature_hjorth_complexity,38,-2.3802004227271447,-2.1962597370147705
105,single_feature_hjorth_complexity,39,-2.3749555624448337,-2.220873475074768
105,single_feature_hjorth_complexity,40,-2.4449127270625186,-2.334022879600525
105,single_feature_hjorth_complexity,41,-2.450427898993859,-2.35994815826416
105,single_feature_hjorth_complexity,42,-2.477607855430016,-2.4076404571533203
105,single_feature_hjorth_complexity,43,-2.4748850969167857,-2.391099452972412
105,single_feature_hjorth_complexity,44,-2.479183013622577,-2.37257182598114
105,single_feature_hjorth_complexity,45,-2.4883048717792215,-2.4312493801116943
105,single_feature_hjorth_complexity,46,-2.453712665117704,-2.283656358718872
105,single_feature_hjorth_complexity,47,-2.4388060936561,-2.345664620399475
105,single_feature_hjorth_complexity,48,-2.4100592136383057,-2.246482253074646
105,single_feature_hjorth_complexity,49,-2.452555858171903,-2.3168790340423584
105,single_feature_hjorth_complexity,50,-2.4580234564267673,-2.2765004634857178
105,single_feature_hjorth_complexity,51,-2.4622346804692197,-2.3311744928359985
105,single_feature_hjorth_complexity,52,-2.49337885929988,-2.3726454973220825
105,single_feature_hjorth_complexity,53,-2.5441802464998684,-2.3749985694885254
105,single_feature_hjorth_complexity,54,-2.5392390214479885,-2.4070903062820435
105,single_feature_hjorth_complexity,55,-2.5410705713125377,-2.4163464307785034
105,single_feature_hjorth_complexity,56,-2.562748047021719,-2.439890146255493
105,single_feature_hjorth_complexity,57,-2.576035444553082,-2.42093563079834
105,single_feature_hjorth_complexity,58,-2.5824319215921254,-2.4382436275482178
105,single_feature_hjorth_complexity,59,-2.5888882600344143,-2.5262110233306885
105,single_feature_hjorth_complexity,60,-2.6037010229550877,-2.510185718536377
105,single_feature_hjorth_complexity,61,-2.5965423583984375,-2.4700658321380615
105,single_feature_hjorth_complexity,62,-2.608709482046274,-2.4872958660125732
105,single_feature_hjorth_complexity,63,-2.5249796647291918,-2.4384299516677856
105,single_feature_hjorth_complexity,64,-2.567704512522771,-2.524532437324524
105,single_feature_hjorth_complexity,65,-2.5712303748497596,-2.458223342895508
105,single_feature_hjorth_complexity,66,-2.5779959788689246,-2.4116132259368896
105,single_feature_hjorth_complexity,67,-2.5932350892287035,-2.553290367126465
105,single_feature_hjorth_complexity,68,-2.585549152814425,-2.5453633069992065
105,single_feature_hjorth_complexity,69,-2.6468508610358605,-2.549752712249756
105,single_feature_hjorth_complexity,70,-2.665253529181847,-2.4679614305496216
105,single_feature_hjorth_complexity,71,-2.65940207701463,-2.4060380458831787
105,single_feature_hjorth_complexity,72,-2.586395263671875,-2.359706163406372
105,single_feature_hjorth_complexity,73,-2.6082754135131836,-2.5304911136627197
105,single_feature_hjorth_complexity,74,-2.6203503608703613,-2.539884090423584
105,single_feature_hjorth_complexity,75,-2.638824994747455,-2.453307271003723
105,single_feature_hjorth_complexity,76,-2.6144799635960507,-2.4822291135787964
105,single_feature_hjorth_complexity,77,-2.6219306725722094,-2.4071621894836426
105,single_feature_hjorth_complexity,78,-2.6178207214062033,-2.4230337142944336
105,single_feature_hjorth_complexity,79,-2.6253662109375,-2.555705428123474
105,single_feature_hjorth_complexity,80,-2.6270640263190637,-2.52273428440094
105,single_feature_hjorth_complexity,81,-2.680555123549241,-2.5525248050689697
105,single_feature_hjorth_complexity,82,-2.696609478730422,-2.4755712747573853
105,single_feature_hjorth_complexity,83,-2.6317050457000732,-2.3660494089126587
105,single_feature_hjorth_complexity,84,-2.645427153660701,-2.593931198120117
105,single_feature_hjorth_complexity,85,-2.661674444492047,-2.5500683784484863
105,single_feature_hjorth_complexity,86,-2.6627993216881385,-2.458827018737793
105,single_feature_hjorth_complexity,87,-2.6696182764493503,-2.573892116546631
105,single_feature_hjorth_complexity,88,-2.6819814351888804,-2.531571865081787
105,single_feature_hjorth_complexity,89,-2.6821408638587365,-2.5721336603164673
105,single_feature_hjorth_complexity,90,-2.7306524973649244,-2.525928020477295
105,single_feature_hjorth_complexity,91,-2.7005628622495212,-2.5306161642074585
105,single_feature_hjorth_complexity,92,-2.702445470369779,-2.5463448762893677
105,single_feature_hjorth_complexity,93,-2.7349126522357645,-2.548519492149353
105,single_feature_hjorth_complexity,94,-2.734205649449275,-2.5558842420578003
105,single_feature_hjorth_complexity,95,-2.722658945963933,-2.5513978004455566
105,single_feature_hjorth_complexity,96,-2.731717879955585,-2.5996971130371094
105,single_feature_hjorth_complexity,97,-2.761990492160504,-2.620628595352173
105,single_feature_hjorth_complexity,98,-2.7398952887608456,-2.628143310546875
105,single_feature_hjorth_complexity,99,-2.7498588011815,-2.5914180278778076
105,single_feature_hjorth_complexity,100,-2.708307119516226,-2.458158016204834
105,single_feature_hjorth_complexity,101,-2.7065482139587402,-2.5779976844787598
105,single_feature_hjorth_complexity,102,-2.7226613484896145,-2.590409994125366
105,single_feature_hjorth_complexity,103,-2.728914499282837,-2.5011839866638184
105,single_feature_hjorth_complexity,104,-2.734353047150832,-2.600917100906372
105,single_feature_hjorth_complexity,105,-2.772224811407236,-2.6234114170074463
105,single_feature_hjorth_complexity,106,-2.7748307081369252,-2.599849820137024
105,single_feature_hjorth_complexity,107,-2.7434881100287805,-2.6312049627304077
105,single_feature_hjorth_complexity,108,-2.7790260865138126,-2.599329710006714
105,single_feature_hjorth_complexity,109,-2.7966516201312723,-2.6330196857452393
105,single_feature_hjorth_complexity,110,-2.79263789837177,-2.6843817234039307
105,single_feature_hjorth_complexity,111,-2.786257211978619,-2.5858020782470703
105,single_feature_hjorth_complexity,112,-2.790430325728196,-2.609095573425293
105,single_feature_hjorth_complexity,113,-2.7960281372070312,-2.6404104232788086
105,single_feature_hjorth_complexity,114,-2.755018417651837,-2.5903513431549072
105,single_feature_hjorth_complexity,115,-2.7105305928450365,-2.57441508769989
105,single_feature_hjorth_complexity,116,-2.7282816630143385,-2.467746138572693
105,single_feature_hjorth_complexity,117,-2.750667847119845,-2.5975080728530884
105,single_feature_hjorth_complexity,118,-2.7050110743596005,-2.3807002305984497
105,single_feature_hjorth_complexity,119,-2.724422674912673,-2.5806854963302612
105,single_feature_hjorth_complexity,120,-2.817487643315242,-2.5529110431671143
105,single_feature_hjorth_complexity,121,-2.7988729110130897,-2.610600233078003
105,single_feature_hjorth_complexity,122,-2.8037377137404222,-2.634081244468689
105,single_feature_hjorth_complexity,123,-2.8407556460453915,-2.6293349266052246
105,single_feature_hjorth_complexity,124,-2.8274565843435435,-2.6520302295684814
105,single_feature_hjorth_complexity,125,-2.827294734808115,-2.5820322036743164
105,single_feature_hjorth_complexity,126,-2.8281502723693848,-2.68323814868927
105,single_feature_hjorth_complexity,127,-2.821313656293429,-2.6549993753433228
105,single_feature_hjorth_complexity,128,-2.8499315701998196,-2.6433944702148438
105,single_feature_hjorth_complexity,129,-2.791385742334219,-2.6424766778945923
105,single_feature_hjorth_complexity,130,-2.7602010506850023,-2.6129928827285767
105,single_feature_hjorth_complexity,131,-2.7824146930988016,-2.5798490047454834
105,single_feature_hjorth_complexity,132,-2.7831379817082333,-2.6406075954437256
105,single_feature_hjorth_complexity,133,-2.78284083879911,-2.673370361328125
105,single_feature_hjorth_complexity,134,-2.8367164868574877,-2.627346396446228
105,single_feature_hjorth_complexity,135,-2.7815525715167704,-2.6256126165390015
