seed,features,mask,n_features,logprob,logprob_se,logprob_uncorrected,in_prior_mass,info_lower_bound
0,none,0,0,0.5676680243447423,0.0087969243995117,0.5338401799201965,0.9669069259580494,-0.075866530645443
0,skewness,1000000,1,1.670644991499558,0.0328869794855757,1.612193124771118,0.944265327841872,1.0271104365093726
0,kurtosis,100000,1,1.199745846651122,0.0202739907448742,1.1528857889175417,0.9550296923900862,0.5562112916609366
0,spectral_slope,10000,1,1.5015339661173523,0.0188768284419584,1.4512208956718444,0.9515247402886572,0.857999411127167
0,total_log_power,1000,1,1.912574818989262,0.022292713341541,1.8435685698509217,0.935433642661786,1.2690402639990768
0,dominant_freq,100,1,1.5101712590675802,0.0246067987791847,1.4547956513404847,0.946637606698396,0.8666367040773949
0,hjorth_mobility,10,1,2.18609741686061,0.0275583851326337,2.12328820810318,0.9410494898418889,1.542562861870425
0,hjorth_complexity,1,1,1.9669388174880296,0.0250489941206781,1.907343032550812,0.9433782067872138,1.3234042624978444
0,skewness|kurtosis,1100000,2,2.5617675803847613,0.0423151889856452,2.4886317655563355,0.9307880998737657,1.918233025394576
0,skewness|spectral_slope,1010000,2,2.7812310240719467,0.0358497567187371,2.696853601074219,0.9239366134835708,2.137696469081761
0,skewness|total_log_power,1001000,2,3.099673937416449,0.0401902877731673,3.037257326602936,0.9426296919964772,2.456139382426264
0,skewness|dominant_freq,1000100,2,2.767628518163413,0.0468318153922608,2.677469489383697,0.9159286907319056,2.124093963173228
0,skewness|hjorth_mobility,1000010,2,3.629234052650258,0.0483134457910933,3.5263254888534545,0.9110376035612024,2.9856994976600726
0,skewness|hjorth_complexity,1000001,2,3.435457749676332,0.0333206479752916,3.36280627784729,0.9311801770796464,2.7919231946861465
0,kurtosis|spectral_slope,110000,2,2.108915605987236,0.0251165857960312,2.05606064119339,0.9494970164384618,1.4653810509970508
0,kurtosis|total_log_power,101000,2,2.381225217572227,0.0340613638187075,2.295453793907165,0.92978612458133,1.737690662582042
0,kurtosis|dominant_freq,100100,2,2.3116017340153454,0.026763073381538,2.242761665344238,0.9346772091735212,1.6680671790251602
0,kurtosis|hjorth_mobility,100010,2,2.901931768760085,0.0311888328842076,2.8219787528038025,0.9274732521195204,2.2583972137699
0,kurtosis|hjorth_complexity,100001,2,2.7607104088108985,0.0282996248918769,2.6907403396606444,0.9341544391218162,2.1171758538207133
0,spectral_slope|total_log_power,11000,2,2.8266139620859176,0.0300180092296816,2.7471344844818115,0.9280989952434632,2.1830794070957324
0,spectral_slope|dominant_freq,10100,2,2.117315659402311,0.0235351902163528,2.066575180530548,0.9511485015639288,1.4737811044121258
0,spectral_slope|hjorth_mobility,10010,2,2.248626739151031,0.0326869656046156,2.1887062789917,0.9437940440223902,1.6050921841608456
0,spectral_slope|hjorth_complexity,10001,2,2.729546652625874,0.0268117503658562,2.672383325004577,0.9463841479410358,2.0860120976356886
0,total_log_power|dominant_freq,1100,2,2.8867208152890207,0.0267449627872604,2.819236263561249,0.9370732523240526,2.2431862602988355
0,total_log_power|hjorth_mobility,1010,2,3.720188666605204,0.0437693897575383,3.600961266994476,0.9034098882790672,3.076654111615019
0,total_log_power|hjorth_complexity,1001,2,3.0830864917092025,0.0310309652566166,2.986203028869629,0.9211247389409558,2.4395519367190173
0,dominant_freq|hjorth_mobility,110,2,2.9436377502594144,0.0265622598977136,2.88968803691864,0.9482732527654706,2.300103195269229
0,dominant_freq|hjorth_complexity,101,2,2.615305920499191,0.0238260949650765,2.5579368569374084,0.9456158309377476,1.9717713655090057
0,hjorth_mobility|hjorth_complexity,11,2,3.8210250527132303,0.0293236656239252,3.765460072135925,0.9478217712105168,3.177490497723045
0,skewness|kurtosis|spectral_slope,1110000,3,3.784700353581831,0.0410576809710404,3.7134391662597657,0.933053448531693,3.1411657985916457
0,skewness|kurtosis|total_log_power,1101000,3,4.22940453318432,0.0506816644737147,4.163455318832398,0.9396316713906993,3.5858699781941343
0,skewness|kurtosis|dominant_freq,1100100,3,3.604224804224819,0.045739812157949,3.5159026794433594,0.9171682956182992,2.960690249234634
0,skewness|kurtosis|hjorth_mobility,1100010,3,4.684855440863222,0.0492098998656871,4.591616481399536,0.9161267148237184,4.041320885873037
0,skewness|kurtosis|hjorth_complexity,1100001,3,3.7291045116383583,0.0433981875148048,3.645381900310516,0.9221267123356592,3.085569956648173
0,skewness|spectral_slope|total_log_power,1011000,3,4.20258591307886,0.0481466298036466,4.116701255226135,0.9239841465482308,3.5590513580886745
0,skewness|spectral_slope|dominant_freq,1010100,3,3.519998407686129,0.0392308197754662,3.426403005313873,0.9163088894609824,2.876463852695944
0,skewness|spectral_slope|hjorth_mobility,1010010,3,3.781819131210818,0.0501236056860494,3.679214035892487,0.9127445353107309,3.138284576220633
0,skewness|spectral_slope|hjorth_complexity,1010001,3,4.386751497363671,0.0357455018572768,4.296776259613037,0.9177544393394604,3.7432169423734862
0,skewness|total_log_power|dominant_freq,1001100,3,4.403714393918216,0.0399688212123627,4.334425576114654,0.9358376101328753,3.760179838928031
0,skewness|total_log_power|hjorth_mobility,1001010,3,5.410407643239573,0.0603427825688093,5.279875385189056,0.9006970176073738,4.766873088249388
0,skewness|total_log_power|hjorth_complexity,1001001,3,4.406334579249099,0.0408053712568983,4.336544207477569,0.9394772154937716,3.7628000242589135
0,skewness|dominant_freq|hjorth_mobility,1000110,3,4.54436635976173,0.0466052451873097,4.454072524738312,0.919742557879048,3.9008318047715447
0,skewness|dominant_freq|hjorth_complexity,1000101,3,4.353365152427926,0.0347199999510022,4.264047932910919,0.917599981491956,3.709830597437741
0,skewness|hjorth_mobility|hjorth_complexity,1000011,3,5.434208296907321,0.0447700215840425,5.342233837223053,0.9162613704949286,4.790673741917136
0,kurtosis|spectral_slope|total_log_power,111000,3,3.404265299932659,0.0375475333929629,3.3155942698478698,0.9229900858440808,2.7607307449424736
0,kurtosis|spectral_slope|dominant_freq,110100,3,2.7832020765960217,0.0271017689720517,2.7248118452072143,0.9444514700030172,2.1396675216058365
0,kurtosis|spectral_slope|hjorth_mobility,110010,3,3.0480742178462448,0.035305654603236,2.985962144947052,0.942063352303481,2.40453966285606
0,kurtosis|spectral_slope|hjorth_complexity,110001,3,3.479517345831544,0.0307382774432553,3.418518050575256,0.9428356321764652,2.835982790841358
0,kurtosis|total_log_power|dominant_freq,101100,3,3.636415062685311,0.0340491778759066,3.565103117656708,0.936198006761238,2.992880507695125
0,kurtosis|total_log_power|hjorth_mobility,101010,3,4.841232535323128,0.04390906609434,4.733831303977967,0.9152910789055102,4.197697980332943
0,kurtosis|total_log_power|hjorth_complexity,101001,3,3.765869066050276,0.0399706867418115,3.6678992164611817,0.92963563130505,3.122334511060091
0,kurtosis|dominant_freq|hjorth_mobility,100110,3,3.643313788071647,0.0327073492701372,3.580617558479309,0.9409465195488316,2.999779233081462
0,kurtosis|dominant_freq|hjorth_complexity,100101,3,3.436443329913541,0.029783183646777,3.371482123565674,0.9390019678803004,2.7929087749233563
0,kurtosis|hjorth_mobility|hjorth_complexity,100011,3,4.433993890453502,0.0388098691942838,4.371135066509247,0.9425900876953368,3.790459335463317
0,spectral_slope|total_log_power|dominant_freq,11100,3,3.5133397539801896,0.0307776713615865,3.448995868206024,0.9411960292219936,2.8698051989900044
0,spectral_slope|total_log_power|hjorth_mobility,11010,3,3.87375252805762,0.0511739349561017,3.7531801854133606,0.9010811765719804,3.2302179730674347
0,spectral_slope|total_log_power|hjorth_complexity,11001,3,4.065253149513155,0.0359014802419875,3.982754679203033,0.9285227614635548,3.42171859452297
0,spectral_slope|dominant_freq|hjorth_mobility,10110,3,3.017620216982812,0.0298939717087941,2.966993741035461,0.9514574127484214,2.3740856619926265
0,spectral_slope|dominant_freq|hjorth_complexity,10101,3,3.003807123558224,0.0279186053765766,2.953482066440582,0.9524158332514726,2.360272568568038
0,spectral_slope|hjorth_mobility|hjorth_complexity,10011,3,3.967749393327906,0.0313458887193697,3.918454796123505,0.9538930607513356,3.324214838337721
0,total_log_power|dominant_freq|hjorth_mobility,1110,3,4.753454136213287,0.0385635593450709,4.663953664207458,0.9245069200934932,4.109919581223102
0,total_log_power|dominant_freq|hjorth_complexity,1101,3,3.914020191603154,0.0327451684414424,3.82690709104538,0.9270217714177024,3.270485636612969
0,total_log_power|hjorth_mobility|hjorth_complexity,1011,3,5.566980129478499,0.0422817706251183,5.448600122642517,0.909255435550637,4.923445574488314
0,dominant_freq|hjorth_mobility|hjorth_complexity,111,3,3.895224373626709,0.03044922283923,3.836164556026459,0.9455801872218268,3.251689818636524
0,skewness|kurtosis|spectral_slope|total_log_power,1111000,4,5.431295492092148,0.0560177454660267,5.347381863498688,0.9281980080053676,4.787760937101963
0,skewness|kurtosis|spectral_slope|dominant_freq,1110100,4,4.33578184629418,0.0431178688589924,4.253559374046326,0.9233187929180388,3.6922472913039934
0,skewness|kurtosis|spectral_slope|hjorth_mobility,1110010,4,4.9096724166452885,0.0515173283295088,4.8215987783432,0.9230019646216968,4.266137861655103
0,skewness|kurtosis|spectral_slope|hjorth_complexity,1110001,4,4.665980489094928,0.0443640847383216,4.580728262329101,0.9222574118740114,4.022445934104742
0,skewness|kurtosis|total_log_power|dominant_freq,1101100,4,5.419321601882577,0.047186168523059,5.349537940597534,0.9368673148704404,4.775787046892392
0,skewness|kurtosis|total_log_power|hjorth_mobility,1101010,4,6.775367088330165,0.0658425814534114,6.710126881694793,0.9433544458796196,6.13183253333998
0,skewness|kurtosis|total_log_power|hjorth_complexity,1101001,4,4.975386712603271,0.0531862361238688,4.894712900257111,0.9317504833035222,4.331852157613086
0,skewness|kurtosis|dominant_freq|hjorth_mobility,1100110,4,5.200390611550584,0.0527158536270742,5.114663951206207,0.921734637212633,4.556856056560399
0,skewness|kurtosis|dominant_freq|hjorth_complexity,1100101,4,4.535331971174479,0.0415401473620846,4.445072197818756,0.9173385986257389,3.8917974161842936
0,skewness|kurtosis|hjorth_mobility|hjorth_complexity,1100011,4,5.896389673669264,0.0520408750737684,5.805131336402893,0.9177504811204102,5.252855118679078
0,skewness|spectral_slope|total_log_power|dominant_freq,1011100,4,5.203127245279774,0.0453655316742034,5.128736890411377,0.9330890958432954,4.5595926902895885
0,skewness|spectral_slope|total_log_power|hjorth_mobility,1011010,4,5.465247122792527,0.0622858464206297,5.313624771118164,0.8857544441890576,4.821712567802342
0,skewness|spectral_slope|total_log_power|hjorth_complexity,1011001,4,5.671647381081059,0.0478814495920303,5.599516256427765,0.9348633556761744,5.028112826090874
0,skewness|spectral_slope|dominant_freq|hjorth_mobility,1010110,4,4.669324957351386,0.0484249714356068,4.575634994125366,0.9205900827092276,4.025790402361201
0,skewness|spectral_slope|dominant_freq|hjorth_complexity,1010101,4,4.812802248865738,0.0377153730858934,4.726112128925323,0.9212791935532612,4.169267693875553
0,skewness|spectral_slope|hjorth_mobility|hjorth_complexity,1010011,4,5.626174566818401,0.046273823477123,5.544048888206482,0.9275722637601336,4.982640011828216
0,skewness|total_log_power|dominant_freq|hjorth_mobility,1001110,4,6.43263265661709,0.0566766212921684,6.357367741680145,0.9351168215328008,5.789098101626905
0,skewness|total_log_power|dominant_freq|hjorth_complexity,1001101,4,5.3383557629928,0.0441913750438661,5.271952480506897,0.939849494607863,4.694821208002614
0,skewness|total_log_power|hjorth_mobility|hjorth_complexity,1001011,4,7.312106654386595,0.0624820462445826,7.231488552856446,0.9341386038836036,6.6685720993964095
0,skewness|dominant_freq|hjorth_mobility|hjorth_complexity,1000111,4,5.810647954797372,0.0468517284639833,5.720352220630645,0.9200554327389736,5.167113399807187
0,kurtosis|spectral_slope|total_log_power|dominant_freq,111100,4,4.237053903265298,0.0369619992350178,4.166804686260224,0.9366217702844002,3.5935193482751124
0,kurtosis|spectral_slope|total_log_power|hjorth_mobility,111010,4,4.874535756461695,0.0471238737213068,4.781564325237274,0.9222772175811882,4.23100120147151
0,kurtosis|spectral_slope|total_log_power|hjorth_complexity,111001,4,4.786852608477696,0.0420909814351866,4.707846308231354,0.932724741302946,4.143318053487511
0,kurtosis|spectral_slope|dominant_freq|hjorth_mobility,110110,4,3.825513842263073,0.035640582857867,3.76375597190857,0.942027708357714,3.181979287272888
0,kurtosis|spectral_slope|dominant_freq|hjorth_complexity,110101,4,3.830242784942687,0.0318677572995823,3.77684576625824,0.9501940508650424,3.1867082299525014
0,kurtosis|spectral_slope|hjorth_mobility|hjorth_complexity,110011,4,4.724858907666057,0.0386502898178039,4.662587943077088,0.945302960279295,4.081324352675872
0,kurtosis|total_log_power|dominant_freq|hjorth_mobility,101110,4,5.675562572073192,0.0436838868530449,5.592764543914795,0.9318653368505846,5.032028017083007
0,kurtosis|total_log_power|dominant_freq|hjorth_complexity,101101,4,4.702555690523609,0.0403302641830807,4.62889098072052,0.9411128617239424,4.059021135533424
0,kurtosis|total_log_power|hjorth_mobility|hjorth_complexity,101011,4,6.258929692539946,0.0510923473048627,6.16846382522583,0.9317188030398996,5.61539513754976
0,kurtosis|dominant_freq|hjorth_mobility|hjorth_complexity,100111,4,4.670587293157354,0.0405363080795045,4.615726517295838,0.9500712778542124,4.027052738167169
0,spectral_slope|total_log_power|dominant_freq|hjorth_mobility,11110,4,4.7534670790098605,0.0438048411525255,4.659647757720947,0.9226455353252064,4.109932524019675
0,spectral_slope|total_log_power|dominant_freq|hjorth_complexity,11101,4,4.391659100563079,0.0381553616739886,4.304921341800689,0.9264197932960878,3.748124545572894
0,spectral_slope|total_log_power|hjorth_mobility|hjorth_complexity,11011,4,5.555918429305405,0.0446672486137139,5.442572085666656,0.9148079133471748,4.91238387431522
0,spectral_slope|dominant_freq|hjorth_mobility|hjorth_complexity,10111,4,4.077916334221512,0.0336048929359427,4.027732391166687,0.954241576692068,3.4343817792313267
0,total_log_power|dominant_freq|hjorth_mobility|hjorth_complexity,1111,4,6.124107133851573,0.0414504095607475,6.001648694229126,0.9088514765335208,5.480572578861388
0,skewness|kurtosis|spectral_slope|total_log_power|dominant_freq,1111100,5,6.151847519549728,0.0523865060268489,6.079143444347381,0.9345346413969132,5.508312964559543
0,skewness|kurtosis|spectral_slope|total_log_power|hjorth_mobility,1111010,5,7.00618696558699,0.0676648783684246,6.937139455318451,0.9405663260503426,6.362652410596805
0,skewness|kurtosis|spectral_slope|total_log_power|hjorth_complexity,1111001,5,6.207686766313016,0.0570322073071614,6.1307017966270445,0.9328435529107378,5.564152211322831
0,skewness|kurtosis|spectral_slope|dominant_freq|hjorth_mobility,1110110,5,5.509821350469441,0.053290179504468,5.42787965965271,0.9259485003742266,4.866286795479256
0,skewness|kurtosis|spectral_slope|dominant_freq|hjorth_complexity,1110101,5,5.038864061778784,0.045167835751773,4.956105412960053,0.92555246290764,4.395329506788599
0,skewness|kurtosis|spectral_slope|hjorth_mobility|hjorth_complexity,1110011,5,6.130528121644258,0.0533217775985375,6.049587904644013,0.9285544431935172,5.486993566654073
0,skewness|kurtosis|total_log_power|dominant_freq|hjorth_mobility,1101110,5,7.491104013801738,0.0642966862604203,7.421766867923736,0.94177820876731,6.847569458811553
0,skewness|kurtosis|total_log_power|dominant_freq|hjorth_complexity,1101101,5,6.015517843263969,0.0527699104219972,5.948416656589508,0.940209891422033,5.371983288273784
0,skewness|kurtosis|total_log_power|hjorth_mobility|hjorth_complexity,1101011,5,8.164494538882002,0.0692618773408079,8.105944140434264,0.9488435552979758,7.520959983891816
0,skewness|kurtosis|dominant_freq|hjorth_mobility|hjorth_complexity,1100111,5,6.083018419734389,0.0552037755669495,6.001372492027283,0.9273306807637426,5.439483864744203
0,skewness|spectral_slope|total_log_power|dominant_freq|hjorth_mobility,1011110,5,6.598676731172949,0.059654742944901,6.519547830581665,0.932308900350436,5.955142176182764
0,skewness|spectral_slope|total_log_power|dominant_freq|hjorth_complexity,1011101,5,6.125348668641597,0.0489210341149016,6.060028627586365,0.9408990005382576,5.481814113651412
0,skewness|spectral_slope|total_log_power|hjorth_mobility|hjorth_complexity,1011011,5,7.63415213163495,0.0620696717378701,7.559349673557281,0.9363960305316744,6.990617576644765
0,skewness|spectral_slope|dominant_freq|hjorth_mobility|hjorth_complexity,1010111,5,6.0274820539698,0.0479437013948136,5.944306017875672,0.9287009780350558,5.383947498979615
0,skewness|total_log_power|dominant_freq|hjorth_mobility|hjorth_complexity,1001111,5,7.91453764834106,0.0610159937222982,7.851443147563934,0.9457663270905436,7.271003093350875
0,kurtosis|spectral_slope|total_log_power|dominant_freq|hjorth_mobility,111110,5,5.805597938808054,0.0472895410355343,5.722745446586609,0.9315603877124068,5.162063383817869
0,kurtosis|spectral_slope|total_log_power|dominant_freq|hjorth_complexity,111101,5,5.320354745611176,0.04378460192603,5.249044659137726,0.9394494963927784,4.67682019062099
0,kurtosis|spectral_slope|total_log_power|hjorth_mobility|hjorth_complexity,111011,5,6.675483650339023,0.0528126512955438,6.596591499614716,0.9371801915400064,6.031949095348837
0,kurtosis|spectral_slope|dominant_freq|hjorth_mobility|hjorth_complexity,110111,5,4.929060915967449,0.0412972401013068,4.867357324790954,0.9477861302667486,4.285526360977264
0,kurtosis|total_log_power|dominant_freq|hjorth_mobility|hjorth_complexity,101111,5,6.9232142455354335,0.053191172721313,6.844000681972504,0.9405029625201828,6.279679690545248
0,spectral_slope|total_log_power|dominant_freq|hjorth_mobility|hjorth_complexity,11111,5,6.1588506356697525,0.0450976232011648,6.038097874069214,0.9136039538491146,5.515316080679567
0,skewness|kurtosis|spectral_slope|total_log_power|dominant_freq|hjorth_mobility,1111110,6,7.734407628981397,0.0661226581340515,7.665341328620911,0.9416791982909148,7.090873073991212
0,skewness|kurtosis|spectral_slope|total_log_power|dominant_freq|hjorth_complexity,1111101,6,6.720219437305629,0.0567506405340412,6.646431170177459,0.9355603869096272,6.076684882315444
0,skewness|kurtosis|spectral_slope|total_log_power|hjorth_mobility|hjorth_complexity,1111011,6,8.573836537240073,0.0707759565199336,8.50957204246521,0.9464158334753624,7.930301982249888
0,skewness|kurtosis|spectral_slope|dominant_freq|hjorth_mobility|hjorth_complexity,1110111,6,6.4155417385786775,0.0557706627364407,6.336282164382935,0.9319643451220332,5.772007183588492
0,skewness|kurtosis|total_log_power|dominant_freq|hjorth_mobility|hjorth_complexity,1101111,6,8.595123614061624,0.0693340209781394,8.535315240383149,0.9492395953464882,7.951589059071439
0,skewness|spectral_slope|total_log_power|dominant_freq|hjorth_mobility|hjorth_complexity,1011111,6,8.223140635710209,0.0624440201543006,8.161495590305329,0.9470613775708576,7.579606080720024
0,kurtosis|spectral_slope|total_log_power|dominant_freq|hjorth_mobility|hjorth_complexity,111111,6,7.191817704179511,0.0542556793196369,7.116908634471893,0.9424831625665704,6.548283149189325
0,skewness|kurtosis|spectral_slope|total_log_power|dominant_freq|hjorth_mobility|hjorth_complexity,1111111,7,9.027411246163398,0.0716065874882108,8.9641988945961,0.9482138543685932,8.383876691173212
1,none,0,0,0.5735419714968651,0.008333133935269,0.5331245453834533,0.9605782078154534,-0.0699925834933201
1,skewness,1000000,1,1.6874256453074514,0.0319725479355027,1.5913147763252258,0.9120078940558256,1.043891090317266
1,kurtosis,100000,1,1.1600730639718473,0.0203801583865262,1.0993537797927857,0.9424752275860184,0.516538508981662
1,spectral_slope,10000,1,1.399121185083687,0.0169801772271829,1.3456435012817385,0.948459389829462,0.755586630093502
1,total_log_power,1000,1,2.015239237019792,0.0191030756778851,1.9448465970039368,0.9331049272180136,1.3717046820296068
1,dominant_freq,100,1,1.4071315078809858,0.0213563116542618,1.3511544211387634,0.9459643372437448,0.7635969528908005
1,hjorth_mobility,10,1,1.9205477135311813,0.0261036372628984,1.860276065826416,0.944352463785769,1.277013158540996
1,hjorth_complexity,1,1,1.6413182942375542,0.0231546920981849,1.5861346712112427,0.9472079097870516,0.9977837392473689
1,skewness|kurtosis,1100000,2,2.5298397442407907,0.0354036576516438,2.425975783252716,0.9038851245046226,1.8863051892506053
1,skewness|spectral_slope,1010000,2,2.692151237374917,0.0358751134763789,2.594035865306854,0.9120475011086212,2.0486166823847314
1,skewness|total_log_power,1001000,2,3.2680932960115374,0.0378582653957601,3.1606387194633485,0.9020118549266648,2.624558741021352
1,skewness|dominant_freq,1000100,2,2.696249661605805,0.039749935792954,2.596456378078461,0.9109425543217742,2.05271510661562
1,skewness|hjorth_mobility,1000010,2,3.308600120279193,0.0456318284006786,3.2013694043159484,0.9098613698184436,2.665065565289008
1,skewness|hjorth_complexity,1000001,2,3.1403877037100494,0.0319644886010426,3.0319887845039366,0.902411861854186,2.496853148719864
1,kurtosis|spectral_slope,110000,2,1.980638209865988,0.0242770222844657,1.9073705204963685,0.931144535184401,1.337103654875802
1,kurtosis|total_log_power,101000,2,2.2784883536476643,0.0286289564320829,2.1997239406585694,0.9287603750623176,1.6349537986574791
1,kurtosis|dominant_freq,100100,2,2.177625313716009,0.0247951074810652,2.1029684281349184,0.9294930476973864,1.534090758725824
1,kurtosis|hjorth_mobility,100010,2,2.62722386482805,0.0319350578928885,2.556978879928589,0.9377227575133936,1.9836893098378647
1,kurtosis|hjorth_complexity,100001,2,2.3897963555131105,0.0262760241622752,2.327334683609009,0.9414574081359746,1.7462618005229251
1,spectral_slope|total_log_power,11000,2,2.789622397206351,0.0221983372721437,2.719982926654816,0.9349148337666244,2.1460878422161658
1,spectral_slope|dominant_freq,10100,2,1.9786902162455025,0.0215426221881161,1.9254731929779048,0.948784143751266,1.335155661255317
1,spectral_slope|hjorth_mobility,10010,2,2.090371048288047,0.0301747544698691,2.033975241470337,0.9475366230622138,1.446836493297862
1,spectral_slope|hjorth_complexity,10001,2,2.429208036951348,0.024579469364371,2.3651956594467163,0.9398574152182344,1.785673481961163
1,total_log_power|dominant_freq,1100,2,2.7121910059504213,0.0241899839225012,2.646583144187927,0.9378296860290116,2.068656450960236
1,total_log_power|hjorth_mobility,1010,2,3.4760335125774144,0.0358346744928611,3.348956945800781,0.9009425583663851,2.832498957587229
1,total_log_power|hjorth_complexity,1001,2,2.6053536133173854,0.0282624389653741,2.5470025610923765,0.946047512278244,1.9618190583272
1,dominant_freq|hjorth_mobility,110,2,2.5822054124210028,0.0264477182482991,2.5289701182365416,0.9492871167599344,1.9386708574308176
1,dominant_freq|hjorth_complexity,101,2,2.19425668300353,0.0236782358061576,2.143539885044098,0.951504940422302,1.5507221280133447
1,hjorth_mobility|hjorth_complexity,11,2,3.163119121314585,0.0286796220987376,3.102289640808105,0.943267314434434,2.5195845663244
1,skewness|kurtosis|spectral_slope,1110000,3,3.52852588192448,0.0389138021266462,3.4226962903022766,0.9033782002239066,2.884991326934295
1,skewness|kurtosis|total_log_power,1101000,3,3.634009934908897,0.0441306847065884,3.5362707137107847,0.912170276241125,2.990475379918712
1,skewness|kurtosis|dominant_freq,1100100,3,3.659802677691728,0.0375388754670827,3.5572843203544617,0.905738594468698,3.016268122701543
1,skewness|kurtosis|hjorth_mobility,1100010,3,4.313044882104919,0.0476489508171892,4.224998687076568,0.9207603799098516,3.669510327114733
1,skewness|kurtosis|hjorth_complexity,1100001,3,3.46656932076104,0.0392849716164788,3.371938999080658,0.9126574065287284,2.8230347657708545
1,skewness|spectral_slope|total_log_power,1011000,3,4.169713152390719,0.0447152043182428,4.056635326385498,0.9014930486439916,3.5261785974005333
1,skewness|spectral_slope|dominant_freq,1010100,3,3.291509237935394,0.040188214933998,3.2019792786598207,0.9228712728242252,2.647974682945209
1,skewness|spectral_slope|hjorth_mobility,1010010,3,3.521473505432904,0.0487504380325456,3.4304384189605712,0.9253940463714966,2.877938950442718
1,skewness|spectral_slope|hjorth_complexity,1010001,3,4.098502635668591,0.0351988737389884,3.985702205657959,0.9020633509913824,3.4549680806784053
1,skewness|total_log_power|dominant_freq,1001100,3,4.089299700779096,0.0395416860220673,3.982082551670074,0.9042732485878368,3.4457651457889105
1,skewness|total_log_power|hjorth_mobility,1001010,3,5.217966229116172,0.0562857859449465,5.083543257713318,0.8930970153025766,4.574431674125987
1,skewness|total_log_power|hjorth_complexity,1001001,3,4.150600720041618,0.0385557748855455,4.067144182872772,0.9248752323246008,3.507066165051433
1,skewness|dominant_freq|hjorth_mobility,1000110,3,4.036932161746919,0.0450441389136061,3.943239347267151,0.9219920657998032,3.393397606756734
1,skewness|dominant_freq|hjorth_complexity,1000101,3,3.902519430296868,0.0314842231473446,3.803980318260193,0.9140435480721696,3.258984875306683
1,skewness|hjorth_mobility|hjorth_complexity,1000011,3,5.0082425370689485,0.0423853656088517,4.897368629932403,0.9056475095722633,4.364707982078763
1,kurtosis|spectral_slope|total_log_power,111000,3,3.25421626309827,0.0314510257828183,3.171669594860077,0.9255207751913264,2.6106817081080846
1,kurtosis|spectral_slope|dominant_freq,110100,3,2.674455957664177,0.0271696409362892,2.60519127073288,0.9345187932092762,2.030921402673992
1,kurtosis|spectral_slope|hjorth_mobility,110010,3,2.893026062366366,0.033365908102551,2.83275552854538,0.9446930569110802,2.249491507376181
1,kurtosis|spectral_slope|hjorth_complexity,110001,3,3.137460245736688,0.0295380499819465,3.076435181903839,0.9426138487650926,2.493925690746503
1,kurtosis|total_log_power|dominant_freq,101100,3,3.2871574947610496,0.0303782886738887,3.214422106838226,0.9335920620521408,2.6436229397708644
1,kurtosis|total_log_power|hjorth_mobility,101010,3,4.440135459876433,0.0404776848406878,4.328705228328705,0.9159088976791718,3.796600904886248
1,kurtosis|total_log_power|hjorth_complexity,101001,3,3.212479078641534,0.0361547309388991,3.151412914943695,0.9478692941331917,2.5689445236513486
1,kurtosis|dominant_freq|hjorth_mobility,100110,3,3.282502375577017,0.0317124709400166,3.222210327529907,0.9434890952823716,2.6389678205868323
1,kurtosis|dominant_freq|hjorth_complexity,100101,3,2.9952878388669344,0.0291889927288966,2.929438909626007,0.9386692939154204,2.351753283876749
1,kurtosis|hjorth_mobility|hjorth_complexity,100011,3,3.836758188188821,0.0390131530946527,3.773672417545319,0.9421346408466365,3.193223633198636
1,spectral_slope|total_log_power|dominant_freq,11100,3,3.271618427779898,0.027653109638742,3.209628084850311,0.9419009764683683,2.6280838727897127
1,spectral_slope|total_log_power|hjorth_mobility,11010,3,3.585337191864848,0.0429131403352228,3.4740070104599,0.9075920664256676,2.941802636874663
1,spectral_slope|total_log_power|hjorth_complexity,11001,3,3.564668229573965,0.0285394595581043,3.5047229927062986,0.9440118684442568,2.92113367458378
1,spectral_slope|dominant_freq|hjorth_mobility,10110,3,2.6544631085917354,0.0310007516460194,2.6023791074752807,0.950653455141762,2.01092855360155
1,spectral_slope|dominant_freq|hjorth_complexity,10101,3,2.615233501625061,0.0272017701125491,2.5593166984558104,0.9471881101879546,1.971698946634876
1,spectral_slope|hjorth_mobility|hjorth_complexity,10011,3,3.2914948814731093,0.0308821955621362,3.24110567483902,0.9523801887540416,2.647960326482924
1,total_log_power|dominant_freq|hjorth_mobility,1110,3,4.077758464470506,0.0340581115781482,3.9765696918487534,0.9160752337912992,3.4342239094803206
1,total_log_power|dominant_freq|hjorth_complexity,1101,3,3.1871676278471948,0.0308470470621466,3.1344043357849123,0.9511366259619212,2.5436330728570096
1,total_log_power|hjorth_mobility|hjorth_complexity,1011,3,4.558181888764351,0.0349089584221061,4.466943693637848,0.925338602082551,3.914647333774166
1,dominant_freq|hjorth_mobility|hjorth_complexity,111,3,3.285760477975756,0.0299706561677637,3.2334034130096434,0.9507128618455624,2.642225922985571
1,skewness|kurtosis|spectral_slope|total_log_power,1111000,4,4.888884205066413,0.0489658436091823,4.793536310195923,0.9156593892764155,4.245349650076228
1,skewness|kurtosis|spectral_slope|dominant_freq,1110100,4,4.165785223775357,0.0406795985185341,4.076540144634246,0.9187762231253388,3.522250668785172
1,skewness|kurtosis|spectral_slope|hjorth_mobility,1110010,4,4.668640613064915,0.0499221700236928,4.586136801528931,0.9268950355956386,4.02510605807473
1,skewness|kurtosis|spectral_slope|hjorth_complexity,1110001,4,4.438494237834588,0.0412634892311087,4.344652670955658,0.9146059251939738,3.7949596828444014
1,skewness|kurtosis|total_log_power|dominant_freq,1101100,4,4.793773227580637,0.0442140450677768,4.690915047264099,0.9093306781550502,4.150238672590452
1,skewness|kurtosis|total_log_power|hjorth_mobility,1101010,4,6.279491666101665,0.0599735192959541,6.207582917308807,0.93708513709763,5.63595711111148
1,skewness|kurtosis|total_log_power|hjorth_complexity,1101001,4,4.477268042422086,0.0488857930633475,4.391153707408905,0.925215827503834,3.8337334874319007
1,skewness|kurtosis|dominant_freq|hjorth_mobility,1100110,4,4.89370186368674,0.0460699873979267,4.810087757968903,0.9239841441027316,4.250167308696555
1,skewness|kurtosis|dominant_freq|hjorth_complexity,1100101,4,4.3731002195727084,0.0386132169672776,4.273492295265198,0.9097187972282466,3.7295656645825233
1,skewness|kurtosis|hjorth_mobility|hjorth_complexity,1100011,4,5.457317314625532,0.0496877667104274,5.3650520644187925,0.9165940449890088,4.813782759635346
1,skewness|spectral_slope|total_log_power|dominant_freq,1011100,4,4.812888358172402,0.0475995669193977,4.711458901977539,0.913493055476112,4.169353803182217
1,skewness|spectral_slope|total_log_power|hjorth_mobility,1011010,4,5.215105320753902,0.0606467552555269,5.07507042388916,0.8932118684956271,4.571570765763717
1,skewness|spectral_slope|total_log_power|hjorth_complexity,1011001,4,5.285588499242067,0.0452904456699627,5.205999442195893,0.9284554320958034,4.642053944251882
1,skewness|spectral_slope|dominant_freq|hjorth_mobility,1010110,4,4.2265170812092725,0.0499370121774248,4.133051554012298,0.9253267214505588,3.582982526219088
1,skewness|spectral_slope|dominant_freq|hjorth_complexity,1010101,4,4.529394661290944,0.0367352726389914,4.424017231750488,0.9129386012404536,3.88586010630076
1,skewness|spectral_slope|hjorth_mobility|hjorth_complexity,1010011,4,5.257934649335965,0.0462691482427883,5.15307144575119,0.9130653317404722,4.61440009434578
1,skewness|total_log_power|dominant_freq|hjorth_mobility,1001110,4,5.961643370107561,0.0546932623550981,5.849524032306671,0.9063485012030316,5.318108815117376
1,skewness|total_log_power|dominant_freq|hjorth_complexity,1001101,4,4.7909076626081015,0.0407432047000704,4.716740556526184,0.9334811755286644,4.147373107617916
1,skewness|total_log_power|hjorth_mobility|hjorth_complexity,1001011,4,6.635113893793151,0.055837557695862,6.552286089706421,0.9305108794276415,5.991579338802966
1,skewness|dominant_freq|hjorth_mobility|hjorth_complexity,1000111,4,5.298917189461738,0.0426144818233127,5.192091805553436,0.9121623624590064,4.655382634471553
1,kurtosis|spectral_slope|total_log_power|dominant_freq,111100,4,3.86930089369826,0.0346705735058959,3.790391023635864,0.9304277089718288,3.225766338708075
1,kurtosis|spectral_slope|total_log_power|hjorth_mobility,111010,4,4.6391233499184255,0.0422430422138942,4.541303849220276,0.9193584037768764,3.99558879492824
1,kurtosis|spectral_slope|total_log_power|hjorth_complexity,111001,4,4.269011587445438,0.0384024423710244,4.208765834140777,0.9465069202996798,3.6254770324552528
1,kurtosis|spectral_slope|dominant_freq|hjorth_mobility,110110,4,3.410902882005647,0.0357019798700618,3.3510232604980468,0.944162364652012,2.7673683270154616
1,kurtosis|spectral_slope|dominant_freq|hjorth_complexity,110101,4,3.418072664716467,0.0332232577938565,3.3586111338615416,0.9444158324160832,2.774538109726282
1,kurtosis|spectral_slope|hjorth_mobility|hjorth_complexity,110011,4,4.006224131059646,0.040483720564414,3.9519145970344542,0.94948117768793,3.362689576069461
1,kurtosis|total_log_power|dominant_freq|hjorth_mobility,101110,4,4.997734971481561,0.0401915305691368,4.90545382528305,0.9257940461669336,4.354200416491376
1,kurtosis|total_log_power|dominant_freq|hjorth_complexity,101101,4,3.978786845984682,0.0375530722708393,3.9260162113189696,0.9536435557634508,3.335252290994497
1,kurtosis|total_log_power|hjorth_mobility|hjorth_complexity,101011,4,5.528447427375987,0.0454967527053076,5.463574510669709,0.9463841488145048,4.884912872385802
1,kurtosis|dominant_freq|hjorth_mobility|hjorth_complexity,100111,4,4.078785456324368,0.0396095111838072,4.020710828590393,0.946308899274127,3.435250901334183
1,spectral_slope|total_log_power|dominant_freq|hjorth_mobility,11110,4,4.15491960631758,0.0403450233664837,4.048710320663452,0.9138772178856124,3.5113850513273945
1,spectral_slope|total_log_power|dominant_freq|hjorth_complexity,11101,4,3.744915139986575,0.0329264273631771,3.685019883441925,0.945885141218652,3.1013805849963894
1,spectral_slope|total_log_power|hjorth_mobility|hjorth_complexity,11011,4,4.874386619181186,0.0398475093889221,4.777172146034241,0.9210415736969644,4.230852064191001
1,spectral_slope|dominant_freq|hjorth_mobility|hjorth_complexity,10111,4,3.407226018647477,0.0349519355844157,3.360025391960144,0.955722764704088,2.763691463657292
1,total_log_power|dominant_freq|hjorth_mobility|hjorth_complexity,1111,4,4.994803256214783,0.0368801086052175,4.903404214096069,0.9256118718871934,4.351268701224598
1,skewness|kurtosis|spectral_slope|total_log_power|dominant_freq,1111100,5,5.57219184964709,0.0504973476117504,5.476822114372253,0.918047511099069,4.9286572946569045
1,skewness|kurtosis|spectral_slope|total_log_power|hjorth_mobility,1111010,5,6.542402727173269,0.0612771101811637,6.456969581890106,0.9272989985690974,5.898868172183084
1,skewness|kurtosis|spectral_slope|total_log_power|hjorth_complexity,1111001,5,5.664175628921017,0.0525818698372787,5.589640268135071,0.9334019677491066,5.020641073930832
1,skewness|kurtosis|spectral_slope|dominant_freq|hjorth_mobility,1110110,5,5.205850207709894,0.0513283085645478,5.1248521266937255,0.9289425608525486,4.562315652719708
1,skewness|kurtosis|spectral_slope|dominant_freq|hjorth_complexity,1110101,5,4.808966998302192,0.0424847363975396,4.722617673492431,0.922091076515969,4.165432443312007
1,skewness|kurtosis|spectral_slope|hjorth_mobility|hjorth_complexity,1110011,5,5.818337583792582,0.0526895750302902,5.728450423049927,0.9197267185276864,5.174803028802397
1,skewness|kurtosis|total_log_power|dominant_freq|hjorth_mobility,1101110,5,6.865950831167027,0.0586286536009503,6.790197699737549,0.934178206058499,6.222416276176842
1,skewness|kurtosis|total_log_power|dominant_freq|hjorth_complexity,1101101,5,5.39565627952218,0.0471196670588464,5.320466456508637,0.9343207801894794,4.752121724531995
1,skewness|kurtosis|total_log_power|hjorth_mobility|hjorth_complexity,1101011,5,7.387621447869763,0.062631796461861,7.329319274997711,0.948550484714354,6.744086892879578
1,skewness|kurtosis|dominant_freq|hjorth_mobility|hjorth_complexity,1100111,5,5.719396193457768,0.049794390099111,5.629645668506623,0.9209980063963238,5.075861638467583
1,skewness|spectral_slope|total_log_power|dominant_freq|hjorth_mobility,1011110,5,6.057792256074399,0.0594538306285706,5.952505262279511,0.9157108796413208,5.414257701084214
1,skewness|spectral_slope|total_log_power|dominant_freq|hjorth_complexity,1011101,5,5.701800850551948,0.0464046506916452,5.629563057804107,0.9360554341009698,5.058266295561762
1,skewness|spectral_slope|total_log_power|hjorth_mobility|hjorth_complexity,1011011,5,6.889003307973966,0.0588734557472108,6.797015451812745,0.9253227613250568,6.245468752983781
1,skewness|spectral_slope|dominant_freq|hjorth_mobility|hjorth_complexity,1010111,5,5.499860856922344,0.046721347364292,5.395580690860748,0.91693068095534,4.856326301932159
1,skewness|total_log_power|dominant_freq|hjorth_mobility|hjorth_complexity,1001111,5,7.045189523341135,0.0554731739115396,6.970816205406189,0.9360237518644932,6.401654968350949
1,kurtosis|spectral_slope|total_log_power|dominant_freq|hjorth_mobility,111110,5,5.235434008512273,0.043921048773818,5.138079749298096,0.9212277117925708,4.591899453522088
1,kurtosis|spectral_slope|total_log_power|dominant_freq|hjorth_complexity,111101,5,4.589816559721157,0.0411989671609969,4.527266746616363,0.946392071209649,3.946282004730972
1,kurtosis|spectral_slope|total_log_power|hjorth_mobility|hjorth_complexity,111011,5,5.933550213710591,0.0502523101627054,5.85969037361145,0.9395405843429224,5.290015658720406
1,kurtosis|spectral_slope|dominant_freq|hjorth_mobility|hjorth_complexity,110111,5,4.253698764888942,0.0432391918252894,4.200646894741058,0.9509029612991122,3.610164209898757
1,kurtosis|total_log_power|dominant_freq|hjorth_mobility|hjorth_complexity,101111,5,5.968150125637278,0.0478703989671776,5.899605014896393,0.9442772192784954,5.324615570647093
1,spectral_slope|total_log_power|dominant_freq|hjorth_mobility|hjorth_complexity,11111,5,4.998803127000481,0.0410066466316626,4.890086433506012,0.9167287056344684,4.355268572010296
1,skewness|kurtosis|spectral_slope|total_log_power|dominant_freq|hjorth_mobility,1111110,6,7.183241125415639,0.0631987682983128,7.097166820716858,0.9287841473173424,6.539706570425453
1,skewness|kurtosis|spectral_slope|total_log_power|dominant_freq|hjorth_complexity,1111101,6,6.160021423785761,0.0522395539713752,6.089819795036316,0.938229693044851,5.516486868795576
1,skewness|kurtosis|spectral_slope|total_log_power|hjorth_mobility|hjorth_complexity,1111011,6,7.859195454161614,0.0655941175553876,7.785343660449982,0.93750493946819,7.215660899171429
1,skewness|kurtosis|spectral_slope|dominant_freq|hjorth_mobility|hjorth_complexity,1110111,6,6.091031953861564,0.0534375935051618,6.009164995193482,0.9278772163216028,5.447497398871379
1,skewness|kurtosis|total_log_power|dominant_freq|hjorth_mobility|hjorth_complexity,1101111,6,7.870898681119457,0.062778246175148,7.806523791217804,0.94542177317258,7.227364126129272
1,skewness|spectral_slope|total_log_power|dominant_freq|hjorth_mobility|hjorth_complexity,1011111,6,7.36779091184251,0.0585038028094332,7.287990969085693,0.9348871195028888,6.724256356852325
1,kurtosis|spectral_slope|total_log_power|dominant_freq|hjorth_mobility|hjorth_complexity,111111,6,6.291668992545828,0.0522190129504245,6.211641483783722,0.9387722705265512,5.648134437555643
1,skewness|kurtosis|spectral_slope|total_log_power|dominant_freq|hjorth_mobility|hjorth_complexity,1111111,7,8.341504297551886,0.0659767633324197,8.269517127418519,0.9411287038163358,7.697969742561701
5,none,0,0,0.5862535478256643,0.008138031626719,0.551244703578949,0.9657742513940734,-0.057281007164521
5,skewness,1000000,1,1.5077057741049678,0.0313657457529399,1.4420461738586423,0.9416791936427972,0.8641712191147825
5,kurtosis,100000,1,1.084232283668965,0.0236112817356904,1.0375641578674315,0.9560633523692424,0.4406977286787797
5,spectral_slope,10000,1,1.4588332175128162,0.0162616764524113,1.4138865396499634,0.956392066636723,0.815298662522631
5,total_log_power,1000,1,2.03506998401694,0.0188975891658896,1.9747525170326232,0.9421583951720942,1.3915354290267548
5,dominant_freq,100,1,1.5102985749542712,0.0240046426071802,1.462493682575226,0.9537742451679108,0.8667640199640859
5,hjorth_mobility,10,1,1.974708484183252,0.0267659625066285,1.9040582214355468,0.9343881034318398,1.3311739291930669
5,hjorth_complexity,1,1,1.6790164852909744,0.021435489950039,1.6129382918357849,0.9387603868878246,1.0354819303007892
5,skewness|kurtosis,1100000,2,2.400683863952384,0.040055917798047,2.3312596491813657,0.9356554266957516,1.757149308962198
5,skewness|spectral_slope,1010000,2,2.5940710393700748,0.0343319532944207,2.512392187213898,0.9289385990838336,1.9505364843798896
5,skewness|total_log_power,1001000,2,2.868494949172437,0.0382060815731495,2.791076108455658,0.9289425578690484,2.224960394182252
5,skewness|dominant_freq,1000100,2,2.522999822535366,0.0425198331800916,2.4341311324119568,0.9207247339813526,1.8794652675451808
5,skewness|hjorth_mobility,1000010,2,3.278901112628356,0.043745593248639,3.183347212600708,0.9162494878271332,2.63536655763817
5,skewness|hjorth_complexity,1000001,2,3.010316112791002,0.0321547462947822,2.9136967303276062,0.9130574051834872,2.3667815578008167
5,kurtosis|spectral_slope,110000,2,1.981451846391708,0.0262472202328519,1.931011299324036,0.9526336491620144,1.3379172914015225
5,kurtosis|total_log_power,101000,2,2.2530674318861217,0.0305076025057711,2.185382239341736,0.9372593845006016,1.6095328768959365
5,kurtosis|dominant_freq,100100,2,2.2037819834377617,0.0315987741053364,2.1514129638671875,0.9509940468676796,1.5602474284475765
5,kurtosis|hjorth_mobility,100010,2,2.6582923740353435,0.0337399825300713,2.5753407355308533,0.9258138441060088,2.0147578190451583
5,kurtosis|hjorth_complexity,100001,2,2.3961168658774348,0.030712982272267,2.3305363567352293,0.9387722585453636,1.7525823108872496
5,spectral_slope|total_log_power,11000,2,2.8504139528002588,0.023279038159759,2.7919104532241823,0.9441465197183644,2.2068793978100736
5,spectral_slope|dominant_freq,10100,2,2.0236967537421733,0.0233369350627437,1.9785287528038025,0.9563049391622775,1.380162198751988
5,spectral_slope|hjorth_mobility,10010,2,2.0931569775529204,0.0328812601736459,2.021442200756073,0.9334970133217833,1.4496224225627352
5,spectral_slope|hjorth_complexity,10001,2,2.5171689179014414,0.0248004667409421,2.461546307373047,0.9478336533819716,1.873634362911256
5,total_log_power|dominant_freq,1100,2,2.797098899818212,0.0244492648348226,2.7427069049835207,0.9477584005512284,2.1535643448280264
5,total_log_power|hjorth_mobility,1010,2,3.4705580995108933,0.040488591286299,3.349446556663513,0.9056791929954624,2.827023544520708
5,total_log_power|hjorth_complexity,1001,2,2.78368716962561,0.0281161487478317,2.720049291229248,0.939786125195275,2.140152614635425
5,dominant_freq|hjorth_mobility,110,2,2.640952680708468,0.0297286549602255,2.577043681240082,0.9394930536390216,1.9974181257182824
5,dominant_freq|hjorth_complexity,101,2,2.3792761296842246,0.0255390595537189,2.322690846538544,0.9461465223830656,1.7357415746940394
5,hjorth_mobility|hjorth_complexity,11,2,3.39953862920627,0.0301512388140006,3.334111275100708,0.9384554325941572,2.7560040742160847
5,skewness|kurtosis|spectral_slope,1110000,3,3.37168261815086,0.0416726379962899,3.293106949710846,0.9279366174801866,2.728148063160675
5,skewness|kurtosis|total_log_power,1101000,3,3.529332803195715,0.0433663565447878,3.445920651245117,0.9254138442783972,2.8857982482055298
5,skewness|kurtosis|dominant_freq,1100100,3,3.399421738054231,0.0447900023884238,3.315739965343475,0.9230059227161924,2.7558871830640457
5,skewness|kurtosis|hjorth_mobility,1100010,3,4.2639891496218745,0.049632972090048,4.180069894790649,0.9234772103410712,3.620454594631689
5,skewness|kurtosis|hjorth_complexity,1100001,3,3.4403654429301618,0.0423883508180795,3.334476351928711,0.902744532991892,2.7968308879399766
5,skewness|spectral_slope|total_log_power,1011000,3,3.901981202572584,0.0428206953094753,3.820100032043457,0.9259009749774854,3.258446647582399
5,skewness|spectral_slope|dominant_freq,1010100,3,3.3163773868642745,0.0393753047198668,3.2309607712745665,0.9247564196338196,2.6728428318740893
5,skewness|spectral_slope|hjorth_mobility,1010010,3,3.413685232336074,0.0487798865855292,3.306785768890381,0.9096079061867742,2.770150677345889
5,skewness|spectral_slope|hjorth_complexity,1010001,3,4.079672795449943,0.034990098616067,3.9830282725334167,0.914297013116978,3.4361382404597576
5,skewness|total_log_power|dominant_freq,1001100,3,4.080997529624402,0.0382094392917857,3.996699454975128,0.9229861228445424,3.437462974634217
5,skewness|total_log_power|hjorth_mobility,1001010,3,5.005707393286005,0.0538513494462865,4.897236686992645,0.909928699597319,4.36217283829582
5,skewness|total_log_power|hjorth_complexity,1001001,3,4.138447059952095,0.0390068136911805,4.06574090871811,0.9331524580998072,3.49491250496191
5,skewness|dominant_freq|hjorth_mobility,1000110,3,4.128651890123263,0.046195207105982,4.033410085678101,0.9162534483700056,3.485117335133077
5,skewness|dominant_freq|hjorth_complexity,1000101,3,3.98204852075614,0.0345737325624497,3.883620383548736,0.9114138413964428,3.338513965765955
5,skewness|hjorth_mobility|hjorth_complexity,1000011,3,5.0651865785304455,0.0436529123480968,4.948865747356415,0.8974692886502529,4.42165202354026
5,kurtosis|spectral_slope|total_log_power,111000,3,3.24880115143843,0.0346852069438627,3.183820155620575,0.93999206348538,2.605266596448245
5,kurtosis|spectral_slope|dominant_freq,110100,3,2.6438272503830493,0.0327043917276605,2.5928119955062865,0.952201966780456,2.000292695392864
5,kurtosis|spectral_slope|hjorth_mobility,110010,3,2.800279564018548,0.0363560715036792,2.7235003686904906,0.9321227564706775,2.1567450090283624
5,kurtosis|spectral_slope|hjorth_complexity,110001,3,3.309904902172461,0.0318893221431932,3.252403985595703,0.946669294916896,2.666370347182276
5,kurtosis|total_log_power|dominant_freq,101100,3,3.20422328120023,0.0327190546754933,3.147622428798676,0.9476079063637582,2.560688726210045
5,kurtosis|total_log_power|hjorth_mobility,101010,3,4.4835280641298745,0.0431745153053434,4.372487064743042,0.9171049351085502,3.839993509139689
5,kurtosis|total_log_power|hjorth_complexity,101001,3,3.470810861942917,0.0369254489341285,3.4083984168052672,0.9427207783370432,2.827276306952732
5,kurtosis|dominant_freq|hjorth_mobility,100110,3,3.247500766472146,0.0383303526743121,3.184202484226226,0.9414138472384416,2.6039662114819606
5,kurtosis|dominant_freq|hjorth_complexity,100101,3,3.2804843409072606,0.0332663719665809,3.221489137077332,0.9449821645034364,2.6369497859170754
5,kurtosis|hjorth_mobility|hjorth_complexity,100011,3,4.185193143061921,0.0419714611431416,4.11583651638031,0.9367286991212496,3.541658588071736
5,spectral_slope|total_log_power|dominant_freq,11100,3,3.333246272178367,0.0272976412640704,3.2843145400047304,0.9531049397405746,2.6897117171881817
5,spectral_slope|total_log_power|hjorth_mobility,11010,3,3.5752968236293645,0.0456197841234917,3.490395645236969,0.925302957024395,2.93176226863918
5,spectral_slope|total_log_power|hjorth_complexity,11001,3,3.61555014048405,0.0327749243375065,3.5633066528320314,0.9503762285467108,2.972015585493865
5,spectral_slope|dominant_freq|hjorth_mobility,10110,3,2.6891043704800306,0.0343053414904838,2.6251224645614624,0.9397821644452212,2.0455698154898454
5,spectral_slope|dominant_freq|hjorth_complexity,10101,3,2.832597351530194,0.027389139814042,2.775850277900696,0.9476435548661236,2.189062796540009
5,spectral_slope|hjorth_mobility|hjorth_complexity,10011,3,3.624696542848274,0.0339931112062907,3.559774075508117,0.94230493981077,2.981161987858089
5,total_log_power|dominant_freq|hjorth_mobility,1110,3,4.220154016859085,0.036397285111961,4.153442776298523,0.9399643446926744,3.5766194618689
5,total_log_power|dominant_freq|hjorth_complexity,1101,3,3.427276071283221,0.0307122410296429,3.376388718795776,0.9515326621580994,2.783741516293036
5,total_log_power|hjorth_mobility|hjorth_complexity,1011,3,4.674276257333159,0.0400679305531733,4.611417100811004,0.9432633566993208,4.030741702342974
5,dominant_freq|hjorth_mobility|hjorth_complexity,111,3,3.612047682990879,0.0330679501441862,3.5475481486320497,0.9400633542442188,2.968513128000694
5,skewness|kurtosis|spectral_slope|total_log_power,1111000,4,4.727203403225913,0.0509576915189552,4.64893004579544,0.929081173335308,4.083668848235728
5,skewness|kurtosis|spectral_slope|dominant_freq,1110100,4,4.072151625709235,0.0465947322903768,3.984397853374481,0.919885131695958,3.42861707071905
5,skewness|kurtosis|spectral_slope|hjorth_mobility,1110010,4,4.579750989673287,0.0528945259105321,4.479045258522033,0.9123643401465276,3.936216434683102
5,skewness|kurtosis|spectral_slope|hjorth_complexity,1110001,4,4.507507415621356,0.0451012390648484,4.409292457008362,0.9109425567080548,3.8639728606311694
5,skewness|kurtosis|total_log_power|dominant_freq,1101100,4,4.642318761722744,0.0454121688104279,4.563036703968048,0.928708896075669,3.998784206732559
5,skewness|kurtosis|total_log_power|hjorth_mobility,1101010,4,6.053408071557805,0.0589007953188912,5.987738875770569,0.9415762260271432,5.40987351656762
5,skewness|kurtosis|total_log_power|hjorth_complexity,1101001,4,4.385038988285884,0.0490539647426668,4.30275428571701,0.9262574106287862,3.741504433295699
5,skewness|kurtosis|dominant_freq|hjorth_mobility,1100110,4,4.884437909080833,0.0517029348766342,4.791335256767273,0.9157702825176064,4.240903354090648
5,skewness|kurtosis|dominant_freq|hjorth_complexity,1100101,4,4.348470005399362,0.0438736738875945,4.252074331760406,0.91225740805267,3.704935450409177
5,skewness|kurtosis|hjorth_mobility|hjorth_complexity,1100011,4,5.502933877146244,0.0530176140967319,5.394178773212433,0.903473251277542,4.859399322156059
5,skewness|spectral_slope|total_log_power|dominant_freq,1011100,4,4.7248707845062015,0.0420611605607163,4.641397471523285,0.9248989962003143,4.081336229516016
5,skewness|spectral_slope|total_log_power|hjorth_mobility,1011010,4,5.177462033621222,0.0581641618067748,5.072931472301483,0.9120593930984768,4.533927478631036
5,skewness|spectral_slope|total_log_power|hjorth_complexity,1011001,4,5.135019263753295,0.0453726352776086,5.069200991725921,0.939259391642868,4.491484708763109
5,skewness|spectral_slope|dominant_freq|hjorth_mobility,1010110,4,4.111464996126294,0.0505115897829606,4.01748801984787,0.9187643419483816,3.467930441136109
5,skewness|spectral_slope|dominant_freq|hjorth_complexity,1010101,4,4.573512634961307,0.0382117625179076,4.473696276569367,0.9121108738954974,3.9299780799711215
5,skewness|spectral_slope|hjorth_mobility|hjorth_complexity,1010011,4,5.367131370714679,0.0480835068449295,5.255131797885895,0.9070772119946996,4.723596815724494
5,skewness|total_log_power|dominant_freq|hjorth_mobility,1001110,4,5.909109926238656,0.0515693646716571,5.834488929367065,0.9344989987315944,5.265575371248471
5,skewness|total_log_power|dominant_freq|hjorth_complexity,1001101,4,4.883265494579822,0.041393190416022,4.812649698162079,0.935984145156248,4.239730939589637
5,skewness|total_log_power|hjorth_mobility|hjorth_complexity,1001011,4,6.585583329794184,0.0580999824446394,6.517731910037995,0.9393663247564168,5.942048774803999
5,skewness|dominant_freq|hjorth_mobility|hjorth_complexity,1000111,4,5.504683724316582,0.0457788070582057,5.39822104473114,0.9072593902867832,4.861149169326397
5,kurtosis|spectral_slope|total_log_power|dominant_freq,111100,4,3.7652211799722166,0.0381142260144352,3.710632549381256,0.9495485026347816,3.1216866249820314
5,kurtosis|spectral_slope|total_log_power|hjorth_mobility,111010,4,4.71163927953504,0.0463139577606849,4.618807525348664,0.9248989955378926,4.068104724544855
5,kurtosis|spectral_slope|total_log_power|hjorth_complexity,111001,4,4.477955853068456,0.0416048195926149,4.424305851745605,0.9505386039393904,3.8344212980782713
5,kurtosis|spectral_slope|dominant_freq|hjorth_mobility,110110,4,3.37147495704703,0.0408577530090086,3.309752973651886,0.942895034391606,2.727940402056845
5,kurtosis|spectral_slope|dominant_freq|hjorth_complexity,110101,4,3.7132861055374144,0.0346513050530443,3.659373865795136,0.9502970185760682,3.0697515505472293
5,kurtosis|spectral_slope|hjorth_mobility|hjorth_complexity,110011,4,4.501567591094598,0.041499211265103,4.435370960712433,0.9417742468987254,3.8580330361044126
5,kurtosis|total_log_power|dominant_freq|hjorth_mobility,101110,4,4.9608831450987605,0.043707781614714,4.892684328174591,0.94189701745563,4.317348590108575
5,kurtosis|total_log_power|dominant_freq|hjorth_complexity,101101,4,4.139763536779955,0.0377776500220669,4.09022743358612,0.9543405839252076,3.49622898178977
5,kurtosis|total_log_power|hjorth_mobility|hjorth_complexity,101011,4,5.804647949732468,0.0502939792055147,5.751946649360657,0.9522336536045292,5.161113394742283
5,kurtosis|dominant_freq|hjorth_mobility|hjorth_complexity,100111,4,4.405737890409678,0.0426481802097125,4.343005964374543,0.9432277114365152,3.7622033354194926
5,spectral_slope|total_log_power|dominant_freq|hjorth_mobility,11110,4,4.227938207866624,0.0404342991842194,4.171115085983276,0.9467841479219214,3.584403652876439
5,spectral_slope|total_log_power|dominant_freq|hjorth_complexity,11101,4,3.9734002396292976,0.0340601546550285,3.9267115652084352,0.956336626939148,3.3298656846391133
5,spectral_slope|total_log_power|hjorth_mobility|hjorth_complexity,11011,4,4.909943403715641,0.0441334234819126,4.852869002628326,0.9481306848797004,4.266408848725456
5,spectral_slope|dominant_freq|hjorth_mobility|hjorth_complexity,10111,4,3.730570998109505,0.0379077066132756,3.664467961502075,0.942201970282065,3.08703644311932
5,total_log_power|dominant_freq|hjorth_mobility|hjorth_complexity,1111,4,5.246173146364465,0.0399486847021774,5.181252431678772,0.9428554372959104,4.60263859137428
5,skewness|kurtosis|spectral_slope|total_log_power|dominant_freq,1111100,5,5.365120070559532,0.0516504616215021,5.288779522132874,0.9305544414060894,4.7215855155693465
5,skewness|kurtosis|spectral_slope|total_log_power|hjorth_mobility,1111010,5,6.448432408722862,0.0630576341405593,6.375580602931977,0.936182166396248,5.804897853732677
5,skewness|kurtosis|spectral_slope|total_log_power|hjorth_complexity,1111001,5,5.610548224942014,0.0544302007285812,5.538089163970947,0.9341187980210428,4.967013669951829
5,skewness|kurtosis|spectral_slope|dominant_freq|hjorth_mobility,1110110,5,5.092861110871286,0.0553371388336608,4.993920468235016,0.9118019652999052,4.4493265558811
5,skewness|kurtosis|spectral_slope|dominant_freq|hjorth_complexity,1110101,5,4.881331214030459,0.0466709265181133,4.793173537158966,0.9200791923841845,4.237796659040274
5,skewness|kurtosis|spectral_slope|hjorth_mobility|hjorth_complexity,1110011,5,5.997049700787291,0.0560747781492605,5.899519451141358,0.9157148373332452,5.353515145797106
5,skewness|kurtosis|total_log_power|dominant_freq|hjorth_mobility,1101110,5,6.797941162440553,0.0607659504831086,6.737180600070953,0.9457029601110022,6.154406607450368
5,skewness|kurtosis|total_log_power|dominant_freq|hjorth_complexity,1101101,5,5.3549455343317245,0.0500674244693864,5.283864213275909,0.9364831554633936,4.711410979341539
5,skewness|kurtosis|total_log_power|hjorth_mobility|hjorth_complexity,1101011,5,7.2538389046970755,0.0670993159999138,7.195337758445739,0.947532661881158,6.61030434970689
5,skewness|kurtosis|dominant_freq|hjorth_mobility|hjorth_complexity,1100111,5,5.875027771593258,0.0548061219978591,5.778059803676605,0.9143168177934884,5.231493216603073
5,skewness|spectral_slope|total_log_power|dominant_freq|hjorth_mobility,1011110,5,6.10494637674056,0.0558986059182813,6.0235444937706,0.9297544441833224,5.461411821750374
5,skewness|spectral_slope|total_log_power|dominant_freq|hjorth_complexity,1011101,5,5.591483965367451,0.0462902594552128,5.523526745510101,0.9381148389629128,4.947949410377266
5,skewness|spectral_slope|total_log_power|hjorth_mobility|hjorth_complexity,1011011,5,7.029808270543814,0.0619548802588385,6.963712286090851,0.9420554349098246,6.386273715553629
5,skewness|spectral_slope|dominant_freq|hjorth_mobility|hjorth_complexity,1010111,5,5.648074493435398,0.0502990061805832,5.542852324676514,0.9116435496650964,5.0045399384452125
5,skewness|total_log_power|dominant_freq|hjorth_mobility|hjorth_complexity,1001111,5,7.254976719256863,0.0595285965908876,7.1960940558433535,0.947362366637762,6.611442164266678
5,kurtosis|spectral_slope|total_log_power|dominant_freq|hjorth_mobility,111110,5,5.198448169659451,0.0476599382611822,5.130961811637879,0.9412910781965312,4.554913614669266
5,kurtosis|spectral_slope|total_log_power|dominant_freq|hjorth_complexity,111101,5,4.789797207758948,0.0431850466406812,4.746017430496216,0.9597029625296786,4.146262652768763
5,kurtosis|spectral_slope|total_log_power|hjorth_mobility|hjorth_complexity,111011,5,6.269368950325624,0.0530614213303608,6.218160472202301,0.9541029625131976,5.625834395335438
5,kurtosis|spectral_slope|dominant_freq|hjorth_mobility|hjorth_complexity,110111,5,4.601635906134546,0.0450382058957078,4.538346139431,0.944514841602524,3.958101351144361
5,kurtosis|total_log_power|dominant_freq|hjorth_mobility|hjorth_complexity,101111,5,6.266173276893794,0.0507945436765202,6.219526332473755,0.9580039532010796,5.622638721903609
5,spectral_slope|total_log_power|dominant_freq|hjorth_mobility|hjorth_complexity,11111,5,5.40437048949264,0.0441938477984227,5.351695262527466,0.95260197383055,4.760835934502455
5,skewness|kurtosis|spectral_slope|total_log_power|dominant_freq|hjorth_mobility,1111110,6,7.025705222755298,0.0639378038617379,6.958517175197601,0.9403722661572952,6.382170667765113
5,skewness|kurtosis|spectral_slope|total_log_power|dominant_freq|hjorth_complexity,1111101,6,6.102600866650417,0.0560175953884281,6.036457674503327,0.9404435529077304,5.459066311660232
5,skewness|kurtosis|spectral_slope|total_log_power|hjorth_mobility|hjorth_complexity,1111011,6,7.939179609762131,0.0714053422708519,7.879665286254883,0.9476039498210878,7.295645054771947
5,skewness|kurtosis|spectral_slope|dominant_freq|hjorth_mobility|hjorth_complexity,1110111,6,6.189770773014426,0.0583230383290441,6.094556213951111,0.9175524619049684,5.546236218024241
5,skewness|kurtosis|total_log_power|dominant_freq|hjorth_mobility|hjorth_complexity,1101111,6,7.835135405922681,0.0693991947138414,7.777052594089508,0.94860593131687,7.191600850932496
5,skewness|spectral_slope|total_log_power|dominant_freq|hjorth_mobility|hjorth_complexity,1011111,6,7.538225465136021,0.061852370351372,7.476753686618805,0.9464237525884904,6.894690910145836
5,kurtosis|spectral_slope|total_log_power|dominant_freq|hjorth_mobility|hjorth_complexity,111111,6,6.587599179848284,0.0530317148018339,6.539642240333557,0.9571445475616368,5.944064624858099
5,skewness|kurtosis|spectral_slope|total_log_power|dominant_freq|hjorth_mobility|hjorth_complexity,1111111,7,8.369617024997249,0.0724183825600116,8.310415858078002,0.9484910803922116,7.726082470007063
10,none,0,0,0.5775165351379663,0.00775317725848,0.5437473698616028,0.966954450644805,-0.066018019852219
10,skewness,1000000,1,1.6513926643766463,0.0309457820548937,1.587637930583954,0.9409900816807344,1.007858109386461
10,kurtosis,100000,1,1.1504594516389073,0.0194021655037497,1.10935591173172,0.9611524668383954,0.506924896648722
10,spectral_slope,10000,1,1.492034440331161,0.0175161301418169,1.4454145607948303,0.9547286983561466,0.8484998853409756
10,total_log_power,1000,1,2.6514308112464846,0.0233131573978376,2.5333010199546813,0.8958415602936056,2.0078962562562994
10,dominant_freq,100,1,1.4510198994006962,0.0235889030390719,1.404593168926239,0.9550415724596348,0.8074853444105109
10,hjorth_mobility,10,1,2.164476844013855,0.0257667769520901,2.1055050764083862,0.943821767274734,1.5209422890236697
10,hjorth_complexity,1,1,1.957688869133219,0.0221714765294578,1.90333967666626,0.9478970175498128,1.3141543141430336
10,skewness|kurtosis,1100000,2,2.5082551171563567,0.0387516936162682,2.432839351463318,0.9294772033105626,1.8647205621661715
10,skewness|spectral_slope,1010000,2,2.7629496182341127,0.0361782476104377,2.68781217212677,0.9345980034569557,2.1194150632439275
10,skewness|total_log_power,1001000,2,3.464241489728913,0.0439264435948301,3.351240540504456,0.8994494854927547,2.820706934738728
10,skewness|dominant_freq,1000100,2,2.7316534703109414,0.0428034355153801,2.63363164396286,0.9140752268728956,2.088118915320756
10,skewness|hjorth_mobility,1000010,2,3.6446333952080456,0.046647664089955,3.552597036838532,0.9214851319512124,3.0010988402178604
10,skewness|hjorth_complexity,1000001,2,3.279485582700372,0.0338398569271931,3.2018026301383973,0.9286098803889744,2.6359510277101865
10,kurtosis|spectral_slope,110000,2,2.072454667651281,0.0235450828937746,2.023488243865967,0.9539366193491516,1.4289201126610958
10,kurtosis|total_log_power,101000,2,2.829853566925228,0.0325882108710271,2.7218295454978945,0.9105742405863004,2.1863190119350424
10,kurtosis|dominant_freq,100100,2,2.1981952180288733,0.0294141468650379,2.1406343229293823,0.9455841421385444,1.554660663038688
10,kurtosis|hjorth_mobility,100010,2,2.843729029198736,0.0305461986961584,2.785496862888336,0.9454772128407188,2.200194474208551
10,kurtosis|hjorth_complexity,100001,2,2.6697408411733807,0.0316768569313812,2.611261351394653,0.9452910764721792,2.0262062861831955
10,spectral_slope|total_log_power,11000,2,3.199083978055045,0.0265077642025752,3.09946344871521,0.9102534421410182,2.55554942306486
10,spectral_slope|dominant_freq,10100,2,2.083170099881291,0.0218123157395394,2.031452169036865,0.950194045243326,1.439635544891106
10,spectral_slope|hjorth_mobility,10010,2,2.254332679732889,0.0311891362437749,2.1889488538742063,0.9392158245384088,1.6107981247427037
10,spectral_slope|hjorth_complexity,10001,2,2.8217193366348745,0.0232593222044547,2.7556406817436216,0.938134639680094,2.1781847816446893
10,total_log_power|dominant_freq,1100,2,3.336448222795129,0.0268955003119045,3.2238321486473085,0.9023049290500872,2.692913667804944
10,total_log_power|hjorth_mobility,1010,2,4.106421906816587,0.0430027317090072,3.935341932296753,0.8645544366626249,3.462887351826402
10,total_log_power|hjorth_complexity,1001,2,3.712368163190782,0.0295218154796996,3.5515815432548523,0.8768633478049527,3.0688336082005967
10,dominant_freq|hjorth_mobility,110,2,2.854917310640961,0.0273071582753997,2.8036141748428345,0.9507920667349342,2.211382755650776
10,dominant_freq|hjorth_complexity,101,2,2.573837660272792,0.0219851253455754,2.522206726360321,0.9506098901792986,1.930303105282607
10,hjorth_mobility|hjorth_complexity,11,2,3.7233715202938766,0.0277463583805846,3.660555467319488,0.9412475145459908,3.0798369653036914
10,skewness|kurtosis|spectral_slope,1110000,3,3.666377265835926,0.0400950785890026,3.5920997897148133,0.9316554285693368,3.0228427108457407
10,skewness|kurtosis|total_log_power,1101000,3,4.159733497761935,0.0496042817215648,4.055697865390777,0.9093267172984,3.5161989427717497
10,skewness|kurtosis|dominant_freq,1100100,3,3.532748976268992,0.0450664666010847,3.4433787259101867,0.9175247299326744,2.8892144212788065
10,skewness|kurtosis|hjorth_mobility,1100010,3,4.6301007561896,0.0510061583873209,4.555913728713989,0.9318534494658144,3.9865662011994143
10,skewness|kurtosis|hjorth_complexity,1100001,3,3.673565719427913,0.0461172812201525,3.576311528110504,0.911124732684885,3.030031164437728
10,skewness|spectral_slope|total_log_power,1011000,3,4.333464054742828,0.0473329170458977,4.226521180725098,0.908459390221303,3.689929499752643
10,skewness|spectral_slope|dominant_freq,1010100,3,3.572247734478861,0.0396000175879755,3.472532136631012,0.9164118644614636,2.928713179488676
10,skewness|spectral_slope|hjorth_mobility,1010010,3,3.879737241615355,0.0509371728464947,3.779041726493836,0.9193782031025792,3.2362026866251696
10,skewness|spectral_slope|hjorth_complexity,1010001,3,4.32959671038799,0.035659208508117,4.234645702648163,0.9166534484289888,3.686062155397805
10,skewness|total_log_power|dominant_freq,1001100,3,4.599172432119772,0.0417222881040554,4.482041046714783,0.8981782023302034,3.955637877129587
10,skewness|total_log_power|hjorth_mobility,1001010,3,5.683170586052165,0.0616921042418383,5.524249543476104,0.8757861241137985,5.039636031061979
10,skewness|total_log_power|hjorth_complexity,1001001,3,4.76461554691717,0.0432397342484302,4.651704550933838,0.9030613706657932,4.121080991926985
10,skewness|dominant_freq|hjorth_mobility,1000110,3,4.446448479579762,0.0446442162841912,4.3538028788566585,0.9201227548427596,3.8029139245895767
10,skewness|dominant_freq|hjorth_complexity,1000101,3,4.205179361369089,0.0331393112680376,4.112801871299744,0.917168299878888,3.5616448063789035
10,skewness|hjorth_mobility|hjorth_complexity,1000011,3,5.473665482295677,0.0448851673743257,5.387356992340088,0.9224989946787208,4.830130927305492
10,kurtosis|spectral_slope|total_log_power,111000,3,3.674685860196501,0.0351598777341097,3.577437569141388,0.9161306770702332,3.031151305206316
10,kurtosis|spectral_slope|dominant_freq,110100,3,2.6919751687351616,0.0290919327976788,2.6357649423599243,0.9467881041410492,2.0484406137449764
10,kurtosis|spectral_slope|hjorth_mobility,110010,3,3.1179051315959545,0.0327804142991595,3.0557921770095824,0.9434613721660804,2.4743705766057693
10,kurtosis|spectral_slope|hjorth_complexity,110001,3,3.585484353179857,0.0295336661092687,3.5230513158798216,0.9426019674517602,2.941949798189672
10,kurtosis|total_log_power|dominant_freq,101100,3,3.793985922360793,0.0367788655434503,3.711014589500427,0.9288514688712408,3.150451367370608
10,kurtosis|total_log_power|hjorth_mobility,101010,3,4.935134980802983,0.0462825055283514,4.778067769050598,0.8840871117035556,4.291600425812798
10,kurtosis|total_log_power|hjorth_complexity,101001,3,4.238215984426066,0.0399669921047373,4.120836933898926,0.9136237491825356,3.594681429435881
10,kurtosis|dominant_freq|hjorth_mobility,100110,3,3.495440661161393,0.0364033466469408,3.442114420700073,0.949746521650577,2.851906106171208
10,kurtosis|dominant_freq|hjorth_complexity,100101,3,3.381230396094173,0.0313293702145018,3.324498374080658,0.9463287006398852,2.737695841103988
10,kurtosis|hjorth_mobility|hjorth_complexity,100011,3,4.360269748017192,0.042612597130436,4.306649607467652,0.950142563250077,3.716735193027007
10,spectral_slope|total_log_power|dominant_freq,11100,3,3.7967398160286248,0.0286951371856355,3.702005854320526,0.9145385956283036,3.15320526103844
10,spectral_slope|total_log_power|hjorth_mobility,11010,3,4.112402833221108,0.0465467200471249,3.968558852481842,0.8848435491130222,3.4688682782309224
10,spectral_slope|total_log_power|hjorth_complexity,11001,3,4.463486210256815,0.0317504278303833,4.358693261146545,0.9113187995971456,3.81995165526663
10,spectral_slope|dominant_freq|hjorth_mobility,10110,3,2.9919222294963896,0.0286102969284643,2.932532931613922,0.9435009749284032,2.3483876745062044
10,spectral_slope|dominant_freq|hjorth_complexity,10101,3,3.009046783373505,0.0267291820993131,2.9495993869781496,0.9439920678037622,2.36551222838332
10,spectral_slope|hjorth_mobility|hjorth_complexity,10011,3,3.873852238929645,0.0304584682657515,3.798217979812622,0.9324554351609132,3.230317683939459
10,total_log_power|dominant_freq|hjorth_mobility,1110,3,4.788312839904055,0.0387623112210165,4.653523519897461,0.8939999864338726,4.14477828491387
10,total_log_power|dominant_freq|hjorth_complexity,1101,3,4.211018634781614,0.0326133844007293,4.08118470211029,0.901152461283702,3.567484079791429
10,total_log_power|hjorth_mobility|hjorth_complexity,1011,3,5.761452916765213,0.0435771865737186,5.604991806602478,0.8866098894292148,5.117918361775028
10,dominant_freq|hjorth_mobility|hjorth_complexity,111,3,3.74651900090985,0.0311516071800609,3.697659220600128,0.9549029606813944,3.102984445919665
10,skewness|kurtosis|spectral_slope|total_log_power,1111000,4,5.202097308461741,0.0522933559815265,5.1233654463768,0.9312039473593036,4.558562753471556
10,skewness|kurtosis|spectral_slope|dominant_freq,1110100,4,4.277587214601413,0.044097751992235,4.18786179819107,0.9186574065435634,3.634052659611228
10,skewness|kurtosis|spectral_slope|hjorth_mobility,1110010,4,4.942559833713993,0.0534229304846987,4.880724063491821,0.9435247396280656,4.299025278723808
10,skewness|kurtosis|spectral_slope|hjorth_complexity,1110001,4,4.670696894733981,0.0444774281771191,4.584400757408142,0.9219999861359952,4.0271623397437954
10,skewness|kurtosis|total_log_power|dominant_freq,1101100,4,5.140155436275155,0.0483164837250814,5.052366409397125,0.9240197886010512,4.4966208812849695
10,skewness|kurtosis|total_log_power|hjorth_mobility,1101010,4,6.741538991042226,0.0657127613237414,6.65680250825882,0.9270930571972748,6.098004436052041
10,skewness|kurtosis|total_log_power|hjorth_complexity,1101001,4,5.258809743929654,0.0534011771862011,5.149268812847137,0.9096514717027764,4.615275188939469
10,skewness|kurtosis|dominant_freq|hjorth_mobility,1100110,4,5.246934949481115,0.0515873045739235,5.172135951900482,0.9312593906592934,4.603400394490929
10,skewness|kurtosis|dominant_freq|hjorth_complexity,1100101,4,4.563711414193735,0.0422958480389689,4.479448817634583,0.9238732509175498,3.9201768592035497
10,skewness|kurtosis|hjorth_mobility|hjorth_complexity,1100011,4,5.93253948318772,0.0560107455277276,5.85488638792038,0.9303168168432828,5.289004928197535
10,skewness|spectral_slope|total_log_power|dominant_freq,1011100,4,5.182097667170688,0.0467858687018764,5.066502442741394,0.9042732526685792,4.538563112180503
10,skewness|spectral_slope|total_log_power|hjorth_mobility,1011010,4,5.706498993935436,0.0637571076995218,5.542080997085571,0.8783881064860474,5.062964438945251
10,skewness|spectral_slope|total_log_power|hjorth_complexity,1011001,4,5.774271991999075,0.0501542566418717,5.687135100173951,0.923378205079315,5.130737437008889
10,skewness|spectral_slope|dominant_freq|hjorth_mobility,1010110,4,4.693679936534539,0.0485205824514518,4.581539530754089,0.9097069161541356,4.050145381544354
10,skewness|spectral_slope|dominant_freq|hjorth_complexity,1010101,4,4.75736302048713,0.0386321459002616,4.663680744934082,0.9179920650691812,4.113828465496945
10,skewness|spectral_slope|hjorth_mobility|hjorth_complexity,1010011,4,5.809615653318167,0.0486534563827689,5.703527717018128,0.9102138468108552,5.1660810983279815
10,skewness|total_log_power|dominant_freq|hjorth_mobility,1001110,4,6.579757875053957,0.057643655932157,6.447051627922058,0.8931128572951215,5.936223320063772
10,skewness|total_log_power|dominant_freq|hjorth_complexity,1001101,4,5.48379052583836,0.0469503261799674,5.385692415618896,0.9150376103102263,4.840255970848175
10,skewness|total_log_power|hjorth_mobility|hjorth_complexity,1001011,4,7.433990912330151,0.0610508891107571,7.327764999580383,0.9128989980965904,6.790456357339965
10,skewness|dominant_freq|hjorth_mobility|hjorth_complexity,1000111,4,5.845813296991214,0.0482716735243935,5.766795724773407,0.9306217678656477,5.202278742001029
10,kurtosis|spectral_slope|total_log_power|dominant_freq,111100,4,4.224324033613875,0.037651578660362,4.14993716545105,0.9325980059259078,3.5807894786236902
10,kurtosis|spectral_slope|total_log_power|hjorth_mobility,111010,4,4.992530346331745,0.0482154498496228,4.850054797077179,0.8898574102560526,4.34899579134156
10,kurtosis|spectral_slope|total_log_power|hjorth_complexity,111001,4,5.027809741232172,0.0426691326233923,4.959947250938416,0.940835633622088,4.384275186241987
10,kurtosis|spectral_slope|dominant_freq|hjorth_mobility,110110,4,3.7291344361156233,0.036446996976493,3.6787867290496825,0.952586126829508,3.0855998811254373
10,kurtosis|spectral_slope|dominant_freq|hjorth_complexity,110101,4,3.804708506795392,0.0334019150114156,3.741826159000397,0.9416197905484082,3.1611739518052064
10,kurtosis|spectral_slope|hjorth_mobility|hjorth_complexity,110011,4,4.751817087924108,0.0409516467926092,4.691294425201416,0.9461465245432608,4.108282532933923
10,kurtosis|total_log_power|dominant_freq|hjorth_mobility,101110,4,5.612258983483911,0.0477280001479478,5.498707815265655,0.9127801856268702,4.968724428493726
10,kurtosis|total_log_power|dominant_freq|hjorth_complexity,101101,4,4.923414970508218,0.0415315050875833,4.839697188091278,0.9353623660348972,4.279880415518033
10,kurtosis|total_log_power|hjorth_mobility|hjorth_complexity,101011,4,6.597900961057841,0.0555210505915459,6.493873890304566,0.926910882276986,5.954366406067656
10,kurtosis|dominant_freq|hjorth_mobility|hjorth_complexity,100111,4,4.56910855804868,0.0446291906809484,4.523562444782257,0.9574376144165284,3.925574003058495
10,spectral_slope|total_log_power|dominant_freq|hjorth_mobility,11110,4,4.885515169353038,0.0419008006276699,4.759730924034119,0.9011405824812272,4.241980614362853
10,spectral_slope|total_log_power|dominant_freq|hjorth_complexity,11101,4,4.683163005086407,0.0335194460647397,4.569071512126922,0.9062970189112456,4.039628450096222
10,spectral_slope|total_log_power|hjorth_mobility|hjorth_complexity,11011,4,5.852217679426819,0.0456999026591285,5.696008837890625,0.8909623663849124,5.208683124436634
10,spectral_slope|dominant_freq|hjorth_mobility|hjorth_complexity,10111,4,3.924519876933098,0.0343838119666507,3.868340845870972,0.9496593965884296,3.2809853219429126
10,total_log_power|dominant_freq|hjorth_mobility|hjorth_complexity,1111,4,6.009797648220882,0.0437956268020973,5.838929985523224,0.8877029614040426,5.366263093230697
10,skewness|kurtosis|spectral_slope|total_log_power|dominant_freq,1111100,5,5.8473810750730335,0.0532304996971362,5.76606901254654,0.9290178089402372,5.203846520082848
10,skewness|kurtosis|spectral_slope|total_log_power|hjorth_mobility,1111010,5,6.882848436302692,0.0684513053745056,6.79987904996872,0.9292950380354068,6.239313881312507
10,skewness|kurtosis|spectral_slope|total_log_power|hjorth_complexity,1111001,5,6.2714959908477965,0.0579249624899982,6.198108517456054,0.9368950388366646,5.627961435857611
10,skewness|kurtosis|spectral_slope|dominant_freq|hjorth_mobility,1110110,5,5.536672494046763,0.0533175625617295,5.459690166759491,0.9314534519576804,4.893137939056578
10,skewness|kurtosis|spectral_slope|dominant_freq|hjorth_complexity,1110101,5,5.135922028091922,0.0457938218632136,5.051278615951538,0.9250732540252422,4.492387473101737
10,skewness|kurtosis|spectral_slope|hjorth_mobility|hjorth_complexity,1110011,5,6.322213465540484,0.05702620077864,6.254229662513733,0.93999206716693,5.678678910550299
10,skewness|kurtosis|total_log_power|dominant_freq|hjorth_mobility,1101110,5,7.352327482799813,0.0658687173959126,7.275362592697143,0.9346692952135875,6.708792927809628
10,skewness|kurtosis|total_log_power|dominant_freq|hjorth_complexity,1101101,5,5.93002967255786,0.0539521588495362,5.846382594776154,0.9303881083991946,5.286495117567675
10,skewness|kurtosis|total_log_power|hjorth_mobility|hjorth_complexity,1101011,5,8.35185964483507,0.0721664678099752,8.273854271507263,0.9390732569744594,7.708325089844885
10,skewness|kurtosis|dominant_freq|hjorth_mobility|hjorth_complexity,1100111,5,6.280889239304512,0.0550027793248572,6.212888119411469,0.9392356314288434,5.637354684314327
10,skewness|spectral_slope|total_log_power|dominant_freq|hjorth_mobility,1011110,5,6.611690421310439,0.0607062772445567,6.478377425479889,0.8980989977747956,5.968155866320254
10,skewness|spectral_slope|total_log_power|dominant_freq|hjorth_complexity,1011101,5,6.195461288361624,0.0516789423469475,6.104769363117218,0.9221306808388788,5.551926733371439
10,skewness|spectral_slope|total_log_power|hjorth_mobility|hjorth_complexity,1011011,5,7.750674851183966,0.0639949413821424,7.6608293633460995,0.926411870412424,7.107140296193781
10,skewness|spectral_slope|dominant_freq|hjorth_mobility|hjorth_complexity,1010111,5,6.110304225836321,0.0516585361841721,6.021274561500549,0.925564343136436,5.466769670846136
10,skewness|total_log_power|dominant_freq|hjorth_mobility|hjorth_complexity,1001111,5,8.01620025982894,0.0646269124365805,7.919118661499024,0.9190613753811482,7.372665704838755
10,kurtosis|spectral_slope|total_log_power|dominant_freq|hjorth_mobility,111110,5,5.6817769423302265,0.0470765210838311,5.572218904972076,0.9135841466573804,5.038242387340041
10,kurtosis|spectral_slope|total_log_power|dominant_freq|hjorth_complexity,111101,5,5.393532637104765,0.0437878202432862,5.323733632659912,0.9389029608637564,4.74999808211458
10,kurtosis|spectral_slope|total_log_power|hjorth_mobility|hjorth_complexity,111011,5,6.851574848496914,0.0552358600590757,6.743355259132385,0.924625733512758,6.208040293506729
10,kurtosis|spectral_slope|dominant_freq|hjorth_mobility|hjorth_complexity,110111,5,4.9397262379869815,0.0449888189525278,4.882009711360931,0.9504197941484382,4.296191682996796
10,kurtosis|total_log_power|dominant_freq|hjorth_mobility|hjorth_complexity,101111,5,6.934092227442562,0.0577937546768447,6.8306151414871215,0.9288633593936708,6.290557672452377
10,spectral_slope|total_log_power|dominant_freq|hjorth_mobility|hjorth_complexity,11111,5,6.125694738696516,0.045262492997654,5.944156809902191,0.8837465271921239,5.4821601837063305
10,skewness|kurtosis|spectral_slope|total_log_power|dominant_freq|hjorth_mobility,1111110,6,7.509256779208779,0.0680213743381111,7.424023962593078,0.9309940484948664,6.865722224218594
10,skewness|kurtosis|spectral_slope|total_log_power|dominant_freq|hjorth_complexity,1111101,6,6.777862561212108,0.0600204951208581,6.703774168872833,0.9367564259260994,6.1343280062219225
10,skewness|kurtosis|spectral_slope|total_log_power|hjorth_mobility|hjorth_complexity,1111011,6,8.560157821634412,0.0733571069134214,8.47515017414093,0.9360752384627558,7.916623266644227
10,skewness|kurtosis|spectral_slope|dominant_freq|hjorth_mobility|hjorth_complexity,1110111,6,6.643868495935947,0.0582781100776428,6.571381569957733,0.9380791976539662,6.000333940945762
10,skewness|kurtosis|total_log_power|dominant_freq|hjorth_mobility|hjorth_complexity,1101111,6,8.732105368463323,0.0732117066448593,8.654626119709015,0.9398494971624324,8.088570813473137
10,skewness|spectral_slope|total_log_power|dominant_freq|hjorth_mobility|hjorth_complexity,1011111,6,8.18092312159501,0.0660920342036774,8.079469176769257,0.9190494955171749,7.537388566604824
10,kurtosis|spectral_slope|total_log_power|dominant_freq|hjorth_mobility|hjorth_complexity,111111,6,7.244769361799955,0.0567313128296077,7.13325479297638,0.9243683099001322,6.60123480680977
10,skewness|kurtosis|spectral_slope|total_log_power|dominant_freq|hjorth_mobility|hjorth_complexity,1111111,7,9.06696677110344,0.0747539593195775,8.98117716255188,0.9359683087695968,8.423432216113255
15,none,0,0,0.5611200562573969,0.0084548366621836,0.5216919124603272,0.9615366243699118,-0.0824144987327883
15,skewness,1000000,1,1.6126897568181158,0.0315718459409876,1.528081644153595,0.9233742318818832,0.9691552018279304
15,kurtosis,100000,1,1.18090969514139,0.0240417391238271,1.1223169246673583,0.9439247333468392,0.5373751401512047
15,spectral_slope,10000,1,1.443272664719075,0.0177722665783544,1.3875221276283265,0.9467049371227064,0.7997381097288897
15,total_log_power,1000,1,2.0908417556386443,0.0189894343450815,1.991219319343567,0.906439577056554,1.447307200648459
15,dominant_freq,100,1,1.4542860395845023,0.0229999326309004,1.3870109694480897,0.9354098767171194,0.8107514845943172
15,hjorth_mobility,10,1,2.123088878903165,0.0274571971052798,2.0549757469177248,0.9380554321797396,1.4795543239129805
15,hjorth_complexity,1,1,1.815031101963669,0.0238069128943605,1.7446623955726623,0.9335247357672286,1.1714965469734837
15,skewness|kurtosis,1100000,2,2.6549576496467,0.0373395228529071,2.562697216320038,0.9143643320648208,2.0114230946565144
15,skewness|spectral_slope,1010000,2,2.601693196574226,0.0359038933887477,2.5133433806419374,0.9216435454943182,1.9581586415840408
15,skewness|total_log_power,1001000,2,3.0356246276825667,0.0379978444316596,2.930117518901825,0.9037267093619996,2.392090072692381
15,skewness|dominant_freq,1000100,2,2.683965553510189,0.0428559805340051,2.5717509759902955,0.8992277021938857,2.040430998520004
15,skewness|hjorth_mobility,1000010,2,3.657529863006994,0.0444365737380928,3.552981065845489,0.9132673108531484,3.013995308016809
15,skewness|hjorth_complexity,1000001,2,3.3503095655735584,0.0351960008929811,3.2284422370910644,0.8915880968519381,2.706775010583373
15,kurtosis|spectral_slope,110000,2,2.078271934541688,0.0318619959268487,2.003342096042633,0.9299326550260226,1.4347373795515024
15,kurtosis|total_log_power,101000,2,2.252423738846556,0.0322209399811022,2.166052137756348,0.9196554219881792,1.60888918385637
15,kurtosis|dominant_freq,100100,2,2.164420102855563,0.0295669792068767,2.096673026752472,0.9352910657655424,1.5208855478653778
15,kurtosis|hjorth_mobility,100010,2,2.855570928509161,0.0412600991627635,2.777513941574097,0.9315128602166836,2.212036373518976
15,kurtosis|hjorth_complexity,100001,2,2.5831304638121275,0.0336435048603312,2.5112468760490416,0.9322732488382666,1.9395959088219423
15,spectral_slope|total_log_power,11000,2,2.9445026302181185,0.0242122470387129,2.836076477718353,0.9011366084268948,2.3009680752279333
15,spectral_slope|dominant_freq,10100,2,2.034429110874981,0.0236438246213615,1.967932250785828,0.9365148319618304,1.3908945558847954
15,spectral_slope|hjorth_mobility,10010,2,2.2268218024343254,0.0335258824695147,2.1536658455848694,0.9372039501153328,1.5832872474441402
15,spectral_slope|hjorth_complexity,10001,2,2.6155094344370067,0.0235159087446503,2.532095574092865,0.9248593942876858,1.9719748794468213
15,total_log_power|dominant_freq,1100,2,2.802126778620854,0.0251839110884184,2.706460716152191,0.9102059145691164,2.1585922236306687
15,total_log_power|hjorth_mobility,1010,2,3.743874423719943,0.0408640952142931,3.580031503486633,0.8818653297886679,3.1003398687297574
15,total_log_power|hjorth_complexity,1001,2,3.0473381023734807,0.0281850144738918,2.9560556988716127,0.9172831508528924,2.4038035473832955
15,dominant_freq|hjorth_mobility,110,2,2.789938849171251,0.0276034376872456,2.734073676300049,0.9467366194659722,2.1464042941810657
15,dominant_freq|hjorth_complexity,101,2,2.4352369079571217,0.0226337449621567,2.38311810836792,0.9500871166386268,1.7917023529669365
15,hjorth_mobility|hjorth_complexity,11,2,3.538223234772309,0.0297679595700792,3.4775866622924805,0.945699002463513,2.8946886797821243
15,skewness|kurtosis|spectral_slope,1110000,3,3.749471505289897,0.0385069588281304,3.6536290718078615,0.9128277042496435,3.105936950299712
15,skewness|kurtosis|total_log_power,1101000,3,3.73992868283689,0.0439970966142621,3.664965475273133,0.9305940407725448,3.096394127846705
15,skewness|kurtosis|dominant_freq,1100100,3,3.661763237636909,0.0418089411559957,3.5484670023918152,0.8968633468681902,3.018228682646724
15,skewness|kurtosis|hjorth_mobility,1100010,3,4.739359186055884,0.0493522622592483,4.651840027618408,0.9217861220417842,4.095824631065699
15,skewness|kurtosis|hjorth_complexity,1100001,3,3.730497775442898,0.04616830925756,3.611865132904053,0.8919564138018868,3.086963220452713
15,skewness|spectral_slope|total_log_power,1011000,3,4.008643754106015,0.044268783795527,3.902484672164917,0.905516813228451,3.36510919911583
15,skewness|spectral_slope|dominant_freq,1010100,3,3.35504656496048,0.0408342504128519,3.260600591373444,0.9161425558959816,2.7115120099702947
15,skewness|spectral_slope|hjorth_mobility,1010010,3,3.737852576149628,0.0503603147264059,3.6307275750160217,0.9139326593774576,3.0943180211594425
15,skewness|spectral_slope|hjorth_complexity,1010001,3,4.239077659438923,0.0340009264710792,4.117129518318176,0.8953584015843454,3.595543104448738
15,skewness|total_log_power|dominant_freq,1001100,3,4.088979516106844,0.0392294748229435,3.993028310775757,0.9122376068035188,3.4454449611166584
15,skewness|total_log_power|hjorth_mobility,1001010,3,5.258042023269087,0.0541346998434782,5.134570643043518,0.8993029578093527,4.614507468278902
15,skewness|total_log_power|hjorth_complexity,1001001,3,4.377879807421937,0.0400171599161992,4.282313769817352,0.9126851293468824,3.734345252431752
15,skewness|dominant_freq|hjorth_mobility,1000110,3,4.432751603670418,0.0451025951088225,4.333676862812042,0.9148554278636316,3.789217048680233
15,skewness|dominant_freq|hjorth_complexity,1000101,3,4.254610437955335,0.0347211816467998,4.133738439559936,0.8958890892191963,3.6110758829651495
15,skewness|hjorth_mobility|hjorth_complexity,1000011,3,5.333335539050401,0.043042429988703,5.220081745433808,0.9037900846734458,4.689800984060216
15,kurtosis|spectral_slope|total_log_power,111000,3,3.3684761656578632,0.0382342505291471,3.249765741348267,0.8968039406376225,2.724941610667678
15,kurtosis|spectral_slope|dominant_freq,110100,3,2.687932936838269,0.0351194122307247,2.623115239715576,0.9389148334227576,2.044398381848084
15,kurtosis|spectral_slope|hjorth_mobility,110010,3,3.1470445030305534,0.04210984740522,3.060037287330628,0.9267049378993434,2.503509948040368
15,kurtosis|spectral_slope|hjorth_complexity,110001,3,3.4166822539441286,0.0375468846984041,3.3377769260406494,0.9282296891154188,2.7731476989539434
15,kurtosis|total_log_power|dominant_freq,101100,3,3.2568085550632326,0.0352691358468144,3.1752473982810976,0.923429681316334,2.6132740000730474
15,kurtosis|total_log_power|hjorth_mobility,101010,3,4.490457127349079,0.0490906078127515,4.338102544975281,0.8926970142335835,3.846922572358894
15,kurtosis|total_log_power|hjorth_complexity,101001,3,3.533534820142388,0.0422897852884186,3.4418417304039,0.9251683019997988,2.890000265152203
15,kurtosis|dominant_freq|hjorth_mobility,100110,3,3.456233663935959,0.040918808853557,3.402128666973114,0.9498257322500232,2.812699108945774
15,kurtosis|dominant_freq|hjorth_complexity,100101,3,3.303422063843906,0.0329457361679723,3.241544315814972,0.9414455310690932,2.659887508853721
15,kurtosis|hjorth_mobility|hjorth_complexity,100011,3,4.198974489798397,0.0459783027202731,4.13032215013504,0.940756426510283,3.555439934808212
15,spectral_slope|total_log_power|dominant_freq,11100,3,3.4453287811130284,0.0273662447212558,3.351390800285339,0.91262968008615,2.8017942261228432
15,spectral_slope|total_log_power|hjorth_mobility,11010,3,3.772847919699177,0.0457473513362417,3.636647500324249,0.8943366185254398,3.129313364708992
15,spectral_slope|total_log_power|hjorth_complexity,11001,3,3.915429095032811,0.0302819801799131,3.8130572712898254,0.9093069185685336,3.271894540042626
15,spectral_slope|dominant_freq|hjorth_mobility,10110,3,2.8465668315496298,0.0353371907212656,2.79048477563858,0.9474851367946392,2.203032276559445
15,spectral_slope|dominant_freq|hjorth_complexity,10101,3,2.8530447548624127,0.0266853788685229,2.781930647945404,0.9350732562736396,2.2095101998722275
15,spectral_slope|hjorth_mobility|hjorth_complexity,10011,3,3.855619429444149,0.0302986968894315,3.783989324951172,0.9401386071145112,3.212084874453964
15,total_log_power|dominant_freq|hjorth_mobility,1110,3,4.480026359491423,0.0362580162148224,4.365662600708008,0.9082970146291776,3.8364918045012377
15,total_log_power|dominant_freq|hjorth_complexity,1101,3,3.631364777413756,0.0305319950293942,3.541623505401611,0.9206970147929068,2.9878302224235704
15,total_log_power|hjorth_mobility|hjorth_complexity,1011,3,5.121975707409903,0.0394943726172007,5.018707578372955,0.9178257332469774,4.478441152419718
15,dominant_freq|hjorth_mobility|hjorth_complexity,111,3,3.697057165103778,0.0321612783110719,3.64703084602356,0.9538336532439629,3.053522610113593
15,skewness|kurtosis|spectral_slope|total_log_power,1111000,4,5.087716221144423,0.0491823540339314,4.999586173343658,0.9217702812960004,4.444181666154238
15,skewness|kurtosis|spectral_slope|dominant_freq,1110100,4,4.245897244872525,0.0431977381017618,4.151671454429627,0.9145900815504528,3.60236268988234
15,skewness|kurtosis|spectral_slope|hjorth_mobility,1110010,4,5.009294110079482,0.051974451702281,4.908011433887482,0.9146296864658364,4.365759555089297
15,skewness|kurtosis|spectral_slope|hjorth_complexity,1110001,4,4.813350278548524,0.0421431860683348,4.692565999698639,0.893192064631946,4.169815723558338
15,skewness|kurtosis|total_log_power|dominant_freq,1101100,4,4.934145249339566,0.0443017799029429,4.871035794067383,0.9416197874087452,4.290610694349381
15,skewness|kurtosis|total_log_power|hjorth_mobility,1101010,4,6.537775384266302,0.0629945103591067,6.473219335460663,0.9418692957321588,5.894240829276117
15,skewness|kurtosis|total_log_power|hjorth_complexity,1101001,4,4.675189280227199,0.050040704260767,4.588764925289154,0.9223960253839286,4.031654725237014
15,skewness|kurtosis|dominant_freq|hjorth_mobility,1100110,4,5.147993299534172,0.0493855078723973,5.064571305751801,0.9251881037144628,4.504458744543987
15,skewness|kurtosis|dominant_freq|hjorth_complexity,1100101,4,4.62929057078138,0.0419147090979575,4.525564565849304,0.906455427917456,3.9857560157911935
15,skewness|kurtosis|hjorth_mobility|hjorth_complexity,1100011,4,5.770571621199324,0.0501576907147899,5.6716379118919376,0.912316817779934,5.127037066209139
15,skewness|spectral_slope|total_log_power|dominant_freq,1011100,4,4.754007335396856,0.0457308911391129,4.656440330982209,0.9128791934795968,4.110472780406671
15,skewness|spectral_slope|total_log_power|hjorth_mobility,1011010,4,5.429162180291116,0.0575191240726189,5.292268138217926,0.892324740411983,4.785627625300931
15,skewness|spectral_slope|total_log_power|hjorth_complexity,1011001,4,5.377103791539371,0.0442276346276868,5.291648167991638,0.922867312064526,4.733569236549186
15,skewness|spectral_slope|dominant_freq|hjorth_mobility,1010110,4,4.467976955508068,0.0509088215929491,4.376345682525635,0.9223603801424916,3.824442400517883
15,skewness|spectral_slope|dominant_freq|hjorth_complexity,1010101,4,4.716528143400699,0.0390418255488694,4.5939986340522765,0.8972356279868452,4.0729935884105135
15,skewness|spectral_slope|hjorth_mobility|hjorth_complexity,1010011,4,5.5678208409387615,0.0460277759795863,5.448033590698242,0.902772262933067,4.924286285948576
15,skewness|total_log_power|dominant_freq|hjorth_mobility,1001110,4,6.095988307943195,0.0531252504209345,6.004178406238556,0.9213821652847616,5.4524537529530095
15,skewness|total_log_power|dominant_freq|hjorth_complexity,1001101,4,5.209748261557147,0.0423116191578576,5.119671130466461,0.9182970134848638,4.566213706566962
15,skewness|total_log_power|hjorth_mobility|hjorth_complexity,1001011,4,6.923430534946919,0.0572578526705524,6.846305632019043,0.9324791952404364,6.279895979956733
15,skewness|dominant_freq|hjorth_mobility|hjorth_complexity,1000111,4,5.675806634214521,0.046446106924862,5.568800924777984,0.911283154353761,5.032272079224335
15,kurtosis|spectral_slope|total_log_power|dominant_freq,111100,4,3.919183656872436,0.0424256633682175,3.821909226036072,0.912035625902941,3.275649101882251
15,kurtosis|spectral_slope|total_log_power|hjorth_mobility,111010,4,4.706459100292623,0.052724663956522,4.5657895844459535,0.8940712727807604,4.062924545302438
15,kurtosis|spectral_slope|total_log_power|hjorth_complexity,111001,4,4.616620942121371,0.0440583235768473,4.5213323195457455,0.918732661322444,3.973086387131186
15,kurtosis|spectral_slope|dominant_freq|hjorth_mobility,110110,4,3.587788737853244,0.0443551457571836,3.537039268970489,0.9531366247386251,2.944254182863059
15,kurtosis|spectral_slope|dominant_freq|hjorth_complexity,110101,4,3.657759133866802,0.0406276463382327,3.587771287441253,0.9360316718834631,3.014224578876617
15,kurtosis|spectral_slope|hjorth_mobility|hjorth_complexity,110011,4,4.707689305862784,0.0473476147597024,4.631970757865906,0.9382613767239792,4.064154750872599
15,kurtosis|total_log_power|dominant_freq|hjorth_mobility,101110,4,5.126192109008134,0.0478857847415352,5.010441668510437,0.9122296903175018,4.4826575540179485
15,kurtosis|total_log_power|dominant_freq|hjorth_complexity,101101,4,4.387555739330501,0.0417676679705207,4.299685552024841,0.9270217705564686,3.744021184340316
15,kurtosis|total_log_power|hjorth_mobility|hjorth_complexity,101011,4,6.020502098899335,0.053491839386519,5.921205939769745,0.9313742484486242,5.376967543909149
15,kurtosis|dominant_freq|hjorth_mobility|hjorth_complexity,100111,4,4.624851891831309,0.0478254570237437,4.569172267150879,0.9511049411343564,3.981317336841124
15,spectral_slope|total_log_power|dominant_freq|hjorth_mobility,11110,4,4.508069402616471,0.0410047246896341,4.400987555503845,0.912118799317118,3.8645348476262855
15,spectral_slope|total_log_power|dominant_freq|hjorth_complexity,11101,4,4.167939165722951,0.0337639849007896,4.083136806106568,0.9241346419784648,3.5244046107327662
15,spectral_slope|total_log_power|hjorth_mobility|hjorth_complexity,11011,4,5.404634528055042,0.0412902244199371,5.292959257984162,0.9148712788940164,4.761099973064857
15,spectral_slope|dominant_freq|hjorth_mobility|hjorth_complexity,10111,4,3.901029781625047,0.034677539247922,3.84096244096756,0.9478692983895398,3.257495226634862
15,total_log_power|dominant_freq|hjorth_mobility|hjorth_complexity,1111,4,5.606232273794338,0.039569232792856,5.5028560880661015,0.9185069218336336,4.962697718804153
15,skewness|kurtosis|spectral_slope|total_log_power|dominant_freq,1111100,5,5.71343428250514,0.0505414365982749,5.638460328483582,0.932063353138348,5.069899727514954
15,skewness|kurtosis|spectral_slope|total_log_power|hjorth_mobility,1111010,5,6.835172424258665,0.0648551246620427,6.750317521476745,0.9263088992244832,6.19163786926848
15,skewness|kurtosis|spectral_slope|total_log_power|hjorth_complexity,1111001,5,5.977165960112959,0.0538452785344081,5.893434045982361,0.9257148392313364,5.333631405122774
15,skewness|kurtosis|spectral_slope|dominant_freq|hjorth_mobility,1110110,5,5.382147074250877,0.0536533941399361,5.290601280212402,0.9210653325379752,4.738612519260692
15,skewness|kurtosis|spectral_slope|dominant_freq|hjorth_complexity,1110101,5,5.115150346673652,0.0452784449585244,5.005883201408386,0.904530679057082,4.471615791683467
15,skewness|kurtosis|spectral_slope|hjorth_mobility|hjorth_complexity,1110011,5,6.281927877536043,0.052474388852089,6.171549589824677,0.9063564210689984,5.638393322545858
15,skewness|kurtosis|total_log_power|dominant_freq|hjorth_mobility,1101110,5,7.110231822738797,0.0615975452651089,7.042824439716339,0.9399960286836568,6.466697267748612
15,skewness|kurtosis|total_log_power|dominant_freq|hjorth_complexity,1101101,5,5.7940371675468985,0.0509783041146048,5.717505735969543,0.93260196725417,5.150502612556713
15,skewness|kurtosis|total_log_power|hjorth_mobility|hjorth_complexity,1101011,5,7.75886807952933,0.0667616623294322,7.693496491909027,0.94282771225278,7.115333524539145
15,skewness|kurtosis|dominant_freq|hjorth_mobility|hjorth_complexity,1100111,5,6.162737772165984,0.053351773773958,6.078290940666199,0.925948502161968,5.519203217175798
15,skewness|spectral_slope|total_log_power|dominant_freq|hjorth_mobility,1011110,5,6.250826510625705,0.0569480467440026,6.154743686294555,0.9195564232989109,5.60729195563552
15,skewness|spectral_slope|total_log_power|dominant_freq|hjorth_complexity,1011101,5,5.825590565652773,0.0467655291285726,5.744108962249756,0.9275841459990548,5.182056010662588
15,skewness|spectral_slope|total_log_power|hjorth_mobility|hjorth_complexity,1011011,5,7.139809730513766,0.0577199738696317,7.058475061702728,0.9325742460758556,6.496275175523581
15,skewness|spectral_slope|dominant_freq|hjorth_mobility|hjorth_complexity,1010111,5,5.897055376991257,0.0500324470317258,5.791179674053192,0.9131326598553944,5.253520822001072
15,skewness|total_log_power|dominant_freq|hjorth_mobility|hjorth_complexity,1001111,5,7.414910315542295,0.0592314836292175,7.341564783382416,0.9361663240113568,6.77137576055211
15,kurtosis|spectral_slope|total_log_power|dominant_freq|hjorth_mobility,111110,5,5.290314423828572,0.051569577458684,5.173706364822388,0.909116819800292,4.646779868838387
15,kurtosis|spectral_slope|total_log_power|dominant_freq|hjorth_complexity,111101,5,5.01152681129612,0.0482982253609903,4.923149690818787,0.923817810712676,4.367992256305935
15,kurtosis|spectral_slope|total_log_power|hjorth_mobility|hjorth_complexity,111011,5,6.342667831350118,0.0570888837765009,6.23612194442749,0.9259603881325346,5.699133276359933
15,kurtosis|spectral_slope|dominant_freq|hjorth_mobility|hjorth_complexity,110111,5,4.904842602107301,0.0491250802640242,4.8401651583671566,0.9470534573559408,4.261308047117116
15,kurtosis|total_log_power|dominant_freq|hjorth_mobility|hjorth_complexity,101111,5,6.520086467632652,0.0560420740585411,6.424875468063354,0.9314217739521232,5.876551912642467
15,spectral_slope|total_log_power|dominant_freq|hjorth_mobility|hjorth_complexity,11111,5,5.7494353014349935,0.0438444933018339,5.644687711811065,0.9186534569507336,5.105900746444808
15,skewness|kurtosis|spectral_slope|total_log_power|dominant_freq|hjorth_mobility,1111110,6,7.391518425796926,0.0647567395754163,7.312082751655579,0.9315643463122816,6.747983870806741
15,skewness|kurtosis|spectral_slope|total_log_power|dominant_freq|hjorth_complexity,1111101,6,6.44481718887873,0.0544695140704698,6.36984578256607,0.9335762262677804,5.801282633888545
15,skewness|kurtosis|spectral_slope|total_log_power|hjorth_mobility|hjorth_complexity,1111011,6,8.205397229501978,0.0686121935080325,8.135606812858581,0.9405861279353388,7.561862674511793
15,skewness|kurtosis|spectral_slope|dominant_freq|hjorth_mobility|hjorth_complexity,1110111,6,6.525995088453218,0.0549126714353334,6.426091455841065,0.9164356311418446,5.882460533463033
15,skewness|kurtosis|total_log_power|dominant_freq|hjorth_mobility|hjorth_complexity,1101111,6,8.26254670863971,0.0672266351245919,8.196457245063781,0.9442851386997918,7.619012153649526
15,skewness|spectral_slope|total_log_power|dominant_freq|hjorth_mobility|hjorth_complexity,1011111,6,7.695387229518593,0.0613562023930804,7.623322820854187,0.9391049394729708,7.051852674528408
15,kurtosis|spectral_slope|total_log_power|dominant_freq|hjorth_mobility|hjorth_complexity,111111,6,6.793560281932726,0.0602040480689006,6.697091641235351,0.9312079136442152,6.150025726942541
15,skewness|kurtosis|spectral_slope|total_log_power|dominant_freq|hjorth_mobility|hjorth_complexity,1111111,7,8.686625224510207,0.0702658453534796,8.617936004638672,0.9423366243359594,8.043090669520021
50,none,0,0,0.556779440869391,0.0090117155876218,0.524114227771759,0.9680197986724092,-0.0867551141207942
50,skewness,1000000,1,1.5329195577830077,0.0303894196973341,1.476470168876648,0.9472316673824196,0.8893850027928224
50,kurtosis,100000,1,1.1834316128402949,0.0172267420189872,1.1409057154655458,0.9587485058296396,0.5398970578501096
50,spectral_slope,10000,1,1.459218257188052,0.0175259273085822,1.4163554989814755,0.958463356003036,0.8156837021978666
50,total_log_power,1000,1,1.881913223323971,0.0206136676467211,1.8144046112060548,0.9367960210306436,1.2383786683337856
50,dominant_freq,100,1,1.3988550588801505,0.0238360223790243,1.3526512498855592,0.955326722092942,0.755320503889965
50,hjorth_mobility,10,1,2.176293697499111,0.027357077490971,2.114781921005249,0.9415286982385848,1.532759142508926
50,hjorth_complexity,1,1,1.849205012273044,0.0247447049757258,1.800767469406128,0.9540871228135176,1.2056704572828585
50,skewness|kurtosis,1100000,2,2.4089558808851987,0.0390570359115419,2.3215235176086426,0.91839602257502,1.7654213258950135
50,skewness|spectral_slope,1010000,2,2.6696269401136785,0.0364226325384885,2.585660395336151,0.9234376044236542,2.0260923851234933
50,skewness|total_log_power,1001000,2,2.956932119866088,0.0372252189022448,2.895163461494446,0.9428197882413156,2.313397564875902
50,skewness|dominant_freq,1000100,2,2.563824301321432,0.040661496639894,2.4702219217300416,0.9136118587558631,1.920289746331247
50,skewness|hjorth_mobility,1000010,2,3.5739229614522308,0.0458994898549749,3.467212865829468,0.9047088959941182,2.9303884064620456
50,skewness|hjorth_complexity,1000001,2,3.2685298948246984,0.0375701552092436,3.1817443418502807,0.9205663172790212,2.624995339834513
50,kurtosis|spectral_slope,110000,2,2.066878993561864,0.0232555245568185,2.018362904548645,0.9531286990608608,1.4233444385716787
50,kurtosis|total_log_power,101000,2,2.255957828136906,0.0299595158986048,2.185032877635956,0.9377306785447244,1.612423273146721
50,kurtosis|dominant_freq,100100,2,2.187816995626688,0.0249587524762062,2.1374648537635803,0.9514772152356336,1.5442824406365028
50,kurtosis|hjorth_mobility,100010,2,2.8583658517267554,0.0310280342731659,2.7920707543373107,0.9373821627528574,2.21483129673657
50,kurtosis|hjorth_complexity,100001,2,2.6126172464367,0.0267737803118764,2.545451121616364,0.937164344203495,1.969082691446515
50,spectral_slope|total_log_power,11000,2,2.647857051961124,0.0251700402331661,2.5784546484947204,0.9357267184653602,2.004322496970939
50,spectral_slope|dominant_freq,10100,2,1.9904249769937248,0.021978116257596,1.939433467292785,0.9509069180125114,1.3468904220035394
50,spectral_slope|hjorth_mobility,10010,2,2.229407014090196,0.0311449586560383,2.159550329208374,0.9353980050085524,1.5858724591000102
50,spectral_slope|hjorth_complexity,10001,2,2.608368177708611,0.025019666947935,2.548571427154541,0.9439049416544418,1.964833622718425
50,total_log_power|dominant_freq,1100,2,2.62793521691896,0.0258355424064482,2.5640899324417115,0.939801965521664,1.9844006619287748
50,total_log_power|hjorth_mobility,1010,2,3.664619865040109,0.0427070320623498,3.534901367378235,0.8986613722658869,3.021085310049924
50,total_log_power|hjorth_complexity,1001,2,3.018294615261629,0.0293247237154289,2.954679751968384,0.9423168201342762,2.374760060271444
50,dominant_freq|hjorth_mobility,110,2,2.84960465547815,0.0311019456150684,2.7885390553474427,0.9418970155333382,2.2060701004879646
50,dominant_freq|hjorth_complexity,101,2,2.4416402059614657,0.0238583347929652,2.390246889781952,0.95083959306992,1.7981056509712805
50,hjorth_mobility|hjorth_complexity,11,2,3.69147458784096,0.030395542988874,3.636658135318756,0.9482534544223584,3.047940032850774
50,skewness|kurtosis|spectral_slope,1110000,3,3.6250458364438254,0.0417202298746599,3.543481442832946,0.9240554279486723,2.981511281453641
50,skewness|kurtosis|total_log_power,1101000,3,3.818228036566079,0.0474454093707116,3.76218768119812,0.9476791950746264,3.1746934815758934
50,skewness|kurtosis|dominant_freq,1100100,3,3.535406849345565,0.0410664104805557,3.4412226888656616,0.9127960204207712,2.89187229435538
50,skewness|kurtosis|hjorth_mobility,1100010,3,4.672718817287311,0.0514301904335297,4.56757043170929,0.9058376094920866,4.029184262297126
50,skewness|kurtosis|hjorth_complexity,1100001,3,3.437311348792911,0.0451889578261808,3.333725336074829,0.9048158200114136,2.7937767938027256
50,skewness|spectral_slope|total_log_power,1011000,3,3.7575762388724834,0.0436818464994552,3.680761196231842,0.9303168178720748,3.114041683882298
50,skewness|spectral_slope|dominant_freq,1010100,3,3.4397672256544234,0.0380103408866175,3.338541211891174,0.9094494835675628,2.796232670664238
50,skewness|spectral_slope|hjorth_mobility,1010010,3,3.743342663904652,0.0497745175748781,3.63749444732666,0.9089583996192522,3.0998081089144667
50,skewness|spectral_slope|hjorth_complexity,1010001,3,4.275493522456288,0.0346249807818729,4.162468246269226,0.901346517935793,3.631958967466103
50,skewness|total_log_power|dominant_freq,1001100,3,3.997000968949497,0.0368734736385274,3.933282286262512,0.9406692939386918,3.353466413959312
50,skewness|total_log_power|hjorth_mobility,1001010,3,5.234520892406255,0.0601102880633578,5.109190287780762,0.897920779324524,4.59098633741607
50,skewness|total_log_power|hjorth_complexity,1001001,3,4.275817656496167,0.0396000094749958,4.203842692565918,0.9370257300164984,3.6322831015059815
50,skewness|dominant_freq|hjorth_mobility,1000110,3,4.418823425935582,0.0457669908767786,4.32539609670639,0.9162970135452236,3.775288870945397
50,skewness|dominant_freq|hjorth_complexity,1000101,3,4.157891458341107,0.0320782934153202,4.055525570678711,0.9068316649718592,3.514356903350921
50,skewness|hjorth_mobility|hjorth_complexity,1000011,3,5.376380862929672,0.0423426472048749,5.274963822460174,0.9096316698117456,4.732846307939487
50,kurtosis|spectral_slope|total_log_power,111000,3,3.1893878531377764,0.0319041524663258,3.1293120762825013,0.9439643440127244,2.545853298147591
50,kurtosis|spectral_slope|dominant_freq,110100,3,2.717340812408179,0.0265358986645687,2.665595435523987,0.9502019666189068,2.073806257417994
50,kurtosis|spectral_slope|hjorth_mobility,110010,3,3.0826465238034726,0.0322354328841144,3.0122876612663267,0.9344950341737592,2.4391119688132874
50,kurtosis|spectral_slope|hjorth_complexity,110001,3,3.374641745210812,0.0280899970926124,3.308766789531708,0.9379168190566176,2.731107190220626
50,kurtosis|total_log_power|dominant_freq,101100,3,3.2954822085689752,0.0298151399244546,3.242733859729767,0.9511089011806052,2.65194765357879
50,kurtosis|total_log_power|hjorth_mobility,101010,3,4.522577648352459,0.0438999754617351,4.410852639961242,0.913952462253253,3.8790430933622737
50,kurtosis|total_log_power|hjorth_complexity,101001,3,3.5030242253117265,0.0388834385072793,3.427353526115417,0.938372265935614,2.8594896703215413
50,kurtosis|dominant_freq|hjorth_mobility,100110,3,3.451316339759156,0.0344483229409831,3.3963468742370604,0.9476673145160952,2.807781784768971
50,kurtosis|dominant_freq|hjorth_complexity,100101,3,3.283627200691402,0.0261292405142934,3.2238056953430174,0.9429702828744444,2.6400926457012166
50,kurtosis|hjorth_mobility|hjorth_complexity,100011,3,4.383922338546068,0.03896423563644,4.321793215560913,0.9423445439337378,3.7403877835558825
50,spectral_slope|total_log_power|dominant_freq,11100,3,3.117024354718998,0.0295176180973431,3.058388385295868,0.9447485030688128,2.4734897997288128
50,spectral_slope|total_log_power|hjorth_mobility,11010,3,3.693764465309307,0.046980813395032,3.5751255215644835,0.904530680591478,3.0502299103191217
50,spectral_slope|total_log_power|hjorth_complexity,11001,3,3.7122185762364417,0.0321614446665965,3.647441404819488,0.9411049397747432,3.0686840212462565
50,spectral_slope|dominant_freq|hjorth_mobility,10110,3,2.83059858032465,0.0323435514668901,2.766417129707337,0.9392395913882394,2.1870640253344646
50,spectral_slope|dominant_freq|hjorth_complexity,10101,3,2.7852946607299147,0.0272404338798036,2.7221518261909483,0.9407128614093492,2.141760105739729
50,spectral_slope|hjorth_mobility|hjorth_complexity,10011,3,3.793822295588255,0.0308175024317398,3.738421161746978,0.9482455343444212,3.1502877405980696
50,total_log_power|dominant_freq|hjorth_mobility,1110,3,4.323920145928114,0.0404995108732207,4.232977074050903,0.9235801870312548,3.680385590937929
50,total_log_power|dominant_freq|hjorth_complexity,1101,3,3.542379699283093,0.0302179450505387,3.484763165092468,0.9474415750867718,2.898845144292908
50,total_log_power|hjorth_mobility|hjorth_complexity,1011,3,5.127908948546648,0.038473710421628,5.047526842212677,0.9351603885948364,4.484374393556463
50,dominant_freq|hjorth_mobility|hjorth_complexity,111,3,3.801462172989175,0.0344908130037657,3.753382357311249,0.9548712781483631,3.1579276179989897
50,skewness|kurtosis|spectral_slope|total_log_power,1111000,4,4.890495259581506,0.0510409735857998,4.836199668216706,0.9494296914706494,4.246960704591321
50,skewness|kurtosis|spectral_slope|dominant_freq,1110100,4,4.252208909025415,0.0438648100492547,4.154476466560364,0.9104237447790025,3.60867435403523
50,skewness|kurtosis|spectral_slope|hjorth_mobility,1110010,4,4.8812536083206535,0.0527498698483487,4.785711552524567,0.9162653309522264,4.237719053330468
50,skewness|kurtosis|spectral_slope|hjorth_complexity,1110001,4,4.673758556264266,0.0425242431493187,4.5715432432174685,0.9071128526221895,4.030224001274081
50,skewness|kurtosis|total_log_power|dominant_freq,1101100,4,4.827855400739238,0.0445820888996556,4.772499332618714,0.9485267218486816,4.184320845749053
50,skewness|kurtosis|total_log_power|hjorth_mobility,1101010,4,6.355254126708955,0.0662068332359867,6.283302296829223,0.9363564243809596,5.71171957171877
50,skewness|kurtosis|total_log_power|hjorth_complexity,1101001,4,4.6456626525554805,0.0519100240989842,4.572035825443268,0.934098998111974,4.002128097565295
50,skewness|kurtosis|dominant_freq|hjorth_mobility,1100110,4,5.172205250489339,0.0503428303648124,5.089409253120422,0.9235643431126004,4.528670695499154
50,skewness|kurtosis|dominant_freq|hjorth_complexity,1100101,4,4.484221514018625,0.0384638670941425,4.388902435207367,0.9116752295606052,3.84068695902844
50,skewness|kurtosis|hjorth_mobility|hjorth_complexity,1100011,4,5.919103422171995,0.051026612347314,5.8241595088005065,0.9141900850966482,5.27556886718181
50,skewness|spectral_slope|total_log_power|dominant_freq,1011100,4,4.629964502004161,0.0444367318116202,4.559200761795044,0.935904937743464,3.986429947013976
50,skewness|spectral_slope|total_log_power|hjorth_mobility,1011010,4,5.312362054867298,0.0622412570891739,5.174025873756409,0.8908871163552256,4.668827499877112
50,skewness|spectral_slope|total_log_power|hjorth_complexity,1011001,4,5.332328099833056,0.0445397279009158,5.262217227840424,0.9360514729624878,4.688793544842871
50,skewness|spectral_slope|dominant_freq|hjorth_mobility,1010110,4,4.544441567358748,0.0495607715328296,4.446120383930206,0.9134970142492164,3.9009070123685614
50,skewness|spectral_slope|dominant_freq|hjorth_complexity,1010101,4,4.679537233892456,0.0356675678160568,4.563168477916718,0.8978257278893077,4.03600267890227
50,skewness|spectral_slope|hjorth_mobility|hjorth_complexity,1010011,4,5.558570767858624,0.0451222537102886,5.461482262039184,0.9176871165589896,4.915036212868439
50,skewness|total_log_power|dominant_freq|hjorth_mobility,1001110,4,6.053738780160621,0.057194123804974,5.976102383136749,0.930807909984506,5.410204225170435
50,skewness|total_log_power|dominant_freq|hjorth_complexity,1001101,4,5.068444728453085,0.039852444709818,5.008695226573944,0.9451207822915412,4.4249101734629
50,skewness|total_log_power|hjorth_mobility|hjorth_complexity,1001011,4,7.034998189057783,0.0565163480912121,6.961279306411743,0.9358257316021326,6.391463634067597
50,skewness|dominant_freq|hjorth_mobility|hjorth_complexity,1000111,4,5.667552431398257,0.0446762136621044,5.57651793422699,0.9198415709896254,5.024017876408072
50,kurtosis|spectral_slope|total_log_power|dominant_freq,111100,4,3.820791133893281,0.0342066417339129,3.7696574127197264,0.951885138067628,3.177256578903096
50,kurtosis|spectral_slope|total_log_power|hjorth_mobility,111010,4,4.647480452251434,0.0477135820293804,4.520986167812348,0.9050415729346284,4.003945897261249
50,kurtosis|spectral_slope|total_log_power|hjorth_complexity,111001,4,4.505260261139647,0.0398503119627668,4.442026060199738,0.9428831571025202,3.861725706149461
50,kurtosis|spectral_slope|dominant_freq|hjorth_mobility,110110,4,3.674039905591309,0.0351282176978784,3.6189415541648864,0.9475920662774252,3.030505350601124
50,kurtosis|spectral_slope|dominant_freq|hjorth_complexity,110101,4,3.690635826991871,0.0299819940877015,3.627162093830109,0.9402019684654556,3.0471012720016857
50,kurtosis|spectral_slope|hjorth_mobility|hjorth_complexity,110011,4,4.587946073142066,0.039117544389637,4.520019236660004,0.939231671609586,3.944411518151881
50,kurtosis|total_log_power|dominant_freq|hjorth_mobility,101110,4,5.317969244465232,0.0435122649535573,5.237900935268402,0.9344356332607204,4.674434689475047
50,kurtosis|total_log_power|dominant_freq|hjorth_complexity,101101,4,4.307395784080401,0.0357896619451517,4.256973307323456,0.9549544466097232,3.663861229090216
50,kurtosis|total_log_power|hjorth_mobility|hjorth_complexity,101011,4,6.145393207823858,0.0476308458400102,6.08417356004715,0.9489702883715208,5.501858652833673
50,kurtosis|dominant_freq|hjorth_mobility|hjorth_complexity,100111,4,4.646283162124455,0.0403549545121869,4.590428601932525,0.9485425641093964,4.0027486071342695
50,spectral_slope|total_log_power|dominant_freq|hjorth_mobility,11110,4,4.297855803722888,0.0458730705111066,4.209036745071411,0.9240514745536088,3.6543212487327033
50,spectral_slope|total_log_power|dominant_freq|hjorth_complexity,11101,4,3.9633668945577,0.0345682218784004,3.894644738006592,0.938998010222316,3.3198323395675144
50,spectral_slope|total_log_power|hjorth_mobility|hjorth_complexity,11011,4,5.370819532608241,0.0413639120575627,5.276037352085114,0.9272237550735376,4.727284977618056
50,spectral_slope|dominant_freq|hjorth_mobility|hjorth_complexity,10111,4,3.895714184542373,0.0356337108660521,3.840544824504853,0.948823752587256,3.252179629552188
50,total_log_power|dominant_freq|hjorth_mobility|hjorth_complexity,1111,4,5.519699729610607,0.0409555579984813,5.433284732246399,0.930681181479695,4.8761651746204215
50,skewness|kurtosis|spectral_slope|total_log_power|dominant_freq,1111100,5,5.564622085106373,0.0507860318527927,5.5090681432724,0.9479722660076128,4.921087530116187
50,skewness|kurtosis|spectral_slope|total_log_power|hjorth_mobility,1111010,5,6.550571717610955,0.0677079969454167,6.474524466323852,0.9348435542316178,5.90703716262077
50,skewness|kurtosis|spectral_slope|total_log_power|hjorth_complexity,1111001,5,5.890414628229291,0.0536263580574441,5.822268629455566,0.9386930577267918,5.246880073239105
50,skewness|kurtosis|spectral_slope|dominant_freq|hjorth_mobility,1110110,5,5.3719370599936695,0.0524124577375264,5.286067704772949,0.922102955181268,4.728402505003484
50,skewness|kurtosis|spectral_slope|dominant_freq|hjorth_complexity,1110101,5,5.10616013049297,0.0424255406977219,5.006997231864929,0.9094890936214548,4.462625575502785
50,skewness|kurtosis|spectral_slope|hjorth_mobility|hjorth_complexity,1110011,5,6.238000339179486,0.0521259200220348,6.1473706694602965,0.9198534527352792,5.594465784189301
50,skewness|kurtosis|total_log_power|dominant_freq|hjorth_mobility,1101110,5,7.047128151952475,0.0628090326762791,6.987170518398285,0.9456593962018628,6.40359359696229
50,skewness|kurtosis|total_log_power|dominant_freq|hjorth_complexity,1101101,5,5.592126745226607,0.0490510229888875,5.5327944390296935,0.9462257333385248,4.948592190236422
50,skewness|kurtosis|total_log_power|hjorth_mobility|hjorth_complexity,1101011,5,7.774731961160898,0.0654785405994611,7.719324256801605,0.9501227620837496,7.131197406170713
50,skewness|kurtosis|dominant_freq|hjorth_mobility|hjorth_complexity,1100111,5,6.200292810206488,0.0511597696271601,6.118833535861969,0.9260554330979176,5.556758255216303
50,skewness|spectral_slope|total_log_power|dominant_freq|hjorth_mobility,1011110,5,6.1506229457113895,0.0616971074636533,6.058719537830353,0.9226296916027074,5.507088390721204
50,skewness|spectral_slope|total_log_power|dominant_freq|hjorth_complexity,1011101,5,5.865535782552138,0.0454874581761369,5.795867287158966,0.9370930591610966,5.222001227561953
50,skewness|spectral_slope|total_log_power|hjorth_mobility|hjorth_complexity,1011011,5,7.284868097475917,0.0583311494848666,7.207580667495727,0.935259395535292,6.641333542485731
50,skewness|spectral_slope|dominant_freq|hjorth_mobility|hjorth_complexity,1010111,5,5.799634266343713,0.0483389508581098,5.701971752738952,0.9168633540369844,5.156099711353527
50,skewness|total_log_power|dominant_freq|hjorth_mobility|hjorth_complexity,1001111,5,7.524912833598629,0.0584572253124185,7.459093447113037,0.942752466132828,6.881378278608444
50,kurtosis|spectral_slope|total_log_power|dominant_freq|hjorth_mobility,111110,5,5.472047535036877,0.0476451287719083,5.385309834003449,0.9286376136000294,4.828512980046692
50,kurtosis|spectral_slope|total_log_power|dominant_freq|hjorth_complexity,111101,5,4.88414028333351,0.0392177650438863,4.828569389247894,0.948918802654602,4.240605728343325
50,kurtosis|spectral_slope|total_log_power|hjorth_mobility|hjorth_complexity,111011,5,6.408698071505874,0.0511115271787812,6.334345902347565,0.9402098927232466,5.765163516515689
50,kurtosis|spectral_slope|dominant_freq|hjorth_mobility|hjorth_complexity,110111,5,4.893191072687134,0.0430345214955968,4.8320810432434085,0.9452633559846624,4.249656517696949
50,kurtosis|total_log_power|dominant_freq|hjorth_mobility|hjorth_complexity,101111,5,6.581753772909567,0.0489440508412621,6.520694207572937,0.94890692326079,5.938219217919381
50,spectral_slope|total_log_power|dominant_freq|hjorth_mobility|hjorth_complexity,11111,5,5.617771512561292,0.0442038529360866,5.522660656738282,0.9263722697082232,4.974236957571106
50,skewness|kurtosis|spectral_slope|total_log_power|dominant_freq|hjorth_mobility,1111110,6,7.192768484983221,0.0661836373494804,7.1265913952827455,0.9423089015220047,6.549233929993036
50,skewness|kurtosis|spectral_slope|total_log_power|dominant_freq|hjorth_complexity,1111101,6,6.436029545496032,0.0538575003944021,6.369373967170716,0.9395881095741128,5.792494990505847
50,skewness|kurtosis|spectral_slope|total_log_power|hjorth_mobility|hjorth_complexity,1111011,6,8.265478461839258,0.0675611205726287,8.202375930213929,0.9463049412984508,7.621943906849073
50,skewness|kurtosis|spectral_slope|dominant_freq|hjorth_mobility|hjorth_complexity,1110111,6,6.464621836997568,0.0530906559445103,6.385462421894074,0.9286494927379264,5.821087282007383
50,skewness|kurtosis|total_log_power|dominant_freq|hjorth_mobility|hjorth_complexity,1101111,6,8.365591435001045,0.0666102742956691,8.305848493671418,0.947746525815116,7.72205688001086
50,skewness|spectral_slope|total_log_power|dominant_freq|hjorth_mobility|hjorth_complexity,1011111,6,7.807745813132078,0.0627840833904791,7.737346241760254,0.9395326633999628,7.164211258141893
50,kurtosis|spectral_slope|total_log_power|dominant_freq|hjorth_mobility|hjorth_complexity,111111,6,6.932358952360228,0.0533094026691596,6.856879358768463,0.9407168237968236,6.288824397370043
50,skewness|kurtosis|spectral_slope|total_log_power|dominant_freq|hjorth_mobility|hjorth_complexity,1111111,7,8.748524263418838,0.069520066588726,8.683694894886017,0.945199990958054,8.104989708428652
55,none,0,0,0.5942702013090253,0.0074162470282375,0.5556719493865967,0.96232870454567,-0.04926435368116
55,skewness,1000000,1,1.6199897643316536,0.0331482713211431,1.5552420083999634,0.9410851294747484,0.9764552093414685
55,kurtosis,100000,1,1.2940031672246757,0.0185627874102686,1.2332250396728517,0.9417148303101368,0.6504686122344902
55,spectral_slope,10000,1,1.554967246394232,0.0174081592783228,1.4966838650703431,0.9437821568149308,0.9114326914040466
55,total_log_power,1000,1,2.6632852455995977,0.0226614103951273,2.537490631198883,0.8883366087827584,2.0197506906094125
55,dominant_freq,100,1,1.5190853272892535,0.0239393070419544,1.4655720022201535,0.9484475102798164,0.8755507722990682
55,hjorth_mobility,10,1,2.273170089738444,0.0281509414275227,2.20003331451416,0.9311088924519884,1.6296355347482585
55,hjorth_complexity,1,1,2.022837525518612,0.0245719201765281,1.9565422086715696,0.9373267198686652,1.379302970528426
55,skewness|kurtosis,1100000,2,2.6469299015678467,0.0411814330232174,2.552926164531708,0.91332275285947,2.003395346577661
55,skewness|spectral_slope,1010000,2,2.713105808828026,0.0365840240912287,2.6330999693870543,0.9274019618929282,2.069571253837841
55,skewness|total_log_power,1001000,2,3.588552525207028,0.0424072332034876,3.495321823883057,0.915251466128237,2.9450179702168424
55,skewness|dominant_freq,1000100,2,2.684837629447133,0.044022352963594,2.599933623600006,0.9223762183126308,2.041303074456948
55,skewness|hjorth_mobility,1000010,2,3.697524310185388,0.0497542594021223,3.5974253454208376,0.9123088924655368,3.0539897551952024
55,skewness|hjorth_complexity,1000001,2,3.2186934811681507,0.0383486365331307,3.109221303653717,0.9013465138484952,2.575158926177965
55,kurtosis|spectral_slope,110000,2,2.166140858413279,0.0239815452505668,2.102876226711273,0.9393663162984132,1.522606303423094
55,kurtosis|total_log_power,101000,2,2.8521109237801285,0.0293988372093612,2.747125396156311,0.9086494824629996,2.208576368789944
55,kurtosis|dominant_freq,100100,2,2.2987593424096704,0.027654314225464,2.23577643699646,0.939900971898317,1.6552247874194852
55,kurtosis|hjorth_mobility,100010,2,3.083753082457185,0.0324640794608861,2.99320774345398,0.9172277029015866,2.440218527467
55,kurtosis|hjorth_complexity,100001,2,2.6522561507228763,0.0309133234461876,2.574612308120728,0.9270257241867562,2.008721595732691
55,spectral_slope|total_log_power,11000,2,3.3717008277397604,0.0278971672674893,3.237698471736908,0.8797821569462958,2.7281662727495752
55,spectral_slope|dominant_freq,10100,2,2.2026980541598054,0.023445218465598,2.138185995960236,0.938237603991725,1.5591634991696202
55,spectral_slope|hjorth_mobility,10010,2,2.4033018182829022,0.0325762911663953,2.330782474422455,0.9319801787289456,1.759767263292717
55,spectral_slope|hjorth_complexity,10001,2,2.852468467053771,0.0258713443065418,2.7767600440979003,0.9298415711299742,2.208933912063586
55,total_log_power|dominant_freq,1100,2,3.463024477520585,0.0286506627228471,3.356245791912079,0.904558396749328,2.8194899225304
55,total_log_power|hjorth_mobility,1010,2,4.046621535761282,0.0443716956052862,3.896632338809967,0.8761346347516011,3.4030869807710964
55,total_log_power|hjorth_complexity,1001,2,3.811645682636276,0.0347493880053535,3.6808972491264345,0.888328694891453,3.1681111276460907
55,dominant_freq|hjorth_mobility,110,2,2.939998108437285,0.0288205027000347,2.867325896835327,0.9314851310009696,2.2964635534471
55,dominant_freq|hjorth_complexity,101,2,2.62087879328914,0.0254180278814749,2.553276467514038,0.936320776846042,1.9773442382989548
55,hjorth_mobility|hjorth_complexity,11,2,3.930639351882785,0.0318351956638765,3.8508300261497497,0.926392064670144,3.2871047968926
55,skewness|kurtosis|spectral_slope,1110000,3,3.817858708084375,0.0426921210679064,3.7247739621162417,0.9144633472130668,3.1743241530941897
55,skewness|kurtosis|total_log_power,1101000,3,4.40566877583526,0.0477472807824498,4.300460449886322,0.9060752310524774,3.762134220845075
55,skewness|kurtosis|dominant_freq,1100100,3,3.660390816162899,0.0460344037791959,3.569017960071564,0.9166138430463304,3.016856261172714
55,skewness|kurtosis|hjorth_mobility,1100010,3,4.879368204461411,0.0549643561912722,4.774410001468659,0.9063366166225604,4.235833649471226
55,skewness|kurtosis|hjorth_complexity,1100001,3,3.600423759964481,0.0458574787454614,3.4934690537452697,0.9025465150750244,2.956889204974296
55,skewness|spectral_slope|total_log_power,1011000,3,4.402460327733308,0.0522630714803194,4.272386261749268,0.8865385992515356,3.7589257727431225
55,skewness|spectral_slope|dominant_freq,1010100,3,3.5534870878655465,0.0407587342779963,3.4596250911712647,0.915382159822249,2.9099525328753613
55,skewness|spectral_slope|hjorth_mobility,1010010,3,3.8434773523505776,0.0521563534403746,3.7421673303604126,0.913992062939017,3.1999427973603924
55,skewness|spectral_slope|hjorth_complexity,1010001,3,4.309358733012528,0.0354119203630159,4.187523046588898,0.8922138433132067,3.6658241780223424
55,skewness|total_log_power|dominant_freq,1001100,3,4.5434696078222245,0.0475341829344269,4.440778397846222,0.9079286986022336,3.8999350528320393
55,skewness|total_log_power|hjorth_mobility,1001010,3,5.6975761954713615,0.0677755554992664,5.559580980491639,0.8885425616451528,5.054041640481176
55,skewness|total_log_power|hjorth_complexity,1001001,3,4.74258223833479,0.0455385205421754,4.641071610069275,0.909964340758949,4.099047683344605
55,skewness|dominant_freq|hjorth_mobility,1000110,3,4.619806334938854,0.0483547420589213,4.504678052806854,0.8979682988832044,3.976271779948669
55,skewness|dominant_freq|hjorth_complexity,1000101,3,4.132749332081899,0.03485850304083,4.006383343791962,0.8877781998758928,3.489214777091714
55,skewness|hjorth_mobility|hjorth_complexity,1000011,3,5.616482874501124,0.0465674543634509,5.500492523097992,0.8969900825995312,4.972948319510939
55,kurtosis|spectral_slope|total_log_power,111000,3,3.814519521935284,0.0341652106685167,3.7080676001548767,0.903738595313458,3.170984966945099
55,kurtosis|spectral_slope|dominant_freq,110100,3,2.802718198736012,0.0275209861412986,2.7395992217063903,0.9398772116106544,2.159183643745827
55,kurtosis|spectral_slope|hjorth_mobility,110010,3,3.231947982085124,0.0352731646637328,3.1488374310493468,0.9243920607230424,2.5884134270949386
55,kurtosis|spectral_slope|hjorth_complexity,110001,3,3.5551674024749547,0.031426551959746,3.477473701095581,0.927976222471698,2.911632847484769
55,kurtosis|total_log_power|dominant_freq,101100,3,3.9693536302085968,0.034943599633166,3.8747079271316527,0.916590082122924,3.325819075218412
55,kurtosis|total_log_power|hjorth_mobility,101010,3,4.905476741255074,0.0457532905702473,4.7526235981941225,0.8831128540954191,4.261942186264889
55,kurtosis|total_log_power|hjorth_complexity,101001,3,4.079973566738889,0.0456614873996603,3.968539855194092,0.9095207772565558,3.436439011748704
55,kurtosis|dominant_freq|hjorth_mobility,100110,3,3.67490516272895,0.0357421837833586,3.598767074871063,0.9286376076909586,3.031370607738765
55,kurtosis|dominant_freq|hjorth_complexity,100101,3,3.300068543111533,0.032699310691364,3.226980298995972,0.9319683031962248,2.656533988121348
55,kurtosis|hjorth_mobility|hjorth_complexity,100011,3,4.651832276456803,0.0438110796955497,4.575749976539612,0.930986124945288,4.008297721466618
55,spectral_slope|total_log_power|dominant_freq,11100,3,3.9371357184048734,0.0323099503644719,3.834702564620972,0.9079484976044292,3.293601163414689
55,spectral_slope|total_log_power|hjorth_mobility,11010,3,4.054494708082452,0.050297861853292,3.887046043586731,0.8638851314039857,3.410960153092267
55,spectral_slope|total_log_power|hjorth_complexity,11001,3,4.562239483699575,0.032798026971828,4.433416464996338,0.8892395900938449,3.9187049287093902
55,spectral_slope|dominant_freq|hjorth_mobility,10110,3,3.0122252295244487,0.033521853039858,2.9472875643730165,0.93889503571031,2.3686906745342635
55,spectral_slope|dominant_freq|hjorth_complexity,10101,3,3.0919390218608083,0.0286954846658905,3.018772185325622,0.932352463943391,2.448404466870623
55,spectral_slope|hjorth_mobility|hjorth_complexity,10011,3,4.086004639790208,0.0344821582438973,4.011153851413726,0.9313623606592872,3.4424700848000223
55,total_log_power|dominant_freq|hjorth_mobility,1110,3,4.779627585381642,0.0433098157561128,4.658133495807648,0.894364340881084,4.136093030391457
55,total_log_power|dominant_freq|hjorth_complexity,1101,3,4.253093346659466,0.0351139798620717,4.137538255405426,0.9021940456429908,3.609558791669281
55,total_log_power|hjorth_mobility|hjorth_complexity,1011,3,5.72473536792472,0.0443481903364155,5.607564837932586,0.9018890951212092,5.081200812934535
55,dominant_freq|hjorth_mobility|hjorth_complexity,111,3,3.986339081292227,0.033544488888123,3.90174769487381,0.9229504777654826,3.3428045263020416
55,skewness|kurtosis|spectral_slope|total_log_power,1111000,4,5.495075581242889,0.055726050523118,5.388591492557525,0.906162362873067,4.851541026252704
55,skewness|kurtosis|spectral_slope|dominant_freq,1110100,4,4.353669659909606,0.047251097878146,4.25675537366867,0.911615824061022,3.710135104919421
55,skewness|kurtosis|spectral_slope|hjorth_mobility,1110010,4,5.123344760011881,0.0546780078560191,5.02161677494049,0.9101187952429142,4.479810205021696
55,skewness|kurtosis|spectral_slope|hjorth_complexity,1110001,4,4.703231422001124,0.0448390426663073,4.587061474037171,0.8964079047755953,4.059696867010938
55,skewness|kurtosis|total_log_power|dominant_freq,1101100,4,5.496319310785085,0.0481127844624907,5.405474181175232,0.9189782034692168,4.8527847557949
55,skewness|kurtosis|total_log_power|hjorth_mobility,1101010,4,6.891912874818221,0.0671507787276293,6.808509401607513,0.9270970186638428,6.248378319828036
55,skewness|kurtosis|total_log_power|hjorth_complexity,1101001,4,5.274649940503388,0.0547388263241365,5.173258044719696,0.9128633517344616,4.631115385513203
55,skewness|kurtosis|dominant_freq|hjorth_mobility,1100110,4,5.47809473554641,0.0537000276311784,5.360250826931,0.8943405804602944,4.834560180556225
55,skewness|kurtosis|dominant_freq|hjorth_complexity,1100101,4,4.57149844639264,0.0420329905356904,4.471751501274109,0.9098098844983924,3.927963891402455
55,skewness|kurtosis|hjorth_mobility|hjorth_complexity,1100011,4,6.183816808236018,0.0553092246665016,6.083863909435272,0.9107841432636992,5.540282253245833
55,skewness|spectral_slope|total_log_power|dominant_freq,1011100,4,5.161196907157824,0.0529136766007373,5.044761878299713,0.8990930569244209,4.517662352167639
55,skewness|spectral_slope|total_log_power|hjorth_mobility,1011010,4,5.780827828821168,0.0706838979543316,5.617884738540649,0.8730138476605989,5.137293273830982
55,skewness|spectral_slope|total_log_power|hjorth_complexity,1011001,4,5.765148946004733,0.0506971377248938,5.665027256774902,0.9112039475127944,5.121614391014548
55,skewness|spectral_slope|dominant_freq|hjorth_mobility,1010110,4,4.712933852691949,0.0512335622090488,4.610233113861084,0.9096475063735914,4.069399297701764
55,skewness|spectral_slope|dominant_freq|hjorth_complexity,1010101,4,4.695781213421747,0.0389603529314845,4.57448115568161,0.892819786151137,4.052246658431562
55,skewness|spectral_slope|hjorth_mobility|hjorth_complexity,1010011,4,5.68081480749473,0.0478229838082622,5.575212699222565,0.9079603804359084,5.037280252504544
55,skewness|total_log_power|dominant_freq|hjorth_mobility,1001110,4,6.625503610379994,0.0635766823882792,6.519499303340912,0.908582167530794,5.981969055389809
55,skewness|total_log_power|dominant_freq|hjorth_complexity,1001101,4,5.512897916272283,0.0474036889273745,5.420924649143219,0.9185940471349852,4.8693633612820975
55,skewness|total_log_power|hjorth_mobility|hjorth_complexity,1001011,4,7.401637971305474,0.0630742767663125,7.32085818195343,0.9296197903357216,6.758103416315289
55,skewness|dominant_freq|hjorth_mobility|hjorth_complexity,1000111,4,5.942615618545189,0.0480898023213697,5.819652048397065,0.8922494893583951,5.299081063555004
55,kurtosis|spectral_slope|total_log_power|dominant_freq,111100,4,4.408143993788958,0.038850969260152,4.322026974105835,0.9218574116314064,3.764609438798773
55,kurtosis|spectral_slope|total_log_power|hjorth_mobility,111010,4,5.033734847050533,0.0485694237666414,4.892241749763489,0.8843999846506616,4.390200292060348
55,kurtosis|spectral_slope|total_log_power|hjorth_complexity,111001,4,5.197436573556439,0.0431373644576319,5.0938387279510495,0.9093544430666692,4.553902018566253
55,kurtosis|spectral_slope|dominant_freq|hjorth_mobility,110110,4,3.8212812748104334,0.0379842397923446,3.755758877182007,0.9386930547128082,3.1777467198202483
55,kurtosis|spectral_slope|dominant_freq|hjorth_complexity,110101,4,3.784665512504801,0.0346223230609009,3.7143825570106506,0.935089096997953,3.141130957514616
55,kurtosis|spectral_slope|hjorth_mobility|hjorth_complexity,110011,4,4.858802995356918,0.0436801094260941,4.771253666496277,0.92312077913517,4.215268440366732
55,kurtosis|total_log_power|dominant_freq|hjorth_mobility,101110,4,5.544880467696116,0.0476534298317545,5.43536681804657,0.9071762236228086,4.9013459127059305
55,kurtosis|total_log_power|dominant_freq|hjorth_complexity,101101,4,5.017547951005399,0.0436416713873927,4.920874897766113,0.9189346411730684,4.374013396015214
55,kurtosis|total_log_power|hjorth_mobility|hjorth_complexity,101011,4,6.541933626937866,0.0543639974279207,6.458035760402679,0.929302959681878,5.898399071947681
55,kurtosis|dominant_freq|hjorth_mobility|hjorth_complexity,100111,4,4.720754754323885,0.045806233422492,4.644331310653686,0.9312791942576164,4.077220199333699
55,spectral_slope|total_log_power|dominant_freq|hjorth_mobility,11110,4,4.797965200038627,0.0488558323442809,4.675004222869873,0.8938059261821589,4.154430645048442
55,spectral_slope|total_log_power|dominant_freq|hjorth_complexity,11101,4,4.698342137552798,0.0386742161905453,4.583939935016632,0.9019643435609016,4.054807582562613
55,spectral_slope|total_log_power|hjorth_mobility|hjorth_complexity,11011,4,5.88849241094552,0.0477739819701346,5.751508225536346,0.8929980069643366,5.244957855955335
55,spectral_slope|dominant_freq|hjorth_mobility|hjorth_complexity,10111,4,4.11778990354836,0.0384390386332184,4.045256217384338,0.9340871141972864,3.474255348558174
55,total_log_power|dominant_freq|hjorth_mobility|hjorth_complexity,1111,4,6.164936743063107,0.0453693871417137,6.027197813034058,0.8899445415449614,5.521402188072922
55,skewness|kurtosis|spectral_slope|total_log_power|dominant_freq,1111100,5,6.193393696763739,0.0553964816297498,6.10529039773941,0.9213861259106964,5.549859141773553
55,skewness|kurtosis|spectral_slope|total_log_power|hjorth_mobility,1111010,5,7.178733267598972,0.0708665081942569,7.075986521434784,0.9143762265202888,6.5351987126087865
55,skewness|kurtosis|spectral_slope|total_log_power|hjorth_complexity,1111001,5,6.471348295374215,0.0582792589528497,6.376736549663543,0.9179088987727032,5.8278137403840296
55,skewness|kurtosis|spectral_slope|dominant_freq|hjorth_mobility,1110110,5,5.664134420878067,0.055945546354435,5.562728169727325,0.9091960232858404,5.020599865887882
55,skewness|kurtosis|spectral_slope|dominant_freq|hjorth_complexity,1110101,5,5.104021413267404,0.0457331336004564,5.001671459197998,0.9088395888743064,4.460486858277219
55,skewness|kurtosis|spectral_slope|hjorth_mobility|hjorth_complexity,1110011,5,6.443953352835402,0.0565772256539665,6.338521678829193,0.9074534505241434,5.800418797845217
55,skewness|kurtosis|total_log_power|dominant_freq|hjorth_mobility,1101110,5,7.642112467497214,0.0666140616619535,7.546887408542633,0.918063356520012,6.998577912507029
55,skewness|kurtosis|total_log_power|dominant_freq|hjorth_complexity,1101101,5,6.16741319420673,0.0554359878555768,6.076487460994721,0.9211999886902056,5.523878639216544
55,skewness|kurtosis|total_log_power|hjorth_mobility|hjorth_complexity,1101011,5,8.271091229457408,0.0712347350234174,8.20210408525467,0.9403405840034676,7.627556674467223
55,skewness|kurtosis|dominant_freq|hjorth_mobility|hjorth_complexity,1100111,5,6.450511467454955,0.0551903898989079,6.3429667127609255,0.9048791940921772,5.80697691246477
55,skewness|spectral_slope|total_log_power|dominant_freq|hjorth_mobility,1011110,5,6.6551822218686345,0.0677573922667967,6.535698585414886,0.901837612723151,6.011647666878449
55,skewness|spectral_slope|total_log_power|dominant_freq|hjorth_complexity,1011101,5,6.130447177405656,0.0518102774867696,6.040615513324737,0.9206059287760616,5.486912622415471
55,skewness|spectral_slope|total_log_power|hjorth_mobility|hjorth_complexity,1011011,5,7.697208547777683,0.0657622471978054,7.61361527929306,0.9290138495364424,7.053673992787497
55,skewness|spectral_slope|dominant_freq|hjorth_mobility|hjorth_complexity,1010111,5,6.041236722275615,0.0498805787986699,5.938039141845703,0.9096158257335872,5.39770216728543
55,skewness|total_log_power|dominant_freq|hjorth_mobility|hjorth_complexity,1001111,5,7.883350079656765,0.063410373732119,7.801095248603821,0.9298336534731524,7.23981552466658
55,kurtosis|spectral_slope|total_log_power|dominant_freq|hjorth_mobility,111110,5,5.668223069386184,0.0497209552528609,5.566443727970123,0.9124673142420456,5.024688514395999
55,kurtosis|spectral_slope|total_log_power|dominant_freq|hjorth_complexity,111101,5,5.529398629746586,0.0458974445479225,5.445595568752289,0.9257623649628028,4.885864074756401
55,kurtosis|spectral_slope|total_log_power|hjorth_mobility|hjorth_complexity,111011,5,6.913754166742415,0.0547906892009622,6.814114647769928,0.9191841476038192,6.270219611752229
55,kurtosis|spectral_slope|dominant_freq|hjorth_mobility|hjorth_complexity,110111,5,5.015504776648432,0.0471175210770071,4.941317073345184,0.934067313124343,4.371970221658247
55,kurtosis|total_log_power|dominant_freq|hjorth_mobility|hjorth_complexity,101111,5,7.011850444396957,0.0556666663039179,6.918827853870392,0.9231089002984576,6.368315889406772
55,spectral_slope|total_log_power|dominant_freq|hjorth_mobility|hjorth_complexity,11111,5,6.166271242074296,0.0494621680413771,6.0185107623100285,0.886827710636194,5.522736687084111
55,skewness|kurtosis|spectral_slope|total_log_power|dominant_freq|hjorth_mobility,1111110,6,7.870329836823046,0.0701236616482681,7.772949735546112,0.9180395940000704,7.226795281832861
55,skewness|kurtosis|spectral_slope|total_log_power|dominant_freq|hjorth_complexity,1111101,6,6.862161440031976,0.0604783555812692,6.774143877315521,0.9244673155192906,6.218626885041791
55,skewness|kurtosis|spectral_slope|total_log_power|hjorth_mobility|hjorth_complexity,1111011,6,8.710019189979882,0.0734993477472206,8.63532977771759,0.9364356331055426,8.066484634989695
55,skewness|kurtosis|spectral_slope|dominant_freq|hjorth_mobility|hjorth_complexity,1110111,6,6.667361985399202,0.0567289246083682,6.575170540237427,0.9182178081073552,6.023827430409017
55,skewness|kurtosis|total_log_power|dominant_freq|hjorth_mobility|hjorth_complexity,1101111,6,8.785260056361556,0.0715149433957689,8.705320083236694,0.9324673173443184,8.14172550137137
55,skewness|spectral_slope|total_log_power|dominant_freq|hjorth_mobility|hjorth_complexity,1011111,6,8.178789740198479,0.066254806992797,8.10218668498993,0.9349544452489136,7.535255185208293
55,kurtosis|spectral_slope|total_log_power|dominant_freq|hjorth_mobility|hjorth_complexity,111111,6,7.285526704256236,0.0575048155520986,7.193392876434326,0.9257702881922444,6.641992149266051
55,skewness|kurtosis|spectral_slope|total_log_power|dominant_freq|hjorth_mobility|hjorth_complexity,1111111,7,9.13176964497827,0.073700406102088,9.060732119941711,0.9402613767905508,8.488235089988084
99,none,0,0,0.5600740634508431,0.00831081935382,0.5233447247505189,0.9641108839116996,-0.0834604915393422
99,skewness,1000000,1,1.4692225246697663,0.0272543425179149,1.4143380582809448,0.9486376099455214,0.825687969679581
99,kurtosis,100000,1,1.050245564975962,0.0182220645021759,1.006260797214508,0.9590257325474096,0.4067110099857768
99,spectral_slope,10000,1,1.4906146033797414,0.0170206389337236,1.441000039100647,0.95236434517061,0.8470800483895561
99,total_log_power,1000,1,2.0737517178609965,0.0210693059183456,2.007747574806213,0.9385900801614008,1.4302171628708114
99,dominant_freq,100,1,1.513531186401844,0.0240159878430891,1.4604500177383424,0.9488475099255196,0.8699966314116586
99,hjorth_mobility,10,1,2.25844506643042,0.0245988098183917,2.1897555287361143,0.9358059211480716,1.614910511440235
99,hjorth_complexity,1,1,1.8701298933256416,0.0238352425814336,1.8095570240974423,0.9430296945126618,1.2265953383354566
99,skewness|kurtosis,1100000,2,2.169159837708249,0.0329217952621197,2.10795847196579,0.9426930514661704,1.5256252827180643
99,skewness|spectral_slope,1010000,2,2.634354937696457,0.0322619110561269,2.5579726281166075,0.9298970150643004,1.990820382706272
99,skewness|total_log_power,1001000,2,3.125231347459928,0.0373796072068886,3.0503576030731203,0.9311009705516926,2.481696792469742
99,skewness|dominant_freq,1000100,2,2.5516098737165334,0.0402085349234228,2.4764037891387938,0.9306098848088163,1.908075318726348
99,skewness|hjorth_mobility,1000010,2,3.4278280264731498,0.0437581065565527,3.3412575350761413,0.9242970146470204,2.784293471482965
99,skewness|hjorth_complexity,1000001,2,3.0350303566895427,0.0374073824175107,2.952571891307831,0.9250217648181704,2.391495801699357
99,kurtosis|spectral_slope,110000,2,2.0053048649083824,0.0213437441195543,1.952768594932556,0.9509346396814566,1.3617703099181973
99,kurtosis|total_log_power,101000,2,2.3167397597573696,0.0325198775112225,2.246427028751373,0.9411366194497184,1.6732052047671844
99,kurtosis|dominant_freq,100100,2,2.152929959589988,0.0265757965602291,2.094217552471161,0.9454059247601724,1.5093954045998026
99,kurtosis|hjorth_mobility,100010,2,2.918061985978484,0.030647173717111,2.855212150478363,0.9433069165881784,2.274527430988299
99,kurtosis|hjorth_complexity,100001,2,2.484002824355289,0.0282704888329171,2.4190023093223574,0.9396752315980272,1.840468269365104
99,spectral_slope|total_log_power,11000,2,2.8105300435863434,0.024246653357704,2.739806792163849,0.9331960199162987,2.166995488596158
99,spectral_slope|dominant_freq,10100,2,2.103759600934759,0.0246129966450927,2.0521893482208253,0.9506415734784154,1.4602250459445738
99,spectral_slope|hjorth_mobility,10010,2,2.246232484436408,0.0316383607907307,2.1793448081970217,0.9371960218166562,1.6026979294462227
99,spectral_slope|hjorth_complexity,10001,2,2.7755844475153832,0.0244222698251807,2.7033419821739195,0.933607911723282,2.132049892525198
99,total_log_power|dominant_freq,1100,2,2.847904468145594,0.0273311281595204,2.775020942211151,0.9343920631131964,2.204369913155409
99,total_log_power|hjorth_mobility,1010,2,3.517835613321885,0.0406240403351393,3.38812594833374,0.8938455270580158,2.8743010583317004
99,total_log_power|hjorth_complexity,1001,2,2.961791457144171,0.0285271407562611,2.861373644065857,0.921382165426572,2.3182569021539856
99,dominant_freq|hjorth_mobility,110,2,2.932628992520645,0.0280935197915602,2.868044617557526,0.9386257268964908,2.2890944375304603
99,dominant_freq|hjorth_complexity,101,2,2.558935613993183,0.0235520304080681,2.509921932411194,0.9532990013024302,1.9154010590029973
99,hjorth_mobility|hjorth_complexity,11,2,3.7603250823426992,0.030420452066697,3.696682352638245,0.942526723635974,3.116790527352514
99,skewness|kurtosis|spectral_slope,1110000,3,3.443374394059554,0.0362548069867388,3.365627570056916,0.9285504797505048,2.7998398390693686
99,skewness|kurtosis|total_log_power,1101000,3,3.5751107525102794,0.0410925669713578,3.502314658260345,0.9328435477759598,2.9315761975200942
99,skewness|kurtosis|dominant_freq,1100100,3,3.366801759688929,0.0416172620904515,3.2813815026283266,0.921334634026642,2.723267204698744
99,skewness|kurtosis|hjorth_mobility,1100010,3,4.361615724737942,0.0484061277779955,4.280423567008972,0.9275326570424344,3.718081169747757
99,skewness|kurtosis|hjorth_complexity,1100001,3,3.139069391229376,0.0426516672789361,3.0530492559432982,0.9200871076328584,2.495534836239191
99,skewness|spectral_slope|total_log_power,1011000,3,3.976741926509142,0.0421836949205108,3.8852794602394094,0.9158336462237232,3.3332073715189567
99,skewness|spectral_slope|dominant_freq,1010100,3,3.404343250815198,0.0388459460458739,3.335287860488892,0.9368871153939236,2.7608086958250126
99,skewness|spectral_slope|hjorth_mobility,1010010,3,3.541474406456574,0.0515149357484445,3.4507700392723084,0.9227841441424016,2.897939851466389
99,skewness|spectral_slope|hjorth_complexity,1010001,3,4.203655989177525,0.0357488388798263,4.1024723201751705,0.9115128588831992,3.56012143418734
99,skewness|total_log_power|dominant_freq,1001100,3,4.295366405629739,0.0375254175727972,4.209186135959626,0.9208752301106028,3.651831850639554
99,skewness|total_log_power|hjorth_mobility,1001010,3,5.040035463749245,0.0545523612979045,4.906812950992585,0.8886415691898645,4.39650090875906
99,skewness|total_log_power|hjorth_complexity,1001001,3,4.103801083442569,0.0389453360755567,4.015313194656372,0.9216435468855612,3.460266528452384
99,skewness|dominant_freq|hjorth_mobility,1000110,3,4.217669889761508,0.0422424990192223,4.12960054101944,0.9218970149124016,3.5741353347713227
99,skewness|dominant_freq|hjorth_complexity,1000101,3,4.074873772229254,0.0340705372213296,3.9954721408844,0.9277465188314008,3.431339217239069
99,skewness|hjorth_mobility|hjorth_complexity,1000011,3,5.060536439255625,0.046625750806189,4.974920731449127,0.9257029573927172,4.41700188426544
99,kurtosis|spectral_slope|total_log_power,111000,3,3.156136071633175,0.0317649421542,3.086390568637848,0.9358494882073226,2.51260151664299
99,kurtosis|spectral_slope|dominant_freq,110100,3,2.680397257064283,0.0284459183004976,2.627677431106568,0.9513584058729384,2.0368627020740977
99,kurtosis|spectral_slope|hjorth_mobility,110010,3,2.954284083531797,0.0344741246847951,2.8928435556411745,0.9446257292385722,2.310749528541612
99,kurtosis|spectral_slope|hjorth_complexity,110001,3,3.3973173176012934,0.0293948636703957,3.328511223125458,0.9372831575288032,2.753782762611108
99,kurtosis|total_log_power|dominant_freq,101100,3,3.2969368541892616,0.0345410616197105,3.227576678466797,0.9417900843963544,2.6534022991990764
99,kurtosis|total_log_power|hjorth_mobility,101010,3,4.211567352104559,0.0402777917586195,4.095574932956696,0.9111247377999152,3.568032797114374
99,kurtosis|total_log_power|hjorth_complexity,101001,3,3.4750384888809176,0.0391190379127802,3.380535008621216,0.9287247389493394,2.8315039338907324
99,kurtosis|dominant_freq|hjorth_mobility,100110,3,3.522071010086685,0.0346641450837804,3.4593616636276243,0.9424514716275793,2.8785364550965
99,kurtosis|dominant_freq|hjorth_complexity,100101,3,3.296547088034824,0.0290976087984263,3.236718287754059,0.9450138485843952,2.653012533044638
99,kurtosis|hjorth_mobility|hjorth_complexity,100011,3,4.505038441045955,0.0400681706655598,4.448488297176361,0.9504950402283896,3.86150388605577
99,spectral_slope|total_log_power|dominant_freq,11100,3,3.3600254402443768,0.0304305407001658,3.2947498326301576,0.9391801847242884,2.716490885254192
99,spectral_slope|total_log_power|hjorth_mobility,11010,3,3.5411701964989306,0.0463654442657626,3.4151988121986387,0.8936197834011178,2.8976356415087454
99,spectral_slope|total_log_power|hjorth_complexity,11001,3,3.881113923589885,0.032404897438831,3.8041547836303713,0.93047919552995,3.2375793685997
99,spectral_slope|dominant_freq|hjorth_mobility,10110,3,2.9716847576353698,0.0326444255274277,2.9071924787521364,0.938902956076662,2.328150202645185
99,spectral_slope|dominant_freq|hjorth_complexity,10101,3,2.9106203759536147,0.0285786673416197,2.8559208965301512,0.9488910809207036,2.267085820963429
99,spectral_slope|hjorth_mobility|hjorth_complexity,10011,3,3.989098517521098,0.0307269712904937,3.917272485637665,0.936697019426438,3.345563962530913
99,total_log_power|dominant_freq|hjorth_mobility,1110,3,4.323715623900667,0.0390027900972075,4.204617559528351,0.9073306782255656,3.680181068910482
99,total_log_power|dominant_freq|hjorth_complexity,1101,3,3.6540183237589896,0.0309122255742184,3.556404469871521,0.9285306814564304,3.0104837687688044
99,total_log_power|hjorth_mobility|hjorth_complexity,1011,3,5.278685456639528,0.0401187575244895,5.156796720886231,0.908431671168352,4.635150901649343
99,dominant_freq|hjorth_mobility|hjorth_complexity,111,3,3.940810396339745,0.0334925221319647,3.885407798194885,0.9488039514235374,3.29727584134956
99,skewness|kurtosis|spectral_slope|total_log_power,1111000,4,4.732860935837031,0.045975023409017,4.658325166988373,0.9318296886066492,4.089326380846845
99,skewness|kurtosis|spectral_slope|dominant_freq,1110100,4,4.044372518778593,0.0438871370153874,3.9635271119117736,0.9261306791171192,3.4008379637884074
99,skewness|kurtosis|spectral_slope|hjorth_mobility,1110010,4,4.543472307145968,0.0535239480837233,4.458724785614014,0.9258415696496104,3.899937752155784
99,skewness|kurtosis|spectral_slope|hjorth_complexity,1110001,4,4.384263587521762,0.0415775668636979,4.284985101127624,0.9110613709569064,3.740729032531577
99,skewness|kurtosis|total_log_power|dominant_freq,1101100,4,4.690863566929847,0.043466472898798,4.616149115943909,0.9322455294539738,4.047329011939662
99,skewness|kurtosis|total_log_power|hjorth_mobility,1101010,4,5.975224619238824,0.0596264028343715,5.893872421741485,0.9290534534908674,5.3316900642486384
99,skewness|kurtosis|total_log_power|hjorth_complexity,1101001,4,4.390591846004129,0.0474108221703056,4.3017630610466,0.921790083278342,3.747057291013944
99,skewness|kurtosis|dominant_freq|hjorth_mobility,1100110,4,4.9639008291315285,0.0513446683581653,4.873574541187287,0.9189267177050034,4.320366274141343
99,skewness|kurtosis|dominant_freq|hjorth_complexity,1100101,4,4.33870764525868,0.0406119956772154,4.242503309440613,0.9131366156850268,3.695173090268496
99,skewness|kurtosis|hjorth_mobility|hjorth_complexity,1100011,4,5.524021736424416,0.0523336048507876,5.435738518238067,0.9238494921949704,4.880487181434231
99,skewness|spectral_slope|total_log_power|dominant_freq,1011100,4,4.872613773332909,0.0444279236831325,4.787760747718811,0.9231049354843078,4.229079218342724
99,skewness|spectral_slope|total_log_power|hjorth_mobility,1011010,4,5.125641834703833,0.0596440490842736,4.968275717449188,0.8749782032156339,4.482107279713648
99,skewness|spectral_slope|total_log_power|hjorth_complexity,1011001,4,5.175150185719877,0.0446280168470404,5.093061582183838,0.9250217675566688,4.531615630729692
99,skewness|spectral_slope|dominant_freq|hjorth_mobility,1010110,4,4.450853638027608,0.0520222248806356,4.370966559791565,0.9297940461623614,3.807319083037423
99,skewness|spectral_slope|dominant_freq|hjorth_complexity,1010101,4,4.54425674574934,0.039091501886179,4.460878931999207,0.9268158284653608,3.9007221907591534
99,skewness|spectral_slope|hjorth_mobility|hjorth_complexity,1010011,4,5.357043846159056,0.0494865394528316,5.267723463058472,0.9252989978547532,4.713509291168871
99,skewness|total_log_power|dominant_freq|hjorth_mobility,1001110,4,5.902043181276321,0.0535296288644737,5.803260748291016,0.9133861242733812,5.258508626286136
99,skewness|total_log_power|dominant_freq|hjorth_complexity,1001101,4,5.089465670410172,0.0411573580155148,5.011476428890228,0.9305346397926656,4.445931115419986
99,skewness|total_log_power|hjorth_mobility|hjorth_complexity,1001011,4,6.861244637544826,0.0576027234576489,6.7655314114570615,0.918257412512347,6.217710082554641
99,skewness|dominant_freq|hjorth_mobility|hjorth_complexity,1000111,4,5.391947324828059,0.046725892971957,5.308650934028625,0.928594047665242,4.7484127698378735
99,kurtosis|spectral_slope|total_log_power|dominant_freq,111100,4,3.841775088988617,0.0365472996399083,3.7766248230934143,0.9413306817482364,3.198240533998432
99,kurtosis|spectral_slope|total_log_power|hjorth_mobility,111010,4,4.232099285860732,0.0431350856873824,4.125131335544586,0.9110494901667492,3.588564730870547
99,kurtosis|spectral_slope|total_log_power|hjorth_complexity,111001,4,4.336623051750287,0.0421824731702975,4.260575798988342,0.9342930572261546,3.693088496760102
99,kurtosis|spectral_slope|dominant_freq|hjorth_mobility,110110,4,3.675547871270776,0.037617827394652,3.615787893867493,0.9454970174684416,3.0320133162805907
99,kurtosis|spectral_slope|dominant_freq|hjorth_complexity,110101,4,3.6139153545390816,0.0337293216839907,3.550105027866364,0.9428791989292372,2.9703807995488964
99,kurtosis|spectral_slope|hjorth_mobility|hjorth_complexity,110011,4,4.7608646594457324,0.040359651467644,4.694639056873322,0.9433425649921972,4.117330104455547
99,kurtosis|total_log_power|dominant_freq|hjorth_mobility,101110,4,5.004994759884477,0.0410323212852079,4.887850887393952,0.9144356296210316,4.361460204894292
99,kurtosis|total_log_power|dominant_freq|hjorth_complexity,101101,4,4.290438755301014,0.0383777034045639,4.213929231262207,0.9433148408683716,3.646904200310829
99,kurtosis|total_log_power|hjorth_mobility|hjorth_complexity,101011,4,5.915474642534181,0.0487865257459132,5.817670744228363,0.9311485051377753,5.271940087543996
99,kurtosis|dominant_freq|hjorth_mobility|hjorth_complexity,100111,4,4.772496007611975,0.0405935927105629,4.709825676822662,0.9462494944611256,4.12896145262179
99,spectral_slope|total_log_power|dominant_freq|hjorth_mobility,11110,4,4.33907324221693,0.0435524329983473,4.235459268760681,0.9148673123766156,3.695538687226745
99,spectral_slope|total_log_power|dominant_freq|hjorth_complexity,11101,4,4.187227487261966,0.0352628704174314,4.102832454681397,0.9285188005408505,3.5436929322717807
99,spectral_slope|total_log_power|hjorth_mobility|hjorth_complexity,11011,4,5.354896786628664,0.0424364140925068,5.252206392288208,0.9170217694320544,4.7113622316384784
99,spectral_slope|dominant_freq|hjorth_mobility|hjorth_complexity,10111,4,4.09749574800618,0.0360160266534824,4.040299146366119,0.9484990010740272,3.453961193015995
99,total_log_power|dominant_freq|hjorth_mobility|hjorth_complexity,1111,4,5.791413374414295,0.0407472299187029,5.639238575458527,0.8947881078713428,5.147878819424109
99,skewness|kurtosis|spectral_slope|total_log_power|dominant_freq,1111100,5,5.379494478686526,0.0488477756512375,5.308539039421081,0.9358059271692372,4.735959923696341
99,skewness|kurtosis|spectral_slope|total_log_power|hjorth_mobility,1111010,5,6.221015902214869,0.0638909156658987,6.124501208877564,0.9192356303702168,5.577481347224684
99,skewness|kurtosis|spectral_slope|total_log_power|hjorth_complexity,1111001,5,5.379847295245528,0.0506189470712528,5.306298495006561,0.9334534515197654,4.736312740255343
99,skewness|kurtosis|spectral_slope|dominant_freq|hjorth_mobility,1110110,5,5.177372771373019,0.05698606776935,5.095789455986023,0.9264989964515844,4.533838216382834
99,skewness|kurtosis|spectral_slope|dominant_freq|hjorth_complexity,1110101,5,4.801722753532231,0.0460357134438047,4.708885016155243,0.917881175534523,4.158188198542046
99,skewness|kurtosis|spectral_slope|hjorth_mobility|hjorth_complexity,1110011,5,5.86744108254537,0.0523496866891016,5.77077717666626,0.9192395916545152,5.223906527555185
99,skewness|kurtosis|total_log_power|dominant_freq|hjorth_mobility,1101110,5,6.656600433915108,0.0599667743836589,6.581250828170776,0.9348554334843115,6.013065878924923
99,skewness|kurtosis|total_log_power|dominant_freq|hjorth_complexity,1101101,5,5.350493042204157,0.048054331189682,5.268538170051575,0.930479195337207,4.706958487213972
99,skewness|kurtosis|total_log_power|hjorth_mobility|hjorth_complexity,1101011,5,7.476274627903104,0.064355330607518,7.402889503288269,0.937184147318852,6.832740072912919
99,skewness|kurtosis|dominant_freq|hjorth_mobility|hjorth_complexity,1100111,5,5.746064832676574,0.0513097694746411,5.65604433298111,0.9222732555311736,5.102530277686389
99,skewness|spectral_slope|total_log_power|dominant_freq|hjorth_mobility,1011110,5,6.074539641707018,0.0585947012250036,5.973241237640381,0.914419788828331,5.431005086716833
99,skewness|spectral_slope|total_log_power|dominant_freq|hjorth_complexity,1011101,5,5.752290714267641,0.0476322627236901,5.675919315528869,0.9311485025999996,5.108756159277456
99,skewness|spectral_slope|total_log_power|hjorth_mobility|hjorth_complexity,1011011,5,7.187599905366451,0.0593876230711335,7.087771044349671,0.9163247393451062,6.544065350376266
99,skewness|spectral_slope|dominant_freq|hjorth_mobility|hjorth_complexity,1010111,5,5.708285541762784,0.0518681005001475,5.627203826618195,0.9339287028361044,5.064750986772599
99,skewness|total_log_power|dominant_freq|hjorth_mobility|hjorth_complexity,1001111,5,7.406411281044781,0.058215660730456,7.319887609100342,0.9256514739463207,6.762876726054596
99,kurtosis|spectral_slope|total_log_power|dominant_freq|hjorth_mobility,111110,5,5.231882074430585,0.0441981078175808,5.134710449504852,0.9246692951062572,4.5883475194404
99,kurtosis|spectral_slope|total_log_power|dominant_freq|hjorth_complexity,111101,5,4.824584319934249,0.0443478404800289,4.752888736438751,0.9406534551292444,4.181049764944063
99,kurtosis|spectral_slope|total_log_power|hjorth_mobility|hjorth_complexity,111011,5,6.231377625380829,0.0512613249507027,6.136342167854309,0.930847514986401,5.587843070390644
99,kurtosis|spectral_slope|dominant_freq|hjorth_mobility|hjorth_complexity,110111,5,5.013866852891818,0.0430764384246283,4.943847354125976,0.9409504854698442,4.370332297901633
99,kurtosis|total_log_power|dominant_freq|hjorth_mobility|hjorth_complexity,101111,5,6.447737421848252,0.0500613909273951,6.327102867031098,0.9200633562627618,5.804202866858067
99,spectral_slope|total_log_power|dominant_freq|hjorth_mobility|hjorth_complexity,11111,5,5.777866359549016,0.0434474932444205,5.649052779769898,0.905730682364423,5.134331804558831
99,skewness|kurtosis|spectral_slope|total_log_power|dominant_freq|hjorth_mobility,1111110,6,7.009067070823908,0.0645773079038196,6.928986062908173,0.9322851364544016,6.365532515833722
99,skewness|kurtosis|spectral_slope|total_log_power|dominant_freq|hjorth_complexity,1111101,6,6.056960624879599,0.0538098469836965,5.980846988487244,0.933160384990822,5.413426069889414
99,skewness|kurtosis|spectral_slope|total_log_power|hjorth_mobility|hjorth_complexity,1111011,6,7.941216335306689,0.0659363202900501,7.863403199195861,0.9349227608886604,7.297681780316504
99,skewness|kurtosis|spectral_slope|dominant_freq|hjorth_mobility|hjorth_complexity,1110111,6,6.10536740603745,0.0555249329500439,6.019763108253479,0.9267722661444874,5.461832851047265
99,skewness|kurtosis|total_log_power|dominant_freq|hjorth_mobility|hjorth_complexity,1101111,6,7.976762623705342,0.0644306511773897,7.901779903125763,0.93825345554527,7.333228068715157
99,skewness|spectral_slope|total_log_power|dominant_freq|hjorth_mobility|hjorth_complexity,1011111,6,7.77490911693573,0.0613298149614698,7.693390617752075,0.9302336522736312,7.131374561945544
99,kurtosis|spectral_slope|total_log_power|dominant_freq|hjorth_mobility|hjorth_complexity,111111,6,6.780608523009345,0.053886553452324,6.66677820444107,0.9218851388074698,6.13707396801916
99,skewness|kurtosis|spectral_slope|total_log_power|dominant_freq|hjorth_mobility|hjorth_complexity,1111111,7,8.537825072152167,0.0686323294395103,8.452208771896363,0.9308158314004588,7.894290517161981
105,none,0,0,0.5777123456552624,0.0078646291333408,0.5375373623847961,0.9608158316085608,-0.0658222093349228
105,skewness,1000000,1,1.696617331398651,0.0320684921964583,1.6281814250946045,0.9351841357260516,1.0530827764084658
105,kurtosis,100000,1,1.2043662145122886,0.0197172271238678,1.1604156653404236,0.9586336523227202,0.5608316595221033
105,spectral_slope,10000,1,1.5090118226110936,0.0177917106742177,1.4647770272254943,0.9570059281730864,0.8654772676209083
105,total_log_power,1000,1,2.3188880177371205,0.0206681525560936,2.2248163528442384,0.9141227451199858,1.6753534627469353
105,dominant_freq,100,1,1.4767592986572533,0.0236441352416512,1.4212631548881531,0.9465385976217562,0.833224743667068
105,hjorth_mobility,10,1,2.274582999037206,0.0256455334855969,2.2117614824295044,0.9411683025857372,1.6310484440470208
105,hjorth_complexity,1,1,1.9457720583871008,0.0226501144102026,1.8853359400749208,0.942439590671218,1.3022375033969156
105,skewness|kurtosis,1100000,2,2.611020838489756,0.044230450950434,2.534353648376465,0.9286376018930612,1.967486283499571
105,skewness|spectral_slope,1010000,2,2.7757088366117326,0.0353465562012249,2.700134312915802,0.9299484946737212,2.1321742816215474
105,skewness|total_log_power,1001000,2,3.39917423469536,0.0375345516835163,3.300903760337829,0.908855422599656,2.7556396797051748
105,skewness|dominant_freq,1000100,2,2.724623555590957,0.0435162329481703,2.63008711013794,0.9139286919558796,2.0810890006007723
105,skewness|hjorth_mobility,1000010,2,3.7188305214155455,0.0474238575773113,3.606677669334412,0.9029306711931332,3.075295966425361
105,skewness|hjorth_complexity,1000001,2,3.1581736259117723,0.0372187094851021,3.0751802942276,0.9228475028562716,2.514639070921587
105,kurtosis|spectral_slope,110000,2,2.0978605796165763,0.0250609279162825,2.0460977316856384,0.9514296882992508,1.4543260246263912
105,kurtosis|total_log_power,101000,2,2.511699858462438,0.0325539560091959,2.411084478378296,0.919413840698914,1.868165303472253
105,kurtosis|dominant_freq,100100,2,2.244440989731997,0.0282797472572085,2.1881208402633665,0.9471920647561912,1.600906434741812
105,kurtosis|hjorth_mobility,100010,2,3.004668363617733,0.0353253885357754,2.9356501962661743,0.9378059277791424,2.361133808627548
105,kurtosis|hjorth_complexity,100001,2,2.549019603338837,0.0317011128059372,2.485598030567169,0.9410059239335384,1.9054850483486525
105,spectral_slope|total_log_power,11000,2,3.160996864905953,0.0254146372392958,3.0780986558914183,0.9230257191279012,2.517462309915768
105,spectral_slope|dominant_freq,10100,2,2.045142584721744,0.0231336011430708,1.9917636304855344,0.9486059256415806,1.401608029731559
105,spectral_slope|hjorth_mobility,10010,2,2.318496700365841,0.0297306376436757,2.2636321011543274,0.9480593936025032,1.6749621453756562
105,spectral_slope|hjorth_complexity,10001,2,2.72290079840906,0.0237422367427967,2.652865790271759,0.9341861268657596,2.0793662434188747
105,total_log_power|dominant_freq,1100,2,3.200719160507247,0.0253823922929723,3.112652621269226,0.919326711023799,2.5571846055170617
105,total_log_power|hjorth_mobility,1010,2,3.707506286264211,0.0427826233089208,3.5718654952049254,0.8918851338300703,3.063971731274026
105,total_log_power|hjorth_complexity,1001,2,3.509689261707664,0.0299909095843387,3.3709912701606752,0.8918930501300458,2.866154706717478
105,dominant_freq|hjorth_mobility,110,2,2.9340477737501263,0.0261548704880433,2.8643491216659545,0.934736623035848,2.290513218759941
105,dominant_freq|hjorth_complexity,101,2,2.6398006258238107,0.0232494308219164,2.577709228038788,0.941279194980381,1.9962660708336253
105,hjorth_mobility|hjorth_complexity,11,2,3.720145753465221,0.0285414194557723,3.661680055904388,0.9450772158179692,3.076611198475036
105,skewness|kurtosis|spectral_slope,1110000,3,3.7677179468743502,0.045639774801087,3.683109095668793,0.9225069131317905,3.124183391884165
105,skewness|kurtosis|total_log_power,1101000,3,4.303957856594771,0.0507717903345137,4.2070824934005735,0.9127960217911943,3.6604233016045855
105,skewness|kurtosis|dominant_freq,1100100,3,3.690926202112064,0.0480914479214693,3.611053066539765,0.926352459052041,3.0473916471218785
105,skewness|kurtosis|hjorth_mobility,1100010,3,4.732875431034714,0.0563810352596052,4.633940421772003,0.9109781990363855,4.089340876044528
105,skewness|kurtosis|hjorth_complexity,1100001,3,3.5868506801888347,0.0490165142309609,3.495004486465454,0.9154415637609972,2.943316125198649
105,skewness|spectral_slope|total_log_power,1011000,3,4.333851286260039,0.0441158757393325,4.211613885784149,0.8922613699659774,3.6903167312698537
105,skewness|spectral_slope|dominant_freq,1010100,3,3.510992748428136,0.0415550929955108,3.4185126896858216,0.9172118609184624,2.867458193437951
105,skewness|spectral_slope|hjorth_mobility,1010010,3,3.836170036051795,0.051710231934274,3.734619543361664,0.913960377071596,3.1926354810616098
105,skewness|spectral_slope|hjorth_complexity,1010001,3,4.204294689204171,0.0332758162218473,4.111437860870361,0.9159009753792748,3.560760134213986
105,skewness|total_log_power|dominant_freq,1001100,3,4.534632833402604,0.0397378356009782,4.433988944244385,0.907869290008564,3.891098278412419
105,skewness|total_log_power|hjorth_mobility,1001010,3,5.429751260850206,0.056415934204071,5.301762798023224,0.8925227579413691,4.786216705860021
105,skewness|total_log_power|hjorth_complexity,1001001,3,4.677383050754666,0.0422578171769549,4.585747984981537,0.9170415702042188,4.033848495764481
105,skewness|dominant_freq|hjorth_mobility,1000110,3,4.522234664851427,0.0475601157766794,4.412245394992828,0.9072039453387136,3.878700109861242
105,skewness|dominant_freq|hjorth_complexity,1000101,3,4.125832828424871,0.0359157891364332,4.02796752243042,0.9122217648903156,3.4822982734346857
105,skewness|hjorth_mobility|hjorth_complexity,1000011,3,5.3803982335407285,0.0424353183579567,5.277175257015228,0.9099524597542632,4.736863678550543
105,kurtosis|spectral_slope|total_log_power,111000,3,3.4350906611204146,0.03578910515917,3.342309210205078,0.9183524561348432,2.7915561061302294
105,kurtosis|spectral_slope|dominant_freq,110100,3,2.7514165670625865,0.0292331057994702,2.6963646941184995,0.9484197869470716,2.1078820120724013
105,kurtosis|spectral_slope|hjorth_mobility,110010,3,3.221739501203969,0.0367589772550538,3.1654034494400025,0.9483207798202564,2.578204946213784
105,kurtosis|spectral_slope|hjorth_complexity,110001,3,3.450106106828898,0.030483891795982,3.378317948150635,0.9338574113731208,2.806571551838713
105,kurtosis|total_log_power|dominant_freq,101100,3,3.690007188956067,0.0344318654021511,3.610168325519562,0.9298376075639596,3.0464726339658816
105,kurtosis|total_log_power|hjorth_mobility,101010,3,4.576420419641584,0.045717571101125,4.430996837711335,0.8974336496685129,3.932885864651399
105,kurtosis|total_log_power|hjorth_complexity,101001,3,3.780915792161226,0.043045916941159,3.6588009984016416,0.9104118652023132,3.137381237171041
105,kurtosis|dominant_freq|hjorth_mobility,100110,3,3.714196850968152,0.0361940299504084,3.6435487807273854,0.9352673154000504,3.070662295977967
105,kurtosis|dominant_freq|hjorth_complexity,100101,3,3.392608113630116,0.0324277433696228,3.3295126280784606,0.9420950378775192,2.749073558639931
105,kurtosis|hjorth_mobility|hjorth_complexity,100011,3,4.436323442849889,0.0426039670705417,4.381686497783661,0.9516752365889593,3.792788887859704
105,spectral_slope|total_log_power|dominant_freq,11100,3,3.654818390944973,0.0283176200913107,3.5799912965774534,0.9310376084505848,3.011283835954788
105,spectral_slope|total_log_power|hjorth_mobility,11010,3,3.882387469404191,0.0478933407892082,3.739264879703522,0.8870376105214477,3.238852914414005
105,spectral_slope|total_log_power|hjorth_complexity,11001,3,4.44765034972392,0.0322574743914456,4.3368090378761295,0.9046376080885898,3.804115794733735
105,spectral_slope|dominant_freq|hjorth_mobility,10110,3,2.9532416874300687,0.0313683983695754,2.896909839248657,0.9466811770266924,2.3097071324398835
105,spectral_slope|dominant_freq|hjorth_complexity,10101,3,2.988387279253081,0.0259830162391872,2.9267996451377867,0.9417425618492132,2.344852724262896
105,spectral_slope|hjorth_mobility|hjorth_complexity,10011,3,3.893072991715372,0.0297747176934956,3.8231985157966615,0.935758402528262,3.2495384367251865
105,total_log_power|dominant_freq|hjorth_mobility,1110,3,4.525559271838889,0.0390981158447032,4.428987650299073,0.918594047728144,3.882024716848704
105,total_log_power|dominant_freq|hjorth_complexity,1101,3,4.108947675283998,0.0310874716268849,4.014609793567658,0.9214257287658332,3.465413120293813
105,total_log_power|hjorth_mobility|hjorth_complexity,1011,3,5.645693783421814,0.0417740406392082,5.526063872909546,0.907097017336258,5.002159228431629
105,dominant_freq|hjorth_mobility|hjorth_complexity,111,3,3.796013979478925,0.0327945168757045,3.733901945209503,0.9451960296639368,3.15247942448874
105,skewness|kurtosis|spectral_slope|total_log_power,1111000,4,5.32518760233894,0.0555769748418432,5.236043654251098,0.9204514699490616,4.681653047348755
105,skewness|kurtosis|spectral_slope|dominant_freq,1110100,4,4.327891817687452,0.0500188390695682,4.236230013275146,0.9161781999125804,3.684357262697267
105,skewness|kurtosis|spectral_slope|hjorth_mobility,1110010,4,4.905746918189898,0.0601827315505415,4.817494067668915,0.921544538174399,4.262212363199713
105,skewness|kurtosis|spectral_slope|hjorth_complexity,1110001,4,4.733047634399682,0.0479808145988982,4.636365306663513,0.9119524599871544,4.089513079409497
105,skewness|kurtosis|total_log_power|dominant_freq,1101100,4,5.289902910135687,0.0507215515253238,5.207921170711518,0.9261148370723972,4.646368355145501
105,skewness|kurtosis|total_log_power|hjorth_mobility,1101010,4,6.538184042306617,0.0677550076647865,6.447514721870422,0.9209584033952072,5.894649487316432
105,skewness|kurtosis|total_log_power|hjorth_complexity,1101001,4,5.102778841049969,0.0565794885676578,4.99731993227005,0.9110811740791872,4.459244286059784
105,skewness|kurtosis|dominant_freq|hjorth_mobility,1100110,4,5.335974369306863,0.0581945498513516,5.245091896438598,0.9177782032781456,4.692439814316677
105,skewness|kurtosis|dominant_freq|hjorth_complexity,1100101,4,4.567351545495168,0.0471093131491518,4.480749417114258,0.9227841460380428,3.9238169905049824
105,skewness|kurtosis|hjorth_mobility|hjorth_complexity,1100011,4,5.804954731364176,0.058164150611345,5.704139137077331,0.9123801840244432,5.161420176373991
105,skewness|spectral_slope|total_log_power|dominant_freq,1011100,4,5.036093251835182,0.0448565910805686,4.931403212356567,0.907334638575502,4.392558696844997
105,skewness|spectral_slope|total_log_power|hjorth_mobility,1011010,4,5.5031226618252695,0.0619311375968387,5.351956981754303,0.8780871150356828,4.859588106835084
105,skewness|spectral_slope|total_log_power|hjorth_complexity,1011001,4,5.4690966377545145,0.0452053812479828,5.373731460666656,0.9136910767410762,4.825562082764329
105,skewness|spectral_slope|dominant_freq|hjorth_mobility,1010110,4,4.562762429103628,0.0526911640179344,4.466783972167969,0.9182890923796312,3.9192278741134414
105,skewness|spectral_slope|dominant_freq|hjorth_complexity,1010101,4,4.643967849773913,0.0389536811128522,4.542813227176667,0.9109306771149128,4.000433294783728
105,skewness|spectral_slope|hjorth_mobility|hjorth_complexity,1010011,4,5.5311900983661415,0.0455066230555069,5.421036286735535,0.907623746993572,4.887655543375956
105,skewness|total_log_power|dominant_freq|hjorth_mobility,1001110,4,6.1598550569221375,0.05622088480137,6.0715077016830445,0.9226732553938346,5.516320501931952
105,skewness|total_log_power|dominant_freq|hjorth_complexity,1001101,4,5.408712261970714,0.0435966484859634,5.326814631080628,0.9256514736868268,4.765177706980529
105,skewness|total_log_power|hjorth_mobility|hjorth_complexity,1001011,4,7.231079987415671,0.0594670408913921,7.155217746257782,0.9328395930262212,6.587545432425486
105,skewness|dominant_freq|hjorth_mobility|hjorth_complexity,1000111,4,5.741239877249673,0.0474381193118932,5.637481970405578,0.915540581173958,5.097705322259488
105,kurtosis|spectral_slope|total_log_power|dominant_freq,111100,4,4.117147777626664,0.038680548895354,4.034042391109467,0.9268633517472284,3.4736132226364784
105,kurtosis|spectral_slope|total_log_power|hjorth_mobility,111010,4,4.742106311159581,0.0489152634592011,4.606421798229218,0.8957504811810372,4.098571756169396
105,kurtosis|spectral_slope|total_log_power|hjorth_complexity,111001,4,4.921908882969991,0.0426096284003171,4.811427227401733,0.9101623621638008,4.278374327979805
105,kurtosis|spectral_slope|dominant_freq|hjorth_mobility,110110,4,3.8535796401102096,0.0383279999106826,3.8017635931968687,0.9520079094069362,3.2100450851200244
105,kurtosis|spectral_slope|dominant_freq|hjorth_complexity,110101,4,3.7790652033533902,0.0335687125046376,3.717998032283783,0.9438811763531804,3.135530648363205
105,kurtosis|spectral_slope|hjorth_mobility|hjorth_complexity,110011,4,4.73341235063076,0.0427324784619572,4.678833186531067,0.952261375092997,4.089877795640575
105,kurtosis|total_log_power|dominant_freq|hjorth_mobility,101110,4,5.404044787289947,0.045002754878751,5.307138623428345,0.9249900879068144,4.760510232299762
105,kurtosis|total_log_power|dominant_freq|hjorth_complexity,101101,4,4.746818288399279,0.0425476482248133,4.668596460533142,0.9360791971161528,4.103283733409094
105,kurtosis|total_log_power|hjorth_mobility|hjorth_complexity,101011,4,6.323889512231201,0.0542903121437445,6.219949136734009,0.9282970197859292,5.680354957241016
105,kurtosis|dominant_freq|hjorth_mobility|hjorth_complexity,100111,4,4.573990292400122,0.0447299155965029,4.5134001992225645,0.9490178122198788,3.930455737409937
105,spectral_slope|total_log_power|dominant_freq|hjorth_mobility,11110,4,4.642906346638501,0.0422718058735713,4.523410296058655,0.9043762252033978,3.999371791648316
105,spectral_slope|total_log_power|dominant_freq|hjorth_complexity,11101,4,4.651368079312891,0.0355136685389754,4.553496284770966,0.9168356319045546,4.007833524322706
105,spectral_slope|total_log_power|hjorth_mobility|hjorth_complexity,11011,4,5.72942225894779,0.0442084596724566,5.59557615442276,0.9002098874748492,5.085887703957605
105,spectral_slope|dominant_freq|hjorth_mobility|hjorth_complexity,10111,4,4.051820004249364,0.0353590019815234,3.990452904891968,0.945235632489195,3.4082854492591785
105,total_log_power|dominant_freq|hjorth_mobility|hjorth_complexity,1111,4,5.9905706387043,0.0422722727551934,5.883481676864624,0.9168039506504452,5.347036083714115
105,skewness|kurtosis|spectral_slope|total_log_power|dominant_freq,1111100,5,5.898879614315927,0.0562912950771436,5.814664000511169,0.9246415713915987,5.255345059325742
105,skewness|kurtosis|spectral_slope|total_log_power|hjorth_mobility,1111010,5,6.6852571953870354,0.0718592410269599,6.575745492458344,0.9088158290189527,6.04172264039685
105,skewness|kurtosis|spectral_slope|total_log_power|hjorth_complexity,1111001,5,6.228028208080679,0.0586411038817317,6.140234954261779,0.9233029578733968,5.584493653090494
105,skewness|kurtosis|spectral_slope|dominant_freq|hjorth_mobility,1110110,5,5.541418669111654,0.0615516547809817,5.456142043495178,0.9232989945372734,4.897884114121469
105,skewness|kurtosis|spectral_slope|dominant_freq|hjorth_complexity,1110101,5,5.047665753903985,0.0510541254155427,4.961218845844269,0.922031668952326,4.4041311989138
105,skewness|kurtosis|spectral_slope|hjorth_mobility|hjorth_complexity,1110011,5,6.2848604427907615,0.0595249728087796,6.190662141132354,0.9185108780368808,5.641325887800576
105,skewness|kurtosis|total_log_power|dominant_freq|hjorth_mobility,1101110,5,7.175003147647157,0.0671085391676336,7.095976041698456,0.93079998910169,6.531468592656972
105,skewness|kurtosis|total_log_power|dominant_freq|hjorth_complexity,1101101,5,5.954250398917869,0.0566611477555555,5.873728885173797,0.9303643460129196,5.310715843927683
105,skewness|kurtosis|total_log_power|hjorth_mobility|hjorth_complexity,1101011,5,7.956992066185921,0.0723551129355076,7.883348584747314,0.9376871184945452,7.313457511195736
105,skewness|kurtosis|dominant_freq|hjorth_mobility|hjorth_complexity,1100111,5,6.261730712647736,0.0599631025465384,6.177293280029297,0.9268593945785712,5.618196157657551
105,skewness|spectral_slope|total_log_power|dominant_freq|hjorth_mobility,1011110,5,6.325868603865057,0.0600637896747172,6.221679586791992,0.9123326600288044,5.682334048874872
105,skewness|spectral_slope|total_log_power|dominant_freq|hjorth_complexity,1011101,5,6.03238565011695,0.0488039048057767,5.947133699798584,0.9241108805103856,5.388851095126765
105,skewness|spectral_slope|total_log_power|hjorth_mobility|hjorth_complexity,1011011,5,7.41146137608476,0.0604691579099268,7.314841549873352,0.9180197895728154,6.767926821094575
105,skewness|spectral_slope|dominant_freq|hjorth_mobility|hjorth_complexity,1010111,5,5.881648317729682,0.0504606266368107,5.781268820476532,0.9189227596815585,5.238113762739497
105,skewness|total_log_power|dominant_freq|hjorth_mobility|hjorth_complexity,1001111,5,7.725517687464878,0.0611201676596217,7.65345875825882,0.936803950231568,7.081983132474693
105,kurtosis|spectral_slope|total_log_power|dominant_freq|hjorth_mobility,111110,5,5.564612150920555,0.0489549145826328,5.462858408355713,0.919536621479382,4.921077595930369
105,kurtosis|spectral_slope|total_log_power|dominant_freq|hjorth_complexity,111101,5,5.313418095679209,0.0450617490766272,5.222609919452667,0.9247920671570508,4.669883540689024
105,kurtosis|spectral_slope|total_log_power|hjorth_mobility|hjorth_complexity,111011,5,6.672511578711867,0.0545224810521789,6.572239437294006,0.9277188016087824,6.028977023721682
105,kurtosis|spectral_slope|dominant_freq|hjorth_mobility|hjorth_complexity,110111,5,4.888698504018784,0.046121368795724,4.833928677082062,0.9537782087946536,4.245163949028599
105,kurtosis|total_log_power|dominant_freq|hjorth_mobility|hjorth_complexity,101111,5,6.964919262047484,0.0546267478761644,6.8720300311088565,0.9352831591107515,6.321384707057299
105,spectral_slope|total_log_power|dominant_freq|hjorth_mobility|hjorth_complexity,11111,5,6.07037340141125,0.0464637124457627,5.934189393138886,0.9027485038088442,5.426838846421065
105,skewness|kurtosis|spectral_slope|total_log_power|dominant_freq|hjorth_mobility,1111110,6,7.381623556128517,0.0714727034648553,7.296768183422088,0.9278059294076104,6.738089001138332
105,skewness|kurtosis|spectral_slope|total_log_power|dominant_freq|hjorth_complexity,1111101,6,6.721617698784173,0.0618340949265088,6.6392965494155884,0.9290098906819492,6.078083143793988
105,skewness|kurtosis|spectral_slope|total_log_power|hjorth_mobility|hjorth_complexity,1111011,6,8.416832125206291,0.0750266426001303,8.3292033452034,0.9280673155664116,7.773297570216106
105,skewness|kurtosis|spectral_slope|dominant_freq|hjorth_mobility|hjorth_complexity,1110111,6,6.605489184562862,0.0627982071314029,6.520560986900329,0.9270494942323094,5.961954629572677
105,skewness|kurtosis|total_log_power|dominant_freq|hjorth_mobility|hjorth_complexity,1101111,6,8.557645910775662,0.0740187793443888,8.48233597803116,0.9371881103499652,7.914111355785477
105,skewness|spectral_slope|total_log_power|dominant_freq|hjorth_mobility|hjorth_complexity,1011111,6,7.948221263512597,0.0637019757748617,7.867688252067566,0.931259394821548,7.304686708522412
105,kurtosis|spectral_slope|total_log_power|dominant_freq|hjorth_mobility|hjorth_complexity,111111,6,7.233359938246012,0.0573904980394569,7.132164261341095,0.930229694503622,6.5898253832558265
105,skewness|kurtosis|spectral_slope|total_log_power|dominant_freq|hjorth_mobility|hjorth_complexity,1111111,7,9.000438486006484,0.077490016209248,8.919352927684784,0.9343247435073888,8.356903931016298
