seed,features,mask,n_features,logprob,logprob_se,info_lower_bound,exact_info,exact_logprob,gap
0,none,0,0,-4.981546947860718,0.030005464284627,0.0010600043980275,0.0,-4.948509927820423,0.0330370200402949
0,f1_strong_t1,100000000,1,-4.835747077560425,0.0308851485357788,0.14685987469832,0.1831811910472108,-4.771777085422592,0.0639699921378333
0,f2_strong_t2,10000000,1,-4.187689970874787,0.0294756810063811,0.7949169813839587,0.8047189562170504,-4.125575819578504,0.0621141512962823
0,f3_dup_a,1000000,1,-4.706026708602905,0.0287360080547377,0.2765802436558404,0.3254931848678336,-4.637950294106068,0.0680764144968373
0,f4_dup_b,100000,1,-4.702775270462036,0.0286629786386667,0.2798316817967095,0.3254931848678336,-4.636306122346894,0.066469148115142
0,f5_null,10000,1,-4.984453500938415,0.0303432272204279,-0.0018465486796701,0.0,-4.948509927820423,0.0359435731179926
0,f6_suppressor,1000,1,-4.998135045337677,0.0307963229441863,-0.0155280930789318,0.0,-4.948509927820423,0.0496251175172544
0,f7_weak,100,1,-4.848130090618134,0.0298396629557418,0.1344768616406115,0.1537423498739802,-4.804330904157414,0.0437991864607196
0,f8_bigcoef,10,1,-4.663357053661346,0.029758486894267,0.3192498985973993,0.3465735902799726,-4.612382318277969,0.0509747353833773
0,noise_0,1,1,-4.984521819210053,0.0301382155894552,-0.0019148669513073,0.0,-4.948509927820423,0.0360118913896299
0,f1_strong_t1|f2_strong_t2,110000000,2,-4.044005579853057,0.0302453205987779,0.938601372405688,0.9879001472642612,-3.948842977180674,0.0951626026723833
0,f1_strong_t1|f3_dup_a,101000000,2,-4.549829852104187,0.0297169236591491,0.4327771001545581,0.5086743759150446,-4.4612174517082375,0.0886124003959496
0,f1_strong_t1|f4_dup_b,100100000,2,-4.55397626247406,0.029803615647567,0.4286306897846854,0.5086743759150446,-4.459573279949064,0.0944029825249961
0,f1_strong_t1|f5_null,100010000,2,-4.839427319717407,0.0313471343944078,0.1431796325413383,0.1831811910472108,-4.771777085422592,0.067650234294815
0,f1_strong_t1|f6_suppressor,100001000,2,-3.191138219928741,0.0326444802809724,1.7914687323300038,1.9669985459645072,-3.009229956626878,0.1819082633018633
0,f1_strong_t1|f7_weak,100000100,2,-4.706476586914063,0.030727530156931,0.2761303653446827,0.3369235409211911,-4.627598061759583,0.0788785251544794
0,f1_strong_t1|f8_bigcoef,100000010,2,-4.518039251708984,0.0303385599554186,0.464567700549761,0.5297547813271836,-4.435649475880138,0.0823897758288465
0,f1_strong_t1|noise_0,100000001,2,-4.8350085359573365,0.0311735577028673,0.1475984163014088,0.1831811910472108,-4.771777085422592,0.0632314505347446
0,f2_strong_t2|f3_dup_a,11000000,2,-3.9145337008476258,0.0281586648842415,1.0680732514111195,1.130212141084884,-3.815016185864149,0.0995175149834772
0,f2_strong_t2|f4_dup_b,10100000,2,-3.906155750465393,0.0280485462668568,1.0764512017933523,1.130212141084884,-3.813372014104975,0.0927837363604178
0,f2_strong_t2|f5_null,10010000,2,-4.190647034168244,0.0298134101345038,0.7919599180905017,0.8047189562170504,-4.125575819578504,0.0650712145897394
0,f2_strong_t2|f6_suppressor,10001000,2,-4.201898081684113,0.0303436433657813,0.7807088705746326,0.8047189562170504,-4.125575819578504,0.0763222621056085
0,f2_strong_t2|f7_weak,10000100,2,-4.050360974407196,0.0290784594193927,0.9322459778515492,0.9584613060910306,-3.981396795915495,0.0689641784917012
0,f2_strong_t2|f8_bigcoef,10000010,2,-3.865932222747803,0.0294609820035485,1.1166747295109425,1.151292546497023,-3.7894482100360496,0.0764840127117532
0,f2_strong_t2|noise_0,10000001,2,-4.190423369026184,0.0293914428271892,0.7921835832325614,0.8047189562170504,-4.125575819578504,0.0648475494476796
0,f3_dup_a|f4_dup_b,1100000,2,-4.705657723808288,0.0305177249899316,0.2769492284504569,0.3356904520389953,-4.627322849996943,0.0783348738113458
0,f3_dup_a|f5_null,1010000,2,-4.710115753173828,0.029028350788876,0.272491199084917,0.3254931848678336,-4.637950294106068,0.0721654590677607
0,f3_dup_a|f6_suppressor,1001000,2,-4.721098718929291,0.0294304397869813,0.2615082333294545,0.3254931848678336,-4.637950294106068,0.0831484248232232
0,f3_dup_a|f7_weak,1000100,2,-4.572476016426086,0.0286353352986343,0.410130935832659,0.4792355347418139,-4.493771270443058,0.0787047459830283
0,f3_dup_a|f8_bigcoef,1000010,2,-4.387892053508758,0.0284325694208786,0.5947148987499871,0.6720667751478063,-4.3018226845636125,0.0860693689451457
0,f3_dup_a|noise_0,1000001,2,-4.711161574077607,0.0290261127972077,0.2714453781811388,0.3254931848678336,-4.637950294106068,0.0732112799715389
0,f4_dup_b|f5_null,110000,2,-4.706402941322327,0.0289633386969768,0.2762040109364188,0.3254931848678336,-4.636306122346894,0.0700968189754327
0,f4_dup_b|f6_suppressor,101000,2,-4.7197941519737245,0.0295193231030074,0.2628128002850207,0.3254931848678336,-4.636306122346894,0.0834880296268307
0,f4_dup_b|f7_weak,100100,2,-4.56845682554245,0.0286600497753757,0.4141501267162955,0.4792355347418139,-4.492127098683885,0.0763297268585647
0,f4_dup_b|f8_bigcoef,100010,2,-4.3845219613075255,0.0285382433457474,0.5980849909512198,0.6720667751478063,-4.300178512804439,0.0843434485030867
0,f4_dup_b|noise_0,100001,2,-4.707920435810089,0.0286855491403424,0.2746865164486562,0.3254931848678336,-4.636306122346894,0.0716143134631952
0,f5_null|f6_suppressor,11000,2,-5.001027040958404,0.0311879527695233,-0.018420088699659,0.0,-4.948509927820423,0.0525171131379815
0,f5_null|f7_weak,10100,2,-4.848438345241546,0.0301411435256767,0.134168607017199,0.1537423498739802,-4.804330904157414,0.0441074410841322
0,f5_null|f8_bigcoef,10010,2,-4.667173144626617,0.0299987277355499,0.3154338076321279,0.3465735902799726,-4.612382318277969,0.0547908263486487
0,f5_null|noise_0,10001,2,-4.988697707176208,0.0304035172304101,-0.0060907549174631,0.0,-4.948509927820423,0.0401877793557856
0,f6_suppressor|f7_weak,1100,2,-4.865152791881561,0.0307439415688731,0.1174541603771839,0.1537423498739802,-4.804330904157414,0.0608218877241473
0,f6_suppressor|f8_bigcoef,1010,2,-4.677411392688751,0.0303524848409356,0.3051955595699942,0.3465735902799726,-4.612382318277969,0.0650290744107824
0,f6_suppressor|noise_0,1001,2,-4.996928072929382,0.0310550592408947,-0.0143211206706368,0.0,-4.948509927820423,0.0484181451089593
0,f7_weak|f8_bigcoef,110,2,-4.587055380153656,0.0301540592152321,0.3955515721050888,0.4293308095187594,-4.528096470063545,0.0589589100901113
0,f7_weak|noise_0,101,2,-4.852153182029724,0.0298906982822719,0.1304537702290211,0.1537423498739802,-4.804330904157414,0.04782227787231
0,f8_bigcoef|noise_0,11,2,-4.668248075675964,0.0298756502040588,0.3143588765827809,0.3465735902799726,-4.612382318277969,0.0558657573979957
0,f1_strong_t1|f2_strong_t2|f3_dup_a,111000000,3,-3.757844328594208,0.0289223441097313,1.2247626236645377,1.3133933321320947,-3.6382833434663175,0.1195609851278902
0,f1_strong_t1|f2_strong_t2|f4_dup_b,110100000,3,-3.756196247768402,0.0288232627238919,1.2264107044903434,1.3133933321320947,-3.636639171707144,0.1195570760612576
0,f1_strong_t1|f2_strong_t2|f5_null,110010000,3,-4.047743258666992,0.0306948613333056,0.9348636935917528,0.9879001472642612,-3.948842977180674,0.0989002814863182
0,f1_strong_t1|f2_strong_t2|f6_suppressor,110001000,3,-2.369380896854401,0.03211543610906,2.6132260554043447,2.771717502181557,-2.1862958483849595,0.183085048469441
0,f1_strong_t1|f2_strong_t2|f7_weak,110000100,3,-3.9114321531295775,0.0298518460249171,1.0711747991291678,1.1416424971382413,-3.804663953517664,0.1067681996119134
0,f1_strong_t1|f2_strong_t2|f8_bigcoef,110000010,3,-3.723086458396912,0.0298603551292515,1.2595204938618338,1.3344737375442337,-3.6127153676382178,0.1103710907586936
0,f1_strong_t1|f2_strong_t2|noise_0,110000001,3,-4.040608697509765,0.0302480316029324,0.94199825474898,0.9879001472642612,-3.948842977180674,0.0917657203290911
0,f1_strong_t1|f3_dup_a|f4_dup_b,101100000,3,-4.55942656507492,0.0317140004608725,0.4231803871838249,0.5188716430862063,-4.45059000759911,0.1088365574758105
0,f1_strong_t1|f3_dup_a|f5_null,101010000,3,-4.553576385211945,0.0301287789540789,0.4290305670468006,0.5086743759150446,-4.4612174517082375,0.0923589335037071
0,f1_strong_t1|f3_dup_a|f6_suppressor,101001000,3,-2.906388584327697,0.0311342665129956,2.076218367931048,2.292491730832341,-2.6986703229125224,0.2077182614151751
0,f1_strong_t1|f3_dup_a|f7_weak,101000100,3,-4.4257219338417055,0.0295989314326589,0.5568850184170397,0.6624167257890249,-4.317038428045227,0.1086835057964785
0,f1_strong_t1|f3_dup_a|f8_bigcoef,101000010,3,-4.232731836032867,0.0290009698863371,0.7498751162258781,0.8552479661950173,-4.125089842165781,0.1076419938670865
0,f1_strong_t1|f3_dup_a|noise_0,101000001,3,-4.556337375068664,0.0301680557545118,0.4262695771900811,0.5086743759150446,-4.4612174517082375,0.0951199233604267
0,f1_strong_t1|f4_dup_b|f5_null,100110000,3,-4.553740583610535,0.0301612604907592,0.4288663686482108,0.5086743759150446,-4.459573279949064,0.0941673036614707
0,f1_strong_t1|f4_dup_b|f6_suppressor,100101000,3,-2.932993999290466,0.0315322253721786,2.049612952968279,2.292491730832341,-2.697026151153349,0.235967848137117
0,f1_strong_t1|f4_dup_b|f7_weak,100100100,3,-4.423656444072724,0.0296931544071418,0.5589505081860215,0.6624167257890249,-4.315394256286054,0.1082621877866696
0,f1_strong_t1|f4_dup_b|f8_bigcoef,100100010,3,-4.238641478443146,0.0293190476175831,0.7439654738155994,0.8552479661950173,-4.123445670406608,0.115195808036538
0,f1_strong_t1|f4_dup_b|noise_0,100100001,3,-4.554544109344483,0.0297895035512977,0.4280628429142625,0.5086743759150446,-4.459573279949064,0.094970829395419
0,f1_strong_t1|f5_null|f6_suppressor,100011000,3,-3.200152044582367,0.0331837858438326,1.7824549076763785,1.9669985459645072,-3.009229956626878,0.1909220879554887
0,f1_strong_t1|f5_null|f7_weak,100010100,3,-4.707553429794311,0.0309588724535402,0.2750535224644341,0.3369235409211911,-4.627598061759583,0.079955368034728
0,f1_strong_t1|f5_null|f8_bigcoef,100010010,3,-4.5233957156181335,0.0307370397933737,0.4592112366406118,0.5297547813271836,-4.435649475880138,0.0877462397379957
0,f1_strong_t1|f5_null|noise_0,100010001,3,-4.841714568042755,0.0315561569509849,0.1408923842159906,0.1831811910472108,-4.771777085422592,0.0699374826201628
0,f1_strong_t1|f6_suppressor|f7_weak,100001100,3,-3.039828002929688,0.0324573738490137,1.9427789493290577,2.1207408958384875,-2.865050932963869,0.1747770699658186
0,f1_strong_t1|f6_suppressor|f8_bigcoef,100001010,3,-2.868457528972625,0.0320433411813173,2.11414942328612,2.3135721362444794,-2.6731023470844235,0.195355181888202
0,f1_strong_t1|f6_suppressor|noise_0,100001001,3,-3.199166309070588,0.0331558511173407,1.783440643188158,1.9669985459645072,-3.009229956626878,0.1899363524437092
0,f1_strong_t1|f7_weak|f8_bigcoef,100000110,3,-4.445259354114532,0.0309069102537768,0.5373475981442128,0.6125120005659704,-4.351363627665714,0.0938957264488182
0,f1_strong_t1|f7_weak|noise_0,100000101,3,-4.709364161586762,0.0308854071485459,0.2732427906719836,0.3369235409211911,-4.627598061759583,0.0817660998271785
0,f1_strong_t1|f8_bigcoef|noise_0,100000011,3,-4.522476763343811,0.0306654671035949,0.4601301889149338,0.5297547813271836,-4.435649475880138,0.0868272874636737
0,f2_strong_t2|f3_dup_a|f4_dup_b,11100000,3,-3.905667290687561,0.0298162105378583,1.0769396615711844,1.1404094082560454,-3.804388741755023,0.1012785489325382
0,f2_strong_t2|f3_dup_a|f5_null,11010000,3,-3.919385252666473,0.0284382374045703,1.063221699592272,1.130212141084884,-3.815016185864149,0.1043690668023247
0,f2_strong_t2|f3_dup_a|f6_suppressor,11001000,3,-3.929447277641296,0.0289674124648717,1.053159674617449,1.130212141084884,-3.815016185864149,0.1144310917771478
0,f2_strong_t2|f3_dup_a|f7_weak,11000100,3,-3.773565185546875,0.0278186429102076,1.2090417667118705,1.2839544909588645,-3.6708371622011393,0.1027280233457355
0,f2_strong_t2|f3_dup_a|f8_bigcoef,11000010,3,-3.59077353143692,0.0279373183220519,1.391833420821825,1.4767857313648562,-3.478888576321694,0.1118849551152263
0,f2_strong_t2|f3_dup_a|noise_0,11000001,3,-3.919760416507721,0.0282652484440501,1.0628465357510244,1.130212141084884,-3.815016185864149,0.1047442306435724
0,f2_strong_t2|f4_dup_b|f5_null,10110000,3,-3.910609007549286,0.0283069499515341,1.0719979447094592,1.130212141084884,-3.813372014104975,0.0972369934443109
0,f2_strong_t2|f4_dup_b|f6_suppressor,10101000,3,-3.918846682357788,0.028852438114998,1.0637602699009574,1.130212141084884,-3.813372014104975,0.1054746682528127
0,f2_strong_t2|f4_dup_b|f7_weak,10100100,3,-3.766729443073273,0.0276866575681354,1.2158775091854728,1.2839544909588645,-3.669192990441967,0.0975364526313056
0,f2_strong_t2|f4_dup_b|f8_bigcoef,10100010,3,-3.585459497833252,0.0280141786068268,1.3971474544254932,1.4767857313648562,-3.4772444045625206,0.1082150932707315
0,f2_strong_t2|f4_dup_b|noise_0,10100001,3,-3.910634983825684,0.0278678907970251,1.0719719684330618,1.130212141084884,-3.813372014104975,0.0972629697207083
0,f2_strong_t2|f5_null|f6_suppressor,10011000,3,-4.206302287483215,0.0306926066473464,0.7763046647755303,0.8047189562170504,-4.125575819578504,0.0807264679047108
0,f2_strong_t2|f5_null|f7_weak,10010100,3,-4.050876570892334,0.0293413140669192,0.9317303813664112,0.9584613060910306,-3.981396795915495,0.0694797749768389
0,f2_strong_t2|f5_null|f8_bigcoef,10010010,3,-3.872996872806549,0.0297849316290623,1.1096100794521964,1.151292546497023,-3.7894482100360496,0.0835486627704993
0,f2_strong_t2|f5_null|noise_0,10010001,3,-4.195643893718719,0.0297348858715329,0.7869630585400262,0.8047189562170504,-4.125575819578504,0.0700680741402148
0,f2_strong_t2|f6_suppressor|f7_weak,10001100,3,-4.067573554515839,0.029939608750747,0.9150333977429064,0.9584613060910306,-3.981396795915495,0.0861767586003439
0,f2_strong_t2|f6_suppressor|f8_bigcoef,10001010,3,-3.8826762364387513,0.0300054519827468,1.099930715819994,1.151292546497023,-3.7894482100360496,0.0932280264027016
0,f2_strong_t2|f6_suppressor|noise_0,10001001,3,-4.201735956287384,0.0304056586835872,0.7808709959713616,0.8047189562170504,-4.125575819578504,0.0761601367088795
0,f2_strong_t2|f7_weak|f8_bigcoef,10000110,3,-3.782493999004364,0.0296322321043943,1.200112953254381,1.2340497657358096,-3.705162361821627,0.0773316371827372
0,f2_strong_t2|f7_weak|noise_0,10000101,3,-4.055799379825592,0.0289964329311173,0.9268075724331536,0.9584613060910306,-3.981396795915495,0.0744025839100968
0,f2_strong_t2|f8_bigcoef|noise_0,10000011,3,-3.8706076548576354,0.0293764105814616,1.11199929740111,1.151292546497023,-3.7894482100360496,0.0811594448215857
0,f3_dup_a|f4_dup_b|f5_null,1110000,3,-4.710350114440918,0.0307506990434934,0.2722568378178271,0.3356904520389953,-4.627322849996943,0.0830272644439755
0,f3_dup_a|f4_dup_b|f6_suppressor,1101000,3,-4.71981372423172,0.0311169663413414,0.2627932280270251,0.3356904520389953,-4.627322849996943,0.0924908742347776
0,f3_dup_a|f4_dup_b|f7_weak,1100100,3,-4.571712282943726,0.0305229142749935,0.4108946693150193,0.4894328019129755,-4.483143826333933,0.088568456609793
0,f3_dup_a|f4_dup_b|f8_bigcoef,1100010,3,-4.383732595539093,0.0302972838020701,0.5988743567196524,0.682264042318968,-4.291195240454487,0.0925373550846062
0,f3_dup_a|f4_dup_b|noise_0,1100001,3,-4.714395051765442,0.0307135850754818,0.268211900493303,0.3356904520389953,-4.627322849996943,0.0870722017684997
0,f3_dup_a|f5_null|f6_suppressor,1011000,3,-4.725148037147522,0.0299376381394561,0.257458915111223,0.3254931848678336,-4.637950294106068,0.0871977430414547
0,f3_dup_a|f5_null|f7_weak,1010100,3,-4.573762194728851,0.0288251140552602,0.4088447575298941,0.4792355347418139,-4.493771270443058,0.0799909242857932
0,f3_dup_a|f5_null|f8_bigcoef,1010010,3,-4.391791283512116,0.0286435065743124,0.5908156687466297,0.6720667751478063,-4.3018226845636125,0.089968598948503
0,f3_dup_a|f5_null|noise_0,1010001,3,-4.712275906848907,0.0291319223019452,0.2703310454098382,0.3254931848678336,-4.637950294106068,0.0743256127428395
0,f3_dup_a|f6_suppressor|f7_weak,1001100,3,-4.5906492852211,0.0294982738816091,0.3919576670376452,0.4792355347418139,-4.493771270443058,0.0968780147780421
0,f3_dup_a|f6_suppressor|f8_bigcoef,1001010,3,-4.400871262359619,0.0290083735678277,0.5817356898991264,0.6720667751478063,-4.3018226845636125,0.0990485777960064
0,f3_dup_a|f6_suppressor|noise_0,1001001,3,-4.725233345222473,0.029878418896139,0.2573736070362722,0.3254931848678336,-4.637950294106068,0.0872830511164055
0,f3_dup_a|f7_weak|f8_bigcoef,1000110,3,-4.308531332206727,0.0289400634499089,0.6740756200520188,0.7548239943865932,-4.21753683634919,0.0909944958575366
0,f3_dup_a|f7_weak|noise_0,1000101,3,-4.57796834936142,0.0287243943239912,0.4046386028973252,0.4792355347418139,-4.493771270443058,0.0841970789183621
0,f3_dup_a|f8_bigcoef|noise_0,1000011,3,-4.393323812103271,0.0285369757373783,0.5892831401554739,0.6720667751478063,-4.3018226845636125,0.0915011275396588
0,f4_dup_b|f5_null|f6_suppressor,111000,3,-4.7198139960289005,0.0299619990069061,0.2627929562298448,0.3254931848678336,-4.636306122346894,0.0835078736820067
0,f4_dup_b|f5_null|f7_weak,110100,3,-4.569783440113068,0.0288442439175078,0.4128235121456773,0.4792355347418139,-4.492127098683885,0.0776563414291828
0,f4_dup_b|f5_null|f8_bigcoef,110010,3,-4.385093561935425,0.0287134746878144,0.5975133903233205,0.6720667751478063,-4.300178512804439,0.084915049130986
0,f4_dup_b|f5_null|noise_0,110001,3,-4.711939808654785,0.0289131198658952,0.2706671436039602,0.3254931848678336,-4.636306122346894,0.0756336863078912
0,f4_dup_b|f6_suppressor|f7_weak,101100,3,-4.584379144382477,0.0294995382223136,0.3982278078762684,0.4792355347418139,-4.492127098683885,0.0922520456985918
0,f4_dup_b|f6_suppressor|f8_bigcoef,101010,3,-4.399592480850219,0.0291334129090747,0.5830144714085259,0.6720667751478063,-4.300178512804439,0.0994139680457806
0,f4_dup_b|f6_suppressor|noise_0,101001,3,-4.723655409049988,0.0296185908804736,0.2589515432087577,0.3254931848678336,-4.636306122346894,0.0873492867030938
0,f4_dup_b|f7_weak|f8_bigcoef,100110,3,-4.306357085227966,0.0290337502447632,0.676249867030779,0.7548239943865932,-4.215892664590016,0.0904644206379501
0,f4_dup_b|f7_weak|noise_0,100101,3,-4.574523953342438,0.0285738860807855,0.4080829989163073,0.4792355347418139,-4.492127098683885,0.0823968546585529
0,f4_dup_b|f8_bigcoef|noise_0,100011,3,-4.388231887722015,0.0283877496766789,0.5943750645367301,0.6720667751478063,-4.300178512804439,0.0880533749175764
0,f5_null|f6_suppressor|f7_weak,11100,3,-4.864896444892883,0.0310726264890596,0.1177105073658619,0.1537423498739802,-4.804330904157414,0.0605655407354692
0,f5_null|f6_suppressor|f8_bigcoef,11010,3,-4.681413159561157,0.0306639486895626,0.301193792697588,0.3465735902799726,-4.612382318277969,0.0690308412831886
0,f5_null|f6_suppressor|noise_0,11001,3,-5.003204109573364,0.0313384729827218,-0.0205971573146186,0.0,-4.948509927820423,0.0546941817529411
0,f5_null|f7_weak|f8_bigcoef,10110,3,-4.590384235763549,0.0303456235680059,0.3922227164951959,0.4293308095187594,-4.528096470063545,0.0622877657000042
0,f5_null|f7_weak|noise_0,10101,3,-4.8543310954093934,0.0301153279990869,0.1282758568493518,0.1537423498739802,-4.804330904157414,0.0500001912519794
0,f5_null|f8_bigcoef|noise_0,10011,3,-4.675143012332916,0.0300908834187708,0.307463939925829,0.3465735902799726,-4.612382318277969,0.0627606940549476
0,f6_suppressor|f7_weak|f8_bigcoef,1110,3,-4.603821587944031,0.0309104337833577,0.3787853643147141,0.4293308095187594,-4.528096470063545,0.075725117880486
0,f6_suppressor|f7_weak|noise_0,1101,3,-4.86503774843216,0.0308751676194383,0.1175692038265854,0.1537423498739802,-4.804330904157414,0.0607068442747458
0,f6_suppressor|f8_bigcoef|noise_0,1011,3,-4.679975384044647,0.0306076357346115,0.3026315682140978,0.3465735902799726,-4.612382318277969,0.0675930657666787
0,f7_weak|f8_bigcoef|noise_0,111,3,-4.590816354751587,0.0302111371184182,0.3917905975071587,0.4293308095187594,-4.528096470063545,0.0627198846880414
0,f1_strong_t1|f2_strong_t2|f3_dup_a|f4_dup_b,111100000,4,-3.7562483353614806,0.0307571448048859,1.2263586168972649,1.3235905993032566,-3.627655899357192,0.1285924360042889
0,f1_strong_t1|f2_strong_t2|f3_dup_a|f5_null,111010000,4,-3.761950931739807,0.0293170004218829,1.220656020518938,1.3133933321320947,-3.6382833434663175,0.1236675882734896
0,f1_strong_t1|f2_strong_t2|f3_dup_a|f6_suppressor,111001000,4,-2.091814086818695,0.0306842104477681,2.89079286544005,3.097210687049391,-1.875736214670604,0.2160778721480911
0,f1_strong_t1|f2_strong_t2|f3_dup_a|f7_weak,111000100,4,-3.6239972793579103,0.0286228060847217,1.358609672900835,1.467135682006075,-3.4941043198033093,0.129892959554601
0,f1_strong_t1|f2_strong_t2|f3_dup_a|f8_bigcoef,111000010,4,-3.4345558033943178,0.028301592018874,1.5480511488644275,1.6599669224120674,-3.302155733923863,0.1324000694704548
0,f1_strong_t1|f2_strong_t2|f3_dup_a|noise_0,111000001,4,-3.761548960590362,0.0292246155119553,1.2210579916683826,1.3133933321320947,-3.6382833434663175,0.1232656171240451
0,f1_strong_t1|f2_strong_t2|f4_dup_b|f5_null,110110000,4,-3.759790550327301,0.0291794085876088,1.2228164019314445,1.3133933321320947,-3.636639171707144,0.1231513786201565
0,f1_strong_t1|f2_strong_t2|f4_dup_b|f6_suppressor,110101000,4,-2.0914164551734924,0.0302921225351662,2.891190497085253,3.097210687049391,-1.8740920429114305,0.2173244122620621
0,f1_strong_t1|f2_strong_t2|f4_dup_b|f7_weak,110100100,4,-3.621704340171814,0.0284499029108863,1.3609026120869312,1.467135682006075,-3.492460148044135,0.129244192127679
0,f1_strong_t1|f2_strong_t2|f4_dup_b|f8_bigcoef,110100010,4,-3.4385566036224366,0.0285829157705892,1.5440503486363086,1.6599669224120674,-3.3005115621646897,0.138045041457747
0,f1_strong_t1|f2_strong_t2|f4_dup_b|noise_0,110100001,4,-3.7561890621185294,0.0287256049211187,1.226417890140215,1.3133933321320947,-3.636639171707144,0.119549890411386
0,f1_strong_t1|f2_strong_t2|f5_null|f6_suppressor,110011000,4,-2.3769400084495547,0.0326747776118309,2.6056669438091906,2.771717502181557,-2.1862958483849595,0.1906441600645951
0,f1_strong_t1|f2_strong_t2|f5_null|f7_weak,110010100,4,-3.9121669095039366,0.0300963405557699,1.0704400427548086,1.1416424971382413,-3.804663953517664,0.1075029559862725
0,f1_strong_t1|f2_strong_t2|f5_null|f8_bigcoef,110010010,4,-3.731120102500916,0.0302712109150115,1.2514868497578298,1.3344737375442337,-3.6127153676382178,0.1184047348626977
0,f1_strong_t1|f2_strong_t2|f5_null|noise_0,110010001,4,-4.049804209804535,0.0307374977152424,0.9328027424542108,0.9879001472642612,-3.948842977180674,0.1009612326238604
0,f1_strong_t1|f2_strong_t2|f6_suppressor|f7_weak,110001100,4,-2.24335354347229,0.0318369286574491,2.739253408786455,2.9254598520555377,-2.0421168247219508,0.2012367187503394
0,f1_strong_t1|f2_strong_t2|f6_suppressor|f8_bigcoef,110001010,4,-2.044953265285492,0.0318235086556255,2.937653686973253,3.11829109246153,-1.8501682388425047,0.1947850264429871
0,f1_strong_t1|f2_strong_t2|f6_suppressor|noise_0,110001001,4,-2.3696745394706724,0.0322226480487793,2.612932412788073,2.771717502181557,-2.1862958483849595,0.1833786910857129
0,f1_strong_t1|f2_strong_t2|f7_weak|f8_bigcoef,110000110,4,-3.644518062591553,0.0301504137928008,1.3380888896671927,1.4172309567830204,-3.528429519423795,0.1160885431677574
0,f1_strong_t1|f2_strong_t2|f7_weak|noise_0,110000101,4,-3.91340213098526,0.029894596801143,1.0692048212734853,1.1416424971382413,-3.804663953517664,0.1087381774675959
0,f1_strong_t1|f2_strong_t2|f8_bigcoef|noise_0,110000011,4,-3.721436743927002,0.029913732965023,1.261170208331743,1.3344737375442337,-3.6127153676382178,0.1087213762887842
0,f1_strong_t1|f3_dup_a|f4_dup_b|f5_null,101110000,4,-4.560054133892059,0.0319937967717349,0.422552818366686,0.5188716430862063,-4.450590007599112,0.1094641262929476
0,f1_strong_t1|f3_dup_a|f4_dup_b|f6_suppressor,101101000,4,-2.8834352298736574,0.0327485616514891,2.099171722385088,2.302688998003503,-2.688042878803397,0.1953923510702604
0,f1_strong_t1|f3_dup_a|f4_dup_b|f7_weak,101100100,4,-4.4312783450126645,0.0317221226905388,0.5513286072460808,0.6726139929601865,-4.306410983936101,0.1248673610765633
0,f1_strong_t1|f3_dup_a|f4_dup_b|f8_bigcoef,101100010,4,-4.239521960163117,0.0311746488897382,0.7430849920956284,0.8654452333661787,-4.114462398056656,0.1250595621064612
0,f1_strong_t1|f3_dup_a|f4_dup_b|noise_0,101100001,4,-4.563869557571411,0.031899066176075,0.4187373946873345,0.5188716430862063,-4.45059000759911,0.1132795499723009
0,f1_strong_t1|f3_dup_a|f5_null|f6_suppressor,101011000,4,-2.9021867586135865,0.0316806445283161,2.0804201936451587,2.292491730832341,-2.6986703229125224,0.2035164357010641
0,f1_strong_t1|f3_dup_a|f5_null|f7_weak,101010100,4,-4.423008027648926,0.0297693950902502,0.5595989246098192,0.6624167257890249,-4.317038428045227,0.1059695996036991
0,f1_strong_t1|f3_dup_a|f5_null|f8_bigcoef,101010010,4,-4.23610374174118,0.0293068867487748,0.7465032105175649,0.8552479661950173,-4.125089842165781,0.1110138995753997
0,f1_strong_t1|f3_dup_a|f5_null|noise_0,101010001,4,-4.556788808250428,0.0303484382206087,0.4258181440083177,0.5086743759150446,-4.4612174517082375,0.09557135654219
0,f1_strong_t1|f3_dup_a|f6_suppressor|f7_weak,101001100,4,-2.7768285773277284,0.0312411701699996,2.205778374931017,2.446234080706321,-2.554491299249513,0.2223372780782151
0,f1_strong_t1|f3_dup_a|f6_suppressor|f8_bigcoef,101001010,4,-2.596981211185456,0.0305568216808228,2.38562574107329,2.639065321112313,-2.362542713370068,0.2344384978153875
0,f1_strong_t1|f3_dup_a|f6_suppressor|noise_0,101001001,4,-2.9491783695220946,0.0321800467931925,2.0334285827366507,2.292491730832341,-2.6986703229125224,0.2505080466095721
0,f1_strong_t1|f3_dup_a|f7_weak|f8_bigcoef,101000110,4,-4.1576250777244566,0.0296728145361075,0.8249818745342887,0.938005185433804,-4.040803993951359,0.1168210837730976
0,f1_strong_t1|f3_dup_a|f7_weak|noise_0,101000101,4,-4.432176432704925,0.029893049018634,0.5504305195538199,0.6624167257890249,-4.317038428045227,0.1151380046596983
0,f1_strong_t1|f3_dup_a|f8_bigcoef|noise_0,101000011,4,-4.239483067893982,0.0293213560327912,0.7431238843647634,0.8552479661950173,-4.125089842165781,0.1143932257282012
0,f1_strong_t1|f4_dup_b|f5_null|f6_suppressor,100111000,4,-2.917710727310181,0.0319568958995316,2.0648962249485647,2.292491730832341,-2.697026151153349,0.2206845761568314
0,f1_strong_t1|f4_dup_b|f5_null|f7_weak,100110100,4,-4.421137257862091,0.0298987413552118,0.5614696943966546,0.6624167257890249,-4.315394256286054,0.1057430015760365
0,f1_strong_t1|f4_dup_b|f5_null|f8_bigcoef,100110010,4,-4.237472905349732,0.0296121327735022,0.7451340469090137,0.8552479661950173,-4.123445670406608,0.1140272349431237
0,f1_strong_t1|f4_dup_b|f5_null|noise_0,100110001,4,-4.558878283977508,0.0301364656288281,0.4237286682812371,0.5086743759150446,-4.459573279949064,0.0993050040284444
0,f1_strong_t1|f4_dup_b|f6_suppressor|f7_weak,100101100,4,-2.770479463768005,0.0311222922065816,2.21212748849074,2.446234080706321,-2.55284712749034,0.2176323362776653
0,f1_strong_t1|f4_dup_b|f6_suppressor|f8_bigcoef,100101010,4,-2.6378201871871947,0.031345785161151,2.3447867650715506,2.639065321112313,-2.3608985416108945,0.2769216455763001
0,f1_strong_t1|f4_dup_b|f6_suppressor|noise_0,100101001,4,-2.9511203859329225,0.031896220882616,2.031486566325823,2.292491730832341,-2.697026151153349,0.2540942347795734
0,f1_strong_t1|f4_dup_b|f7_weak|f8_bigcoef,100100110,4,-4.163584053993225,0.0299852963963791,0.8190228982655201,0.938005185433804,-4.039159822192186,0.1244242318010391
0,f1_strong_t1|f4_dup_b|f7_weak|noise_0,100100101,4,-4.4281634943008426,0.0296634945687146,0.5544434579579027,0.6624167257890249,-4.315394256286054,0.1127692380147884
0,f1_strong_t1|f4_dup_b|f8_bigcoef|noise_0,100100011,4,-4.240489053821563,0.0292823527453197,0.7421178984371819,0.8552479661950173,-4.123445670406608,0.1170433834149555
0,f1_strong_t1|f5_null|f6_suppressor|f7_weak,100011100,4,-3.072701996803284,0.0328979592594498,1.9099049554554608,2.1207408958384875,-2.865050932963869,0.2076510638394149
0,f1_strong_t1|f5_null|f6_suppressor|f8_bigcoef,100011010,4,-2.86883477563858,0.0325887921972513,2.113772176620165,2.3135721362444794,-2.6731023470844235,0.1957324285541566
0,f1_strong_t1|f5_null|f6_suppressor|noise_0,100011001,4,-3.2043711176872254,0.0334729864928279,1.77823583457152,1.9669985459645072,-3.009229956626878,0.1951411610603473
0,f1_strong_t1|f5_null|f7_weak|f8_bigcoef,100010110,4,-4.449234878635407,0.0311055849661942,0.5333720736233385,0.6125120005659704,-4.351363627665714,0.0978712509696926
0,f1_strong_t1|f5_null|f7_weak|noise_0,100010101,4,-4.712595979595184,0.0311414348875728,0.2700109726635613,0.3369235409211911,-4.627598061759583,0.0849979178356008
0,f1_strong_t1|f5_null|f8_bigcoef|noise_0,100010011,4,-4.530028883361816,0.0309759653157948,0.452578068896929,0.5297547813271836,-4.435649475880138,0.0943794074816786
0,f1_strong_t1|f6_suppressor|f7_weak|f8_bigcoef,100001110,4,-2.789388449192048,0.0325173753991678,2.193218503066698,2.3963293554832665,-2.588816498870001,0.2005719503220464
0,f1_strong_t1|f6_suppressor|f7_weak|noise_0,100001101,4,-3.053794397735596,0.0329498306155238,1.9288125545231487,2.1207408958384875,-2.865050932963869,0.188743464771727
0,f1_strong_t1|f6_suppressor|f8_bigcoef|noise_0,100001011,4,-2.8620433433532715,0.0323855799607842,2.120563608905474,2.3135721362444794,-2.6731023470844235,0.1889409962688479
0,f1_strong_t1|f7_weak|f8_bigcoef|noise_0,100000111,4,-4.44926140460968,0.0310353110259373,0.5333455476490654,0.6125120005659704,-4.351363627665714,0.0978977769439657
0,f2_strong_t2|f3_dup_a|f4_dup_b|f5_null,11110000,4,-3.91024707365036,0.0300495871544698,1.0723598786083852,1.1404094082560454,-3.804388741755023,0.1058583318953374
0,f2_strong_t2|f3_dup_a|f4_dup_b|f6_suppressor,11101000,4,-3.918238391399384,0.0306128092791631,1.0643685608593616,1.1404094082560454,-3.804388741755023,0.113849649644361
0,f2_strong_t2|f3_dup_a|f4_dup_b|f7_weak,11100100,4,-3.7643826732635497,0.0295683440263158,1.2182242789951956,1.2941517581300257,-3.660209718092013,0.1041729551715366
0,f2_strong_t2|f3_dup_a|f4_dup_b|f8_bigcoef,11100010,4,-3.580859024810791,0.0297852178273914,1.4017479274479543,1.486982998536018,-3.468261132212568,0.1125978925982233
0,f2_strong_t2|f3_dup_a|f4_dup_b|noise_0,11100001,4,-3.91291644821167,0.0298820463116729,1.0696905040470752,1.1404094082560454,-3.804388741755023,0.1085277064566474
0,f2_strong_t2|f3_dup_a|f5_null|f6_suppressor,11011000,4,-3.93501123418808,0.029388164516016,1.0475957180706654,1.130212141084884,-3.815016185864149,0.1199950483239313
0,f2_strong_t2|f3_dup_a|f5_null|f7_weak,11010100,4,-3.776404485321045,0.0280087923154076,1.2062024669377005,1.2839544909588645,-3.6708371622011393,0.1055673231199056
0,f2_strong_t2|f3_dup_a|f5_null|f8_bigcoef,11010010,4,-3.5985245290756227,0.0281929468498527,1.3840824231831226,1.4767857313648562,-3.478888576321694,0.1196359527539288
0,f2_strong_t2|f3_dup_a|f5_null|noise_0,11010001,4,-3.9244391491889954,0.0284937943173149,1.05816780306975,1.130212141084884,-3.815016185864149,0.1094229633248469
0,f2_strong_t2|f3_dup_a|f6_suppressor|f7_weak,11001100,4,-3.792751958084106,0.0287422959153989,1.189854994174639,1.2839544909588645,-3.6708371622011393,0.1219147958829669
0,f2_strong_t2|f3_dup_a|f6_suppressor|f8_bigcoef,11001010,4,-3.606493873023987,0.0284947282456475,1.3761130792347585,1.4767857313648562,-3.478888576321694,0.1276052967022929
0,f2_strong_t2|f3_dup_a|f6_suppressor|noise_0,11001001,4,-3.9315742842674255,0.0292078916442729,1.0510326679913198,1.130212141084884,-3.815016185864149,0.116558098403277
0,f2_strong_t2|f3_dup_a|f7_weak|f8_bigcoef,11000110,4,-3.5024451364517213,0.0282386668673235,1.480161815807024,1.5595429506036431,-3.394602728107272,0.10784240834445
0,f2_strong_t2|f3_dup_a|f7_weak|noise_0,11000101,4,-3.779447515296936,0.027825799418213,1.2031594369618093,1.2839544909588645,-3.6708371622011393,0.1086103530957967
0,f2_strong_t2|f3_dup_a|f8_bigcoef|noise_0,11000011,4,-3.5949185108184816,0.0279452435949997,1.3876884414402637,1.4767857313648562,-3.478888576321694,0.1160299344967876
0,f2_strong_t2|f4_dup_b|f5_null|f6_suppressor,10111000,4,-3.921803374481201,0.0291828495361166,1.060803577777544,1.130212141084884,-3.813372014104975,0.1084313603762261
0,f2_strong_t2|f4_dup_b|f5_null|f7_weak,10110100,4,-3.770029692935944,0.0278712083595213,1.2125772593228017,1.2839544909588645,-3.669192990441967,0.1008367024939769
0,f2_strong_t2|f4_dup_b|f5_null|f8_bigcoef,10110010,4,-3.5920880589485167,0.0282498640968086,1.3905188933102286,1.4767857313648562,-3.4772444045625206,0.114843654385996
0,f2_strong_t2|f4_dup_b|f5_null|noise_0,10110001,4,-3.916053469657898,0.0281194106478294,1.0665534826008471,1.130212141084884,-3.813372014104975,0.1026814555529229
0,f2_strong_t2|f4_dup_b|f6_suppressor|f7_weak,10101100,4,-3.7819042658805846,0.0285770165763628,1.200702686378161,1.2839544909588645,-3.669192990441967,0.1127112754386177
0,f2_strong_t2|f4_dup_b|f6_suppressor|f8_bigcoef,10101010,4,-3.599917535495758,0.0285865704506482,1.3826894167629873,1.4767857313648562,-3.4772444045625206,0.1226731309332374
0,f2_strong_t2|f4_dup_b|f6_suppressor|noise_0,10101001,4,-3.92234623260498,0.0288102984927451,1.060260719653765,1.130212141084884,-3.813372014104975,0.1089742185000051
0,f2_strong_t2|f4_dup_b|f7_weak|f8_bigcoef,10100110,4,-3.499015344619751,0.0283102590523479,1.4835916076389943,1.5595429506036431,-3.392958556348098,0.1060567882716529
0,f2_strong_t2|f4_dup_b|f7_weak|noise_0,10100101,4,-3.774185940551758,0.0275468473135158,1.2084210117069871,1.2839544909588645,-3.669192990441967,0.104992950109791
0,f2_strong_t2|f4_dup_b|f8_bigcoef|noise_0,10100011,4,-3.590731293964386,0.0277713580646743,1.3918756582943592,1.4767857313648562,-3.4772444045625206,0.1134868894018654
0,f2_strong_t2|f5_null|f6_suppressor|f7_weak,10011100,4,-4.067363715553284,0.0302112120002681,0.9152432367054616,0.9584613060910306,-3.981396795915495,0.0859669196377885
0,f2_strong_t2|f5_null|f6_suppressor|f8_bigcoef,10011010,4,-3.890813556671143,0.0303853183965542,1.091793395587603,1.151292546497023,-3.7894482100360496,0.101365346635093
0,f2_strong_t2|f5_null|f6_suppressor|noise_0,10011001,4,-4.209270788002014,0.0307841166594414,0.7733361642567314,0.8047189562170504,-4.125575819578504,0.0836949684235097
0,f2_strong_t2|f5_null|f7_weak|f8_bigcoef,10010110,4,-3.786412544155121,0.0298298589693146,1.1961944081036244,1.2340497657358096,-3.705162361821627,0.0812501823334939
0,f2_strong_t2|f5_null|f7_weak|noise_0,10010101,4,-4.056542240047455,0.0292436668250727,0.9260647122112902,0.9584613060910306,-3.981396795915495,0.0751454441319601
0,f2_strong_t2|f5_null|f8_bigcoef|noise_0,10010011,4,-3.881104099082947,0.029746441881811,1.1015028531757984,1.151292546497023,-3.7894482100360496,0.0916558890468972
0,f2_strong_t2|f6_suppressor|f7_weak|f8_bigcoef,10001110,4,-3.8048280455589296,0.0303175413886572,1.1777789066998157,1.2340497657358096,-3.705162361821627,0.0996656837373026
0,f2_strong_t2|f6_suppressor|f7_weak|noise_0,10001101,4,-4.067892527294159,0.0299597599421611,0.9147144249645862,0.9584613060910306,-3.981396795915495,0.086495731378664
0,f2_strong_t2|f6_suppressor|f8_bigcoef|noise_0,10001011,4,-3.88234829454422,0.0300405378696585,1.1002586577145252,1.151292546497023,-3.7894482100360496,0.0929000845081704
0,f2_strong_t2|f7_weak|f8_bigcoef|noise_0,10000111,4,-3.7855214415550233,0.0294846050083129,1.197085510703722,1.2340497657358096,-3.705162361821627,0.0803590797333964
0,f3_dup_a|f4_dup_b|f5_null|f6_suppressor,1111000,4,-4.724780539321899,0.0316014346366531,0.2578264129368461,0.3356904520389953,-4.627322849996943,0.0974576893249565
0,f3_dup_a|f4_dup_b|f5_null|f7_weak,1110100,4,-4.576096588516236,0.030673005417593,0.4065103637425098,0.4894328019129755,-4.483143826333933,0.0929527621823025
0,f3_dup_a|f4_dup_b|f5_null|f8_bigcoef,1110010,4,-4.388096532440185,0.0305080964421129,0.59451041981856,0.682264042318968,-4.291195240454487,0.0969012919856986
0,f3_dup_a|f4_dup_b|f5_null|noise_0,1110001,4,-4.718508804702759,0.030858690932375,0.2640981475559867,0.3356904520389953,-4.627322849996943,0.091185954705816
0,f3_dup_a|f4_dup_b|f6_suppressor|f7_weak,1101100,4,-4.58599882516861,0.0312259640517067,0.3966081270901354,0.4894328019129755,-4.483143826333933,0.1028549988346769
0,f3_dup_a|f4_dup_b|f6_suppressor|f8_bigcoef,1101010,4,-4.397825141048432,0.0307901872343954,0.5847818112103136,0.682264042318968,-4.291195240454487,0.106629900593945
0,f3_dup_a|f4_dup_b|f6_suppressor|noise_0,1101001,4,-4.727962450313568,0.0314458472326215,0.2546445019451768,0.3356904520389953,-4.627322849996943,0.1006396003166258
0,f3_dup_a|f4_dup_b|f7_weak|f8_bigcoef,1100110,4,-4.304479053497315,0.0308656872126942,0.6781278987614305,0.7650212615577549,-4.206909392240064,0.0975696612572507
0,f3_dup_a|f4_dup_b|f7_weak|noise_0,1100101,4,-4.5815602432250975,0.0305833918401949,0.4010467090336478,0.4894328019129755,-4.483143826333933,0.0984164168911645
0,f3_dup_a|f4_dup_b|f8_bigcoef|noise_0,1100011,4,-4.3926902459144594,0.0303910859619302,0.5899167063442858,0.682264042318968,-4.291195240454487,0.1014950054599728
0,f3_dup_a|f5_null|f6_suppressor|f7_weak,1011100,4,-4.592798720550537,0.0298902718279309,0.3898082317082085,0.4792355347418139,-4.493771270443058,0.0990274501074788
0,f3_dup_a|f5_null|f6_suppressor|f8_bigcoef,1011010,4,-4.404292865657807,0.0293430634057691,0.5783140866009386,0.6720667751478063,-4.3018226845636125,0.1024701810941941
0,f3_dup_a|f5_null|f6_suppressor|noise_0,1011001,4,-4.726890432929992,0.0300930353466822,0.2557165193287529,0.3254931848678336,-4.637950294106068,0.0889401388239248
0,f3_dup_a|f5_null|f7_weak|f8_bigcoef,1010110,4,-4.3112844813346864,0.0291012217235614,0.6713224709240588,0.7548239943865932,-4.21753683634919,0.0937476449854965
0,f3_dup_a|f5_null|f7_weak|noise_0,1010101,4,-4.578241601371765,0.028792455821619,0.4043653508869802,0.4792355347418139,-4.493771270443058,0.0844703309287071
0,f3_dup_a|f5_null|f8_bigcoef|noise_0,1010011,4,-4.396811834430695,0.0286158688916433,0.5857951178280505,0.6720667751478063,-4.3018226845636125,0.0949891498670822
0,f3_dup_a|f6_suppressor|f7_weak|f8_bigcoef,1001110,4,-4.32522309923172,0.0296924035189443,0.6573838530270253,0.7548239943865932,-4.21753683634919,0.1076862628825301
0,f3_dup_a|f6_suppressor|f7_weak|noise_0,1001101,4,-4.594853269100189,0.0296895976941597,0.3877536831585564,0.4792355347418139,-4.493771270443058,0.1010819986571309
0,f3_dup_a|f6_suppressor|f8_bigcoef|noise_0,1001011,4,-4.405519834709168,0.0292786258522014,0.5770871175495778,0.6720667751478063,-4.3018226845636125,0.103697150145555
0,f3_dup_a|f7_weak|f8_bigcoef|noise_0,1000111,4,-4.312732626342774,0.0289362061139682,0.6698743259159716,0.7548239943865932,-4.21753683634919,0.0951957899935838
0,f4_dup_b|f5_null|f6_suppressor|f7_weak,111100,4,-4.583799837779999,0.0298524758023982,0.3988071144787461,0.4792355347418139,-4.492127098683885,0.091672739096114
0,f4_dup_b|f5_null|f6_suppressor|f8_bigcoef,111010,4,-4.40007669916153,0.0294533371699898,0.5825302530972154,0.6720667751478063,-4.300178512804439,0.0998981863570911
0,f4_dup_b|f5_null|f6_suppressor|noise_0,111001,4,-4.725589283275604,0.0299707082984086,0.2570176689831411,0.3254931848678336,-4.636306122346894,0.0892831609287103
0,f4_dup_b|f5_null|f7_weak|f8_bigcoef,110110,4,-4.308290803527832,0.0291945467590232,0.6743161487309131,0.7548239943865932,-4.215892664590016,0.0923981389378161
0,f4_dup_b|f5_null|f7_weak|noise_0,110101,4,-4.575628813552856,0.0287161231212251,0.406978138705889,0.4792355347418139,-4.492127098683885,0.0835017148689711
0,f4_dup_b|f5_null|f8_bigcoef|noise_0,110011,4,-4.3914459699630735,0.0285447882128716,0.5911609822956718,0.6720667751478063,-4.300178512804439,0.0912674571586347
0,f4_dup_b|f6_suppressor|f7_weak|f8_bigcoef,101110,4,-4.325335490703583,0.029767447089142,0.6572714615551627,0.7548239943865932,-4.215892664590016,0.1094428261135664
0,f4_dup_b|f6_suppressor|f7_weak|noise_0,101101,4,-4.589251615905762,0.0295373454418648,0.3933553363529833,0.4792355347418139,-4.492127098683885,0.0971245172218768
0,f4_dup_b|f6_suppressor|f8_bigcoef|noise_0,101011,4,-4.40393491821289,0.0291899660658433,0.5786720340458551,0.6720667751478063,-4.300178512804439,0.1037564054084514
0,f4_dup_b|f7_weak|f8_bigcoef|noise_0,100111,4,-4.311065439510346,0.0288699615887266,0.6715415127483997,0.7548239943865932,-4.215892664590016,0.0951727749203295
0,f5_null|f6_suppressor|f7_weak|f8_bigcoef,11110,4,-4.60803132982254,0.0311348775280054,0.3745756224362049,0.4293308095187594,-4.528096470063545,0.0799348597589952
0,f5_null|f6_suppressor|f7_weak|noise_0,11101,4,-4.868260105705261,0.0311539940370094,0.1143468465534844,0.1537423498739802,-4.804330904157414,0.0639292015478467
0,f5_null|f6_suppressor|f8_bigcoef|noise_0,11011,4,-4.687045977592469,0.0308165662830703,0.2955609746662766,0.3465735902799726,-4.612382318277969,0.0746636593145
0,f5_null|f7_weak|f8_bigcoef|noise_0,10111,4,-4.59636836271286,0.0303643184649658,0.3862385895458855,0.4293308095187594,-4.528096470063545,0.0682718926493146
0,f6_suppressor|f7_weak|f8_bigcoef|noise_0,1111,4,-4.6035245091438295,0.0309836180253372,0.3790824431149158,0.4293308095187594,-4.528096470063545,0.0754280390802843
0,f1_strong_t1|f2_strong_t2|f3_dup_a|f4_dup_b|f5_null,111110000,5,-3.7590173458099367,0.0310793136359401,1.2235896064488083,1.3235905993032566,-3.627655899357192,0.131361446452745
0,f1_strong_t1|f2_strong_t2|f3_dup_a|f4_dup_b|f6_suppressor,111101000,5,-2.063819769668579,0.0318861719444405,2.918787182590166,3.1074079542205526,-1.8651087705614784,0.1987109991071007
0,f1_strong_t1|f2_strong_t2|f3_dup_a|f4_dup_b|f7_weak,111100100,5,-3.6222256676673887,0.0305522352887237,1.3603812845913563,1.477332949177237,-3.4834768756941825,0.1387487919732062
0,f1_strong_t1|f2_strong_t2|f3_dup_a|f4_dup_b|f8_bigcoef,111100010,5,-3.432658786392212,0.0304200003794139,1.5499481658665335,1.6701641895832289,-3.291528289814737,0.1411304965774746
0,f1_strong_t1|f2_strong_t2|f3_dup_a|f4_dup_b|noise_0,111100001,5,-3.761020363140106,0.0308961462568753,1.221586589118639,1.3235905993032566,-3.627655899357192,0.1333644637829145
0,f1_strong_t1|f2_strong_t2|f3_dup_a|f5_null|f6_suppressor,111011000,5,-2.096074338912964,0.0310720861194199,2.8865326133457816,3.097210687049391,-1.875736214670604,0.2203381242423596
0,f1_strong_t1|f2_strong_t2|f3_dup_a|f5_null|f7_weak,111010100,5,-3.625281272602081,0.0288371826111894,1.3573256796566642,1.467135682006075,-3.4941043198033093,0.1311769527987718
0,f1_strong_t1|f2_strong_t2|f3_dup_a|f5_null|f8_bigcoef,111010010,5,-3.440814016151428,0.0286398293770421,1.541792936107317,1.6599669224120674,-3.302155733923863,0.1386582822275652
0,f1_strong_t1|f2_strong_t2|f3_dup_a|f5_null|noise_0,111010001,5,-3.7667342096328738,0.0295221940562819,1.2158727426258715,1.3133933321320947,-3.6382833434663175,0.1284508661665562
0,f1_strong_t1|f2_strong_t2|f3_dup_a|f6_suppressor|f7_weak,111001100,5,-1.9666935759544373,0.0306616682103494,3.015913376304308,3.2509530369233715,-1.7315571910075949,0.2351363849468424
0,f1_strong_t1|f2_strong_t2|f3_dup_a|f6_suppressor|f8_bigcoef,111001010,5,-1.769275723075867,0.0302482203832369,3.2133312291828786,3.443784277329364,-1.539608605128149,0.2296671179477176
0,f1_strong_t1|f2_strong_t2|f3_dup_a|f6_suppressor|noise_0,111001001,5,-2.120234211540222,0.0312602023714792,2.862372740718523,3.097210687049391,-1.875736214670604,0.2444979968696181
0,f1_strong_t1|f2_strong_t2|f3_dup_a|f7_weak|f8_bigcoef,111000110,5,-3.3527621661186218,0.0287621072364111,1.6298447861401235,1.742724141650854,-3.2178698857094394,0.1348922804091823
0,f1_strong_t1|f2_strong_t2|f3_dup_a|f7_weak|noise_0,111000101,5,-3.631092759037018,0.0288538247471457,1.3515141932217274,1.467135682006075,-3.4941043198033093,0.1369884392337086
0,f1_strong_t1|f2_strong_t2|f3_dup_a|f8_bigcoef|noise_0,111000011,5,-3.436901422309876,0.0285237687495941,1.54570552994887,1.6599669224120674,-3.302155733923863,0.1347456883860123
0,f1_strong_t1|f2_strong_t2|f4_dup_b|f5_null|f6_suppressor,110111000,5,-2.085457403278351,0.0306975811867885,2.8971495489803942,3.097210687049391,-1.8740920429114305,0.2113653603669207
0,f1_strong_t1|f2_strong_t2|f4_dup_b|f5_null|f7_weak,110110100,5,-3.623370812892914,0.028691492888398,1.3592361393658314,1.467135682006075,-3.492460148044135,0.1309106648487787
0,f1_strong_t1|f2_strong_t2|f4_dup_b|f5_null|f8_bigcoef,110110010,5,-3.4445781920433043,0.0288617781620264,1.538028760215441,1.6599669224120674,-3.3005115621646897,0.1440666298786146
0,f1_strong_t1|f2_strong_t2|f4_dup_b|f5_null|noise_0,110110001,5,-3.763063736629486,0.029106661858876,1.2195432156292592,1.3133933321320947,-3.636639171707144,0.1264245649223419
0,f1_strong_t1|f2_strong_t2|f4_dup_b|f6_suppressor|f7_weak,110101100,5,-1.962745286369324,0.030020981279848,3.019861665889421,3.2509530369233715,-1.7299130192484216,0.2328322671209022
0,f1_strong_t1|f2_strong_t2|f4_dup_b|f6_suppressor|f8_bigcoef,110101010,5,-1.7989585309028626,0.0304855751884975,3.1836484213558824,3.443784277329364,-1.5379644333689753,0.2609940975338873
0,f1_strong_t1|f2_strong_t2|f4_dup_b|f6_suppressor|noise_0,110101001,5,-2.099746386051178,0.0302859686513371,2.8828605662075675,3.097210687049391,-1.8740920429114305,0.2256543431397475
0,f1_strong_t1|f2_strong_t2|f4_dup_b|f7_weak|f8_bigcoef,110100110,5,-3.3560704056739805,0.0289224206355882,1.6265365465847648,1.742724141650854,-3.216225713950266,0.1398446917237144
0,f1_strong_t1|f2_strong_t2|f4_dup_b|f7_weak|noise_0,110100101,5,-3.625989482975006,0.0284150841187077,1.3566174692837394,1.467135682006075,-3.492460148044135,0.1335293349308708
0,f1_strong_t1|f2_strong_t2|f4_dup_b|f8_bigcoef|noise_0,110100011,5,-3.438804204368591,0.028449904401459,1.543802747890154,1.6599669224120674,-3.3005115621646897,0.1382926422039014
0,f1_strong_t1|f2_strong_t2|f5_null|f6_suppressor|f7_weak,110011100,5,-2.252646722602844,0.0321638637777925,2.729960229655901,2.9254598520555377,-2.0421168247219508,0.2105298978808933
0,f1_strong_t1|f2_strong_t2|f5_null|f6_suppressor|f8_bigcoef,110011010,5,-2.051226927661896,0.0323715999958671,2.9313800245968493,3.11829109246153,-1.8501682388425047,0.2010586888193912
0,f1_strong_t1|f2_strong_t2|f5_null|f6_suppressor|noise_0,110011001,5,-2.3798894775390624,0.0327050066462457,2.602717474719683,2.771717502181557,-2.1862958483849595,0.1935936291541029
0,f1_strong_t1|f2_strong_t2|f5_null|f7_weak|f8_bigcoef,110010110,5,-3.647639650630951,0.0303542769930307,1.3349673016277943,1.4172309567830204,-3.528429519423795,0.1192101312071556
0,f1_strong_t1|f2_strong_t2|f5_null|f7_weak|noise_0,110010101,5,-3.9173273756980898,0.0301977913860008,1.0652795765606555,1.1416424971382413,-3.804663953517664,0.1126634221804256
0,f1_strong_t1|f2_strong_t2|f5_null|f8_bigcoef|noise_0,110010011,5,-3.734205878829956,0.030355531391484,1.2484010734287891,1.3344737375442337,-3.6127153676382178,0.1214905111917383
0,f1_strong_t1|f2_strong_t2|f6_suppressor|f7_weak|f8_bigcoef,110001110,5,-1.98896437330246,0.0321122872722979,2.993642578956285,3.201048311700317,-1.765882390628082,0.2230819826743777
0,f1_strong_t1|f2_strong_t2|f6_suppressor|f7_weak|noise_0,110001101,5,-2.267701389122009,0.0320916466517104,2.714905563136736,2.9254598520555377,-2.0421168247219508,0.2255845644000587
0,f1_strong_t1|f2_strong_t2|f6_suppressor|f8_bigcoef|noise_0,110001011,5,-2.050297983169556,0.0318933216439828,2.9323089690891897,3.11829109246153,-1.8501682388425047,0.2001297443270508
0,f1_strong_t1|f2_strong_t2|f7_weak|f8_bigcoef|noise_0,110000111,5,-3.644727838230133,0.0301468365592163,1.3378791140286124,1.4172309567830204,-3.528429519423795,0.1162983188063377
0,f1_strong_t1|f3_dup_a|f4_dup_b|f5_null|f6_suppressor,101111000,5,-2.8871679940223696,0.0332163404153319,2.095438958236376,2.302688998003503,-2.688042878803397,0.1991251152189725
0,f1_strong_t1|f3_dup_a|f4_dup_b|f5_null|f7_weak,101110100,5,-4.431574655914306,0.031864555282928,0.551032296344439,0.6726139929601865,-4.306410983936101,0.1251636719782052
0,f1_strong_t1|f3_dup_a|f4_dup_b|f5_null|f8_bigcoef,101110010,5,-4.24071373577118,0.0314374243388915,0.7418932164875658,0.8654452333661787,-4.114462398056656,0.1262513377145238
0,f1_strong_t1|f3_dup_a|f4_dup_b|f5_null|noise_0,101110001,5,-4.566887882995606,0.0321348772886518,0.4157190692631394,0.5188716430862063,-4.450590007599112,0.1162978753964942
0,f1_strong_t1|f3_dup_a|f4_dup_b|f6_suppressor|f7_weak,101101100,5,-2.733929842758178,0.0325078558568398,2.2486771095005667,2.456431347877483,-2.543863855140388,0.1900659876177908
0,f1_strong_t1|f3_dup_a|f4_dup_b|f6_suppressor|f8_bigcoef,101101010,5,-2.58948249874115,0.0324101716336503,2.393124453517596,2.6492625882834755,-2.351915269260941,0.2375672294802084
0,f1_strong_t1|f3_dup_a|f4_dup_b|f6_suppressor|noise_0,101101001,5,-2.91895307970047,0.0334072197633956,2.063653872558276,2.302688998003503,-2.688042878803397,0.2309102008970729
0,f1_strong_t1|f3_dup_a|f4_dup_b|f7_weak|f8_bigcoef,101100110,5,-4.163932423496246,0.0318929768088107,0.8186745287624992,0.9482024526049658,-4.030176549842233,0.1337558736540129
0,f1_strong_t1|f3_dup_a|f4_dup_b|f7_weak|noise_0,101100101,5,-4.440107541942597,0.0318406242822377,0.5424994103161485,0.6726139929601865,-4.306410983936101,0.1336965580064957
0,f1_strong_t1|f3_dup_a|f4_dup_b|f8_bigcoef|noise_0,101100011,5,-4.245689573860169,0.0312805734220278,0.7369173783985765,0.8654452333661787,-4.114462398056656,0.131227175803513
0,f1_strong_t1|f3_dup_a|f5_null|f6_suppressor|f7_weak,101011100,5,-2.781995076274872,0.0315440055230828,2.2006118759838733,2.446234080706321,-2.554491299249513,0.2275037770253587
0,f1_strong_t1|f3_dup_a|f5_null|f6_suppressor|f8_bigcoef,101011010,5,-2.5839032258033754,0.0309275052995067,2.39870372645537,2.639065321112313,-2.362542713370068,0.2213605124333075
0,f1_strong_t1|f3_dup_a|f5_null|f6_suppressor|noise_0,101011001,5,-2.9219053242683413,0.0322464260487743,2.060701627990404,2.292491730832341,-2.6986703229125224,0.2232350013558188
0,f1_strong_t1|f3_dup_a|f5_null|f7_weak|f8_bigcoef,101010110,5,-4.159912110424042,0.0298256123181347,0.8226948418347035,0.938005185433804,-4.040803993951359,0.1191081164726828
0,f1_strong_t1|f3_dup_a|f5_null|f7_weak|noise_0,101010101,5,-4.430227736949921,0.0299442186464516,0.5523792153088243,0.6624167257890249,-4.317038428045227,0.113189308904694
0,f1_strong_t1|f3_dup_a|f5_null|f8_bigcoef|noise_0,101010011,5,-4.242735494613648,0.0294762700188075,0.7398714576450978,0.8552479661950173,-4.125089842165781,0.1176456524478668
0,f1_strong_t1|f3_dup_a|f6_suppressor|f7_weak|f8_bigcoef,101001110,5,-2.5097573729515075,0.031191325146992,2.472849579307238,2.7218225403511003,-2.278256865155645,0.2315005077958623
0,f1_strong_t1|f3_dup_a|f6_suppressor|f7_weak|noise_0,101001101,5,-2.809919365119934,0.0319962938262229,2.172687587138811,2.446234080706321,-2.554491299249513,0.2554280658704209
0,f1_strong_t1|f3_dup_a|f6_suppressor|f8_bigcoef|noise_0,101001011,5,-2.5917596465110777,0.0308608175550593,2.390847305747668,2.639065321112313,-2.362542713370068,0.2292169331410098
0,f1_strong_t1|f3_dup_a|f7_weak|f8_bigcoef|noise_0,101000111,5,-4.163186850452423,0.0297783803158419,0.8194201018063225,0.938005185433804,-4.040803993951359,0.1223828565010638
0,f1_strong_t1|f4_dup_b|f5_null|f6_suppressor|f7_weak,100111100,5,-2.781459574794769,0.0315275806374085,2.201147377463976,2.446234080706321,-2.55284712749034,0.2286124473044295
0,f1_strong_t1|f4_dup_b|f5_null|f6_suppressor|f8_bigcoef,100111010,5,-2.594349017047882,0.0316048352695641,2.388257935210864,2.639065321112313,-2.3608985416108945,0.2334504754369875
0,f1_strong_t1|f4_dup_b|f5_null|f6_suppressor|noise_0,100111001,5,-2.9242233035087586,0.0320291807582602,2.0583836487499867,2.292491730832341,-2.697026151153349,0.2271971523554095
0,f1_strong_t1|f4_dup_b|f5_null|f7_weak|f8_bigcoef,100110110,5,-4.163435062789917,0.0301407388855003,0.8191718894688282,0.938005185433804,-4.039159822192186,0.1242752405977309
0,f1_strong_t1|f4_dup_b|f5_null|f7_weak|noise_0,100110101,5,-4.429189799976349,0.0299046006423784,0.5534171522823961,0.6624167257890249,-4.315394256286054,0.1137955436902951
0,f1_strong_t1|f4_dup_b|f5_null|f8_bigcoef|noise_0,100110011,5,-4.24456179189682,0.0295058683562763,0.7380451603619251,0.8552479661950173,-4.123445670406608,0.1211161214902123
0,f1_strong_t1|f4_dup_b|f6_suppressor|f7_weak|f8_bigcoef,100101110,5,-2.541855899143219,0.0315667496826201,2.4407510531155263,2.7218225403511003,-2.2766126933964714,0.2652432057467475
0,f1_strong_t1|f4_dup_b|f6_suppressor|f7_weak|noise_0,100101101,5,-2.7915043617248534,0.0313545319471929,2.191102590533892,2.446234080706321,-2.55284712749034,0.2386572342345134
0,f1_strong_t1|f4_dup_b|f6_suppressor|f8_bigcoef|noise_0,100101011,5,-2.607049955558777,0.0310918154486036,2.3755569966999683,2.639065321112313,-2.3608985416108945,0.2461514139478824
0,f1_strong_t1|f4_dup_b|f7_weak|f8_bigcoef|noise_0,100100111,5,-4.1670463270187375,0.0298543626362769,0.8155606252400078,0.938005185433804,-4.039159822192186,0.1278865048265514
0,f1_strong_t1|f5_null|f6_suppressor|f7_weak|f8_bigcoef,100011110,5,-2.802743431854248,0.0328029595160763,2.1798635204044974,2.3963293554832665,-2.588816498870001,0.213926932984247
0,f1_strong_t1|f5_null|f6_suppressor|f7_weak|noise_0,100011101,5,-3.075133430957794,0.033044164298758,1.9074735213009515,2.1207408958384875,-2.865050932963869,0.2100824979939251
0,f1_strong_t1|f5_null|f6_suppressor|f8_bigcoef|noise_0,100011011,5,-2.8690164268493654,0.0326684866140932,2.11359052540938,2.3135721362444794,-2.6731023470844235,0.1959140797649419
0,f1_strong_t1|f5_null|f7_weak|f8_bigcoef|noise_0,100010111,5,-4.455690634441376,0.031219659068363,0.5269163178173697,0.6125120005659704,-4.351363627665714,0.1043270067756614
0,f1_strong_t1|f6_suppressor|f7_weak|f8_bigcoef|noise_0,100001111,5,-2.782634279823303,0.0326070613495259,2.1999726724354423,2.3963293554832665,-2.588816498870001,0.1938177809533021
0,f2_strong_t2|f3_dup_a|f4_dup_b|f5_null|f6_suppressor,11111000,5,-3.924369748401642,0.030983461883884,1.0582372038571033,1.1404094082560454,-3.804388741755023,0.1199810066466193
0,f2_strong_t2|f3_dup_a|f4_dup_b|f5_null|f7_weak,11110100,5,-3.7696280762672414,0.0297706206887232,1.212978875991503,1.2941517581300257,-3.660209718092013,0.1094183581752292
0,f2_strong_t2|f3_dup_a|f4_dup_b|f5_null|f8_bigcoef,11110010,5,-3.5872488975524903,0.0299774351585825,1.395358054706255,1.486982998536018,-3.468261132212568,0.1189877653399227
0,f2_strong_t2|f3_dup_a|f4_dup_b|f5_null|noise_0,11110001,5,-3.919908398246765,0.0300895805381666,1.06269855401198,1.1404094082560454,-3.804388741755023,0.1155196564917426
0,f2_strong_t2|f3_dup_a|f4_dup_b|f6_suppressor|f7_weak,11101100,5,-3.780544808292389,0.0304506230776797,1.2020621439663564,1.2941517581300257,-3.660209718092013,0.1203350902003759
0,f2_strong_t2|f3_dup_a|f4_dup_b|f6_suppressor|f8_bigcoef,11101010,5,-3.593604206752777,0.0303183271825899,1.389002745505968,1.486982998536018,-3.468261132212568,0.1253430745402095
0,f2_strong_t2|f3_dup_a|f4_dup_b|f6_suppressor|noise_0,11101001,5,-3.9259966799736015,0.0307855984245419,1.056610272285143,1.1404094082560454,-3.804388741755023,0.1216079382185797
0,f2_strong_t2|f3_dup_a|f4_dup_b|f7_weak|f8_bigcoef,11100110,5,-3.4911009516716005,0.030129581611395,1.4915060005871448,1.5697402177748048,-3.3839752839981445,0.107125667673456
0,f2_strong_t2|f3_dup_a|f4_dup_b|f7_weak|noise_0,11100101,5,-3.7749673189163206,0.0295835485105526,1.2076396333424246,1.2941517581300257,-3.660209718092013,0.1147576008243076
0,f2_strong_t2|f3_dup_a|f4_dup_b|f8_bigcoef|noise_0,11100011,5,-3.5897113089561463,0.0297905640517802,1.392895643302599,1.486982998536018,-3.468261132212568,0.1214501767435787
0,f2_strong_t2|f3_dup_a|f5_null|f6_suppressor|f7_weak,11011100,5,-3.796224168586731,0.028999492209881,1.1863827836720144,1.2839544909588645,-3.6708371622011393,0.1253870063855915
0,f2_strong_t2|f3_dup_a|f5_null|f6_suppressor|f8_bigcoef,11011010,5,-3.61419769449234,0.028831659933328,1.368409257766405,1.4767857313648562,-3.478888576321694,0.135309118170646
0,f2_strong_t2|f3_dup_a|f5_null|f6_suppressor|noise_0,11011001,5,-3.939008783435821,0.0295519205399287,1.043598168822924,1.130212141084884,-3.815016185864149,0.1239925975716729
0,f2_strong_t2|f3_dup_a|f5_null|f7_weak|f8_bigcoef,11010110,5,-3.507343928527832,0.0283713702345196,1.4752630237309132,1.5595429506036431,-3.394602728107272,0.1127412004205608
0,f2_strong_t2|f3_dup_a|f5_null|f7_weak|noise_0,11010101,5,-3.782064091491699,0.0279509153872142,1.200542860767046,1.2839544909588645,-3.6708371622011393,0.1112269292905598
0,f2_strong_t2|f3_dup_a|f5_null|f8_bigcoef|noise_0,11010011,5,-3.603842030334473,0.0281720053514777,1.3787649219242728,1.4767857313648562,-3.478888576321694,0.1249534540127785
0,f2_strong_t2|f3_dup_a|f6_suppressor|f7_weak|f8_bigcoef,11001110,5,-3.523873307800293,0.0290088630643255,1.4587336444584524,1.5595429506036431,-3.394602728107272,0.1292705796930215
0,f2_strong_t2|f3_dup_a|f6_suppressor|f7_weak|noise_0,11001101,5,-3.79556081533432,0.0288114415646624,1.1870461369244252,1.2839544909588645,-3.6708371622011393,0.1247236531331807
0,f2_strong_t2|f3_dup_a|f6_suppressor|f8_bigcoef|noise_0,11001011,5,-3.6094638595581054,0.0286492501586279,1.3731430927006398,1.4767857313648562,-3.478888576321694,0.1305752832364115
0,f2_strong_t2|f3_dup_a|f7_weak|f8_bigcoef|noise_0,11000111,5,-3.504374854373932,0.0281094656819811,1.4782320978848134,1.5595429506036431,-3.394602728107272,0.1097721262666606
0,f2_strong_t2|f4_dup_b|f5_null|f6_suppressor|f7_weak,10111100,5,-3.7830226614952087,0.0288218965690209,1.1995842907635366,1.2839544909588645,-3.669192990441967,0.1138296710532418
0,f2_strong_t2|f4_dup_b|f5_null|f6_suppressor|f8_bigcoef,10111010,5,-3.604937430667877,0.0288797285634287,1.377669521590868,1.4767857313648562,-3.4772444045625206,0.1276930261053568
0,f2_strong_t2|f4_dup_b|f5_null|f6_suppressor|noise_0,10111001,5,-3.9262339379310607,0.0291461299685638,1.0563730143276846,1.130212141084884,-3.813372014104975,0.1128619238260855
0,f2_strong_t2|f4_dup_b|f5_null|f7_weak|f8_bigcoef,10110110,5,-3.5022146028518675,0.028429480173594,1.4803923494068778,1.5595429506036431,-3.392958556348098,0.1092560465037695
0,f2_strong_t2|f4_dup_b|f5_null|f7_weak|noise_0,10110101,5,-3.775806973361969,0.0276955546408108,1.2067999788967765,1.2839544909588645,-3.669192990441967,0.1066139829200021
0,f2_strong_t2|f4_dup_b|f5_null|f8_bigcoef|noise_0,10110011,5,-3.5979660008430483,0.0280040397126896,1.384640951415697,1.4767857313648562,-3.4772444045625206,0.1207215962805277
0,f2_strong_t2|f4_dup_b|f6_suppressor|f7_weak|f8_bigcoef,10101110,5,-3.520218224239349,0.0290773023628056,1.462388728019396,1.5595429506036431,-3.392958556348098,0.1272596678912512
0,f2_strong_t2|f4_dup_b|f6_suppressor|f7_weak|noise_0,10101101,5,-3.787607476043701,0.0284931935087442,1.194999476215044,1.2839544909588645,-3.669192990441967,0.1184144856017344
0,f2_strong_t2|f4_dup_b|f6_suppressor|f8_bigcoef|noise_0,10101011,5,-3.603919811725616,0.0284523193690696,1.378687140533129,1.4767857313648562,-3.4772444045625206,0.1266754071630957
0,f2_strong_t2|f4_dup_b|f7_weak|f8_bigcoef|noise_0,10100111,5,-3.5037338346481324,0.0280129778246948,1.478873117610613,1.5595429506036431,-3.392958556348098,0.1107752783000344
0,f2_strong_t2|f5_null|f6_suppressor|f7_weak|f8_bigcoef,10011110,5,-3.808220007991791,0.0305404770775908,1.1743869442669546,1.2340497657358096,-3.705162361821627,0.1030576461701637
0,f2_strong_t2|f5_null|f6_suppressor|f7_weak|noise_0,10011101,5,-4.0704218828201295,0.0302577938958978,0.9121850694386158,0.9584613060910306,-3.981396795915495,0.0890250869046345
0,f2_strong_t2|f5_null|f6_suppressor|f8_bigcoef|noise_0,10011011,5,-3.891971045207977,0.0303849882913903,1.090635907050768,1.151292546497023,-3.7894482100360496,0.1025228351719276
0,f2_strong_t2|f5_null|f7_weak|f8_bigcoef|noise_0,10010111,5,-3.792432231807709,0.0296952704844993,1.1901747204510364,1.2340497657358096,-3.705162361821627,0.0872698699860818
0,f2_strong_t2|f6_suppressor|f7_weak|f8_bigcoef|noise_0,10001111,5,-3.801211923599243,0.0301885756257389,1.181395028659502,1.2340497657358096,-3.705162361821627,0.0960495617776162
0,f3_dup_a|f4_dup_b|f5_null|f6_suppressor|f7_weak,1111100,5,-4.589838254642487,0.0315776910118661,0.3927686976162583,0.4894328019129755,-4.483143826333933,0.106694428308554
0,f3_dup_a|f4_dup_b|f5_null|f6_suppressor|f8_bigcoef,1111010,5,-4.400454083633423,0.031157073488917,0.5821528686253226,0.682264042318968,-4.291195240454487,0.109258843178936
0,f3_dup_a|f4_dup_b|f5_null|f6_suppressor|noise_0,1111001,5,-4.732951764965057,0.0317457538649067,0.2496551872936878,0.3356904520389953,-4.627322849996943,0.1056289149681148
0,f3_dup_a|f4_dup_b|f5_null|f7_weak|f8_bigcoef,1110110,5,-4.309536549568176,0.031028959699928,0.673070402690569,0.7650212615577549,-4.206909392240064,0.1026271573281123
0,f3_dup_a|f4_dup_b|f5_null|f7_weak|noise_0,1110101,5,-4.584211528778076,0.0306605858500287,0.398395423480669,0.4894328019129755,-4.483143826333933,0.1010677024441433
0,f3_dup_a|f4_dup_b|f5_null|f8_bigcoef|noise_0,1110011,5,-4.399050884914399,0.0304935653188956,0.5835560673443467,0.682264042318968,-4.291195240454487,0.1078556444599119
0,f3_dup_a|f4_dup_b|f6_suppressor|f7_weak|f8_bigcoef,1101110,5,-4.320829212856292,0.0315202673586698,0.6617777394024529,0.7650212615577549,-4.206909392240064,0.1139198206162284
0,f3_dup_a|f4_dup_b|f6_suppressor|f7_weak|noise_0,1101101,5,-4.595513115406036,0.031396243156811,0.387093836852709,0.4894328019129755,-4.483143826333933,0.1123692890721033
0,f3_dup_a|f4_dup_b|f6_suppressor|f8_bigcoef|noise_0,1101011,5,-4.405935612297058,0.03100574727491,0.5766713399616874,0.682264042318968,-4.291195240454487,0.1147403718425712
0,f3_dup_a|f4_dup_b|f7_weak|f8_bigcoef|noise_0,1100111,5,-4.313710931205749,0.0308490817007484,0.668896021052996,0.7650212615577549,-4.206909392240064,0.1068015389656853
0,f3_dup_a|f5_null|f6_suppressor|f7_weak|f8_bigcoef,1011110,5,-4.328927859783173,0.0299401712930379,0.6536790924755724,0.7548239943865932,-4.21753683634919,0.111391023433983
0,f3_dup_a|f5_null|f6_suppressor|f7_weak|noise_0,1011101,5,-4.594554835319519,0.0298810285076751,0.3880521169392263,0.4792355347418139,-4.493771270443058,0.100783564876461
0,f3_dup_a|f5_null|f6_suppressor|f8_bigcoef|noise_0,1011011,5,-4.408735956001282,0.0294395856876108,0.5738709962574635,0.6720667751478063,-4.3018226845636125,0.1069132714376692
0,f3_dup_a|f5_null|f7_weak|f8_bigcoef|noise_0,1010111,5,-4.316489783287048,0.0289799357118267,0.6661171689716969,0.7548239943865932,-4.21753683634919,0.0989529469378585
0,f3_dup_a|f6_suppressor|f7_weak|f8_bigcoef|noise_0,1001111,5,-4.327070251083374,0.0297691431681397,0.6555367011753717,0.7548239943865932,-4.21753683634919,0.1095334147341837
0,f4_dup_b|f5_null|f6_suppressor|f7_weak|f8_bigcoef,111110,5,-4.326859943199158,0.0300317811828161,0.6557470090595876,0.7548239943865932,-4.215892664590016,0.1109672786091415
0,f4_dup_b|f5_null|f6_suppressor|f7_weak|noise_0,111101,5,-4.58985778799057,0.0298196114937506,0.3927491642681753,0.4792355347418139,-4.492127098683885,0.0977306893066849
0,f4_dup_b|f5_null|f6_suppressor|f8_bigcoef|noise_0,111011,5,-4.40632938709259,0.0294431737037896,0.5762775651661549,0.6720667751478063,-4.300178512804439,0.1061508742881516
0,f4_dup_b|f5_null|f7_weak|f8_bigcoef|noise_0,110111,5,-4.314441589355469,0.0290015335356872,0.6681653629032764,0.7548239943865932,-4.215892664590016,0.0985489247654527
0,f4_dup_b|f6_suppressor|f7_weak|f8_bigcoef|noise_0,101111,5,-4.327334211540222,0.0297695788779885,0.655272740718523,0.7548239943865932,-4.215892664590016,0.1114415469502061
0,f5_null|f6_suppressor|f7_weak|f8_bigcoef|noise_0,11111,5,-4.6109323387146,0.0312019734816615,0.3716746135441457,0.4293308095187594,-4.528096470063545,0.0828358686510544
0,f1_strong_t1|f2_strong_t2|f3_dup_a|f4_dup_b|f5_null|f6_suppressor,111111000,6,-2.070727903270721,0.032365324242227,2.911879048988024,3.1074079542205526,-1.8651087705614784,0.2056191327092431
0,f1_strong_t1|f2_strong_t2|f3_dup_a|f4_dup_b|f5_null|f7_weak,111110100,6,-3.623990727996826,0.0307904100157483,1.3586162242619193,1.477332949177237,-3.4834768756941825,0.1405138523026434
0,f1_strong_t1|f2_strong_t2|f3_dup_a|f4_dup_b|f5_null|f8_bigcoef,111110010,6,-3.437907118606568,0.0306733546356853,1.544699833652178,1.6701641895832289,-3.291528289814737,0.1463788287918301
0,f1_strong_t1|f2_strong_t2|f3_dup_a|f4_dup_b|f5_null|noise_0,111110001,6,-3.765275583934784,0.0311978203492929,1.2173313683239613,1.3235905993032566,-3.627655899357192,0.1376196845775923
0,f1_strong_t1|f2_strong_t2|f3_dup_a|f4_dup_b|f6_suppressor|f7_weak,111101100,6,-1.9327159690856928,0.0318075062436358,3.049890983173052,3.261150304094533,-1.7209297468984697,0.2117862221872237
0,f1_strong_t1|f2_strong_t2|f3_dup_a|f4_dup_b|f6_suppressor|f8_bigcoef,111101010,6,-1.7569320388793943,0.0318696208337899,3.2256749133793505,3.4539815445005253,-1.5289811610190234,0.2279508778603711
0,f1_strong_t1|f2_strong_t2|f3_dup_a|f4_dup_b|f6_suppressor|noise_0,111101001,6,-2.085656119823456,0.0322335100609587,2.896950832435289,3.1074079542205526,-1.8651087705614784,0.2205473492619774
0,f1_strong_t1|f2_strong_t2|f3_dup_a|f4_dup_b|f7_weak|f8_bigcoef,111100110,6,-3.348832088947296,0.0309110699178068,1.6337748633114493,1.752921408822016,-3.2072424416003145,0.1415896473469815
0,f1_strong_t1|f2_strong_t2|f3_dup_a|f4_dup_b|f7_weak|noise_0,111100101,6,-3.6304709906578063,0.0306661036274208,1.352135961600939,1.477332949177237,-3.4834768756941825,0.1469941149636238
0,f1_strong_t1|f2_strong_t2|f3_dup_a|f4_dup_b|f8_bigcoef|noise_0,111100011,6,-3.437224032115936,0.0304902930994902,1.545382920142809,1.6701641895832289,-3.291528289814737,0.145695742301199
0,f1_strong_t1|f2_strong_t2|f3_dup_a|f5_null|f6_suppressor|f7_weak,111011100,6,-1.9791840188980103,0.0309400294524534,3.003422933360735,3.2509530369233715,-1.7315571910075949,0.2476268278904154
0,f1_strong_t1|f2_strong_t2|f3_dup_a|f5_null|f6_suppressor|f8_bigcoef,111011010,6,-1.773684431552887,0.0307246670628887,3.2089225207058583,3.443784277329364,-1.539608605128149,0.234075826424738
0,f1_strong_t1|f2_strong_t2|f3_dup_a|f5_null|f6_suppressor|noise_0,111011001,6,-2.109111054706573,0.0314667636212411,2.873495897552172,3.097210687049391,-1.875736214670604,0.2333748400359694
0,f1_strong_t1|f2_strong_t2|f3_dup_a|f5_null|f7_weak|f8_bigcoef,111010110,6,-3.3559655529022216,0.0289354119930947,1.6266413993565236,1.742724141650854,-3.21786988570944,0.1380956671927817
0,f1_strong_t1|f2_strong_t2|f3_dup_a|f5_null|f7_weak|noise_0,111010101,6,-3.631654048442841,0.029007443400062,1.3509529038159047,1.467135682006075,-3.4941043198033093,0.1375497286395313
0,f1_strong_t1|f2_strong_t2|f3_dup_a|f5_null|f8_bigcoef|noise_0,111010011,6,-3.446197564792633,0.0287929737202093,1.5364093874661124,1.6599669224120674,-3.302155733923863,0.1440418308687698
0,f1_strong_t1|f2_strong_t2|f3_dup_a|f6_suppressor|f7_weak|f8_bigcoef,111001110,6,-1.6954376476287842,0.0307834901919435,3.287169304629961,3.52654149656815,-1.455322756913727,0.2401148907150572
0,f1_strong_t1|f2_strong_t2|f3_dup_a|f6_suppressor|f7_weak|noise_0,111001101,6,-1.9994216342926023,0.0311266842424375,2.983185317966143,3.2509530369233715,-1.7315571910075949,0.2678644432850077
0,f1_strong_t1|f2_strong_t2|f3_dup_a|f6_suppressor|f8_bigcoef|noise_0,111001011,6,-1.778128267860413,0.0304732061676433,3.2044786843983326,3.443784277329364,-1.539608605128149,0.2385196627322636
0,f1_strong_t1|f2_strong_t2|f3_dup_a|f7_weak|f8_bigcoef|noise_0,111000111,6,-3.3543387440681456,0.0288048436128427,1.6282682081905997,1.742724141650854,-3.2178698857094394,0.1364688583587061
0,f1_strong_t1|f2_strong_t2|f4_dup_b|f5_null|f6_suppressor|f7_weak,110111100,6,-1.966705139255524,0.0304591788604102,3.0159018130032216,3.2509530369233715,-1.7299130192484211,0.2367921200071026
0,f1_strong_t1|f2_strong_t2|f4_dup_b|f5_null|f6_suppressor|f8_bigcoef,110111010,6,-1.7674877430915832,0.0307057999611397,3.2151192091671623,3.443784277329364,-1.5379644333689753,0.2295233097226079
0,f1_strong_t1|f2_strong_t2|f4_dup_b|f5_null|f6_suppressor|noise_0,110111001,6,-2.09049338722229,0.030688803707344,2.892113565036455,3.097210687049391,-1.8740920429114305,0.2164013443108599
0,f1_strong_t1|f2_strong_t2|f4_dup_b|f5_null|f7_weak|f8_bigcoef,110110110,6,-3.3593881614685057,0.0291217169446515,1.6232187907902396,1.742724141650854,-3.216225713950266,0.1431624475182396
0,f1_strong_t1|f2_strong_t2|f4_dup_b|f5_null|f7_weak|noise_0,110110101,6,-3.629236641597748,0.0286918694856494,1.3533703106609971,1.467135682006075,-3.492460148044135,0.1367764935536128
0,f1_strong_t1|f2_strong_t2|f4_dup_b|f5_null|f8_bigcoef|noise_0,110110011,6,-3.447967677974701,0.0287453445475521,1.5346392742840442,1.6599669224120674,-3.3005115621646897,0.1474561158100114
0,f1_strong_t1|f2_strong_t2|f4_dup_b|f6_suppressor|f7_weak|f8_bigcoef,110101110,6,-1.7265348923683166,0.0307488760324583,3.2560720598904287,3.52654149656815,-1.4536785851545533,0.2728563072137633
0,f1_strong_t1|f2_strong_t2|f4_dup_b|f6_suppressor|f7_weak|noise_0,110101101,6,-1.9811680274009704,0.0301400229638628,3.001438924857774,3.2509530369233715,-1.7299130192484216,0.2512550081525488
0,f1_strong_t1|f2_strong_t2|f4_dup_b|f6_suppressor|f8_bigcoef|noise_0,110101011,6,-1.7809194514274598,0.0301900299721675,3.201687500831285,3.443784277329364,-1.5379644333689753,0.2429550180584845
0,f1_strong_t1|f2_strong_t2|f4_dup_b|f7_weak|f8_bigcoef|noise_0,110100111,6,-3.357546641635895,0.0287511509539085,1.6250603106228505,1.742724141650854,-3.216225713950266,0.1413209276856286
0,f1_strong_t1|f2_strong_t2|f5_null|f6_suppressor|f7_weak|f8_bigcoef,110011110,6,-1.9829654480934145,0.0322348470545149,2.999641504165332,3.201048311700317,-1.765882390628082,0.2170830574653321
0,f1_strong_t1|f2_strong_t2|f5_null|f6_suppressor|f7_weak|noise_0,110011101,6,-2.2668809182167053,0.0322301002075527,2.71572603404204,2.9254598520555377,-2.0421168247219508,0.2247640934947545
0,f1_strong_t1|f2_strong_t2|f5_null|f6_suppressor|f8_bigcoef|noise_0,110011011,6,-2.058507366847992,0.0322645804119615,2.924099585410753,3.11829109246153,-1.8501682388425047,0.2083391280054873
0,f1_strong_t1|f2_strong_t2|f5_null|f7_weak|f8_bigcoef|noise_0,110010111,6,-3.65140523443222,0.0303711153083035,1.331201717826525,1.4172309567830204,-3.528429519423795,0.1229757150084251
0,f1_strong_t1|f2_strong_t2|f6_suppressor|f7_weak|f8_bigcoef|noise_0,110001111,6,-1.992978730583191,0.03202191809398,2.989628221675554,3.201048311700317,-1.765882390628082,0.2270963399551089
0,f1_strong_t1|f3_dup_a|f4_dup_b|f5_null|f6_suppressor|f7_weak,101111100,6,-2.751082271575928,0.0329075045025811,2.231524680682817,2.456431347877483,-2.543863855140388,0.2072184164355399
0,f1_strong_t1|f3_dup_a|f4_dup_b|f5_null|f6_suppressor|f8_bigcoef,101111010,6,-2.560922478866577,0.0326638767284306,2.421684473392168,2.6492625882834755,-2.351915269260941,0.2090072096056356
0,f1_strong_t1|f3_dup_a|f4_dup_b|f5_null|f6_suppressor|noise_0,101111001,6,-2.9012778186798096,0.0336824253119534,2.081329133578936,2.302688998003503,-2.688042878803397,0.2132349398764126
0,f1_strong_t1|f3_dup_a|f4_dup_b|f5_null|f7_weak|f8_bigcoef,101110110,6,-4.166191473770142,0.0320610865966328,0.8164154784886035,0.9482024526049658,-4.030176549842233,0.1360149239279087
0,f1_strong_t1|f3_dup_a|f4_dup_b|f5_null|f7_weak|noise_0,101110101,6,-4.440528290653229,0.0319682782371521,0.5420786616055162,0.6726139929601865,-4.306410983936101,0.1341173067171279
0,f1_strong_t1|f3_dup_a|f4_dup_b|f5_null|f8_bigcoef|noise_0,101110011,6,-4.251098233604431,0.0314641146617135,0.7315087186543145,0.8654452333661787,-4.114462398056656,0.136635835547775
0,f1_strong_t1|f3_dup_a|f4_dup_b|f6_suppressor|f7_weak|f8_bigcoef,101101110,6,-2.4806405683517454,0.0326215858004174,2.501966383907,2.732019807522262,-2.267629421046519,0.2130111473052265
0,f1_strong_t1|f3_dup_a|f4_dup_b|f6_suppressor|f7_weak|noise_0,101101101,6,-2.765772175693512,0.0330310498015617,2.216834776565233,2.456431347877483,-2.543863855140388,0.221908320553124
0,f1_strong_t1|f3_dup_a|f4_dup_b|f6_suppressor|f8_bigcoef|noise_0,101101011,6,-2.575245619392395,0.0324345932972198,2.4073613328663503,2.6492625882834755,-2.351915269260941,0.2233303501314534
0,f1_strong_t1|f3_dup_a|f4_dup_b|f7_weak|f8_bigcoef|noise_0,101100111,6,-4.170841361141205,0.0318788124456872,0.8117655911175401,0.9482024526049658,-4.030176549842233,0.1406648112989721
0,f1_strong_t1|f3_dup_a|f5_null|f6_suppressor|f7_weak|f8_bigcoef,101011110,6,-2.513985325717926,0.0313599932065569,2.4686216265408194,2.7218225403511003,-2.278256865155645,0.2357284605622807
0,f1_strong_t1|f3_dup_a|f5_null|f6_suppressor|f7_weak|noise_0,101011101,6,-2.7980531730651856,0.0318868957164062,2.18455377919356,2.446234080706321,-2.554491299249513,0.2435618738156724
0,f1_strong_t1|f3_dup_a|f5_null|f6_suppressor|f8_bigcoef|noise_0,101011011,6,-2.5892628420829773,0.0310543166950744,2.393344110175768,2.639065321112313,-2.362542713370068,0.2267201287129094
0,f1_strong_t1|f3_dup_a|f5_null|f7_weak|f8_bigcoef|noise_0,101010111,6,-4.166494718837738,0.0298574729687713,0.8161122334210074,0.938005185433804,-4.040803993951359,0.125690724886379
0,f1_strong_t1|f3_dup_a|f6_suppressor|f7_weak|f8_bigcoef|noise_0,101001111,6,-2.5165852347373963,0.0313268956561647,2.466021717521349,2.7218225403511003,-2.278256865155645,0.238328369581751
0,f1_strong_t1|f4_dup_b|f5_null|f6_suppressor|f7_weak|f8_bigcoef,100111110,6,-2.5281432956695555,0.0317262760993918,2.4544636565891897,2.7218225403511003,-2.2766126933964714,0.2515306022730841
0,f1_strong_t1|f4_dup_b|f5_null|f6_suppressor|f7_weak|noise_0,100111101,6,-2.794072803974152,0.0316311372062066,2.1885341482845937,2.446234080706321,-2.55284712749034,0.2412256764838116
0,f1_strong_t1|f4_dup_b|f5_null|f6_suppressor|f8_bigcoef|noise_0,100111011,6,-2.582850471782684,0.0312762391839001,2.399756480476061,2.639065321112313,-2.3608985416108945,0.2219519301717896
0,f1_strong_t1|f4_dup_b|f5_null|f7_weak|f8_bigcoef|noise_0,100110111,6,-4.170563406848907,0.0299930649641873,0.8120435454098383,0.938005185433804,-4.039159822192186,0.1314035846567209
0,f1_strong_t1|f4_dup_b|f6_suppressor|f7_weak|f8_bigcoef|noise_0,100101111,6,-2.5294968894958494,0.0313293533313824,2.453110062762896,2.7218225403511003,-2.2766126933964714,0.2528841960993779
0,f1_strong_t1|f5_null|f6_suppressor|f7_weak|f8_bigcoef|noise_0,100011111,6,-2.7999900040626526,0.0326367111076289,2.1826169481960926,2.3963293554832665,-2.588816498870001,0.2111735051926517
0,f2_strong_t2|f3_dup_a|f4_dup_b|f5_null|f6_suppressor|f7_weak,11111100,6,-3.785252355670929,0.030692531539425,1.1973545965878165,1.2941517581300257,-3.660209718092013,0.1250426375789159
0,f2_strong_t2|f3_dup_a|f4_dup_b|f5_null|f6_suppressor|f8_bigcoef,11111010,6,-3.6009252725601195,0.0306461114704741,1.3816816796986258,1.486982998536018,-3.468261132212568,0.1326641403475519
0,f2_strong_t2|f3_dup_a|f4_dup_b|f5_null|f6_suppressor|noise_0,11111001,6,-3.933863442325592,0.0311179383969707,1.0487435099331537,1.1404094082560454,-3.804388741755023,0.1294747005705692
0,f2_strong_t2|f3_dup_a|f4_dup_b|f5_null|f7_weak|f8_bigcoef,11110110,6,-3.4965148467063902,0.0302471575113926,1.486092105552355,1.5697402177748048,-3.3839752839981445,0.1125395627082457
0,f2_strong_t2|f3_dup_a|f4_dup_b|f5_null|f7_weak|noise_0,11110101,6,-3.7793896398544313,0.0297449609780647,1.203217312404314,1.2941517581300257,-3.660209718092013,0.1191799217624183
0,f2_strong_t2|f3_dup_a|f4_dup_b|f5_null|f8_bigcoef|noise_0,11110011,6,-3.5991901482582094,0.0299767557251838,1.383416804000536,1.486982998536018,-3.468261132212568,0.1309290160456417
0,f2_strong_t2|f3_dup_a|f4_dup_b|f6_suppressor|f7_weak|f8_bigcoef,11101110,6,-3.5098055813789366,0.0308698253602353,1.472801370879809,1.5697402177748048,-3.3839752839981445,0.1258302973807921
0,f2_strong_t2|f3_dup_a|f4_dup_b|f6_suppressor|f7_weak|noise_0,11101101,6,-3.790872818946839,0.0305071826236393,1.1917341333119067,1.2941517581300257,-3.660209718092013,0.1306631008548255
0,f2_strong_t2|f3_dup_a|f4_dup_b|f6_suppressor|f8_bigcoef|noise_0,11101011,6,-3.602201450252533,0.0304386084765373,1.3804055020062125,1.486982998536018,-3.468261132212568,0.1339403180399654
0,f2_strong_t2|f3_dup_a|f4_dup_b|f7_weak|f8_bigcoef|noise_0,11100111,6,-3.499380918121338,0.0300289946715727,1.4832260341374073,1.5697402177748048,-3.3839752839981445,0.1154056341231934
0,f2_strong_t2|f3_dup_a|f5_null|f6_suppressor|f7_weak|f8_bigcoef,11011110,6,-3.5277939120292663,0.029213418997009,1.454813040229479,1.5595429506036431,-3.394602728107272,0.133191183921995
0,f2_strong_t2|f3_dup_a|f5_null|f6_suppressor|f7_weak|noise_0,11011101,6,-3.799799852275848,0.0290384516784238,1.182807099982897,1.2839544909588645,-3.6708371622011393,0.1289626900747089
0,f2_strong_t2|f3_dup_a|f5_null|f6_suppressor|f8_bigcoef|noise_0,11011011,6,-3.617823500919342,0.028913786361588,1.3647834513394033,1.4767857313648562,-3.478888576321694,0.1389349245976481
0,f2_strong_t2|f3_dup_a|f5_null|f7_weak|f8_bigcoef|noise_0,11010111,6,-3.512058018684387,0.0282271104224515,1.4705489335743582,1.5595429506036431,-3.394602728107272,0.1174552905771157
0,f2_strong_t2|f3_dup_a|f6_suppressor|f7_weak|f8_bigcoef|noise_0,11001111,6,-3.522306024169922,0.0288869703722617,1.4603009280888233,1.5595429506036431,-3.394602728107272,0.1277032960626507
0,f2_strong_t2|f4_dup_b|f5_null|f6_suppressor|f7_weak|f8_bigcoef,10111110,6,-3.5219163610458373,0.0292432131071258,1.460690591212908,1.5595429506036431,-3.392958556348098,0.1289578046977393
0,f2_strong_t2|f4_dup_b|f5_null|f6_suppressor|f7_weak|noise_0,10111101,6,-3.789447616672516,0.0287602499216963,1.1931593355862296,1.2839544909588645,-3.669192990441967,0.1202546262305488
0,f2_strong_t2|f4_dup_b|f5_null|f6_suppressor|f8_bigcoef|noise_0,10111011,6,-3.608367567062378,0.0287473266792397,1.3742393851963677,1.4767857313648562,-3.4772444045625206,0.1311231624998572
0,f2_strong_t2|f4_dup_b|f5_null|f7_weak|f8_bigcoef|noise_0,10110111,6,-3.5084206214904787,0.0281206877905853,1.4741863307682666,1.5595429506036431,-3.392958556348098,0.1154620651423807
0,f2_strong_t2|f4_dup_b|f6_suppressor|f7_weak|f8_bigcoef|noise_0,10101111,6,-3.5216161993026733,0.0288382658283934,1.460990752956072,1.5595429506036431,-3.392958556348098,0.1286576429545753
0,f2_strong_t2|f5_null|f6_suppressor|f7_weak|f8_bigcoef|noise_0,10011111,6,-3.807445723628998,0.0304206116831903,1.1751612286297473,1.2340497657358096,-3.705162361821627,0.102283361807371
0,f3_dup_a|f4_dup_b|f5_null|f6_suppressor|f7_weak|f8_bigcoef,1111110,6,-4.32494840555191,0.0318027872030234,0.657658546706835,0.7650212615577549,-4.206909392240064,0.1180390133118463
0,f3_dup_a|f4_dup_b|f5_null|f6_suppressor|f7_weak|noise_0,1111101,6,-4.597507694244385,0.0316187287051423,0.3850992580143604,0.4894328019129755,-4.483143826333933,0.1143638679104519
0,f3_dup_a|f4_dup_b|f5_null|f6_suppressor|f8_bigcoef|noise_0,1111011,6,-4.410773639965058,0.0312285515990133,0.5718333122936876,0.682264042318968,-4.291195240454487,0.119578399510571
0,f3_dup_a|f4_dup_b|f5_null|f7_weak|f8_bigcoef|noise_0,1110111,6,-4.319689275360108,0.0309502804024377,0.6629176768986378,0.7650212615577549,-4.206909392240064,0.1127798831200435
0,f3_dup_a|f4_dup_b|f6_suppressor|f7_weak|f8_bigcoef|noise_0,1101111,6,-4.327670920372009,0.0315874463945017,0.6549360318867361,0.7650212615577549,-4.206909392240064,0.1207615281319451
0,f3_dup_a|f5_null|f6_suppressor|f7_weak|f8_bigcoef|noise_0,1011111,6,-4.330823473930359,0.0298994424994807,0.6517834783283867,0.7548239943865932,-4.21753683634919,0.1132866375811687
0,f4_dup_b|f5_null|f6_suppressor|f7_weak|f8_bigcoef|noise_0,111111,6,-4.330580904197693,0.029982889651065,0.6520260480610522,0.7548239943865932,-4.215892664590016,0.1146882396076769
0,f1_strong_t1|f2_strong_t2|f3_dup_a|f4_dup_b|f5_null|f6_suppressor|f7_weak,111111100,7,-1.9487215795516968,0.0322935354501303,3.0338853727070485,3.261150304094533,-1.7209297468984697,0.2277918326532271
0,f1_strong_t1|f2_strong_t2|f3_dup_a|f4_dup_b|f5_null|f6_suppressor|f8_bigcoef,111111010,7,-1.7493231246948242,0.0322286142560636,3.233283827563921,3.4539815445005253,-1.5289811610190234,0.2203419636758008
0,f1_strong_t1|f2_strong_t2|f3_dup_a|f4_dup_b|f5_null|f6_suppressor|noise_0,111111001,7,-2.076607068347931,0.0325635056394379,2.9059998839108143,3.1074079542205526,-1.8651087705614784,0.2114982977864525
0,f1_strong_t1|f2_strong_t2|f3_dup_a|f4_dup_b|f5_null|f7_weak|f8_bigcoef,111110110,7,-3.352388750553131,0.03109752266798,1.6302182017056142,1.752921408822016,-3.2072424416003145,0.1451463089528166
0,f1_strong_t1|f2_strong_t2|f3_dup_a|f4_dup_b|f5_null|f7_weak|noise_0,111110101,7,-3.632101945781708,0.0308881044415704,1.3505050064770376,1.477332949177237,-3.4834768756941825,0.1486250700875251
0,f1_strong_t1|f2_strong_t2|f3_dup_a|f4_dup_b|f5_null|f8_bigcoef|noise_0,111110011,7,-3.4452039120674134,0.0307379355584488,1.537403040191332,1.6701641895832289,-3.291528289814737,0.1536756222526762
0,f1_strong_t1|f2_strong_t2|f3_dup_a|f4_dup_b|f6_suppressor|f7_weak|f8_bigcoef,111101110,7,-1.6662065039634704,0.0321057675260844,3.316400448295275,3.5367387637393115,-1.4446953128046012,0.2215111911588692
0,f1_strong_t1|f2_strong_t2|f3_dup_a|f4_dup_b|f6_suppressor|f7_weak|noise_0,111101101,7,-1.9566343470573424,0.0320724037756574,3.0259726052014027,3.261150304094533,-1.7209297468984697,0.2357046001588729
0,f1_strong_t1|f2_strong_t2|f3_dup_a|f4_dup_b|f6_suppressor|f8_bigcoef|noise_0,111101011,7,-1.7551872799873351,0.031790846558279,3.2274196722714104,3.4539815445005253,-1.5289811610190234,0.2262061189683117
0,f1_strong_t1|f2_strong_t2|f3_dup_a|f4_dup_b|f7_weak|f8_bigcoef|noise_0,111100111,7,-3.354157328033448,0.0308980772222131,1.628449624225298,1.752921408822016,-3.2072424416003145,0.1469148864331328
0,f1_strong_t1|f2_strong_t2|f3_dup_a|f5_null|f6_suppressor|f7_weak|f8_bigcoef,111011110,7,-1.6982148960113526,0.030905767356205,3.284392056247393,3.52654149656815,-1.4553227569137268,0.2428921390976257
0,f1_strong_t1|f2_strong_t2|f3_dup_a|f5_null|f6_suppressor|f7_weak|noise_0,111011101,7,-1.9976480256080624,0.0311968520056084,2.984958926650682,3.2509530369233715,-1.7315571910075949,0.2660908346004678
0,f1_strong_t1|f2_strong_t2|f3_dup_a|f5_null|f6_suppressor|f8_bigcoef|noise_0,111011011,7,-1.7823179450988769,0.0307301259371547,3.2002890071598684,3.443784277329364,-1.539608605128149,0.2427093399707278
0,f1_strong_t1|f2_strong_t2|f3_dup_a|f5_null|f7_weak|f8_bigcoef|noise_0,111010111,7,-3.3602122754096984,0.0289310725974097,1.622394676849047,1.742724141650854,-3.21786988570944,0.1423423897002584
0,f1_strong_t1|f2_strong_t2|f3_dup_a|f6_suppressor|f7_weak|f8_bigcoef|noise_0,111001111,7,-1.714198470401764,0.030782629547827,3.2684084818569814,3.52654149656815,-1.455322756913727,0.2588757134880368
0,f1_strong_t1|f2_strong_t2|f4_dup_b|f5_null|f6_suppressor|f7_weak|f8_bigcoef,110111110,7,-1.7095612785339356,0.0308308221220251,3.27304567372481,3.52654149656815,-1.4536785851545533,0.2558826933793823
0,f1_strong_t1|f2_strong_t2|f4_dup_b|f5_null|f6_suppressor|f7_weak|noise_0,110111101,7,-1.9727872794151309,0.0304323976207822,3.009819672843615,3.2509530369233715,-1.7299130192484211,0.2428742601667095
0,f1_strong_t1|f2_strong_t2|f4_dup_b|f5_null|f6_suppressor|f8_bigcoef|noise_0,110111011,7,-1.764614858818054,0.0303731736317036,3.217992093440692,3.443784277329364,-1.5379644333689753,0.2266504254490788
0,f1_strong_t1|f2_strong_t2|f4_dup_b|f5_null|f7_weak|f8_bigcoef|noise_0,110110111,7,-3.364002824115753,0.0289190949611173,1.618604128142992,1.742724141650854,-3.216225713950266,0.147777110165487
0,f1_strong_t1|f2_strong_t2|f4_dup_b|f6_suppressor|f7_weak|f8_bigcoef|noise_0,110101111,7,-1.72029256734848,0.0304302777748625,3.2623143849102654,3.52654149656815,-1.4536785851545533,0.2666139821939268
0,f1_strong_t1|f2_strong_t2|f5_null|f6_suppressor|f7_weak|f8_bigcoef|noise_0,110011111,7,-1.992591568851471,0.0319506501894096,2.9900153834072745,3.201048311700317,-1.765882390628082,0.2267091782233889
0,f1_strong_t1|f3_dup_a|f4_dup_b|f5_null|f6_suppressor|f7_weak|f8_bigcoef,101111110,7,-2.481039616394043,0.0328325180258236,2.5015673358647024,2.732019807522262,-2.267629421046519,0.213410195347524
0,f1_strong_t1|f3_dup_a|f4_dup_b|f5_null|f6_suppressor|f7_weak|noise_0,101111101,7,-2.7659041689872743,0.0332449845972168,2.216702783271471,2.456431347877483,-2.543863855140388,0.2220403138468865
0,f1_strong_t1|f3_dup_a|f4_dup_b|f5_null|f6_suppressor|f8_bigcoef|noise_0,101111011,7,-2.560534310913086,0.0326323802287078,2.4220726413456592,2.6492625882834755,-2.351915269260941,0.2086190416521445
0,f1_strong_t1|f3_dup_a|f4_dup_b|f5_null|f7_weak|f8_bigcoef|noise_0,101110111,7,-4.176106732654572,0.0320187557279131,0.8065002196041737,0.9482024526049658,-4.030176549842233,0.1459301828123385
0,f1_strong_t1|f3_dup_a|f4_dup_b|f6_suppressor|f7_weak|f8_bigcoef|noise_0,101101111,7,-2.486226027584076,0.0326400434740331,2.496380924674669,2.732019807522262,-2.267629421046519,0.2185966065375568
0,f1_strong_t1|f3_dup_a|f5_null|f6_suppressor|f7_weak|f8_bigcoef|noise_0,101011111,7,-2.519488260936737,0.0312465609855199,2.463118691322008,2.7218225403511003,-2.278256865155645,0.2412313957810918
0,f1_strong_t1|f4_dup_b|f5_null|f6_suppressor|f7_weak|f8_bigcoef|noise_0,100111111,7,-2.5202713701248167,0.0313991171953299,2.462335582133929,2.7218225403511003,-2.2766126933964714,0.2436586767283453
0,f2_strong_t2|f3_dup_a|f4_dup_b|f5_null|f6_suppressor|f7_weak|f8_bigcoef,11111110,7,-3.514315139579773,0.0310669269776512,1.4682918126789724,1.5697402177748048,-3.3839752839981445,0.1303398555816284
0,f2_strong_t2|f3_dup_a|f4_dup_b|f5_null|f6_suppressor|f7_weak|noise_0,11111101,7,-3.7955227279663086,0.0307260587341713,1.1870842242924369,1.2941517581300257,-3.660209718092013,0.1353130098742956
0,f2_strong_t2|f3_dup_a|f4_dup_b|f5_null|f6_suppressor|f8_bigcoef|noise_0,11111011,7,-3.6110010917663575,0.0307496710387826,1.3716058604923878,1.486982998536018,-3.468261132212568,0.1427399595537899
0,f2_strong_t2|f3_dup_a|f4_dup_b|f5_null|f7_weak|f8_bigcoef|noise_0,11110111,7,-3.506734351348877,0.0301356076809992,1.4758726009098684,1.5697402177748048,-3.3839752839981445,0.1227590673507323
0,f2_strong_t2|f3_dup_a|f4_dup_b|f6_suppressor|f7_weak|f8_bigcoef|noise_0,11101111,7,-3.5165325756073,0.0307515399717241,1.4660743766514457,1.5697402177748048,-3.3839752839981445,0.1325572916091553
0,f2_strong_t2|f3_dup_a|f5_null|f6_suppressor|f7_weak|f8_bigcoef|noise_0,11011111,7,-3.52883158903122,0.0290465999024662,1.4537753632275257,1.5595429506036431,-3.394602728107272,0.1342288609239483
0,f2_strong_t2|f4_dup_b|f5_null|f6_suppressor|f7_weak|f8_bigcoef|noise_0,10111111,7,-3.524306588459015,0.0290060758426168,1.4583003637997305,1.5595429506036431,-3.392958556348098,0.131348032110917
0,f3_dup_a|f4_dup_b|f5_null|f6_suppressor|f7_weak|f8_bigcoef|noise_0,1111111,7,-4.332232971096039,0.0317723523840749,0.6503739811627067,0.7650212615577549,-4.206909392240064,0.1253235788559745
0,f1_strong_t1|f2_strong_t2|f3_dup_a|f4_dup_b|f5_null|f6_suppressor|f7_weak|f8_bigcoef,111111110,8,-1.67421265001297,0.0324412324598041,3.308394302245776,3.5367387637393115,-1.4446953128046012,0.2295173372083687
0,f1_strong_t1|f2_strong_t2|f3_dup_a|f4_dup_b|f5_null|f6_suppressor|f7_weak|noise_0,111111101,8,-1.954207271194458,0.0323655611180891,3.028399681064287,3.261150304094533,-1.7209297468984697,0.2332775242959883
0,f1_strong_t1|f2_strong_t2|f3_dup_a|f4_dup_b|f5_null|f6_suppressor|f8_bigcoef|noise_0,111111011,8,-1.7475769488334656,0.0320546396220464,3.23503000342528,3.4539815445005253,-1.5289811610190234,0.2185957878144422
0,f1_strong_t1|f2_strong_t2|f3_dup_a|f4_dup_b|f5_null|f7_weak|f8_bigcoef|noise_0,111110111,8,-3.3591118850708006,0.0310675073585753,1.623495067187945,1.752921408822016,-3.2072424416003145,0.1518694434704861
0,f1_strong_t1|f2_strong_t2|f3_dup_a|f4_dup_b|f6_suppressor|f7_weak|f8_bigcoef|noise_0,111101111,8,-1.6716224848747254,0.031908856027893,3.31098446738402,3.5367387637393115,-1.4446953128046012,0.2269271720701242
0,f1_strong_t1|f2_strong_t2|f3_dup_a|f5_null|f6_suppressor|f7_weak|f8_bigcoef|noise_0,111011111,8,-1.712345101737976,0.0307226828320509,3.270261850520769,3.52654149656815,-1.4553227569137268,0.2570223448242492
0,f1_strong_t1|f2_strong_t2|f4_dup_b|f5_null|f6_suppressor|f7_weak|f8_bigcoef|noise_0,110111111,8,-1.7045472016334533,0.0304237478928517,3.278059750625292,3.52654149656815,-1.4536785851545533,0.2508686164789
0,f1_strong_t1|f3_dup_a|f4_dup_b|f5_null|f6_suppressor|f7_weak|f8_bigcoef|noise_0,101111111,8,-2.486863999938965,0.0327485550931962,2.4957429523197803,2.732019807522262,-2.267629421046519,0.2192345788924461
0,f2_strong_t2|f3_dup_a|f4_dup_b|f5_null|f6_suppressor|f7_weak|f8_bigcoef|noise_0,11111111,8,-3.5226486046791075,0.0309414838179635,1.4599583475796378,1.5697402177748048,-3.3839752839981445,0.1386733206809629
0,f1_strong_t1|f2_strong_t2|f3_dup_a|f4_dup_b|f5_null|f6_suppressor|f7_weak|f8_bigcoef|noise_0,111111111,9,-1.6739969848632812,0.0321704327968542,3.308609967395464,3.5367387637393115,-1.4446953128046012,0.22930167205868
1,none,0,0,-4.972142961215973,0.0292417986305093,0.0104639910427719,0.0,-4.948509927820423,0.0236330333955505
1,f1_strong_t1,100000000,1,-4.82154091911316,0.0306229672903507,0.1610660331455857,0.1831811910472108,-4.771777085422592,0.0497638336905676
1,f2_strong_t2,10000000,1,-4.17666516532898,0.0303428596685919,0.8059417869297656,0.8047189562170504,-4.125575819578504,0.0510893457504755
1,f3_dup_a,1000000,1,-4.684229212665558,0.027720044601576,0.298377739593187,0.3254931848678336,-4.637950294106068,0.0462789185594907
1,f4_dup_b,100000,1,-4.686528473949433,0.0275203805983118,0.2960784783093126,0.3254931848678336,-4.636306122346894,0.0502223516025388
1,f5_null,10000,1,-4.980377502441407,0.0295633154703608,0.0022294498173387,0.0,-4.948509927820423,0.0318675746209837
1,f6_suppressor,1000,1,-4.997061298084259,0.0301442777565176,-0.0144543458255137,0.0,-4.948509927820423,0.0485513702638362
1,f7_weak,100,1,-4.839750143146515,0.0296840759906945,0.1428568091122306,0.1537423498739802,-4.804330904157414,0.0354192389891006
1,f8_bigcoef,10,1,-4.652508219337463,0.0293806479215761,0.3300987329212823,0.3465735902799726,-4.612382318277969,0.0401259010594943
1,noise_0,1,1,-4.979042582893372,0.0295255433518495,0.0035643693653737,0.0,-4.948509927820423,0.0305326550729487
1,f1_strong_t1|f2_strong_t2,110000000,2,-4.021147467899323,0.0315734135580204,0.9614594843594224,0.9879001472642612,-3.948842977180674,0.0723044907186487
1,f1_strong_t1|f3_dup_a,101000000,2,-4.522650101089478,0.0288098548135155,0.4599568511692675,0.5086743759150446,-4.4612174517082375,0.0614326493812402
1,f1_strong_t1|f4_dup_b,100100000,2,-4.528349795627594,0.0286770248285405,0.4542571566311508,0.5086743759150446,-4.459573279949064,0.0687765156785307
1,f1_strong_t1|f5_null,100010000,2,-4.83506526145935,0.0313098446800146,0.1475416907993949,0.1831811910472108,-4.771777085422592,0.0632881760367585
1,f1_strong_t1|f6_suppressor,100001000,2,-3.1656990840911865,0.0330827427494997,1.8169078681675588,1.9669985459645072,-3.009229956626878,0.1564691274643084
1,f1_strong_t1|f7_weak,100000100,2,-4.688085726451874,0.0309515697515618,0.2945212258068714,0.3369235409211911,-4.627598061759583,0.0604876646922907
1,f1_strong_t1|f8_bigcoef,100000010,2,-4.497896110057831,0.0303707398024784,0.4847108422009141,0.5297547813271836,-4.435649475880138,0.0622466341776934
1,f1_strong_t1|noise_0,100000001,2,-4.835839505958557,0.0313729600365676,0.1467674463001884,0.1831811910472108,-4.771777085422592,0.064062420535965
1,f2_strong_t2|f3_dup_a,11000000,2,-3.8840356149673454,0.0287143924009299,1.098571337291399,1.130212141084884,-3.815016185864149,0.0690194291031978
1,f2_strong_t2|f4_dup_b,10100000,2,-3.88678938703537,0.0280892698583707,1.0958175652233757,1.130212141084884,-3.813372014104975,0.0734173729303946
1,f2_strong_t2|f5_null,10010000,2,-4.187072359752655,0.0308082370180422,0.7955345925060904,0.8047189562170504,-4.125575819578504,0.0614965401741507
1,f2_strong_t2|f6_suppressor,10001000,2,-4.189352192020416,0.0309389717068185,0.7932547602383293,0.8047189562170504,-4.125575819578504,0.0637763724419118
1,f2_strong_t2|f7_weak,10000100,2,-4.046820127868652,0.0305421771220914,0.9357868243900932,0.9584613060910306,-3.981396795915495,0.0654233319531569
1,f2_strong_t2|f8_bigcoef,10000010,2,-3.8576367929458617,0.030371045139681,1.1249701593128836,1.151292546497023,-3.7894482100360496,0.0681885829098121
1,f2_strong_t2|noise_0,10000001,2,-4.181688378238678,0.0303782128456748,0.8009185740200673,0.8047189562170504,-4.125575819578504,0.0561125586601738
1,f3_dup_a|f4_dup_b,1100000,2,-4.675809873867035,0.0293672169699032,0.3067970783917104,0.3356904520389953,-4.627322849996943,0.0484870238700922
1,f3_dup_a|f5_null,1010000,2,-4.689984214115142,0.028027049392591,0.2926227381436028,0.3254931848678336,-4.637950294106068,0.0520339200090749
1,f3_dup_a|f6_suppressor,1001000,2,-4.693389390182495,0.0284694372821807,0.2892175620762502,0.3254931848678336,-4.637950294106068,0.0554390960764274
1,f3_dup_a|f7_weak,1000100,2,-4.548217528438568,0.0280541996913321,0.4343894238201775,0.4792355347418139,-4.493771270443058,0.0544462579955098
1,f3_dup_a|f8_bigcoef,1000010,2,-4.356556456661225,0.027487700201844,0.6260504955975206,0.6720667751478063,-4.3018226845636125,0.0547337720976122
1,f3_dup_a|noise_0,1000001,2,-4.691880927276611,0.0279825557679793,0.2907260249821339,0.3254931848678336,-4.637950294106068,0.0539306331705438
1,f4_dup_b|f5_null,110000,2,-4.694623056602478,0.0279542311853875,0.287983895656267,0.3254931848678336,-4.636306122346894,0.0583169342555844
1,f4_dup_b|f6_suppressor,101000,2,-4.702467383956909,0.0282443200227105,0.2801395683018359,0.3254931848678336,-4.636306122346894,0.0661612616100155
1,f4_dup_b|f7_weak,100100,2,-4.549854627895355,0.0277026367206171,0.4327523243633902,0.4792355347418139,-4.492127098683885,0.05772752921147
1,f4_dup_b|f8_bigcoef,100010,2,-4.359966233348846,0.0277220084139432,0.6226407189098992,0.6720667751478063,-4.300178512804439,0.0597877205444072
1,f4_dup_b|noise_0,100001,2,-4.693727520561218,0.0278328906774052,0.2888794316975271,0.3254931848678336,-4.636306122346894,0.0574213982143243
1,f5_null|f6_suppressor,11000,2,-5.001522822189331,0.0304484135391659,-0.018915869930586,0.0,-4.948509927820423,0.0530128943689085
1,f5_null|f7_weak,10100,2,-4.847606157875061,0.0298793192335418,0.1350007943836839,0.1537423498739802,-4.804330904157414,0.0432752537176472
1,f5_null|f8_bigcoef,10010,2,-4.6623823379516605,0.0297619421082642,0.3202246143070848,0.3465735902799726,-4.612382318277969,0.0500000196736918
1,f5_null|noise_0,10001,2,-4.991537993812561,0.0300120380716384,-0.0089310415538159,0.0,-4.948509927820423,0.0430280659921384
1,f6_suppressor|f7_weak,1100,2,-4.861274991130829,0.030726123649659,0.1213319611279164,0.1537423498739802,-4.804330904157414,0.0569440869734148
1,f6_suppressor|f8_bigcoef,1010,2,-4.672942719745636,0.0302318159512461,0.3096642325131089,0.3465735902799726,-4.612382318277969,0.0605604014676677
1,f6_suppressor|noise_0,1001,2,-5.000726729488373,0.0305476210297475,-0.0181197772296277,0.0,-4.948509927820423,0.0522168016679502
1,f7_weak|f8_bigcoef,110,2,-4.577219962596893,0.0302260265326482,0.405386989661852,0.4293308095187594,-4.528096470063545,0.0491234925333481
1,f7_weak|noise_0,101,2,-4.842109002113342,0.0297635226994219,0.1404979501454031,0.1537423498739802,-4.804330904157414,0.0377780979559281
1,f8_bigcoef|noise_0,11,2,-4.659057828712464,0.0296513996293864,0.3235491235462815,0.3465735902799726,-4.612382318277969,0.0466755104344951
1,f1_strong_t1|f2_strong_t2|f3_dup_a,111000000,3,-3.7200431171417234,0.029887720637181,1.262563835117022,1.3133933321320947,-3.6382833434663175,0.0817597736754058
1,f1_strong_t1|f2_strong_t2|f4_dup_b,110100000,3,-3.721344629955292,0.0293210613390271,1.2612623223034536,1.3133933321320947,-3.636639171707144,0.0847054582481474
1,f1_strong_t1|f2_strong_t2|f5_null,110010000,3,-4.03215653142929,0.0321266234027058,0.9504504208294547,0.9879001472642612,-3.948842977180674,0.0833135542486163
1,f1_strong_t1|f2_strong_t2|f6_suppressor,110001000,3,-2.3669403120040893,0.0342785666145217,2.615666640254656,2.771717502181557,-2.1862958483849595,0.1806444636191297
1,f1_strong_t1|f2_strong_t2|f7_weak,110000100,3,-3.8943268232345583,0.0318050438770165,1.088280129024187,1.1416424971382413,-3.804663953517664,0.0896628697168941
1,f1_strong_t1|f2_strong_t2|f8_bigcoef,110000010,3,-3.698643169593811,0.0312392082431227,1.2839637826649342,1.3344737375442337,-3.6127153676382178,0.0859278019555933
1,f1_strong_t1|f2_strong_t2|noise_0,110000001,3,-4.026233048534393,0.0317229636765634,0.9563739037243524,0.9879001472642612,-3.948842977180674,0.0773900713537187
1,f1_strong_t1|f3_dup_a|f4_dup_b,101100000,3,-4.516279045677185,0.0304067929481009,0.4663279065815606,0.5188716430862063,-4.45059000759911,0.0656890380780748
1,f1_strong_t1|f3_dup_a|f5_null,101010000,3,-4.52840613899231,0.0292177287335476,0.4542008132664357,0.5086743759150446,-4.4612174517082375,0.0671886872840721
1,f1_strong_t1|f3_dup_a|f6_suppressor,101001000,3,-2.857444987487793,0.0309809713555439,2.1251619647709523,2.292491730832341,-2.6986703229125224,0.1587746645752705
1,f1_strong_t1|f3_dup_a|f7_weak,101000100,3,-4.387577370643616,0.0291423780417338,0.5950295816151296,0.6624167257890249,-4.317038428045227,0.0705389425983886
1,f1_strong_t1|f3_dup_a|f8_bigcoef,101000010,3,-4.192867978668213,0.0281809501165137,0.7897389735905325,0.8552479661950173,-4.125089842165781,0.0677781365024321
1,f1_strong_t1|f3_dup_a|noise_0,101000001,3,-4.537701606559754,0.029480372764438,0.4449053456989915,0.5086743759150446,-4.4612174517082375,0.0764841548515162
1,f1_strong_t1|f4_dup_b|f5_null,100110000,3,-4.533094852828979,0.0291513571238898,0.4495120994297661,0.5086743759150446,-4.459573279949064,0.0735215728799154
1,f1_strong_t1|f4_dup_b|f6_suppressor,100101000,3,-2.8696110716819763,0.0309956958063083,2.112995880576769,2.292491730832341,-2.697026151153349,0.1725849205286271
1,f1_strong_t1|f4_dup_b|f7_weak,100100100,3,-4.391216212558747,0.0288664535798045,0.5913907396999987,0.6624167257890249,-4.315394256286054,0.0758219562726925
1,f1_strong_t1|f4_dup_b|f8_bigcoef,100100010,3,-4.197375198459625,0.0283979731163769,0.7852317537991205,0.8552479661950173,-4.123445670406608,0.073929528053017
1,f1_strong_t1|f4_dup_b|noise_0,100100001,3,-4.542165631484985,0.0294539218424349,0.4404413207737603,0.5086743759150446,-4.459573279949064,0.0825923515359212
1,f1_strong_t1|f5_null|f6_suppressor,100011000,3,-3.1977259818077086,0.0340119212019504,1.7848809704510369,1.9669985459645072,-3.009229956626878,0.1884960251808305
1,f1_strong_t1|f5_null|f7_weak,100010100,3,-4.700213212776184,0.0314767839898123,0.2823937394825613,0.3369235409211911,-4.627598061759583,0.0726151510166008
1,f1_strong_t1|f5_null|f8_bigcoef,100010010,3,-4.508735636997223,0.0309029613177635,0.4738713152615226,0.5297547813271836,-4.435649475880138,0.0730861611170849
1,f1_strong_t1|f5_null|noise_0,100010001,3,-4.852239239025116,0.0320974292788611,0.1303677132336291,0.1831811910472108,-4.771777085422592,0.0804621536025242
1,f1_strong_t1|f6_suppressor|f7_weak,100001100,3,-3.027579210472107,0.0332608151294967,1.9550277417866384,2.1207408958384875,-2.865050932963869,0.1625282775082381
1,f1_strong_t1|f6_suppressor|f8_bigcoef,100001010,3,-2.836861465835572,0.0331403532876377,2.145745486423174,2.3135721362444794,-2.6731023470844235,0.1637591187511478
1,f1_strong_t1|f6_suppressor|noise_0,100001001,3,-3.1713482608795167,0.0342664629697862,1.8112586913792288,1.9669985459645072,-3.009229956626878,0.1621183042526386
1,f1_strong_t1|f7_weak|f8_bigcoef,100000110,3,-4.423796907711029,0.0312698620300599,0.558810044547716,0.6125120005659704,-4.351363627665714,0.0724332800453151
1,f1_strong_t1|f7_weak|noise_0,100000101,3,-4.696438587379456,0.0314827228625312,0.2861683648792894,0.3369235409211911,-4.627598061759583,0.0688405256198727
1,f1_strong_t1|f8_bigcoef|noise_0,100000011,3,-4.504792399215698,0.0306505375219967,0.4778145530430473,0.5297547813271836,-4.435649475880138,0.0691429233355602
1,f2_strong_t2|f3_dup_a|f4_dup_b,11100000,3,-3.878002408027649,0.0299502733038101,1.1046045442310963,1.1404094082560454,-3.804388741755023,0.0736136662726263
1,f2_strong_t2|f3_dup_a|f5_null,11010000,3,-3.89237142534256,0.02919449624952,1.0902355269161856,1.130212141084884,-3.815016185864149,0.0773552394784111
1,f2_strong_t2|f3_dup_a|f6_suppressor,11001000,3,-3.885933539772034,0.0292405768207929,1.0966734124867117,1.130212141084884,-3.815016185864149,0.0709173539078853
1,f2_strong_t2|f3_dup_a|f7_weak,11000100,3,-3.752580347347259,0.0289492544163059,1.230026604911486,1.2839544909588645,-3.6708371622011393,0.0817431851461201
1,f2_strong_t2|f3_dup_a|f8_bigcoef,11000010,3,-3.563680440616608,0.0285444193636374,1.4189265116421377,1.4767857313648562,-3.478888576321694,0.0847918642949139
1,f2_strong_t2|f3_dup_a|noise_0,11000001,3,-3.89435679807663,0.0288089589644565,1.0882501541821157,1.130212141084884,-3.815016185864149,0.0793406122124813
1,f2_strong_t2|f4_dup_b|f5_null,10110000,3,-3.896677132987976,0.0286911402162033,1.0859298192707691,1.130212141084884,-3.813372014104975,0.0833051188830009
1,f2_strong_t2|f4_dup_b|f6_suppressor,10101000,3,-3.893585690307617,0.0286420906228351,1.089021261951128,1.130212141084884,-3.813372014104975,0.0802136762026419
1,f2_strong_t2|f4_dup_b|f7_weak,10100100,3,-3.751564042472839,0.0282625263544131,1.231042909785906,1.2839544909588645,-3.669192990441967,0.0823710520308722
1,f2_strong_t2|f4_dup_b|f8_bigcoef,10100010,3,-3.561323686981201,0.0282931063898987,1.4212832652775442,1.4767857313648562,-3.4772444045625206,0.0840792824186804
1,f2_strong_t2|f4_dup_b|noise_0,10100001,3,-3.895262661743164,0.0282756097646028,1.0873442905155812,1.130212141084884,-3.813372014104975,0.0818906476381888
1,f2_strong_t2|f5_null|f6_suppressor,10011000,3,-4.195702170467377,0.0313941241213844,0.7869047817913684,0.8047189562170504,-4.125575819578504,0.0701263508888727
1,f2_strong_t2|f5_null|f7_weak,10010100,3,-4.055060538864136,0.0308633732683167,0.9275464133946096,0.9584613060910306,-3.981396795915495,0.0736637429486406
1,f2_strong_t2|f5_null|f8_bigcoef,10010010,3,-3.8695072176933287,0.0307621003368254,1.1130997345654166,1.151292546497023,-3.7894482100360496,0.0800590076572791
1,f2_strong_t2|f5_null|noise_0,10010001,3,-4.190985821723938,0.0308302778334064,0.7916211305348071,0.8047189562170504,-4.125575819578504,0.065410002145434
1,f2_strong_t2|f6_suppressor|f7_weak,10001100,3,-4.060001355075836,0.0313851214651074,0.9226055971829092,0.9584613060910306,-3.981396795915495,0.078604559160341
1,f2_strong_t2|f6_suppressor|f8_bigcoef,10001010,3,-3.870978304004669,0.0310655799715327,1.1116286482540765,1.151292546497023,-3.7894482100360496,0.0815300939686194
1,f2_strong_t2|f6_suppressor|noise_0,10001001,3,-4.193292179775238,0.0310514300512334,0.7893147724835075,0.8047189562170504,-4.125575819578504,0.0677163601967336
1,f2_strong_t2|f7_weak|f8_bigcoef,10000110,3,-3.7867880767822255,0.0311927108190417,1.1958188754765189,1.2340497657358096,-3.705162361821627,0.0816257149605994
1,f2_strong_t2|f7_weak|noise_0,10000101,3,-4.04526491098404,0.0305085361418373,0.9373420412747056,0.9584613060910306,-3.981396795915495,0.0638681150685447
1,f2_strong_t2|f8_bigcoef|noise_0,10000011,3,-3.8629171367645263,0.0304835769548741,1.119689815494219,1.151292546497023,-3.7894482100360496,0.0734689267284767
1,f3_dup_a|f4_dup_b|f5_null,1110000,3,-4.681488164615631,0.0297148397962819,0.301118787643114,0.3356904520389953,-4.627322849996943,0.0541653146186886
1,f3_dup_a|f4_dup_b|f6_suppressor,1101000,3,-4.6903454911232,0.0301179386890212,0.2922614611355456,0.3356904520389953,-4.627322849996943,0.0630226411262571
1,f3_dup_a|f4_dup_b|f7_weak,1100100,3,-4.54021879196167,0.029598687529881,0.4423881602970754,0.4894328019129755,-4.483143826333933,0.0570749656277369
1,f3_dup_a|f4_dup_b|f8_bigcoef,1100010,3,-4.34697983531952,0.029377783276819,0.6356271169392258,0.682264042318968,-4.291195240454487,0.0557845948650328
1,f3_dup_a|f4_dup_b|noise_0,1100001,3,-4.682660069084167,0.0296920675238575,0.2999468831745782,0.3356904520389953,-4.627322849996943,0.0553372190872245
1,f3_dup_a|f5_null|f6_suppressor,1011000,3,-4.6971657766342165,0.0287202222262218,0.2854411756245287,0.3254931848678336,-4.637950294106068,0.059215482528149
1,f3_dup_a|f5_null|f7_weak,1010100,3,-4.555749899673462,0.028283005798074,0.4268570525852837,0.4792355347418139,-4.493771270443058,0.0619786292304036
1,f3_dup_a|f5_null|f8_bigcoef,1010010,3,-4.364514156627655,0.0277874118062526,0.6180927956310907,0.6720667751478063,-4.3018226845636125,0.0626914720640421
1,f3_dup_a|f5_null|noise_0,1010001,3,-4.699802319335937,0.0284402314068517,0.282804632922808,0.3254931848678336,-4.637950294106068,0.0618520252298697
1,f3_dup_a|f6_suppressor|f7_weak,1001100,3,-4.555612062835693,0.0289412767533548,0.4269948894230522,0.4792355347418139,-4.493771270443058,0.0618407923926351
1,f3_dup_a|f6_suppressor|f8_bigcoef,1001010,3,-4.366642943191528,0.0282619067163064,0.6159640090672172,0.6720667751478063,-4.3018226845636125,0.0648202586279156
1,f3_dup_a|f6_suppressor|noise_0,1001001,3,-4.701187090682984,0.0289002938628204,0.2814198615757615,0.3254931848678336,-4.637950294106068,0.0632367965769162
1,f3_dup_a|f7_weak|f8_bigcoef,1000110,3,-4.279115275669098,0.0284631905862925,0.7034916765896471,0.7548239943865932,-4.21753683634919,0.0615784393199083
1,f3_dup_a|f7_weak|noise_0,1000101,3,-4.554448241615296,0.0281659673599107,0.4281587106434497,0.4792355347418139,-4.493771270443058,0.0606769711722376
1,f3_dup_a|f8_bigcoef|noise_0,1000011,3,-4.363781251430511,0.0277454129711052,0.6188257008282338,0.6720667751478063,-4.3018226845636125,0.0619585668668989
1,f4_dup_b|f5_null|f6_suppressor,111000,3,-4.708244427680969,0.0285979256657208,0.2743625245777759,0.3254931848678336,-4.636306122346894,0.0719383053340756
1,f4_dup_b|f5_null|f7_weak,110100,3,-4.56014559841156,0.0281440496912993,0.4224613538471855,0.4792355347418139,-4.492127098683885,0.0680184997276747
1,f4_dup_b|f5_null|f8_bigcoef,110010,3,-4.370213615512848,0.0280750045909506,0.6123933367458978,0.6720667751478063,-4.300178512804439,0.0700351027084087
1,f4_dup_b|f5_null|noise_0,110001,3,-4.702826081752777,0.0283762266244839,0.2797808705059683,0.3254931848678336,-4.636306122346894,0.0665199594058831
1,f4_dup_b|f6_suppressor|f7_weak,101100,3,-4.561907298469543,0.0286716377602992,0.4206996537892022,0.4792355347418139,-4.492127098683885,0.0697801997856579
1,f4_dup_b|f6_suppressor|f8_bigcoef,101010,3,-4.367322324466706,0.028406886973887,0.6152846277920396,0.6720667751478063,-4.300178512804439,0.0671438116622669
1,f4_dup_b|f6_suppressor|noise_0,101001,3,-4.710734150123596,0.0288132530281328,0.2718728021351495,0.3254931848678336,-4.636306122346894,0.0744280277767019
1,f4_dup_b|f7_weak|f8_bigcoef,100110,3,-4.280578792095184,0.0285073415127639,0.702028160163561,0.7548239943865932,-4.215892664590016,0.0646861275051682
1,f4_dup_b|f7_weak|noise_0,100101,3,-4.5551103764534,0.0279976231858888,0.4274965758053453,0.4792355347418139,-4.492127098683885,0.0629832777695149
1,f4_dup_b|f8_bigcoef|noise_0,100011,3,-4.368340802669525,0.0280519160180617,0.6142661495892199,0.6720667751478063,-4.300178512804439,0.0681622898650866
1,f5_null|f6_suppressor|f7_weak,11100,3,-4.868497270774841,0.0309145113863359,0.1141096814839039,0.1537423498739802,-4.804330904157414,0.0641663666174272
1,f5_null|f6_suppressor|f8_bigcoef,11010,3,-4.681898228359223,0.0305924696561617,0.3007087238995227,0.3465735902799726,-4.612382318277969,0.0695159100812539
1,f5_null|f6_suppressor|noise_0,11001,3,-5.010895815944672,0.0309996206707945,-0.0282888636859262,0.0,-4.948509927820423,0.0623858881242487
1,f5_null|f7_weak|f8_bigcoef,10110,3,-4.583592706775665,0.0304743347529161,0.3990142454830803,0.4293308095187594,-4.528096470063545,0.0554962367121198
1,f5_null|f7_weak|noise_0,10101,3,-4.855285086727142,0.0302473520570745,0.127321865531603,0.1537423498739802,-4.804330904157414,0.0509541825697281
1,f5_null|f8_bigcoef|noise_0,10011,3,-4.67169279127121,0.0300926914961777,0.3109141609875356,0.3465735902799726,-4.612382318277969,0.0593104729932409
1,f6_suppressor|f7_weak|f8_bigcoef,1110,3,-4.594118741226196,0.0311875047759126,0.3884882110325494,0.4293308095187594,-4.528096470063545,0.0660222711626508
1,f6_suppressor|f7_weak|noise_0,1101,3,-4.8631970038414005,0.0308785495874807,0.1194099484173447,0.1537423498739802,-4.804330904157414,0.0588660996839864
1,f6_suppressor|f8_bigcoef|noise_0,1011,3,-4.67562610912323,0.0305111218240407,0.3069808431355154,0.3465735902799726,-4.612382318277969,0.0632437908452612
1,f7_weak|f8_bigcoef|noise_0,111,3,-4.580474538516999,0.0304453808832742,0.4021324137417466,0.4293308095187594,-4.528096470063545,0.0523780684534536
1,f1_strong_t1|f2_strong_t2|f3_dup_a|f4_dup_b,111100000,4,-3.715383508968353,0.0312214675825411,1.267223443290392,1.3235905993032566,-3.627655899357192,0.0877276096111616
1,f1_strong_t1|f2_strong_t2|f3_dup_a|f5_null,111010000,4,-3.728921733951569,0.0303854874219051,1.2536852183071767,1.3133933321320947,-3.6382833434663175,0.090638390485251
1,f1_strong_t1|f2_strong_t2|f3_dup_a|f6_suppressor,111001000,4,-2.0664009342193603,0.0324394485148884,2.916206018039385,3.097210687049391,-1.875736214670604,0.1906647195487563
1,f1_strong_t1|f2_strong_t2|f3_dup_a|f7_weak,111000100,4,-3.5919110455513,0.0301067355131129,1.3906959067074451,1.467135682006075,-3.4941043198033093,0.0978067257479908
1,f1_strong_t1|f2_strong_t2|f3_dup_a|f8_bigcoef,111000010,4,-3.397601394176484,0.0293090726857774,1.585005558082262,1.6599669224120674,-3.302155733923863,0.0954456602526203
1,f1_strong_t1|f2_strong_t2|f3_dup_a|noise_0,111000001,4,-3.729761760520935,0.0300761722698197,1.2528451917378105,1.3133933321320947,-3.6382833434663175,0.0914784170546174
1,f1_strong_t1|f2_strong_t2|f4_dup_b|f5_null,110110000,4,-3.7293771941185,0.0299334864363294,1.2532297581402454,1.3133933321320947,-3.636639171707144,0.0927380224113556
1,f1_strong_t1|f2_strong_t2|f4_dup_b|f6_suppressor,110101000,4,-2.0836378534317017,0.0319719875461859,2.898969098827044,3.097210687049391,-1.8740920429114305,0.2095458105202714
1,f1_strong_t1|f2_strong_t2|f4_dup_b|f7_weak,110100100,4,-3.5892253818511963,0.0295333807231942,1.393381570407549,1.467135682006075,-3.492460148044135,0.0967652338070612
1,f1_strong_t1|f2_strong_t2|f4_dup_b|f8_bigcoef,110100010,4,-3.3973159406661986,0.0291535311212919,1.5852910115925467,1.6599669224120674,-3.3005115621646897,0.0968043785015089
1,f1_strong_t1|f2_strong_t2|f4_dup_b|noise_0,110100001,4,-3.729590988063812,0.0295751812953589,1.2530159641949332,1.3133933321320947,-3.636639171707144,0.0929518163566678
1,f1_strong_t1|f2_strong_t2|f5_null|f6_suppressor,110011000,4,-2.3972574900627137,0.035125907564405,2.585349462196032,2.771717502181557,-2.1862958483849595,0.2109616416777542
1,f1_strong_t1|f2_strong_t2|f5_null|f7_weak,110010100,4,-3.901904387092592,0.0321447239227534,1.0807025651661548,1.1416424971382413,-3.804663953517664,0.0972404335749264
1,f1_strong_t1|f2_strong_t2|f5_null|f8_bigcoef,110010010,4,-3.707844009780884,0.0317070656477814,1.2747629424778617,1.3344737375442337,-3.6127153676382178,0.095128642142666
1,f1_strong_t1|f2_strong_t2|f5_null|noise_0,110010001,4,-4.038537629318237,0.0323133432606931,0.944069322940508,0.9879001472642612,-3.948842977180674,0.0896946521375632
1,f1_strong_t1|f2_strong_t2|f6_suppressor|f7_weak,110001100,4,-2.237566369056702,0.0346183996424073,2.7450405832020435,2.9254598520555377,-2.0421168247219508,0.195449544334751
1,f1_strong_t1|f2_strong_t2|f6_suppressor|f8_bigcoef,110001010,4,-2.042101673030853,0.0345168535703557,2.940505279227892,3.11829109246153,-1.8501682388425047,0.1919334341883487
1,f1_strong_t1|f2_strong_t2|f6_suppressor|noise_0,110001001,4,-2.369850593662262,0.0348172200549341,2.612756358596484,2.771717502181557,-2.1862958483849595,0.1835547452773025
1,f1_strong_t1|f2_strong_t2|f7_weak|f8_bigcoef,110000110,4,-3.6315081475257873,0.0321366199807084,1.351098804732958,1.4172309567830204,-3.528429519423795,0.1030786281019922
1,f1_strong_t1|f2_strong_t2|f7_weak|noise_0,110000101,4,-3.8948225108146666,0.0318696034690718,1.0877844414440787,1.1416424971382413,-3.804663953517664,0.0901585572970025
1,f1_strong_t1|f2_strong_t2|f8_bigcoef|noise_0,110000011,4,-3.7032089635849,0.0313267765421373,1.2793979886738454,1.3344737375442337,-3.6127153676382178,0.0904935959466821
1,f1_strong_t1|f3_dup_a|f4_dup_b|f5_null,101110000,4,-4.523257149791718,0.0307893943414164,0.4593498024670275,0.5188716430862063,-4.450590007599112,0.0726671421926061
1,f1_strong_t1|f3_dup_a|f4_dup_b|f6_suppressor,101101000,4,-2.858179749107361,0.0325624312754786,2.1244272031513844,2.302688998003503,-2.688042878803397,0.1701368703039638
1,f1_strong_t1|f3_dup_a|f4_dup_b|f7_weak,101100100,4,-4.38288759727478,0.0307483016687096,0.5997193549839652,0.6726139929601865,-4.306410983936101,0.0764766133386789
1,f1_strong_t1|f3_dup_a|f4_dup_b|f8_bigcoef,101100010,4,-4.184602988147736,0.0300158659216533,0.7980039641110093,0.8654452333661787,-4.114462398056656,0.0701405900910803
1,f1_strong_t1|f3_dup_a|f4_dup_b|noise_0,101100001,4,-4.529225457763672,0.0310019398237707,0.4533814944950736,0.5188716430862063,-4.45059000759911,0.0786354501645618
1,f1_strong_t1|f3_dup_a|f5_null|f6_suppressor,101011000,4,-2.8791037205696104,0.0317663050130939,2.103503231689135,2.292491730832341,-2.6986703229125224,0.180433397657088
1,f1_strong_t1|f3_dup_a|f5_null|f7_weak,101010100,4,-4.39632622127533,0.0295441812058674,0.5862807309834155,0.6624167257890249,-4.317038428045227,0.0792877932301028
1,f1_strong_t1|f3_dup_a|f5_null|f8_bigcoef,101010010,4,-4.198740690422058,0.028533861203903,0.7838662618366872,0.8552479661950173,-4.125089842165781,0.0736508482562774
1,f1_strong_t1|f3_dup_a|f5_null|noise_0,101010001,4,-4.545378842449188,0.029917736651628,0.4372281098095572,0.5086743759150446,-4.4612174517082375,0.0841613907409506
1,f1_strong_t1|f3_dup_a|f6_suppressor|f7_weak,101001100,4,-2.741404109954834,0.0312853181010021,2.2412028423039114,2.446234080706321,-2.554491299249513,0.1869128107053206
1,f1_strong_t1|f3_dup_a|f6_suppressor|f8_bigcoef,101001010,4,-2.530763898563385,0.0309364119913409,2.4518430536953604,2.639065321112313,-2.362542713370068,0.168221185193317
1,f1_strong_t1|f3_dup_a|f6_suppressor|noise_0,101001001,4,-2.8735821506500243,0.0321157930347012,2.109024801608721,2.292491730832341,-2.6986703229125224,0.1749118277375019
1,f1_strong_t1|f3_dup_a|f7_weak|f8_bigcoef,101000110,4,-4.1183368765831,0.0292587007464025,0.8642700756756456,0.938005185433804,-4.040803993951359,0.0775328826317407
1,f1_strong_t1|f3_dup_a|f7_weak|noise_0,101000101,4,-4.400266746234894,0.0296507150109443,0.5823402060238516,0.6624167257890249,-4.317038428045227,0.0832283181896667
1,f1_strong_t1|f3_dup_a|f8_bigcoef|noise_0,101000011,4,-4.204269691371918,0.0286054745687321,0.7783372608868273,0.8552479661950173,-4.125089842165781,0.0791798492061373
1,f1_strong_t1|f4_dup_b|f5_null|f6_suppressor,100111000,4,-2.898488332939148,0.0316067530093805,2.084118619319597,2.292491730832341,-2.697026151153349,0.2014621817857986
1,f1_strong_t1|f4_dup_b|f5_null|f7_weak,100110100,4,-4.401573624038696,0.0293317165237128,0.581033328220049,0.6624167257890249,-4.315394256286054,0.0861793677526421
1,f1_strong_t1|f4_dup_b|f5_null|f8_bigcoef,100110010,4,-4.205841349315644,0.0288072179554015,0.7767656029431018,0.8552479661950173,-4.123445670406608,0.0823956789090356
1,f1_strong_t1|f4_dup_b|f5_null|noise_0,100110001,4,-4.550834342384339,0.0299130951543179,0.4317726098744066,0.5086743759150446,-4.459573279949064,0.0912610624352749
1,f1_strong_t1|f4_dup_b|f6_suppressor|f7_weak,100101100,4,-2.731374074554444,0.0313807787582325,2.251232877704302,2.446234080706321,-2.55284712749034,0.1785269470641033
1,f1_strong_t1|f4_dup_b|f6_suppressor|f8_bigcoef,100101010,4,-2.5370997643470763,0.0310616405863187,2.445507187911669,2.639065321112313,-2.3608985416108945,0.1762012227361817
1,f1_strong_t1|f4_dup_b|f6_suppressor|noise_0,100101001,4,-2.8671048100471497,0.0321982414952297,2.115502142211596,2.292491730832341,-2.697026151153349,0.1700786588938005
1,f1_strong_t1|f4_dup_b|f7_weak|f8_bigcoef,100100110,4,-4.123046474647522,0.029400282816964,0.8595604776112236,0.938005185433804,-4.039159822192186,0.0838866524553356
1,f1_strong_t1|f4_dup_b|f7_weak|noise_0,100100101,4,-4.403082915973664,0.0296315874844424,0.5795240362850818,0.6624167257890249,-4.315394256286054,0.0876886596876094
1,f1_strong_t1|f4_dup_b|f8_bigcoef|noise_0,100100011,4,-4.20788039150238,0.0288930794771697,0.7747265607563651,0.8552479661950173,-4.123445670406608,0.0844347210957723
1,f1_strong_t1|f5_null|f6_suppressor|f7_weak,100011100,4,-3.0542392842292787,0.034209740012313,1.9283676680294664,2.1207408958384875,-2.865050932963869,0.1891883512654097
1,f1_strong_t1|f5_null|f6_suppressor|f8_bigcoef,100011010,4,-2.8705421162605287,0.0341682402494803,2.1120648359982166,2.3135721362444794,-2.6731023470844235,0.1974397691761051
1,f1_strong_t1|f5_null|f6_suppressor|noise_0,100011001,4,-3.1907906218528748,0.0349594773459183,1.7918163304058703,1.9669985459645072,-3.009229956626878,0.1815606652259966
1,f1_strong_t1|f5_null|f7_weak|f8_bigcoef,100010110,4,-4.435507775878906,0.031749783115958,0.547099176379839,0.6125120005659704,-4.351363627665714,0.0841441482131921
1,f1_strong_t1|f5_null|f7_weak|noise_0,100010101,4,-4.713452418422699,0.0321793238205012,0.2691545338360459,0.3369235409211911,-4.627598061759583,0.0858543566631162
1,f1_strong_t1|f5_null|f8_bigcoef|noise_0,100010011,4,-4.519931829166413,0.031345441929879,0.4626751230923327,0.5297547813271836,-4.435649475880138,0.0842823532862748
1,f1_strong_t1|f6_suppressor|f7_weak|f8_bigcoef,100001110,4,-2.773669909667969,0.034019690658969,2.2089370425907764,2.3963293554832665,-2.588816498870001,0.184853410797968
1,f1_strong_t1|f6_suppressor|f7_weak|noise_0,100001101,4,-3.033665040493012,0.0340073946133289,1.9489419117657336,2.1207408958384875,-2.865050932963869,0.1686141075291427
1,f1_strong_t1|f6_suppressor|f8_bigcoef|noise_0,100001011,4,-2.844139902687073,0.0337916043348416,2.1384670495716724,2.3135721362444794,-2.6731023470844235,0.1710375556026493
1,f1_strong_t1|f7_weak|f8_bigcoef|noise_0,100000111,4,-4.429580692768097,0.0315254807969895,0.5530262594906485,0.6125120005659704,-4.351363627665714,0.0782170651023825
1,f2_strong_t2|f3_dup_a|f4_dup_b|f5_null,11110000,4,-3.8850481483459474,0.0305656319506379,1.097558803912798,1.1404094082560454,-3.804388741755023,0.0806594065909247
1,f2_strong_t2|f3_dup_a|f4_dup_b|f6_suppressor,11101000,4,-3.8832795389175416,0.0305757818772868,1.0993274133412037,1.1404094082560454,-3.804388741755023,0.078890797162519
1,f2_strong_t2|f3_dup_a|f4_dup_b|f7_weak,11100100,4,-3.745036866760254,0.030214814367101,1.2375700854984912,1.2941517581300257,-3.660209718092013,0.084827148668241
1,f2_strong_t2|f3_dup_a|f4_dup_b|f8_bigcoef,11100010,4,-3.552347258377075,0.0300507520769255,1.4302596938816703,1.486982998536018,-3.468261132212568,0.0840861261645073
1,f2_strong_t2|f3_dup_a|f4_dup_b|noise_0,11100001,4,-3.8845158493042,0.0300419356111555,1.098091102954546,1.1404094082560454,-3.804388741755023,0.0801271075491767
1,f2_strong_t2|f3_dup_a|f5_null|f6_suppressor,11011000,4,-3.891802199172973,0.0297044644975089,1.0908047530857718,1.130212141084884,-3.815016185864149,0.0767860133088249
1,f2_strong_t2|f3_dup_a|f5_null|f7_weak,11010100,4,-3.761623417663574,0.0293160293910191,1.2209835345951712,1.2839544909588645,-3.6708371622011393,0.0907862554624348
1,f2_strong_t2|f3_dup_a|f5_null|f8_bigcoef,11010010,4,-3.573871138763428,0.0289148575132499,1.4087358134953174,1.4767857313648562,-3.478888576321694,0.0949825624417339
1,f2_strong_t2|f3_dup_a|f5_null|noise_0,11010001,4,-3.9022358015060425,0.0293149828710056,1.0803711507527027,1.130212141084884,-3.815016185864149,0.087219615641894
1,f2_strong_t2|f3_dup_a|f6_suppressor|f7_weak,11001100,4,-3.756893439006805,0.0297028406683515,1.22571351325194,1.2839544909588645,-3.6708371622011393,0.086056276805666
1,f2_strong_t2|f3_dup_a|f6_suppressor|f8_bigcoef,11001010,4,-3.566579119873047,0.0291583602284373,1.4160278323856983,1.4767857313648562,-3.478888576321694,0.087690543551353
1,f2_strong_t2|f3_dup_a|f6_suppressor|noise_0,11001001,4,-3.8981018790245057,0.0294056742628795,1.0845050732342396,1.130212141084884,-3.815016185864149,0.0830856931603571
1,f2_strong_t2|f3_dup_a|f7_weak|f8_bigcoef,11000110,4,-3.48995267162323,0.0294808532359156,1.4926542806355152,1.5595429506036431,-3.394602728107272,0.0953499435159588
1,f2_strong_t2|f3_dup_a|f7_weak|noise_0,11000101,4,-3.757925803852081,0.0289084393081769,1.2246811484066642,1.2839544909588645,-3.6708371622011393,0.0870886416509417
1,f2_strong_t2|f3_dup_a|f8_bigcoef|noise_0,11000011,4,-3.5723019293785097,0.0286952284770853,1.4103050228802356,1.4767857313648562,-3.478888576321694,0.0934133530568157
1,f2_strong_t2|f4_dup_b|f5_null|f6_suppressor,10111000,4,-3.901039031124115,0.0292871917213096,1.08156792113463,1.130212141084884,-3.813372014104975,0.08766701701914
1,f2_strong_t2|f4_dup_b|f5_null|f7_weak,10110100,4,-3.762698142814637,0.028735585498202,1.2199088094441088,1.2839544909588645,-3.669192990441967,0.0935051523726695
1,f2_strong_t2|f4_dup_b|f5_null|f8_bigcoef,10110010,4,-3.574271942138672,0.0288415713547695,1.4083350101200731,1.4767857313648562,-3.4772444045625206,0.0970275375761513
1,f2_strong_t2|f4_dup_b|f5_null|noise_0,10110001,4,-3.903834987354279,0.0288635716777346,1.0787719649044667,1.130212141084884,-3.813372014104975,0.0904629732493034
1,f2_strong_t2|f4_dup_b|f6_suppressor|f7_weak,10101100,4,-3.7597097686767578,0.0290437086235555,1.2228971835819875,1.2839544909588645,-3.669192990441967,0.0905167782347908
1,f2_strong_t2|f4_dup_b|f6_suppressor|f8_bigcoef,10101010,4,-3.5650636331558228,0.0288841218063042,1.4175433191029223,1.4767857313648562,-3.4772444045625206,0.0878192285933021
1,f2_strong_t2|f4_dup_b|f6_suppressor|noise_0,10101001,4,-3.900751312828064,0.028932957290399,1.0818556394306813,1.130212141084884,-3.813372014104975,0.0873792987230888
1,f2_strong_t2|f4_dup_b|f7_weak|f8_bigcoef,10100110,4,-3.486743435668945,0.0292367330568884,1.4958635165897998,1.5595429506036431,-3.392958556348098,0.0937848793208475
1,f2_strong_t2|f4_dup_b|f7_weak|noise_0,10100101,4,-3.7556985984802247,0.0283270422220427,1.2269083537785206,1.2839544909588645,-3.669192990441967,0.0865056080382578
1,f2_strong_t2|f4_dup_b|f8_bigcoef|noise_0,10100011,4,-3.5693539194107053,0.0285275594562706,1.41325303284804,1.4767857313648562,-3.4772444045625206,0.0921095148481847
1,f2_strong_t2|f5_null|f6_suppressor|f7_weak,10011100,4,-4.068213462924957,0.0316714733527448,0.9143934893337882,0.9584613060910306,-3.981396795915495,0.0868166670094621
1,f2_strong_t2|f5_null|f6_suppressor|f8_bigcoef,10011010,4,-3.881007258605957,0.031433963318786,1.1015996936527883,1.151292546497023,-3.7894482100360496,0.0915590485699073
1,f2_strong_t2|f5_null|f6_suppressor|noise_0,10011001,4,-4.203326635932922,0.0315078312498183,0.7792803163258233,0.8047189562170504,-4.125575819578504,0.0777508163544178
1,f2_strong_t2|f5_null|f7_weak|f8_bigcoef,10010110,4,-3.7951460433006288,0.0314759039099929,1.1874609089581163,1.2340497657358096,-3.705162361821627,0.0899836814790018
1,f2_strong_t2|f5_null|f7_weak|noise_0,10010101,4,-4.055896477222443,0.0309181410350783,0.9267104750363028,0.9584613060910306,-3.981396795915495,0.0744996813069476
1,f2_strong_t2|f5_null|f8_bigcoef|noise_0,10010011,4,-3.8736974500656127,0.0308384144826084,1.1089095021931326,1.151292546497023,-3.7894482100360496,0.0842492400295631
1,f2_strong_t2|f6_suppressor|f7_weak|f8_bigcoef,10001110,4,-3.797206208992004,0.0319843727759752,1.185400743266741,1.2340497657358096,-3.705162361821627,0.0920438471703772
1,f2_strong_t2|f6_suppressor|f7_weak|noise_0,10001101,4,-4.058482355117798,0.0313593471603433,0.9241245971409472,0.9584613060910306,-3.981396795915495,0.0770855592023029
1,f2_strong_t2|f6_suppressor|f8_bigcoef|noise_0,10001011,4,-3.8754511466026313,0.0311435206548103,1.1071558056561148,1.151292546497023,-3.7894482100360496,0.0860029365665808
1,f2_strong_t2|f7_weak|f8_bigcoef|noise_0,10000111,4,-3.788592594814301,0.0313418985219652,1.1940143574444448,1.2340497657358096,-3.705162361821627,0.0834302329926734
1,f3_dup_a|f4_dup_b|f5_null|f6_suppressor,1111000,4,-4.690705507278443,0.0304043002267464,0.2919014449803025,0.3356904520389953,-4.627322849996943,0.0633826572815001
1,f3_dup_a|f4_dup_b|f5_null|f7_weak,1110100,4,-4.547134361457824,0.0299132597276999,0.4354725908009209,0.4894328019129755,-4.483143826333933,0.0639905351238914
1,f3_dup_a|f4_dup_b|f5_null|f8_bigcoef,1110010,4,-4.354645903110504,0.0296906255788836,0.627961049148241,0.682264042318968,-4.291195240454487,0.0634506626560176
1,f3_dup_a|f4_dup_b|f5_null|noise_0,1110001,4,-4.689731441879273,0.0301505594224964,0.2928755103794724,0.3356904520389953,-4.627322849996943,0.0624085918823302
1,f3_dup_a|f4_dup_b|f6_suppressor|f7_weak,1101100,4,-4.555576337909699,0.0306164186644016,0.4270306143490465,0.4894328019129755,-4.483143826333933,0.0724325115757658
1,f3_dup_a|f4_dup_b|f6_suppressor|f8_bigcoef,1101010,4,-4.356976279735565,0.0301464195450958,0.6256306725231804,0.682264042318968,-4.291195240454487,0.0657810392810782
1,f3_dup_a|f4_dup_b|f6_suppressor|noise_0,1101001,4,-4.69703997631073,0.0306493453291429,0.285566975948015,0.3356904520389953,-4.627322849996943,0.0697171263137876
1,f3_dup_a|f4_dup_b|f7_weak|f8_bigcoef,1100110,4,-4.266983953666687,0.0302466187528428,0.7156229985920586,0.7650212615577549,-4.206909392240064,0.0600745614266227
1,f3_dup_a|f4_dup_b|f7_weak|noise_0,1100101,4,-4.542820834350586,0.0297584976823314,0.4397861179081594,0.4894328019129755,-4.483143826333933,0.0596770080166528
1,f3_dup_a|f4_dup_b|f8_bigcoef|noise_0,1100011,4,-4.353834567070007,0.0296801242047909,0.6287723851887383,0.682264042318968,-4.291195240454487,0.0626393266155203
1,f3_dup_a|f5_null|f6_suppressor|f7_weak,1011100,4,-4.563618581962586,0.0291072997816384,0.4189883702961596,0.4792355347418139,-4.493771270443058,0.0698473115195277
1,f3_dup_a|f5_null|f6_suppressor|f8_bigcoef,1011010,4,-4.373044893550873,0.0285537939919056,0.6095620587078727,0.6720667751478063,-4.3018226845636125,0.07122220898726
1,f3_dup_a|f5_null|f6_suppressor|noise_0,1011001,4,-4.706422979831696,0.0292764113612943,0.2761839724270496,0.3254931848678336,-4.637950294106068,0.0684726857256281
1,f3_dup_a|f5_null|f7_weak|f8_bigcoef,1010110,4,-4.286104284286499,0.0286903981406593,0.6965026679722461,0.7548239943865932,-4.21753683634919,0.0685674479373092
1,f3_dup_a|f5_null|f7_weak|noise_0,1010101,4,-4.565037680339813,0.0286254793004155,0.4175692719189321,0.4792355347418139,-4.493771270443058,0.0712664098967552
1,f3_dup_a|f5_null|f8_bigcoef|noise_0,1010011,4,-4.373376985168457,0.0281238016366266,0.6092299670902879,0.6720667751478063,-4.3018226845636125,0.0715543006048449
1,f3_dup_a|f6_suppressor|f7_weak|f8_bigcoef,1001110,4,-4.288477335929871,0.0293402188287449,0.6941296163288744,0.7548239943865932,-4.21753683634919,0.070940499580681
1,f3_dup_a|f6_suppressor|f7_weak|noise_0,1001101,4,-4.563655510902405,0.0292079944774908,0.4189514413563406,0.4792355347418139,-4.493771270443058,0.0698842404593467
1,f3_dup_a|f6_suppressor|f8_bigcoef|noise_0,1001011,4,-4.373325764465332,0.0285755055328789,0.609281187793413,0.6720667751478063,-4.3018226845636125,0.0715030799017197
1,f3_dup_a|f7_weak|f8_bigcoef|noise_0,1000111,4,-4.285265493965149,0.0286642427058643,0.6973414582935966,0.7548239943865932,-4.21753683634919,0.0677286576159588
1,f4_dup_b|f5_null|f6_suppressor|f7_weak,111100,4,-4.570210627651215,0.0288989678210509,0.4123963246075304,0.4792355347418139,-4.492127098683885,0.0780835289673298
1,f4_dup_b|f5_null|f6_suppressor|f8_bigcoef,111010,4,-4.3777374801635744,0.0287230806032601,0.6048694720951708,0.6720667751478063,-4.300178512804439,0.0775589673591357
1,f4_dup_b|f5_null|f6_suppressor|noise_0,111001,4,-4.71677073507309,0.0292611325453624,0.2658362171856554,0.3254931848678336,-4.636306122346894,0.0804646127261961
1,f4_dup_b|f5_null|f7_weak|f8_bigcoef,110110,4,-4.29077423658371,0.028838830061043,0.6918327156750355,0.7548239943865932,-4.215892664590016,0.0748815719936937
1,f4_dup_b|f5_null|f7_weak|noise_0,110101,4,-4.567875221633911,0.0285955041601012,0.4147317306248341,0.4792355347418139,-4.492127098683885,0.075748122950026
1,f4_dup_b|f5_null|f8_bigcoef|noise_0,110011,4,-4.380438903808594,0.0284894804514575,0.6021680484501513,0.6720667751478063,-4.300178512804439,0.0802603910041552
1,f4_dup_b|f6_suppressor|f7_weak|f8_bigcoef,101110,4,-4.2863952021598815,0.0293995143967292,0.6962117500988638,0.7548239943865932,-4.215892664590016,0.0705025375698653
1,f4_dup_b|f6_suppressor|f7_weak|noise_0,101101,4,-4.569215999698639,0.0290935523015548,0.413390952560106,0.4792355347418139,-4.492127098683885,0.0770889010147541
1,f4_dup_b|f6_suppressor|f8_bigcoef|noise_0,101011,4,-4.377872691345215,0.028818178372841,0.6047342609135304,0.6720667751478063,-4.300178512804439,0.0776941785407761
1,f4_dup_b|f7_weak|f8_bigcoef|noise_0,100111,4,-4.287051922416687,0.0287948868032873,0.6955550298420583,0.7548239943865932,-4.215892664590016,0.0711592578266708
1,f5_null|f6_suppressor|f7_weak|f8_bigcoef,11110,4,-4.603513920783997,0.031454805480716,0.3790930314747482,0.4293308095187594,-4.528096470063545,0.0754174507204519
1,f5_null|f6_suppressor|f7_weak|noise_0,11101,4,-4.875977604484558,0.03133359935712,0.106629347774187,0.1537423498739802,-4.804330904157414,0.0716467003271441
1,f5_null|f6_suppressor|f8_bigcoef|noise_0,11011,4,-4.687438210773468,0.0309310627340644,0.295168741485277,0.3465735902799726,-4.612382318277969,0.0750558924954996
1,f5_null|f7_weak|f8_bigcoef|noise_0,10111,4,-4.591768564033508,0.0309037275309137,0.3908383882252373,0.4293308095187594,-4.528096470063545,0.0636720939699628
1,f6_suppressor|f7_weak|f8_bigcoef|noise_0,1111,4,-4.596050715446472,0.0314200709897343,0.3865562368122734,0.4293308095187594,-4.528096470063545,0.0679542453829267
1,f1_strong_t1|f2_strong_t2|f3_dup_a|f4_dup_b|f5_null,111110000,5,-3.72218624162674,0.0317621795748587,1.2604207106320056,1.3235905993032566,-3.627655899357192,0.094530342269548
1,f1_strong_t1|f2_strong_t2|f3_dup_a|f4_dup_b|f6_suppressor,111101000,5,-2.0679922825813293,0.0336563437851916,2.914614669677416,3.1074079542205526,-1.8651087705614784,0.2028835120198509
1,f1_strong_t1|f2_strong_t2|f3_dup_a|f4_dup_b|f7_weak,111100100,5,-3.584963872432709,0.03152041988005,1.3976430798260364,1.477332949177237,-3.4834768756941825,0.1014869967385263
1,f1_strong_t1|f2_strong_t2|f3_dup_a|f4_dup_b|f8_bigcoef,111100010,5,-3.389686974525452,0.0310048565025776,1.5929199777332936,1.6701641895832289,-3.291528289814737,0.0981586847107145
1,f1_strong_t1|f2_strong_t2|f3_dup_a|f4_dup_b|noise_0,111100001,5,-3.722141565418244,0.0313894007051743,1.2604653868405018,1.3235905993032566,-3.627655899357192,0.0944856660610518
1,f1_strong_t1|f2_strong_t2|f3_dup_a|f5_null|f6_suppressor,111011000,5,-2.0824546005249025,0.0332982558804768,2.900152351733843,3.097210687049391,-1.875736214670604,0.2067183858542984
1,f1_strong_t1|f2_strong_t2|f3_dup_a|f5_null|f7_weak,111010100,5,-3.59990381526947,0.0304729040107679,1.3827031369892753,1.467135682006075,-3.4941043198033093,0.1057994954661607
1,f1_strong_t1|f2_strong_t2|f3_dup_a|f5_null|f8_bigcoef,111010010,5,-3.405196345615387,0.0297065119583231,1.5774106066433582,1.6599669224120674,-3.302155733923863,0.1030406116915241
1,f1_strong_t1|f2_strong_t2|f3_dup_a|f5_null|noise_0,111010001,5,-3.7385454732894896,0.0306022637175114,1.2440614789692557,1.3133933321320947,-3.6382833434663175,0.100262129823172
1,f1_strong_t1|f2_strong_t2|f3_dup_a|f6_suppressor|f7_weak,111001100,5,-1.945679677581787,0.0328353953941891,3.036927274676958,3.2509530369233715,-1.7315571910075949,0.2141224865741922
1,f1_strong_t1|f2_strong_t2|f3_dup_a|f6_suppressor|f8_bigcoef,111001010,5,-1.7361981068611143,0.0322584052989971,3.2464088453976307,3.443784277329364,-1.539608605128149,0.1965895017329655
1,f1_strong_t1|f2_strong_t2|f3_dup_a|f6_suppressor|noise_0,111001001,5,-2.083658343315125,0.0332322073073675,2.8989486089436207,3.097210687049391,-1.875736214670604,0.2079221286445205
1,f1_strong_t1|f2_strong_t2|f3_dup_a|f7_weak|f8_bigcoef,111000110,5,-3.3272737059593203,0.0303053589043087,1.655333246299425,1.742724141650854,-3.2178698857094394,0.1094038202498808
1,f1_strong_t1|f2_strong_t2|f3_dup_a|f7_weak|noise_0,111000101,5,-3.599336075115204,0.0302656065155389,1.3832708771435414,1.467135682006075,-3.4941043198033093,0.1052317553118946
1,f1_strong_t1|f2_strong_t2|f3_dup_a|f8_bigcoef|noise_0,111000011,5,-3.403944111728668,0.0294177044116228,1.578662840530077,1.6599669224120674,-3.302155733923863,0.1017883778048052
1,f1_strong_t1|f2_strong_t2|f4_dup_b|f5_null|f6_suppressor,110111000,5,-2.100279278087616,0.0326976723398603,2.882327674171129,3.097210687049391,-1.8740920429114305,0.2261872351761857
1,f1_strong_t1|f2_strong_t2|f4_dup_b|f5_null|f7_weak,110110100,5,-3.59630438489914,0.0299390675255776,1.3863025673596057,1.467135682006075,-3.492460148044135,0.1038442368550045
1,f1_strong_t1|f2_strong_t2|f4_dup_b|f5_null|f8_bigcoef,110110010,5,-3.4038448245048523,0.0296508291010054,1.578762127753893,1.6599669224120674,-3.3005115621646897,0.1033332623401626
1,f1_strong_t1|f2_strong_t2|f4_dup_b|f5_null|noise_0,110110001,5,-3.739408723640442,0.0301786142403141,1.2431982286183034,1.3133933321320947,-3.636639171707144,0.1027695519332976
1,f1_strong_t1|f2_strong_t2|f4_dup_b|f6_suppressor|f7_weak,110101100,5,-1.930839879322052,0.0322609401109713,3.051767072936693,3.2509530369233715,-1.7299130192484216,0.2009268600736304
1,f1_strong_t1|f2_strong_t2|f4_dup_b|f6_suppressor|f8_bigcoef,110101010,5,-1.7435504884719848,0.0321502322397488,3.2390564637867607,3.443784277329364,-1.5379644333689753,0.2055860551030095
1,f1_strong_t1|f2_strong_t2|f4_dup_b|f6_suppressor|noise_0,110101001,5,-2.078100627040863,0.032795789672375,2.9045063252178824,3.097210687049391,-1.8740920429114305,0.2040085841294325
1,f1_strong_t1|f2_strong_t2|f4_dup_b|f7_weak|f8_bigcoef,110100110,5,-3.3267747378349304,0.0302043623094416,1.655832214423815,1.742724141650854,-3.216225713950266,0.1105490238846642
1,f1_strong_t1|f2_strong_t2|f4_dup_b|f7_weak|noise_0,110100101,5,-3.595158630752564,0.0297632984290857,1.3874483215061817,1.467135682006075,-3.492460148044135,0.1026984827084285
1,f1_strong_t1|f2_strong_t2|f4_dup_b|f8_bigcoef|noise_0,110100011,5,-3.403343810749054,0.0293869558352769,1.5792631415096912,1.6599669224120674,-3.3005115621646897,0.1028322485843644
1,f1_strong_t1|f2_strong_t2|f5_null|f6_suppressor|f7_weak,110011100,5,-2.265220411109924,0.0355646307852099,2.717386541148821,2.9254598520555377,-2.0421168247219508,0.2231035863879733
1,f1_strong_t1|f2_strong_t2|f5_null|f6_suppressor|f8_bigcoef,110011010,5,-2.0677634985923765,0.0353396239898971,2.9148434536663688,3.11829109246153,-1.8501682388425047,0.2175952597498718
1,f1_strong_t1|f2_strong_t2|f5_null|f6_suppressor|noise_0,110011001,5,-2.394541053390503,0.0354675207826476,2.5880658988682423,2.771717502181557,-2.1862958483849595,0.2082452050055434
1,f1_strong_t1|f2_strong_t2|f5_null|f7_weak|f8_bigcoef,110010110,5,-3.6388872961997984,0.0325027758732377,1.3437196560589468,1.4172309567830204,-3.528429519423795,0.1104577767760033
1,f1_strong_t1|f2_strong_t2|f5_null|f7_weak|noise_0,110010101,5,-3.904129889583588,0.0323544460560048,1.0784770626751574,1.1416424971382413,-3.804663953517664,0.0994659360659238
1,f1_strong_t1|f2_strong_t2|f5_null|f8_bigcoef|noise_0,110010011,5,-3.713612714576721,0.0317533906699168,1.268994237682024,1.3344737375442337,-3.6127153676382178,0.1008973469385035
1,f1_strong_t1|f2_strong_t2|f6_suppressor|f7_weak|f8_bigcoef,110001110,5,-1.973552788162232,0.0353288698079309,3.009054164096514,3.201048311700317,-1.765882390628082,0.2076703975341494
1,f1_strong_t1|f2_strong_t2|f6_suppressor|f7_weak|noise_0,110001101,5,-2.239123617267609,0.0348002610058421,2.7434833349911365,2.9254598520555377,-2.0421168247219508,0.197006792545658
1,f1_strong_t1|f2_strong_t2|f6_suppressor|f8_bigcoef|noise_0,110001011,5,-2.053067242336273,0.0348622402731605,2.929539709922472,3.11829109246153,-1.8501682388425047,0.2028990034937685
1,f1_strong_t1|f2_strong_t2|f7_weak|f8_bigcoef|noise_0,110000111,5,-3.6327816348075865,0.0321680300866595,1.3498253174511587,1.4172309567830204,-3.528429519423795,0.1043521153837914
1,f1_strong_t1|f3_dup_a|f4_dup_b|f5_null|f6_suppressor,101111000,5,-2.876675422859192,0.0330350773184874,2.105931529399553,2.302688998003503,-2.688042878803397,0.1886325440557947
1,f1_strong_t1|f3_dup_a|f4_dup_b|f5_null|f7_weak,101110100,5,-4.392904264736176,0.0311369698836335,0.5897026875225695,0.6726139929601865,-4.306410983936101,0.0864932808000746
1,f1_strong_t1|f3_dup_a|f4_dup_b|f5_null|f8_bigcoef,101110010,5,-4.192432797336578,0.0303063095722831,0.790174154922167,0.8654452333661787,-4.114462398056656,0.0779703992799225
1,f1_strong_t1|f3_dup_a|f4_dup_b|f5_null|noise_0,101110001,5,-4.535187375259399,0.0313626617093763,0.4474195769993461,0.5188716430862063,-4.450590007599112,0.0845973676602875
1,f1_strong_t1|f3_dup_a|f4_dup_b|f6_suppressor|f7_weak,101101100,5,-2.725366222763061,0.0330891920599953,2.257240729495684,2.456431347877483,-2.543863855140388,0.1815023676226737
1,f1_strong_t1|f3_dup_a|f4_dup_b|f6_suppressor|f8_bigcoef,101101010,5,-2.5179543491363527,0.0323809856233969,2.4646526031223925,2.6492625882834755,-2.351915269260941,0.1660390798754112
1,f1_strong_t1|f3_dup_a|f4_dup_b|f6_suppressor|noise_0,101101001,5,-2.853444369983673,0.0335335518893479,2.129162582275072,2.302688998003503,-2.688042878803397,0.1654014911802761
1,f1_strong_t1|f3_dup_a|f4_dup_b|f7_weak|f8_bigcoef,101100110,5,-4.108918099021912,0.0310629598207165,0.8736888532368337,0.9482024526049658,-4.030176549842233,0.0787415491796785
1,f1_strong_t1|f3_dup_a|f4_dup_b|f7_weak|noise_0,101100101,5,-4.390885042762756,0.0312108620412543,0.5917219094959894,0.6726139929601865,-4.306410983936101,0.0844740588266548
1,f1_strong_t1|f3_dup_a|f4_dup_b|f8_bigcoef|noise_0,101100011,5,-4.194829682064056,0.0304541780571004,0.787777270194689,0.8654452333661787,-4.114462398056656,0.0803672840074005
1,f1_strong_t1|f3_dup_a|f5_null|f6_suppressor|f7_weak,101011100,5,-2.758734065246582,0.032122380138918,2.223872887012164,2.446234080706321,-2.554491299249513,0.2042427659970687
1,f1_strong_t1|f3_dup_a|f5_null|f6_suppressor|f8_bigcoef,101011010,5,-2.5605201323509217,0.0317355284360429,2.422086819907824,2.639065321112313,-2.362542713370068,0.1979774189808538
1,f1_strong_t1|f3_dup_a|f5_null|f6_suppressor|noise_0,101011001,5,-2.892981039714813,0.0327642918414033,2.0896259125439323,2.292491730832341,-2.6986703229125224,0.1943107168022906
1,f1_strong_t1|f3_dup_a|f5_null|f7_weak|f8_bigcoef,101010110,5,-4.124413945102692,0.0295737253343313,0.8581930071560535,0.938005185433804,-4.040803993951359,0.0836099511513328
1,f1_strong_t1|f3_dup_a|f5_null|f7_weak|noise_0,101010101,5,-4.411315875053406,0.0301686512666822,0.5712910772053394,0.6624167257890249,-4.317038428045227,0.0942774470081788
1,f1_strong_t1|f3_dup_a|f5_null|f8_bigcoef|noise_0,101010011,5,-4.212720291137695,0.0290842040100389,0.76988666112105,0.8552479661950173,-4.125089842165781,0.0876304489719146
1,f1_strong_t1|f3_dup_a|f6_suppressor|f7_weak|f8_bigcoef,101001110,5,-2.468329884147644,0.0317941031890137,2.514277068111101,2.7218225403511003,-2.278256865155645,0.190073018991999
1,f1_strong_t1|f3_dup_a|f6_suppressor|f7_weak|noise_0,101001101,5,-2.7557161148071287,0.032208547677411,2.2268908374516165,2.446234080706321,-2.554491299249513,0.2012248155576155
1,f1_strong_t1|f3_dup_a|f6_suppressor|f8_bigcoef|noise_0,101001011,5,-2.542988051700592,0.031374860034739,2.439618900558153,2.639065321112313,-2.362542713370068,0.1804453383305242
1,f1_strong_t1|f3_dup_a|f7_weak|f8_bigcoef|noise_0,101000111,5,-4.127416546630859,0.029611285308821,0.8551904056278863,0.938005185433804,-4.040803993951359,0.0866125526795
1,f1_strong_t1|f4_dup_b|f5_null|f6_suppressor|f7_weak,100111100,5,-2.765603624820709,0.0321931822688379,2.217003327438036,2.446234080706321,-2.55284712749034,0.2127564973303695
1,f1_strong_t1|f4_dup_b|f5_null|f6_suppressor|f8_bigcoef,100111010,5,-2.558654303741455,0.0316551191822726,2.4239526485172904,2.639065321112313,-2.3608985416108945,0.1977557621305603
1,f1_strong_t1|f4_dup_b|f5_null|f6_suppressor|noise_0,100111001,5,-2.8859231038093567,0.0326452292299472,2.0966838484493886,2.292491730832341,-2.697026151153349,0.1888969526560076
1,f1_strong_t1|f4_dup_b|f5_null|f7_weak|f8_bigcoef,100110110,5,-4.1318379117012025,0.0297171654129451,0.8507690405575428,0.938005185433804,-4.039159822192186,0.0926780895090164
1,f1_strong_t1|f4_dup_b|f5_null|f7_weak|noise_0,100110101,5,-4.415481223487854,0.0301153367522357,0.5671257287708915,0.6624167257890249,-4.315394256286054,0.1000869672017996
1,f1_strong_t1|f4_dup_b|f5_null|f8_bigcoef|noise_0,100110011,5,-4.220738135910034,0.0294222842313669,0.7618688163487111,0.8552479661950173,-4.123445670406608,0.0972924655034264
1,f1_strong_t1|f4_dup_b|f6_suppressor|f7_weak|f8_bigcoef,100101110,5,-2.473585839366913,0.0322232931074075,2.5090211128918325,2.7218225403511003,-2.2766126933964714,0.1969731459704413
1,f1_strong_t1|f4_dup_b|f6_suppressor|f7_weak|noise_0,100101101,5,-2.7403639138221743,0.0323973342614792,2.242243038436571,2.446234080706321,-2.55284712749034,0.1875167863318343
1,f1_strong_t1|f4_dup_b|f6_suppressor|f8_bigcoef|noise_0,100101011,5,-2.5353147541046144,0.0318457147090779,2.447292198154131,2.639065321112313,-2.3608985416108945,0.1744162124937198
1,f1_strong_t1|f4_dup_b|f7_weak|f8_bigcoef|noise_0,100100111,5,-4.131121386528015,0.0298649307929936,0.8514855657307301,0.938005185433804,-4.039159822192186,0.0919615643358291
1,f1_strong_t1|f5_null|f6_suppressor|f7_weak|f8_bigcoef,100011110,5,-2.8058624835014343,0.0351151229787502,2.176744468757311,2.3963293554832665,-2.588816498870001,0.2170459846314334
1,f1_strong_t1|f5_null|f6_suppressor|f7_weak|noise_0,100011101,5,-3.0576509875297546,0.0350989432069524,1.9249559647289909,2.1207408958384875,-2.865050932963869,0.1926000545658857
1,f1_strong_t1|f5_null|f6_suppressor|f8_bigcoef|noise_0,100011011,5,-2.863504677200317,0.0344611895092657,2.119102275058428,2.3135721362444794,-2.6731023470844235,0.1904023301158939
1,f1_strong_t1|f5_null|f7_weak|f8_bigcoef|noise_0,100010111,5,-4.444440252399445,0.0321919744054563,0.5381666998593007,0.6125120005659704,-4.351363627665714,0.0930766247337304
1,f1_strong_t1|f6_suppressor|f7_weak|f8_bigcoef|noise_0,100001111,5,-2.777400297355652,0.0344971032536528,2.205206654903093,2.3963293554832665,-2.588816498870001,0.1885837984856508
1,f2_strong_t2|f3_dup_a|f4_dup_b|f5_null|f6_suppressor,11111000,5,-3.88695237531662,0.0311723744389919,1.095654576942125,1.1404094082560454,-3.804388741755023,0.0825636335615973
1,f2_strong_t2|f3_dup_a|f4_dup_b|f5_null|f7_weak,11110100,5,-3.753621757602692,0.030688510536531,1.2289851946560535,1.2941517581300257,-3.660209718092013,0.0934120395106785
1,f2_strong_t2|f3_dup_a|f4_dup_b|f5_null|f8_bigcoef,11110010,5,-3.561301610279083,0.0305099394088716,1.4213053419796622,1.486982998536018,-3.468261132212568,0.0930404780665155
1,f2_strong_t2|f3_dup_a|f4_dup_b|f5_null|noise_0,11110001,5,-3.890246205806732,0.0306333866571868,1.0923607464520133,1.1404094082560454,-3.804388741755023,0.0858574640517093
1,f2_strong_t2|f3_dup_a|f4_dup_b|f6_suppressor|f7_weak,11101100,5,-3.753979068660736,0.0310865956611374,1.2286278835980091,1.2941517581300257,-3.660209718092013,0.0937693505687229
1,f2_strong_t2|f3_dup_a|f4_dup_b|f6_suppressor|f8_bigcoef,11101010,5,-3.556734303474426,0.0307472476230838,1.4258726487843192,1.486982998536018,-3.468261132212568,0.0884731712618585
1,f2_strong_t2|f3_dup_a|f4_dup_b|f6_suppressor|noise_0,11101001,5,-3.890655321788788,0.0307942291953982,1.0919516304699577,1.1404094082560454,-3.804388741755023,0.0862665800337652
1,f2_strong_t2|f3_dup_a|f4_dup_b|f7_weak|f8_bigcoef,11100110,5,-3.47658609752655,0.031018705128287,1.5060208547321952,1.5697402177748048,-3.3839752839981445,0.0926108135284056
1,f2_strong_t2|f3_dup_a|f4_dup_b|f7_weak|noise_0,11100101,5,-3.746516965293884,0.0301735709354082,1.2360899869648612,1.2941517581300257,-3.660209718092013,0.0863072472018711
1,f2_strong_t2|f3_dup_a|f4_dup_b|f8_bigcoef|noise_0,11100011,5,-3.558150480747223,0.0302008961644936,1.4244564715115224,1.486982998536018,-3.468261132212568,0.0898893485346552
1,f2_strong_t2|f3_dup_a|f5_null|f6_suppressor|f7_weak,11011100,5,-3.7648594929695127,0.0300577290411201,1.2177474592892326,1.2839544909588645,-3.6708371622011393,0.0940223307683734
1,f2_strong_t2|f3_dup_a|f5_null|f6_suppressor|f8_bigcoef,11011010,5,-3.575043927669525,0.0295163057421229,1.40756302458922,1.4767857313648562,-3.478888576321694,0.0961553513478312
1,f2_strong_t2|f3_dup_a|f5_null|f6_suppressor|noise_0,11011001,5,-3.902759724998474,0.0298790049695212,1.079847227260271,1.130212141084884,-3.815016185864149,0.0877435391343257
1,f2_strong_t2|f3_dup_a|f5_null|f7_weak|f8_bigcoef,11010110,5,-3.4980551069259644,0.0297453595714562,1.4845518453327808,1.5595429506036431,-3.394602728107272,0.1034523788186931
1,f2_strong_t2|f3_dup_a|f5_null|f7_weak|noise_0,11010101,5,-3.767734722995758,0.029360347616088,1.2148722292629874,1.2839544909588645,-3.6708371622011393,0.0968975607946185
1,f2_strong_t2|f3_dup_a|f5_null|f8_bigcoef|noise_0,11010011,5,-3.582171036815643,0.0290759612505217,1.400435915443102,1.4767857313648562,-3.478888576321694,0.1032824604939492
1,f2_strong_t2|f3_dup_a|f6_suppressor|f7_weak|f8_bigcoef,11001110,5,-3.492468807888031,0.0302010461799749,1.4901381443707145,1.5595429506036431,-3.394602728107272,0.0978660797807595
1,f2_strong_t2|f3_dup_a|f6_suppressor|f7_weak|noise_0,11001101,5,-3.7630248043060304,0.0297558816558875,1.219582147952715,1.2839544909588645,-3.6708371622011393,0.092187642104891
1,f2_strong_t2|f3_dup_a|f6_suppressor|f8_bigcoef|noise_0,11001011,5,-3.5766860236167908,0.0293235463566785,1.4059209286419545,1.4767857313648562,-3.478888576321694,0.0977974472950968
1,f2_strong_t2|f3_dup_a|f7_weak|f8_bigcoef|noise_0,11000111,5,-3.495037498855591,0.0295805556790534,1.4875694534031545,1.5595429506036431,-3.394602728107272,0.1004347707483197
1,f2_strong_t2|f4_dup_b|f5_null|f6_suppressor|f7_weak,10111100,5,-3.7690616163253785,0.0295435870015982,1.2135453359333668,1.2839544909588645,-3.669192990441967,0.0998686258834116
1,f2_strong_t2|f4_dup_b|f5_null|f6_suppressor|f8_bigcoef,10111010,5,-3.576363597869873,0.0294747193546922,1.4062433543888724,1.4767857313648562,-3.4772444045625206,0.0991191933073523
1,f2_strong_t2|f4_dup_b|f5_null|f6_suppressor|noise_0,10111001,5,-3.9066915815353394,0.0294939724986718,1.075915370723406,1.130212141084884,-3.813372014104975,0.0933195674303641
1,f2_strong_t2|f4_dup_b|f5_null|f7_weak|f8_bigcoef,10110110,5,-3.498471647453308,0.0296358646708405,1.484135304805437,1.5595429506036431,-3.392958556348098,0.1055130911052102
1,f2_strong_t2|f4_dup_b|f5_null|f7_weak|noise_0,10110101,5,-3.7664466609954834,0.0288615372814266,1.216160291263262,1.2839544909588645,-3.669192990441967,0.0972536705535165
1,f2_strong_t2|f4_dup_b|f5_null|f8_bigcoef|noise_0,10110011,5,-3.58063659734726,0.0290240656077227,1.401970354911486,1.4767857313648562,-3.4772444045625206,0.1033921927847387
1,f2_strong_t2|f4_dup_b|f6_suppressor|f7_weak|f8_bigcoef,10101110,5,-3.4880661529541017,0.0299748098361974,1.4945407993046436,1.5595429506036431,-3.392958556348098,0.0951075966060037
1,f2_strong_t2|f4_dup_b|f6_suppressor|f7_weak|noise_0,10101101,5,-3.762934794616699,0.0292217297384198,1.2196721576420462,1.2839544909588645,-3.669192990441967,0.0937418041747322
1,f2_strong_t2|f4_dup_b|f6_suppressor|f8_bigcoef|noise_0,10101011,5,-3.572536116695404,0.0291597402988037,1.4100708355633411,1.4767857313648562,-3.4772444045625206,0.0952917121328833
1,f2_strong_t2|f4_dup_b|f7_weak|f8_bigcoef|noise_0,10100111,5,-3.4909713889122007,0.0293651922309767,1.4916355633465446,1.5595429506036431,-3.392958556348098,0.0980128325641027
1,f2_strong_t2|f5_null|f6_suppressor|f7_weak|f8_bigcoef,10011110,5,-3.807485494613648,0.0322511212877341,1.1751214576450977,1.2340497657358096,-3.705162361821627,0.1023231327920206
1,f2_strong_t2|f5_null|f6_suppressor|f7_weak|noise_0,10011101,5,-4.069594271755219,0.0317156579757892,0.9130126805035266,0.9584613060910306,-3.981396795915495,0.0881974758397237
1,f2_strong_t2|f5_null|f6_suppressor|f8_bigcoef|noise_0,10011011,5,-3.886653520488739,0.0315651837892259,1.095953431770006,1.151292546497023,-3.7894482100360496,0.0972053104526895
1,f2_strong_t2|f5_null|f7_weak|f8_bigcoef|noise_0,10010111,5,-3.797068221569061,0.0316070256248724,1.185538730689684,1.2340497657358096,-3.705162361821627,0.0919058597474342
1,f2_strong_t2|f6_suppressor|f7_weak|f8_bigcoef|noise_0,10001111,5,-3.798957138824463,0.0320593922681418,1.1836498134342823,1.2340497657358096,-3.705162361821627,0.0937947770028357
1,f3_dup_a|f4_dup_b|f5_null|f6_suppressor|f7_weak,1111100,5,-4.558604660987854,0.0307795385378836,0.4240022912708916,0.4894328019129755,-4.483143826333933,0.0754608346539207
1,f3_dup_a|f4_dup_b|f5_null|f6_suppressor|f8_bigcoef,1111010,5,-4.36191807308197,0.0304021048125382,0.6206888791767753,0.682264042318968,-4.291195240454487,0.0707228326274833
1,f3_dup_a|f4_dup_b|f5_null|f6_suppressor|noise_0,1111001,5,-4.698724968338013,0.0310116486729592,0.2838819839207325,0.3356904520389953,-4.627322849996943,0.0714021183410702
1,f3_dup_a|f4_dup_b|f5_null|f7_weak|f8_bigcoef,1110110,5,-4.2734977157592775,0.0304955722106391,0.7091092364994678,0.7650212615577549,-4.206909392240064,0.0665883235192135
1,f3_dup_a|f4_dup_b|f5_null|f7_weak|noise_0,1110101,5,-4.553702883911133,0.0302830918953499,0.4289040683476122,0.4894328019129755,-4.483143826333933,0.0705590575772001
1,f3_dup_a|f4_dup_b|f5_null|f8_bigcoef|noise_0,1110011,5,-4.362751192855835,0.0300692964330426,0.6198557594029106,0.682264042318968,-4.291195240454487,0.071555952401348
1,f3_dup_a|f4_dup_b|f6_suppressor|f7_weak|f8_bigcoef,1101110,5,-4.278717237567902,0.0312190636673185,0.7038897146908436,0.7650212615577549,-4.206909392240064,0.0718078453278376
1,f3_dup_a|f4_dup_b|f6_suppressor|f7_weak|noise_0,1101101,5,-4.560195621776581,0.0309722590775191,0.4224113304821646,0.4894328019129755,-4.483143826333933,0.0770517954426477
1,f3_dup_a|f4_dup_b|f6_suppressor|f8_bigcoef|noise_0,1101011,5,-4.365127362346649,0.0305494064486074,0.6174795899120964,0.682264042318968,-4.291195240454487,0.0739321218921622
1,f3_dup_a|f4_dup_b|f7_weak|f8_bigcoef|noise_0,1100111,5,-4.271766142654419,0.0304469478257113,0.7108408096043259,0.7650212615577549,-4.206909392240064,0.0648567504143553
1,f3_dup_a|f5_null|f6_suppressor|f7_weak|f8_bigcoef,1011110,5,-4.297886687660217,0.0296179479416168,0.6847202645985284,0.7548239943865932,-4.21753683634919,0.080349851311027
1,f3_dup_a|f5_null|f6_suppressor|f7_weak|noise_0,1011101,5,-4.572673521232605,0.0295832441363598,0.4099334310261406,0.4792355347418139,-4.493771270443058,0.0789022507895467
1,f3_dup_a|f5_null|f6_suppressor|f8_bigcoef|noise_0,1011011,5,-4.380338165473938,0.0289636574691382,0.6022687867848076,0.6720667751478063,-4.3018226845636125,0.0785154809103252
1,f3_dup_a|f5_null|f7_weak|f8_bigcoef|noise_0,1010111,5,-4.295243539619446,0.0290491231639636,0.6873634126392991,0.7548239943865932,-4.21753683634919,0.0777067032702563
1,f3_dup_a|f6_suppressor|f7_weak|f8_bigcoef|noise_0,1001111,5,-4.2942168329238894,0.0295996446298123,0.6883901193348558,0.7548239943865932,-4.21753683634919,0.0766799965746996
1,f4_dup_b|f5_null|f6_suppressor|f7_weak|f8_bigcoef,111110,5,-4.29798398513794,0.0296907203020003,0.6846229671208057,0.7548239943865932,-4.215892664590016,0.0820913205479234
1,f4_dup_b|f5_null|f6_suppressor|f7_weak|noise_0,111101,5,-4.579718926239014,0.0295415098040472,0.4028880260197311,0.4792355347418139,-4.492127098683885,0.087591827555129
1,f4_dup_b|f5_null|f6_suppressor|f8_bigcoef|noise_0,111011,5,-4.388929825305938,0.0292328114541895,0.5936771269528069,0.6720667751478063,-4.300178512804439,0.0887513125014995
1,f4_dup_b|f5_null|f7_weak|f8_bigcoef|noise_0,110111,5,-4.300734163284302,0.0292889867687211,0.6818727889744434,0.7548239943865932,-4.215892664590016,0.0848414986942858
1,f4_dup_b|f6_suppressor|f7_weak|f8_bigcoef|noise_0,101111,5,-4.294869184780121,0.0297501731303711,0.687737767478624,0.7548239943865932,-4.215892664590016,0.0789765201901051
1,f5_null|f6_suppressor|f7_weak|f8_bigcoef|noise_0,11111,5,-4.607605654525757,0.0318176488045255,0.3750012977329886,0.4293308095187594,-4.528096470063545,0.0795091844622115
1,f1_strong_t1|f2_strong_t2|f3_dup_a|f4_dup_b|f5_null|f6_suppressor,111111000,6,-2.0815518144607545,0.0343377497909408,2.9010551377979907,3.1074079542205526,-1.8651087705614784,0.2164430438992761
1,f1_strong_t1|f2_strong_t2|f3_dup_a|f4_dup_b|f5_null|f7_weak,111110100,6,-3.5923050505638123,0.0319349862769271,1.390301901694933,1.477332949177237,-3.4834768756941825,0.1088281748696298
1,f1_strong_t1|f2_strong_t2|f3_dup_a|f4_dup_b|f5_null|f8_bigcoef,111110010,6,-3.3955481479644773,0.0313598183381303,1.587058804294268,1.6701641895832289,-3.291528289814737,0.1040198581497402
1,f1_strong_t1|f2_strong_t2|f3_dup_a|f4_dup_b|f5_null|noise_0,111110001,6,-3.727708469581604,0.0318876556129058,1.2548984826771412,1.3235905993032566,-3.627655899357192,0.1000525702244123
1,f1_strong_t1|f2_strong_t2|f3_dup_a|f4_dup_b|f6_suppressor|f7_weak,111101100,6,-1.920452809619904,0.0340582592576062,3.0621541426388417,3.261150304094533,-1.7209297468984697,0.1995230627214339
1,f1_strong_t1|f2_strong_t2|f3_dup_a|f4_dup_b|f6_suppressor|f8_bigcoef,111101010,6,-1.7255804620742798,0.0335297191108291,3.257026490184465,3.4539815445005253,-1.5289811610190234,0.1965993010552564
1,f1_strong_t1|f2_strong_t2|f3_dup_a|f4_dup_b|f6_suppressor|noise_0,111101001,6,-2.071724476528168,0.0343513077155942,2.9108824757305776,3.1074079542205526,-1.8651087705614784,0.2066157059666893
1,f1_strong_t1|f2_strong_t2|f3_dup_a|f4_dup_b|f7_weak|f8_bigcoef,111100110,6,-3.3174743010520933,0.0320381306593385,1.665132651206652,1.752921408822016,-3.2072424416003145,0.1102318594517788
1,f1_strong_t1|f2_strong_t2|f3_dup_a|f4_dup_b|f7_weak|noise_0,111100101,6,-3.586861944293976,0.0316323431294066,1.3957450079647695,1.477332949177237,-3.4834768756941825,0.1033850685997932
1,f1_strong_t1|f2_strong_t2|f3_dup_a|f4_dup_b|f8_bigcoef|noise_0,111100011,6,-3.3947713170051577,0.0311529703042877,1.5878356352535876,1.6701641895832289,-3.291528289814737,0.1032430271904205
1,f1_strong_t1|f2_strong_t2|f3_dup_a|f5_null|f6_suppressor|f7_weak,111011100,6,-1.9686907573699952,0.0336742900471726,3.01391619488875,3.2509530369233715,-1.7315571910075949,0.2371335663624003
1,f1_strong_t1|f2_strong_t2|f3_dup_a|f5_null|f6_suppressor|f8_bigcoef,111011010,6,-1.7580063590049744,0.0330294770185597,3.224600593253771,3.443784277329364,-1.539608605128149,0.2183977538768253
1,f1_strong_t1|f2_strong_t2|f3_dup_a|f5_null|f6_suppressor|noise_0,111011001,6,-2.099116962814331,0.0338300007794853,2.8834899894444144,3.097210687049391,-1.875736214670604,0.2233807481437268
1,f1_strong_t1|f2_strong_t2|f3_dup_a|f5_null|f7_weak|f8_bigcoef,111010110,6,-3.333274048423767,0.0306417051546071,1.6493329038349782,1.742724141650854,-3.21786988570944,0.1154041627143271
1,f1_strong_t1|f2_strong_t2|f3_dup_a|f5_null|f7_weak|noise_0,111010101,6,-3.6075633501052855,0.0307142930443692,1.3750436021534598,1.467135682006075,-3.4941043198033093,0.1134590303019762
1,f1_strong_t1|f2_strong_t2|f3_dup_a|f5_null|f8_bigcoef|noise_0,111010011,6,-3.413236369895935,0.0299325280835927,1.56937058236281,1.6599669224120674,-3.302155733923863,0.1110806359720721
1,f1_strong_t1|f2_strong_t2|f3_dup_a|f6_suppressor|f7_weak|f8_bigcoef,111001110,6,-1.671292235469818,0.0331632443118611,3.311314716788927,3.52654149656815,-1.455322756913727,0.215969478556091
1,f1_strong_t1|f2_strong_t2|f3_dup_a|f6_suppressor|f7_weak|noise_0,111001101,6,-1.963270093250275,0.0333260039224195,3.0193368590084706,3.2509530369233715,-1.7315571910075949,0.2317129022426798
1,f1_strong_t1|f2_strong_t2|f3_dup_a|f6_suppressor|f8_bigcoef|noise_0,111001011,6,-1.752253664493561,0.032529337134251,3.2303532877651846,3.443784277329364,-1.539608605128149,0.2126450593654116
1,f1_strong_t1|f2_strong_t2|f3_dup_a|f7_weak|f8_bigcoef|noise_0,111000111,6,-3.331276424217224,0.0304360229207473,1.6513305280415214,1.742724141650854,-3.2178698857094394,0.1134065385077844
1,f1_strong_t1|f2_strong_t2|f4_dup_b|f5_null|f6_suppressor|f7_weak,110111100,6,-1.9566525784492488,0.0330314071873877,3.025954373809496,3.2509530369233715,-1.7299130192484211,0.2267395592008281
1,f1_strong_t1|f2_strong_t2|f4_dup_b|f5_null|f6_suppressor|f8_bigcoef,110111010,6,-1.7593853757858275,0.0328737583064412,3.223221576472918,3.443784277329364,-1.5379644333689753,0.2214209424168522
1,f1_strong_t1|f2_strong_t2|f4_dup_b|f5_null|f6_suppressor|noise_0,110111001,6,-2.0954183444976806,0.0332354616943632,2.8871886077610647,3.097210687049391,-1.8740920429114305,0.2213263015862503
1,f1_strong_t1|f2_strong_t2|f4_dup_b|f5_null|f7_weak|f8_bigcoef,110110110,6,-3.332428982830048,0.0305241158486705,1.6501779694286975,1.742724141650854,-3.216225713950266,0.1162032688797816
1,f1_strong_t1|f2_strong_t2|f4_dup_b|f5_null|f7_weak|noise_0,110110101,6,-3.602670173740387,0.0301891310037711,1.3799367785183585,1.467135682006075,-3.492460148044135,0.1102100256962517
1,f1_strong_t1|f2_strong_t2|f4_dup_b|f5_null|f8_bigcoef|noise_0,110110011,6,-3.4122544589996338,0.0298767011237429,1.5703524932591115,1.6599669224120674,-3.3005115621646897,0.1117428968349441
1,f1_strong_t1|f2_strong_t2|f4_dup_b|f6_suppressor|f7_weak|f8_bigcoef,110101110,6,-1.6690733794212342,0.033353460916558,3.313533572837512,3.52654149656815,-1.4536785851545533,0.2153947942666809
1,f1_strong_t1|f2_strong_t2|f4_dup_b|f6_suppressor|f7_weak|noise_0,110101101,6,-1.9437094758033755,0.0329444596662591,3.03889747645537,3.2509530369233715,-1.7299130192484216,0.2137964565549537
1,f1_strong_t1|f2_strong_t2|f4_dup_b|f6_suppressor|f8_bigcoef|noise_0,110101011,6,-1.7488897214889527,0.0327398059460472,3.233717230769793,3.443784277329364,-1.5379644333689753,0.2109252881199774
1,f1_strong_t1|f2_strong_t2|f4_dup_b|f7_weak|f8_bigcoef|noise_0,110100111,6,-3.3299831845283507,0.030371336756412,1.6526237677303943,1.742724141650854,-3.216225713950266,0.1137574705780846
1,f1_strong_t1|f2_strong_t2|f5_null|f6_suppressor|f7_weak|f8_bigcoef,110011110,6,-2.0021588697433472,0.0362055952423468,2.980448082515398,3.201048311700317,-1.765882390628082,0.2362764791152651
1,f1_strong_t1|f2_strong_t2|f5_null|f6_suppressor|f7_weak|noise_0,110011101,6,-2.2641890818595884,0.0356990544931506,2.718417870399157,2.9254598520555377,-2.0421168247219508,0.2220722571376376
1,f1_strong_t1|f2_strong_t2|f5_null|f6_suppressor|f8_bigcoef|noise_0,110011011,6,-2.067868089199066,0.0354099917116954,2.914738863059679,3.11829109246153,-1.8501682388425047,0.2176998503565614
1,f1_strong_t1|f2_strong_t2|f5_null|f7_weak|f8_bigcoef|noise_0,110010111,6,-3.641293361854553,0.0325607927995315,1.3413135904041922,1.4172309567830204,-3.528429519423795,0.1128638424307579
1,f1_strong_t1|f2_strong_t2|f6_suppressor|f7_weak|f8_bigcoef|noise_0,110001111,6,-1.986882306098938,0.0355055946025955,2.9957246461598075,3.201048311700317,-1.765882390628082,0.2209999154708559
1,f1_strong_t1|f3_dup_a|f4_dup_b|f5_null|f6_suppressor|f7_weak,101111100,6,-2.7455670793533327,0.0336839129086066,2.2370398729054126,2.456431347877483,-2.543863855140388,0.2017032242129448
1,f1_strong_t1|f3_dup_a|f4_dup_b|f5_null|f6_suppressor|f8_bigcoef,101111010,6,-2.5460898657798765,0.032902132107256,2.4365170864788688,2.6492625882834755,-2.351915269260941,0.1941745965189349
1,f1_strong_t1|f3_dup_a|f4_dup_b|f5_null|f6_suppressor|noise_0,101111001,6,-2.8652704800605773,0.0338478580657189,2.117336472198168,2.302688998003503,-2.688042878803397,0.1772276012571803
1,f1_strong_t1|f3_dup_a|f4_dup_b|f5_null|f7_weak|f8_bigcoef,101110110,6,-4.1144735314369205,0.031280984465538,0.8681334208218248,0.9482024526049658,-4.030176549842233,0.0842969815946874
1,f1_strong_t1|f3_dup_a|f4_dup_b|f5_null|f7_weak|noise_0,101110101,6,-4.401236983585358,0.0316164682321314,0.5813699686733873,0.6726139929601865,-4.306410983936101,0.0948259996492568
1,f1_strong_t1|f3_dup_a|f4_dup_b|f5_null|f8_bigcoef|noise_0,101110011,6,-4.203756460571289,0.030813734642757,0.7788504916874563,0.8654452333661787,-4.114462398056656,0.0892940625146332
1,f1_strong_t1|f3_dup_a|f4_dup_b|f6_suppressor|f7_weak|f8_bigcoef,101101110,6,-2.449400518226624,0.03367155779077,2.5332064340321216,2.732019807522262,-2.267629421046519,0.1817710971801047
1,f1_strong_t1|f3_dup_a|f4_dup_b|f6_suppressor|f7_weak|noise_0,101101101,6,-2.738676466941833,0.0340847700372184,2.243930485316912,2.456431347877483,-2.543863855140388,0.1948126118014457
1,f1_strong_t1|f3_dup_a|f4_dup_b|f6_suppressor|f8_bigcoef|noise_0,101101011,6,-2.5196465393066405,0.0330244071495654,2.4629604129521048,2.6492625882834755,-2.351915269260941,0.167731270045699
1,f1_strong_t1|f3_dup_a|f4_dup_b|f7_weak|f8_bigcoef|noise_0,101100111,6,-4.114851446533203,0.0313994287923187,0.8677555057255422,0.9482024526049658,-4.030176549842233,0.08467489669097
1,f1_strong_t1|f3_dup_a|f5_null|f6_suppressor|f7_weak|f8_bigcoef,101011110,6,-2.49695064573288,0.03268757469973,2.4856563065258657,2.7218225403511003,-2.278256865155645,0.2186937805772344
1,f1_strong_t1|f3_dup_a|f5_null|f6_suppressor|f7_weak|noise_0,101011101,6,-2.768063584423065,0.0330017715838234,2.21454336783568,2.446234080706321,-2.554491299249513,0.2135722851735519
1,f1_strong_t1|f3_dup_a|f5_null|f6_suppressor|f8_bigcoef|noise_0,101011011,6,-2.556712561225891,0.0319169933252547,2.425894391032854,2.639065321112313,-2.362542713370068,0.1941698478558233
1,f1_strong_t1|f3_dup_a|f5_null|f7_weak|f8_bigcoef|noise_0,101010111,6,-4.137187537384033,0.0301340727972055,0.8454194148747121,0.938005185433804,-4.040803993951359,0.0963835434326743
1,f1_strong_t1|f3_dup_a|f6_suppressor|f7_weak|f8_bigcoef|noise_0,101001111,6,-2.487976365661621,0.0322456430984267,2.494630586597124,2.7218225403511003,-2.278256865155645,0.209719500505976
1,f1_strong_t1|f4_dup_b|f5_null|f6_suppressor|f7_weak|f8_bigcoef,100111110,6,-2.5030078603744506,0.0330486091211255,2.4795990918842947,2.7218225403511003,-2.2766126933964714,0.2263951669779791
1,f1_strong_t1|f4_dup_b|f5_null|f6_suppressor|f7_weak|noise_0,100111101,6,-2.758385296726227,0.0330772696181459,2.2242216555325185,2.446234080706321,-2.55284712749034,0.2055381692358868
1,f1_strong_t1|f4_dup_b|f5_null|f6_suppressor|f8_bigcoef|noise_0,100111011,6,-2.553780865573883,0.0323367216640006,2.4288260866848623,2.639065321112313,-2.3608985416108945,0.1928823239629884
1,f1_strong_t1|f4_dup_b|f5_null|f7_weak|f8_bigcoef|noise_0,100110111,6,-4.143777476501465,0.0303640867930449,0.8388294757572803,0.938005185433804,-4.039159822192186,0.1046176543092789
1,f1_strong_t1|f4_dup_b|f6_suppressor|f7_weak|f8_bigcoef|noise_0,100101111,6,-2.4698389468193054,0.0328470716574336,2.51276800543944,2.7218225403511003,-2.2766126933964714,0.1932262534228339
1,f1_strong_t1|f5_null|f6_suppressor|f7_weak|f8_bigcoef|noise_0,100011111,6,-2.79562021112442,0.0354055413810887,2.186986741134325,2.3963293554832665,-2.588816498870001,0.2068037122544193
1,f2_strong_t2|f3_dup_a|f4_dup_b|f5_null|f6_suppressor|f7_weak,11111100,6,-3.758535865783692,0.0315156715302427,1.2240710864750537,1.2941517581300257,-3.660209718092013,0.0983261476916785
1,f2_strong_t2|f3_dup_a|f4_dup_b|f5_null|f6_suppressor|f8_bigcoef,11111010,6,-3.5645176337242126,0.0312142281733582,1.418089318534533,1.486982998536018,-3.468261132212568,0.096256501511645
1,f2_strong_t2|f3_dup_a|f4_dup_b|f5_null|f6_suppressor|noise_0,11111001,6,-3.892250837612152,0.0313602062651144,1.090356114646593,1.1404094082560454,-3.804388741755023,0.0878620958571296
1,f2_strong_t2|f3_dup_a|f4_dup_b|f5_null|f7_weak|f8_bigcoef,11110110,6,-3.4839977186203,0.0313854828257594,1.4986092336384451,1.5697402177748048,-3.3839752839981445,0.1000224346221556
1,f2_strong_t2|f3_dup_a|f4_dup_b|f5_null|f7_weak|noise_0,11110101,6,-3.754456858825684,0.030697754848186,1.2281500934330616,1.2941517581300257,-3.660209718092013,0.0942471407336706
1,f2_strong_t2|f3_dup_a|f4_dup_b|f5_null|f8_bigcoef|noise_0,11110011,6,-3.566772620677948,0.0306431394469341,1.4158343315807973,1.486982998536018,-3.468261132212568,0.0985114884653803
1,f2_strong_t2|f3_dup_a|f4_dup_b|f6_suppressor|f7_weak|f8_bigcoef,11101110,6,-3.4813133021354674,0.0318209373913303,1.501293650123278,1.5697402177748048,-3.3839752839981445,0.0973380181373229
1,f2_strong_t2|f3_dup_a|f4_dup_b|f6_suppressor|f7_weak|noise_0,11101101,6,-3.7551216648101806,0.0311455975892571,1.2274852874485649,1.2941517581300257,-3.660209718092013,0.0949119467181676
1,f2_strong_t2|f3_dup_a|f4_dup_b|f6_suppressor|f8_bigcoef|noise_0,11101011,6,-3.56450164308548,0.0309343871396977,1.4181053091732654,1.486982998536018,-3.468261132212568,0.0962405108729123
1,f2_strong_t2|f3_dup_a|f4_dup_b|f7_weak|f8_bigcoef|noise_0,11100111,6,-3.4784540272712707,0.0310563835676257,1.5041529249874743,1.5697402177748048,-3.3839752839981445,0.0944787432731262
1,f2_strong_t2|f3_dup_a|f5_null|f6_suppressor|f7_weak|f8_bigcoef,11011110,6,-3.5019374828338625,0.0304822485996841,1.4806694694248828,1.5595429506036431,-3.394602728107272,0.1073347547265912
1,f2_strong_t2|f3_dup_a|f5_null|f6_suppressor|f7_weak|noise_0,11011101,6,-3.772394320869446,0.0301803021411659,1.2102126313892994,1.2839544909588645,-3.6708371622011393,0.1015571586683066
1,f2_strong_t2|f3_dup_a|f5_null|f6_suppressor|f8_bigcoef|noise_0,11011011,6,-3.5843054613113403,0.0297334654403593,1.398301490947405,1.4767857313648562,-3.478888576321694,0.1054168849896464
1,f2_strong_t2|f3_dup_a|f5_null|f7_weak|f8_bigcoef|noise_0,11010111,6,-3.504039080524445,0.0298728375337088,1.4785678717343007,1.5595429506036431,-3.394602728107272,0.1094363524171733
1,f2_strong_t2|f3_dup_a|f6_suppressor|f7_weak|f8_bigcoef|noise_0,11001111,6,-3.4992391306877138,0.0303543476425805,1.4833678215710315,1.5595429506036431,-3.394602728107272,0.1046364025804424
1,f2_strong_t2|f4_dup_b|f5_null|f6_suppressor|f7_weak|f8_bigcoef,10111110,6,-3.501251627635956,0.0304062460474491,1.4813553246227893,1.5595429506036431,-3.392958556348098,0.108293071287858
1,f2_strong_t2|f4_dup_b|f5_null|f6_suppressor|f7_weak|noise_0,10111101,6,-3.770056062698364,0.0296577513173188,1.2125508895603812,1.2839544909588645,-3.669192990441967,0.1008630722563972
1,f2_strong_t2|f4_dup_b|f5_null|f6_suppressor|f8_bigcoef|noise_0,10111011,6,-3.582713813304901,0.0296946445102013,1.399893138953844,1.4767857313648562,-3.4772444045625206,0.1054694087423806
1,f2_strong_t2|f4_dup_b|f5_null|f7_weak|f8_bigcoef|noise_0,10110111,6,-3.50262068567276,0.0297434203069287,1.479986266585985,1.5595429506036431,-3.392958556348098,0.1096621293246622
1,f2_strong_t2|f4_dup_b|f6_suppressor|f7_weak|f8_bigcoef|noise_0,10101111,6,-3.4929853256225587,0.0301640075110883,1.4896216266361866,1.5595429506036431,-3.392958556348098,0.1000267692744607
1,f2_strong_t2|f5_null|f6_suppressor|f7_weak|f8_bigcoef|noise_0,10011111,6,-3.810317238616944,0.0323937581685076,1.1722897136418018,1.2340497657358096,-3.705162361821627,0.1051548767953165
1,f3_dup_a|f4_dup_b|f5_null|f6_suppressor|f7_weak|f8_bigcoef,1111110,6,-4.283816830253601,0.0314392003825657,0.6987901220051445,0.7650212615577549,-4.206909392240064,0.0769074380135368
1,f3_dup_a|f4_dup_b|f5_null|f6_suppressor|f7_weak|noise_0,1111101,6,-4.565591538047791,0.031307594778518,0.4170154142109545,0.4894328019129755,-4.483143826333933,0.0824477117138577
1,f3_dup_a|f4_dup_b|f5_null|f6_suppressor|f8_bigcoef|noise_0,1111011,6,-4.370212394618988,0.0308842043350737,0.6123945576397576,0.682264042318968,-4.291195240454487,0.079017154164501
1,f3_dup_a|f4_dup_b|f5_null|f7_weak|f8_bigcoef|noise_0,1110111,6,-4.281280876255035,0.0308828049815036,0.7013260760037099,0.7650212615577549,-4.206909392240064,0.0743714840149714
1,f3_dup_a|f4_dup_b|f6_suppressor|f7_weak|f8_bigcoef|noise_0,1101111,6,-4.284054496955871,0.0315167545800679,0.6985524553028739,0.7650212615577549,-4.206909392240064,0.0771451047158073
1,f3_dup_a|f5_null|f6_suppressor|f7_weak|f8_bigcoef|noise_0,1011111,6,-4.304405814456939,0.029984852002225,0.678201137801806,0.7548239943865932,-4.21753683634919,0.0868689781077494
1,f4_dup_b|f5_null|f6_suppressor|f7_weak|f8_bigcoef|noise_0,111111,6,-4.307008045768738,0.0301644384143077,0.6755989064900074,0.7548239943865932,-4.215892664590016,0.0911153811787217
1,f1_strong_t1|f2_strong_t2|f3_dup_a|f4_dup_b|f5_null|f6_suppressor|f7_weak,111111100,7,-1.938038179779053,0.0347152021449701,3.0445687724796926,3.261150304094533,-1.7209297468984697,0.217108432880583
1,f1_strong_t1|f2_strong_t2|f3_dup_a|f4_dup_b|f5_null|f6_suppressor|f8_bigcoef,111111010,7,-1.7487863557815553,0.0342488086466976,3.23382059647719,3.4539815445005253,-1.5289811610190234,0.2198051947625319
1,f1_strong_t1|f2_strong_t2|f3_dup_a|f4_dup_b|f5_null|f6_suppressor|noise_0,111111001,7,-2.0731527198791504,0.034700353432069,2.909454232379595,3.1074079542205526,-1.8651087705614784,0.208043949317672
1,f1_strong_t1|f2_strong_t2|f3_dup_a|f4_dup_b|f5_null|f7_weak|f8_bigcoef,111110110,7,-3.320260349750519,0.0322726492903706,1.6623466025082263,1.752921408822016,-3.2072424416003145,0.1130179081502045
1,f1_strong_t1|f2_strong_t2|f3_dup_a|f4_dup_b|f5_null|f7_weak|noise_0,111110101,7,-3.5926024735450746,0.0320541046054447,1.3900044787136707,1.477332949177237,-3.4834768756941825,0.109125597850892
1,f1_strong_t1|f2_strong_t2|f3_dup_a|f4_dup_b|f5_null|f8_bigcoef|noise_0,111110011,7,-3.4002985307693483,0.0315340851869751,1.582308421489397,1.6701641895832289,-3.291528289814737,0.1087702409546111
1,f1_strong_t1|f2_strong_t2|f3_dup_a|f4_dup_b|f6_suppressor|f7_weak|f8_bigcoef,111101110,7,-1.6451548042297364,0.0347662116377489,3.337452148029009,3.5367387637393115,-1.4446953128046012,0.2004594914251352
1,f1_strong_t1|f2_strong_t2|f3_dup_a|f4_dup_b|f6_suppressor|f7_weak|noise_0,111101101,7,-1.9363534399986264,0.0346684871686722,3.046253512260119,3.261150304094533,-1.7209297468984697,0.2154236931001569
1,f1_strong_t1|f2_strong_t2|f3_dup_a|f4_dup_b|f6_suppressor|f8_bigcoef|noise_0,111101011,7,-1.732401826572418,0.0339017271477755,3.250205125686328,3.4539815445005253,-1.5289811610190234,0.2034206655533947
1,f1_strong_t1|f2_strong_t2|f3_dup_a|f4_dup_b|f7_weak|f8_bigcoef|noise_0,111100111,7,-3.315807779407501,0.0320919778583531,1.666799172851244,1.752921408822016,-3.2072424416003145,0.1085653378071866
1,f1_strong_t1|f2_strong_t2|f3_dup_a|f5_null|f6_suppressor|f7_weak|f8_bigcoef,111011110,7,-1.689777419757843,0.0338999403295601,3.2928295325009023,3.52654149656815,-1.4553227569137268,0.2344546628441162
1,f1_strong_t1|f2_strong_t2|f3_dup_a|f5_null|f6_suppressor|f7_weak|noise_0,111011101,7,-1.977801263332367,0.0341693911099261,3.0048056889263783,3.2509530369233715,-1.7315571910075949,0.246244072324772
1,f1_strong_t1|f2_strong_t2|f3_dup_a|f5_null|f6_suppressor|f8_bigcoef|noise_0,111011011,7,-1.7623961874008178,0.033221504532842,3.2202107648579275,3.443784277329364,-1.539608605128149,0.2227875822726688
1,f1_strong_t1|f2_strong_t2|f3_dup_a|f5_null|f7_weak|f8_bigcoef|noise_0,111010111,7,-3.3406190957069395,0.0308019542400191,1.6419878565518058,1.742724141650854,-3.21786988570944,0.1227492099974996
1,f1_strong_t1|f2_strong_t2|f3_dup_a|f6_suppressor|f7_weak|f8_bigcoef|noise_0,111001111,7,-1.6876930010795592,0.0333992068614887,3.2949139511791863,3.52654149656815,-1.455322756913727,0.2323702441658321
1,f1_strong_t1|f2_strong_t2|f4_dup_b|f5_null|f6_suppressor|f7_weak|f8_bigcoef,110111110,7,-1.6942169807434082,0.0340855429720534,3.288389971515337,3.52654149656815,-1.4536785851545533,0.2405383955888549
1,f1_strong_t1|f2_strong_t2|f4_dup_b|f5_null|f6_suppressor|f7_weak|noise_0,110111101,7,-1.958226212787628,0.0334155749879641,3.024380739471117,3.2509530369233715,-1.7299130192484211,0.2283131935392071
1,f1_strong_t1|f2_strong_t2|f4_dup_b|f5_null|f6_suppressor|f8_bigcoef|noise_0,110111011,7,-1.756985334300995,0.0330502192558776,3.22562161795775,3.443784277329364,-1.5379644333689753,0.2190209009320196
1,f1_strong_t1|f2_strong_t2|f4_dup_b|f5_null|f7_weak|f8_bigcoef|noise_0,110110111,7,-3.3374958117485045,0.0307072372108403,1.6451111405102408,1.742724141650854,-3.216225713950266,0.1212700977982383
1,f1_strong_t1|f2_strong_t2|f4_dup_b|f6_suppressor|f7_weak|f8_bigcoef|noise_0,110101111,7,-1.672837526321411,0.033685952889609,3.3097694259373345,3.52654149656815,-1.4536785851545533,0.2191589411668577
1,f1_strong_t1|f2_strong_t2|f5_null|f6_suppressor|f7_weak|f8_bigcoef|noise_0,110011111,7,-2.0011508524894714,0.0361866335116279,2.981456099769274,3.201048311700317,-1.765882390628082,0.2352684618613894
1,f1_strong_t1|f3_dup_a|f4_dup_b|f5_null|f6_suppressor|f7_weak|f8_bigcoef,101111110,7,-2.476384864044189,0.0342452724654069,2.506222088214556,2.732019807522262,-2.267629421046519,0.2087554429976705
1,f1_strong_t1|f3_dup_a|f4_dup_b|f5_null|f6_suppressor|f7_weak|noise_0,101111101,7,-2.738662436389923,0.0342845243197548,2.2439445158688223,2.456431347877483,-2.543863855140388,0.1947985812495352
1,f1_strong_t1|f3_dup_a|f4_dup_b|f5_null|f6_suppressor|f8_bigcoef|noise_0,101111011,7,-2.529868257808685,0.0334140555372518,2.45273869445006,2.6492625882834755,-2.351915269260941,0.177952988547744
1,f1_strong_t1|f3_dup_a|f4_dup_b|f5_null|f7_weak|f8_bigcoef|noise_0,101110111,7,-4.123077469635009,0.0317599131856327,0.8595294826237359,0.9482024526049658,-4.030176549842233,0.0929009197927763
1,f1_strong_t1|f3_dup_a|f4_dup_b|f6_suppressor|f7_weak|f8_bigcoef|noise_0,101101111,7,-2.458626448059082,0.0341743443407016,2.5239805041996632,2.732019807522262,-2.267629421046519,0.1909970270125631
1,f1_strong_t1|f3_dup_a|f5_null|f6_suppressor|f7_weak|f8_bigcoef|noise_0,101011111,7,-2.4986510307312013,0.0328740723043968,2.483955921527544,2.7218225403511003,-2.278256865155645,0.2203941655755561
1,f1_strong_t1|f4_dup_b|f5_null|f6_suppressor|f7_weak|f8_bigcoef|noise_0,100111111,7,-2.4828461500167847,0.0335177430917426,2.4997608022419606,2.7218225403511003,-2.2766126933964714,0.2062334566203132
1,f2_strong_t2|f3_dup_a|f4_dup_b|f5_null|f6_suppressor|f7_weak|f8_bigcoef,11111110,7,-3.488064323806763,0.0321954461447259,1.4945426284519825,1.5697402177748048,-3.3839752839981445,0.1040890398086182
1,f2_strong_t2|f3_dup_a|f4_dup_b|f5_null|f6_suppressor|f7_weak|noise_0,11111101,7,-3.758751118278504,0.0315827785530521,1.2238558339802417,1.2941517581300257,-3.660209718092013,0.0985414001864906
1,f2_strong_t2|f3_dup_a|f4_dup_b|f5_null|f6_suppressor|f8_bigcoef|noise_0,11111011,7,-3.5709968551635742,0.0314118381926711,1.411610097095171,1.486982998536018,-3.468261132212568,0.1027357229510066
1,f2_strong_t2|f3_dup_a|f4_dup_b|f5_null|f7_weak|f8_bigcoef|noise_0,11110111,7,-3.486902140426636,0.0314112395166229,1.4957048118321097,1.5697402177748048,-3.3839752839981445,0.1029268564284913
1,f2_strong_t2|f3_dup_a|f4_dup_b|f6_suppressor|f7_weak|f8_bigcoef|noise_0,11101111,7,-3.483429942893982,0.0319039449311353,1.4991770093647632,1.5697402177748048,-3.3839752839981445,0.0994546588958376
1,f2_strong_t2|f3_dup_a|f5_null|f6_suppressor|f7_weak|f8_bigcoef|noise_0,11011111,7,-3.509427172279358,0.0306888236789421,1.473179779979387,1.5595429506036431,-3.394602728107272,0.1148244441720867
1,f2_strong_t2|f4_dup_b|f5_null|f6_suppressor|f7_weak|f8_bigcoef|noise_0,10111111,7,-3.504360780239105,0.0305757402151771,1.4782461720196405,1.5595429506036431,-3.392958556348098,0.111402223891007
1,f3_dup_a|f4_dup_b|f5_null|f6_suppressor|f7_weak|f8_bigcoef|noise_0,1111111,7,-4.290508244991303,0.0318317353276511,0.6920987072674425,0.7650212615577549,-4.206909392240064,0.0835988527512388
1,f1_strong_t1|f2_strong_t2|f3_dup_a|f4_dup_b|f5_null|f6_suppressor|f7_weak|f8_bigcoef,111111110,8,-1.6675282405853271,0.0353746069094441,3.315078711673418,3.5367387637393115,-1.4446953128046012,0.2228329277807259
1,f1_strong_t1|f2_strong_t2|f3_dup_a|f4_dup_b|f5_null|f6_suppressor|f7_weak|noise_0,111111101,8,-1.93939020652771,0.0349956285685088,3.043216745731036,3.261150304094533,-1.7209297468984697,0.2184604596292403
1,f1_strong_t1|f2_strong_t2|f3_dup_a|f4_dup_b|f5_null|f6_suppressor|f8_bigcoef|noise_0,111111011,8,-1.7419535821914671,0.0344664275309208,3.240653370067278,3.4539815445005253,-1.5289811610190234,0.2129724211724439
1,f1_strong_t1|f2_strong_t2|f3_dup_a|f4_dup_b|f5_null|f7_weak|f8_bigcoef|noise_0,111110111,8,-3.3203618461608886,0.0323810359461957,1.6622451060978567,1.752921408822016,-3.2072424416003145,0.1131194045605741
1,f1_strong_t1|f2_strong_t2|f3_dup_a|f4_dup_b|f6_suppressor|f7_weak|f8_bigcoef|noise_0,111101111,8,-1.6561088587760926,0.035004207122245,3.3264980934826527,3.5367387637393115,-1.4446953128046012,0.2114135459714914
1,f1_strong_t1|f2_strong_t2|f3_dup_a|f5_null|f6_suppressor|f7_weak|f8_bigcoef|noise_0,111011111,8,-1.7014332258224487,0.0340759593168111,3.281173726436297,3.52654149656815,-1.4553227569137268,0.2461104689087219
1,f1_strong_t1|f2_strong_t2|f4_dup_b|f5_null|f6_suppressor|f7_weak|f8_bigcoef|noise_0,110111111,8,-1.68830242061615,0.0340993772842979,3.294304531642595,3.52654149656815,-1.4536785851545533,0.2346238354615966
1,f1_strong_t1|f3_dup_a|f4_dup_b|f5_null|f6_suppressor|f7_weak|f8_bigcoef|noise_0,101111111,8,-2.4581307901382448,0.0343796173115591,2.5244761621205005,2.732019807522262,-2.267629421046519,0.1905013690917258
1,f2_strong_t2|f3_dup_a|f4_dup_b|f5_null|f6_suppressor|f7_weak|f8_bigcoef|noise_0,11111111,8,-3.4904642850875853,0.0322708802413371,1.49214266717116,1.5697402177748048,-3.3839752839981445,0.1064890010894408
1,f1_strong_t1|f2_strong_t2|f3_dup_a|f4_dup_b|f5_null|f6_suppressor|f7_weak|f8_bigcoef|noise_0,111111111,9,-1.662153960132599,0.0353606758985829,3.320452992126146,3.5367387637393115,-1.4446953128046012,0.2174586473279978
5,none,0,0,-4.9660846765518185,0.0289787672255322,0.0165222757069267,0.0,-4.948509927820423,0.0175747487313957
5,f1_strong_t1,100000000,1,-4.80659098033905,0.0298873445690697,0.1760159719196954,0.1831811910472108,-4.771777085422592,0.034813894916458
5,f2_strong_t2,10000000,1,-4.168746628379822,0.0290964222374369,0.8138603238789237,0.8047189562170504,-4.125575819578504,0.0431708088013174
5,f3_dup_a,1000000,1,-4.686587296295166,0.0281930486936321,0.2960196559635797,0.3254931848678336,-4.637950294106068,0.048637002189098
5,f4_dup_b,100000,1,-4.684575553226471,0.0279057983078516,0.2980313990322747,0.3254931848678336,-4.636306122346894,0.0482694308795768
5,f5_null,10000,1,-4.975183185195923,0.0293514776290821,0.0074237670628223,0.0,-4.948509927820423,0.0266732573755001
5,f6_suppressor,1000,1,-4.970394965648652,0.0294079467394238,0.0122119866100938,0.0,-4.948509927820423,0.0218850378282287
5,f7_weak,100,1,-4.830523968315124,0.028866069241169,0.1520829839436208,0.1537423498739802,-4.804330904157414,0.0261930641577103
5,f8_bigcoef,10,1,-4.646571120452881,0.0287598160954732,0.336035831805864,0.3465735902799726,-4.612382318277969,0.0341888021749126
5,noise_0,1,1,-4.974589532852173,0.0291667282876014,0.0080174194065723,0.0,-4.948509927820423,0.0260796050317502
5,f1_strong_t1|f2_strong_t2,110000000,2,-4.013451956176758,0.0301223892807001,0.9691549960819872,0.9879001472642612,-3.948842977180674,0.0646089789960839
5,f1_strong_t1|f3_dup_a,101000000,2,-4.523728878974914,0.0293080798496897,0.4588780732838309,0.5086743759150446,-4.4612174517082375,0.0625114272666769
5,f1_strong_t1|f4_dup_b,100100000,2,-4.5177209406852725,0.0286908995011745,0.4648860115734727,0.5086743759150446,-4.459573279949064,0.0581476607362088
5,f1_strong_t1|f5_null,100010000,2,-4.815003005123138,0.0301387652363593,0.167603947135607,0.1831811910472108,-4.771777085422592,0.0432259197005464
5,f1_strong_t1|f6_suppressor,100001000,2,-3.1547658593177794,0.0312646183095848,1.8278410929409656,1.9669985459645072,-3.009229956626878,0.1455359026909013
5,f1_strong_t1|f7_weak,100000100,2,-4.668066944503784,0.0298678945162788,0.3145400077549611,0.3369235409211911,-4.627598061759583,0.040468882744201
5,f1_strong_t1|f8_bigcoef,100000010,2,-4.486844201946258,0.0295715297701022,0.4957627503124868,0.5297547813271836,-4.435649475880138,0.0511947260661207
5,f1_strong_t1|noise_0,100000001,2,-4.816467799091339,0.0299131793889416,0.1661391531674061,0.1831811910472108,-4.771777085422592,0.0446907136687473
5,f2_strong_t2|f3_dup_a,11000000,2,-3.888751573419571,0.0282953405244469,1.0938553788391745,1.130212141084884,-3.815016185864149,0.0737353875554225
5,f2_strong_t2|f4_dup_b,10100000,2,-3.890199322271347,0.0279424071070955,1.0924076299873984,1.130212141084884,-3.813372014104975,0.0768273081663717
5,f2_strong_t2|f5_null,10010000,2,-4.178803828430175,0.0294480718763556,0.8038031238285699,0.8047189562170504,-4.125575819578504,0.0532280088516712
5,f2_strong_t2|f6_suppressor,10001000,2,-4.179213797283173,0.0299709414229709,0.8033931549755726,0.8047189562170504,-4.125575819578504,0.0536379777046684
5,f2_strong_t2|f7_weak,10000100,2,-4.031744077062607,0.0291271580046425,0.9508628751961384,0.9584613060910306,-3.981396795915495,0.0503472811471117
5,f2_strong_t2|f8_bigcoef,10000010,2,-3.844460008811952,0.0292135022353813,1.1381469434467948,1.151292546497023,-3.7894482100360496,0.0550117987759009
5,f2_strong_t2|noise_0,10000001,2,-4.180829383087159,0.029494472003179,0.8017775691715867,0.8047189562170504,-4.125575819578504,0.0552535635086544
5,f3_dup_a|f4_dup_b,1100000,2,-4.675058076667786,0.0298155487421206,0.3075488755909594,0.3356904520389953,-4.627322849996943,0.0477352266708432
5,f3_dup_a|f5_null,1010000,2,-4.689933084774017,0.0285656851481911,0.2926738674847282,0.3254931848678336,-4.637950294106068,0.0519827906679495
5,f3_dup_a|f6_suppressor,1001000,2,-4.690548318958283,0.0287402545966178,0.2920586333004626,0.3254931848678336,-4.637950294106068,0.0525980248522151
5,f3_dup_a|f7_weak,1000100,2,-4.550215993976593,0.0278160013766338,0.4323909582821521,0.4792355347418139,-4.493771270443058,0.0564447235335352
5,f3_dup_a|f8_bigcoef,1000010,2,-4.368464027023316,0.0278139009867687,0.6141429252354298,0.6720667751478063,-4.3018226845636125,0.0666413424597029
5,f3_dup_a|noise_0,1000001,2,-4.693961474895477,0.0282779277074688,0.2886454773632678,0.3254931848678336,-4.637950294106068,0.0560111807894099
5,f4_dup_b|f5_null,110000,2,-4.693233158016205,0.0282475857283737,0.2893737942425405,0.3254931848678336,-4.636306122346894,0.056927035669311
5,f4_dup_b|f6_suppressor,101000,2,-4.685160242080689,0.0286560543243106,0.2974467101780567,0.3254931848678336,-4.636306122346894,0.0488541197337948
5,f4_dup_b|f7_weak,100100,2,-4.550003353977203,0.0278941528953811,0.4326035982815419,0.4792355347418139,-4.492127098683885,0.0578762552933183
5,f4_dup_b|f8_bigcoef,100010,2,-4.368293990516663,0.0277594029513554,0.6143129617420824,0.6720667751478063,-4.300178512804439,0.0681154777122241
5,f4_dup_b|noise_0,100001,2,-4.693797050952911,0.028117863012538,0.288809901305834,0.3254931848678336,-4.636306122346894,0.0574909286060174
5,f5_null|f6_suppressor,11000,2,-4.979502091217041,0.0297942524006288,0.0031048610417041,0.0,-4.948509927820423,0.0309921633966183
5,f5_null|f7_weak,10100,2,-4.839408574295044,0.0293197781733137,0.1431983779637011,0.1537423498739802,-4.804330904157414,0.03507767013763
5,f5_null|f8_bigcoef,10010,2,-4.655451754188538,0.0290154655942343,0.3271551980702076,0.3465735902799726,-4.612382318277969,0.043069435910569
5,f5_null|noise_0,10001,2,-4.981585927677155,0.0297254101351302,0.0010210245815907,0.0,-4.948509927820423,0.0330759998567318
5,f6_suppressor|f7_weak,1100,2,-4.83589087562561,0.0293952426592897,0.146716076633135,0.1537423498739802,-4.804330904157414,0.0315599714681962
5,f6_suppressor|f8_bigcoef,1010,2,-4.649142827224732,0.0291973347144317,0.3334641250340135,0.3465735902799726,-4.612382318277969,0.036760508946763
5,f6_suppressor|noise_0,1001,2,-4.981673701667786,0.0296375397946125,0.0009332505909593,0.0,-4.948509927820423,0.0331637738473631
5,f7_weak|f8_bigcoef,110,2,-4.5750477479934695,0.0291860925564302,0.4075592042652758,0.4293308095187594,-4.528096470063545,0.0469512779299243
5,f7_weak|noise_0,101,2,-4.836496050930023,0.0290361991832323,0.146110901328722,0.1537423498739802,-4.804330904157414,0.0321651467726091
5,f8_bigcoef|noise_0,11,2,-4.656404350948334,0.0290183630124931,0.3262026013104115,0.3465735902799726,-4.612382318277969,0.044022032670365
5,f1_strong_t1|f2_strong_t2|f3_dup_a,111000000,3,-3.723105109643936,0.0289904066398937,1.2595018426148092,1.3133933321320947,-3.6382833434663175,0.0848217661776185
5,f1_strong_t1|f2_strong_t2|f4_dup_b,110100000,3,-3.726729869556427,0.0286805941505613,1.2558770827023182,1.3133933321320947,-3.636639171707144,0.0900906978492828
5,f1_strong_t1|f2_strong_t2|f5_null,110010000,3,-4.021850461244584,0.0303221352859158,0.9607564910141616,0.9879001472642612,-3.948842977180674,0.0730074840639094
5,f1_strong_t1|f2_strong_t2|f6_suppressor,110001000,3,-2.344563101100922,0.0318790040580858,2.6380438511578235,2.771717502181557,-2.1862958483849595,0.1582672527159623
5,f1_strong_t1|f2_strong_t2|f7_weak,110000100,3,-3.877594827985764,0.0303258510072804,1.1050121242729816,1.1416424971382413,-3.804663953517664,0.0729308744680996
5,f1_strong_t1|f2_strong_t2|f8_bigcoef,110000010,3,-3.685746347904205,0.0297666878773283,1.29686060435454,1.3344737375442337,-3.6127153676382178,0.0730309802659876
5,f1_strong_t1|f2_strong_t2|noise_0,110000001,3,-4.023863295125961,0.0304146926940158,0.958743657132784,0.9879001472642612,-3.948842977180674,0.0750203179452873
5,f1_strong_t1|f3_dup_a|f4_dup_b,101100000,3,-4.516688624572754,0.0310380202235754,0.4659183276859915,0.5188716430862063,-4.45059000759911,0.0660986169736439
5,f1_strong_t1|f3_dup_a|f5_null,101010000,3,-4.523765225505829,0.0293176564302199,0.4588417267529161,0.5086743759150446,-4.4612174517082375,0.0625477737975916
5,f1_strong_t1|f3_dup_a|f6_suppressor,101001000,3,-2.878109657096863,0.0304570208580563,2.1044972951618823,2.292491730832341,-2.6986703229125224,0.1794393341843405
5,f1_strong_t1|f3_dup_a|f7_weak,101000100,3,-4.387172481822968,0.0289115382275522,0.5954344704357775,0.6624167257890249,-4.317038428045227,0.0701340537777408
5,f1_strong_t1|f3_dup_a|f8_bigcoef,101000010,3,-4.206602074623108,0.0286516538963912,0.7760048776356374,0.8552479661950173,-4.125089842165781,0.0815122324573272
5,f1_strong_t1|f3_dup_a|noise_0,101000001,3,-4.534113733673096,0.0291801109193888,0.4484932185856491,0.5086743759150446,-4.4612174517082375,0.0728962819648586
5,f1_strong_t1|f4_dup_b|f5_null,100110000,3,-4.524803795051575,0.028892262287323,0.4578031572071701,0.5086743759150446,-4.459573279949064,0.0652305151025114
5,f1_strong_t1|f4_dup_b|f6_suppressor,100101000,3,-2.867468359565734,0.0299429915024194,2.11513859269301,2.292491730832341,-2.697026151153349,0.1704422084123855
5,f1_strong_t1|f4_dup_b|f7_weak,100100100,3,-4.3835026615142825,0.0287252468235767,0.5991042907444628,0.6624167257890249,-4.315394256286054,0.0681084052282283
5,f1_strong_t1|f4_dup_b|f8_bigcoef,100100010,3,-4.204034328556061,0.0284215767928174,0.7785726237026847,0.8552479661950173,-4.123445670406608,0.0805886581494528
5,f1_strong_t1|f4_dup_b|noise_0,100100001,3,-4.530847471237182,0.028813818711058,0.451759481021563,0.5086743759150446,-4.459573279949064,0.0712741912881185
5,f1_strong_t1|f5_null|f6_suppressor,100011000,3,-3.176692651367188,0.0315780683819658,1.805914300891558,1.9669985459645072,-3.009229956626878,0.1674626947403092
5,f1_strong_t1|f5_null|f7_weak,100010100,3,-4.678759252357483,0.0301489083396818,0.3038476999012625,0.3369235409211911,-4.627598061759583,0.0511611905978997
5,f1_strong_t1|f5_null|f8_bigcoef,100010010,3,-4.494080501747131,0.0297466672086763,0.488526450511614,0.5297547813271836,-4.435649475880138,0.0584310258669935
5,f1_strong_t1|f5_null|noise_0,100010001,3,-4.824530473613739,0.0306001446433428,0.1580764786450066,0.1831811910472108,-4.771777085422592,0.0527533881911468
5,f1_strong_t1|f6_suppressor|f7_weak,100001100,3,-3.0183558782577515,0.0312933651707734,1.9642510740009933,2.1207408958384875,-2.865050932963869,0.1533049452938826
5,f1_strong_t1|f6_suppressor|f8_bigcoef,100001010,3,-2.8454715220451354,0.0311970388360967,2.13713543021361,2.3135721362444794,-2.6731023470844235,0.1723691749607119
5,f1_strong_t1|f6_suppressor|noise_0,100001001,3,-3.154153143501282,0.031398925459922,1.828453808757464,1.9669985459645072,-3.009229956626878,0.1449231868744038
5,f1_strong_t1|f7_weak|f8_bigcoef,100000110,3,-4.4115986369133,0.029970296697851,0.5710083153454457,0.6125120005659704,-4.351363627665714,0.0602350092475854
5,f1_strong_t1|f7_weak|noise_0,100000101,3,-4.6817012528419495,0.029760120884838,0.3009056994167958,0.3369235409211911,-4.627598061759583,0.0541031910823663
5,f1_strong_t1|f8_bigcoef|noise_0,100000011,3,-4.494797241973877,0.029553537205314,0.4878097102848686,0.5297547813271836,-4.435649475880138,0.0591477660937389
5,f2_strong_t2|f3_dup_a|f4_dup_b,11100000,3,-3.880848372411728,0.029925658603048,1.1017585798470173,1.1404094082560454,-3.804388741755023,0.0764596306567053
5,f2_strong_t2|f3_dup_a|f5_null,11010000,3,-3.890317036008835,0.0287320011587579,1.0922899162499102,1.130212141084884,-3.815016185864149,0.0753008501446865
5,f2_strong_t2|f3_dup_a|f6_suppressor,11001000,3,-3.892743969774246,0.029108380234865,1.0898629824844992,1.130212141084884,-3.815016185864149,0.0777277839100976
5,f2_strong_t2|f3_dup_a|f7_weak,11000100,3,-3.750590602970124,0.0281705019210069,1.2320163492886218,1.2839544909588645,-3.6708371622011393,0.0797534407689841
5,f2_strong_t2|f3_dup_a|f8_bigcoef,11000010,3,-3.563863890743256,0.0282077210144931,1.4187430615154897,1.4767857313648562,-3.478888576321694,0.0849753144215617
5,f2_strong_t2|f3_dup_a|noise_0,11000001,3,-3.897579682207108,0.028621667799651,1.0850272700516377,1.130212141084884,-3.815016185864149,0.0825634963429591
5,f2_strong_t2|f4_dup_b|f5_null,10110000,3,-3.9003152661800384,0.0282820391493816,1.0822916860787068,1.130212141084884,-3.813372014104975,0.0869432520750632
5,f2_strong_t2|f4_dup_b|f6_suppressor,10101000,3,-3.897488457202912,0.0290056072766213,1.0851184950558337,1.130212141084884,-3.813372014104975,0.0841164430979364
5,f2_strong_t2|f4_dup_b|f7_weak,10100100,3,-3.7559011938095095,0.0279863974339946,1.2267057584492358,1.2839544909588645,-3.669192990441967,0.0867082033675425
5,f2_strong_t2|f4_dup_b|f8_bigcoef,10100010,3,-3.566265691280365,0.0281044997099291,1.4163412609783803,1.4767857313648562,-3.4772444045625206,0.0890212867178443
5,f2_strong_t2|f4_dup_b|noise_0,10100001,3,-3.9036798864364624,0.0283074688346182,1.078927065822283,1.130212141084884,-3.813372014104975,0.0903078723314871
5,f2_strong_t2|f5_null|f6_suppressor,10011000,3,-4.188271952772141,0.0302568872345501,0.7943349994866047,0.8047189562170504,-4.125575819578504,0.0626961331936364
5,f2_strong_t2|f5_null|f7_weak,10010100,3,-4.038034098100662,0.0295129335814031,0.9445728541580828,0.9584613060910306,-3.981396795915495,0.0566373021851673
5,f2_strong_t2|f5_null|f8_bigcoef,10010010,3,-3.855695516490936,0.0293403642617379,1.1269114357678092,1.151292546497023,-3.7894482100360496,0.0662473064548865
5,f2_strong_t2|f5_null|noise_0,10010001,3,-4.187975089597702,0.0300226041324333,0.7946318626610429,0.8047189562170504,-4.125575819578504,0.0623992700191982
5,f2_strong_t2|f6_suppressor|f7_weak,10001100,3,-4.038539934587479,0.0300177053743005,0.9440670176712668,0.9584613060910306,-3.981396795915495,0.0571431386719836
5,f2_strong_t2|f6_suppressor|f8_bigcoef,10001010,3,-3.8509980016231538,0.0299710337302563,1.1316089506355915,1.151292546497023,-3.7894482100360496,0.0615497915871041
5,f2_strong_t2|f6_suppressor|noise_0,10001001,3,-4.194619145345688,0.0302541227188872,0.7879878069130575,0.8047189562170504,-4.125575819578504,0.0690433257671836
5,f2_strong_t2|f7_weak|f8_bigcoef,10000110,3,-3.769032325601578,0.0297339793563622,1.2135746266571674,1.2340497657358096,-3.705162361821627,0.0638699637799509
5,f2_strong_t2|f7_weak|noise_0,10000101,3,-4.040773518037796,0.029474096710478,0.9418334342209488,0.9584613060910306,-3.981396795915495,0.0593767221223013
5,f2_strong_t2|f8_bigcoef|noise_0,10000011,3,-3.853948893117905,0.029645049273092,1.1286580591408408,1.151292546497023,-3.7894482100360496,0.0645006830818548
5,f3_dup_a|f4_dup_b|f5_null,1110000,3,-4.678430414581299,0.0302341500787232,0.3041765376774465,0.3356904520389953,-4.627322849996943,0.0511075645843561
5,f3_dup_a|f4_dup_b|f6_suppressor,1101000,3,-4.68650639667511,0.0308473199007317,0.2961005555836351,0.3356904520389953,-4.627322849996943,0.0591835466781676
5,f3_dup_a|f4_dup_b|f7_weak,1100100,3,-4.535792832088471,0.029593706096564,0.4468141201702744,0.4894328019129755,-4.483143826333933,0.0526490057545379
5,f3_dup_a|f4_dup_b|f8_bigcoef,1100010,3,-4.351263998794556,0.0295653118931816,0.6313429534641894,0.682264042318968,-4.291195240454487,0.0600687583400691
5,f3_dup_a|f4_dup_b|noise_0,1100001,3,-4.682036099910736,0.0299298185029031,0.3005708523480095,0.3356904520389953,-4.627322849996943,0.0547132499137932
5,f3_dup_a|f5_null|f6_suppressor,1011000,3,-4.6969652633667,0.0290206147569367,0.2856416888920456,0.3254931848678336,-4.637950294106068,0.0590149692606321
5,f3_dup_a|f5_null|f7_weak,1010100,3,-4.554786528301239,0.0283681394563229,0.4278204239575061,0.4792355347418139,-4.493771270443058,0.0610152578581812
5,f3_dup_a|f5_null|f8_bigcoef,1010010,3,-4.370612232780457,0.0281511310234825,0.6119947194782887,0.6720667751478063,-4.3018226845636125,0.0687895482168441
5,f3_dup_a|f5_null|noise_0,1010001,3,-4.697484233665467,0.0288789996144192,0.2851227185932785,0.3254931848678336,-4.637950294106068,0.0595339395593992
5,f3_dup_a|f6_suppressor|f7_weak,1001100,3,-4.551802590322494,0.0284316789675556,0.4308043619362509,0.4792355347418139,-4.493771270443058,0.0580313198794364
5,f3_dup_a|f6_suppressor|f8_bigcoef,1001010,3,-4.36920749206543,0.0283687645381232,0.6133994601933157,0.6720667751478063,-4.3018226845636125,0.067384807501817
5,f3_dup_a|f6_suppressor|noise_0,1001001,3,-4.697842822551728,0.0287558223909693,0.2847641297070176,0.3254931848678336,-4.637950294106068,0.0598925284456601
5,f3_dup_a|f7_weak|f8_bigcoef,1000110,3,-4.297339317035675,0.0281766113050272,0.6852676352230702,0.7548239943865932,-4.21753683634919,0.0798024806864852
5,f3_dup_a|f7_weak|noise_0,1000101,3,-4.556892885589599,0.0279778660246256,0.4257140666691459,0.4792355347418139,-4.493771270443058,0.0631216151465414
5,f3_dup_a|f8_bigcoef|noise_0,1000011,3,-4.376338707447052,0.0279645556585553,0.6062682448116936,0.6720667751478063,-4.3018226845636125,0.0745160228834391
5,f4_dup_b|f5_null|f6_suppressor,111000,3,-4.696008773708344,0.0289111103768281,0.2865981785504017,0.3254931848678336,-4.636306122346894,0.0597026513614498
5,f4_dup_b|f5_null|f7_weak,110100,3,-4.557712231254578,0.0283210870357512,0.4248947210041676,0.4792355347418139,-4.492127098683885,0.0655851325706926
5,f4_dup_b|f5_null|f8_bigcoef,110010,3,-4.376330784797668,0.0280128415336354,0.6062761674610773,0.6720667751478063,-4.300178512804439,0.0761522719932292
5,f4_dup_b|f5_null|noise_0,110001,3,-4.701251529216767,0.028619515339474,0.2813554230419788,0.3254931848678336,-4.636306122346894,0.0649454068698727
5,f4_dup_b|f6_suppressor|f7_weak,101100,3,-4.550168320178986,0.0285593924866894,0.4324386320797595,0.4792355347418139,-4.492127098683885,0.0580412214951007
5,f4_dup_b|f6_suppressor|f8_bigcoef,101010,3,-4.365838688564301,0.0284474465371201,0.6167682636944445,0.6720667751478063,-4.300178512804439,0.065660175759862
5,f4_dup_b|f6_suppressor|noise_0,101001,3,-4.6970631841659545,0.0287080873090316,0.2855437680927908,0.3254931848678336,-4.636306122346894,0.0607570618190607
5,f4_dup_b|f7_weak|f8_bigcoef,100110,3,-4.298356941127777,0.0284422417401056,0.6842500111309686,0.7548239943865932,-4.215892664590016,0.0824642765377605
5,f4_dup_b|f7_weak|noise_0,100101,3,-4.560209589672088,0.0281149662194635,0.4223973625866568,0.4792355347418139,-4.492127098683885,0.0680824909882034
5,f4_dup_b|f8_bigcoef|noise_0,100011,3,-4.376420315933228,0.0279666951755878,0.6061866363255177,0.6720667751478063,-4.300178512804439,0.0762418031287888
5,f5_null|f6_suppressor|f7_weak,11100,3,-4.842697994709015,0.0297347018428815,0.1399089575497303,0.1537423498739802,-4.804330904157414,0.0383670905516009
5,f5_null|f6_suppressor|f8_bigcoef,11010,3,-4.658488181972504,0.0294713613926692,0.3241187702862413,0.3465735902799726,-4.612382318277969,0.0461058636945352
5,f5_null|f6_suppressor|noise_0,11001,3,-4.993410424613953,0.0302750680321332,-0.0108034723552075,0.0,-4.948509927820423,0.04490049679353
5,f5_null|f7_weak|f8_bigcoef,10110,3,-4.582889374923706,0.0295728216537447,0.3997175773350392,0.4293308095187594,-4.528096470063545,0.0547929048601609
5,f5_null|f7_weak|noise_0,10101,3,-4.842795968723297,0.0296086576364167,0.1398109835354484,0.1537423498739802,-4.804330904157414,0.0384650645658828
5,f5_null|f8_bigcoef|noise_0,10011,3,-4.664419927406311,0.0294354108868216,0.3181870248524339,0.3465735902799726,-4.612382318277969,0.0520376091283427
5,f6_suppressor|f7_weak|f8_bigcoef,1110,3,-4.578924371623993,0.0297028176367207,0.4036825806347526,0.4293308095187594,-4.528096470063545,0.0508279015604475
5,f6_suppressor|f7_weak|noise_0,1101,3,-4.843620314502716,0.0294818402191786,0.1389866377560293,0.1537423498739802,-4.804330904157414,0.0392894103453018
5,f6_suppressor|f8_bigcoef|noise_0,1011,3,-4.661702624416352,0.0293766031613542,0.3209043278423937,0.3465735902799726,-4.612382318277969,0.0493203061383829
5,f7_weak|f8_bigcoef|noise_0,111,3,-4.582045196247101,0.0294176107455266,0.4005617560116441,0.4293308095187594,-4.528096470063545,0.053948726183556
5,f1_strong_t1|f2_strong_t2|f3_dup_a|f4_dup_b,111100000,4,-3.714452309942245,0.0305585181590821,1.2681546423165,1.3235905993032566,-3.627655899357192,0.0867964105850536
5,f1_strong_t1|f2_strong_t2|f3_dup_a|f5_null,111010000,4,-3.721903865766525,0.0292345521810897,1.26070308649222,1.3133933321320947,-3.6382833434663175,0.0836205223002077
5,f1_strong_t1|f2_strong_t2|f3_dup_a|f6_suppressor,111001000,4,-2.0597369948387145,0.0307066066015166,2.9228699574200308,3.097210687049391,-1.875736214670604,0.1840007801681105
5,f1_strong_t1|f2_strong_t2|f3_dup_a|f7_weak,111000100,4,-3.587542762851715,0.028956372294717,1.39506418940703,1.467135682006075,-3.4941043198033093,0.0934384430484058
5,f1_strong_t1|f2_strong_t2|f3_dup_a|f8_bigcoef,111000010,4,-3.4004846514225004,0.0285977672912435,1.5821223008362448,1.6599669224120674,-3.302155733923863,0.0983289174986374
5,f1_strong_t1|f2_strong_t2|f3_dup_a|noise_0,111000001,4,-3.732974308729172,0.0292936825331065,1.2496326435295737,1.3133933321320947,-3.6382833434663175,0.094690965262854
5,f1_strong_t1|f2_strong_t2|f4_dup_b|f5_null,110110000,4,-3.7335069843769073,0.0288277017031074,1.249099967881838,1.3133933321320947,-3.636639171707144,0.096867812669763
5,f1_strong_t1|f2_strong_t2|f4_dup_b|f6_suppressor,110101000,4,-2.057430938625336,0.0303866301963378,2.925176013633409,3.097210687049391,-1.8740920429114305,0.1833388957139055
5,f1_strong_t1|f2_strong_t2|f4_dup_b|f7_weak,110100100,4,-3.594203157901764,0.028900444176882,1.3884037943569814,1.467135682006075,-3.492460148044135,0.1017430098576288
5,f1_strong_t1|f2_strong_t2|f4_dup_b|f8_bigcoef,110100010,4,-3.4015274706840515,0.0284876379945537,1.5810794815746938,1.6599669224120674,-3.3005115621646897,0.1010159085193618
5,f1_strong_t1|f2_strong_t2|f4_dup_b|noise_0,110100001,4,-3.738185479259491,0.0290187917966031,1.2444214729992544,1.3133933321320947,-3.636639171707144,0.1015463075523466
5,f1_strong_t1|f2_strong_t2|f5_null|f6_suppressor,110011000,4,-2.366566064071656,0.0320879616085105,2.61604088818709,2.771717502181557,-2.1862958483849595,0.1802702156866957
5,f1_strong_t1|f2_strong_t2|f5_null|f7_weak,110010100,4,-3.880981283617019,0.0304640041545771,1.1016256686417258,1.1416424971382413,-3.804663953517664,0.0763173300993553
5,f1_strong_t1|f2_strong_t2|f5_null|f8_bigcoef,110010010,4,-3.6958650266170494,0.0299257575525123,1.286741925641695,1.3344737375442337,-3.6127153676382178,0.0831496589788325
5,f1_strong_t1|f2_strong_t2|f5_null|noise_0,110010001,4,-4.032157610607147,0.0308506637280726,0.9504493416515984,0.9879001472642612,-3.948842977180674,0.0833146334264727
5,f1_strong_t1|f2_strong_t2|f6_suppressor|f7_weak,110001100,4,-2.2155117188453675,0.03211133330353,2.767095233413378,2.9254598520555377,-2.0421168247219508,0.1733948941234167
5,f1_strong_t1|f2_strong_t2|f6_suppressor|f8_bigcoef,110001010,4,-2.0385318093299865,0.0319270176931079,2.944075142928759,3.11829109246153,-1.8501682388425047,0.1883635704874817
5,f1_strong_t1|f2_strong_t2|f6_suppressor|noise_0,110001001,4,-2.3546789954185487,0.0323137620703176,2.6279279568401965,2.771717502181557,-2.1862958483849595,0.1683831470335892
5,f1_strong_t1|f2_strong_t2|f7_weak|f8_bigcoef,110000110,4,-3.611719518995285,0.0304495897959596,1.3708874332634604,1.4172309567830204,-3.528429519423795,0.0832899995714897
5,f1_strong_t1|f2_strong_t2|f7_weak|noise_0,110000101,4,-3.8886433651447296,0.0304083244371059,1.0939635871140156,1.1416424971382413,-3.804663953517664,0.0839794116270655
5,f1_strong_t1|f2_strong_t2|f8_bigcoef|noise_0,110000011,4,-3.693067759656906,0.0300551694287386,1.2895391926018394,1.3344737375442337,-3.6127153676382178,0.0803523920186881
5,f1_strong_t1|f3_dup_a|f4_dup_b|f5_null,101110000,4,-4.513109095287323,0.0311035130914513,0.4694978569714223,0.5188716430862063,-4.450590007599112,0.0625190876882113
5,f1_strong_t1|f3_dup_a|f4_dup_b|f6_suppressor,101101000,4,-2.859953304481506,0.0322624061436492,2.122653647777239,2.302688998003503,-2.688042878803397,0.1719104256781092
5,f1_strong_t1|f3_dup_a|f4_dup_b|f7_weak,101100100,4,-4.374295787858963,0.0307372195178477,0.6083111643997823,0.6726139929601865,-4.306410983936101,0.0678848039228618
5,f1_strong_t1|f3_dup_a|f4_dup_b|f8_bigcoef,101100010,4,-4.196398568010331,0.0306013834557794,0.7862083842484147,0.8654452333661787,-4.114462398056656,0.0819361699536749
5,f1_strong_t1|f3_dup_a|f4_dup_b|noise_0,101100001,4,-4.522347230958939,0.030960094133165,0.4602597212998063,0.5188716430862063,-4.45059000759911,0.0717572233598291
5,f1_strong_t1|f3_dup_a|f5_null|f6_suppressor,101011000,4,-2.887904500770569,0.0308112977001073,2.0947024514881765,2.292491730832341,-2.6986703229125224,0.1892341778580464
5,f1_strong_t1|f3_dup_a|f5_null|f7_weak,101010100,4,-4.3898479014396665,0.0291755922749095,0.5927590508190788,0.6624167257890249,-4.317038428045227,0.0728094733944395
5,f1_strong_t1|f3_dup_a|f5_null|f8_bigcoef,101010010,4,-4.206789712810516,0.0287678732150941,0.7758172394482292,0.8552479661950173,-4.125089842165781,0.0816998706447353
5,f1_strong_t1|f3_dup_a|f5_null|noise_0,101010001,4,-4.536525548744201,0.029633529817017,0.4460814035145439,0.5086743759150446,-4.4612174517082375,0.0753080970359638
5,f1_strong_t1|f3_dup_a|f6_suppressor|f7_weak,101001100,4,-2.739904688549042,0.030261939521943,2.2427022637097034,2.446234080706321,-2.554491299249513,0.1854133892995286
5,f1_strong_t1|f3_dup_a|f6_suppressor|f8_bigcoef,101001010,4,-2.557962538337708,0.0302811640906361,2.4246444139210377,2.639065321112313,-2.362542713370068,0.1954198249676397
5,f1_strong_t1|f3_dup_a|f6_suppressor|noise_0,101001001,4,-2.902604652118683,0.0306783064737219,2.0800023001400625,2.292491730832341,-2.6986703229125224,0.2039343292061604
5,f1_strong_t1|f3_dup_a|f7_weak|f8_bigcoef,101000110,4,-4.13322904677391,0.0290071668653414,0.8493779054848352,0.938005185433804,-4.040803993951359,0.0924250528225512
5,f1_strong_t1|f3_dup_a|f7_weak|noise_0,101000101,4,-4.397581532239914,0.0287937216695457,0.5850254200188312,0.6624167257890249,-4.317038428045227,0.0805431041946871
5,f1_strong_t1|f3_dup_a|f8_bigcoef|noise_0,101000011,4,-4.214253639316559,0.0286124812945699,0.7683533129421862,0.8552479661950173,-4.125089842165781,0.0891637971507783
5,f1_strong_t1|f4_dup_b|f5_null|f6_suppressor,100111000,4,-2.897902465963364,0.0302089237060701,2.0847044862953816,2.292491730832341,-2.697026151153349,0.2008763148100145
5,f1_strong_t1|f4_dup_b|f5_null|f7_weak,100110100,4,-4.38924274930954,0.0289542836688023,0.5933642029492052,0.6624167257890249,-4.315394256286054,0.0738484930234859
5,f1_strong_t1|f4_dup_b|f5_null|f8_bigcoef,100110010,4,-4.2083561740398405,0.0285793075076816,0.7742507782189048,0.8552479661950173,-4.123445670406608,0.0849105036332327
5,f1_strong_t1|f4_dup_b|f5_null|noise_0,100110001,4,-4.53748020324707,0.0293006703026628,0.445126749011675,0.5086743759150446,-4.459573279949064,0.0779069232980065
5,f1_strong_t1|f4_dup_b|f6_suppressor|f7_weak,100101100,4,-2.7403287524223328,0.0301321752022173,2.2422781998364125,2.446234080706321,-2.55284712749034,0.1874816249319928
5,f1_strong_t1|f4_dup_b|f6_suppressor|f8_bigcoef,100101010,4,-2.554859187412262,0.0299661316681279,2.427747764846483,2.639065321112313,-2.3608985416108945,0.1939606458013676
5,f1_strong_t1|f4_dup_b|f6_suppressor|noise_0,100101001,4,-2.8678765022277832,0.0301749935003308,2.114730450030962,2.292491730832341,-2.697026151153349,0.1708503510744341
5,f1_strong_t1|f4_dup_b|f7_weak|f8_bigcoef,100100110,4,-4.132586328125,0.0291273906027796,0.8500206241337454,0.938005185433804,-4.039159822192186,0.0934265059328138
5,f1_strong_t1|f4_dup_b|f7_weak|noise_0,100100101,4,-4.397619145822525,0.0287729184014903,0.58498780643622,0.6624167257890249,-4.315394256286054,0.0822248895364712
5,f1_strong_t1|f4_dup_b|f8_bigcoef|noise_0,100100011,4,-4.213731050729751,0.0285235102015474,0.7688759015289941,0.8552479661950173,-4.123445670406608,0.0902853803231433
5,f1_strong_t1|f5_null|f6_suppressor|f7_weak,100011100,4,-3.0352634346961973,0.0316547804884203,1.947343517562548,2.1207408958384875,-2.865050932963869,0.1702125017323283
5,f1_strong_t1|f5_null|f6_suppressor|f8_bigcoef,100011010,4,-2.863763069629669,0.0315203544403049,2.118843882629076,2.3135721362444794,-2.6731023470844235,0.1906607225452457
5,f1_strong_t1|f5_null|f6_suppressor|noise_0,100011001,4,-3.1722195335388186,0.0319648060962671,1.8103874187199267,1.9669985459645072,-3.009229956626878,0.1629895769119405
5,f1_strong_t1|f5_null|f7_weak|f8_bigcoef,100010110,4,-4.42008364238739,0.0303026910309835,0.5625233098713549,0.6125120005659704,-4.351363627665714,0.0687200147216762
5,f1_strong_t1|f5_null|f7_weak|noise_0,100010101,4,-4.688300722885132,0.0303943688322057,0.2943062293736131,0.3369235409211911,-4.627598061759583,0.060702661125549
5,f1_strong_t1|f5_null|f8_bigcoef|noise_0,100010011,4,-4.505022713947296,0.0301617276503721,0.477584238311449,0.5297547813271836,-4.435649475880138,0.0693732380671585
5,f1_strong_t1|f6_suppressor|f7_weak|f8_bigcoef,100001110,4,-2.7656573378562928,0.0317371273455769,2.2169496144024525,2.3963293554832665,-2.588816498870001,0.1768408389862918
5,f1_strong_t1|f6_suppressor|f7_weak|noise_0,100001101,4,-3.033031064796448,0.0313054748467852,1.9495758874622977,2.1207408958384875,-2.865050932963869,0.1679801318325786
5,f1_strong_t1|f6_suppressor|f8_bigcoef|noise_0,100001011,4,-2.8589181529045105,0.0312079557379192,2.123688799354235,2.3135721362444794,-2.6731023470844235,0.1858158058200869
5,f1_strong_t1|f7_weak|f8_bigcoef|noise_0,100000111,4,-4.422519906663895,0.0299828407454637,0.5600870455948508,0.6125120005659704,-4.351363627665714,0.0711562789981803
5,f2_strong_t2|f3_dup_a|f4_dup_b|f5_null,11110000,4,-3.885102326345444,0.0304309076896801,1.0975046259133014,1.1404094082560454,-3.804388741755023,0.0807135845904212
5,f2_strong_t2|f3_dup_a|f4_dup_b|f6_suppressor,11101000,4,-3.889044589471817,0.0309399474565793,1.0935623627869284,1.1404094082560454,-3.804388741755023,0.0846558477167942
5,f2_strong_t2|f3_dup_a|f4_dup_b|f7_weak,11100100,4,-3.743215020418167,0.0297955866501036,1.2393919318405784,1.2941517581300257,-3.660209718092013,0.0830053023261538
5,f2_strong_t2|f3_dup_a|f4_dup_b|f8_bigcoef,11100010,4,-3.548877595806122,0.0299911690524716,1.4337293564526234,1.486982998536018,-3.468261132212568,0.0806164635935542
5,f2_strong_t2|f3_dup_a|f4_dup_b|noise_0,11100001,4,-3.889598819541931,0.0302917927786637,1.0930081327168142,1.1404094082560454,-3.804388741755023,0.0852100777869084
5,f2_strong_t2|f3_dup_a|f5_null|f6_suppressor,11011000,4,-3.896173912000656,0.0294392951080818,1.0864330402580893,1.130212141084884,-3.815016185864149,0.0811577261365075
5,f2_strong_t2|f3_dup_a|f5_null|f7_weak,11010100,4,-3.7504427870750425,0.0286366334141312,1.2321641651837028,1.2839544909588645,-3.6708371622011393,0.0796056248739032
5,f2_strong_t2|f3_dup_a|f5_null|f8_bigcoef,11010010,4,-3.5648949959754943,0.0284192624925459,1.417711956283251,1.4767857313648562,-3.478888576321694,0.0860064196538004
5,f2_strong_t2|f3_dup_a|f5_null|noise_0,11010001,4,-3.8989615145683287,0.029236685833161,1.0836454376904163,1.130212141084884,-3.815016185864149,0.0839453287041802
5,f2_strong_t2|f3_dup_a|f6_suppressor|f7_weak,11001100,4,-3.7532960053920745,0.0289431766734319,1.2293109468666708,1.2839544909588645,-3.6708371622011393,0.0824588431909352
5,f2_strong_t2|f3_dup_a|f6_suppressor|f8_bigcoef,11001010,4,-3.5638898057460784,0.0289416758575102,1.418717146512667,1.4767857313648562,-3.478888576321694,0.0850012294243844
5,f2_strong_t2|f3_dup_a|f6_suppressor|noise_0,11001001,4,-3.90520400223732,0.0294003847669268,1.0774029500214253,1.130212141084884,-3.815016185864149,0.0901878163731715
5,f2_strong_t2|f3_dup_a|f7_weak|f8_bigcoef,11000110,4,-3.4901611685752867,0.0287767334316058,1.4924457836834586,1.5595429506036431,-3.394602728107272,0.0955584404680154
5,f2_strong_t2|f3_dup_a|f7_weak|noise_0,11000101,4,-3.759946848630905,0.0284831258838222,1.22266010362784,1.2839544909588645,-3.6708371622011393,0.089109686429766
5,f2_strong_t2|f3_dup_a|f8_bigcoef|noise_0,11000011,4,-3.571384076690674,0.0285002987823586,1.4112228755680714,1.4767857313648562,-3.478888576321694,0.09249550036898
5,f2_strong_t2|f4_dup_b|f5_null|f6_suppressor,10111000,4,-3.9052584003448487,0.0292036056069597,1.0773485519138966,1.130212141084884,-3.813372014104975,0.0918863862398735
5,f2_strong_t2|f4_dup_b|f5_null|f7_weak,10110100,4,-3.760044505262375,0.0283030121948715,1.2225624469963705,1.2839544909588645,-3.669192990441967,0.0908515148204078
5,f2_strong_t2|f4_dup_b|f5_null|f8_bigcoef,10110010,4,-3.574084422492981,0.028230091713989,1.4085225297657642,1.4767857313648562,-3.4772444045625206,0.0968400179304604
5,f2_strong_t2|f4_dup_b|f5_null|noise_0,10110001,4,-3.911677053689957,0.0288121206425002,1.0709298985687887,1.130212141084884,-3.813372014104975,0.0983050395849813
5,f2_strong_t2|f4_dup_b|f6_suppressor|f7_weak,10101100,4,-3.7575860074043272,0.0289782825944573,1.225020944854418,1.2839544909588645,-3.669192990441967,0.0883930169623603
5,f2_strong_t2|f4_dup_b|f6_suppressor|f8_bigcoef,10101010,4,-3.5666928454399107,0.0290258240434196,1.4159141068188346,1.4767857313648562,-3.4772444045625206,0.0894484408773901
5,f2_strong_t2|f4_dup_b|f6_suppressor|noise_0,10101001,4,-3.9122744980335233,0.0292162408229607,1.070332454225222,1.130212141084884,-3.813372014104975,0.0989024839285481
5,f2_strong_t2|f4_dup_b|f7_weak|f8_bigcoef,10100110,4,-3.49399287443161,0.0287976578664608,1.488614077827135,1.5595429506036431,-3.392958556348098,0.1010343180835122
5,f2_strong_t2|f4_dup_b|f7_weak|noise_0,10100101,4,-3.768796829032898,0.0283478674175964,1.2138101232258474,1.2839544909588645,-3.669192990441967,0.099603838590931
5,f2_strong_t2|f4_dup_b|f8_bigcoef|noise_0,10100011,4,-3.5773486047267915,0.0284133321618312,1.4052583475319538,1.4767857313648562,-3.4772444045625206,0.1001042001642709
5,f2_strong_t2|f5_null|f6_suppressor|f7_weak,10011100,4,-4.045120606660843,0.0302677924453026,0.937486345597902,0.9584613060910306,-3.981396795915495,0.0637238107453481
5,f2_strong_t2|f5_null|f6_suppressor|f8_bigcoef,10011010,4,-3.8630472219944,0.0300862121614746,1.1195597302643452,1.151292546497023,-3.7894482100360496,0.0735990119583505
5,f2_strong_t2|f5_null|f6_suppressor|noise_0,10011001,4,-4.206785925531388,0.0308653020805323,0.7758210267273578,0.8047189562170504,-4.125575819578504,0.0812101059528833
5,f2_strong_t2|f5_null|f7_weak|f8_bigcoef,10010110,4,-3.779018046283722,0.0299392454382307,1.203588905975023,1.2340497657358096,-3.705162361821627,0.073855684462095
5,f2_strong_t2|f5_null|f7_weak|noise_0,10010101,4,-4.045312842750549,0.0300224280971506,0.937294109508196,0.9584613060910306,-3.981396795915495,0.0639160468350543
5,f2_strong_t2|f5_null|f8_bigcoef|noise_0,10010011,4,-3.863022027969361,0.0299079363960939,1.1195849242893847,1.151292546497023,-3.7894482100360496,0.0735738179333109
5,f2_strong_t2|f6_suppressor|f7_weak|f8_bigcoef,10001110,4,-3.774735616111756,0.0305203279289892,1.2078713361469895,1.2340497657358096,-3.705162361821627,0.0695732542901286
5,f2_strong_t2|f6_suppressor|f7_weak|noise_0,10001101,4,-4.048472963190079,0.0301911474443667,0.9341339890686662,0.9584613060910306,-3.981396795915495,0.0670761672745841
5,f2_strong_t2|f6_suppressor|f8_bigcoef|noise_0,10001011,4,-3.864995321083069,0.0302972219840925,1.1176116311756763,1.151292546497023,-3.7894482100360496,0.0755471110470193
5,f2_strong_t2|f7_weak|f8_bigcoef|noise_0,10000111,4,-3.774313210058213,0.030042985550589,1.2082937422005329,1.2340497657358096,-3.705162361821627,0.0691508482365854
5,f3_dup_a|f4_dup_b|f5_null|f6_suppressor,1111000,4,-4.69183992805481,0.0311483518876356,0.2907670242039355,0.3356904520389953,-4.627322849996943,0.0645170780578672
5,f3_dup_a|f4_dup_b|f5_null|f7_weak,1110100,4,-4.540399642753601,0.0301111037648062,0.442207309505144,0.4894328019129755,-4.483143826333933,0.0572558164196683
5,f3_dup_a|f4_dup_b|f5_null|f8_bigcoef,1110010,4,-4.355322609138489,0.0299430948124007,0.6272843431202562,0.682264042318968,-4.291195240454487,0.0641273686840024
5,f3_dup_a|f4_dup_b|f5_null|noise_0,1110001,4,-4.685013620758057,0.030536940571004,0.2975933315006882,0.3356904520389953,-4.627322849996943,0.0576907707611145
5,f3_dup_a|f4_dup_b|f6_suppressor|f7_weak,1101100,4,-4.541728229808808,0.0304636035753934,0.4408787224499377,0.4894328019129755,-4.483143826333933,0.0585844034748745
5,f3_dup_a|f4_dup_b|f6_suppressor|f8_bigcoef,1101010,4,-4.363498276042939,0.0305656552557354,0.6191086762158067,0.682264042318968,-4.291195240454487,0.0723030355884519
5,f3_dup_a|f4_dup_b|f6_suppressor|noise_0,1101001,4,-4.693551054430008,0.0308131903402417,0.289055897828737,0.3356904520389953,-4.627322849996943,0.0662282044330657
5,f3_dup_a|f4_dup_b|f7_weak|f8_bigcoef,1100110,4,-4.278614092683792,0.0300774951748842,0.703992859574953,0.7650212615577549,-4.206909392240064,0.0717047004437283
5,f3_dup_a|f4_dup_b|f7_weak|noise_0,1100101,4,-4.542079870605469,0.0297588456111551,0.4405270816532765,0.4894328019129755,-4.483143826333933,0.0589360442715358
5,f3_dup_a|f4_dup_b|f8_bigcoef|noise_0,1100011,4,-4.35650791683197,0.0297110670416017,0.6260990354267753,0.682264042318968,-4.291195240454487,0.0653126763774833
5,f3_dup_a|f5_null|f6_suppressor|f7_weak,1011100,4,-4.5579859393119815,0.0288061936776771,0.4246210129467638,0.4792355347418139,-4.493771270443058,0.0642146688689235
5,f3_dup_a|f5_null|f6_suppressor|f8_bigcoef,1011010,4,-4.375463363265991,0.0286228037993387,0.6071435889927539,0.6720667751478063,-4.3018226845636125,0.0736406787023788
5,f3_dup_a|f5_null|f6_suppressor|noise_0,1011001,4,-4.705875255012512,0.0293223736450527,0.276731697246233,0.3254931848678336,-4.637950294106068,0.0679249609064447
5,f3_dup_a|f5_null|f7_weak|f8_bigcoef,1010110,4,-4.300967484283447,0.0286668947393761,0.6816394679752982,0.7548239943865932,-4.21753683634919,0.0834306479342572
5,f3_dup_a|f5_null|f7_weak|noise_0,1010101,4,-4.560245561885834,0.0286249987058697,0.4223613903729113,0.4792355347418139,-4.493771270443058,0.066474291442776
5,f3_dup_a|f5_null|f8_bigcoef|noise_0,1010011,4,-4.379388796997071,0.0284975577855119,0.6032181552616747,0.6720667751478063,-4.3018226845636125,0.0775661124334581
5,f3_dup_a|f6_suppressor|f7_weak|f8_bigcoef,1001110,4,-4.294648358535767,0.0287304396838569,0.6879585937229784,0.7548239943865932,-4.21753683634919,0.077111522186577
5,f3_dup_a|f6_suppressor|f7_weak|noise_0,1001101,4,-4.559477495670318,0.0284328080373347,0.4231294565884269,0.4792355347418139,-4.493771270443058,0.0657062252272604
5,f3_dup_a|f6_suppressor|f8_bigcoef|noise_0,1001011,4,-4.3756136443138125,0.0283390200251617,0.6069933079449328,0.6720667751478063,-4.3018226845636125,0.0737909597502
5,f3_dup_a|f7_weak|f8_bigcoef|noise_0,1000111,4,-4.304822171211243,0.0283838993428611,0.6777847810475022,0.7548239943865932,-4.21753683634919,0.0872853348620532
5,f4_dup_b|f5_null|f6_suppressor|f7_weak,111100,4,-4.558953527832031,0.0288871310123252,0.423653424426714,0.4792355347418139,-4.492127098683885,0.0668264291481461
5,f4_dup_b|f5_null|f6_suppressor|f8_bigcoef,111010,4,-4.375386640930175,0.0286851138281726,0.6072203113285699,0.6720667751478063,-4.300178512804439,0.0752081281257366
5,f4_dup_b|f5_null|f6_suppressor|noise_0,111001,4,-4.709814656448364,0.0292317157960248,0.2727922958103814,0.3254931848678336,-4.636306122346894,0.07350853410147
5,f4_dup_b|f5_null|f7_weak|f8_bigcoef,110110,4,-4.3060157121658325,0.0288326410962646,0.6765912400929128,0.7548239943865932,-4.215892664590016,0.0901230475758163
5,f4_dup_b|f5_null|f7_weak|noise_0,110101,4,-4.566213594722748,0.0286334829959164,0.4163933575359975,0.4792355347418139,-4.492127098683885,0.0740864960388627
5,f4_dup_b|f5_null|f8_bigcoef|noise_0,110011,4,-4.383376098442078,0.0283606139081743,0.5992308538166675,0.6720667751478063,-4.300178512804439,0.083197585637639
5,f4_dup_b|f6_suppressor|f7_weak|f8_bigcoef,101110,4,-4.294145949172973,0.0290076263250146,0.6884610030857718,0.7548239943865932,-4.215892664590016,0.0782532845829573
5,f4_dup_b|f6_suppressor|f7_weak|noise_0,101101,4,-4.562666565608978,0.0286610895849655,0.4199403866497668,0.4792355347418139,-4.492127098683885,0.0705394669250933
5,f4_dup_b|f6_suppressor|f8_bigcoef|noise_0,101011,4,-4.379235658454895,0.0284895543821166,0.6033712938038507,0.6720667751478063,-4.300178512804439,0.0790571456504558
5,f4_dup_b|f7_weak|f8_bigcoef|noise_0,100111,4,-4.306240599632263,0.0285934541632477,0.6763663526264825,0.7548239943865932,-4.215892664590016,0.0903479350422467
5,f5_null|f6_suppressor|f7_weak|f8_bigcoef,11110,4,-4.585639125537872,0.0300066894076624,0.3969678267208731,0.4293308095187594,-4.528096470063545,0.057542655474327
5,f5_null|f6_suppressor|f7_weak|noise_0,11101,4,-4.8531017146110536,0.0300132786124641,0.1295052376476917,0.1537423498739802,-4.804330904157414,0.0487708104536395
5,f5_null|f6_suppressor|f8_bigcoef|noise_0,11011,4,-4.674546478652954,0.0299008863764516,0.3080604736057912,0.3465735902799726,-4.612382318277969,0.0621641603749854
5,f5_null|f7_weak|f8_bigcoef|noise_0,10111,4,-4.590213464164734,0.0299315037288943,0.3923934880940116,0.4293308095187594,-4.528096470063545,0.0621169941011885
5,f6_suppressor|f7_weak|f8_bigcoef|noise_0,1111,4,-4.586875506877899,0.029807438653226,0.3957314453808465,0.4293308095187594,-4.528096470063545,0.0587790368143537
5,f1_strong_t1|f2_strong_t2|f3_dup_a|f4_dup_b|f5_null,111110000,5,-3.715186790657044,0.0308346715629296,1.2674201616017018,1.3235905993032566,-3.627655899357192,0.0875308912998518
5,f1_strong_t1|f2_strong_t2|f3_dup_a|f4_dup_b|f6_suppressor,111101000,5,-2.052294419670105,0.0322062831678508,2.93031253258864,3.1074079542205526,-1.8651087705614784,0.1871856491086267
5,f1_strong_t1|f2_strong_t2|f3_dup_a|f4_dup_b|f7_weak,111100100,5,-3.57705521068573,0.0304683526858555,1.4055517415730154,1.477332949177237,-3.4834768756941825,0.0935783349915473
5,f1_strong_t1|f2_strong_t2|f3_dup_a|f4_dup_b|f8_bigcoef,111100010,5,-3.38496232008934,0.0303179198619823,1.597644632169405,1.6701641895832289,-3.291528289814737,0.093434030274603
5,f1_strong_t1|f2_strong_t2|f3_dup_a|f4_dup_b|noise_0,111100001,5,-3.722287295627594,0.0308521503738417,1.2603196566311512,1.3235905993032566,-3.627655899357192,0.0946313962704024
5,f1_strong_t1|f2_strong_t2|f3_dup_a|f5_null|f6_suppressor,111011000,5,-2.0678508043289185,0.0309627901130522,2.9147561479298267,3.097210687049391,-1.875736214670604,0.1921145896583145
5,f1_strong_t1|f2_strong_t2|f3_dup_a|f5_null|f7_weak,111010100,5,-3.5846231977939604,0.0292427072242587,1.3979837544647848,1.467135682006075,-3.4941043198033093,0.0905188779906511
5,f1_strong_t1|f2_strong_t2|f3_dup_a|f5_null|f8_bigcoef,111010010,5,-3.3986221677303314,0.0287484272766333,1.5839847845284138,1.6599669224120674,-3.302155733923863,0.0964664338064684
5,f1_strong_t1|f2_strong_t2|f3_dup_a|f5_null|noise_0,111010001,5,-3.73457877869606,0.029758536032122,1.2480281735626853,1.3133933321320947,-3.6382833434663175,0.0962954352297424
5,f1_strong_t1|f2_strong_t2|f3_dup_a|f6_suppressor|f7_weak,111001100,5,-1.9287646695137024,0.0307473111481261,3.053842282745043,3.2509530369233715,-1.7315571910075949,0.1972074785061075
5,f1_strong_t1|f2_strong_t2|f3_dup_a|f6_suppressor|f8_bigcoef,111001010,5,-1.7373149689674376,0.0305552857213935,3.245291983291308,3.443784277329364,-1.539608605128149,0.1977063638392886
5,f1_strong_t1|f2_strong_t2|f3_dup_a|f6_suppressor|noise_0,111001001,5,-2.074357677745819,0.0312918066330629,2.9082492745129263,3.097210687049391,-1.875736214670604,0.198621463075215
5,f1_strong_t1|f2_strong_t2|f3_dup_a|f7_weak|f8_bigcoef,111000110,5,-3.329260138130188,0.0292999075305639,1.6533468141285574,1.742724141650854,-3.2178698857094394,0.1113902524207484
5,f1_strong_t1|f2_strong_t2|f3_dup_a|f7_weak|noise_0,111000101,5,-3.5985886306285857,0.0291375732270008,1.3840183216301596,1.467135682006075,-3.4941043198033093,0.1044843108252764
5,f1_strong_t1|f2_strong_t2|f3_dup_a|f8_bigcoef|noise_0,111000011,5,-3.4068576364994048,0.0288607541421135,1.5757493157593403,1.6599669224120674,-3.302155733923863,0.1047019025755418
5,f1_strong_t1|f2_strong_t2|f4_dup_b|f5_null|f6_suppressor,110111000,5,-2.0873739486694336,0.0303978615342278,2.895233003589312,3.097210687049391,-1.8740920429114305,0.2132819057580033
5,f1_strong_t1|f2_strong_t2|f4_dup_b|f5_null|f7_weak,110110100,5,-3.5946822430610657,0.0289797867914432,1.3879247091976796,1.467135682006075,-3.492460148044135,0.1022220950169305
5,f1_strong_t1|f2_strong_t2|f4_dup_b|f5_null|f8_bigcoef,110110010,5,-3.404994041442871,0.0285137742732095,1.577612910815874,1.6599669224120674,-3.3005115621646897,0.1044824792781815
5,f1_strong_t1|f2_strong_t2|f4_dup_b|f5_null|noise_0,110110001,5,-3.744994348621368,0.029389907789357,1.237612603637377,1.3133933321320947,-3.636639171707144,0.1083551769142241
5,f1_strong_t1|f2_strong_t2|f4_dup_b|f6_suppressor|f7_weak,110101100,5,-1.930028708744049,0.0307396656798248,3.052578243514696,3.2509530369233715,-1.7299130192484216,0.2001156894956275
5,f1_strong_t1|f2_strong_t2|f4_dup_b|f6_suppressor|f8_bigcoef,110101010,5,-1.7459523644447326,0.0308993220387591,3.2366545878140127,3.443784277329364,-1.5379644333689753,0.2079879310757573
5,f1_strong_t1|f2_strong_t2|f4_dup_b|f6_suppressor|noise_0,110101001,5,-2.067327685451508,0.0307786670340628,2.9152792668072376,3.097210687049391,-1.8740920429114305,0.1932356425400774
5,f1_strong_t1|f2_strong_t2|f4_dup_b|f7_weak|f8_bigcoef,110100110,5,-3.3322957338809966,0.0293822487393266,1.6503112183777486,1.742724141650854,-3.216225713950266,0.1160700199307305
5,f1_strong_t1|f2_strong_t2|f4_dup_b|f7_weak|noise_0,110100101,5,-3.605781313657761,0.0291155735718385,1.3768256386009847,1.467135682006075,-3.492460148044135,0.1133211656136254
5,f1_strong_t1|f2_strong_t2|f4_dup_b|f8_bigcoef|noise_0,110100011,5,-3.411463459587097,0.0287904542235109,1.571143492671648,1.6599669224120674,-3.3005115621646897,0.1109518974224075
5,f1_strong_t1|f2_strong_t2|f5_null|f6_suppressor|f7_weak,110011100,5,-2.235820085334778,0.0324483801665161,2.7467868669239675,2.9254598520555377,-2.0421168247219508,0.193703260612827
5,f1_strong_t1|f2_strong_t2|f5_null|f6_suppressor|f8_bigcoef,110011010,5,-2.0516194274902344,0.0318856551083627,2.930987524768511,3.11829109246153,-1.8501682388425047,0.2014511886477297
5,f1_strong_t1|f2_strong_t2|f5_null|f6_suppressor|noise_0,110011001,5,-2.372235863113404,0.0327083420366161,2.610371089145342,2.771717502181557,-2.1862958483849595,0.1859400147284438
5,f1_strong_t1|f2_strong_t2|f5_null|f7_weak|f8_bigcoef,110010110,5,-3.617678806352616,0.030587096354525,1.3649281459061298,1.4172309567830204,-3.528429519423795,0.0892492869288203
5,f1_strong_t1|f2_strong_t2|f5_null|f7_weak|noise_0,110010101,5,-3.8915432656764986,0.0308548264675601,1.0910636865822467,1.1416424971382413,-3.804663953517664,0.0868793121588344
5,f1_strong_t1|f2_strong_t2|f5_null|f8_bigcoef|noise_0,110010011,5,-3.703401093864441,0.0304545128094919,1.2792058583943042,1.3344737375442337,-3.6127153676382178,0.0906857262262232
5,f1_strong_t1|f2_strong_t2|f6_suppressor|f7_weak|f8_bigcoef,110001110,5,-1.9642663427352904,0.0326586900878707,3.018340609523455,3.201048311700317,-1.765882390628082,0.1983839521072083
5,f1_strong_t1|f2_strong_t2|f6_suppressor|f7_weak|noise_0,110001101,5,-2.2346523797035216,0.0322599762161506,2.747954572555224,2.9254598520555377,-2.0421168247219508,0.1925355549815708
5,f1_strong_t1|f2_strong_t2|f6_suppressor|f8_bigcoef|noise_0,110001011,5,-2.056381809425354,0.0321958286095334,2.9262251428333914,3.11829109246153,-1.8501682388425047,0.2062135705828491
5,f1_strong_t1|f2_strong_t2|f7_weak|f8_bigcoef|noise_0,110000111,5,-3.61827435131073,0.0305674392081298,1.3643326009480157,1.4172309567830204,-3.528429519423795,0.0898448318869347
5,f1_strong_t1|f3_dup_a|f4_dup_b|f5_null|f6_suppressor,101111000,5,-2.867266631221771,0.0324789781614254,2.115340321036974,2.302688998003503,-2.688042878803397,0.1792237524183741
5,f1_strong_t1|f3_dup_a|f4_dup_b|f5_null|f7_weak,101110100,5,-4.374538550615311,0.0310190217145156,0.6080684016434343,0.6726139929601865,-4.306410983936101,0.0681275666792098
5,f1_strong_t1|f3_dup_a|f4_dup_b|f5_null|f8_bigcoef,101110010,5,-4.193906807756424,0.0307221311595756,0.7887001445023216,0.8654452333661787,-4.114462398056656,0.0794444096997679
5,f1_strong_t1|f3_dup_a|f4_dup_b|f5_null|noise_0,101110001,5,-4.52198010854721,0.0313308883675809,0.4606268437115348,0.5188716430862063,-4.450590007599112,0.0713901009480988
5,f1_strong_t1|f3_dup_a|f4_dup_b|f6_suppressor|f7_weak,101101100,5,-2.7271358840942383,0.0321683153063129,2.255471068164507,2.456431347877483,-2.543863855140388,0.1832720289538505
5,f1_strong_t1|f3_dup_a|f4_dup_b|f6_suppressor|f8_bigcoef,101101010,5,-2.5330766680717467,0.0319767516755056,2.4495302841869986,2.6492625882834755,-2.351915269260941,0.1811613988108051
5,f1_strong_t1|f3_dup_a|f4_dup_b|f6_suppressor|noise_0,101101001,5,-2.865917298698425,0.0324298061714731,2.11668965356032,2.302688998003503,-2.688042878803397,0.1778744198950281
5,f1_strong_t1|f3_dup_a|f4_dup_b|f7_weak|f8_bigcoef,101100110,5,-4.119386472797394,0.0310236610656967,0.8632204794613516,0.9482024526049658,-4.030176549842233,0.0892099229551606
5,f1_strong_t1|f3_dup_a|f4_dup_b|f7_weak|noise_0,101100101,5,-4.380135516929626,0.030626057184769,0.602471435329119,0.6726139929601865,-4.306410983936101,0.0737245329935252
5,f1_strong_t1|f3_dup_a|f4_dup_b|f8_bigcoef|noise_0,101100011,5,-4.19657118434906,0.0305179284570875,0.7860357679096852,0.8654452333661787,-4.114462398056656,0.0821087862924043
5,f1_strong_t1|f3_dup_a|f5_null|f6_suppressor|f7_weak,101011100,5,-2.760452975845337,0.0307453890000107,2.2221539764134084,2.446234080706321,-2.554491299249513,0.2059616765958236
5,f1_strong_t1|f3_dup_a|f5_null|f6_suppressor|f8_bigcoef,101011010,5,-2.570124813079834,0.0306504732720514,2.412482139178912,2.639065321112313,-2.362542713370068,0.2075820997097661
5,f1_strong_t1|f3_dup_a|f5_null|f6_suppressor|noise_0,101011001,5,-2.9080904774665832,0.0312447128281334,2.074516474792162,2.292491730832341,-2.6986703229125224,0.2094201545540608
5,f1_strong_t1|f3_dup_a|f5_null|f7_weak|f8_bigcoef,101010110,5,-4.135944548273087,0.0293405236819646,0.8466624039856585,0.938005185433804,-4.040803993951359,0.0951405543217278
5,f1_strong_t1|f3_dup_a|f5_null|f7_weak|noise_0,101010101,5,-4.4013333257198335,0.0293371282540741,0.5812736265389118,0.6624167257890249,-4.317038428045227,0.0842948976746065
5,f1_strong_t1|f3_dup_a|f5_null|f8_bigcoef|noise_0,101010011,5,-4.218406893730164,0.0290846228041191,0.7642000585285817,0.8552479661950173,-4.125089842165781,0.0933170515643828
5,f1_strong_t1|f3_dup_a|f6_suppressor|f7_weak|f8_bigcoef,101001110,5,-2.470256634616852,0.0307408367688461,2.5123503176418933,2.7218225403511003,-2.278256865155645,0.1919997694612067
5,f1_strong_t1|f3_dup_a|f6_suppressor|f7_weak|noise_0,101001101,5,-2.7694677415847777,0.0303156083989402,2.213139210673968,2.446234080706321,-2.554491299249513,0.2149764423352644
5,f1_strong_t1|f3_dup_a|f6_suppressor|f8_bigcoef|noise_0,101001011,5,-2.590085465335846,0.0304012107589561,2.3925214869228992,2.639065321112313,-2.362542713370068,0.2275427519657782
5,f1_strong_t1|f3_dup_a|f7_weak|f8_bigcoef|noise_0,101000111,5,-4.142002807855606,0.0289882547295412,0.8406041444031391,0.938005185433804,-4.040803993951359,0.1011988139042472
5,f1_strong_t1|f4_dup_b|f5_null|f6_suppressor|f7_weak,100111100,5,-2.760943889093399,0.0303861178019629,2.2216630631653462,2.446234080706321,-2.55284712749034,0.2080967616030591
5,f1_strong_t1|f4_dup_b|f5_null|f6_suppressor|f8_bigcoef,100111010,5,-2.579596543693542,0.03025903378621,2.403010408565202,2.639065321112313,-2.3608985416108945,0.2186980020826481
5,f1_strong_t1|f4_dup_b|f5_null|f6_suppressor|noise_0,100111001,5,-2.8997122049331665,0.0307039040509506,2.0828947473255788,2.292491730832341,-2.697026151153349,0.2026860537798174
5,f1_strong_t1|f4_dup_b|f5_null|f7_weak|f8_bigcoef,100110110,5,-4.137521848344803,0.0293942996392177,0.8450851039139424,0.938005185433804,-4.039159822192186,0.0983620261526168
5,f1_strong_t1|f4_dup_b|f5_null|f7_weak|noise_0,100110101,5,-4.401368025493622,0.0292287373564995,0.5812389267651232,0.6624167257890249,-4.315394256286054,0.0859737692075679
5,f1_strong_t1|f4_dup_b|f5_null|f8_bigcoef|noise_0,100110011,5,-4.217954732084274,0.0288982454377954,0.7646522201744714,0.8552479661950173,-4.123445670406608,0.094509061677666
5,f1_strong_t1|f4_dup_b|f6_suppressor|f7_weak|f8_bigcoef,100101110,5,-2.486703985786438,0.0307247019962687,2.495902966472307,2.7218225403511003,-2.2766126933964714,0.2100912923899667
5,f1_strong_t1|f4_dup_b|f6_suppressor|f7_weak|noise_0,100101101,5,-2.7410453484535218,0.0301906731828673,2.2415616038052235,2.446234080706321,-2.55284712749034,0.1881982209631818
5,f1_strong_t1|f4_dup_b|f6_suppressor|f8_bigcoef|noise_0,100101011,5,-2.555527442073822,0.0299556002166628,2.427079510184923,2.639065321112313,-2.3608985416108945,0.1946289004629275
5,f1_strong_t1|f4_dup_b|f7_weak|f8_bigcoef|noise_0,100100111,5,-4.141703418254853,0.0291133575433928,0.8409035340038926,0.938005185433804,-4.039159822192186,0.1025435960626666
5,f1_strong_t1|f5_null|f6_suppressor|f7_weak|f8_bigcoef,100011110,5,-2.775381622982025,0.0321278100834432,2.2072253292767203,2.3963293554832665,-2.588816498870001,0.186565124112024
5,f1_strong_t1|f5_null|f6_suppressor|f7_weak|noise_0,100011101,5,-3.041742607784271,0.03179657118617,1.9408643444744744,2.1207408958384875,-2.865050932963869,0.1766916748204021
5,f1_strong_t1|f5_null|f6_suppressor|f8_bigcoef|noise_0,100011011,5,-2.8670642179489136,0.0316281762527572,2.115542734309832,2.3135721362444794,-2.6731023470844235,0.1939618708644901
5,f1_strong_t1|f5_null|f7_weak|f8_bigcoef|noise_0,100010111,5,-4.430790566062927,0.0305423950187675,0.5518163861958181,0.6125120005659704,-4.351363627665714,0.079426938397213
5,f1_strong_t1|f6_suppressor|f7_weak|f8_bigcoef|noise_0,100001111,5,-2.783689607143402,0.0316093234924022,2.198917345115343,2.3963293554832665,-2.588816498870001,0.1948731082734012
5,f2_strong_t2|f3_dup_a|f4_dup_b|f5_null|f6_suppressor,11111000,5,-3.8944582787036897,0.0313202782448559,1.0881486735550556,1.1404094082560454,-3.804388741755023,0.090069536948667
5,f2_strong_t2|f3_dup_a|f4_dup_b|f5_null|f7_weak,11110100,5,-3.741975702810288,0.0302187101202019,1.240631249448458,1.2941517581300257,-3.660209718092013,0.0817659847182743
5,f2_strong_t2|f3_dup_a|f4_dup_b|f5_null|f8_bigcoef,11110010,5,-3.5531073405742646,0.0302587686345906,1.4294996116844807,1.486982998536018,-3.468261132212568,0.0848462083616969
5,f2_strong_t2|f3_dup_a|f4_dup_b|f5_null|noise_0,11110001,5,-3.8912677350997926,0.0309120620296319,1.0913392171589529,1.1404094082560454,-3.804388741755023,0.08687899334477
5,f2_strong_t2|f3_dup_a|f4_dup_b|f6_suppressor|f7_weak,11101100,5,-3.7450924556255343,0.0307038951233275,1.237514496633211,1.2941517581300257,-3.660209718092013,0.0848827375335212
5,f2_strong_t2|f3_dup_a|f4_dup_b|f6_suppressor|f8_bigcoef,11101010,5,-3.5540963906288146,0.0308841177648852,1.4285105616299307,1.486982998536018,-3.468261132212568,0.0858352584162469
5,f2_strong_t2|f3_dup_a|f4_dup_b|f6_suppressor|noise_0,11101001,5,-3.89878889336586,0.0311529450088697,1.0838180588928852,1.1404094082560454,-3.804388741755023,0.0944001516108374
5,f2_strong_t2|f3_dup_a|f4_dup_b|f7_weak|f8_bigcoef,11100110,5,-3.476324067687988,0.0305692880157156,1.5062828845707572,1.5697402177748048,-3.3839752839981445,0.0923487836898435
5,f2_strong_t2|f3_dup_a|f4_dup_b|f7_weak|noise_0,11100101,5,-3.750570748329163,0.0301110634000439,1.2320362039295825,1.2941517581300257,-3.660209718092013,0.0903610302371498
5,f2_strong_t2|f3_dup_a|f4_dup_b|f8_bigcoef|noise_0,11100011,5,-3.55403473906517,0.0302950508126894,1.4285722131935752,1.486982998536018,-3.468261132212568,0.0857736068526024
5,f2_strong_t2|f3_dup_a|f5_null|f6_suppressor|f7_weak,11011100,5,-3.754853405570984,0.0292843249406058,1.2277535466877616,1.2839544909588645,-3.6708371622011393,0.0840162433698443
5,f2_strong_t2|f3_dup_a|f5_null|f6_suppressor|f8_bigcoef,11011010,5,-3.5690117473602294,0.0290736700250222,1.413595204898516,1.4767857313648562,-3.478888576321694,0.0901231710385355
5,f2_strong_t2|f3_dup_a|f5_null|f6_suppressor|noise_0,11011001,5,-3.911754381752014,0.0299833143113872,1.070852570506731,1.130212141084884,-3.815016185864149,0.0967381958878657
5,f2_strong_t2|f3_dup_a|f5_null|f7_weak|f8_bigcoef,11010110,5,-3.492893828582764,0.0290780972829676,1.4897131236759815,1.5595429506036431,-3.394602728107272,0.0982911004754925
5,f2_strong_t2|f3_dup_a|f5_null|f7_weak|noise_0,11010101,5,-3.759354115962982,0.0291110353558888,1.223252836295763,1.2839544909588645,-3.6708371622011393,0.0885169537618426
5,f2_strong_t2|f3_dup_a|f5_null|f8_bigcoef|noise_0,11010011,5,-3.572842741394043,0.0288687562931491,1.4097642108647022,1.4767857313648562,-3.478888576321694,0.0939541650723492
5,f2_strong_t2|f3_dup_a|f6_suppressor|f7_weak|f8_bigcoef,11001110,5,-3.4897585560798645,0.0294578803204662,1.4928483961788808,1.5595429506036431,-3.394602728107272,0.0951558279725932
5,f2_strong_t2|f3_dup_a|f6_suppressor|f7_weak|noise_0,11001101,5,-3.763447130203247,0.0290912468720645,1.2191598220554982,1.2839544909588645,-3.6708371622011393,0.0926099680021077
5,f2_strong_t2|f3_dup_a|f6_suppressor|f8_bigcoef|noise_0,11001011,5,-3.573929055929184,0.0291659393441691,1.4086778963295612,1.4767857313648562,-3.478888576321694,0.0950404796074901
5,f2_strong_t2|f3_dup_a|f7_weak|f8_bigcoef|noise_0,11000111,5,-3.4969643287181853,0.0290504438184634,1.48564262354056,1.5595429506036431,-3.394602728107272,0.102361600610914
5,f2_strong_t2|f4_dup_b|f5_null|f6_suppressor|f7_weak,10111100,5,-3.76304652132988,0.0291638818568365,1.2195604309288657,1.2839544909588645,-3.669192990441967,0.0938535308879129
5,f2_strong_t2|f4_dup_b|f5_null|f6_suppressor|f8_bigcoef,10111010,5,-3.5760103214263914,0.0290704915142159,1.406596630832354,1.4767857313648562,-3.4772444045625206,0.0987659168638708
5,f2_strong_t2|f4_dup_b|f5_null|f6_suppressor|noise_0,10111001,5,-3.923324309206009,0.0296885963844447,1.0592826430527365,1.130212141084884,-3.813372014104975,0.1099522951010336
5,f2_strong_t2|f4_dup_b|f5_null|f7_weak|f8_bigcoef,10110110,5,-3.5014078915596007,0.0289913719533142,1.4811990606991443,1.5595429506036431,-3.392958556348098,0.1084493352115028
5,f2_strong_t2|f4_dup_b|f5_null|f7_weak|noise_0,10110101,5,-3.772308312702179,0.0288447584352261,1.2102986395565662,1.2839544909588645,-3.669192990441967,0.1031153222602121
5,f2_strong_t2|f4_dup_b|f5_null|f8_bigcoef|noise_0,10110011,5,-3.5846353158473967,0.0287007230465036,1.3979716364113486,1.4767857313648562,-3.4772444045625206,0.1073909112848761
5,f2_strong_t2|f4_dup_b|f6_suppressor|f7_weak|f8_bigcoef,10101110,5,-3.491419117069245,0.0296503415429447,1.4911878351895007,1.5595429506036431,-3.392958556348098,0.0984605607211466
5,f2_strong_t2|f4_dup_b|f6_suppressor|f7_weak|noise_0,10101101,5,-3.770489065504074,0.0291690231839755,1.2121178867546711,1.2839544909588645,-3.669192990441967,0.1012960750621072
5,f2_strong_t2|f4_dup_b|f6_suppressor|f8_bigcoef|noise_0,10101011,5,-3.5808157356739043,0.0292252534885935,1.401791216584841,1.4767857313648562,-3.4772444045625206,0.1035713311113837
5,f2_strong_t2|f4_dup_b|f7_weak|f8_bigcoef|noise_0,10100111,5,-3.5045260491371155,0.0290900409699325,1.4780809031216298,1.5595429506036431,-3.392958556348098,0.1115674927890175
5,f2_strong_t2|f5_null|f6_suppressor|f7_weak|f8_bigcoef,10011110,5,-3.7839565086364746,0.0306515114837596,1.1986504436222707,1.2340497657358096,-3.705162361821627,0.0787941468148476
5,f2_strong_t2|f5_null|f6_suppressor|f7_weak|noise_0,10011101,5,-4.05544519367218,0.0306881458257274,0.927161758586565,0.9584613060910306,-3.981396795915495,0.0740483977566852
5,f2_strong_t2|f5_null|f6_suppressor|f8_bigcoef|noise_0,10011011,5,-3.8795187469005583,0.0306235200076223,1.103088205358187,1.151292546497023,-3.7894482100360496,0.0900705368645087
5,f2_strong_t2|f5_null|f7_weak|f8_bigcoef|noise_0,10010111,5,-3.783673504447937,0.0304324399675947,1.1989334478108082,1.2340497657358096,-3.705162361821627,0.0785111426263101
5,f2_strong_t2|f6_suppressor|f7_weak|f8_bigcoef|noise_0,10001111,5,-3.78183143286705,0.0307126980765973,1.2007755193916951,1.2340497657358096,-3.705162361821627,0.0766690710454232
5,f3_dup_a|f4_dup_b|f5_null|f6_suppressor|f7_weak,1111100,5,-4.549680843734741,0.0309058340513339,0.4329261085240041,0.4894328019129755,-4.483143826333933,0.0665370174008082
5,f3_dup_a|f4_dup_b|f5_null|f6_suppressor|f8_bigcoef,1111010,5,-4.366363738918304,0.0308136309317991,0.6162432133404412,0.682264042318968,-4.291195240454487,0.0751684984638174
5,f3_dup_a|f4_dup_b|f5_null|f6_suppressor|noise_0,1111001,5,-4.698529094362259,0.0312796975068327,0.2840778578964862,0.3356904520389953,-4.627322849996943,0.0712062443653165
5,f3_dup_a|f4_dup_b|f5_null|f7_weak|f8_bigcoef,1110110,5,-4.284253054141998,0.0305503914888991,0.6983538981167472,0.7650212615577549,-4.206909392240064,0.077343661901934
5,f3_dup_a|f4_dup_b|f5_null|f7_weak|noise_0,1110101,5,-4.543653334712983,0.0303473130165897,0.4389536175457627,0.4894328019129755,-4.483143826333933,0.0605095083790496
5,f3_dup_a|f4_dup_b|f5_null|f8_bigcoef|noise_0,1110011,5,-4.3598312249183655,0.0302541046457444,0.6227757273403798,0.682264042318968,-4.291195240454487,0.0686359844638788
5,f3_dup_a|f4_dup_b|f6_suppressor|f7_weak|f8_bigcoef,1101110,5,-4.2832205089569095,0.0309063911052752,0.6993864433018357,0.7650212615577549,-4.206909392240064,0.0763111167168455
5,f3_dup_a|f4_dup_b|f6_suppressor|f7_weak|noise_0,1101101,5,-4.546773521709442,0.0304265249830836,0.4358334305493034,0.4894328019129755,-4.483143826333933,0.0636296953755088
5,f3_dup_a|f4_dup_b|f6_suppressor|f8_bigcoef|noise_0,1101011,5,-4.364153594970703,0.0304253856243037,0.6184533572880424,0.682264042318968,-4.291195240454487,0.0729583545162162
5,f3_dup_a|f4_dup_b|f7_weak|f8_bigcoef|noise_0,1100111,5,-4.282531227016449,0.0302135883577077,0.7000757252422964,0.7650212615577549,-4.206909392240064,0.0756218347763848
5,f3_dup_a|f5_null|f6_suppressor|f7_weak|f8_bigcoef,1011110,5,-4.300641767597199,0.0290811637080469,0.6819651846615464,0.7548239943865932,-4.21753683634919,0.083104931248009
5,f3_dup_a|f5_null|f6_suppressor|f7_weak|noise_0,1011101,5,-4.566162042760849,0.028973953583878,0.4164449094978959,0.4792355347418139,-4.493771270443058,0.0723907723177914
5,f3_dup_a|f5_null|f6_suppressor|f8_bigcoef|noise_0,1011011,5,-4.384625592422485,0.0288723032368623,0.5979813598362602,0.6720667751478063,-4.3018226845636125,0.0828029078588725
5,f3_dup_a|f5_null|f7_weak|f8_bigcoef|noise_0,1010111,5,-4.308260138416291,0.028962403142525,0.6743468138424547,0.7548239943865932,-4.21753683634919,0.0907233020671007
5,f3_dup_a|f6_suppressor|f7_weak|f8_bigcoef|noise_0,1001111,5,-4.301535702610016,0.0287553838064957,0.6810712496487294,0.7548239943865932,-4.21753683634919,0.0839988662608259
5,f4_dup_b|f5_null|f6_suppressor|f7_weak|f8_bigcoef,111110,5,-4.303794967746734,0.029293094250473,0.6788119845120111,0.7548239943865932,-4.215892664590016,0.0879023031567181
5,f4_dup_b|f5_null|f6_suppressor|f7_weak|noise_0,111101,5,-4.572824689674378,0.0291139226661983,0.4097822625843674,0.4792355347418139,-4.492127098683885,0.0806975909904927
5,f4_dup_b|f5_null|f6_suppressor|f8_bigcoef|noise_0,111011,5,-4.390356354427338,0.0289443498883215,0.5922505978314074,0.6720667751478063,-4.300178512804439,0.0901778416228991
5,f4_dup_b|f5_null|f7_weak|f8_bigcoef|noise_0,110111,5,-4.314260261058808,0.0290977115608917,0.6683466911999378,0.7548239943865932,-4.215892664590016,0.0983675964687913
5,f4_dup_b|f6_suppressor|f7_weak|f8_bigcoef|noise_0,101111,5,-4.307710437297821,0.0290541313931474,0.6748965149609241,0.7548239943865932,-4.215892664590016,0.0918177727078051
5,f5_null|f6_suppressor|f7_weak|f8_bigcoef|noise_0,11111,5,-4.597411669921875,0.0303018188156717,0.3851952823368698,0.4293308095187594,-4.528096470063545,0.0693151998583303
5,f1_strong_t1|f2_strong_t2|f3_dup_a|f4_dup_b|f5_null|f6_suppressor,111111000,6,-2.0598612926483155,0.0323823344576777,2.9227456596104298,3.1074079542205526,-1.8651087705614784,0.1947525220868371
5,f1_strong_t1|f2_strong_t2|f3_dup_a|f4_dup_b|f5_null|f7_weak,111110100,6,-3.572691840934753,0.0307240870162051,1.409915111323992,1.477332949177237,-3.4834768756941825,0.0892149652405707
5,f1_strong_t1|f2_strong_t2|f3_dup_a|f4_dup_b|f5_null|f8_bigcoef,111110010,6,-3.385610750389099,0.0305058513885525,1.5969962018696462,1.6701641895832289,-3.291528289814737,0.0940824605743619
5,f1_strong_t1|f2_strong_t2|f3_dup_a|f4_dup_b|f5_null|noise_0,111110001,6,-3.7226229793548575,0.0313071406314231,1.2599839729038869,1.3235905993032566,-3.627655899357192,0.0949670799976667
5,f1_strong_t1|f2_strong_t2|f3_dup_a|f4_dup_b|f6_suppressor|f7_weak,111101100,6,-1.9151969056129456,0.03220076173928,3.0674100466458,3.261150304094533,-1.7209297468984697,0.1942671587144759
5,f1_strong_t1|f2_strong_t2|f3_dup_a|f4_dup_b|f6_suppressor|f8_bigcoef,111101010,6,-1.7246041571617126,0.0324557067618517,3.258002795097033,3.4539815445005253,-1.5289811610190234,0.1956229961426892
5,f1_strong_t1|f2_strong_t2|f3_dup_a|f4_dup_b|f6_suppressor|noise_0,111101001,6,-2.060032414531708,0.0327682562798286,2.9225745377270376,3.1074079542205526,-1.8651087705614784,0.1949236439702293
5,f1_strong_t1|f2_strong_t2|f3_dup_a|f4_dup_b|f7_weak|f8_bigcoef,111100110,6,-3.313344329547882,0.0310298124302606,1.6692626227108631,1.752921408822016,-3.2072424416003145,0.1061018879475677
5,f1_strong_t1|f2_strong_t2|f3_dup_a|f4_dup_b|f7_weak|noise_0,111100101,6,-3.5848514580726625,0.0307000177858255,1.3977554941860828,1.477332949177237,-3.4834768756941825,0.1013745823784799
5,f1_strong_t1|f2_strong_t2|f3_dup_a|f4_dup_b|f8_bigcoef|noise_0,111100011,6,-3.388430209350586,0.0305836299145059,1.5941767429081597,1.6701641895832289,-3.291528289814737,0.0969019195358487
5,f1_strong_t1|f2_strong_t2|f3_dup_a|f5_null|f6_suppressor|f7_weak,111011100,6,-1.9376071192741395,0.0310545570109197,3.044999832984606,3.2509530369233715,-1.7315571910075949,0.2060499282665444
5,f1_strong_t1|f2_strong_t2|f3_dup_a|f5_null|f6_suppressor|f8_bigcoef,111011010,6,-1.745202631664276,0.0307474879610667,3.237404320594469,3.443784277329364,-1.539608605128149,0.2055940265361271
5,f1_strong_t1|f2_strong_t2|f3_dup_a|f5_null|f6_suppressor|noise_0,111011001,6,-2.082744976520538,0.0316629844835511,2.899861975738207,3.097210687049391,-1.875736214670604,0.2070087618499341
5,f1_strong_t1|f2_strong_t2|f3_dup_a|f5_null|f7_weak|f8_bigcoef,111010110,6,-3.3269047270774843,0.0295268184026367,1.655702225181261,1.742724141650854,-3.21786988570944,0.1090348413680444
5,f1_strong_t1|f2_strong_t2|f3_dup_a|f5_null|f7_weak|noise_0,111010101,6,-3.59707586054802,0.029627024867774,1.385531091710726,1.467135682006075,-3.4941043198033093,0.10297154074471
5,f1_strong_t1|f2_strong_t2|f3_dup_a|f5_null|f8_bigcoef|noise_0,111010011,6,-3.4090986047267915,0.0291822554840767,1.5735083475319538,1.6599669224120674,-3.302155733923863,0.1069428708029285
5,f1_strong_t1|f2_strong_t2|f3_dup_a|f6_suppressor|f7_weak|f8_bigcoef,111001110,6,-1.6630457229614255,0.031274978431324,3.31956122929732,3.52654149656815,-1.455322756913727,0.2077229660476987
5,f1_strong_t1|f2_strong_t2|f3_dup_a|f6_suppressor|f7_weak|noise_0,111001101,6,-1.9489951223373407,0.0310303105904857,3.033611829921404,3.2509530369233715,-1.7315571910075949,0.2174379313297465
5,f1_strong_t1|f2_strong_t2|f3_dup_a|f6_suppressor|f8_bigcoef|noise_0,111001011,6,-1.7647800923347474,0.0310513264518315,3.217826859923998,3.443784277329364,-1.539608605128149,0.2251714872065984
5,f1_strong_t1|f2_strong_t2|f3_dup_a|f7_weak|f8_bigcoef|noise_0,111000111,6,-3.334260805273056,0.0294413804394687,1.648346146985689,1.742724141650854,-3.2178698857094394,0.1163909195636168
5,f1_strong_t1|f2_strong_t2|f4_dup_b|f5_null|f6_suppressor|f7_weak,110111100,6,-1.946058368301392,0.0307540190002679,3.0365485839573534,3.2509530369233715,-1.7299130192484211,0.2161453490529705
5,f1_strong_t1|f2_strong_t2|f4_dup_b|f5_null|f6_suppressor|f8_bigcoef,110111010,6,-1.7580439823150635,0.0305153463585585,3.224562969943681,3.443784277329364,-1.5379644333689753,0.2200795489460882
5,f1_strong_t1|f2_strong_t2|f4_dup_b|f5_null|f6_suppressor|noise_0,110111001,6,-2.094575886440277,0.0310627442024401,2.888031065818468,3.097210687049391,-1.8740920429114305,0.2204838435288467
5,f1_strong_t1|f2_strong_t2|f4_dup_b|f5_null|f7_weak|f8_bigcoef,110110110,6,-3.33377167634964,0.0294058797176031,1.6488352759091054,1.742724141650854,-3.216225713950266,0.1175459623993737
5,f1_strong_t1|f2_strong_t2|f4_dup_b|f5_null|f7_weak|noise_0,110110101,6,-3.6073815881729128,0.0294520089321208,1.3752253640858323,1.467135682006075,-3.492460148044135,0.1149214401287777
5,f1_strong_t1|f2_strong_t2|f4_dup_b|f5_null|f8_bigcoef|noise_0,110110011,6,-3.4158309700489045,0.0290086697275161,1.5667759822098408,1.6599669224120674,-3.3005115621646897,0.1153194078842148
5,f1_strong_t1|f2_strong_t2|f4_dup_b|f6_suppressor|f7_weak|f8_bigcoef,110101110,6,-1.6801416350364684,0.0316588768905934,3.3024653172222767,3.52654149656815,-1.4536785851545533,0.2264630498819151
5,f1_strong_t1|f2_strong_t2|f4_dup_b|f6_suppressor|f7_weak|noise_0,110101101,6,-1.9452525953292847,0.0307713070666535,3.0373543569294608,3.2509530369233715,-1.7299130192484216,0.2153395760808631
5,f1_strong_t1|f2_strong_t2|f4_dup_b|f6_suppressor|f8_bigcoef|noise_0,110101011,6,-1.74979166431427,0.0307337664489994,3.232815287944476,3.443784277329364,-1.5379644333689753,0.2118272309452946
5,f1_strong_t1|f2_strong_t2|f4_dup_b|f7_weak|f8_bigcoef|noise_0,110100111,6,-3.3392694284915923,0.0294858010809801,1.643337523767153,1.742724141650854,-3.216225713950266,0.1230437145413261
5,f1_strong_t1|f2_strong_t2|f5_null|f6_suppressor|f7_weak|f8_bigcoef,110011110,6,-1.9759863144874568,0.0328267544302919,3.006620637771288,3.201048311700317,-1.765882390628082,0.2101039238593751
5,f1_strong_t1|f2_strong_t2|f5_null|f6_suppressor|f7_weak|noise_0,110011101,6,-2.2395310192108155,0.0325937886594724,2.7430759330479297,2.9254598520555377,-2.0421168247219508,0.1974141944888647
5,f1_strong_t1|f2_strong_t2|f5_null|f6_suppressor|f8_bigcoef|noise_0,110011011,6,-2.056278800392151,0.0322493873483044,2.9263281518665942,3.11829109246153,-1.8501682388425047,0.2061105615496463
5,f1_strong_t1|f2_strong_t2|f5_null|f7_weak|f8_bigcoef|noise_0,110010111,6,-3.625504516077042,0.0309844056113332,1.3571024361817037,1.4172309567830204,-3.528429519423795,0.0970749966532467
5,f1_strong_t1|f2_strong_t2|f6_suppressor|f7_weak|f8_bigcoef|noise_0,110001111,6,-1.9821179839134213,0.0325879624002524,3.000488968345324,3.201048311700317,-1.765882390628082,0.2162355932853394
5,f1_strong_t1|f3_dup_a|f4_dup_b|f5_null|f6_suppressor|f7_weak,101111100,6,-2.7411787917137147,0.0325813965693231,2.2414281605450306,2.456431347877483,-2.543863855140388,0.1973149365733268
5,f1_strong_t1|f3_dup_a|f4_dup_b|f5_null|f6_suppressor|f8_bigcoef,101111010,6,-2.540643883895874,0.0322735042750302,2.4419630683628712,2.6492625882834755,-2.351915269260941,0.1887286146349325
5,f1_strong_t1|f3_dup_a|f4_dup_b|f5_null|f6_suppressor|noise_0,101111001,6,-2.8784106965065,0.0327329678860442,2.104196255752245,2.302688998003503,-2.688042878803397,0.1903678177031031
5,f1_strong_t1|f3_dup_a|f4_dup_b|f5_null|f7_weak|f8_bigcoef,101110110,6,-4.119752550125122,0.0313267452038512,0.8628544021336229,0.9482024526049658,-4.030176549842233,0.0895760002828893
5,f1_strong_t1|f3_dup_a|f4_dup_b|f5_null|f7_weak|noise_0,101110101,6,-4.381006580257416,0.0311168942606419,0.6016003720013297,0.6726139929601865,-4.306410983936101,0.0745955963213145
5,f1_strong_t1|f3_dup_a|f4_dup_b|f5_null|f8_bigcoef|noise_0,101110011,6,-4.197353743028641,0.0309022396398846,0.7852532092301043,0.8654452333661787,-4.114462398056656,0.0828913449719852
5,f1_strong_t1|f3_dup_a|f4_dup_b|f6_suppressor|f7_weak|f8_bigcoef,101101110,6,-2.452677934360504,0.032456772214768,2.529929017898241,2.732019807522262,-2.267629421046519,0.1850485133139852
5,f1_strong_t1|f3_dup_a|f4_dup_b|f6_suppressor|f7_weak|noise_0,101101101,6,-2.724353094100952,0.0320227535947692,2.258253858157793,2.456431347877483,-2.543863855140388,0.1804892389605643
5,f1_strong_t1|f3_dup_a|f4_dup_b|f6_suppressor|f8_bigcoef|noise_0,101101011,6,-2.5332698724746705,0.0319453580915777,2.4493370797840748,2.6492625882834755,-2.351915269260941,0.1813546032137289
5,f1_strong_t1|f3_dup_a|f4_dup_b|f7_weak|f8_bigcoef|noise_0,101100111,6,-4.119482423257828,0.0308915022181327,0.8631245290009177,0.9482024526049658,-4.030176549842233,0.0893058734155944
5,f1_strong_t1|f3_dup_a|f5_null|f6_suppressor|f7_weak|f8_bigcoef,101011110,6,-2.486745427036285,0.0311863462848257,2.49586152522246,2.7218225403511003,-2.278256865155645,0.2084885618806402
5,f1_strong_t1|f3_dup_a|f5_null|f6_suppressor|f7_weak|noise_0,101011101,6,-2.770709905052185,0.0309419545593858,2.2118970472065604,2.446234080706321,-2.554491299249513,0.2162186058026716
5,f1_strong_t1|f3_dup_a|f5_null|f6_suppressor|f8_bigcoef|noise_0,101011011,6,-2.5951313986778257,0.0308828545275557,2.38747555358092,2.639065321112313,-2.362542713370068,0.2325886853077579
5,f1_strong_t1|f3_dup_a|f5_null|f7_weak|f8_bigcoef|noise_0,101010111,6,-4.14672716846466,0.0294948680394973,0.835879783794085,0.938005185433804,-4.040803993951359,0.1059231745133013
5,f1_strong_t1|f3_dup_a|f6_suppressor|f7_weak|f8_bigcoef|noise_0,101001111,6,-2.510382734394073,0.0306809272657747,2.472224217864672,2.7218225403511003,-2.278256865155645,0.2321258692384282
5,f1_strong_t1|f4_dup_b|f5_null|f6_suppressor|f7_weak|f8_bigcoef,100111110,6,-2.495226406860352,0.0309078431968326,2.487380545398394,2.7218225403511003,-2.2766126933964714,0.2186137134638799
5,f1_strong_t1|f4_dup_b|f5_null|f6_suppressor|f7_weak|noise_0,100111101,6,-2.761712048625946,0.0306043907903543,2.220894903632799,2.446234080706321,-2.55284712749034,0.2088649211356061
5,f1_strong_t1|f4_dup_b|f5_null|f6_suppressor|f8_bigcoef|noise_0,100111011,6,-2.579218010044098,0.03035518271455,2.403388942214648,2.639065321112313,-2.3608985416108945,0.2183194684332035
5,f1_strong_t1|f4_dup_b|f5_null|f7_weak|f8_bigcoef|noise_0,100110111,6,-4.147096217632294,0.0295611195613,0.8355107346264514,0.938005185433804,-4.039159822192186,0.1079363954401078
5,f1_strong_t1|f4_dup_b|f6_suppressor|f7_weak|f8_bigcoef|noise_0,100101111,6,-2.4903943900108336,0.0305720817965188,2.492212562247912,2.7218225403511003,-2.2766126933964714,0.2137816966143622
5,f1_strong_t1|f5_null|f6_suppressor|f7_weak|f8_bigcoef|noise_0,100011111,6,-2.785161005973816,0.0320770841014108,2.197445946284929,2.3963293554832665,-2.588816498870001,0.1963445071038152
5,f2_strong_t2|f3_dup_a|f4_dup_b|f5_null|f6_suppressor|f7_weak,11111100,6,-3.747105675935745,0.0310211041889722,1.2355012763230002,1.2941517581300257,-3.660209718092013,0.086895957843732
5,f2_strong_t2|f3_dup_a|f4_dup_b|f5_null|f6_suppressor|f8_bigcoef,11111010,6,-3.5590610852241515,0.0310651654312063,1.4235458670345935,1.486982998536018,-3.468261132212568,0.0907999530115839
5,f2_strong_t2|f3_dup_a|f4_dup_b|f5_null|f6_suppressor|noise_0,11111001,6,-3.903010741949082,0.03171059042635,1.079596210309664,1.1404094082560454,-3.804388741755023,0.0986220001940587
5,f2_strong_t2|f3_dup_a|f4_dup_b|f5_null|f7_weak|f8_bigcoef,11110110,6,-3.4790368665218354,0.0308475629905886,1.50357008573691,1.5697402177748048,-3.3839752839981445,0.0950615825236909
5,f2_strong_t2|f3_dup_a|f4_dup_b|f5_null|f7_weak|noise_0,11110101,6,-3.7481131881713865,0.0306937253704076,1.2344937640873588,1.2941517581300257,-3.660209718092013,0.0879034700793734
5,f2_strong_t2|f3_dup_a|f4_dup_b|f5_null|f8_bigcoef|noise_0,11110011,6,-3.556303237485886,0.030695532211449,1.4263037147728594,1.486982998536018,-3.468261132212568,0.0880421052733182
5,f2_strong_t2|f3_dup_a|f4_dup_b|f6_suppressor|f7_weak|f8_bigcoef,11101110,6,-3.4780046391010284,0.0314074980555497,1.5046023131577169,1.5697402177748048,-3.3839752839981445,0.0940293551028839
5,f2_strong_t2|f3_dup_a|f4_dup_b|f6_suppressor|f7_weak|noise_0,11101101,6,-3.753028644609451,0.0308667908979487,1.229578307649294,1.2941517581300257,-3.660209718092013,0.0928189265174381
5,f2_strong_t2|f3_dup_a|f4_dup_b|f6_suppressor|f8_bigcoef|noise_0,11101011,6,-3.5606245943069457,0.0310458839427833,1.4219823579517996,1.486982998536018,-3.468261132212568,0.092363462094378
5,f2_strong_t2|f3_dup_a|f4_dup_b|f7_weak|f8_bigcoef|noise_0,11100111,6,-3.479802616357804,0.030829388669709,1.502804335900942,1.5697402177748048,-3.3839752839981445,0.0958273323596587
5,f2_strong_t2|f3_dup_a|f5_null|f6_suppressor|f7_weak|f8_bigcoef,11011110,6,-3.495688344526291,0.0296564426501031,1.4869186077324543,1.5595429506036431,-3.394602728107272,0.1010856164190197
5,f2_strong_t2|f3_dup_a|f5_null|f6_suppressor|f7_weak|noise_0,11011101,6,-3.765976338481903,0.0296800691974425,1.216630613776842,1.2839544909588645,-3.6708371622011393,0.0951391762807638
5,f2_strong_t2|f3_dup_a|f5_null|f6_suppressor|f8_bigcoef|noise_0,11011011,6,-3.5822742948532103,0.0295363058292304,1.400332657405535,1.4767857313648562,-3.478888576321694,0.1033857185315163
5,f2_strong_t2|f3_dup_a|f5_null|f7_weak|f8_bigcoef|noise_0,11010111,6,-3.499996256160736,0.029518036651629,1.4826106960980092,1.5595429506036431,-3.394602728107272,0.1053935280534648
5,f2_strong_t2|f3_dup_a|f6_suppressor|f7_weak|f8_bigcoef|noise_0,11001111,6,-3.4980549266815184,0.0296304017047074,1.4845520255772269,1.5595429506036431,-3.394602728107272,0.1034521985742471
5,f2_strong_t2|f4_dup_b|f5_null|f6_suppressor|f7_weak|f8_bigcoef,10111110,6,-3.50139654712677,0.0297392098544576,1.4812104051319754,1.5595429506036431,-3.392958556348098,0.1084379907786718
5,f2_strong_t2|f4_dup_b|f5_null|f6_suppressor|f7_weak|noise_0,10111101,6,-3.778289703464508,0.0296042661928632,1.2043172487942373,1.2839544909588645,-3.669192990441967,0.109096713022541
5,f2_strong_t2|f4_dup_b|f5_null|f6_suppressor|f8_bigcoef|noise_0,10111011,6,-3.592613487148285,0.0294964324229817,1.3899934651104604,1.4767857313648562,-3.4772444045625206,0.1153690825857642
5,f2_strong_t2|f4_dup_b|f5_null|f7_weak|f8_bigcoef|noise_0,10110111,6,-3.5115497730255125,0.0294561749118416,1.4710571792332328,1.5595429506036431,-3.392958556348098,0.1185912166774145
5,f2_strong_t2|f4_dup_b|f6_suppressor|f7_weak|f8_bigcoef|noise_0,10101111,6,-3.504268197631836,0.0298232597433711,1.4783387546269091,1.5595429506036431,-3.392958556348098,0.1113096412837379
5,f2_strong_t2|f5_null|f6_suppressor|f7_weak|f8_bigcoef|noise_0,10011111,6,-3.7943660291194914,0.0310845014036841,1.188240923139254,1.2340497657358096,-3.705162361821627,0.0892036672978644
5,f3_dup_a|f4_dup_b|f5_null|f6_suppressor|f7_weak|f8_bigcoef,1111110,6,-4.290553171110153,0.0313067424139542,0.6920537811485925,0.7650212615577549,-4.206909392240064,0.0836437788700887
5,f3_dup_a|f4_dup_b|f5_null|f6_suppressor|f7_weak|noise_0,1111101,6,-4.553735233783722,0.0309880836024639,0.4288717184750235,0.4894328019129755,-4.483143826333933,0.0705914074497888
5,f3_dup_a|f4_dup_b|f5_null|f6_suppressor|f8_bigcoef|noise_0,1111011,6,-4.371198673152923,0.030914188075081,0.611408279105822,0.682264042318968,-4.291195240454487,0.0800034326984366
5,f3_dup_a|f4_dup_b|f5_null|f7_weak|f8_bigcoef|noise_0,1110111,6,-4.286743408012391,0.0307957551247314,0.6958635442463548,0.7650212615577549,-4.206909392240064,0.0798340157723265
5,f3_dup_a|f4_dup_b|f6_suppressor|f7_weak|f8_bigcoef|noise_0,1101111,6,-4.285366240739823,0.0308442041245902,0.6972407115189228,0.7650212615577549,-4.206909392240064,0.0784568484997585
5,f3_dup_a|f5_null|f6_suppressor|f7_weak|f8_bigcoef|noise_0,1011111,6,-4.30855696773529,0.0292932035314343,0.6740499845234549,0.7548239943865932,-4.21753683634919,0.0910201313861005
5,f4_dup_b|f5_null|f6_suppressor|f7_weak|f8_bigcoef|noise_0,111111,6,-4.318427750301361,0.0295259515550574,0.664179201957384,0.7548239943865932,-4.215892664590016,0.1025350857113451
5,f1_strong_t1|f2_strong_t2|f3_dup_a|f4_dup_b|f5_null|f6_suppressor|f7_weak,111111100,7,-1.92171309671402,0.032401940666392,3.060893855544726,3.261150304094533,-1.7209297468984697,0.20078334981555
5,f1_strong_t1|f2_strong_t2|f3_dup_a|f4_dup_b|f5_null|f6_suppressor|f8_bigcoef,111111010,7,-1.723403350543976,0.0322653977342964,3.2592036017147694,3.4539815445005253,-1.5289811610190234,0.1944221895249525
5,f1_strong_t1|f2_strong_t2|f3_dup_a|f4_dup_b|f5_null|f6_suppressor|noise_0,111111001,7,-2.067878397464752,0.0329112894637123,2.914728554793993,3.1074079542205526,-1.8651087705614784,0.2027696269032737
5,f1_strong_t1|f2_strong_t2|f3_dup_a|f4_dup_b|f5_null|f7_weak|f8_bigcoef,111110110,7,-3.311095745897293,0.0311841227729263,1.671511206361452,1.752921408822016,-3.2072424416003145,0.1038533042969787
5,f1_strong_t1|f2_strong_t2|f3_dup_a|f4_dup_b|f5_null|f7_weak|noise_0,111110101,7,-3.5814285196304323,0.0311507053454812,1.401178432628313,1.477332949177237,-3.4834768756941825,0.0979516439362497
5,f1_strong_t1|f2_strong_t2|f3_dup_a|f4_dup_b|f5_null|f8_bigcoef|noise_0,111110011,7,-3.38997549738884,0.0309124471614582,1.5926314548699056,1.6701641895832289,-3.291528289814737,0.0984472075741025
5,f1_strong_t1|f2_strong_t2|f3_dup_a|f4_dup_b|f6_suppressor|f7_weak|f8_bigcoef,111101110,7,-1.6462852563858033,0.0329444179627957,3.3363216958729423,3.5367387637393115,-1.4446953128046012,0.201589943581202
5,f1_strong_t1|f2_strong_t2|f3_dup_a|f4_dup_b|f6_suppressor|f7_weak|noise_0,111101101,7,-1.9255311277389529,0.0323852280020456,3.0570758245197927,3.261150304094533,-1.7209297468984697,0.2046013808404829
5,f1_strong_t1|f2_strong_t2|f3_dup_a|f4_dup_b|f6_suppressor|f8_bigcoef|noise_0,111101011,7,-1.722872891521454,0.0324717977335235,3.2597340607372915,3.4539815445005253,-1.5289811610190234,0.1938917305024305
5,f1_strong_t1|f2_strong_t2|f3_dup_a|f4_dup_b|f7_weak|f8_bigcoef|noise_0,111100111,7,-3.3150408870697023,0.0311342843025993,1.667566065189043,1.752921408822016,-3.2072424416003145,0.1077984454693878
5,f1_strong_t1|f2_strong_t2|f3_dup_a|f5_null|f6_suppressor|f7_weak|f8_bigcoef,111011110,7,-1.6773472228050232,0.0315341564072765,3.305259729453722,3.52654149656815,-1.4553227569137268,0.2220244658912964
5,f1_strong_t1|f2_strong_t2|f3_dup_a|f5_null|f6_suppressor|f7_weak|noise_0,111011101,7,-1.955617636299133,0.0315295579401791,3.026989315959612,3.2509530369233715,-1.7315571910075949,0.2240604452915384
5,f1_strong_t1|f2_strong_t2|f3_dup_a|f5_null|f6_suppressor|f8_bigcoef|noise_0,111011011,7,-1.7624970871925354,0.0310352975242708,3.2201098650662097,3.443784277329364,-1.539608605128149,0.2228884820643863
5,f1_strong_t1|f2_strong_t2|f3_dup_a|f5_null|f7_weak|f8_bigcoef|noise_0,111010111,7,-3.3372008395671844,0.0298634198038011,1.645406112691561,1.742724141650854,-3.21786988570944,0.1193309538577445
5,f1_strong_t1|f2_strong_t2|f3_dup_a|f6_suppressor|f7_weak|f8_bigcoef|noise_0,111001111,7,-1.6886942952156068,0.0313781185090927,3.2939126570431387,3.52654149656815,-1.455322756913727,0.2333715383018797
5,f1_strong_t1|f2_strong_t2|f4_dup_b|f5_null|f6_suppressor|f7_weak|f8_bigcoef,110111110,7,-1.6845064071655274,0.0314540756553067,3.298100545093218,3.52654149656815,-1.4536785851545533,0.230827822010974
5,f1_strong_t1|f2_strong_t2|f4_dup_b|f5_null|f6_suppressor|f7_weak|noise_0,110111101,7,-1.955592312335968,0.0310005991953788,3.0270146399227773,3.2509530369233715,-1.7299130192484211,0.2256792930875468
5,f1_strong_t1|f2_strong_t2|f4_dup_b|f5_null|f6_suppressor|f8_bigcoef|noise_0,110111011,7,-1.76496590423584,0.0308597395414126,3.217641048022905,3.443784277329364,-1.5379644333689753,0.2270014708668646
5,f1_strong_t1|f2_strong_t2|f4_dup_b|f5_null|f7_weak|f8_bigcoef|noise_0,110110111,7,-3.342471009540558,0.0297391971442813,1.6401359427181874,1.742724141650854,-3.216225713950266,0.1262452955902917
5,f1_strong_t1|f2_strong_t2|f4_dup_b|f6_suppressor|f7_weak|f8_bigcoef|noise_0,110101111,7,-1.6891276361465457,0.0313148608204727,3.2934793161122,3.52654149656815,-1.4536785851545533,0.2354490509919922
5,f1_strong_t1|f2_strong_t2|f5_null|f6_suppressor|f7_weak|f8_bigcoef|noise_0,110011111,7,-1.9791563173294069,0.0327893364608192,3.0034506349293384,3.201048311700317,-1.765882390628082,0.2132739267013246
5,f1_strong_t1|f3_dup_a|f4_dup_b|f5_null|f6_suppressor|f7_weak|f8_bigcoef,101111110,7,-2.4624326254844666,0.0328223063112501,2.5201743267742787,2.732019807522262,-2.267629421046519,0.1948032044379477
5,f1_strong_t1|f3_dup_a|f4_dup_b|f5_null|f6_suppressor|f7_weak|noise_0,101111101,7,-2.737363017177582,0.0325656530167112,2.2452439350811635,2.456431347877483,-2.543863855140388,0.1934991620371939
5,f1_strong_t1|f3_dup_a|f4_dup_b|f5_null|f6_suppressor|f8_bigcoef|noise_0,101111011,7,-2.548259918022156,0.0323341755415892,2.4343470342365894,2.6492625882834755,-2.351915269260941,0.1963446487612143
5,f1_strong_t1|f3_dup_a|f4_dup_b|f5_null|f7_weak|f8_bigcoef|noise_0,101110111,7,-4.122442325305939,0.0313751471136947,0.8601646269528063,0.9482024526049658,-4.030176549842233,0.0922657754637059
5,f1_strong_t1|f3_dup_a|f4_dup_b|f6_suppressor|f7_weak|f8_bigcoef|noise_0,101101111,7,-2.454146892642975,0.0321601259252991,2.5284600596157705,2.732019807522262,-2.267629421046519,0.1865174715964559
5,f1_strong_t1|f3_dup_a|f5_null|f6_suppressor|f7_weak|f8_bigcoef|noise_0,101011111,7,-2.5056942744255064,0.0311082979862596,2.476912677833239,2.7218225403511003,-2.278256865155645,0.2274374092698612
5,f1_strong_t1|f4_dup_b|f5_null|f6_suppressor|f7_weak|f8_bigcoef|noise_0,100111111,7,-2.499931519985199,0.0308665210933363,2.4826754322735463,2.7218225403511003,-2.2766126933964714,0.2233188265887276
5,f2_strong_t2|f3_dup_a|f4_dup_b|f5_null|f6_suppressor|f7_weak|f8_bigcoef,11111110,7,-3.4836722577095034,0.0316163173351307,1.498934694549242,1.5697402177748048,-3.3839752839981445,0.0996969737113588
5,f2_strong_t2|f3_dup_a|f4_dup_b|f5_null|f6_suppressor|f7_weak|noise_0,11111101,7,-3.755311488437653,0.0314062636878914,1.227295463821093,1.2941517581300257,-3.660209718092013,0.0951017703456393
5,f2_strong_t2|f3_dup_a|f4_dup_b|f5_null|f6_suppressor|f8_bigcoef|noise_0,11111011,7,-3.566963053035736,0.0314186905694628,1.4156438992230092,1.486982998536018,-3.468261132212568,0.0987019208231685
5,f2_strong_t2|f3_dup_a|f4_dup_b|f5_null|f7_weak|f8_bigcoef|noise_0,11110111,7,-3.4812115026474,0.0312549692516724,1.5013954496113455,1.5697402177748048,-3.3839752839981445,0.0972362186492552
5,f2_strong_t2|f3_dup_a|f4_dup_b|f6_suppressor|f7_weak|f8_bigcoef|noise_0,11101111,7,-3.4819633445739746,0.0315134417313178,1.500643607684771,1.5697402177748048,-3.3839752839981445,0.0979880605758301
5,f2_strong_t2|f3_dup_a|f5_null|f6_suppressor|f7_weak|f8_bigcoef|noise_0,11011111,7,-3.50647727675438,0.0300823615591555,1.476129675504366,1.5595429506036431,-3.394602728107272,0.111874548647108
5,f2_strong_t2|f4_dup_b|f5_null|f6_suppressor|f7_weak|f8_bigcoef|noise_0,10111111,7,-3.516402730321884,0.0301363652947514,1.4662042219368612,1.5595429506036431,-3.392958556348098,0.1234441739737861
5,f3_dup_a|f4_dup_b|f5_null|f6_suppressor|f7_weak|f8_bigcoef|noise_0,1111111,7,-4.293012693357468,0.0314059536992108,0.6895942589012778,0.7650212615577549,-4.206909392240064,0.0861033011174035
5,f1_strong_t1|f2_strong_t2|f3_dup_a|f4_dup_b|f5_null|f6_suppressor|f7_weak|f8_bigcoef,111111110,8,-1.6490646515846252,0.0328640644181999,3.33354230067412,3.5367387637393115,-1.4446953128046012,0.204369338780024
5,f1_strong_t1|f2_strong_t2|f3_dup_a|f4_dup_b|f5_null|f6_suppressor|f7_weak|noise_0,111111101,8,-1.9312581337928767,0.0326774186015923,3.0513488184658684,3.261150304094533,-1.7209297468984697,0.2103283868944074
5,f1_strong_t1|f2_strong_t2|f3_dup_a|f4_dup_b|f5_null|f6_suppressor|f8_bigcoef|noise_0,111111011,8,-1.7296787611961364,0.0325405489955947,3.252928191062609,3.4539815445005253,-1.5289811610190234,0.200697600177113
5,f1_strong_t1|f2_strong_t2|f3_dup_a|f4_dup_b|f5_null|f7_weak|f8_bigcoef|noise_0,111110111,8,-3.315828711605072,0.0314847283020175,1.6667782406536733,1.752921408822016,-3.2072424416003145,0.1085862700047575
5,f1_strong_t1|f2_strong_t2|f3_dup_a|f4_dup_b|f6_suppressor|f7_weak|f8_bigcoef|noise_0,111101111,8,-1.6506896479606628,0.0327197770582362,3.3319173042980825,3.5367387637393115,-1.4446953128046012,0.2059943351560615
5,f1_strong_t1|f2_strong_t2|f3_dup_a|f5_null|f6_suppressor|f7_weak|f8_bigcoef|noise_0,111011111,8,-1.6922968284606934,0.0316569782344715,3.290310123798052,3.52654149656815,-1.4553227569137268,0.2369740715469666
5,f1_strong_t1|f2_strong_t2|f4_dup_b|f5_null|f6_suppressor|f7_weak|f8_bigcoef|noise_0,110111111,8,-1.6919643586158752,0.0313820612420141,3.29064259364287,3.52654149656815,-1.4536785851545533,0.2382857734613219
5,f1_strong_t1|f3_dup_a|f4_dup_b|f5_null|f6_suppressor|f7_weak|f8_bigcoef|noise_0,101111111,8,-2.460327860450745,0.0326238718865674,2.5222790918080005,2.732019807522262,-2.267629421046519,0.1926984394042259
5,f2_strong_t2|f3_dup_a|f4_dup_b|f5_null|f6_suppressor|f7_weak|f8_bigcoef|noise_0,11111111,8,-3.4886521327972413,0.0319535241799907,1.493954819461504,1.5697402177748048,-3.3839752839981445,0.1046768487990967
5,f1_strong_t1|f2_strong_t2|f3_dup_a|f4_dup_b|f5_null|f6_suppressor|f7_weak|f8_bigcoef|noise_0,111111111,9,-1.6566725140571594,0.0329745585525951,3.325934438201586,3.5367387637393115,-1.4446953128046012,0.2119772012525582
10,none,0,0,-4.969026922512055,0.0297403546299438,0.0135800297466905,0.0,-4.948509927820423,0.0205169946916319
10,f1_strong_t1,100000000,1,-4.811258035469055,0.0301572222731285,0.1713489167896904,0.1831811910472108,-4.771777085422592,0.039480950046463
10,f2_strong_t2,10000000,1,-4.162941610431671,0.0297433516921221,0.8196653418270738,0.8047189562170504,-4.125575819578504,0.0373657908531672
10,f3_dup_a,1000000,1,-4.6814559425354005,0.0284156718760663,0.3011510097233447,0.3254931848678336,-4.637950294106068,0.043505648429333
10,f4_dup_b,100000,1,-4.67780892238617,0.0282985873399983,0.3047980298725754,0.3254931848678336,-4.636306122346894,0.041502800039276
10,f5_null,10000,1,-4.970226672267914,0.0297984072555506,0.0123802799908316,0.0,-4.948509927820423,0.0217167444474908
10,f6_suppressor,1000,1,-4.974700313186646,0.0299834361962223,0.0079066390720994,0.0,-4.948509927820423,0.026190385366223
10,f7_weak,100,1,-4.836353376960754,0.0298385019599352,0.1462535752979912,0.1537423498739802,-4.804330904157414,0.03202247280334
10,f8_bigcoef,10,1,-4.649470449733734,0.0301772632382238,0.3331365025250115,0.3465735902799726,-4.612382318277969,0.0370881314557651
10,noise_0,1,1,-4.975947177219391,0.0297245352154752,0.0066597750393544,0.0,-4.948509927820423,0.027437249398968
10,f1_strong_t1|f2_strong_t2,110000000,2,-4.00331687078476,0.0301846547584234,0.9792900814739856,0.9879001472642612,-3.948842977180674,0.0544738936040856
10,f1_strong_t1|f3_dup_a,101000000,2,-4.524296434402466,0.0288770863207554,0.4583105178562796,0.5086743759150446,-4.4612174517082375,0.0630789826942281
10,f1_strong_t1|f4_dup_b,100100000,2,-4.524520662593842,0.0289348439704046,0.4580862896649034,0.5086743759150446,-4.459573279949064,0.0649473826447781
10,f1_strong_t1|f5_null,100010000,2,-4.816783225822449,0.0306904746964176,0.1658237264362965,0.1831811910472108,-4.771777085422592,0.0450061403998569
10,f1_strong_t1|f6_suppressor,100001000,2,-3.135016048240661,0.0327918347732592,1.847590904018084,1.9669985459645072,-3.009229956626878,0.1257860916137834
10,f1_strong_t1|f7_weak,100000100,2,-4.676018616485596,0.0302316859019393,0.3065883357731493,0.3369235409211911,-4.627598061759583,0.0484205547260128
10,f1_strong_t1|f8_bigcoef,100000010,2,-4.490885139846802,0.0301499026616321,0.4917218124119431,0.5297547813271836,-4.435649475880138,0.0552356639666644
10,f1_strong_t1|noise_0,100000001,2,-4.817373527526856,0.0302591318525445,0.1652334247318894,0.1831811910472108,-4.771777085422592,0.045596442104264
10,f2_strong_t2|f3_dup_a,11000000,2,-3.877644692993164,0.02866401278056,1.104962259265581,1.130212141084884,-3.815016185864149,0.0626285071290158
10,f2_strong_t2|f4_dup_b,10100000,2,-3.872866869354248,0.0285969927152999,1.1097400829044974,1.130212141084884,-3.813372014104975,0.0594948552492726
10,f2_strong_t2|f5_null,10010000,2,-4.1700312612533565,0.0299756305337446,0.8125756910053887,0.8047189562170504,-4.125575819578504,0.0444554416748523
10,f2_strong_t2|f6_suppressor,10001000,2,-4.168712713241577,0.0302072420624676,0.8138942390171682,0.8047189562170504,-4.125575819578504,0.0431368936630729
10,f2_strong_t2|f7_weak,10000100,2,-4.032973633861542,0.0299689553523638,0.9496333183972032,0.9584613060910306,-3.981396795915495,0.051576837946047
10,f2_strong_t2|f8_bigcoef,10000010,2,-3.8427486287117,0.0300162763270383,1.139858323547045,1.151292546497023,-3.7894482100360496,0.0533004186756507
10,f2_strong_t2|noise_0,10000001,2,-4.172150723743439,0.0300311775067308,0.8104562285153065,0.8047189562170504,-4.125575819578504,0.0465749041649345
10,f3_dup_a|f4_dup_b,1100000,2,-4.666855010890961,0.0298580450669006,0.3157519413677843,0.3356904520389953,-4.627322849996943,0.0395321608940184
10,f3_dup_a|f5_null,1010000,2,-4.679932424545288,0.0285031328952149,0.3026745277134575,0.3254931848678336,-4.637950294106068,0.0419821304392202
10,f3_dup_a|f6_suppressor,1001000,2,-4.694366175174713,0.029050966958495,0.2882407770840318,0.3254931848678336,-4.637950294106068,0.0564158810686459
10,f3_dup_a|f7_weak,1000100,2,-4.550676365947723,0.0286273356290818,0.4319305863110223,0.4792355347418139,-4.493771270443058,0.056905095504665
10,f3_dup_a|f8_bigcoef,1000010,2,-4.364443679618836,0.0289078906276717,0.6181632726399098,0.6720667751478063,-4.3018226845636125,0.062620995055223
10,f3_dup_a|noise_0,1000001,2,-4.687382496547699,0.0285025005234657,0.2952244557110459,0.3254931848678336,-4.637950294106068,0.0494322024416318
10,f4_dup_b|f5_null,110000,2,-4.676342797279358,0.0282523608955151,0.3062641549793872,0.3254931848678336,-4.636306122346894,0.0400366749324643
10,f4_dup_b|f6_suppressor,101000,2,-4.692710026168824,0.0290638080508875,0.2898969260899218,0.3254931848678336,-4.636306122346894,0.0564039038219297
10,f4_dup_b|f7_weak,100100,2,-4.542717144966126,0.0283395984742935,0.4398898072926194,0.4792355347418139,-4.492127098683885,0.0505900462822408
10,f4_dup_b|f8_bigcoef,100010,2,-4.362838821697235,0.0287226450623819,0.6197681305615106,0.6720667751478063,-4.300178512804439,0.0626603088927959
10,f4_dup_b|noise_0,100001,2,-4.6869260763168334,0.0282733828766665,0.2956808759419118,0.3254931848678336,-4.636306122346894,0.0506199539699396
10,f5_null|f6_suppressor,11000,2,-4.977549312210083,0.0302645861284636,0.0050576400486619,0.0,-4.948509927820423,0.0290393843896605
10,f5_null|f7_weak,10100,2,-4.838420327949524,0.0300441904165544,0.1441866243092215,0.1537423498739802,-4.804330904157414,0.0340894237921096
10,f5_null|f8_bigcoef,10010,2,-4.650596203899384,0.0300947523030381,0.3320107483593615,0.3465735902799726,-4.612382318277969,0.0382138856214151
10,f5_null|noise_0,10001,2,-4.978743704509735,0.0299558158052386,0.0038632477490105,0.0,-4.948509927820423,0.0302337766893119
10,f6_suppressor|f7_weak,1100,2,-4.844833027839661,0.0300124962508289,0.1377739244190845,0.1537423498739802,-4.804330904157414,0.0405021236822467
10,f6_suppressor|f8_bigcoef,1010,2,-4.659678934288025,0.0305898621310093,0.3229280179707201,0.3465735902799726,-4.612382318277969,0.0472966160100565
10,f6_suppressor|noise_0,1001,2,-4.98392795085907,0.0300638876319392,-0.0013209986003248,0.0,-4.948509927820423,0.0354180230386473
10,f7_weak|f8_bigcoef,110,2,-4.5792409049987794,0.0306724605681048,0.4033660472599658,0.4293308095187594,-4.528096470063545,0.0511444349352343
10,f7_weak|noise_0,101,2,-4.844265021514893,0.0298166146479062,0.1383419307438522,0.1537423498739802,-4.804330904157414,0.0399341173574789
10,f8_bigcoef|noise_0,11,2,-4.656776905345917,0.0301499801873583,0.3258300469128281,0.3465735902799726,-4.612382318277969,0.0443945870679485
10,f1_strong_t1|f2_strong_t2|f3_dup_a,111000000,3,-3.719189621257782,0.0290765646735847,1.263417331000963,1.3133933321320947,-3.6382833434663175,0.0809062777914646
10,f1_strong_t1|f2_strong_t2|f4_dup_b,110100000,3,-3.714707706356049,0.029058428240095,1.2678992459026968,1.3133933321320947,-3.636639171707144,0.0780685346489042
10,f1_strong_t1|f2_strong_t2|f5_null,110010000,3,-4.009893952846527,0.0305908259330685,0.9727129994122184,0.9879001472642612,-3.948842977180674,0.0610509756658528
10,f1_strong_t1|f2_strong_t2|f6_suppressor,110001000,3,-2.331444944000244,0.033577280215751,2.651162008258501,2.771717502181557,-2.1862958483849595,0.1451490956152845
10,f1_strong_t1|f2_strong_t2|f7_weak,110000100,3,-3.870901347541809,0.0304118050255627,1.1117056047169362,1.1416424971382413,-3.804663953517664,0.0662373940241449
10,f1_strong_t1|f2_strong_t2|f8_bigcoef,110000010,3,-3.686268371963501,0.0301626383339843,1.2963385802952443,1.3344737375442337,-3.6127153676382178,0.0735530043252832
10,f1_strong_t1|f2_strong_t2|noise_0,110000001,3,-4.01176126089096,0.0302832946054323,0.970845691367785,0.9879001472642612,-3.948842977180674,0.0629182837102861
10,f1_strong_t1|f3_dup_a|f4_dup_b,101100000,3,-4.523766247558593,0.0306623652585978,0.4588407047001519,0.5188716430862063,-4.45059000759911,0.0731762399594835
10,f1_strong_t1|f3_dup_a|f5_null,101010000,3,-4.525912457656861,0.0292664627545002,0.4566944946018845,0.5086743759150446,-4.4612174517082375,0.0646950059486233
10,f1_strong_t1|f3_dup_a|f6_suppressor,101001000,3,-2.8502910106658934,0.0311697219713348,2.132315941592852,2.292491730832341,-2.6986703229125224,0.151620687753371
10,f1_strong_t1|f3_dup_a|f7_weak,101000100,3,-4.392385929393768,0.0290941626020541,0.5902210228649771,0.6624167257890249,-4.317038428045227,0.0753475013485411
10,f1_strong_t1|f3_dup_a|f8_bigcoef,101000010,3,-4.205636102676392,0.0287472665330502,0.7769708495823533,0.8552479661950173,-4.125089842165781,0.0805462605106113
10,f1_strong_t1|f3_dup_a|noise_0,101000001,3,-4.5295131035804745,0.0289722287831484,0.4530938486782707,0.5086743759150446,-4.4612174517082375,0.068295651872237
10,f1_strong_t1|f4_dup_b|f5_null,100110000,3,-4.523945793914795,0.0291988532152643,0.4586611583439506,0.5086743759150446,-4.459573279949064,0.0643725139657309
10,f1_strong_t1|f4_dup_b|f6_suppressor,100101000,3,-2.839981922721863,0.0313033990984143,2.1426250295368825,2.292491730832341,-2.697026151153349,0.1429557715685137
10,f1_strong_t1|f4_dup_b|f7_weak,100100100,3,-4.387807048988343,0.0290029572843703,0.5947999032704026,0.6624167257890249,-4.315394256286054,0.0724127927022886
10,f1_strong_t1|f4_dup_b|f8_bigcoef,100100010,3,-4.20552358789444,0.0288356107934369,0.7770833643643051,0.8552479661950173,-4.123445670406608,0.0820779174878323
10,f1_strong_t1|f4_dup_b|noise_0,100100001,3,-4.529526760578156,0.028920920046003,0.4530801916805895,0.5086743759150446,-4.459573279949064,0.069953480629092
10,f1_strong_t1|f5_null|f6_suppressor,100011000,3,-3.130462989807129,0.0330857765991923,1.8521439624516165,1.9669985459645072,-3.009229956626878,0.1212330331802507
10,f1_strong_t1|f5_null|f7_weak,100010100,3,-4.68084861164093,0.0308184812746477,0.3017583406178152,0.3369235409211911,-4.627598061759583,0.0532505498813469
10,f1_strong_t1|f5_null|f8_bigcoef,100010010,3,-4.4955866051673885,0.0304433848661449,0.4870203470913568,0.5297547813271836,-4.435649475880138,0.0599371292872508
10,f1_strong_t1|f5_null|noise_0,100010001,3,-4.821534951019287,0.0307482301869594,0.1610720012394582,0.1831811910472108,-4.771777085422592,0.0497578655966952
10,f1_strong_t1|f6_suppressor|f7_weak,100001100,3,-3.0082463954925536,0.0325911629948752,1.974360556766192,2.1207408958384875,-2.865050932963869,0.1431954625286846
10,f1_strong_t1|f6_suppressor|f8_bigcoef,100001010,3,-2.820608589172364,0.0332003425490894,2.161998363086382,2.3135721362444794,-2.6731023470844235,0.1475062420879398
10,f1_strong_t1|f6_suppressor|noise_0,100001001,3,-3.1620360333442687,0.032779629151378,1.8205709189144763,1.9669985459645072,-3.009229956626878,0.1528060767173906
10,f1_strong_t1|f7_weak|f8_bigcoef,100000110,3,-4.417893659782409,0.0309190671141689,0.5647132924763358,0.6125120005659704,-4.351363627665714,0.0665300321166952
10,f1_strong_t1|f7_weak|noise_0,100000101,3,-4.684329078483581,0.0304178938133705,0.2982778737751639,0.3369235409211911,-4.627598061759583,0.0567310167239982
10,f1_strong_t1|f8_bigcoef|noise_0,100000011,3,-4.497299512672424,0.0302558011077965,0.4853074395863208,0.5297547813271836,-4.435649475880138,0.0616500367922867
10,f2_strong_t2|f3_dup_a|f4_dup_b,11100000,3,-3.867650457572937,0.0302612934262136,1.1149564946858082,1.1404094082560454,-3.804388741755023,0.0632617158179145
10,f2_strong_t2|f3_dup_a|f5_null,11010000,3,-3.875642837429047,0.0286820100837359,1.1069641148296987,1.130212141084884,-3.815016185864149,0.0606266515648981
10,f2_strong_t2|f3_dup_a|f6_suppressor,11001000,3,-3.888255666255951,0.0293271357295922,1.0943512860027944,1.130212141084884,-3.815016185864149,0.0732394803918023
10,f2_strong_t2|f3_dup_a|f7_weak,11000100,3,-3.746388632202149,0.0288462827421893,1.2362183200565968,1.2839544909588645,-3.6708371622011393,0.0755514700010091
10,f2_strong_t2|f3_dup_a|f8_bigcoef,11000010,3,-3.56068052110672,0.0288569629949472,1.4219264311520252,1.4767857313648562,-3.478888576321694,0.0817919447850261
10,f2_strong_t2|f3_dup_a|noise_0,11000001,3,-3.887578561878205,0.0289447216342902,1.095028390380541,1.130212141084884,-3.815016185864149,0.0725623760140559
10,f2_strong_t2|f4_dup_b|f5_null,10110000,3,-3.872377436065674,0.0284056505952909,1.1102295161930713,1.130212141084884,-3.813372014104975,0.0590054219606988
10,f2_strong_t2|f4_dup_b|f6_suppressor,10101000,3,-3.881487508010864,0.0291055405086168,1.1011194442478809,1.130212141084884,-3.813372014104975,0.0681154939058892
10,f2_strong_t2|f4_dup_b|f7_weak,10100100,3,-3.7387247353553774,0.0287738058572469,1.243882216903368,1.2839544909588645,-3.669192990441967,0.0695317449134105
10,f2_strong_t2|f4_dup_b|f8_bigcoef,10100010,3,-3.556370231437683,0.0288477337770354,1.4262367208210622,1.4767857313648562,-3.4772444045625206,0.0791258268751624
10,f2_strong_t2|f4_dup_b|noise_0,10100001,3,-3.883949691581726,0.0286423790012851,1.0986572606770193,1.130212141084884,-3.813372014104975,0.0705776774767508
10,f2_strong_t2|f5_null|f6_suppressor,10011000,3,-4.176874721431732,0.030509784799988,0.8057322308270134,0.8047189562170504,-4.125575819578504,0.0512989018532277
10,f2_strong_t2|f5_null|f7_weak,10010100,3,-4.036959815597534,0.0301364944132077,0.9456471366612114,0.9584613060910306,-3.981396795915495,0.0555630196820389
10,f2_strong_t2|f5_null|f8_bigcoef,10010010,3,-3.846528194904328,0.03007854685263,1.1360787573544178,1.151292546497023,-3.7894482100360496,0.0570799848682779
10,f2_strong_t2|f5_null|noise_0,10010001,3,-4.178269302368164,0.0302758069422363,0.8043376498905817,0.8047189562170504,-4.125575819578504,0.0526934827896594
10,f2_strong_t2|f6_suppressor|f7_weak,10001100,3,-4.040626201820373,0.0303663240156182,0.941980750438372,0.9584613060910306,-3.981396795915495,0.0592294059048783
10,f2_strong_t2|f6_suppressor|f8_bigcoef,10001010,3,-3.847624200630188,0.0305814535097156,1.134982751628557,1.151292546497023,-3.7894482100360496,0.0581759905941385
10,f2_strong_t2|f6_suppressor|noise_0,10001001,3,-4.179418608474731,0.0305199572355669,0.8031883437840142,0.8047189562170504,-4.125575819578504,0.0538427888962269
10,f2_strong_t2|f7_weak|f8_bigcoef,10000110,3,-3.778093200969696,0.0308331327992708,1.2045137512890491,1.2340497657358096,-3.705162361821627,0.0729308391480692
10,f2_strong_t2|f7_weak|noise_0,10000101,3,-4.043415141201019,0.0302310470999205,0.939191811057726,0.9584613060910306,-3.981396795915495,0.0620183452855243
10,f2_strong_t2|f8_bigcoef|noise_0,10000011,3,-3.8498240662574768,0.0303090546607724,1.1327828860012683,1.151292546497023,-3.7894482100360496,0.0603758562214271
10,f3_dup_a|f4_dup_b|f5_null,1110000,3,-4.666016113948822,0.0300409664616675,0.3165908383099234,0.3356904520389953,-4.627322849996943,0.0386932639518793
10,f3_dup_a|f4_dup_b|f6_suppressor,1101000,3,-4.693851536846161,0.0308634024121135,0.2887554154125844,0.3356904520389953,-4.627322849996943,0.0665286868492183
10,f3_dup_a|f4_dup_b|f7_weak,1100100,3,-4.533422315216065,0.0301426470470917,0.4491846370426806,0.4894328019129755,-4.483143826333933,0.0502784888821317
10,f3_dup_a|f4_dup_b|f8_bigcoef,1100010,3,-4.3512445123672485,0.0303352063984501,0.6313624398914968,0.682264042318968,-4.291195240454487,0.0600492719127618
10,f3_dup_a|f4_dup_b|noise_0,1100001,3,-4.676271181964874,0.0299584748922249,0.3063357702938711,0.3356904520389953,-4.627322849996943,0.0489483319679315
10,f3_dup_a|f5_null|f6_suppressor,1011000,3,-4.693584735393524,0.0292018499480045,0.289022216865221,0.3254931848678336,-4.637950294106068,0.0556344412874567
10,f3_dup_a|f5_null|f7_weak,1010100,3,-4.5529813396453855,0.028870749406998,0.4296256126133597,0.4792355347418139,-4.493771270443058,0.0592100692023276
10,f3_dup_a|f5_null|f8_bigcoef,1010010,3,-4.363291010570526,0.0288234856779933,0.6193159416882192,0.6720667751478063,-4.3018226845636125,0.0614683260069135
10,f3_dup_a|f5_null|noise_0,1010001,3,-4.690143741035461,0.028686327790558,0.2924632112232839,0.3254931848678336,-4.637950294106068,0.0521934469293938
10,f3_dup_a|f6_suppressor|f7_weak,1001100,3,-4.564569161891937,0.0291541726027724,0.4180377903668084,0.4792355347418139,-4.493771270443058,0.0707978914488789
10,f3_dup_a|f6_suppressor|f8_bigcoef,1001010,3,-4.381021439647674,0.0296458425197012,0.601585512611071,0.6720667751478063,-4.3018226845636125,0.0791987550840618
10,f3_dup_a|f6_suppressor|noise_0,1001001,3,-4.700683020401001,0.0290555265212547,0.2819239318577446,0.3254931848678336,-4.637950294106068,0.0627327262949331
10,f3_dup_a|f7_weak|f8_bigcoef,1000110,3,-4.293129393005371,0.0296173277946055,0.6894775592533744,0.7548239943865932,-4.21753683634919,0.075592556656181
10,f3_dup_a|f7_weak|noise_0,1000101,3,-4.55692188243866,0.0286834423898357,0.4256850698200853,0.4792355347418139,-4.493771270443058,0.063150611995602
10,f3_dup_a|f8_bigcoef|noise_0,1000011,3,-4.370366534137726,0.0289544391599013,0.6122404181210195,0.6720667751478063,-4.3018226845636125,0.0685438495741133
10,f4_dup_b|f5_null|f6_suppressor,111000,3,-4.687828883075714,0.0289516110367374,0.2947780691830308,0.3254931848678336,-4.636306122346894,0.0515227607288206
10,f4_dup_b|f5_null|f7_weak,110100,3,-4.545542029762268,0.0284310822780653,0.4370649224964769,0.4792355347418139,-4.492127098683885,0.0534149310783833
10,f4_dup_b|f5_null|f8_bigcoef,110010,3,-4.360842265033722,0.0285327317114409,0.6217646872250233,0.6720667751478063,-4.300178512804439,0.0606637522292832
10,f4_dup_b|f5_null|noise_0,110001,3,-4.686540856838226,0.0283096605612293,0.2960660954205192,0.3254931848678336,-4.636306122346894,0.0502347344913323
10,f4_dup_b|f6_suppressor|f7_weak,101100,3,-4.559245662021637,0.0289296375972127,0.423361290237108,0.4792355347418139,-4.492127098683885,0.0671185633377522
10,f4_dup_b|f6_suppressor|f8_bigcoef,101010,3,-4.37721492023468,0.0294703530100651,0.6053920320240653,0.6720667751478063,-4.300178512804439,0.0770364074302412
10,f4_dup_b|f6_suppressor|noise_0,101001,3,-4.699450188732147,0.0289899459016642,0.2831567635265983,0.3254931848678336,-4.636306122346894,0.0631440663852531
10,f4_dup_b|f7_weak|f8_bigcoef,100110,3,-4.288429527282715,0.0293602870812947,0.6941774249760302,0.7548239943865932,-4.215892664590016,0.0725368626926989
10,f4_dup_b|f7_weak|noise_0,100101,3,-4.552341378307342,0.0283578857381574,0.4302655739514032,0.4792355347418139,-4.492127098683885,0.060214279623457
10,f4_dup_b|f8_bigcoef|noise_0,100011,3,-4.370215974617004,0.028680976594766,0.6123909776417413,0.6720667751478063,-4.300178512804439,0.0700374618125652
10,f5_null|f6_suppressor|f7_weak,11100,3,-4.848425779533386,0.0303634035726963,0.1341811727253592,0.1537423498739802,-4.804330904157414,0.044094875375972
10,f5_null|f6_suppressor|f8_bigcoef,11010,3,-4.661356756305695,0.0307082568924656,0.3212501959530502,0.3465735902799726,-4.612382318277969,0.0489744380277263
10,f5_null|f6_suppressor|noise_0,11001,3,-4.98640417432785,0.0304325720401023,-0.0037972220691049,0.0,-4.948509927820423,0.0378942465074274
10,f5_null|f7_weak|f8_bigcoef,10110,3,-4.581912455749512,0.0308640860105459,0.4006944965092334,0.4293308095187594,-4.528096470063545,0.0538159856859667
10,f5_null|f7_weak|noise_0,10101,3,-4.84598412027359,0.0300899177144889,0.1366228319851554,0.1537423498739802,-4.804330904157414,0.0416532161161757
10,f5_null|f8_bigcoef|noise_0,10011,3,-4.65791951379776,0.0301360576590425,0.3246874384609857,0.3465735902799726,-4.612382318277969,0.0455371955197909
10,f6_suppressor|f7_weak|f8_bigcoef,1110,3,-4.589604434394836,0.0311025884488423,0.3930025178639091,0.4293308095187594,-4.528096470063545,0.061507964331291
10,f6_suppressor|f7_weak|noise_0,1101,3,-4.852881053733825,0.0301639079949605,0.1297258985249199,0.1537423498739802,-4.804330904157414,0.0485501495764113
10,f6_suppressor|f8_bigcoef|noise_0,1011,3,-4.664315033435821,0.0305051146914503,0.3182919188229238,0.3465735902799726,-4.612382318277969,0.0519327151578528
10,f7_weak|f8_bigcoef|noise_0,111,3,-4.587773141384125,0.0307876092090543,0.3948338108746201,0.4293308095187594,-4.528096470063545,0.05967667132058
10,f1_strong_t1|f2_strong_t2|f3_dup_a|f4_dup_b,111100000,4,-3.7208304388046254,0.0308131561952385,1.261776513454119,1.3235905993032566,-3.627655899357192,0.0931745394474345
10,f1_strong_t1|f2_strong_t2|f3_dup_a|f5_null,111010000,4,-3.71734773902893,0.0292835242269508,1.2652592132298146,1.3133933321320947,-3.6382833434663175,0.0790643955626131
10,f1_strong_t1|f2_strong_t2|f3_dup_a|f6_suppressor,111001000,4,-2.0534712876319885,0.0321908433652614,2.929135664626757,3.097210687049391,-1.875736214670604,0.1777350729613844
10,f1_strong_t1|f2_strong_t2|f3_dup_a|f7_weak,111000100,4,-3.5866948884963987,0.0292878999512739,1.3959120637623466,1.467135682006075,-3.4941043198033093,0.0925905686930894
10,f1_strong_t1|f2_strong_t2|f3_dup_a|f8_bigcoef,111000010,4,-3.400728305625916,0.0288181202678699,1.5818786466328296,1.6599669224120674,-3.302155733923863,0.0985725717020526
10,f1_strong_t1|f2_strong_t2|f3_dup_a|noise_0,111000001,4,-3.726651752853393,0.0292306205249668,1.255955199405352,1.3133933321320947,-3.6382833434663175,0.0883684093870758
10,f1_strong_t1|f2_strong_t2|f4_dup_b|f5_null,110110000,4,-3.715361426830292,0.0291523065430491,1.2672455254284536,1.3133933321320947,-3.636639171707144,0.0787222551231474
10,f1_strong_t1|f2_strong_t2|f4_dup_b|f6_suppressor,110101000,4,-2.028233261489868,0.0319059977110989,2.954373690768877,3.097210687049391,-1.8740920429114305,0.1541412185784378
10,f1_strong_t1|f2_strong_t2|f4_dup_b|f7_weak,110100100,4,-3.580373204898834,0.0292847019785762,1.4022337473599111,1.467135682006075,-3.492460148044135,0.087913056854699
10,f1_strong_t1|f2_strong_t2|f4_dup_b|f8_bigcoef,110100010,4,-3.3988069180488587,0.0289998002015462,1.5838000342098866,1.6599669224120674,-3.3005115621646897,0.098295355884169
10,f1_strong_t1|f2_strong_t2|f4_dup_b|noise_0,110100001,4,-3.7212497098922728,0.0290164851467689,1.2613572423664725,1.3133933321320947,-3.636639171707144,0.0846105381851285
10,f1_strong_t1|f2_strong_t2|f5_null|f6_suppressor,110011000,4,-2.329352988529205,0.03357769266682,2.65325396372954,2.771717502181557,-2.1862958483849595,0.1430571401442457
10,f1_strong_t1|f2_strong_t2|f5_null|f7_weak,110010100,4,-3.873787442302704,0.0307501832731871,1.1088195099560414,1.1416424971382413,-3.804663953517664,0.0691234887850398
10,f1_strong_t1|f2_strong_t2|f5_null|f8_bigcoef,110010010,4,-3.689566605567932,0.0303378199689331,1.2930403466908134,1.3344737375442337,-3.6127153676382178,0.0768512379297141
10,f1_strong_t1|f2_strong_t2|f5_null|noise_0,110010001,4,-4.016536199378967,0.0306847997635194,0.9660707528797784,0.9879001472642612,-3.948842977180674,0.0676932221982928
10,f1_strong_t1|f2_strong_t2|f6_suppressor|f7_weak,110001100,4,-2.2035500766754152,0.0335109155768266,2.77905687558333,2.9254598520555377,-2.0421168247219508,0.1614332519534644
10,f1_strong_t1|f2_strong_t2|f6_suppressor|f8_bigcoef,110001010,4,-2.012824689102173,0.0339602616607528,2.9697822631565725,3.11829109246153,-1.8501682388425047,0.1626564502596681
10,f1_strong_t1|f2_strong_t2|f6_suppressor|noise_0,110001001,4,-2.3421378604888914,0.0334007556298335,2.640469091769854,2.771717502181557,-2.1862958483849595,0.1558420121039319
10,f1_strong_t1|f2_strong_t2|f7_weak|f8_bigcoef,110000110,4,-3.61585330696106,0.0310192273179984,1.3667536452976856,1.4172309567830204,-3.528429519423795,0.0874237875372645
10,f1_strong_t1|f2_strong_t2|f7_weak|noise_0,110000101,4,-3.880764905643463,0.0305673344719701,1.1018420466152825,1.1416424971382413,-3.804663953517664,0.0761009521257989
10,f1_strong_t1|f2_strong_t2|f8_bigcoef|noise_0,110000011,4,-3.691377417564392,0.0303305432990851,1.2912295346943532,1.3344737375442337,-3.6127153676382178,0.0786620499261743
10,f1_strong_t1|f3_dup_a|f4_dup_b|f5_null,101110000,4,-4.523900283718109,0.0310063261751685,0.4587066685406364,0.5188716430862063,-4.450590007599112,0.0733102761189972
10,f1_strong_t1|f3_dup_a|f4_dup_b|f6_suppressor,101101000,4,-2.8286844091415406,0.0329328914151651,2.1539225431172047,2.302688998003503,-2.688042878803397,0.1406415303381436
10,f1_strong_t1|f3_dup_a|f4_dup_b|f7_weak,101100100,4,-4.39157296924591,0.030973408193805,0.591033983012835,0.6726139929601865,-4.306410983936101,0.0851619853098091
10,f1_strong_t1|f3_dup_a|f4_dup_b|f8_bigcoef,101100010,4,-4.203633180332184,0.0304956193701503,0.7789737719265615,0.8654452333661787,-4.114462398056656,0.0891707822755281
10,f1_strong_t1|f3_dup_a|f4_dup_b|noise_0,101100001,4,-4.529296234035492,0.0307322808668636,0.4533107182232534,0.5188716430862063,-4.45059000759911,0.078706226436382
10,f1_strong_t1|f3_dup_a|f5_null|f6_suppressor,101011000,4,-2.836430436706543,0.0311588342741401,2.1461765155522023,2.292491730832341,-2.6986703229125224,0.1377601137940205
10,f1_strong_t1|f3_dup_a|f5_null|f7_weak,101010100,4,-4.395651568794251,0.029561726221406,0.5869553834644945,0.6624167257890249,-4.317038428045227,0.0786131407490238
10,f1_strong_t1|f3_dup_a|f5_null|f8_bigcoef,101010010,4,-4.206416199970246,0.0289522366977455,0.7761907522884997,0.8552479661950173,-4.125089842165781,0.0813263578044649
10,f1_strong_t1|f3_dup_a|f5_null|noise_0,101010001,4,-4.532745955562592,0.0293299457890661,0.4498609966961533,0.5086743759150446,-4.4612174517082375,0.0715285038543545
10,f1_strong_t1|f3_dup_a|f6_suppressor|f7_weak,101001100,4,-2.7210475011825563,0.0309519542988103,2.261559451076189,2.446234080706321,-2.554491299249513,0.1665562019330431
10,f1_strong_t1|f3_dup_a|f6_suppressor|f8_bigcoef,101001010,4,-2.5177570778846743,0.0311691120019234,2.464849874374071,2.639065321112313,-2.362542713370068,0.1552143645146064
10,f1_strong_t1|f3_dup_a|f6_suppressor|noise_0,101001001,4,-2.8626991847991943,0.030947130873933,2.119907767459551,2.292491730832341,-2.6986703229125224,0.1640288618866718
10,f1_strong_t1|f3_dup_a|f7_weak|f8_bigcoef,101000110,4,-4.13225911693573,0.0297252732586414,0.8503478353230154,0.938005185433804,-4.040803993951359,0.0914551229843709
10,f1_strong_t1|f3_dup_a|f7_weak|noise_0,101000101,4,-4.3991565395355225,0.029258325518797,0.5834504127232227,0.6624167257890249,-4.317038428045227,0.0821181114902955
10,f1_strong_t1|f3_dup_a|f8_bigcoef|noise_0,101000011,4,-4.211352284622192,0.0288564628768145,0.771254667636553,0.8552479661950173,-4.125089842165781,0.0862624424564115
10,f1_strong_t1|f4_dup_b|f5_null|f6_suppressor,100111000,4,-2.831168498134613,0.0313647777890327,2.1514384541241323,2.292491730832341,-2.697026151153349,0.1341423469812639
10,f1_strong_t1|f4_dup_b|f5_null|f7_weak,100110100,4,-4.391288928413391,0.0293694026357569,0.5913180238453544,0.6624167257890249,-4.315394256286054,0.0758946721273368
10,f1_strong_t1|f4_dup_b|f5_null|f8_bigcoef,100110010,4,-4.204720624065399,0.0288797953994434,0.7778863281933459,0.8552479661950173,-4.123445670406608,0.0812749536587915
10,f1_strong_t1|f4_dup_b|f5_null|noise_0,100110001,4,-4.530902891349792,0.0291293279906873,0.4517040609089529,0.5086743759150446,-4.459573279949064,0.0713296114007286
10,f1_strong_t1|f4_dup_b|f6_suppressor|f7_weak,100101100,4,-2.7058183230400084,0.0309196064641489,2.276788629218737,2.446234080706321,-2.55284712749034,0.1529711955496684
10,f1_strong_t1|f4_dup_b|f6_suppressor|f8_bigcoef,100101010,4,-2.520629920864105,0.031232002293043,2.46197703139464,2.639065321112313,-2.3608985416108945,0.1597313792532109
10,f1_strong_t1|f4_dup_b|f6_suppressor|noise_0,100101001,4,-2.863243909835816,0.0311923368326822,2.11936304242293,2.292491730832341,-2.697026151153349,0.1662177586824662
10,f1_strong_t1|f4_dup_b|f7_weak|f8_bigcoef,100100110,4,-4.129797696685791,0.0296292375747087,0.8528092555729545,0.938005185433804,-4.039159822192186,0.0906378744936047
10,f1_strong_t1|f4_dup_b|f7_weak|noise_0,100100101,4,-4.39461459569931,0.0290813395978721,0.5879923565594352,0.6624167257890249,-4.315394256286054,0.079220339413256
10,f1_strong_t1|f4_dup_b|f8_bigcoef|noise_0,100100011,4,-4.211164632606506,0.0288069668372621,0.7714423196522393,0.8552479661950173,-4.123445670406608,0.0877189621998981
10,f1_strong_t1|f5_null|f6_suppressor|f7_weak,100011100,4,-3.0016249897003173,0.0328798884978644,1.980981962558428,2.1207408958384875,-2.865050932963869,0.1365740567364484
10,f1_strong_t1|f5_null|f6_suppressor|f8_bigcoef,100011010,4,-2.820208041858673,0.033304378377185,2.1623989104000723,2.3135721362444794,-2.6731023470844235,0.1471056947742495
10,f1_strong_t1|f5_null|f6_suppressor|noise_0,100011001,4,-3.148362807369232,0.0330665118422847,1.8342441448895133,1.9669985459645072,-3.009229956626878,0.1391328507423539
10,f1_strong_t1|f5_null|f7_weak|f8_bigcoef,100010110,4,-4.423083219909668,0.0313647574513858,0.5595237323490769,0.6125120005659704,-4.351363627665714,0.0717195922439541
10,f1_strong_t1|f5_null|f7_weak|noise_0,100010101,4,-4.687907806205749,0.0308553105084877,0.2946991460529959,0.3369235409211911,-4.627598061759583,0.0603097444461662
10,f1_strong_t1|f5_null|f8_bigcoef|noise_0,100010011,4,-4.501663431835175,0.0305127167746201,0.4809435204235708,0.5297547813271836,-4.435649475880138,0.0660139559550367
10,f1_strong_t1|f6_suppressor|f7_weak|f8_bigcoef,100001110,4,-2.748847847557068,0.0332452365469157,2.2337591047016776,2.3963293554832665,-2.588816498870001,0.1600313486870668
10,f1_strong_t1|f6_suppressor|f7_weak|noise_0,100001101,4,-3.0113622544288634,0.0325378741449755,1.9712446978298817,2.1207408958384875,-2.865050932963869,0.1463113214649944
10,f1_strong_t1|f6_suppressor|f8_bigcoef|noise_0,100001011,4,-2.8436716868400573,0.0331920354379492,2.138935265418688,2.3135721362444794,-2.6731023470844235,0.1705693397556338
10,f1_strong_t1|f7_weak|f8_bigcoef|noise_0,100000111,4,-4.425614902591706,0.0311051776256171,0.5569920496670395,0.6125120005659704,-4.351363627665714,0.0742512749259916
10,f2_strong_t2|f3_dup_a|f4_dup_b|f5_null,11110000,4,-3.864256495857239,0.0302219754790355,1.1183504564015063,1.1404094082560454,-3.804388741755023,0.0598677541022163
10,f2_strong_t2|f3_dup_a|f4_dup_b|f6_suppressor,11101000,4,-3.8845455652236938,0.0311482435852916,1.0980613870350515,1.1404094082560454,-3.804388741755023,0.0801568234686711
10,f2_strong_t2|f3_dup_a|f4_dup_b|f7_weak,11100100,4,-3.731807293319702,0.0305080729822187,1.250799658939043,1.2941517581300257,-3.660209718092013,0.0715975752276891
10,f2_strong_t2|f3_dup_a|f4_dup_b|f8_bigcoef,11100010,4,-3.5495093737602232,0.0305423038132304,1.433097578498522,1.486982998536018,-3.468261132212568,0.0812482415476556
10,f2_strong_t2|f3_dup_a|f4_dup_b|noise_0,11100001,4,-3.8740250075340272,0.0303890796711318,1.108581944724718,1.1404094082560454,-3.804388741755023,0.0696362657790046
10,f2_strong_t2|f3_dup_a|f5_null|f6_suppressor,11011000,4,-3.888508496761322,0.029350326057982,1.0940984554974231,1.130212141084884,-3.815016185864149,0.0734923108971736
10,f2_strong_t2|f3_dup_a|f5_null|f7_weak,11010100,4,-3.744214384746552,0.0288456634661363,1.2383925675121938,1.2839544909588645,-3.6708371622011393,0.0733772225454121
10,f2_strong_t2|f3_dup_a|f5_null|f8_bigcoef,11010010,4,-3.5584069981575013,0.0288238370747857,1.424199954101244,1.4767857313648562,-3.478888576321694,0.0795184218358073
10,f2_strong_t2|f3_dup_a|f5_null|noise_0,11010001,4,-3.88785218372345,0.0289649391241657,1.0947547685352954,1.130212141084884,-3.815016185864149,0.0728359978593014
10,f2_strong_t2|f3_dup_a|f6_suppressor|f7_weak,11001100,4,-3.760769931411743,0.0294944315025846,1.2218370208470022,1.2839544909588645,-3.6708371622011393,0.0899327692106037
10,f2_strong_t2|f3_dup_a|f6_suppressor|f8_bigcoef,11001010,4,-3.571859925842285,0.0295995940512975,1.4107470264164603,1.4767857313648562,-3.478888576321694,0.092971349520591
10,f2_strong_t2|f3_dup_a|f6_suppressor|noise_0,11001001,4,-3.8969152010917663,0.0295518280422287,1.085691751166979,1.130212141084884,-3.815016185864149,0.0818990152276177
10,f2_strong_t2|f3_dup_a|f7_weak|f8_bigcoef,11000110,4,-3.492268810749054,0.0296964022088425,1.4903381415096917,1.5595429506036431,-3.394602728107272,0.0976660826417825
10,f2_strong_t2|f3_dup_a|f7_weak|noise_0,11000101,4,-3.754876570129394,0.0290175437968083,1.2277303821293506,1.2839544909588645,-3.6708371622011393,0.0840394079282553
10,f2_strong_t2|f3_dup_a|f8_bigcoef|noise_0,11000011,4,-3.567599442386628,0.0291435401544168,1.415007509872118,1.4767857313648562,-3.478888576321694,0.0887108660649333
10,f2_strong_t2|f4_dup_b|f5_null|f6_suppressor,10111000,4,-3.881200379180908,0.0290363160526759,1.101406573077837,1.130212141084884,-3.813372014104975,0.067828365075933
10,f2_strong_t2|f4_dup_b|f5_null|f7_weak,10110100,4,-3.739018958950042,0.028599161624724,1.2435879933087026,1.2839544909588645,-3.669192990441967,0.0698259685080757
10,f2_strong_t2|f4_dup_b|f5_null|f8_bigcoef,10110010,4,-3.5546737917900084,0.0286003990119251,1.4279331604687369,1.4767857313648562,-3.4772444045625206,0.0774293872274878
10,f2_strong_t2|f4_dup_b|f5_null|noise_0,10110001,4,-3.882962180042267,0.0284980278090823,1.0996447722164784,1.130212141084884,-3.813372014104975,0.0695901659372917
10,f2_strong_t2|f4_dup_b|f6_suppressor|f7_weak,10101100,4,-3.751242862606049,0.0293135184306642,1.2313640896526965,1.2839544909588645,-3.669192990441967,0.0820498721640818
10,f2_strong_t2|f4_dup_b|f6_suppressor|f8_bigcoef,10101010,4,-3.564219632911682,0.0294663521358589,1.418387319347063,1.4767857313648562,-3.4772444045625206,0.0869752283491616
10,f2_strong_t2|f4_dup_b|f6_suppressor|noise_0,10101001,4,-3.891363665485382,0.0292039653349564,1.0912432867733632,1.130212141084884,-3.813372014104975,0.0779916513804068
10,f2_strong_t2|f4_dup_b|f7_weak|f8_bigcoef,10100110,4,-3.4884444228172304,0.0296995725327048,1.4941625294415148,1.5595429506036431,-3.392958556348098,0.0954858664691324
10,f2_strong_t2|f4_dup_b|f7_weak|noise_0,10100101,4,-3.7481909237861633,0.0287480095719429,1.234416028472582,1.2839544909588645,-3.669192990441967,0.0789979333441963
10,f2_strong_t2|f4_dup_b|f8_bigcoef|noise_0,10100011,4,-3.5628549515724184,0.0289108531949954,1.419752000686327,1.4767857313648562,-3.4772444045625206,0.0856105470098977
10,f2_strong_t2|f5_null|f6_suppressor|f7_weak,10011100,4,-4.045744782543182,0.0306112411300303,0.936862169715563,0.9584613060910306,-3.981396795915495,0.0643479866276872
10,f2_strong_t2|f5_null|f6_suppressor|f8_bigcoef,10011010,4,-3.853239361763,0.0306912950308175,1.129367590495745,1.151292546497023,-3.7894482100360496,0.0637911517269507
10,f2_strong_t2|f5_null|f6_suppressor|noise_0,10011001,4,-4.18705695104599,0.0308652356454726,0.7955500012127557,0.8047189562170504,-4.125575819578504,0.0614811314674854
10,f2_strong_t2|f5_null|f7_weak|f8_bigcoef,10010110,4,-3.781395929908753,0.0308919512401078,1.2012110223499928,1.2340497657358096,-3.705162361821627,0.0762335680871255
10,f2_strong_t2|f5_null|f7_weak|noise_0,10010101,4,-4.047850829982758,0.0304102792202536,0.9347561222759876,0.9584613060910306,-3.981396795915495,0.0664540340672625
10,f2_strong_t2|f5_null|f8_bigcoef|noise_0,10010011,4,-3.852860521602631,0.030324625398742,1.129746430656115,1.151292546497023,-3.7894482100360496,0.063412311566581
10,f2_strong_t2|f6_suppressor|f7_weak|f8_bigcoef,10001110,4,-3.782319710350037,0.0313053877126186,1.2002872419087085,1.2340497657358096,-3.705162361821627,0.0771573485284098
10,f2_strong_t2|f6_suppressor|f7_weak|noise_0,10001101,4,-4.052149492454529,0.030680725768071,0.9304574598042166,0.9584613060910306,-3.981396795915495,0.0707526965390337
10,f2_strong_t2|f6_suppressor|f8_bigcoef|noise_0,10001011,4,-3.8548499696731566,0.0308071191162997,1.1277569825855889,1.151292546497023,-3.7894482100360496,0.065401759637107
10,f2_strong_t2|f7_weak|f8_bigcoef|noise_0,10000111,4,-3.7877811074256895,0.0311387950400042,1.1948258448330558,1.2340497657358096,-3.705162361821627,0.0826187456040625
10,f3_dup_a|f4_dup_b|f5_null|f6_suppressor,1111000,4,-4.686613334751129,0.0308578854645479,0.2959936175076159,0.3356904520389953,-4.627322849996943,0.0592904847541868
10,f3_dup_a|f4_dup_b|f5_null|f7_weak,1110100,4,-4.53536526594162,0.0303506708786395,0.4472416863171258,0.4894328019129755,-4.483143826333933,0.0522214396076865
10,f3_dup_a|f4_dup_b|f5_null|f8_bigcoef,1110010,4,-4.350008404636383,0.0303240974895294,0.6325985476223623,0.682264042318968,-4.291195240454487,0.0588131641818963
10,f3_dup_a|f4_dup_b|f5_null|noise_0,1110001,4,-4.678098437595367,0.0301598941350911,0.3045085146633779,0.3356904520389953,-4.627322849996943,0.0507755875984248
10,f3_dup_a|f4_dup_b|f6_suppressor|f7_weak,1101100,4,-4.558794992256164,0.0309600176906218,0.4238119600025811,0.4894328019129755,-4.483143826333933,0.0756511659222312
10,f3_dup_a|f4_dup_b|f6_suppressor|f8_bigcoef,1101010,4,-4.3782719791412354,0.0313293144457963,0.6043349731175098,0.682264042318968,-4.291195240454487,0.0870767386867488
10,f3_dup_a|f4_dup_b|f6_suppressor|noise_0,1101001,4,-4.697011973571778,0.0307660223873347,0.2855949786869676,0.3356904520389953,-4.627322849996943,0.0696891235748351
10,f3_dup_a|f4_dup_b|f7_weak|f8_bigcoef,1100110,4,-4.276167582035065,0.0311166336085405,0.7064393702236806,0.7650212615577549,-4.206909392240064,0.0692581897950006
10,f3_dup_a|f4_dup_b|f7_weak|noise_0,1100101,4,-4.543120889186859,0.0302416521339626,0.439486063071886,0.4894328019129755,-4.483143826333933,0.0599770628529263
10,f3_dup_a|f4_dup_b|f8_bigcoef|noise_0,1100011,4,-4.357571202564239,0.0303949381543544,0.625035749694506,0.682264042318968,-4.291195240454487,0.0663759621097526
10,f3_dup_a|f5_null|f6_suppressor|f7_weak,1011100,4,-4.568782939815521,0.029403705382936,0.4138240124432242,0.4792355347418139,-4.493771270443058,0.0750116693724631
10,f3_dup_a|f5_null|f6_suppressor|f8_bigcoef,1011010,4,-4.3790316513061525,0.0295607004006921,0.6035753009525928,0.6720667751478063,-4.3018226845636125,0.0772089667425399
10,f3_dup_a|f5_null|f6_suppressor|noise_0,1011001,4,-4.701670726585388,0.0292716950569268,0.2809362256733569,0.3254931848678336,-4.637950294106068,0.0637204324793208
10,f3_dup_a|f5_null|f7_weak|f8_bigcoef,1010110,4,-4.293730718898773,0.0297321853578732,0.6888762333599718,0.7548239943865932,-4.21753683634919,0.0761938825495835
10,f3_dup_a|f5_null|f7_weak|noise_0,1010101,4,-4.559556068706512,0.0289004090258884,0.4230508835522331,0.4792355347418139,-4.493771270443058,0.0657847982634542
10,f3_dup_a|f5_null|f8_bigcoef|noise_0,1010011,4,-4.371537227725983,0.0289191420641677,0.6110697245327623,0.6720667751478063,-4.3018226845636125,0.0697145431623704
10,f3_dup_a|f6_suppressor|f7_weak|f8_bigcoef,1001110,4,-4.309225559616089,0.0301742642427533,0.6733813926426562,0.7548239943865932,-4.21753683634919,0.0916887232668992
10,f3_dup_a|f6_suppressor|f7_weak|noise_0,1001101,4,-4.569432883930206,0.029242353720159,0.413174068328539,0.4792355347418139,-4.493771270443058,0.0756616134871484
10,f3_dup_a|f6_suppressor|f8_bigcoef|noise_0,1001011,4,-4.384643688297272,0.0294688487838362,0.5979632639614731,0.6720667751478063,-4.3018226845636125,0.0828210037336596
10,f3_dup_a|f7_weak|f8_bigcoef|noise_0,1000111,4,-4.298570157718658,0.0296793691672665,0.6840367945400869,0.7548239943865932,-4.21753683634919,0.0810333213694685
10,f4_dup_b|f5_null|f6_suppressor|f7_weak,111100,4,-4.558937075614929,0.0290019003452238,0.4236698766438165,0.4792355347418139,-4.492127098683885,0.0668099769310437
10,f4_dup_b|f5_null|f6_suppressor|f8_bigcoef,111010,4,-4.374451516342163,0.0292854085958282,0.6081554359165819,0.6720667751478063,-4.300178512804439,0.0742730035377245
10,f4_dup_b|f5_null|f6_suppressor|noise_0,111001,4,-4.6972822722435,0.028982791975938,0.2853246800152451,0.3254931848678336,-4.636306122346894,0.0609761498966063
10,f4_dup_b|f5_null|f7_weak|f8_bigcoef,110110,4,-4.290656049251556,0.0293624140661798,0.6919509030071893,0.7548239943865932,-4.215892664590016,0.0747633846615398
10,f4_dup_b|f5_null|f7_weak|noise_0,110101,4,-4.55502282371521,0.0284660716863814,0.4275841285435353,0.4792355347418139,-4.492127098683885,0.0628957250313249
10,f4_dup_b|f5_null|f8_bigcoef|noise_0,110011,4,-4.36879551525116,0.028532171285323,0.6138114370075858,0.6720667751478063,-4.300178512804439,0.0686170024467207
10,f4_dup_b|f6_suppressor|f7_weak|f8_bigcoef,101110,4,-4.303794061470032,0.0299514984957261,0.6788128907887137,0.7548239943865932,-4.215892664590016,0.0879013968800155
10,f4_dup_b|f6_suppressor|f7_weak|noise_0,101101,4,-4.566682499885559,0.0290080346279553,0.4159244523731864,0.4792355347418139,-4.492127098683885,0.0745554012016738
10,f4_dup_b|f6_suppressor|f8_bigcoef|noise_0,101011,4,-4.381589001464843,0.0292707485922742,0.601017950793902,0.6720667751478063,-4.300178512804439,0.0814104886604045
10,f4_dup_b|f7_weak|f8_bigcoef|noise_0,100111,4,-4.295685897445678,0.0293904850562926,0.6869210548130669,0.7548239943865932,-4.215892664590016,0.0797932328556623
10,f5_null|f6_suppressor|f7_weak|f8_bigcoef,11110,4,-4.593645394039154,0.0314131749775023,0.3889615582195915,0.4293308095187594,-4.528096470063545,0.0655489239756086
10,f5_null|f6_suppressor|f7_weak|noise_0,11101,4,-4.855030428123474,0.0304959202292948,0.1275765241352715,0.1537423498739802,-4.804330904157414,0.0506995239660597
10,f5_null|f6_suppressor|f8_bigcoef|noise_0,11011,4,-4.66791245803833,0.0306912362952567,0.314694494220415,0.3465735902799726,-4.612382318277969,0.0555301397603615
10,f5_null|f7_weak|f8_bigcoef|noise_0,10111,4,-4.588440471839905,0.0309693542927358,0.39416648041884,0.4293308095187594,-4.528096470063545,0.0603440017763601
10,f6_suppressor|f7_weak|f8_bigcoef|noise_0,1111,4,-4.596994711017609,0.0312292295887451,0.3856122412411364,0.4293308095187594,-4.528096470063545,0.0688982409540637
10,f1_strong_t1|f2_strong_t2|f3_dup_a|f4_dup_b|f5_null,111110000,5,-3.7170049300193786,0.0309767298955324,1.265602022239367,1.3235905993032566,-3.627655899357192,0.0893490306621869
10,f1_strong_t1|f2_strong_t2|f3_dup_a|f4_dup_b|f6_suppressor,111101000,5,-2.0194156955719,0.0336890271460949,2.9631912566868457,3.1074079542205526,-1.8651087705614784,0.1543069250104212
10,f1_strong_t1|f2_strong_t2|f3_dup_a|f4_dup_b|f7_weak,111100100,5,-3.589019817829132,0.0311803509563843,1.3935871344296134,1.477332949177237,-3.4834768756941825,0.1055429421349494
10,f1_strong_t1|f2_strong_t2|f3_dup_a|f4_dup_b|f8_bigcoef,111100010,5,-3.3962511333465577,0.0306049442759085,1.5863558189121876,1.6701641895832289,-3.291528289814737,0.1047228435318206
10,f1_strong_t1|f2_strong_t2|f3_dup_a|f4_dup_b|noise_0,111100001,5,-3.724285358905792,0.0308859285920866,1.258321593352953,1.3235905993032566,-3.627655899357192,0.0966294595486005
10,f1_strong_t1|f2_strong_t2|f3_dup_a|f5_null|f6_suppressor,111011000,5,-2.035642647075653,0.031839193800812,2.946964305183092,3.097210687049391,-1.875736214670604,0.1599064324050492
10,f1_strong_t1|f2_strong_t2|f3_dup_a|f5_null|f7_weak,111010100,5,-3.5839866094589232,0.0294739530744774,1.398620342799822,1.467135682006075,-3.4941043198033093,0.0898822896556139
10,f1_strong_t1|f2_strong_t2|f3_dup_a|f5_null|f8_bigcoef,111010010,5,-3.39883647851944,0.0289266118041203,1.5837704737393057,1.6599669224120674,-3.302155733923863,0.0966807445955768
10,f1_strong_t1|f2_strong_t2|f3_dup_a|f5_null|noise_0,111010001,5,-3.726364330482483,0.0294430676679777,1.2562426217762623,1.3133933321320947,-3.6382833434663175,0.0880809870161654
10,f1_strong_t1|f2_strong_t2|f3_dup_a|f6_suppressor|f7_weak,111001100,5,-1.921832506942749,0.032115269494386,3.060774445315996,3.2509530369233715,-1.7315571910075949,0.1902753159351542
10,f1_strong_t1|f2_strong_t2|f3_dup_a|f6_suppressor|f8_bigcoef,111001010,5,-1.7287011240005494,0.0323201940290779,3.253905828258196,3.443784277329364,-1.539608605128149,0.1890925188724004
10,f1_strong_t1|f2_strong_t2|f3_dup_a|f6_suppressor|noise_0,111001001,5,-2.0516337913513185,0.0317457235366795,2.9309731609074268,3.097210687049391,-1.875736214670604,0.1758975766807144
10,f1_strong_t1|f2_strong_t2|f3_dup_a|f7_weak|f8_bigcoef,111000110,5,-3.3300336923599243,0.0298179350287969,1.652573259898821,1.742724141650854,-3.2178698857094394,0.1121638066504848
10,f1_strong_t1|f2_strong_t2|f3_dup_a|f7_weak|noise_0,111000101,5,-3.5946536524772643,0.0294127062844577,1.387953299781481,1.467135682006075,-3.4941043198033093,0.100549332673955
10,f1_strong_t1|f2_strong_t2|f3_dup_a|f8_bigcoef|noise_0,111000011,5,-3.4054753058433533,0.0289623304099325,1.577131646415392,1.6599669224120674,-3.302155733923863,0.1033195719194903
10,f1_strong_t1|f2_strong_t2|f4_dup_b|f5_null|f6_suppressor,110111000,5,-2.0257547790527344,0.0317671058797727,2.956852173206011,3.097210687049391,-1.8740920429114305,0.1516627361413041
10,f1_strong_t1|f2_strong_t2|f4_dup_b|f5_null|f7_weak,110110100,5,-3.5819505570411683,0.0293676114286525,1.400656395217577,1.467135682006075,-3.492460148044135,0.0894904089970332
10,f1_strong_t1|f2_strong_t2|f4_dup_b|f5_null|f8_bigcoef,110110010,5,-3.397579458808899,0.0289793653452983,1.5850274934498465,1.6599669224120674,-3.3005115621646897,0.0970678966442091
10,f1_strong_t1|f2_strong_t2|f4_dup_b|f5_null|noise_0,110110001,5,-3.723445648670197,0.0291247069959698,1.2591613035885487,1.3133933321320947,-3.636639171707144,0.0868064769630523
10,f1_strong_t1|f2_strong_t2|f4_dup_b|f6_suppressor|f7_weak,110101100,5,-1.8984462191581728,0.0318453390677425,3.084160733100573,3.2509530369233715,-1.7299130192484216,0.168533199909751
10,f1_strong_t1|f2_strong_t2|f4_dup_b|f6_suppressor|f8_bigcoef,110101010,5,-1.7074018365859986,0.0317949552764002,3.275205115672746,3.443784277329364,-1.5379644333689753,0.1694374032170233
10,f1_strong_t1|f2_strong_t2|f4_dup_b|f6_suppressor|noise_0,110101001,5,-2.045357591056824,0.0316241328279771,2.9372493612019217,3.097210687049391,-1.8740920429114305,0.1712655481453933
10,f1_strong_t1|f2_strong_t2|f4_dup_b|f7_weak|f8_bigcoef,110100110,5,-3.328280193042755,0.0299656829456156,1.6543267592159905,1.742724141650854,-3.216225713950266,0.1120544790924888
10,f1_strong_t1|f2_strong_t2|f4_dup_b|f7_weak|noise_0,110100101,5,-3.5852257192611696,0.0291309726781996,1.3973812329975757,1.467135682006075,-3.492460148044135,0.0927655712170345
10,f1_strong_t1|f2_strong_t2|f4_dup_b|f8_bigcoef|noise_0,110100011,5,-3.4008296125411985,0.0289364142481138,1.5817773397175467,1.6599669224120674,-3.3005115621646897,0.1003180503765088
10,f1_strong_t1|f2_strong_t2|f5_null|f6_suppressor|f7_weak,110011100,5,-2.198070765304565,0.0334826175908089,2.78453618695418,2.9254598520555377,-2.0421168247219508,0.1559539405826147
10,f1_strong_t1|f2_strong_t2|f5_null|f6_suppressor|f8_bigcoef,110011010,5,-2.009997570705414,0.0337679689642315,2.9726093815533314,3.11829109246153,-1.8501682388425047,0.1598293318629091
10,f1_strong_t1|f2_strong_t2|f5_null|f6_suppressor|noise_0,110011001,5,-2.3408461404800414,0.0336290284022135,2.641760811778704,2.771717502181557,-2.1862958483849595,0.1545502920950818
10,f1_strong_t1|f2_strong_t2|f5_null|f7_weak|f8_bigcoef,110010110,5,-3.6185680859565736,0.0312390972151912,1.3640388663021716,1.4172309567830204,-3.528429519423795,0.0901385665327785
10,f1_strong_t1|f2_strong_t2|f5_null|f7_weak|noise_0,110010101,5,-3.883986383724213,0.0308429662626581,1.0986205685345327,1.1416424971382413,-3.804663953517664,0.0793224302065485
10,f1_strong_t1|f2_strong_t2|f5_null|f8_bigcoef|noise_0,110010011,5,-3.694344471168518,0.0305111148895094,1.2882624810902272,1.3344737375442337,-3.6127153676382178,0.0816291035303002
10,f1_strong_t1|f2_strong_t2|f6_suppressor|f7_weak|f8_bigcoef,110001110,5,-1.9449184226989744,0.034151119442024,3.0376885295597704,3.201048311700317,-1.765882390628082,0.1790360320708925
10,f1_strong_t1|f2_strong_t2|f6_suppressor|f7_weak|noise_0,110001101,5,-2.210004692745209,0.0333239834553294,2.7726022595135364,2.9254598520555377,-2.0421168247219508,0.167887868023258
10,f1_strong_t1|f2_strong_t2|f6_suppressor|f8_bigcoef|noise_0,110001011,5,-2.0210456380844115,0.0337616153318005,2.9615613141743338,3.11829109246153,-1.8501682388425047,0.1708773992419068
10,f1_strong_t1|f2_strong_t2|f7_weak|f8_bigcoef|noise_0,110000111,5,-3.623698770046234,0.0311925284901604,1.3589081822125113,1.4172309567830204,-3.528429519423795,0.0952692506224388
10,f1_strong_t1|f3_dup_a|f4_dup_b|f5_null|f6_suppressor,101111000,5,-2.817048962593079,0.0330854021045855,2.1655579896656665,2.302688998003503,-2.688042878803397,0.1290060837896818
10,f1_strong_t1|f3_dup_a|f4_dup_b|f5_null|f7_weak,101110100,5,-4.393660788059234,0.0313362041616753,0.5889461641995108,0.6726139929601865,-4.306410983936101,0.0872498041231333
10,f1_strong_t1|f3_dup_a|f4_dup_b|f5_null|f8_bigcoef,101110010,5,-4.2032683027267455,0.0306827918570317,0.7793386495319998,0.8654452333661787,-4.114462398056656,0.0888059046700897
10,f1_strong_t1|f3_dup_a|f4_dup_b|f5_null|noise_0,101110001,5,-4.530376748085022,0.0310497771521245,0.4522302041737234,0.5188716430862063,-4.450590007599112,0.0797867404859102
10,f1_strong_t1|f3_dup_a|f4_dup_b|f6_suppressor|f7_weak,101101100,5,-2.701025346660614,0.0329261970895103,2.281581605598132,2.456431347877483,-2.543863855140388,0.1571614915202261
10,f1_strong_t1|f3_dup_a|f4_dup_b|f6_suppressor|f8_bigcoef,101101010,5,-2.508629196643829,0.032966971121686,2.473977755614916,2.6492625882834755,-2.351915269260941,0.1567139273828877
10,f1_strong_t1|f3_dup_a|f4_dup_b|f6_suppressor|noise_0,101101001,5,-2.848051506328583,0.0329480320454068,2.1345554459301623,2.302688998003503,-2.688042878803397,0.1600086275251859
10,f1_strong_t1|f3_dup_a|f4_dup_b|f7_weak|f8_bigcoef,101100110,5,-4.127899581336975,0.031434039658957,0.8547073709217701,0.9482024526049658,-4.030176549842233,0.0977230314947421
10,f1_strong_t1|f3_dup_a|f4_dup_b|f7_weak|noise_0,101100101,5,-4.398306739902496,0.0310655495206327,0.5843002123562488,0.6726139929601865,-4.306410983936101,0.0918957559663953
10,f1_strong_t1|f3_dup_a|f4_dup_b|f8_bigcoef|noise_0,101100011,5,-4.208033469772339,0.0305629335431315,0.7745734824864066,0.8654452333661787,-4.114462398056656,0.093571071715683
10,f1_strong_t1|f3_dup_a|f5_null|f6_suppressor|f7_weak,101011100,5,-2.709681096744537,0.0310870303155111,2.272925855514208,2.446234080706321,-2.554491299249513,0.1551897974950242
10,f1_strong_t1|f3_dup_a|f5_null|f6_suppressor|f8_bigcoef,101011010,5,-2.520028953552246,0.031243008969402,2.4625779987065,2.639065321112313,-2.362542713370068,0.1574862401821781
10,f1_strong_t1|f3_dup_a|f5_null|f6_suppressor|noise_0,101011001,5,-2.851100242996216,0.0310485830065336,2.131506709262529,2.292491730832341,-2.6986703229125224,0.1524299200836933
10,f1_strong_t1|f3_dup_a|f5_null|f7_weak|f8_bigcoef,101010110,5,-4.133955652141571,0.0300854220911804,0.848651300117174,0.938005185433804,-4.040803993951359,0.0931516581902123
10,f1_strong_t1|f3_dup_a|f5_null|f7_weak|noise_0,101010101,5,-4.401255718994141,0.0295980744501375,0.5813512332646047,0.6624167257890249,-4.317038428045227,0.0842172909489136
10,f1_strong_t1|f3_dup_a|f5_null|f8_bigcoef|noise_0,101010011,5,-4.212898470401764,0.029038355236347,0.7697084818569815,0.8552479661950173,-4.125089842165781,0.0878086282359831
10,f1_strong_t1|f3_dup_a|f6_suppressor|f7_weak|f8_bigcoef,101001110,5,-2.4561455226898192,0.0314928581653022,2.526461429568926,2.7218225403511003,-2.278256865155645,0.177888657534174
10,f1_strong_t1|f3_dup_a|f6_suppressor|f7_weak|noise_0,101001101,5,-2.714768157482147,0.0308179252982932,2.267838794776598,2.446234080706321,-2.554491299249513,0.1602768582326339
10,f1_strong_t1|f3_dup_a|f6_suppressor|f8_bigcoef|noise_0,101001011,5,-2.5342809019088746,0.0311336750265615,2.4483260503498707,2.639065321112313,-2.362542713370068,0.1717381885388067
10,f1_strong_t1|f3_dup_a|f7_weak|f8_bigcoef|noise_0,101000111,5,-4.138637886047364,0.0298442291716827,0.8439690662113817,0.938005185433804,-4.040803993951359,0.0978338920960046
10,f1_strong_t1|f4_dup_b|f5_null|f6_suppressor|f7_weak,100111100,5,-2.70078281545639,0.0310373287471587,2.281824136802355,2.446234080706321,-2.55284712749034,0.1479356879660502
10,f1_strong_t1|f4_dup_b|f5_null|f6_suppressor|f8_bigcoef,100111010,5,-2.5203761151313784,0.0311269103078424,2.462230837127367,2.639065321112313,-2.3608985416108945,0.1594775735204838
10,f1_strong_t1|f4_dup_b|f5_null|f6_suppressor|noise_0,100111001,5,-2.8497993878364563,0.0311576299732677,2.132807564422289,2.292491730832341,-2.697026151153349,0.1527732366831071
10,f1_strong_t1|f4_dup_b|f5_null|f7_weak|f8_bigcoef,100110110,5,-4.131207517623901,0.029831760332402,0.8513994346348444,0.938005185433804,-4.039159822192186,0.0920476954317148
10,f1_strong_t1|f4_dup_b|f5_null|f7_weak|noise_0,100110101,5,-4.397229059410095,0.0293010603536158,0.5853778928486504,0.6624167257890249,-4.315394256286054,0.0818348031240407
10,f1_strong_t1|f4_dup_b|f5_null|f8_bigcoef|noise_0,100110011,5,-4.210725179672242,0.0288546524180803,0.7718817725865037,0.8552479661950173,-4.123445670406608,0.0872795092656337
10,f1_strong_t1|f4_dup_b|f6_suppressor|f7_weak|f8_bigcoef,100101110,5,-2.445860188961029,0.0313562888425335,2.536746763297716,2.7218225403511003,-2.2766126933964714,0.1692474955645577
10,f1_strong_t1|f4_dup_b|f6_suppressor|f7_weak|noise_0,100101101,5,-2.7143483180999755,0.0309298672814355,2.26825863415877,2.446234080706321,-2.55284712749034,0.1615011906096355
10,f1_strong_t1|f4_dup_b|f6_suppressor|f8_bigcoef|noise_0,100101011,5,-2.541112990951538,0.0310887336027187,2.441493961307207,2.639065321112313,-2.3608985416108945,0.1802144493406436
10,f1_strong_t1|f4_dup_b|f7_weak|f8_bigcoef|noise_0,100100111,5,-4.133892027378082,0.0296613962425005,0.8487149248806629,0.938005185433804,-4.039159822192186,0.0947322051858963
10,f1_strong_t1|f5_null|f6_suppressor|f7_weak|f8_bigcoef,100011110,5,-2.7447325728416443,0.0335132379341618,2.237874379417101,2.3963293554832665,-2.588816498870001,0.1559160739716434
10,f1_strong_t1|f5_null|f6_suppressor|f7_weak|noise_0,100011101,5,-3.009272856426239,0.0328039013965793,1.9733340958325063,2.1207408958384875,-2.865050932963869,0.14422192346237
10,f1_strong_t1|f5_null|f6_suppressor|f8_bigcoef|noise_0,100011011,5,-2.8351902027130125,0.0332450093851132,2.147416749545733,2.3135721362444794,-2.6731023470844235,0.1620878556285889
10,f1_strong_t1|f5_null|f7_weak|f8_bigcoef|noise_0,100010111,5,-4.428935049247742,0.0314452019566509,0.5536719030110033,0.6125120005659704,-4.351363627665714,0.0775714215820277
10,f1_strong_t1|f6_suppressor|f7_weak|f8_bigcoef|noise_0,100001111,5,-2.7605835604667663,0.0333859576374131,2.222023391791979,2.3963293554832665,-2.588816498870001,0.1717670615967654
10,f2_strong_t2|f3_dup_a|f4_dup_b|f5_null|f6_suppressor,11111000,5,-3.877829972076416,0.0310333217498571,1.1047769801823293,1.1404094082560454,-3.804388741755023,0.0734412303213933
10,f2_strong_t2|f3_dup_a|f4_dup_b|f5_null|f7_weak,11110100,5,-3.7295960423469534,0.0304756519336641,1.253010909911791,1.2941517581300257,-3.660209718092013,0.0693863242549412
10,f2_strong_t2|f3_dup_a|f4_dup_b|f5_null|f8_bigcoef,11110010,5,-3.54779042634964,0.0304518653975004,1.4348165259091052,1.486982998536018,-3.468261132212568,0.0795292941370724
10,f2_strong_t2|f3_dup_a|f4_dup_b|f5_null|noise_0,11110001,5,-3.873201349639893,0.0303599961992061,1.1094056026188528,1.1404094082560454,-3.804388741755023,0.0688126078848698
10,f2_strong_t2|f3_dup_a|f4_dup_b|f6_suppressor|f7_weak,11101100,5,-3.753357008266449,0.0314151296659909,1.229249943992296,1.2941517581300257,-3.660209718092013,0.0931472901744361
10,f2_strong_t2|f3_dup_a|f4_dup_b|f6_suppressor|f8_bigcoef,11101010,5,-3.5666060740470886,0.0314360952001025,1.4160008782116569,1.486982998536018,-3.468261132212568,0.098344941834521
10,f2_strong_t2|f3_dup_a|f4_dup_b|f6_suppressor|noise_0,11101001,5,-3.889427272415161,0.0312230331408171,1.0931796798435842,1.1404094082560454,-3.804388741755023,0.0850385306601384
10,f2_strong_t2|f3_dup_a|f4_dup_b|f7_weak|f8_bigcoef,11100110,5,-3.478755538368225,0.0314404015773512,1.50385141389052,1.5697402177748048,-3.3839752839981445,0.0947802543700806
10,f2_strong_t2|f3_dup_a|f4_dup_b|f7_weak|noise_0,11100101,5,-3.7399142473220826,0.0305636740215584,1.2426927049366627,1.2941517581300257,-3.660209718092013,0.0797045292300695
10,f2_strong_t2|f3_dup_a|f4_dup_b|f8_bigcoef|noise_0,11100011,5,-3.554250804901123,0.0306767968983366,1.428356147357622,1.486982998536018,-3.468261132212568,0.0859896726885556
10,f2_strong_t2|f3_dup_a|f5_null|f6_suppressor|f7_weak,11011100,5,-3.759855511474609,0.0295035947713303,1.222751440784136,1.2839544909588645,-3.6708371622011393,0.0890183492734699
10,f2_strong_t2|f3_dup_a|f5_null|f6_suppressor|f8_bigcoef,11011010,5,-3.56925814332962,0.0295307558384658,1.413348808929125,1.4767857313648562,-3.478888576321694,0.0903695670079263
10,f2_strong_t2|f3_dup_a|f5_null|f6_suppressor|noise_0,11011001,5,-3.900374472427368,0.0295943737147685,1.0822324798313772,1.130212141084884,-3.815016185864149,0.0853582865632196
10,f2_strong_t2|f3_dup_a|f5_null|f7_weak|f8_bigcoef,11010110,5,-3.4920780730247496,0.0296894300600693,1.4905288792339957,1.5595429506036431,-3.394602728107272,0.0974753449174783
10,f2_strong_t2|f3_dup_a|f5_null|f7_weak|noise_0,11010101,5,-3.755769171142578,0.0290059576256221,1.226837781116167,1.2839544909588645,-3.6708371622011393,0.0849320089414389
10,f2_strong_t2|f3_dup_a|f5_null|f8_bigcoef|noise_0,11010011,5,-3.565642297744751,0.0290563708240169,1.4169646545139942,1.4767857313648562,-3.478888576321694,0.0867537214230571
10,f2_strong_t2|f3_dup_a|f6_suppressor|f7_weak|f8_bigcoef,11001110,5,-3.5044166118621827,0.0303361356527894,1.4781903403965626,1.5595429506036431,-3.394602728107272,0.1098138837549114
10,f2_strong_t2|f3_dup_a|f6_suppressor|f7_weak|noise_0,11001101,5,-3.767271372890472,0.029671897093617,1.215335579368273,1.2839544909588645,-3.6708371622011393,0.096434210689333
10,f2_strong_t2|f3_dup_a|f6_suppressor|f8_bigcoef|noise_0,11001011,5,-3.578323209095001,0.0297478029085272,1.4042837431637445,1.4767857313648562,-3.478888576321694,0.0994346327733071
10,f2_strong_t2|f3_dup_a|f7_weak|f8_bigcoef|noise_0,11000111,5,-3.497536097240448,0.0298780640795125,1.4850708550182974,1.5595429506036431,-3.394602728107272,0.1029333691331766
10,f2_strong_t2|f4_dup_b|f5_null|f6_suppressor|f7_weak,10111100,5,-3.7501202637672426,0.0292161766993971,1.232486688491503,1.2839544909588645,-3.669192990441967,0.0809272733252757
10,f2_strong_t2|f4_dup_b|f5_null|f6_suppressor|f8_bigcoef,10111010,5,-3.5621660632133483,0.0293075975045264,1.420440889045397,1.4767857313648562,-3.4772444045625206,0.0849216586508276
10,f2_strong_t2|f4_dup_b|f5_null|f6_suppressor|noise_0,10111001,5,-3.8916912163734434,0.0291689244764953,1.090915735885302,1.130212141084884,-3.813372014104975,0.0783192022684682
10,f2_strong_t2|f4_dup_b|f5_null|f7_weak|f8_bigcoef,10110110,5,-3.489670502376556,0.0295084606494201,1.492936449882189,1.5595429506036431,-3.392958556348098,0.0967119460284582
10,f2_strong_t2|f4_dup_b|f5_null|f7_weak|noise_0,10110101,5,-3.750591504001617,0.0286291308456202,1.232015448257128,1.2839544909588645,-3.669192990441967,0.0813985135596504
10,f2_strong_t2|f4_dup_b|f5_null|f8_bigcoef|noise_0,10110011,5,-3.5615032828330992,0.0286948140645612,1.421103669425646,1.4767857313648562,-3.4772444045625206,0.0842588782705786
10,f2_strong_t2|f4_dup_b|f6_suppressor|f7_weak|f8_bigcoef,10101110,5,-3.498605458641052,0.0302859457982708,1.484001493617693,1.5595429506036431,-3.392958556348098,0.1056469022929542
10,f2_strong_t2|f4_dup_b|f6_suppressor|f7_weak|noise_0,10101101,5,-3.75975303812027,0.0294403531327043,1.222853914138475,1.2839544909588645,-3.669192990441967,0.090560047678303
10,f2_strong_t2|f4_dup_b|f6_suppressor|f8_bigcoef|noise_0,10101011,5,-3.571133322048188,0.0295066757975894,1.411473630210558,1.4767857313648562,-3.4772444045625206,0.0938889174856667
10,f2_strong_t2|f4_dup_b|f7_weak|f8_bigcoef|noise_0,10100111,5,-3.49470793428421,0.0297208783052963,1.4878990179745353,1.5595429506036431,-3.392958556348098,0.101749377936112
10,f2_strong_t2|f5_null|f6_suppressor|f7_weak|f8_bigcoef,10011110,5,-3.786961100387573,0.0314557963047764,1.195645851871172,1.2340497657358096,-3.705162361821627,0.0817987385659462
10,f2_strong_t2|f5_null|f6_suppressor|f7_weak|noise_0,10011101,5,-4.056238090133667,0.0309572337893561,0.926368862125078,0.9584613060910306,-3.981396795915495,0.0748412942181722
10,f2_strong_t2|f5_null|f6_suppressor|f8_bigcoef|noise_0,10011011,5,-3.86020343875885,0.0309525769341016,1.122403513499895,1.151292546497023,-3.7894482100360496,0.0707552287228003
10,f2_strong_t2|f5_null|f7_weak|f8_bigcoef|noise_0,10010111,5,-3.7897730423927305,0.0311993481345355,1.1928339098660148,1.2340497657358096,-3.705162361821627,0.0846106805711035
10,f2_strong_t2|f6_suppressor|f7_weak|f8_bigcoef|noise_0,10001111,5,-3.793304710769653,0.0316539099571639,1.189302241489092,1.2340497657358096,-3.705162361821627,0.0881423489480264
10,f3_dup_a|f4_dup_b|f5_null|f6_suppressor|f7_weak,1111100,5,-4.555474754810334,0.0310386965446698,0.4271321974484117,0.4894328019129755,-4.483143826333933,0.0723309284764006
10,f3_dup_a|f4_dup_b|f5_null|f6_suppressor|f8_bigcoef,1111010,5,-4.372240949249267,0.0312065643150876,0.610366003009478,0.682264042318968,-4.291195240454487,0.0810457087947806
10,f3_dup_a|f4_dup_b|f5_null|f6_suppressor|noise_0,1111001,5,-4.695007009983063,0.0308828748695904,0.2875999422756825,0.3356904520389953,-4.627322849996943,0.0676841599861202
10,f3_dup_a|f4_dup_b|f5_null|f7_weak|f8_bigcoef,1110110,5,-4.278582627296448,0.0312550917098064,0.7040243249622975,0.7650212615577549,-4.206909392240064,0.0716732350563837
10,f3_dup_a|f4_dup_b|f5_null|f7_weak|noise_0,1110101,5,-4.546165840053559,0.0304766256806127,0.4364411122051868,0.4894328019129755,-4.483143826333933,0.0630220137196255
10,f3_dup_a|f4_dup_b|f5_null|f8_bigcoef|noise_0,1110011,5,-4.358901253032684,0.0304386848738306,0.6237056992260612,0.682264042318968,-4.291195240454487,0.0677060125781974
10,f3_dup_a|f4_dup_b|f6_suppressor|f7_weak|f8_bigcoef,1101110,5,-4.299859582996368,0.0319076581593363,0.6827473692623771,0.7650212615577549,-4.206909392240064,0.0929501907563041
10,f3_dup_a|f4_dup_b|f6_suppressor|f7_weak|noise_0,1101101,5,-4.563617623329162,0.0310409734161963,0.4189893289295829,0.4894328019129755,-4.483143826333933,0.0804737969952293
10,f3_dup_a|f4_dup_b|f6_suppressor|f8_bigcoef|noise_0,1101011,5,-4.379820596885681,0.031147579831446,0.6027863553730644,0.682264042318968,-4.291195240454487,0.0886253564311942
10,f3_dup_a|f4_dup_b|f7_weak|f8_bigcoef|noise_0,1100111,5,-4.28403649969101,0.0312083143242455,0.6985704525677354,0.7650212615577549,-4.206909392240064,0.0771271074509458
10,f3_dup_a|f5_null|f6_suppressor|f7_weak|f8_bigcoef,1011110,5,-4.311783242225647,0.0303620034792963,0.6708237100330985,0.7548239943865932,-4.21753683634919,0.0942464058764569
10,f3_dup_a|f5_null|f6_suppressor|f7_weak|noise_0,1011101,5,-4.573545754623413,0.0294253192964419,0.4090611976353324,0.4792355347418139,-4.493771270443058,0.0797744841803549
10,f3_dup_a|f5_null|f6_suppressor|f8_bigcoef|noise_0,1011011,5,-4.385070775985718,0.0294938395524106,0.5975361762730271,0.6720667751478063,-4.3018226845636125,0.0832480914221056
10,f3_dup_a|f5_null|f7_weak|f8_bigcoef|noise_0,1010111,5,-4.300481382751465,0.0298199689559003,0.6821255695072805,0.7548239943865932,-4.21753683634919,0.0829445464022748
10,f3_dup_a|f6_suppressor|f7_weak|f8_bigcoef|noise_0,1001111,5,-4.313853148269653,0.0302093829228417,0.6687538039890919,0.7548239943865932,-4.21753683634919,0.0963163119204635
10,f4_dup_b|f5_null|f6_suppressor|f7_weak|f8_bigcoef,111110,5,-4.304987535858154,0.0300373223261859,0.6776194164005913,0.7548239943865932,-4.215892664590016,0.0890948712681378
10,f4_dup_b|f5_null|f6_suppressor|f7_weak|noise_0,111101,5,-4.566676706981659,0.0290494196208232,0.4159302452770861,0.4792355347418139,-4.492127098683885,0.0745496082977741
10,f4_dup_b|f5_null|f6_suppressor|f8_bigcoef|noise_0,111011,5,-4.381126990795136,0.0291665867981912,0.6014799614636095,0.6720667751478063,-4.300178512804439,0.080948477990697
10,f4_dup_b|f5_null|f7_weak|f8_bigcoef|noise_0,110111,5,-4.297623106956482,0.0294014432102298,0.6849838453022636,0.7548239943865932,-4.215892664590016,0.0817304423664655
10,f4_dup_b|f6_suppressor|f7_weak|f8_bigcoef|noise_0,101111,5,-4.308844140434265,0.0299635803244683,0.6737628118244805,0.7548239943865932,-4.215892664590016,0.0929514758442486
10,f5_null|f6_suppressor|f7_weak|f8_bigcoef|noise_0,11111,5,-4.599319347858429,0.0314863679170378,0.3832876044003166,0.4293308095187594,-4.528096470063545,0.0712228777948835
10,f1_strong_t1|f2_strong_t2|f3_dup_a|f4_dup_b|f5_null|f6_suppressor,111111000,6,-2.006250144004822,0.0335299612734606,2.976356808253924,3.1074079542205526,-1.8651087705614784,0.1411413734433435
10,f1_strong_t1|f2_strong_t2|f3_dup_a|f4_dup_b|f5_null|f7_weak,111110100,6,-3.584253462600708,0.0312715460050809,1.3983534896580374,1.477332949177237,-3.4834768756941825,0.1007765869065253
10,f1_strong_t1|f2_strong_t2|f3_dup_a|f4_dup_b|f5_null|f8_bigcoef,111110010,6,-3.394698414993286,0.0306950752052259,1.587908537265459,1.6701641895832289,-3.291528289814737,0.1031701251785488
10,f1_strong_t1|f2_strong_t2|f3_dup_a|f4_dup_b|f5_null|noise_0,111110001,6,-3.723146464347839,0.0310163864500923,1.259460487910906,1.3235905993032566,-3.627655899357192,0.0954905649906474
10,f1_strong_t1|f2_strong_t2|f3_dup_a|f4_dup_b|f6_suppressor|f7_weak,111101100,6,-1.9013457524299624,0.0339183817153325,3.081261199828784,3.261150304094533,-1.7209297468984697,0.1804160055314925
10,f1_strong_t1|f2_strong_t2|f3_dup_a|f4_dup_b|f6_suppressor|f8_bigcoef,111101010,6,-1.7035083600997925,0.0337292608126747,3.279098592158953,3.4539815445005253,-1.5289811610190234,0.174527199080769
10,f1_strong_t1|f2_strong_t2|f3_dup_a|f4_dup_b|f6_suppressor|noise_0,111101001,6,-2.0317077489852906,0.0334261969450713,2.9508992032734547,3.1074079542205526,-1.8651087705614784,0.1665989784238122
10,f1_strong_t1|f2_strong_t2|f3_dup_a|f4_dup_b|f7_weak|f8_bigcoef,111100110,6,-3.326946949005127,0.0316754784122224,1.6556600032536184,1.752921408822016,-3.2072424416003145,0.1197045074048124
10,f1_strong_t1|f2_strong_t2|f3_dup_a|f4_dup_b|f7_weak|noise_0,111100101,6,-3.5913358659744263,0.0311187016685021,1.391271086284319,1.477332949177237,-3.4834768756941825,0.1078589902802438
10,f1_strong_t1|f2_strong_t2|f3_dup_a|f4_dup_b|f8_bigcoef|noise_0,111100011,6,-3.40020413942337,0.0306765643683305,1.582402812835375,1.6701641895832289,-3.291528289814737,0.108675849608633
10,f1_strong_t1|f2_strong_t2|f3_dup_a|f5_null|f6_suppressor|f7_weak,111011100,6,-1.904985624790192,0.0318577624443712,3.0776213274685533,3.2509530369233715,-1.7315571910075949,0.1734284337825968
10,f1_strong_t1|f2_strong_t2|f3_dup_a|f5_null|f6_suppressor|f8_bigcoef,111011010,6,-1.7191017439842224,0.0318807474048315,3.263505208274523,3.443784277329364,-1.539608605128149,0.1794931388560734
10,f1_strong_t1|f2_strong_t2|f3_dup_a|f5_null|f6_suppressor|noise_0,111011001,6,-2.04088526763916,0.0317389931583622,2.9417216846195853,3.097210687049391,-1.875736214670604,0.1651490529685559
10,f1_strong_t1|f2_strong_t2|f3_dup_a|f5_null|f7_weak|f8_bigcoef,111010110,6,-3.3283764064788817,0.0299499043667437,1.6542305457798636,1.742724141650854,-3.21786988570944,0.1105065207694417
10,f1_strong_t1|f2_strong_t2|f3_dup_a|f5_null|f7_weak|noise_0,111010101,6,-3.592710145282745,0.0295389360544382,1.389896806976,1.467135682006075,-3.4941043198033093,0.0986058254794359
10,f1_strong_t1|f2_strong_t2|f3_dup_a|f5_null|f8_bigcoef|noise_0,111010011,6,-3.4034710790634155,0.0290790098104949,1.5791358731953298,1.6599669224120674,-3.302155733923863,0.1013153451395525
10,f1_strong_t1|f2_strong_t2|f3_dup_a|f6_suppressor|f7_weak|f8_bigcoef,111001110,6,-1.6643500862121583,0.0327277976589487,3.318256866046587,3.52654149656815,-1.455322756913727,0.2090273292984312
10,f1_strong_t1|f2_strong_t2|f3_dup_a|f6_suppressor|f7_weak|noise_0,111001101,6,-1.925957791042328,0.031885658087939,3.0566491612164173,3.2509530369233715,-1.7315571910075949,0.1944006000347329
10,f1_strong_t1|f2_strong_t2|f3_dup_a|f6_suppressor|f8_bigcoef|noise_0,111001011,6,-1.7297547783851623,0.0321027448271858,3.252852173873583,3.443784277329364,-1.539608605128149,0.1901461732570133
10,f1_strong_t1|f2_strong_t2|f3_dup_a|f7_weak|f8_bigcoef|noise_0,111000111,6,-3.334761727809906,0.0298684383277384,1.6478452244488393,1.742724141650854,-3.2178698857094394,0.1168918421004665
10,f1_strong_t1|f2_strong_t2|f4_dup_b|f5_null|f6_suppressor|f7_weak,110111100,6,-1.895736106681824,0.0317876909052144,3.0868708455769216,3.2509530369233715,-1.7299130192484211,0.1658230874334025
10,f1_strong_t1|f2_strong_t2|f4_dup_b|f5_null|f6_suppressor|f8_bigcoef,110111010,6,-1.70586016664505,0.0316610939199368,3.276746785613695,3.443784277329364,-1.5379644333689753,0.1678957332760748
10,f1_strong_t1|f2_strong_t2|f4_dup_b|f5_null|f6_suppressor|noise_0,110111001,6,-2.0359663663864134,0.0316109140614921,2.946640585872332,3.097210687049391,-1.8740920429114305,0.1618743234749831
10,f1_strong_t1|f2_strong_t2|f4_dup_b|f5_null|f7_weak|f8_bigcoef,110110110,6,-3.3288999365806577,0.0299436495358659,1.6537070156780875,1.742724141650854,-3.216225713950266,0.1126742226303916
10,f1_strong_t1|f2_strong_t2|f4_dup_b|f5_null|f7_weak|noise_0,110110101,6,-3.5878826667785644,0.0292010647252594,1.394724285480181,1.467135682006075,-3.492460148044135,0.0954225187344293
10,f1_strong_t1|f2_strong_t2|f4_dup_b|f5_null|f8_bigcoef|noise_0,110110011,6,-3.401306162071228,0.0289474425309937,1.5813007901875171,1.6599669224120674,-3.3005115621646897,0.1007945999065382
10,f1_strong_t1|f2_strong_t2|f4_dup_b|f6_suppressor|f7_weak|f8_bigcoef,110101110,6,-1.6377784657478331,0.032243077996836,3.344828486510912,3.52654149656815,-1.4536785851545533,0.1840998805932798
10,f1_strong_t1|f2_strong_t2|f4_dup_b|f6_suppressor|f7_weak|noise_0,110101101,6,-1.908731671619416,0.0317260028685782,3.0738752806393297,3.2509530369233715,-1.7299130192484216,0.1788186523709938
10,f1_strong_t1|f2_strong_t2|f4_dup_b|f6_suppressor|f8_bigcoef|noise_0,110101011,6,-1.7177677376747131,0.0315106707698707,3.264839214584032,3.443784277329364,-1.5379644333689753,0.1798033043057378
10,f1_strong_t1|f2_strong_t2|f4_dup_b|f7_weak|f8_bigcoef|noise_0,110100111,6,-3.330751037311554,0.0298281006812236,1.6518559149471912,1.742724141650854,-3.216225713950266,0.1145253233612879
10,f1_strong_t1|f2_strong_t2|f5_null|f6_suppressor|f7_weak|f8_bigcoef,110011110,6,-1.945257007789612,0.0342074608492551,3.037349944469133,3.201048311700317,-1.765882390628082,0.1793746171615298
10,f1_strong_t1|f2_strong_t2|f5_null|f6_suppressor|f7_weak|noise_0,110011101,6,-2.208419883441925,0.033476211791134,2.77418706881682,2.9254598520555377,-2.0421168247219508,0.1663030587199743
10,f1_strong_t1|f2_strong_t2|f5_null|f6_suppressor|f8_bigcoef|noise_0,110011011,6,-2.019094871330261,0.0338048704471621,2.963512080928484,3.11829109246153,-1.8501682388425047,0.1689266324877565
10,f1_strong_t1|f2_strong_t2|f5_null|f7_weak|f8_bigcoef|noise_0,110010111,6,-3.625571937179565,0.0313968162037447,1.35703501507918,1.4172309567830204,-3.528429519423795,0.0971424177557702
10,f1_strong_t1|f2_strong_t2|f6_suppressor|f7_weak|f8_bigcoef|noise_0,110001111,6,-1.951098755073548,0.0341873357842166,3.0315081971851976,3.201048311700317,-1.765882390628082,0.1852163644454654
10,f1_strong_t1|f3_dup_a|f4_dup_b|f5_null|f6_suppressor|f7_weak,101111100,6,-2.693772597599029,0.0330245125758861,2.288834354659716,2.456431347877483,-2.543863855140388,0.1499087424586416
10,f1_strong_t1|f3_dup_a|f4_dup_b|f5_null|f6_suppressor|f8_bigcoef,101111010,6,-2.508928810310364,0.033057602956412,2.473678141948381,2.6492625882834755,-2.351915269260941,0.1570135410494222
10,f1_strong_t1|f3_dup_a|f4_dup_b|f5_null|f6_suppressor|noise_0,101111001,6,-2.8372806094169616,0.0330806887167816,2.145326342841784,2.302688998003503,-2.688042878803397,0.1492377306135646
10,f1_strong_t1|f3_dup_a|f4_dup_b|f5_null|f7_weak|f8_bigcoef,101110110,6,-4.128854213714599,0.0317545717350692,0.8537527385441459,0.9482024526049658,-4.030176549842233,0.0986776638723663
10,f1_strong_t1|f3_dup_a|f4_dup_b|f5_null|f7_weak|noise_0,101110101,6,-4.399827441978455,0.0313633438219694,0.5827795102802904,0.6726139929601865,-4.306410983936101,0.0934164580423537
10,f1_strong_t1|f3_dup_a|f4_dup_b|f5_null|f8_bigcoef|noise_0,101110011,6,-4.20880503206253,0.0307586856184452,0.773801920196215,0.8654452333661787,-4.114462398056656,0.0943426340058746
10,f1_strong_t1|f3_dup_a|f4_dup_b|f6_suppressor|f7_weak|f8_bigcoef,101101110,6,-2.439493287849426,0.0333727310276734,2.543113664409319,2.732019807522262,-2.267629421046519,0.1718638668029073
10,f1_strong_t1|f3_dup_a|f4_dup_b|f6_suppressor|f7_weak|noise_0,101101101,6,-2.7047977699279784,0.0329833662417336,2.277809182330767,2.456431347877483,-2.543863855140388,0.1609339147875905
10,f1_strong_t1|f3_dup_a|f4_dup_b|f6_suppressor|f8_bigcoef|noise_0,101101011,6,-2.52362844543457,0.0328279173247653,2.458978506824175,2.6492625882834755,-2.351915269260941,0.1717131761736285
10,f1_strong_t1|f3_dup_a|f4_dup_b|f7_weak|f8_bigcoef|noise_0,101100111,6,-4.133021791267395,0.0315279644946315,0.8495851609913503,0.9482024526049658,-4.030176549842233,0.1028452414251619
10,f1_strong_t1|f3_dup_a|f5_null|f6_suppressor|f7_weak|f8_bigcoef,101011110,6,-2.4518637702941897,0.0315462047256576,2.530743181964556,2.7218225403511003,-2.278256865155645,0.1736069051385445
10,f1_strong_t1|f3_dup_a|f5_null|f6_suppressor|f7_weak|noise_0,101011101,6,-2.714454795074463,0.0309880837128006,2.268152157184282,2.446234080706321,-2.554491299249513,0.1599634958249498
10,f1_strong_t1|f3_dup_a|f5_null|f6_suppressor|f8_bigcoef|noise_0,101011011,6,-2.5317519076347352,0.0310804377535241,2.45085504462401,2.639065321112313,-2.362542713370068,0.1692091942646674
10,f1_strong_t1|f3_dup_a|f5_null|f7_weak|f8_bigcoef|noise_0,101010111,6,-4.13968004989624,0.0301166719254249,0.842926902362505,0.938005185433804,-4.040803993951359,0.0988760559448813
10,f1_strong_t1|f3_dup_a|f6_suppressor|f7_weak|f8_bigcoef|noise_0,101001111,6,-2.4563546166419985,0.0315458880274471,2.526252335616747,2.7218225403511003,-2.278256865155645,0.1780977514863533
10,f1_strong_t1|f4_dup_b|f5_null|f6_suppressor|f7_weak|f8_bigcoef,100111110,6,-2.4445301089286806,0.031317446335663,2.5380768433300647,2.7218225403511003,-2.2766126933964714,0.1679174155322091
10,f1_strong_t1|f4_dup_b|f5_null|f6_suppressor|f7_weak|noise_0,100111101,6,-2.711562237644196,0.0308891965068499,2.2710447146145496,2.446234080706321,-2.55284712749034,0.1587151101538557
10,f1_strong_t1|f4_dup_b|f5_null|f6_suppressor|f8_bigcoef|noise_0,100111011,6,-2.53757474565506,0.0309250694176601,2.4450322066036856,2.639065321112313,-2.3608985416108945,0.1766762040441651
10,f1_strong_t1|f4_dup_b|f5_null|f7_weak|f8_bigcoef|noise_0,100110111,6,-4.135887613773346,0.0298382877214265,0.846719338485399,0.938005185433804,-4.039159822192186,0.0967277915811601
10,f1_strong_t1|f4_dup_b|f6_suppressor|f7_weak|f8_bigcoef|noise_0,100101111,6,-2.4539522427558897,0.031412219448948,2.5286547095028555,2.7218225403511003,-2.2766126933964714,0.1773395493594183
10,f1_strong_t1|f5_null|f6_suppressor|f7_weak|f8_bigcoef|noise_0,100011111,6,-2.754856556510925,0.0335524848809048,2.22775039574782,2.3963293554832665,-2.588816498870001,0.1660400576409242
10,f2_strong_t2|f3_dup_a|f4_dup_b|f5_null|f6_suppressor|f7_weak,11111100,6,-3.747075616168976,0.0313256689550639,1.2355313360897693,1.2941517581300257,-3.660209718092013,0.0868658980769629
10,f2_strong_t2|f3_dup_a|f4_dup_b|f5_null|f6_suppressor|f8_bigcoef,11111010,6,-3.560587666511536,0.0313118461022021,1.4220192857472096,1.486982998536018,-3.468261132212568,0.092326534298968
10,f2_strong_t2|f3_dup_a|f4_dup_b|f5_null|f6_suppressor|noise_0,11111001,6,-3.886936208438873,0.0311238732962803,1.095670743819872,1.1404094082560454,-3.804388741755023,0.0825474666838506
10,f2_strong_t2|f3_dup_a|f4_dup_b|f5_null|f7_weak|f8_bigcoef,11110110,6,-3.4792305623054505,0.0313521600923923,1.5033763899532948,1.5697402177748048,-3.3839752839981445,0.0952552783073059
10,f2_strong_t2|f3_dup_a|f4_dup_b|f5_null|f7_weak|noise_0,11110101,6,-3.7394993425369263,0.0305303695044957,1.243107609721819,1.2941517581300257,-3.660209718092013,0.0792896244449132
10,f2_strong_t2|f3_dup_a|f4_dup_b|f5_null|f8_bigcoef|noise_0,11110011,6,-3.553003219985962,0.0305855573390637,1.4296037322727837,1.486982998536018,-3.468261132212568,0.0847420877733942
10,f2_strong_t2|f3_dup_a|f4_dup_b|f6_suppressor|f7_weak|f8_bigcoef,11101110,6,-3.4970893728256227,0.0322452854330665,1.4855175794331226,1.5697402177748048,-3.3839752839981445,0.1131140888274782
10,f2_strong_t2|f3_dup_a|f4_dup_b|f6_suppressor|f7_weak|noise_0,11101101,6,-3.7580272267341615,0.031522219501149,1.2245797255245838,1.2941517581300257,-3.660209718092013,0.0978175086421484
10,f2_strong_t2|f3_dup_a|f4_dup_b|f6_suppressor|f8_bigcoef|noise_0,11101011,6,-3.570873204898834,0.0314583315267655,1.4117337473599112,1.486982998536018,-3.468261132212568,0.1026120726862664
10,f2_strong_t2|f3_dup_a|f4_dup_b|f7_weak|f8_bigcoef|noise_0,11100111,6,-3.4861024848937987,0.0315321147153243,1.4965044673649466,1.5697402177748048,-3.3839752839981445,0.1021272008956541
10,f2_strong_t2|f3_dup_a|f5_null|f6_suppressor|f7_weak|f8_bigcoef,11011110,6,-3.5047850977897643,0.0303749619979772,1.477821854468981,1.5595429506036431,-3.394602728107272,0.110182369682493
10,f2_strong_t2|f3_dup_a|f5_null|f6_suppressor|f7_weak|noise_0,11011101,6,-3.7699989013671873,0.0297048154720925,1.212608050891558,1.2839544909588645,-3.6708371622011393,0.0991617391660479
10,f2_strong_t2|f3_dup_a|f5_null|f6_suppressor|f8_bigcoef|noise_0,11011011,6,-3.576565384578705,0.0296721820587102,1.4060415676800404,1.4767857313648562,-3.478888576321694,0.0976768082570109
10,f2_strong_t2|f3_dup_a|f5_null|f7_weak|f8_bigcoef|noise_0,11010111,6,-3.499234944725037,0.0298586438048242,1.4833720075337085,1.5595429506036431,-3.394602728107272,0.1046322166177655
10,f2_strong_t2|f3_dup_a|f6_suppressor|f7_weak|f8_bigcoef|noise_0,11001111,6,-3.510137899398804,0.0305556273102817,1.4724690528599416,1.5595429506036431,-3.394602728107272,0.1155351712915324
10,f2_strong_t2|f4_dup_b|f5_null|f6_suppressor|f7_weak|f8_bigcoef,10111110,6,-3.497567113685608,0.0302068656319699,1.4850398385731371,1.5595429506036431,-3.392958556348098,0.1046085573375101
10,f2_strong_t2|f4_dup_b|f5_null|f6_suppressor|f7_weak|noise_0,10111101,6,-3.759692339420319,0.0293413871567168,1.2229146128384265,1.2839544909588645,-3.669192990441967,0.0904993489783518
10,f2_strong_t2|f4_dup_b|f5_null|f6_suppressor|f8_bigcoef|noise_0,10111011,6,-3.5695844417572022,0.0293801013675839,1.413022510501543,1.4767857313648562,-3.4772444045625206,0.0923400371946816
10,f2_strong_t2|f4_dup_b|f5_null|f7_weak|f8_bigcoef|noise_0,10110111,6,-3.4974478548049928,0.0295600774014634,1.4851590974537523,1.5595429506036431,-3.392958556348098,0.1044892984568948
10,f2_strong_t2|f4_dup_b|f6_suppressor|f7_weak|f8_bigcoef|noise_0,10101111,6,-3.5045052480697634,0.0303473725830078,1.478101704188982,1.5595429506036431,-3.392958556348098,0.1115466917216654
10,f2_strong_t2|f5_null|f6_suppressor|f7_weak|f8_bigcoef|noise_0,10011111,6,-3.796710963630676,0.0318252533088664,1.185895988628069,1.2340497657358096,-3.705162361821627,0.0915486018090492
10,f3_dup_a|f4_dup_b|f5_null|f6_suppressor|f7_weak|f8_bigcoef,1111110,6,-4.298567576408386,0.0320103121945415,0.6840393758503591,0.7650212615577549,-4.206909392240064,0.0916581841683221
10,f3_dup_a|f4_dup_b|f5_null|f6_suppressor|f7_weak|noise_0,1111101,6,-4.562242796325684,0.0310839172026677,0.4203641559330613,0.4894328019129755,-4.483143826333933,0.079098969991751
10,f3_dup_a|f4_dup_b|f5_null|f6_suppressor|f8_bigcoef|noise_0,1111011,6,-4.378100570964813,0.0311359281123226,0.6045063812939322,0.682264042318968,-4.291195240454487,0.0869053305103264
10,f3_dup_a|f4_dup_b|f5_null|f7_weak|f8_bigcoef|noise_0,1110111,6,-4.286680433273316,0.0313746214716844,0.6959265189854298,0.7650212615577549,-4.206909392240064,0.0797710410332515
10,f3_dup_a|f4_dup_b|f6_suppressor|f7_weak|f8_bigcoef|noise_0,1101111,6,-4.304188275718689,0.0319207530426845,0.6784186765400566,0.7650212615577549,-4.206909392240064,0.0972788834786246
10,f3_dup_a|f5_null|f6_suppressor|f7_weak|f8_bigcoef|noise_0,1011111,6,-4.317348962497711,0.0303979777163818,0.6652579897610345,0.7548239943865932,-4.21753683634919,0.0998121261485209
10,f4_dup_b|f5_null|f6_suppressor|f7_weak|f8_bigcoef|noise_0,111111,6,-4.312321673679352,0.0300281479835027,0.6702852785793931,0.7548239943865932,-4.215892664590016,0.096429009089336
10,f1_strong_t1|f2_strong_t2|f3_dup_a|f4_dup_b|f5_null|f6_suppressor|f7_weak,111111100,7,-1.8840094773292544,0.0336516289789746,3.098597474929491,3.261150304094533,-1.7209297468984697,0.1630797304307845
10,f1_strong_t1|f2_strong_t2|f3_dup_a|f4_dup_b|f5_null|f6_suppressor|f8_bigcoef,111111010,7,-1.6971668691635131,0.0335747761665857,3.2854400830952324,3.4539815445005253,-1.5289811610190234,0.1681857081444897
10,f1_strong_t1|f2_strong_t2|f3_dup_a|f4_dup_b|f5_null|f6_suppressor|noise_0,111111001,7,-2.0208762882232665,0.0335190181474295,2.961730664035479,3.1074079542205526,-1.8651087705614784,0.1557675176617881
10,f1_strong_t1|f2_strong_t2|f3_dup_a|f4_dup_b|f5_null|f7_weak|f8_bigcoef,111110110,7,-3.3261408171653746,0.0317219283946449,1.6564661350933707,1.752921408822016,-3.2072424416003145,0.1188983755650601
10,f1_strong_t1|f2_strong_t2|f3_dup_a|f4_dup_b|f5_null|f7_weak|noise_0,111110101,7,-3.5897334233284,0.0312017016928212,1.3928735289303456,1.477332949177237,-3.4834768756941825,0.1062565476342172
10,f1_strong_t1|f2_strong_t2|f3_dup_a|f4_dup_b|f5_null|f8_bigcoef|noise_0,111110011,7,-3.3988486684799195,0.0307526207581062,1.5837582837788258,1.6701641895832289,-3.291528289814737,0.1073203786651824
10,f1_strong_t1|f2_strong_t2|f3_dup_a|f4_dup_b|f6_suppressor|f7_weak|f8_bigcoef,111101110,7,-1.6369228816986083,0.0343178715935516,3.3456840705601367,3.5367387637393115,-1.4446953128046012,0.1922275688940071
10,f1_strong_t1|f2_strong_t2|f3_dup_a|f4_dup_b|f6_suppressor|f7_weak|noise_0,111101101,7,-1.908429385280609,0.0338014756142481,3.074177566978136,3.261150304094533,-1.7209297468984697,0.1874996383821394
10,f1_strong_t1|f2_strong_t2|f3_dup_a|f4_dup_b|f6_suppressor|f8_bigcoef|noise_0,111101011,7,-1.7096228875160218,0.033416967477322,3.272984064742724,3.4539815445005253,-1.5289811610190234,0.1806417264969984
10,f1_strong_t1|f2_strong_t2|f3_dup_a|f4_dup_b|f7_weak|f8_bigcoef|noise_0,111100111,7,-3.331083931064606,0.031635378133852,1.6515230211941394,1.752921408822016,-3.2072424416003145,0.1238414894642914
10,f1_strong_t1|f2_strong_t2|f3_dup_a|f5_null|f6_suppressor|f7_weak|f8_bigcoef,111011110,7,-1.6545193365097046,0.0324095356046764,3.3280876157490407,3.52654149656815,-1.4553227569137268,0.1991965795959778
10,f1_strong_t1|f2_strong_t2|f3_dup_a|f5_null|f6_suppressor|f7_weak|noise_0,111011101,7,-1.9179750513076783,0.0318513476377591,3.064631900951067,3.2509530369233715,-1.7315571910075949,0.1864178603000834
10,f1_strong_t1|f2_strong_t2|f3_dup_a|f5_null|f6_suppressor|f8_bigcoef|noise_0,111011011,7,-1.7221918818473816,0.0317849981285826,3.260415070411364,3.443784277329364,-1.539608605128149,0.1825832767192325
10,f1_strong_t1|f2_strong_t2|f3_dup_a|f5_null|f7_weak|f8_bigcoef|noise_0,111010111,7,-3.33344873418808,0.0299858250608358,1.6491582180706654,1.742724141650854,-3.21786988570944,0.1155788484786399
10,f1_strong_t1|f2_strong_t2|f3_dup_a|f6_suppressor|f7_weak|f8_bigcoef|noise_0,111001111,7,-1.6645662569999695,0.0327169812390744,3.318040695258776,3.52654149656815,-1.455322756913727,0.2092435000862424
10,f1_strong_t1|f2_strong_t2|f4_dup_b|f5_null|f6_suppressor|f7_weak|f8_bigcoef,110111110,7,-1.6429530364990237,0.0321737096088518,3.3396539157597216,3.52654149656815,-1.4536785851545533,0.1892744513444701
10,f1_strong_t1|f2_strong_t2|f4_dup_b|f5_null|f6_suppressor|f7_weak|noise_0,110111101,7,-1.9057467405319213,0.0316485582944336,3.076860211726824,3.2509530369233715,-1.7299130192484211,0.1758337212835001
10,f1_strong_t1|f2_strong_t2|f4_dup_b|f5_null|f6_suppressor|f8_bigcoef|noise_0,110111011,7,-1.7145750312805177,0.0314774005177146,3.268031920978228,3.443784277329364,-1.5379644333689753,0.1766105979115422
10,f1_strong_t1|f2_strong_t2|f4_dup_b|f5_null|f7_weak|f8_bigcoef|noise_0,110110111,7,-3.3330326593399047,0.0298736666197843,1.6495742929188406,1.742724141650854,-3.216225713950266,0.1168069453896385
10,f1_strong_t1|f2_strong_t2|f4_dup_b|f6_suppressor|f7_weak|f8_bigcoef|noise_0,110101111,7,-1.642008589553833,0.0320643692284452,3.3405983627049123,3.52654149656815,-1.4536785851545533,0.1883300043992797
10,f1_strong_t1|f2_strong_t2|f5_null|f6_suppressor|f7_weak|f8_bigcoef|noise_0,110011111,7,-1.953533493804932,0.0343437127959479,3.029073458453814,3.201048311700317,-1.765882390628082,0.1876511031768495
10,f1_strong_t1|f3_dup_a|f4_dup_b|f5_null|f6_suppressor|f7_weak|f8_bigcoef,101111110,7,-2.439260631942749,0.0333954186776415,2.543346320315996,2.732019807522262,-2.267629421046519,0.1716312108962303
10,f1_strong_t1|f3_dup_a|f4_dup_b|f5_null|f6_suppressor|f7_weak|noise_0,101111101,7,-2.7046930011749266,0.0330584625893385,2.2779139510838187,2.456431347877483,-2.543863855140388,0.1608291460345388
10,f1_strong_t1|f3_dup_a|f4_dup_b|f5_null|f6_suppressor|f8_bigcoef|noise_0,101111011,7,-2.522358467102051,0.0328862175649159,2.4602484851566944,2.6492625882834755,-2.351915269260941,0.1704431978411094
10,f1_strong_t1|f3_dup_a|f4_dup_b|f5_null|f7_weak|f8_bigcoef|noise_0,101110111,7,-4.133998896503448,0.0317931170053421,0.8486080557552969,0.9482024526049658,-4.030176549842233,0.1038223466612153
10,f1_strong_t1|f3_dup_a|f4_dup_b|f6_suppressor|f7_weak|f8_bigcoef|noise_0,101101111,7,-2.4449157086372377,0.033325257262112,2.537691243621508,2.732019807522262,-2.267629421046519,0.1772862875907188
10,f1_strong_t1|f3_dup_a|f5_null|f6_suppressor|f7_weak|f8_bigcoef|noise_0,101011111,7,-2.4577292239189146,0.0316075612427296,2.5248777283398307,2.7218225403511003,-2.278256865155645,0.1794723587632694
10,f1_strong_t1|f4_dup_b|f5_null|f6_suppressor|f7_weak|f8_bigcoef|noise_0,100111111,7,-2.459743909168244,0.031333166209518,2.522863043090502,2.7218225403511003,-2.2766126933964714,0.1831312157717719
10,f2_strong_t2|f3_dup_a|f4_dup_b|f5_null|f6_suppressor|f7_weak|f8_bigcoef,11111110,7,-3.49272181520462,0.0321650679389522,1.489885137054125,1.5697402177748048,-3.3839752839981445,0.1087465312064757
10,f2_strong_t2|f3_dup_a|f4_dup_b|f5_null|f6_suppressor|f7_weak|noise_0,11111101,7,-3.7549680599212647,0.0314029746083506,1.2276388923374806,1.2941517581300257,-3.660209718092013,0.0947583418292516
10,f2_strong_t2|f3_dup_a|f4_dup_b|f5_null|f6_suppressor|f8_bigcoef|noise_0,11111011,7,-3.567227611064911,0.0313490011050198,1.4153793411938342,1.486982998536018,-3.468261132212568,0.0989664788523434
10,f2_strong_t2|f3_dup_a|f4_dup_b|f5_null|f7_weak|f8_bigcoef|noise_0,11110111,7,-3.4869994695663453,0.0314639212513744,1.4956074826924,1.5697402177748048,-3.3839752839981445,0.1030241855682008
10,f2_strong_t2|f3_dup_a|f4_dup_b|f6_suppressor|f7_weak|f8_bigcoef|noise_0,11101111,7,-3.501940018558502,0.0322795003890524,1.4806669337002432,1.5697402177748048,-3.3839752839981445,0.1179647345603576
10,f2_strong_t2|f3_dup_a|f5_null|f6_suppressor|f7_weak|f8_bigcoef|noise_0,11011111,7,-3.512892617034912,0.0305853064673735,1.469714335223833,1.5595429506036431,-3.394602728107272,0.1182898889276407
10,f2_strong_t2|f4_dup_b|f5_null|f6_suppressor|f7_weak|f8_bigcoef|noise_0,10111111,7,-3.5070220713615416,0.0302956556125299,1.4755848808972036,1.5595429506036431,-3.392958556348098,0.1140635150134437
10,f3_dup_a|f4_dup_b|f5_null|f6_suppressor|f7_weak|f8_bigcoef|noise_0,1111111,7,-4.305768658828735,0.0320587185770626,0.6768382934300101,0.7650212615577549,-4.206909392240064,0.0988592665886711
10,f1_strong_t1|f2_strong_t2|f3_dup_a|f4_dup_b|f5_null|f6_suppressor|f7_weak|f8_bigcoef,111111110,8,-1.634881019115448,0.0340992259566599,3.3477259331432974,3.5367387637393115,-1.4446953128046012,0.1901857063108467
10,f1_strong_t1|f2_strong_t2|f3_dup_a|f4_dup_b|f5_null|f6_suppressor|f7_weak|noise_0,111111101,8,-1.898786152935028,0.0337242338467427,3.083820799323717,3.261150304094533,-1.7209297468984697,0.1778564060365584
10,f1_strong_t1|f2_strong_t2|f3_dup_a|f4_dup_b|f5_null|f6_suppressor|f8_bigcoef|noise_0,111111011,8,-1.7026419339179992,0.0333939994401088,3.279965018340746,3.4539815445005253,-1.5289811610190234,0.1736607728989758
10,f1_strong_t1|f2_strong_t2|f3_dup_a|f4_dup_b|f5_null|f7_weak|f8_bigcoef|noise_0,111110111,8,-3.3308457752227785,0.0317197499346369,1.6517611770359668,1.752921408822016,-3.2072424416003145,0.123603333622464
10,f1_strong_t1|f2_strong_t2|f3_dup_a|f4_dup_b|f6_suppressor|f7_weak|f8_bigcoef|noise_0,111101111,8,-1.64047813205719,0.0341898808299601,3.342128820201556,3.5367387637393115,-1.4446953128046012,0.1957828192525887
10,f1_strong_t1|f2_strong_t2|f3_dup_a|f5_null|f6_suppressor|f7_weak|f8_bigcoef|noise_0,111011111,8,-1.663988393783569,0.0326818766602794,3.318618558475176,3.52654149656815,-1.4553227569137268,0.2086656368698425
10,f1_strong_t1|f2_strong_t2|f4_dup_b|f5_null|f6_suppressor|f7_weak|f8_bigcoef|noise_0,110111111,8,-1.6507533433914183,0.0321365925020953,3.331853608867327,3.52654149656815,-1.4536785851545533,0.1970747582368652
10,f1_strong_t1|f3_dup_a|f4_dup_b|f5_null|f6_suppressor|f7_weak|f8_bigcoef|noise_0,101111111,8,-2.44565906829834,0.0333980598523974,2.5369478839604054,2.732019807522262,-2.267629421046519,0.178029647251821
10,f2_strong_t2|f3_dup_a|f4_dup_b|f5_null|f6_suppressor|f7_weak|f8_bigcoef|noise_0,11111111,8,-3.501137253475189,0.0322632492312653,1.481469698783556,1.5697402177748048,-3.3839752839981445,0.1171619694770447
10,f1_strong_t1|f2_strong_t2|f3_dup_a|f4_dup_b|f5_null|f6_suppressor|f7_weak|f8_bigcoef|noise_0,111111111,9,-1.6431636795043945,0.0341649965605585,3.339443272754351,3.5367387637393115,-1.4446953128046012,0.1984683666997932
15,none,0,0,-4.9633551445961,0.0294894945347379,0.0192518076626457,0.0,-4.948509927820423,0.0148452167756767
15,f1_strong_t1,100000000,1,-4.806449404525757,0.030165599045776,0.1761575477329886,0.1831811910472108,-4.771777085422592,0.0346723191031648
15,f2_strong_t2,10000000,1,-4.168991967105866,0.0303387800446448,0.8136149851528796,0.8047189562170504,-4.125575819578504,0.0434161475273615
15,f3_dup_a,1000000,1,-4.6782939243316655,0.0280450454664806,0.3043130279270798,0.3254931848678336,-4.637950294106068,0.0403436302255979
15,f4_dup_b,100000,1,-4.6847490863800045,0.0282378407899349,0.2978578658787407,0.3254931848678336,-4.636306122346894,0.0484429640331107
15,f5_null,10000,1,-4.971896963500977,0.0297818838213096,0.0107099887577684,0.0,-4.948509927820423,0.0233870356805541
15,f6_suppressor,1000,1,-4.975017298221588,0.0297815952496902,0.0075896540371571,0.0,-4.948509927820423,0.0265073704011653
15,f7_weak,100,1,-4.8313051773071285,0.029384179665949,0.1513017749516167,0.1537423498739802,-4.804330904157414,0.0269742731497144
15,f8_bigcoef,10,1,-4.645651900196076,0.0299264065632809,0.3369550520626694,0.3465735902799726,-4.612382318277969,0.0332695819181072
15,noise_0,1,1,-4.973179119873047,0.0294313517989782,0.0094278323856986,0.0,-4.948509927820423,0.0246691920526238
15,f1_strong_t1|f2_strong_t2,110000000,2,-4.011427274417877,0.0310248279634498,0.971179677840868,0.9879001472642612,-3.948842977180674,0.062584297237203
15,f1_strong_t1|f3_dup_a,101000000,2,-4.513005111694336,0.0287438047499227,0.4696018405644091,0.5086743759150446,-4.4612174517082375,0.0517876599860986
15,f1_strong_t1|f4_dup_b,100100000,2,-4.520956870365143,0.0290356546378469,0.4616500818936027,0.5086743759150446,-4.459573279949064,0.0613835904160788
15,f1_strong_t1|f5_null,100010000,2,-4.8153986536026,0.0305591398101609,0.1672082986561456,0.1831811910472108,-4.771777085422592,0.0436215681800078
15,f1_strong_t1|f6_suppressor,100001000,2,-3.139787858772278,0.0323998111297414,1.842819093486468,1.9669985459645072,-3.009229956626878,0.1305579021453997
15,f1_strong_t1|f7_weak,100000100,2,-4.678640502262115,0.0301251615545369,0.3039664499966301,0.3369235409211911,-4.627598061759583,0.051042440502532
15,f1_strong_t1|f8_bigcoef,100000010,2,-4.487580215835571,0.0303557761696497,0.4950267364231742,0.5297547813271836,-4.435649475880138,0.0519307399554334
15,f1_strong_t1|noise_0,100000001,2,-4.821177286338807,0.0302085398565229,0.1614296659199388,0.1831811910472108,-4.771777085422592,0.0494002009162146
15,f2_strong_t2|f3_dup_a,11000000,2,-3.881994908618927,0.0289470561431149,1.1006120436398183,1.130212141084884,-3.815016185864149,0.0669787227547784
15,f2_strong_t2|f4_dup_b,10100000,2,-3.888612244033813,0.0290632063719833,1.093994708224932,1.130212141084884,-3.813372014104975,0.0752402299288381
15,f2_strong_t2|f5_null,10010000,2,-4.174060829257965,0.0307155955217223,0.80854612300078,0.8047189562170504,-4.125575819578504,0.0484850096794611
15,f2_strong_t2|f6_suppressor,10001000,2,-4.18145760307312,0.0308326583588755,0.801149349185625,0.8047189562170504,-4.125575819578504,0.0558817834946161
15,f2_strong_t2|f7_weak,10000100,2,-4.04104919719696,0.0303316004237561,0.9415577550617852,0.9584613060910306,-3.981396795915495,0.0596524012814652
15,f2_strong_t2|f8_bigcoef,10000010,2,-3.8475749378204345,0.0303624591673278,1.1350320144383108,1.151292546497023,-3.7894482100360496,0.0581267277843848
15,f2_strong_t2|noise_0,10000001,2,-4.176525091075897,0.0304310983392401,0.8060818611828484,0.8047189562170504,-4.125575819578504,0.0509492714973927
15,f3_dup_a|f4_dup_b,1100000,2,-4.672531404113769,0.0298632864255775,0.3100755481449759,0.3356904520389953,-4.627322849996943,0.0452085541168267
15,f3_dup_a|f5_null,1010000,2,-4.686774900722504,0.0283083582612505,0.2958320515362418,0.3254931848678336,-4.637950294106068,0.0488246066164359
15,f3_dup_a|f6_suppressor,1001000,2,-4.687916392707825,0.0285013261492378,0.2946905595509204,0.3254931848678336,-4.637950294106068,0.0499660986017573
15,f3_dup_a|f7_weak,1000100,2,-4.5446964869499205,0.0279549719183534,0.4379104653088248,0.4792355347418139,-4.493771270443058,0.0509252165068625
15,f3_dup_a|f8_bigcoef,1000010,2,-4.360593756389618,0.0285330778704494,0.6220131958691271,0.6720667751478063,-4.3018226845636125,0.0587710718260057
15,f3_dup_a|noise_0,1000001,2,-4.690699925804138,0.0282290464711326,0.2919070264546075,0.3254931848678336,-4.637950294106068,0.0527496316980702
15,f4_dup_b|f5_null,110000,2,-4.693478597927093,0.028703638554122,0.2891283543316518,0.3254931848678336,-4.636306122346894,0.0571724755801996
15,f4_dup_b|f6_suppressor,101000,2,-4.698082804775238,0.0287295026307757,0.2845241474835074,0.3254931848678336,-4.636306122346894,0.0617766824283441
15,f4_dup_b|f7_weak,100100,2,-4.549582674121857,0.0282677929336741,0.4330242781368882,0.4792355347418139,-4.492127098683885,0.0574555754379719
15,f4_dup_b|f8_bigcoef,100010,2,-4.363781422615051,0.0285553887659668,0.6188255296436944,0.6720667751478063,-4.300178512804439,0.0636029098106121
15,f4_dup_b|noise_0,100001,2,-4.692579591560364,0.0283690141037219,0.2900273606983816,0.3254931848678336,-4.636306122346894,0.0562734692134698
15,f5_null|f6_suppressor,11000,2,-4.979091031074524,0.0302565415029727,0.0035159211842215,0.0,-4.948509927820423,0.030581103254101
15,f5_null|f7_weak,10100,2,-4.840978209018707,0.0296691516935063,0.1416287432400382,0.1537423498739802,-4.804330904157414,0.0366473048612929
15,f5_null|f8_bigcoef,10010,2,-4.655911012840271,0.030361316599622,0.3266959394184745,0.3465735902799726,-4.612382318277969,0.0435286945623021
15,f5_null|noise_0,10001,2,-4.9824190372467045,0.0299408364143803,0.0001879150120407,0.0,-4.948509927820423,0.0339091094262817
15,f6_suppressor|f7_weak,1100,2,-4.841495835113525,0.030052039133482,0.1411111171452201,0.1537423498739802,-4.804330904157414,0.037164930956111
15,f6_suppressor|f8_bigcoef,1010,2,-4.654976935100556,0.0300706117916926,0.3276300171581896,0.3465735902799726,-4.612382318277969,0.042594616822587
15,f6_suppressor|noise_0,1001,2,-4.982558047294616,0.0296812202102479,4.890496412901513e-05,0.0,-4.948509927820423,0.0340481194741935
15,f7_weak|f8_bigcoef,110,2,-4.572261578083039,0.0302837764543453,0.4103453741757068,0.4293308095187594,-4.528096470063545,0.0441651080194933
15,f7_weak|noise_0,101,2,-4.837289215087891,0.0293447814884396,0.1453177371708545,0.1537423498739802,-4.804330904157414,0.0329583109304767
15,f8_bigcoef|noise_0,11,2,-4.654784160614014,0.0297840317940783,0.3278227916447314,0.3465735902799726,-4.612382318277969,0.0424018423360452
15,f1_strong_t1|f2_strong_t2|f3_dup_a,111000000,3,-3.719681472110748,0.0296295480205286,1.262925480147997,1.3133933321320947,-3.6382833434663175,0.0813981286444307
15,f1_strong_t1|f2_strong_t2|f4_dup_b,110100000,3,-3.72327692861557,0.0296452748232608,1.2593300236431753,1.3133933321320947,-3.636639171707144,0.0866377569084257
15,f1_strong_t1|f2_strong_t2|f5_null,110010000,3,-4.01724574842453,0.0314361259490395,0.965361203834215,0.9879001472642612,-3.948842977180674,0.0684027712438561
15,f1_strong_t1|f2_strong_t2|f6_suppressor,110001000,3,-2.341531210422516,0.0335939885197148,2.6410757418362296,2.771717502181557,-2.1862958483849595,0.1552353620375561
15,f1_strong_t1|f2_strong_t2|f7_weak,110000100,3,-3.885413542175293,0.0309671232945649,1.0971934100834524,1.1416424971382413,-3.804663953517664,0.0807495886576288
15,f1_strong_t1|f2_strong_t2|f8_bigcoef,110000010,3,-3.690992323207855,0.03090582594476,1.29161462905089,1.3344737375442337,-3.6127153676382178,0.0782769555696374
15,f1_strong_t1|f2_strong_t2|noise_0,110000001,3,-4.0209953141212464,0.0310958192847204,0.9616116381374988,0.9879001472642612,-3.948842977180674,0.0721523369405723
15,f1_strong_t1|f3_dup_a|f4_dup_b,101100000,3,-4.505418546772003,0.0305352630302441,0.4771884054867419,0.5188716430862063,-4.45059000759911,0.0548285391728935
15,f1_strong_t1|f3_dup_a|f5_null,101010000,3,-4.519289552783966,0.0290233057791435,0.4633173994747794,0.5086743759150446,-4.4612174517082375,0.0580721010757283
15,f1_strong_t1|f3_dup_a|f6_suppressor,101001000,3,-2.846592113018036,0.0312910978356456,2.136014839240709,2.292491730832341,-2.6986703229125224,0.1479217901055136
15,f1_strong_t1|f3_dup_a|f7_weak,101000100,3,-4.381427516269683,0.0286191586410303,0.6011794359890619,0.6624167257890249,-4.317038428045227,0.0643890882244564
15,f1_strong_t1|f3_dup_a|f8_bigcoef,101000010,3,-4.193788834953308,0.0287961677163147,0.7888181173054374,0.8552479661950173,-4.125089842165781,0.0686989927875272
15,f1_strong_t1|f3_dup_a|noise_0,101000001,3,-4.5254607325553895,0.0289609693562905,0.4571462197033558,0.5086743759150446,-4.4612174517082375,0.064243280847152
15,f1_strong_t1|f4_dup_b|f5_null,100110000,3,-4.527075761985778,0.029510380420939,0.4555311902729668,0.5086743759150446,-4.459573279949064,0.0675024820367147
15,f1_strong_t1|f4_dup_b|f6_suppressor,100101000,3,-2.8507871027946474,0.0312235883878376,2.131819849464098,2.292491730832341,-2.697026151153349,0.1537609516412983
15,f1_strong_t1|f4_dup_b|f7_weak,100100100,3,-4.38600558423996,0.0289495441185461,0.5966013680187858,0.6624167257890249,-4.315394256286054,0.0706113279539053
15,f1_strong_t1|f4_dup_b|f8_bigcoef,100100010,3,-4.19678369436264,0.0289467650752117,0.7858232578961051,0.8552479661950173,-4.123445670406608,0.0733380239560324
15,f1_strong_t1|f4_dup_b|noise_0,100100001,3,-4.526318077564239,0.0290891156118204,0.4562888746945059,0.5086743759150446,-4.459573279949064,0.0667447976151756
15,f1_strong_t1|f5_null|f6_suppressor,100011000,3,-3.1387484332084656,0.032880808532808,1.84385851905028,1.9669985459645072,-3.009229956626878,0.1295184765815875
15,f1_strong_t1|f5_null|f7_weak,100010100,3,-4.686568960094452,0.0304448908486342,0.296037992164293,0.3369235409211911,-4.627598061759583,0.0589708983348691
15,f1_strong_t1|f5_null|f8_bigcoef,100010010,3,-4.497068646526337,0.0308415155764926,0.4855383057324083,0.5297547813271836,-4.435649475880138,0.0614191706461992
15,f1_strong_t1|f5_null|noise_0,100010001,3,-4.830971933460235,0.0306884859193596,0.15163501879851,0.1831811910472108,-4.771777085422592,0.0591948480376434
15,f1_strong_t1|f6_suppressor|f7_weak,100001100,3,-3.000320488071442,0.0328124468126061,1.982286464187304,2.1207408958384875,-2.865050932963869,0.1352695551075728
15,f1_strong_t1|f6_suppressor|f8_bigcoef,100001010,3,-2.808889565944672,0.0326940322540826,2.173717386314073,2.3135721362444794,-2.6731023470844235,0.1357872188602482
15,f1_strong_t1|f6_suppressor|noise_0,100001001,3,-3.157803377437592,0.0326999946595556,1.8248035748211533,1.9669985459645072,-3.009229956626878,0.1485734208107136
15,f1_strong_t1|f7_weak|f8_bigcoef,100000110,3,-4.417743283748627,0.0307991803529316,0.5648636685101183,0.6125120005659704,-4.351363627665714,0.0663796560829128
15,f1_strong_t1|f7_weak|noise_0,100000101,3,-4.684195437335968,0.030061615178583,0.298411514922777,0.3369235409211911,-4.627598061759583,0.0565973755763851
15,f1_strong_t1|f8_bigcoef|noise_0,100000011,3,-4.501093223953247,0.0302670315488986,0.4815137283054982,0.5297547813271836,-4.435649475880138,0.0654437480731093
15,f2_strong_t2|f3_dup_a|f4_dup_b,11100000,3,-3.8727224981307984,0.0307040849911426,1.109884454127947,1.1404094082560454,-3.804388741755023,0.0683337563757757
15,f2_strong_t2|f3_dup_a|f5_null,11010000,3,-3.887325598812103,0.0291996844562398,1.095281353446642,1.130212141084884,-3.815016185864149,0.0723094129479546
15,f2_strong_t2|f3_dup_a|f6_suppressor,11001000,3,-3.8934683531761167,0.0294587650927935,1.0891385990826286,1.130212141084884,-3.815016185864149,0.0784521673119682
15,f2_strong_t2|f3_dup_a|f7_weak,11000100,3,-3.752745788478851,0.0288598698581495,1.2298611637798942,1.2839544909588645,-3.6708371622011393,0.0819086262777117
15,f2_strong_t2|f3_dup_a|f8_bigcoef,11000010,3,-3.5595475125312803,0.0289967366035505,1.423059439727465,1.4767857313648562,-3.478888576321694,0.0806589362095864
15,f2_strong_t2|f3_dup_a|noise_0,11000001,3,-3.8934276885032655,0.0291165268664832,1.0891792637554798,1.130212141084884,-3.815016185864149,0.078411502639117
15,f2_strong_t2|f4_dup_b|f5_null,10110000,3,-3.894806422328949,0.0294734522493414,1.087800529929796,1.130212141084884,-3.813372014104975,0.0814344082239739
15,f2_strong_t2|f4_dup_b|f6_suppressor,10101000,3,-3.901680848312378,0.0297177280776313,1.0809261039463671,1.130212141084884,-3.813372014104975,0.0883088342074027
15,f2_strong_t2|f4_dup_b|f7_weak,10100100,3,-3.759331116104126,0.0290335802789209,1.2232758361546194,1.2839544909588645,-3.669192990441967,0.0901381256621589
15,f2_strong_t2|f4_dup_b|f8_bigcoef,10100010,3,-3.5671930788993835,0.0289578399667279,1.4154138733593618,1.4767857313648562,-3.4772444045625206,0.0899486743368629
15,f2_strong_t2|f4_dup_b|noise_0,10100001,3,-3.8978592316627503,0.0292128359631128,1.084747720595995,1.130212141084884,-3.813372014104975,0.0844872175577751
15,f2_strong_t2|f5_null|f6_suppressor,10011000,3,-4.181829114532471,0.0311974649334483,0.8007778377262742,0.8047189562170504,-4.125575819578504,0.0562532949539669
15,f2_strong_t2|f5_null|f7_weak,10010100,3,-4.046567069244385,0.0306825768785659,0.9360398830143604,0.9584613060910306,-3.981396795915495,0.0651702733288899
15,f2_strong_t2|f5_null|f8_bigcoef,10010010,3,-3.85179218044281,0.0308804362330027,1.1308147718159351,1.151292546497023,-3.7894482100360496,0.0623439704067605
15,f2_strong_t2|f5_null|noise_0,10010001,3,-4.185689105415344,0.03087779895883,0.7969178468434013,0.8047189562170504,-4.125575819578504,0.0601132858368398
15,f2_strong_t2|f6_suppressor|f7_weak,10001100,3,-4.051965127086639,0.0310224557541622,0.9306418251721064,0.9584613060910306,-3.981396795915495,0.070568331171144
15,f2_strong_t2|f6_suppressor|f8_bigcoef,10001010,3,-3.860102385139465,0.0310032651232784,1.12250456711928,1.151292546497023,-3.7894482100360496,0.0706541751034155
15,f2_strong_t2|f6_suppressor|noise_0,10001001,3,-4.188166891098023,0.0307702761241743,0.7944400611607225,0.8047189562170504,-4.125575819578504,0.0625910715195185
15,f2_strong_t2|f7_weak|f8_bigcoef,10000110,3,-3.775223457622528,0.0309091335655528,1.2073834946362174,1.2340497657358096,-3.705162361821627,0.0700610958009009
15,f2_strong_t2|f7_weak|noise_0,10000101,3,-4.047349786186218,0.0304214262046973,0.9352571660725272,0.9584613060910306,-3.981396795915495,0.0659529902707229
15,f2_strong_t2|f8_bigcoef|noise_0,10000011,3,-3.857807114601136,0.0305008994428387,1.1247998376576098,1.151292546497023,-3.7894482100360496,0.0683589045650858
15,f3_dup_a|f4_dup_b|f5_null,1110000,3,-4.68274172039032,0.0302065651404724,0.2998652318684254,0.3356904520389953,-4.627322849996943,0.0554188703933773
15,f3_dup_a|f4_dup_b|f6_suppressor,1101000,3,-4.687836231327057,0.0304720386944627,0.2947707209316883,0.3356904520389953,-4.627322849996943,0.0605133813301144
15,f3_dup_a|f4_dup_b|f7_weak,1100100,3,-4.533773780441284,0.029741332916382,0.4488331718174612,0.4894328019129755,-4.483143826333933,0.0506299541073511
15,f3_dup_a|f4_dup_b|f8_bigcoef,1100010,3,-4.348968574142456,0.0301335313429591,0.6336383781162889,0.682264042318968,-4.291195240454487,0.0577733336879697
15,f3_dup_a|f4_dup_b|noise_0,1100001,3,-4.68124269618988,0.0300687901310932,0.3013642560688652,0.3356904520389953,-4.627322849996943,0.0539198461929375
15,f3_dup_a|f5_null|f6_suppressor,1011000,3,-4.6931083257675175,0.0288827691899202,0.2894986264912278,0.3254931848678336,-4.637950294106068,0.0551580316614499
15,f3_dup_a|f5_null|f7_weak,1010100,3,-4.553915281581879,0.028190958653112,0.4286916706768666,0.4792355347418139,-4.493771270443058,0.0601440111388207
15,f3_dup_a|f5_null|f8_bigcoef,1010010,3,-4.372817097091675,0.028846991084602,0.6097898551670706,0.6720667751478063,-4.3018226845636125,0.0709944125280621
15,f3_dup_a|f5_null|noise_0,1010001,3,-4.699458544445037,0.0286060658649367,0.2831484078137078,0.3254931848678336,-4.637950294106068,0.0615082503389698
15,f3_dup_a|f6_suppressor|f7_weak,1001100,3,-4.554667800998688,0.028795578875846,0.4279391512600572,0.4792355347418139,-4.493771270443058,0.0608965305556301
15,f3_dup_a|f6_suppressor|f8_bigcoef,1001010,3,-4.37038267660141,0.0287650495694643,0.6122242756573355,0.6720667751478063,-4.3018226845636125,0.0685599920377972
15,f3_dup_a|f6_suppressor|noise_0,1001001,3,-4.697388502788543,0.0286268171541588,0.2852184494702019,0.3254931848678336,-4.637950294106068,0.0594382086824758
15,f3_dup_a|f7_weak|f8_bigcoef,1000110,3,-4.286550774097442,0.0290329251032136,0.696056178161303,0.7548239943865932,-4.21753683634919,0.0690139377482523
15,f3_dup_a|f7_weak|noise_0,1000101,3,-4.554482525157929,0.028135922260755,0.4281244271008164,0.4792355347418139,-4.493771270443058,0.0607112547148709
15,f3_dup_a|f8_bigcoef|noise_0,1000011,3,-4.37481143655777,0.0286064538016462,0.6077955157009756,0.6720667751478063,-4.3018226845636125,0.0729887519941572
15,f4_dup_b|f5_null|f6_suppressor,111000,3,-4.702245506381988,0.0292480846848191,0.2803614458767569,0.3254931848678336,-4.636306122346894,0.0659393840350945
15,f4_dup_b|f5_null|f7_weak,110100,3,-4.55780065126419,0.0285573066454326,0.4248063009945548,0.4792355347418139,-4.492127098683885,0.0656735525803053
15,f4_dup_b|f5_null|f8_bigcoef,110010,3,-4.371947389984131,0.0289917997058466,0.6106595622746145,0.6720667751478063,-4.300178512804439,0.071768877179692
15,f4_dup_b|f5_null|noise_0,110001,3,-4.703447756195068,0.0288797247338548,0.2791591960636772,0.3254931848678336,-4.636306122346894,0.0671416338481742
15,f4_dup_b|f6_suppressor|f7_weak,101100,3,-4.562373792266846,0.0289934730199713,0.4202331599918993,0.4792355347418139,-4.492127098683885,0.0702466935829608
15,f4_dup_b|f6_suppressor|f8_bigcoef,101010,3,-4.3758110996246335,0.028894903038363,0.6067958526341117,0.6720667751478063,-4.300178512804439,0.0756325868201948
15,f4_dup_b|f6_suppressor|noise_0,101001,3,-4.70208757982254,0.0287580862570413,0.2805193724362054,0.3254931848678336,-4.636306122346894,0.0657814574756461
15,f4_dup_b|f7_weak|f8_bigcoef,100110,3,-4.288865976142883,0.0290868804940489,0.6937409761158619,0.7548239943865932,-4.215892664590016,0.0729733115528672
15,f4_dup_b|f7_weak|noise_0,100101,3,-4.5572537484169,0.0283189821077235,0.425353203841845,0.4792355347418139,-4.492127098683885,0.0651266497330151
15,f4_dup_b|f8_bigcoef|noise_0,100011,3,-4.372735238838196,0.0285476013231608,0.6098717134205494,0.6720667751478063,-4.300178512804439,0.0725567260337571
15,f5_null|f6_suppressor|f7_weak,11100,3,-4.848272718715668,0.0304339428843246,0.1343342335430772,0.1537423498739802,-4.804330904157414,0.0439418145582539
15,f5_null|f6_suppressor|f8_bigcoef,11010,3,-4.6616470903396605,0.0305963967678105,0.3209598619190847,0.3465735902799726,-4.612382318277969,0.0492647720616918
15,f5_null|f6_suppressor|noise_0,11001,3,-4.984976455116272,0.0302094142086222,-0.002369502857527,0.0,-4.948509927820423,0.0364665272958495
15,f5_null|f7_weak|f8_bigcoef,10110,3,-4.58221375617981,0.030709018833634,0.4003931960789355,0.4293308095187594,-4.528096470063545,0.0541172861162646
15,f5_null|f7_weak|noise_0,10101,3,-4.8468475915908815,0.0298390641272209,0.1357593606678637,0.1537423498739802,-4.804330904157414,0.0425166874334674
15,f5_null|f8_bigcoef|noise_0,10011,3,-4.665506607055664,0.030366811676487,0.3171003452030811,0.3465735902799726,-4.612382318277969,0.0531242887776954
15,f6_suppressor|f7_weak|f8_bigcoef,1110,3,-4.580012259483337,0.0308317859939413,0.4025946927754082,0.4293308095187594,-4.528096470063545,0.0519157894197919
15,f6_suppressor|f7_weak|noise_0,1101,3,-4.845839849281311,0.02998850014355,0.1367671029774344,0.1537423498739802,-4.804330904157414,0.0415089451238968
15,f6_suppressor|f8_bigcoef|noise_0,1011,3,-4.663046679973602,0.0299515430170497,0.3195602722851429,0.3465735902799726,-4.612382318277969,0.0506643616956337
15,f7_weak|f8_bigcoef|noise_0,111,3,-4.57923840007782,0.0301747099429194,0.4033685521809254,0.4293308095187594,-4.528096470063545,0.0511419300142748
15,f1_strong_t1|f2_strong_t2|f3_dup_a|f4_dup_b,111100000,4,-3.7092373439788817,0.0313921922841046,1.2733696082798636,1.3235905993032566,-3.627655899357192,0.08158144462169
15,f1_strong_t1|f2_strong_t2|f3_dup_a|f5_null,111010000,4,-3.72258042049408,0.0298760934448133,1.2600265317646655,1.3133933321320947,-3.6382833434663175,0.0842970770277622
15,f1_strong_t1|f2_strong_t2|f3_dup_a|f6_suppressor,111001000,4,-2.040143905067444,0.0320766015158546,2.9424630471913016,3.097210687049391,-1.875736214670604,0.1644076903968396
15,f1_strong_t1|f2_strong_t2|f3_dup_a|f7_weak,111000100,4,-3.5920361028671266,0.0295236146548385,1.390570849391619,1.467135682006075,-3.4941043198033093,0.0979317830638173
15,f1_strong_t1|f2_strong_t2|f3_dup_a|f8_bigcoef,111000010,4,-3.398281537914276,0.0294050151140035,1.5843254143444692,1.6599669224120674,-3.302155733923863,0.0961258039904131
15,f1_strong_t1|f2_strong_t2|f3_dup_a|noise_0,111000001,4,-3.7286517555236816,0.0298027013212143,1.2539551967350635,1.3133933321320947,-3.6382833434663175,0.090368412057364
15,f1_strong_t1|f2_strong_t2|f4_dup_b|f5_null,110110000,4,-3.72883088092804,0.0301275007806833,1.2537760713307056,1.3133933321320947,-3.636639171707144,0.0921917092208954
15,f1_strong_t1|f2_strong_t2|f4_dup_b|f6_suppressor,110101000,4,-2.0474352387428283,0.0318441923034257,2.935171713515917,3.097210687049391,-1.8740920429114305,0.173343195831398
15,f1_strong_t1|f2_strong_t2|f4_dup_b|f7_weak,110100100,4,-3.593705342674256,0.0295867153490943,1.3889016095844895,1.467135682006075,-3.492460148044135,0.1012451946301205
15,f1_strong_t1|f2_strong_t2|f4_dup_b|f8_bigcoef,110100010,4,-3.4010148953437804,0.02934686353322,1.5815920569149649,1.6599669224120674,-3.3005115621646897,0.1005033331790907
15,f1_strong_t1|f2_strong_t2|f4_dup_b|noise_0,110100001,4,-3.7309239671707153,0.0296890401794754,1.25168298508803,1.3133933321320947,-3.636639171707144,0.094284795463571
15,f1_strong_t1|f2_strong_t2|f5_null|f6_suppressor,110011000,4,-2.3369265376091004,0.0338998862658443,2.645680414649645,2.771717502181557,-2.1862958483849595,0.1506306892241409
15,f1_strong_t1|f2_strong_t2|f5_null|f7_weak,110010100,4,-3.891154499721527,0.0314130840469327,1.0914524525372182,1.1416424971382413,-3.804663953517664,0.0864905462038629
15,f1_strong_t1|f2_strong_t2|f5_null|f8_bigcoef,110010010,4,-3.697560405445099,0.0314682619703904,1.2850465468136465,1.3344737375442337,-3.6127153676382178,0.0848450378068812
15,f1_strong_t1|f2_strong_t2|f5_null|noise_0,110010001,4,-4.029412108802795,0.0315300984890421,0.9531948434559504,0.9879001472642612,-3.948842977180674,0.0805691316221208
15,f1_strong_t1|f2_strong_t2|f6_suppressor|f7_weak,110001100,4,-2.2043722376823425,0.0339181505705217,2.778234714576403,2.9254598520555377,-2.0421168247219508,0.1622554129603917
15,f1_strong_t1|f2_strong_t2|f6_suppressor|f8_bigcoef,110001010,4,-2.0072728865623475,0.033426768314358,2.975334065696398,3.11829109246153,-1.8501682388425047,0.1571046477198427
15,f1_strong_t1|f2_strong_t2|f6_suppressor|noise_0,110001001,4,-2.350964856719971,0.0336803324197683,2.6316420955387745,2.771717502181557,-2.1862958483849595,0.1646690083350113
15,f1_strong_t1|f2_strong_t2|f7_weak|f8_bigcoef,110000110,4,-3.6196830605506896,0.0314747532647775,1.3629238917080555,1.4172309567830204,-3.528429519423795,0.0912535411268944
15,f1_strong_t1|f2_strong_t2|f7_weak|noise_0,110000101,4,-3.893235608768463,0.03103035333678,1.0893713434902823,1.1416424971382413,-3.804663953517664,0.0885716552507989
15,f1_strong_t1|f2_strong_t2|f8_bigcoef|noise_0,110000011,4,-3.7038500495910647,0.0309463203573669,1.2787569026676806,1.3344737375442337,-3.6127153676382178,0.0911346819528469
15,f1_strong_t1|f3_dup_a|f4_dup_b|f5_null,101110000,4,-4.513397020816803,0.03097108738569,0.4692099314419424,0.5188716430862063,-4.450590007599112,0.0628070132176912
15,f1_strong_t1|f3_dup_a|f4_dup_b|f6_suppressor,101101000,4,-2.836032813644409,0.0329689098622868,2.146574138614336,2.302688998003503,-2.688042878803397,0.147989934841012
15,f1_strong_t1|f3_dup_a|f4_dup_b|f7_weak,101100100,4,-4.369603718662262,0.0305156871738002,0.6130032335964835,0.6726139929601865,-4.306410983936101,0.0631927347261607
15,f1_strong_t1|f3_dup_a|f4_dup_b|f8_bigcoef,101100010,4,-4.185283164691925,0.030563488722721,0.7973237875668202,0.8654452333661787,-4.114462398056656,0.0708207666352693
15,f1_strong_t1|f3_dup_a|f4_dup_b|noise_0,101100001,4,-4.515065999031067,0.0307588050583342,0.4675409532276786,0.5188716430862063,-4.45059000759911,0.0644759914319568
15,f1_strong_t1|f3_dup_a|f5_null|f6_suppressor,101011000,4,-2.837317535018921,0.0312230002531522,2.1452894172398245,2.292491730832341,-2.6986703229125224,0.1386472121063984
15,f1_strong_t1|f3_dup_a|f5_null|f7_weak,101010100,4,-4.389169330501557,0.0289568596539396,0.5934376217571886,0.6624167257890249,-4.317038428045227,0.0721309024563296
15,f1_strong_t1|f3_dup_a|f5_null|f8_bigcoef,101010010,4,-4.2031046235084535,0.029178887998355,0.7795023287502918,0.8552479661950173,-4.125089842165781,0.0780147813426728
15,f1_strong_t1|f3_dup_a|f5_null|noise_0,101010001,4,-4.530978079223633,0.0292705477520107,0.4516288730351121,0.5086743759150446,-4.4612174517082375,0.0697606275153956
15,f1_strong_t1|f3_dup_a|f6_suppressor|f7_weak,101001100,4,-2.709563570213318,0.0314519337540117,2.273043382045427,2.446234080706321,-2.554491299249513,0.1550722709638048
15,f1_strong_t1|f3_dup_a|f6_suppressor|f8_bigcoef,101001010,4,-2.513776832389832,0.0310621481082805,2.468830119868913,2.639065321112313,-2.362542713370068,0.1512341190197639
15,f1_strong_t1|f3_dup_a|f6_suppressor|noise_0,101001001,4,-2.867456010818481,0.031627873236802,2.115150941440264,2.292491730832341,-2.6986703229125224,0.168785687905959
15,f1_strong_t1|f3_dup_a|f7_weak|f8_bigcoef,101000110,4,-4.122313198280335,0.0294472876350423,0.8602937539784108,0.938005185433804,-4.040803993951359,0.0815092043289755
15,f1_strong_t1|f3_dup_a|f7_weak|noise_0,101000101,4,-4.389630876255035,0.0287965242707113,0.5929760760037102,0.6624167257890249,-4.317038428045227,0.0725924482098081
15,f1_strong_t1|f3_dup_a|f8_bigcoef|noise_0,101000011,4,-4.208847281742096,0.0289109247177495,0.7737596705166494,0.8552479661950173,-4.125089842165781,0.0837574395763152
15,f1_strong_t1|f4_dup_b|f5_null|f6_suppressor,100111000,4,-2.849780225753784,0.0316324415187043,2.132826726504961,2.292491730832341,-2.697026151153349,0.152754074600435
15,f1_strong_t1|f4_dup_b|f5_null|f7_weak,100110100,4,-4.3914116394996645,0.0292851437598635,0.5911953127590808,0.6624167257890249,-4.315394256286054,0.0760173832136104
15,f1_strong_t1|f4_dup_b|f5_null|f8_bigcoef,100110010,4,-4.203651076602935,0.0295226655466385,0.7789558756558099,0.8552479661950173,-4.123445670406608,0.0802054061963275
15,f1_strong_t1|f4_dup_b|f5_null|noise_0,100110001,4,-4.53391452293396,0.0295719387728107,0.4486924293247849,0.5086743759150446,-4.459573279949064,0.0743412429848966
15,f1_strong_t1|f4_dup_b|f6_suppressor|f7_weak,100101100,4,-2.7101340879440308,0.0314966204128819,2.2724728643147145,2.446234080706321,-2.55284712749034,0.1572869604536908
15,f1_strong_t1|f4_dup_b|f6_suppressor|f8_bigcoef,100101010,4,-2.5234688413619994,0.0313055232878519,2.459138110896746,2.639065321112313,-2.3608985416108945,0.1625702997511049
15,f1_strong_t1|f4_dup_b|f6_suppressor|noise_0,100101001,4,-2.863920795154572,0.0316068368135527,2.118686157104174,2.292491730832341,-2.697026151153349,0.1668946440012222
15,f1_strong_t1|f4_dup_b|f7_weak|f8_bigcoef,100100110,4,-4.124695221328736,0.0295579860015138,0.8579117309300095,0.938005185433804,-4.039159822192186,0.0855353991365497
15,f1_strong_t1|f4_dup_b|f7_weak|noise_0,100100101,4,-4.391562084579467,0.0289371183828015,0.5910448676792779,0.6624167257890249,-4.315394256286054,0.0761678282934132
15,f1_strong_t1|f4_dup_b|f8_bigcoef|noise_0,100100011,4,-4.206463679885864,0.0289200119789002,0.7761432723728809,0.8552479661950173,-4.123445670406608,0.0830180094792565
15,f1_strong_t1|f5_null|f6_suppressor|f7_weak,100011100,4,-3.0145399638175965,0.0333010246415743,1.9680669884411488,2.1207408958384875,-2.865050932963869,0.1494890308537275
15,f1_strong_t1|f5_null|f6_suppressor|f8_bigcoef,100011010,4,-2.8154422982215883,0.0331745726424135,2.167164654037157,2.3135721362444794,-2.6731023470844235,0.1423399511371648
15,f1_strong_t1|f5_null|f6_suppressor|noise_0,100011001,4,-3.1653051498413087,0.0332387896675561,1.8173018024174368,1.9669985459645072,-3.009229956626878,0.1560751932144306
15,f1_strong_t1|f5_null|f7_weak|f8_bigcoef,100010110,4,-4.425200080108643,0.0313271348872935,0.5574068721501027,0.6125120005659704,-4.351363627665714,0.0738364524429284
15,f1_strong_t1|f5_null|f7_weak|noise_0,100010101,4,-4.69522715549469,0.0305430965322296,0.2873797967640552,0.3369235409211911,-4.627598061759583,0.0676290937351069
15,f1_strong_t1|f5_null|f8_bigcoef|noise_0,100010011,4,-4.512020686435699,0.0308504934233383,0.4705862658230462,0.5297547813271836,-4.435649475880138,0.0763712105555614
15,f1_strong_t1|f6_suppressor|f7_weak|f8_bigcoef,100001110,4,-2.7384926891326904,0.0334655378125806,2.244114263126055,2.3963293554832665,-2.588816498870001,0.1496761902626895
15,f1_strong_t1|f6_suppressor|f7_weak|noise_0,100001101,4,-3.018584995555878,0.0329991710219437,1.964021956702868,2.1207408958384875,-2.865050932963869,0.1535340625920089
15,f1_strong_t1|f6_suppressor|f8_bigcoef|noise_0,100001011,4,-2.8244365942955016,0.0325841615034796,2.158170357963244,2.3135721362444794,-2.6731023470844235,0.1513342472110781
15,f1_strong_t1|f7_weak|f8_bigcoef|noise_0,100000111,4,-4.426131367874145,0.0306683563141083,0.5564755843846001,0.6125120005659704,-4.351363627665714,0.074767740208431
15,f2_strong_t2|f3_dup_a|f4_dup_b|f5_null,11110000,4,-3.88095544052124,0.0311027002127627,1.1016515117375052,1.1404094082560454,-3.804388741755023,0.0765666987662174
15,f2_strong_t2|f3_dup_a|f4_dup_b|f6_suppressor,11101000,4,-3.8880977482795713,0.0314341317727867,1.094509203979174,1.1404094082560454,-3.804388741755023,0.0837090065245487
15,f2_strong_t2|f3_dup_a|f4_dup_b|f7_weak,11100100,4,-3.739659075641632,0.0305672392943513,1.2429478766171131,1.2941517581300257,-3.660209718092013,0.0794493575496191
15,f2_strong_t2|f3_dup_a|f4_dup_b|f8_bigcoef,11100010,4,-3.5495141883850096,0.0306634030727152,1.4330927638737356,1.486982998536018,-3.468261132212568,0.081253056172442
15,f2_strong_t2|f3_dup_a|f4_dup_b|noise_0,11100001,4,-3.882044423389434,0.0309432180242241,1.1005625288693106,1.1404094082560454,-3.804388741755023,0.077655681634412
15,f2_strong_t2|f3_dup_a|f5_null|f6_suppressor,11011000,4,-3.894002921772003,0.0297164014513059,1.088604030486742,1.130212141084884,-3.815016185864149,0.0789867359078546
15,f2_strong_t2|f3_dup_a|f5_null|f7_weak,11010100,4,-3.757587341785431,0.0291038506015681,1.2250196104733142,1.2839544909588645,-3.6708371622011393,0.0867501795842917
15,f2_strong_t2|f3_dup_a|f5_null|f8_bigcoef,11010010,4,-3.568210878181457,0.0293880296423018,1.4143960740772878,1.4767857313648562,-3.478888576321694,0.0893223018597635
15,f2_strong_t2|f3_dup_a|f5_null|noise_0,11010001,4,-3.898974843406677,0.0294077552632908,1.083632108852068,1.130212141084884,-3.815016185864149,0.0839586575425288
15,f2_strong_t2|f3_dup_a|f6_suppressor|f7_weak,11001100,4,-3.7655397590637207,0.029619135325176,1.2170671931950243,1.2839544909588645,-3.6708371622011393,0.0947025968625814
15,f2_strong_t2|f3_dup_a|f6_suppressor|f8_bigcoef,11001010,4,-3.5741892137527467,0.029562094461422,1.4084177385059986,1.4767857313648562,-3.478888576321694,0.0953006374310527
15,f2_strong_t2|f3_dup_a|f6_suppressor|noise_0,11001001,4,-3.90241895275116,0.0294915378741408,1.0801879995075856,1.130212141084884,-3.815016185864149,0.0874027668870112
15,f2_strong_t2|f3_dup_a|f7_weak|f8_bigcoef,11000110,4,-3.487194341278076,0.0296048157314269,1.4954126109806691,1.5595429506036431,-3.394602728107272,0.0925916131708048
15,f2_strong_t2|f3_dup_a|f7_weak|noise_0,11000101,4,-3.762957654953003,0.0290332621156573,1.2196492973057422,1.2839544909588645,-3.6708371622011393,0.0921204927518637
15,f2_strong_t2|f3_dup_a|f8_bigcoef|noise_0,11000011,4,-3.576450325489044,0.02922488546573,1.4061566267697012,1.4767857313648562,-3.478888576321694,0.0975617491673501
15,f2_strong_t2|f4_dup_b|f5_null|f6_suppressor,10111000,4,-3.902311561393738,0.0301356329801165,1.0802953908650077,1.130212141084884,-3.813372014104975,0.0889395472887626
15,f2_strong_t2|f4_dup_b|f5_null|f7_weak,10110100,4,-3.763821230697632,0.0293338314579723,1.2187857215611135,1.2839544909588645,-3.669192990441967,0.0946282402556648
15,f2_strong_t2|f4_dup_b|f5_null|f8_bigcoef,10110010,4,-3.5685654297828675,0.0294326891514007,1.4140415224758778,1.4767857313648562,-3.4772444045625206,0.0913210252203469
15,f2_strong_t2|f4_dup_b|f5_null|noise_0,10110001,4,-3.9041359568595886,0.0296396324448285,1.0784709953991567,1.130212141084884,-3.813372014104975,0.0907639427546134
15,f2_strong_t2|f4_dup_b|f6_suppressor|f7_weak,10101100,4,-3.7695289650917054,0.0297989607048654,1.21307798716704,1.2839544909588645,-3.669192990441967,0.1003359746497385
15,f2_strong_t2|f4_dup_b|f6_suppressor|f8_bigcoef,10101010,4,-3.581462582111359,0.0296259821696573,1.4011443701473865,1.4767857313648562,-3.4772444045625206,0.1042181775488382
15,f2_strong_t2|f4_dup_b|f6_suppressor|noise_0,10101001,4,-3.907037249279022,0.0296641106899987,1.075569702979723,1.130212141084884,-3.813372014104975,0.093665235174047
15,f2_strong_t2|f4_dup_b|f7_weak|f8_bigcoef,10100110,4,-3.49229413690567,0.0295932465564702,1.4903128153530751,1.5595429506036431,-3.392958556348098,0.0993355805575721
15,f2_strong_t2|f4_dup_b|f7_weak|noise_0,10100101,4,-3.766254365253448,0.0291047362859284,1.216352587005297,1.2839544909588645,-3.669192990441967,0.0970613748114814
15,f2_strong_t2|f4_dup_b|f8_bigcoef|noise_0,10100011,4,-3.579213890171051,0.0290780346798182,1.4033930620876944,1.4767857313648562,-3.4772444045625206,0.1019694856085302
15,f2_strong_t2|f5_null|f6_suppressor|f7_weak,10011100,4,-4.053760675048828,0.0313259391106188,0.9288462772099172,0.9584613060910306,-3.981396795915495,0.0723638791333329
15,f2_strong_t2|f5_null|f6_suppressor|f8_bigcoef,10011010,4,-3.861787840270996,0.0314623775716755,1.1208191119877493,1.151292546497023,-3.7894482100360496,0.0723396302349463
15,f2_strong_t2|f5_null|f6_suppressor|noise_0,10011001,4,-4.1916549483299255,0.0311381032509673,0.7909520039288198,0.8047189562170504,-4.125575819578504,0.0660791287514213
15,f2_strong_t2|f5_null|f7_weak|f8_bigcoef,10010110,4,-3.780161261081696,0.0313473402504713,1.2024456911770498,1.2340497657358096,-3.705162361821627,0.0749988992600685
15,f2_strong_t2|f5_null|f7_weak|noise_0,10010101,4,-4.055067205810547,0.0308035755507487,0.9275397464481988,0.9584613060910306,-3.981396795915495,0.0736704098950515
15,f2_strong_t2|f5_null|f8_bigcoef|noise_0,10010011,4,-3.864760574054718,0.03109094007803,1.117846378204027,1.151292546497023,-3.7894482100360496,0.0753123640186683
15,f2_strong_t2|f6_suppressor|f7_weak|f8_bigcoef,10001110,4,-3.7847097559928895,0.0316541125717635,1.1978971962658558,1.2340497657358096,-3.705162361821627,0.0795473941712625
15,f2_strong_t2|f6_suppressor|f7_weak|noise_0,10001101,4,-4.054094527149201,0.030967120869668,0.9285124251095443,0.9584613060910306,-3.981396795915495,0.0726977312337058
15,f2_strong_t2|f6_suppressor|f8_bigcoef|noise_0,10001011,4,-3.871019157218933,0.0309202362684527,1.1115877950398123,1.151292546497023,-3.7894482100360496,0.0815709471828833
15,f2_strong_t2|f7_weak|f8_bigcoef|noise_0,10000111,4,-3.7828411573410032,0.0310527478904007,1.199765794917742,1.2340497657358096,-3.705162361821627,0.0776787955193762
15,f3_dup_a|f4_dup_b|f5_null|f6_suppressor,1111000,4,-4.694890765953064,0.0309149483517958,0.2877161863056816,0.3356904520389953,-4.627322849996943,0.0675679159561211
15,f3_dup_a|f4_dup_b|f5_null|f7_weak,1110100,4,-4.543251515293122,0.0300666703829348,0.4393554369656236,0.4894328019129755,-4.483143826333933,0.0601076889591887
15,f3_dup_a|f4_dup_b|f5_null|f8_bigcoef,1110010,4,-4.361721651077271,0.0305698102684446,0.6208853011814748,0.682264042318968,-4.291195240454487,0.0705264106227838
15,f3_dup_a|f4_dup_b|f5_null|noise_0,1110001,4,-4.695248997116089,0.0304507848197417,0.2873579551426566,0.3356904520389953,-4.627322849996943,0.0679261471191461
15,f3_dup_a|f4_dup_b|f6_suppressor|f7_weak,1101100,4,-4.5504732176780704,0.0306983076439888,0.4321337345806748,0.4894328019129755,-4.483143826333933,0.0673293913441375
15,f3_dup_a|f4_dup_b|f6_suppressor|f8_bigcoef,1101010,4,-4.364915751361847,0.0306529660883547,0.617691200896898,0.682264042318968,-4.291195240454487,0.0737205109073606
15,f3_dup_a|f4_dup_b|f6_suppressor|noise_0,1101001,4,-4.695431005287171,0.0306782638424481,0.2871759469715744,0.3356904520389953,-4.627322849996943,0.0681081552902282
15,f3_dup_a|f4_dup_b|f7_weak|f8_bigcoef,1100110,4,-4.270737275028229,0.0306187647623317,0.7118696772305162,0.7650212615577549,-4.206909392240064,0.063827882788165
15,f3_dup_a|f4_dup_b|f7_weak|noise_0,1100101,4,-4.544167774105072,0.0299212811770258,0.4384391781536729,0.4894328019129755,-4.483143826333933,0.0610239477711394
15,f3_dup_a|f4_dup_b|f8_bigcoef|noise_0,1100011,4,-4.360721377468109,0.0302665556921122,0.6218855747906362,0.682264042318968,-4.291195240454487,0.0695261370136224
15,f3_dup_a|f5_null|f6_suppressor|f7_weak,1011100,4,-4.5614419506073,0.0291032822268947,0.4211650016514454,0.4792355347418139,-4.493771270443058,0.0676706801642419
15,f3_dup_a|f5_null|f6_suppressor|f8_bigcoef,1011010,4,-4.378040388393402,0.0291420128709175,0.604566563865343,0.6720667751478063,-4.3018226845636125,0.0762177038297897
15,f3_dup_a|f5_null|f6_suppressor|noise_0,1011001,4,-4.701362636756897,0.029026163941456,0.2812443155018487,0.3254931848678336,-4.637950294106068,0.063412342650829
15,f3_dup_a|f5_null|f7_weak|f8_bigcoef,1010110,4,-4.296859739208221,0.0293581817765474,0.685747213050524,0.7548239943865932,-4.21753683634919,0.0793229028590314
15,f3_dup_a|f5_null|f7_weak|noise_0,1010101,4,-4.561685512065887,0.0284250058112324,0.420921440192858,0.4792355347418139,-4.493771270443058,0.0679142416228293
15,f3_dup_a|f5_null|f8_bigcoef|noise_0,1010011,4,-4.387050754165649,0.0289999918075094,0.5955561980930959,0.6720667751478063,-4.3018226845636125,0.0852280696020368
15,f3_dup_a|f6_suppressor|f7_weak|f8_bigcoef,1001110,4,-4.297004821586609,0.0296050389109794,0.6856021306721365,0.7548239943865932,-4.21753683634919,0.0794679852374189
15,f3_dup_a|f6_suppressor|f7_weak|noise_0,1001101,4,-4.562397005939483,0.0289283723839758,0.4202099463192619,0.4792355347418139,-4.493771270443058,0.0686257354964254
15,f3_dup_a|f6_suppressor|f8_bigcoef|noise_0,1001011,4,-4.380525345611573,0.0287913337176058,0.6020816066471726,0.6720667751478063,-4.3018226845636125,0.0787026610479602
15,f3_dup_a|f7_weak|f8_bigcoef|noise_0,1000111,4,-4.29923737745285,0.0290881434834224,0.6833695748058952,0.7548239943865932,-4.21753683634919,0.0817005411036602
15,f4_dup_b|f5_null|f6_suppressor|f7_weak,111100,4,-4.5680924908638,0.0293883661264967,0.4145144613949449,0.4792355347418139,-4.492127098683885,0.0759653921799152
15,f4_dup_b|f5_null|f6_suppressor|f8_bigcoef,111010,4,-4.382445979118347,0.0294366298507367,0.6001609731403983,0.6720667751478063,-4.300178512804439,0.0822674663139082
15,f4_dup_b|f5_null|f6_suppressor|noise_0,111001,4,-4.706726617622375,0.0292676998296941,0.2758803346363701,0.3254931848678336,-4.636306122346894,0.0704204952754814
15,f4_dup_b|f5_null|f7_weak|f8_bigcoef,110110,4,-4.297021874904632,0.0294831832412833,0.685585077354113,0.7548239943865932,-4.215892664590016,0.0811292103146161
15,f4_dup_b|f5_null|f7_weak|noise_0,110101,4,-4.564722883701324,0.0287060175215569,0.417884068557421,0.4792355347418139,-4.492127098683885,0.0725957850174392
15,f4_dup_b|f5_null|f8_bigcoef|noise_0,110011,4,-4.383679964828492,0.0290855743348775,0.5989269874302536,0.6720667751478063,-4.300178512804439,0.0835014520240529
15,f4_dup_b|f6_suppressor|f7_weak|f8_bigcoef,101110,4,-4.299042208099365,0.0296324861979141,0.68356474415938,0.7548239943865932,-4.215892664590016,0.0831495435093492
15,f4_dup_b|f6_suppressor|f7_weak|noise_0,101101,4,-4.567833849716187,0.0290387863902521,0.4147731025425587,0.4792355347418139,-4.492127098683885,0.0757067510323015
15,f4_dup_b|f6_suppressor|f8_bigcoef|noise_0,101011,4,-4.381940200138092,0.028814751515948,0.6006667521206532,0.6720667751478063,-4.300178512804439,0.0817616873336533
15,f4_dup_b|f7_weak|f8_bigcoef|noise_0,100111,4,-4.298464979457855,0.0291019229989323,0.68414197280089,0.7548239943865932,-4.215892664590016,0.0825723148678392
15,f5_null|f6_suppressor|f7_weak|f8_bigcoef,11110,4,-4.58626797132492,0.0313256942120484,0.3963389809338249,0.4293308095187594,-4.528096470063545,0.0581715012613752
15,f5_null|f6_suppressor|f7_weak|noise_0,11101,4,-4.852065857601166,0.0304563990731974,0.1305410946575795,0.1537423498739802,-4.804330904157414,0.0477349534437516
15,f5_null|f6_suppressor|f8_bigcoef|noise_0,11011,4,-4.669175697422028,0.0305305145352413,0.3134312548367175,0.3465735902799726,-4.612382318277969,0.0567933791440591
15,f5_null|f7_weak|f8_bigcoef|noise_0,10111,4,-4.590269942474365,0.0307648674002863,0.3923370097843799,0.4293308095187594,-4.528096470063545,0.0621734724108202
15,f6_suppressor|f7_weak|f8_bigcoef|noise_0,1111,4,-4.586480152606964,0.030684036736144,0.396126799651781,0.4293308095187594,-4.528096470063545,0.0583836825434191
15,f1_strong_t1|f2_strong_t2|f3_dup_a|f4_dup_b|f5_null,111110000,5,-3.7156756145477297,0.0318195387895173,1.2669313377110156,1.3235905993032566,-3.627655899357192,0.0880197151905379
15,f1_strong_t1|f2_strong_t2|f3_dup_a|f4_dup_b|f6_suppressor,111101000,5,-2.029595148277283,0.0335398089262665,2.9530118039814623,3.1074079542205526,-1.8651087705614784,0.1644863777158045
15,f1_strong_t1|f2_strong_t2|f3_dup_a|f4_dup_b|f7_weak,111100100,5,-3.579031311798096,0.0313523014352842,1.4035756404606494,1.477332949177237,-3.4834768756941825,0.0955544361039133
15,f1_strong_t1|f2_strong_t2|f3_dup_a|f4_dup_b|f8_bigcoef,111100010,5,-3.387444939136505,0.0311691515595126,1.5951620131222404,1.6701641895832289,-3.291528289814737,0.0959166493217678
15,f1_strong_t1|f2_strong_t2|f3_dup_a|f4_dup_b|noise_0,111100001,5,-3.716816230201722,0.0315892933421604,1.265790722057024,1.3235905993032566,-3.627655899357192,0.0891603308445296
15,f1_strong_t1|f2_strong_t2|f3_dup_a|f5_null|f6_suppressor,111011000,5,-2.0367214605331423,0.0320668402829374,2.945885491725603,3.097210687049391,-1.875736214670604,0.1609852458625382
15,f1_strong_t1|f2_strong_t2|f3_dup_a|f5_null|f7_weak,111010100,5,-3.5965198429107668,0.0298646291154295,1.3860871093479783,1.467135682006075,-3.4941043198033093,0.1024155231074575
15,f1_strong_t1|f2_strong_t2|f3_dup_a|f5_null|f8_bigcoef,111010010,5,-3.403819701576233,0.0298153251151842,1.5787872506825122,1.6599669224120674,-3.302155733923863,0.10166396765237
15,f1_strong_t1|f2_strong_t2|f3_dup_a|f5_null|noise_0,111010001,5,-3.732151565361023,0.0300151176484738,1.2504553868977224,1.3133933321320947,-3.6382833434663175,0.0938682218947053
15,f1_strong_t1|f2_strong_t2|f3_dup_a|f6_suppressor|f7_weak,111001100,5,-1.9159125769615173,0.0322837797119658,3.066694375297228,3.2509530369233715,-1.7315571910075949,0.1843553859539224
15,f1_strong_t1|f2_strong_t2|f3_dup_a|f6_suppressor|f8_bigcoef,111001010,5,-1.7142818759918212,0.0317606930902586,3.2683250762669243,3.443784277329364,-1.539608605128149,0.1746732708636722
15,f1_strong_t1|f2_strong_t2|f3_dup_a|f6_suppressor|noise_0,111001001,5,-2.058081861782074,0.0322494400195934,2.924525090476671,3.097210687049391,-1.875736214670604,0.1823456471114701
15,f1_strong_t1|f2_strong_t2|f3_dup_a|f7_weak|f8_bigcoef,111000110,5,-3.3253149475097654,0.0300336493456929,1.65729200474898,1.742724141650854,-3.2178698857094394,0.1074450618003259
15,f1_strong_t1|f2_strong_t2|f3_dup_a|f7_weak|noise_0,111000101,5,-3.5998154195785523,0.0296757760239947,1.382791532680193,1.467135682006075,-3.4941043198033093,0.105711099775243
15,f1_strong_t1|f2_strong_t2|f3_dup_a|f8_bigcoef|noise_0,111000011,5,-3.412533803653717,0.029586985858879,1.570073148605028,1.6599669224120674,-3.302155733923863,0.1103780697298542
15,f1_strong_t1|f2_strong_t2|f4_dup_b|f5_null|f6_suppressor,110111000,5,-2.046549880599976,0.0322962161568307,2.936057071658769,3.097210687049391,-1.8740920429114305,0.1724578376885455
15,f1_strong_t1|f2_strong_t2|f4_dup_b|f5_null|f7_weak,110110100,5,-3.598538887119293,0.030022081966868,1.384068065139452,1.467135682006075,-3.492460148044135,0.106078739075158
15,f1_strong_t1|f2_strong_t2|f4_dup_b|f5_null|f8_bigcoef,110110010,5,-3.403734822845459,0.0299334625346452,1.5788721294132864,1.6599669224120674,-3.3005115621646897,0.1032232606807692
15,f1_strong_t1|f2_strong_t2|f4_dup_b|f5_null|noise_0,110110001,5,-3.736593417739868,0.0301383956242164,1.2460135345188772,1.3133933321320947,-3.636639171707144,0.0999542460327238
15,f1_strong_t1|f2_strong_t2|f4_dup_b|f6_suppressor|f7_weak,110101100,5,-1.9153187035560608,0.0321631379967729,3.0672882487026847,3.2509530369233715,-1.7299130192484216,0.1854056843076392
15,f1_strong_t1|f2_strong_t2|f4_dup_b|f6_suppressor|f8_bigcoef,110101010,5,-1.7227606810569762,0.0317341545501229,3.259846271201769,3.443784277329364,-1.5379644333689753,0.1847962476880009
15,f1_strong_t1|f2_strong_t2|f4_dup_b|f6_suppressor|noise_0,110101001,5,-2.068633713531494,0.0322615175017023,2.9139732387272512,3.097210687049391,-1.8740920429114305,0.1945416706200637
15,f1_strong_t1|f2_strong_t2|f4_dup_b|f7_weak|f8_bigcoef,110100110,5,-3.329235436439514,0.0300419825225243,1.6533715158192313,1.742724141650854,-3.216225713950266,0.1130097224892479
15,f1_strong_t1|f2_strong_t2|f4_dup_b|f7_weak|noise_0,110100101,5,-3.6004571722984315,0.0295827237710691,1.3821497799603135,1.467135682006075,-3.492460148044135,0.1079970242542964
15,f1_strong_t1|f2_strong_t2|f4_dup_b|f8_bigcoef|noise_0,110100011,5,-3.412788530921936,0.0293286768900646,1.5698184213368092,1.6599669224120674,-3.3005115621646897,0.1122769687572464
15,f1_strong_t1|f2_strong_t2|f5_null|f6_suppressor|f7_weak,110011100,5,-2.210689270591736,0.0341998945097281,2.771917681667009,2.9254598520555377,-2.0421168247219508,0.1685724458697852
15,f1_strong_t1|f2_strong_t2|f5_null|f6_suppressor|f8_bigcoef,110011010,5,-2.0122920400619506,0.0340227027065083,2.9703149121967947,3.11829109246153,-1.8501682388425047,0.1621238012194459
15,f1_strong_t1|f2_strong_t2|f5_null|f6_suppressor|noise_0,110011001,5,-2.3499579995155333,0.0339101955146046,2.632648952743212,2.771717502181557,-2.1862958483849595,0.1636621511305738
15,f1_strong_t1|f2_strong_t2|f5_null|f7_weak|f8_bigcoef,110010110,5,-3.6266076691627513,0.0320570836223613,1.3559992830959948,1.4172309567830204,-3.528429519423795,0.0981781497389553
15,f1_strong_t1|f2_strong_t2|f5_null|f7_weak|noise_0,110010101,5,-3.902145562934876,0.0314619625338615,1.0804613893238697,1.1416424971382413,-3.804663953517664,0.0974816094172115
15,f1_strong_t1|f2_strong_t2|f5_null|f8_bigcoef|noise_0,110010011,5,-3.712617474555969,0.0315404468432989,1.2699894777027765,1.3344737375442337,-3.6127153676382178,0.0999021069177512
15,f1_strong_t1|f2_strong_t2|f6_suppressor|f7_weak|f8_bigcoef,110001110,5,-1.9343176551818848,0.0342156789709049,3.0482892970768605,3.201048311700317,-1.765882390628082,0.1684352645538027
15,f1_strong_t1|f2_strong_t2|f6_suppressor|f7_weak|noise_0,110001101,5,-2.2144095703125,0.0339495808776426,2.768197381946245,2.9254598520555377,-2.0421168247219508,0.1722927455905494
15,f1_strong_t1|f2_strong_t2|f6_suppressor|f8_bigcoef|noise_0,110001011,5,-2.020420936870575,0.0334191963736103,2.9621860153881703,3.11829109246153,-1.8501682388425047,0.1702526980280703
15,f1_strong_t1|f2_strong_t2|f7_weak|f8_bigcoef|noise_0,110000111,5,-3.631038745594025,0.0315293646660335,1.3515682066647208,1.4172309567830204,-3.528429519423795,0.1026092261702293
15,f1_strong_t1|f3_dup_a|f4_dup_b|f5_null|f6_suppressor,101111000,5,-2.835326090335846,0.0332193208956357,2.147280861922899,2.302688998003503,-2.688042878803397,0.1472832115324491
15,f1_strong_t1|f3_dup_a|f4_dup_b|f5_null|f7_weak,101110100,5,-4.376210194396973,0.0309454610000057,0.6063967578617726,0.6726139929601865,-4.306410983936101,0.0697992104608715
15,f1_strong_t1|f3_dup_a|f4_dup_b|f5_null|f8_bigcoef,101110010,5,-4.194571526145935,0.031059966423256,0.7880354261128106,0.8654452333661787,-4.114462398056656,0.0801091280892789
15,f1_strong_t1|f3_dup_a|f4_dup_b|f5_null|noise_0,101110001,5,-4.525719094562531,0.0312022403093942,0.4568878576962145,0.5188716430862063,-4.450590007599112,0.0751290869634191
15,f1_strong_t1|f3_dup_a|f4_dup_b|f6_suppressor|f7_weak,101101100,5,-2.7017487144470214,0.0331279175358661,2.280858237811724,2.456431347877483,-2.543863855140388,0.1578848593066335
15,f1_strong_t1|f3_dup_a|f4_dup_b|f6_suppressor|f8_bigcoef,101101010,5,-2.498859693145752,0.0327466578426704,2.483747259112993,2.6492625882834755,-2.351915269260941,0.1469444238848103
15,f1_strong_t1|f3_dup_a|f4_dup_b|f6_suppressor|noise_0,101101001,5,-2.847350076961517,0.0332609165497709,2.135256875297228,2.302688998003503,-2.688042878803397,0.1593071981581202
15,f1_strong_t1|f3_dup_a|f4_dup_b|f7_weak|f8_bigcoef,101100110,5,-4.108767887401581,0.0312154514633463,0.8738390648571643,0.9482024526049658,-4.030176549842233,0.0785913375593478
15,f1_strong_t1|f3_dup_a|f4_dup_b|f7_weak|noise_0,101100101,5,-4.3773130930900574,0.0306422523160466,0.6052938591686878,0.6726139929601865,-4.306410983936101,0.0709021091539563
15,f1_strong_t1|f3_dup_a|f4_dup_b|f8_bigcoef|noise_0,101100011,5,-4.197701702976227,0.0307247206471849,0.7849052492825184,0.8654452333661787,-4.114462398056656,0.0832393049195712
15,f1_strong_t1|f3_dup_a|f5_null|f6_suppressor|f7_weak,101011100,5,-2.712013519668579,0.0315479639162595,2.270593432590166,2.446234080706321,-2.554491299249513,0.1575222204190658
15,f1_strong_t1|f3_dup_a|f5_null|f6_suppressor|f8_bigcoef,101011010,5,-2.522680715751648,0.0314035905464243,2.4599262365070973,2.639065321112313,-2.362542713370068,0.1601380023815801
15,f1_strong_t1|f3_dup_a|f5_null|f6_suppressor|noise_0,101011001,5,-2.857376943778992,0.0316451959172785,2.125230008479753,2.292491730832341,-2.6986703229125224,0.1587066208664693
15,f1_strong_t1|f3_dup_a|f5_null|f7_weak|f8_bigcoef,101010110,5,-4.129024123382568,0.0299237043446775,0.8535828288761769,0.938005185433804,-4.040803993951359,0.0882201294312094
15,f1_strong_t1|f3_dup_a|f5_null|f7_weak|noise_0,101010101,5,-4.395029981040954,0.0291181065854032,0.587576971217791,0.6624167257890249,-4.317038428045227,0.0779915529957273
15,f1_strong_t1|f3_dup_a|f5_null|f8_bigcoef|noise_0,101010011,5,-4.217071938323975,0.0293401768456275,0.7655350139347705,0.8552479661950173,-4.125089842165781,0.091982096158194
15,f1_strong_t1|f3_dup_a|f6_suppressor|f7_weak|f8_bigcoef,101001110,5,-2.437138935661316,0.031951776087137,2.5454680165974293,2.7218225403511003,-2.278256865155645,0.1588820705056708
15,f1_strong_t1|f3_dup_a|f6_suppressor|f7_weak|noise_0,101001101,5,-2.7293721135139464,0.0317218682261984,2.253234838744799,2.446234080706321,-2.554491299249513,0.1748808142644331
15,f1_strong_t1|f3_dup_a|f6_suppressor|f8_bigcoef|noise_0,101001011,5,-2.528801817035675,0.0313605895857673,2.45380513522307,2.639065321112313,-2.362542713370068,0.1662591036656073
15,f1_strong_t1|f3_dup_a|f7_weak|f8_bigcoef|noise_0,101000111,5,-4.133131547641754,0.0294676992312975,0.8494754046169914,0.938005185433804,-4.040803993951359,0.0923275536903949
15,f1_strong_t1|f4_dup_b|f5_null|f6_suppressor|f7_weak,100111100,5,-2.72316335067749,0.0319451436089549,2.259443601581255,2.446234080706321,-2.55284712749034,0.1703162231871502
15,f1_strong_t1|f4_dup_b|f5_null|f6_suppressor|f8_bigcoef,100111010,5,-2.534115149307251,0.0317935813738562,2.4484918029514944,2.639065321112313,-2.3608985416108945,0.1732166076963563
15,f1_strong_t1|f4_dup_b|f5_null|f6_suppressor|noise_0,100111001,5,-2.8790707849502564,0.0321235417648524,2.103536167308489,2.292491730832341,-2.697026151153349,0.1820446337969072
15,f1_strong_t1|f4_dup_b|f5_null|f7_weak|f8_bigcoef,100110110,5,-4.131796242427826,0.0301155828390714,0.8508107098309194,0.938005185433804,-4.039159822192186,0.0926364202356397
15,f1_strong_t1|f4_dup_b|f5_null|f7_weak|noise_0,100110101,5,-4.3966446933746335,0.0293542944685669,0.5859622588841118,0.6624167257890249,-4.315394256286054,0.0812504370885793
15,f1_strong_t1|f4_dup_b|f5_null|f8_bigcoef|noise_0,100110011,5,-4.213897756195069,0.0295441079251824,0.7687091960636767,0.8552479661950173,-4.123445670406608,0.0904520857884607
15,f1_strong_t1|f4_dup_b|f6_suppressor|f7_weak|f8_bigcoef,100101110,5,-2.447161111164093,0.0320053692485191,2.5354458410946523,2.7218225403511003,-2.2766126933964714,0.1705484177676215
15,f1_strong_t1|f4_dup_b|f6_suppressor|f7_weak|noise_0,100101101,5,-2.731871553039551,0.0317358083270538,2.2507353992191943,2.446234080706321,-2.55284712749034,0.179024425549211
15,f1_strong_t1|f4_dup_b|f6_suppressor|f8_bigcoef|noise_0,100101011,5,-2.5401445685386657,0.0314221128864475,2.44246238372008,2.639065321112313,-2.3608985416108945,0.1792460269277711
15,f1_strong_t1|f4_dup_b|f7_weak|f8_bigcoef|noise_0,100100111,5,-4.131757747173309,0.0294554186073397,0.8508492050854359,0.938005185433804,-4.039159822192186,0.0925979249811232
15,f1_strong_t1|f5_null|f6_suppressor|f7_weak|f8_bigcoef,100011110,5,-2.747341477870941,0.0339922435157739,2.235265474387804,2.3963293554832665,-2.588816498870001,0.1585249790009402
15,f1_strong_t1|f5_null|f6_suppressor|f7_weak|noise_0,100011101,5,-3.0419653265953066,0.0335876243821312,1.940641625663439,2.1207408958384875,-2.865050932963869,0.1769143936314376
15,f1_strong_t1|f5_null|f6_suppressor|f8_bigcoef|noise_0,100011011,5,-2.834383371639252,0.0331399589397002,2.1482235806194936,2.3135721362444794,-2.6731023470844235,0.1612810245548281
15,f1_strong_t1|f5_null|f7_weak|f8_bigcoef|noise_0,100010111,5,-4.435390434646607,0.0312771495820318,0.5472165176121386,0.6125120005659704,-4.351363627665714,0.0840268069808924
15,f1_strong_t1|f6_suppressor|f7_weak|f8_bigcoef|noise_0,100001111,5,-2.7515631216049194,0.0333305993489295,2.231043830653826,2.3963293554832665,-2.588816498870001,0.1627466227349185
15,f2_strong_t2|f3_dup_a|f4_dup_b|f5_null|f6_suppressor,11111000,5,-3.893257217693329,0.0318464629580989,1.0893497345654164,1.1404094082560454,-3.804388741755023,0.0888684759383062
15,f2_strong_t2|f3_dup_a|f4_dup_b|f5_null|f7_weak,11110100,5,-3.746822310161592,0.0309305746346822,1.2357846420971548,1.2941517581300257,-3.660209718092013,0.0866125920695775
15,f2_strong_t2|f3_dup_a|f4_dup_b|f5_null|f8_bigcoef,11110010,5,-3.5567873963356016,0.0311623220567591,1.4258195559231437,1.486982998536018,-3.468261132212568,0.0885262641230339
15,f2_strong_t2|f3_dup_a|f4_dup_b|f5_null|noise_0,11110001,5,-3.8920380928993215,0.0313222351233631,1.090568859359423,1.1404094082560454,-3.804388741755023,0.0876493511442997
15,f2_strong_t2|f3_dup_a|f4_dup_b|f6_suppressor|f7_weak,11101100,5,-3.7563699387550353,0.0314338255063318,1.22623701350371,1.2941517581300257,-3.660209718092013,0.0961602206630223
15,f2_strong_t2|f3_dup_a|f4_dup_b|f6_suppressor|f8_bigcoef,11101010,5,-3.569554845333099,0.0314825862174149,1.413052106925646,1.486982998536018,-3.468261132212568,0.1012937131205315
15,f2_strong_t2|f3_dup_a|f4_dup_b|f6_suppressor|noise_0,11101001,5,-3.895433506584168,0.0315457894462909,1.0871734456745776,1.1404094082560454,-3.804388741755023,0.091044764829145
15,f2_strong_t2|f3_dup_a|f4_dup_b|f7_weak|f8_bigcoef,11100110,5,-3.4720806799888613,0.0311813495772428,1.510526272269884,1.5697402177748048,-3.3839752839981445,0.0881053959907167
15,f2_strong_t2|f3_dup_a|f4_dup_b|f7_weak|noise_0,11100101,5,-3.7486219054222105,0.0307229577094455,1.2339850468365348,1.2941517581300257,-3.660209718092013,0.0884121873301975
15,f2_strong_t2|f3_dup_a|f4_dup_b|f8_bigcoef|noise_0,11100011,5,-3.563136919784546,0.0309022016603551,1.4194700324741991,1.486982998536018,-3.468261132212568,0.0948757875719783
15,f2_strong_t2|f3_dup_a|f5_null|f6_suppressor|f7_weak,11011100,5,-3.7663030662536623,0.0298439668564397,1.216303886005083,1.2839544909588645,-3.6708371622011393,0.0954659040525229
15,f2_strong_t2|f3_dup_a|f5_null|f6_suppressor|f8_bigcoef,11011010,5,-3.5777949960708617,0.029885767684055,1.4048119561878836,1.4767857313648562,-3.478888576321694,0.0989064197491678
15,f2_strong_t2|f3_dup_a|f5_null|f6_suppressor|noise_0,11011001,5,-3.902985583591461,0.0297380289496563,1.0796213686672842,1.130212141084884,-3.815016185864149,0.0879693977273126
15,f2_strong_t2|f3_dup_a|f5_null|f7_weak|f8_bigcoef,11010110,5,-3.493620069694519,0.0299850121030763,1.4889868825642265,1.5595429506036431,-3.394602728107272,0.0990173415872477
15,f2_strong_t2|f3_dup_a|f5_null|f7_weak|noise_0,11010101,5,-3.7685115770339968,0.0293431735438873,1.2140953752247483,1.2839544909588645,-3.6708371622011393,0.0976744148328574
15,f2_strong_t2|f3_dup_a|f5_null|f8_bigcoef|noise_0,11010011,5,-3.584121231746673,0.0296457753347134,1.3984857205120718,1.4767857313648562,-3.478888576321694,0.1052326554249796
15,f2_strong_t2|f3_dup_a|f6_suppressor|f7_weak|f8_bigcoef,11001110,5,-3.4988380588531496,0.0303236267586247,1.4837688934055957,1.5595429506036431,-3.394602728107272,0.1042353307458783
15,f2_strong_t2|f3_dup_a|f6_suppressor|f7_weak|noise_0,11001101,5,-3.771998652458191,0.0296680342355438,1.2106082998005545,1.2839544909588645,-3.6708371622011393,0.1011614902570516
15,f2_strong_t2|f3_dup_a|f6_suppressor|f8_bigcoef|noise_0,11001011,5,-3.5853786403656005,0.0295986705569064,1.3972283118931448,1.4767857313648562,-3.478888576321694,0.1064900640439066
15,f2_strong_t2|f3_dup_a|f7_weak|f8_bigcoef|noise_0,11000111,5,-3.5001822486877443,0.0298161009360545,1.482424703571001,1.5595429506036431,-3.394602728107272,0.105579520580473
15,f2_strong_t2|f4_dup_b|f5_null|f6_suppressor|f7_weak,10111100,5,-3.771424214076996,0.030134194559208,1.2111827381817497,1.2839544909588645,-3.669192990441967,0.1022312236350289
15,f2_strong_t2|f4_dup_b|f5_null|f6_suppressor|f8_bigcoef,10111010,5,-3.582285041332245,0.0302153066009863,1.4003219109265004,1.4767857313648562,-3.4772444045625206,0.1050406367697243
15,f2_strong_t2|f4_dup_b|f5_null|f6_suppressor|noise_0,10111001,5,-3.910157746601105,0.0301000236283769,1.0724492056576405,1.130212141084884,-3.813372014104975,0.0967857324961296
15,f2_strong_t2|f4_dup_b|f5_null|f7_weak|f8_bigcoef,10110110,5,-3.495589698028565,0.0300171528436743,1.4870172542301807,1.5595429506036431,-3.392958556348098,0.1026311416804666
15,f2_strong_t2|f4_dup_b|f5_null|f7_weak|noise_0,10110101,5,-3.773844814682007,0.0295065975402769,1.2087621375767386,1.2839544909588645,-3.669192990441967,0.1046518242400398
15,f2_strong_t2|f4_dup_b|f5_null|f8_bigcoef|noise_0,10110011,5,-3.5849410831451416,0.0296318569556071,1.3976658691136037,1.4767857313648562,-3.4772444045625206,0.107696678582621
15,f2_strong_t2|f4_dup_b|f6_suppressor|f7_weak|f8_bigcoef,10101110,5,-3.502463843536377,0.0302890609895181,1.4801431087223684,1.5595429506036431,-3.392958556348098,0.1095052871882789
15,f2_strong_t2|f4_dup_b|f6_suppressor|f7_weak|noise_0,10101101,5,-3.7747562357902527,0.0297521386101523,1.2078507164684926,1.2839544909588645,-3.669192990441967,0.1055632453482857
15,f2_strong_t2|f4_dup_b|f6_suppressor|f8_bigcoef|noise_0,10101011,5,-3.5925549954414366,0.0295483923277072,1.3900519568173086,1.4767857313648562,-3.4772444045625206,0.115310590878916
15,f2_strong_t2|f4_dup_b|f7_weak|f8_bigcoef|noise_0,10100111,5,-3.5027837772369383,0.029715495874197,1.479823175021807,1.5595429506036431,-3.392958556348098,0.1098252208888403
15,f2_strong_t2|f5_null|f6_suppressor|f7_weak|f8_bigcoef,10011110,5,-3.7862718603134153,0.0320812685072125,1.19633509194533,1.2340497657358096,-3.705162361821627,0.0811094984917883
15,f2_strong_t2|f5_null|f6_suppressor|f7_weak|noise_0,10011101,5,-4.06107897233963,0.0313222438576715,0.921527979919115,0.9584613060910306,-3.981396795915495,0.0796821764241353
15,f2_strong_t2|f5_null|f6_suppressor|f8_bigcoef|noise_0,10011011,5,-3.872497266292572,0.0314585260162699,1.1101096859661732,1.151292546497023,-3.7894482100360496,0.0830490562565224
15,f2_strong_t2|f5_null|f7_weak|f8_bigcoef|noise_0,10010111,5,-3.790839375305176,0.0316033373778043,1.1917675769535694,1.2340497657358096,-3.705162361821627,0.0856770134835489
15,f2_strong_t2|f6_suppressor|f7_weak|f8_bigcoef|noise_0,10001111,5,-3.7908583627700807,0.0316014344520901,1.1917485894886646,1.2340497657358096,-3.705162361821627,0.0856960009484537
15,f3_dup_a|f4_dup_b|f5_null|f6_suppressor|f7_weak,1111100,5,-4.558817057323456,0.0310674077245744,0.4237898949352896,0.4894328019129755,-4.483143826333933,0.0756732309895227
15,f3_dup_a|f4_dup_b|f5_null|f6_suppressor|f8_bigcoef,1111010,5,-4.374766482543945,0.0311400203408935,0.6078404697147999,0.682264042318968,-4.291195240454487,0.0835712420894587
15,f3_dup_a|f4_dup_b|f5_null|f6_suppressor|noise_0,1111001,5,-4.702440532302856,0.0310690397967564,0.2801664199558891,0.3356904520389953,-4.627322849996943,0.0751176823059136
15,f3_dup_a|f4_dup_b|f5_null|f7_weak|f8_bigcoef,1110110,5,-4.281780253028869,0.0310388286032018,0.700826699229876,0.7650212615577549,-4.206909392240064,0.0748708607888053
15,f3_dup_a|f4_dup_b|f5_null|f7_weak|noise_0,1110101,5,-4.553113106918335,0.0302842232448356,0.42949384534041,0.4894328019129755,-4.483143826333933,0.0699692805844023
15,f3_dup_a|f4_dup_b|f5_null|f8_bigcoef|noise_0,1110011,5,-4.37535204076767,0.0307096187009241,0.6072549114910757,0.682264042318968,-4.291195240454487,0.0841568003131829
15,f3_dup_a|f4_dup_b|f6_suppressor|f7_weak|f8_bigcoef,1101110,5,-4.287422736930847,0.0313562150961301,0.695184215327898,0.7650212615577549,-4.206909392240064,0.0805133446907833
15,f3_dup_a|f4_dup_b|f6_suppressor|f7_weak|noise_0,1101101,5,-4.56017421836853,0.0308959375049871,0.4224327338902149,0.4894328019129755,-4.483143826333933,0.0770303920345973
15,f3_dup_a|f4_dup_b|f6_suppressor|f8_bigcoef|noise_0,1101011,5,-4.372752727508545,0.0307111381521263,0.6098542247502001,0.682264042318968,-4.291195240454487,0.0815574870540585
15,f3_dup_a|f4_dup_b|f7_weak|f8_bigcoef|noise_0,1100111,5,-4.282341410923004,0.0306976483960414,0.7002655413357415,0.7650212615577549,-4.206909392240064,0.0754320186829398
15,f3_dup_a|f5_null|f6_suppressor|f7_weak|f8_bigcoef,1011110,5,-4.301856129932403,0.0299368564084627,0.6807508223263419,0.7548239943865932,-4.21753683634919,0.0843192935832135
15,f3_dup_a|f5_null|f6_suppressor|f7_weak|noise_0,1011101,5,-4.5650857972145085,0.0291992379061231,0.4175211550442368,0.4792355347418139,-4.493771270443058,0.0713145267714505
15,f3_dup_a|f5_null|f6_suppressor|f8_bigcoef|noise_0,1011011,5,-4.388316189861298,0.0292454503050778,0.5942907623974474,0.6720667751478063,-4.3018226845636125,0.0864935052976854
15,f3_dup_a|f5_null|f7_weak|f8_bigcoef|noise_0,1010111,5,-4.307532552051544,0.0294825775192336,0.6750744002072011,0.7548239943865932,-4.21753683634919,0.0899957157023543
15,f3_dup_a|f6_suppressor|f7_weak|f8_bigcoef|noise_0,1001111,5,-4.306463594722747,0.0296301927519686,0.6761433575359979,0.7548239943865932,-4.21753683634919,0.0889267583735575
15,f4_dup_b|f5_null|f6_suppressor|f7_weak|f8_bigcoef,111110,5,-4.305965621566773,0.0301536991600728,0.6766413306919725,0.7548239943865932,-4.215892664590016,0.0900729569767566
15,f4_dup_b|f5_null|f6_suppressor|f7_weak|noise_0,111101,5,-4.570718490314484,0.0293631039515288,0.4118884619442617,0.4792355347418139,-4.492127098683885,0.0785913916305984
15,f4_dup_b|f5_null|f6_suppressor|f8_bigcoef|noise_0,111011,5,-4.389528746318817,0.0294079390703797,0.5930782059399284,0.6720667751478063,-4.300178512804439,0.0893502335143781
15,f4_dup_b|f5_null|f7_weak|f8_bigcoef|noise_0,110111,5,-4.307715758037567,0.0295864082970822,0.6748911942211784,0.7548239943865932,-4.215892664590016,0.0918230934475508
15,f4_dup_b|f6_suppressor|f7_weak|f8_bigcoef|noise_0,101111,5,-4.306832549858093,0.0296166881206336,0.675774402400652,0.7548239943865932,-4.215892664590016,0.0909398852680771
15,f5_null|f6_suppressor|f7_weak|f8_bigcoef|noise_0,11111,5,-4.5928167899131775,0.0312564640745662,0.3897901623455677,0.4293308095187594,-4.528096470063545,0.0647203198496324
15,f1_strong_t1|f2_strong_t2|f3_dup_a|f4_dup_b|f5_null|f6_suppressor,111111000,6,-2.0302811690330507,0.0338405906338029,2.9523257832256946,3.1074079542205526,-1.8651087705614784,0.1651723984715722
15,f1_strong_t1|f2_strong_t2|f3_dup_a|f4_dup_b|f5_null|f7_weak,111110100,6,-3.5834896570205688,0.0317939162605156,1.3991172952381763,1.477332949177237,-3.4834768756941825,0.1000127813263862
15,f1_strong_t1|f2_strong_t2|f3_dup_a|f4_dup_b|f5_null|f8_bigcoef,111110010,6,-3.393204988956452,0.0316855204090833,1.589401963302294,1.6701641895832289,-3.291528289814737,0.1016766991417141
15,f1_strong_t1|f2_strong_t2|f3_dup_a|f4_dup_b|f5_null|noise_0,111110001,6,-3.7245980679512014,0.0319904506327343,1.258008884307543,1.3235905993032566,-3.627655899357192,0.0969421685940106
15,f1_strong_t1|f2_strong_t2|f3_dup_a|f4_dup_b|f6_suppressor|f7_weak,111101100,6,-1.9090341397285464,0.033848552715248,3.073572812530199,3.261150304094533,-1.7209297468984697,0.1881043928300765
15,f1_strong_t1|f2_strong_t2|f3_dup_a|f4_dup_b|f6_suppressor|f8_bigcoef,111101010,6,-1.6995953177452088,0.0333081085458643,3.2830116345135365,3.4539815445005253,-1.5289811610190234,0.1706141567261854
15,f1_strong_t1|f2_strong_t2|f3_dup_a|f4_dup_b|f6_suppressor|noise_0,111101001,6,-2.0443764904022217,0.0338401815853281,2.938230461856524,3.1074079542205526,-1.8651087705614784,0.1792677198407433
15,f1_strong_t1|f2_strong_t2|f3_dup_a|f4_dup_b|f7_weak|f8_bigcoef,111100110,6,-3.311885510635376,0.0318098152055157,1.670721441623369,1.752921408822016,-3.2072424416003145,0.1046430690350614
15,f1_strong_t1|f2_strong_t2|f3_dup_a|f4_dup_b|f7_weak|noise_0,111100101,6,-3.584710863685608,0.0314122128781533,1.3978960885731375,1.477332949177237,-3.4834768756941825,0.1012339879914252
15,f1_strong_t1|f2_strong_t2|f3_dup_a|f4_dup_b|f8_bigcoef|noise_0,111100011,6,-3.3995409269332884,0.0313156468553679,1.583066025325457,1.6701641895832289,-3.291528289814737,0.1080126371185512
15,f1_strong_t1|f2_strong_t2|f3_dup_a|f5_null|f6_suppressor|f7_weak,111011100,6,-1.915380872631073,0.0323031170935966,3.067226079627672,3.2509530369233715,-1.7315571910075949,0.1838236816234781
15,f1_strong_t1|f2_strong_t2|f3_dup_a|f5_null|f6_suppressor|f8_bigcoef,111011010,6,-1.7254037307739258,0.0321171475500699,3.2572032214848194,3.443784277329364,-1.539608605128149,0.1857951256457768
15,f1_strong_t1|f2_strong_t2|f3_dup_a|f5_null|f6_suppressor|noise_0,111011001,6,-2.049670430469513,0.0322490311811178,2.9329365217892325,3.097210687049391,-1.875736214670604,0.1739342157989087
15,f1_strong_t1|f2_strong_t2|f3_dup_a|f5_null|f7_weak|f8_bigcoef,111010110,6,-3.3294682418823243,0.0305484716828664,1.653138710376421,1.742724141650854,-3.21786988570944,0.1115983561728843
15,f1_strong_t1|f2_strong_t2|f3_dup_a|f5_null|f7_weak|noise_0,111010101,6,-3.602860431098938,0.0299782216592561,1.3797465211598072,1.467135682006075,-3.4941043198033093,0.1087561112956287
15,f1_strong_t1|f2_strong_t2|f3_dup_a|f5_null|f8_bigcoef|noise_0,111010011,6,-3.41711005153656,0.0299894594531483,1.5654969007221853,1.6599669224120674,-3.302155733923863,0.114954317612697
15,f1_strong_t1|f2_strong_t2|f3_dup_a|f6_suppressor|f7_weak|f8_bigcoef,111001110,6,-1.6429702275276183,0.0324528888276065,3.339636724731127,3.52654149656815,-1.455322756913727,0.1876474706138913
15,f1_strong_t1|f2_strong_t2|f3_dup_a|f6_suppressor|f7_weak|noise_0,111001101,6,-1.927886544895172,0.0325406258008647,3.054720407363573,3.2509530369233715,-1.7315571910075949,0.1963293538875772
15,f1_strong_t1|f2_strong_t2|f3_dup_a|f6_suppressor|f8_bigcoef|noise_0,111001011,6,-1.7301698073387146,0.0319967124357715,3.2524371449200307,3.443784277329364,-1.539608605128149,0.1905612022105656
15,f1_strong_t1|f2_strong_t2|f3_dup_a|f7_weak|f8_bigcoef|noise_0,111000111,6,-3.3388103578567505,0.030190122443302,1.6437965944019948,1.742724141650854,-3.2178698857094394,0.120940472147311
15,f1_strong_t1|f2_strong_t2|f4_dup_b|f5_null|f6_suppressor|f7_weak,110111100,6,-1.92156389875412,0.0325566256867917,3.0610430535046254,3.2509530369233715,-1.7299130192484211,0.1916508795056988
15,f1_strong_t1|f2_strong_t2|f4_dup_b|f5_null|f6_suppressor|f8_bigcoef,110111010,6,-1.7268669949531554,0.0323472735264328,3.2557399573055896,3.443784277329364,-1.5379644333689753,0.1889025615841801
15,f1_strong_t1|f2_strong_t2|f4_dup_b|f5_null|f6_suppressor|noise_0,110111001,6,-2.0683190773010254,0.0325483898365239,2.91428787495772,3.097210687049391,-1.8740920429114305,0.1942270343895951
15,f1_strong_t1|f2_strong_t2|f4_dup_b|f5_null|f7_weak|f8_bigcoef,110110110,6,-3.33144684343338,0.0306001179300251,1.6511601088253651,1.742724141650854,-3.216225713950266,0.115221129483114
15,f1_strong_t1|f2_strong_t2|f4_dup_b|f5_null|f7_weak|noise_0,110110101,6,-3.607145198440552,0.0300123619213131,1.3754617538181937,1.467135682006075,-3.492460148044135,0.1146850503964165
15,f1_strong_t1|f2_strong_t2|f4_dup_b|f5_null|f8_bigcoef|noise_0,110110011,6,-3.4171042413711548,0.0299441271806269,1.5655027108875903,1.6599669224120674,-3.3005115621646897,0.1165926792064651
15,f1_strong_t1|f2_strong_t2|f4_dup_b|f6_suppressor|f7_weak|f8_bigcoef,110101110,6,-1.6463684783935546,0.0324328216840384,3.3362384738651905,3.52654149656815,-1.4536785851545533,0.1926898932390013
15,f1_strong_t1|f2_strong_t2|f4_dup_b|f6_suppressor|f7_weak|noise_0,110101101,6,-1.9372404124259948,0.0324105444227728,3.0453665398327505,3.2509530369233715,-1.7299130192484216,0.2073273931775732
15,f1_strong_t1|f2_strong_t2|f4_dup_b|f6_suppressor|f8_bigcoef|noise_0,110101011,6,-1.7407809247016908,0.0318467747988027,3.2418260275570545,3.443784277329364,-1.5379644333689753,0.2028164913327155
15,f1_strong_t1|f2_strong_t2|f4_dup_b|f7_weak|f8_bigcoef|noise_0,110100111,6,-3.3401469984054564,0.0300530628433676,1.642459953853289,1.742724141650854,-3.216225713950266,0.1239212844551902
15,f1_strong_t1|f2_strong_t2|f5_null|f6_suppressor|f7_weak|f8_bigcoef,110011110,6,-1.946425347137451,0.0347408303692433,3.0361816051212944,3.201048311700317,-1.765882390628082,0.180542956509369
15,f1_strong_t1|f2_strong_t2|f5_null|f6_suppressor|f7_weak|noise_0,110011101,6,-2.227329464817047,0.0343112561422945,2.755277487441698,2.9254598520555377,-2.0421168247219508,0.1852126400950964
15,f1_strong_t1|f2_strong_t2|f5_null|f6_suppressor|f8_bigcoef|noise_0,110011011,6,-2.025975438976288,0.0339745732588724,2.9566315132824577,3.11829109246153,-1.8501682388425047,0.1758072001337829
15,f1_strong_t1|f2_strong_t2|f5_null|f7_weak|f8_bigcoef|noise_0,110010111,6,-3.6411799147605897,0.0321616830411825,1.3414270374981556,1.4172309567830204,-3.528429519423795,0.1127503953367945
15,f1_strong_t1|f2_strong_t2|f6_suppressor|f7_weak|f8_bigcoef|noise_0,110001111,6,-1.948896083068848,0.0341625980879801,3.033710869189897,3.201048311700317,-1.765882390628082,0.1830136924407657
15,f1_strong_t1|f3_dup_a|f4_dup_b|f5_null|f6_suppressor|f7_weak,101111100,6,-2.7039420680999755,0.0333719575779887,2.2786648841587698,2.456431347877483,-2.543863855140388,0.1600782129595876
15,f1_strong_t1|f3_dup_a|f4_dup_b|f5_null|f6_suppressor|f8_bigcoef,101111010,6,-2.511297718334198,0.0332802091732535,2.4713092339245475,2.6492625882834755,-2.351915269260941,0.1593824490732562
15,f1_strong_t1|f3_dup_a|f4_dup_b|f5_null|f6_suppressor|noise_0,101111001,6,-2.8501523785591125,0.0335362847427592,2.1324545736996328,2.302688998003503,-2.688042878803397,0.1621094997557155
15,f1_strong_t1|f3_dup_a|f4_dup_b|f5_null|f7_weak|f8_bigcoef,101110110,6,-4.116711127376556,0.0317756947892264,0.8658958248821893,0.9482024526049658,-4.030176549842233,0.0865345775343229
15,f1_strong_t1|f3_dup_a|f4_dup_b|f5_null|f7_weak|noise_0,101110101,6,-4.38400721874237,0.0310525378270087,0.5985997335163749,0.6726139929601865,-4.306410983936101,0.0775962348062693
15,f1_strong_t1|f3_dup_a|f4_dup_b|f5_null|f8_bigcoef|noise_0,101110011,6,-4.207578654193878,0.0312274628233629,0.7750282980648668,0.8654452333661787,-4.114462398056656,0.0931162561372227
15,f1_strong_t1|f3_dup_a|f4_dup_b|f6_suppressor|f7_weak|f8_bigcoef,101101110,6,-2.4196329523086546,0.0333973604868829,2.5629739999500907,2.732019807522262,-2.267629421046519,0.1520035312621357
15,f1_strong_t1|f3_dup_a|f4_dup_b|f6_suppressor|f7_weak|noise_0,101101101,6,-2.7185614977836607,0.033385451380756,2.2640454544750845,2.456431347877483,-2.543863855140388,0.1746976426432729
15,f1_strong_t1|f3_dup_a|f4_dup_b|f6_suppressor|f8_bigcoef|noise_0,101101011,6,-2.5110073340415955,0.0330179286558817,2.47159961821715,2.6492625882834755,-2.351915269260941,0.1590920647806539
15,f1_strong_t1|f3_dup_a|f4_dup_b|f7_weak|f8_bigcoef|noise_0,101100111,6,-4.117929401874542,0.0312514865002805,0.8646775503842035,0.9482024526049658,-4.030176549842233,0.0877528520323087
15,f1_strong_t1|f3_dup_a|f5_null|f6_suppressor|f7_weak|f8_bigcoef,101011110,6,-2.448412731361389,0.0322765187477017,2.534194220897356,2.7218225403511003,-2.278256865155645,0.1701558662057438
15,f1_strong_t1|f3_dup_a|f5_null|f6_suppressor|f7_weak|noise_0,101011101,6,-2.728350509738922,0.0318773398836265,2.254256442519824,2.446234080706321,-2.554491299249513,0.1738592104894087
15,f1_strong_t1|f3_dup_a|f5_null|f6_suppressor|f8_bigcoef|noise_0,101011011,6,-2.532273625278473,0.0315759910926263,2.4503333269802723,2.639065321112313,-2.362542713370068,0.1697309119084051
15,f1_strong_t1|f3_dup_a|f5_null|f7_weak|f8_bigcoef|noise_0,101010111,6,-4.138959773349762,0.0299832464450011,0.8436471789089834,0.938005185433804,-4.040803993951359,0.0981557793984029
15,f1_strong_t1|f3_dup_a|f6_suppressor|f7_weak|f8_bigcoef|noise_0,101001111,6,-2.4538249931335447,0.0320406641995543,2.5287819591252005,2.7218225403511003,-2.278256865155645,0.1755681279778995
15,f1_strong_t1|f4_dup_b|f5_null|f6_suppressor|f7_weak|f8_bigcoef,100111110,6,-2.459086690711976,0.0323488115543622,2.52352026154677,2.7218225403511003,-2.2766126933964714,0.1824739973155038
15,f1_strong_t1|f4_dup_b|f5_null|f6_suppressor|f7_weak|noise_0,100111101,6,-2.754174400424957,0.0322849787851495,2.228432551833788,2.446234080706321,-2.55284712749034,0.2013272729346171
15,f1_strong_t1|f4_dup_b|f5_null|f6_suppressor|f8_bigcoef|noise_0,100111011,6,-2.554754998970032,0.0319542551189511,2.4278519532887137,2.639065321112313,-2.3608985416108945,0.193856457359137
15,f1_strong_t1|f4_dup_b|f5_null|f7_weak|f8_bigcoef|noise_0,100110111,6,-4.139028657817841,0.0300750893872998,0.8435782944409045,0.938005185433804,-4.039159822192186,0.0998688356256547
15,f1_strong_t1|f4_dup_b|f6_suppressor|f7_weak|f8_bigcoef|noise_0,100101111,6,-2.465977643299103,0.0319621385227229,2.5166293089596423,2.7218225403511003,-2.2766126933964714,0.1893649499026315
15,f1_strong_t1|f5_null|f6_suppressor|f7_weak|f8_bigcoef|noise_0,100011111,6,-2.7645300006866456,0.0340001316753421,2.2180769515721,2.3963293554832665,-2.588816498870001,0.1757135018166447
15,f2_strong_t2|f3_dup_a|f4_dup_b|f5_null|f6_suppressor|f7_weak,11111100,6,-3.762141226863861,0.0318244894712434,1.220465725394884,1.2941517581300257,-3.660209718092013,0.1019315087718482
15,f2_strong_t2|f3_dup_a|f4_dup_b|f5_null|f6_suppressor|f8_bigcoef,11111010,6,-3.5743548334121704,0.0320023056159446,1.4082521188465749,1.486982998536018,-3.468261132212568,0.1060937011996028
15,f2_strong_t2|f3_dup_a|f4_dup_b|f5_null|f6_suppressor|noise_0,11111001,6,-3.901549334144592,0.0319234052139702,1.0810576181141531,1.1404094082560454,-3.804388741755023,0.0971605923895695
15,f2_strong_t2|f3_dup_a|f4_dup_b|f5_null|f7_weak|f8_bigcoef,11110110,6,-3.4792944439888,0.0316561194052241,1.5033125082699454,1.5697402177748048,-3.3839752839981445,0.0953191599906553
15,f2_strong_t2|f3_dup_a|f4_dup_b|f5_null|f7_weak|noise_0,11110101,6,-3.757454322719574,0.0311323933235079,1.2251526295391717,1.2941517581300257,-3.660209718092013,0.0972446046275608
15,f2_strong_t2|f3_dup_a|f4_dup_b|f5_null|f8_bigcoef|noise_0,11110011,6,-3.571582759284973,0.0313924200505821,1.4110241929737724,1.486982998536018,-3.468261132212568,0.1033216270724053
15,f2_strong_t2|f3_dup_a|f4_dup_b|f6_suppressor|f7_weak|f8_bigcoef,11101110,6,-3.4902662435531617,0.0320638600411721,1.4923407087055836,1.5697402177748048,-3.3839752839981445,0.1062909595550172
15,f2_strong_t2|f3_dup_a|f4_dup_b|f6_suppressor|f7_weak|noise_0,11101101,6,-3.7641689811706542,0.031525729713178,1.218437971088091,1.2941517581300257,-3.660209718092013,0.1039592630786412
15,f2_strong_t2|f3_dup_a|f4_dup_b|f6_suppressor|f8_bigcoef|noise_0,11101011,6,-3.578977481079101,0.0314827930538269,1.4036294711796438,1.486982998536018,-3.468261132212568,0.1107163488665339
15,f2_strong_t2|f3_dup_a|f4_dup_b|f7_weak|f8_bigcoef|noise_0,11100111,6,-3.4846759002685546,0.0314117066481431,1.4979310519901907,1.5697402177748048,-3.3839752839981445,0.10070061627041
15,f2_strong_t2|f3_dup_a|f5_null|f6_suppressor|f7_weak|f8_bigcoef,11011110,6,-3.500923260593414,0.0306215803313252,1.481683691665331,1.5595429506036431,-3.394602728107272,0.1063205324861429
15,f2_strong_t2|f3_dup_a|f5_null|f6_suppressor|f7_weak|noise_0,11011101,6,-3.773353302955627,0.0298851886062813,1.209253649303118,1.2839544909588645,-3.6708371622011393,0.1025161407544881
15,f2_strong_t2|f3_dup_a|f5_null|f6_suppressor|f8_bigcoef|noise_0,11011011,6,-3.589634600162506,0.0300154335403284,1.3929723520962392,1.4767857313648562,-3.478888576321694,0.1107460238408122
15,f2_strong_t2|f3_dup_a|f5_null|f7_weak|f8_bigcoef|noise_0,11010111,6,-3.5066945417404174,0.0302568137421961,1.475912410518328,1.5595429506036431,-3.394602728107272,0.1120918136331461
15,f2_strong_t2|f3_dup_a|f6_suppressor|f7_weak|f8_bigcoef|noise_0,11001111,6,-3.5089889120101927,0.0303717361211918,1.4736180402485526,1.5595429506036431,-3.394602728107272,0.1143861839029214
15,f2_strong_t2|f4_dup_b|f5_null|f6_suppressor|f7_weak|f8_bigcoef,10111110,6,-3.50440153799057,0.0307520803482759,1.4782054142681753,1.5595429506036431,-3.392958556348098,0.111442981642472
15,f2_strong_t2|f4_dup_b|f5_null|f6_suppressor|f7_weak|noise_0,10111101,6,-3.7783341661453247,0.0300939623483348,1.2042727861134206,1.2839544909588645,-3.669192990441967,0.1091411757033578
15,f2_strong_t2|f4_dup_b|f5_null|f6_suppressor|f8_bigcoef|noise_0,10111011,6,-3.594552735233307,0.0301826950303727,1.3880542170254384,1.4767857313648562,-3.4772444045625206,0.1173083306707862
15,f2_strong_t2|f4_dup_b|f5_null|f7_weak|f8_bigcoef|noise_0,10110111,6,-3.509806489658356,0.0302441900584297,1.4728004626003894,1.5595429506036431,-3.392958556348098,0.1168479333102578
15,f2_strong_t2|f4_dup_b|f6_suppressor|f7_weak|f8_bigcoef|noise_0,10101111,6,-3.511912065124512,0.030257884023285,1.4706948871342336,1.5595429506036431,-3.392958556348098,0.1189535087764137
15,f2_strong_t2|f5_null|f6_suppressor|f7_weak|f8_bigcoef|noise_0,10011111,6,-3.79397025976181,0.0321058300715418,1.1886366924969352,1.2340497657358096,-3.705162361821627,0.0888078979401831
15,f3_dup_a|f4_dup_b|f5_null|f6_suppressor|f7_weak|f8_bigcoef,1111110,6,-4.296171953201294,0.0318365345546058,0.6864349990574512,0.7650212615577549,-4.206909392240064,0.08926256096123
15,f3_dup_a|f4_dup_b|f5_null|f6_suppressor|f7_weak|noise_0,1111101,6,-4.5648306750297545,0.0312035282400191,0.4177762772289908,0.4894328019129755,-4.483143826333933,0.0816868486958215
15,f3_dup_a|f4_dup_b|f5_null|f6_suppressor|f8_bigcoef|noise_0,1111011,6,-4.384126799964905,0.0312365768608079,0.5984801522938401,0.682264042318968,-4.291195240454487,0.0929315595104185
15,f3_dup_a|f4_dup_b|f5_null|f7_weak|f8_bigcoef|noise_0,1110111,6,-4.295078486537934,0.031210863343762,0.6875284657208116,0.7650212615577549,-4.206909392240064,0.0881690942978696
15,f3_dup_a|f4_dup_b|f6_suppressor|f7_weak|f8_bigcoef|noise_0,1101111,6,-4.297140262126923,0.0314397991890705,0.6854666901318227,0.7650212615577549,-4.206909392240064,0.0902308698868585
15,f3_dup_a|f5_null|f6_suppressor|f7_weak|f8_bigcoef|noise_0,1011111,6,-4.30996313123703,0.0300397640412618,0.6726438210217154,0.7548239943865932,-4.21753683634919,0.09242629488784
15,f4_dup_b|f5_null|f6_suppressor|f7_weak|f8_bigcoef|noise_0,111111,6,-4.313008902454376,0.030126089998878,0.6695980498043692,0.7548239943865932,-4.215892664590016,0.0971162378643599
15,f1_strong_t1|f2_strong_t2|f3_dup_a|f4_dup_b|f5_null|f6_suppressor|f7_weak,111111100,7,-1.9080017580986024,0.0340592829705355,3.074605194160143,3.261150304094533,-1.7209297468984697,0.1870720112001327
15,f1_strong_t1|f2_strong_t2|f3_dup_a|f4_dup_b|f5_null|f6_suppressor|f8_bigcoef,111111010,7,-1.7063000331878662,0.0339568879558306,3.276306919070879,3.4539815445005253,-1.5289811610190234,0.1773188721688428
15,f1_strong_t1|f2_strong_t2|f3_dup_a|f4_dup_b|f5_null|f6_suppressor|noise_0,111111001,7,-2.0443244536399843,0.0342241632939636,2.938282498618761,3.1074079542205526,-1.8651087705614784,0.1792156830785058
15,f1_strong_t1|f2_strong_t2|f3_dup_a|f4_dup_b|f5_null|f7_weak|f8_bigcoef,111110110,7,-3.3179801703453062,0.0323613611258441,1.664626781913439,1.752921408822016,-3.2072424416003145,0.1107377287449917
15,f1_strong_t1|f2_strong_t2|f3_dup_a|f4_dup_b|f5_null|f7_weak|noise_0,111110101,7,-3.591473315525055,0.0318691518227615,1.3911336367336902,1.477332949177237,-3.4834768756941825,0.1079964398308725
15,f1_strong_t1|f2_strong_t2|f3_dup_a|f4_dup_b|f5_null|f8_bigcoef|noise_0,111110011,7,-3.405030565738678,0.0318466203770707,1.5775763865200672,1.6701641895832289,-3.291528289814737,0.113502275923941
15,f1_strong_t1|f2_strong_t2|f3_dup_a|f4_dup_b|f6_suppressor|f7_weak|f8_bigcoef,111101110,7,-1.6209647117614747,0.0338619395597167,3.361642240497271,3.5367387637393115,-1.4446953128046012,0.1762693989568735
15,f1_strong_t1|f2_strong_t2|f3_dup_a|f4_dup_b|f6_suppressor|f7_weak|noise_0,111101101,7,-1.914984625339508,0.0339960195719364,3.067622326919237,3.261150304094533,-1.7209297468984697,0.1940548784410383
15,f1_strong_t1|f2_strong_t2|f3_dup_a|f4_dup_b|f6_suppressor|f8_bigcoef|noise_0,111101011,7,-1.7143287780761718,0.0335398548703243,3.2682781741825737,3.4539815445005253,-1.5289811610190234,0.1853476170571484
15,f1_strong_t1|f2_strong_t2|f3_dup_a|f4_dup_b|f7_weak|f8_bigcoef|noise_0,111100111,7,-3.322178420448304,0.0318951322154166,1.660428531810442,1.752921408822016,-3.2072424416003145,0.1149359788479889
15,f1_strong_t1|f2_strong_t2|f3_dup_a|f5_null|f6_suppressor|f7_weak|f8_bigcoef,111011110,7,-1.6467137391090394,0.032733479491687,3.335893213149706,3.52654149656815,-1.4553227569137268,0.1913909821953126
15,f1_strong_t1|f2_strong_t2|f3_dup_a|f5_null|f6_suppressor|f7_weak|noise_0,111011101,7,-1.9260151905059808,0.0325024459649254,3.056591761752764,3.2509530369233715,-1.7315571910075949,0.1944579994983866
15,f1_strong_t1|f2_strong_t2|f3_dup_a|f5_null|f6_suppressor|f8_bigcoef|noise_0,111011011,7,-1.7328497074127198,0.0323562553504966,3.249757244846025,3.443784277329364,-1.539608605128149,0.1932411022845708
15,f1_strong_t1|f2_strong_t2|f3_dup_a|f5_null|f7_weak|f8_bigcoef|noise_0,111010111,7,-3.341771611976624,0.0307224482810464,1.6408353402821216,1.742724141650854,-3.21786988570944,0.1239017262671837
15,f1_strong_t1|f2_strong_t2|f3_dup_a|f6_suppressor|f7_weak|f8_bigcoef|noise_0,111001111,7,-1.6561955080986024,0.0326651813626024,3.3264114441601427,3.52654149656815,-1.455322756913727,0.2008727511848753
15,f1_strong_t1|f2_strong_t2|f4_dup_b|f5_null|f6_suppressor|f7_weak|f8_bigcoef,110111110,7,-1.6550669722557068,0.0328286661671415,3.3275399800030385,3.52654149656815,-1.4536785851545533,0.2013883871011534
15,f1_strong_t1|f2_strong_t2|f4_dup_b|f5_null|f6_suppressor|f7_weak|noise_0,110111101,7,-1.946875261116028,0.0327887383683714,3.035731691142717,3.2509530369233715,-1.7299130192484211,0.2169622418676067
15,f1_strong_t1|f2_strong_t2|f4_dup_b|f5_null|f6_suppressor|f8_bigcoef|noise_0,110111011,7,-1.7458440346717834,0.0324555000385312,3.2367629175869617,3.443784277329364,-1.5379644333689753,0.2078796013028081
15,f1_strong_t1|f2_strong_t2|f4_dup_b|f5_null|f7_weak|f8_bigcoef|noise_0,110110111,7,-3.344342298603058,0.0306404170823097,1.6382646536556873,1.742724141650854,-3.216225713950266,0.1281165846527918
15,f1_strong_t1|f2_strong_t2|f4_dup_b|f6_suppressor|f7_weak|f8_bigcoef|noise_0,110101111,7,-1.6657112099647522,0.0324391935083004,3.316895742293993,3.52654149656815,-1.4536785851545533,0.2120326248101989
15,f1_strong_t1|f2_strong_t2|f5_null|f6_suppressor|f7_weak|f8_bigcoef|noise_0,110011111,7,-1.9606459921836847,0.0348456274110586,3.02196096007506,3.201048311700317,-1.765882390628082,0.1947636015556033
15,f1_strong_t1|f3_dup_a|f4_dup_b|f5_null|f6_suppressor|f7_weak|f8_bigcoef,101111110,7,-2.432027374649048,0.0338454107397899,2.5505795776096973,2.732019807522262,-2.267629421046519,0.164397953602529
15,f1_strong_t1|f3_dup_a|f4_dup_b|f5_null|f6_suppressor|f7_weak|noise_0,101111101,7,-2.724238829421997,0.0337524506896303,2.2583681228367483,2.456431347877483,-2.543863855140388,0.1803749742816092
15,f1_strong_t1|f3_dup_a|f4_dup_b|f5_null|f6_suppressor|f8_bigcoef|noise_0,101111011,7,-2.522334195613861,0.0335350792130067,2.4602727566448843,2.6492625882834755,-2.351915269260941,0.1704189263529194
15,f1_strong_t1|f3_dup_a|f4_dup_b|f5_null|f7_weak|f8_bigcoef|noise_0,101110111,7,-4.1272480338096615,0.0318454489046148,0.8553589184490837,0.9482024526049658,-4.030176549842233,0.0970714839674284
15,f1_strong_t1|f3_dup_a|f4_dup_b|f6_suppressor|f7_weak|f8_bigcoef|noise_0,101101111,7,-2.43306768579483,0.033455639328356,2.549539266463915,2.732019807522262,-2.267629421046519,0.1654382647483112
15,f1_strong_t1|f3_dup_a|f5_null|f6_suppressor|f7_weak|f8_bigcoef|noise_0,101011111,7,-2.457928868198395,0.0324559203529945,2.5246780840603504,2.7218225403511003,-2.278256865155645,0.1796720030427496
15,f1_strong_t1|f4_dup_b|f5_null|f6_suppressor|f7_weak|f8_bigcoef|noise_0,100111111,7,-2.4845671180725097,0.0325557215673132,2.4980398341862355,2.7218225403511003,-2.2766126933964714,0.2079544246760383
15,f2_strong_t2|f3_dup_a|f4_dup_b|f5_null|f6_suppressor|f7_weak|f8_bigcoef,11111110,7,-3.496382781410217,0.0325427381187044,1.4862241708485282,1.5697402177748048,-3.3839752839981445,0.1124074974120725
15,f2_strong_t2|f3_dup_a|f4_dup_b|f5_null|f6_suppressor|f7_weak|noise_0,11111101,7,-3.77092633638382,0.0318869810465359,1.2116806158749256,1.2941517581300257,-3.660209718092013,0.1107166182918066
15,f2_strong_t2|f3_dup_a|f4_dup_b|f5_null|f6_suppressor|f8_bigcoef|noise_0,11111011,7,-3.585532527351379,0.0320637360889916,1.397074424907366,1.486982998536018,-3.468261132212568,0.1172713951388115
15,f2_strong_t2|f3_dup_a|f4_dup_b|f5_null|f7_weak|f8_bigcoef|noise_0,11110111,7,-3.4932628573417666,0.0319342636999734,1.4893440949169787,1.5697402177748048,-3.3839752839981445,0.109287573343622
15,f2_strong_t2|f3_dup_a|f4_dup_b|f6_suppressor|f7_weak|f8_bigcoef|noise_0,11101111,7,-3.4991468238830565,0.0321014935393012,1.4834601283756887,1.5697402177748048,-3.3839752839981445,0.115171539884912
15,f2_strong_t2|f3_dup_a|f5_null|f6_suppressor|f7_weak|f8_bigcoef|noise_0,11011111,7,-3.510370675754547,0.0307594265321121,1.4722362765041983,1.5595429506036431,-3.394602728107272,0.1157679476472757
15,f2_strong_t2|f4_dup_b|f5_null|f6_suppressor|f7_weak|f8_bigcoef|noise_0,10111111,7,-3.513839968109131,0.0307806967933784,1.4687669841496145,1.5595429506036431,-3.392958556348098,0.120881411761033
15,f3_dup_a|f4_dup_b|f5_null|f6_suppressor|f7_weak|f8_bigcoef|noise_0,1111111,7,-4.305330109596253,0.0319343082040669,0.6772768426624927,0.7650212615577549,-4.206909392240064,0.0984207173561886
15,f1_strong_t1|f2_strong_t2|f3_dup_a|f4_dup_b|f5_null|f6_suppressor|f7_weak|f8_bigcoef,111111110,8,-1.6258071203231812,0.0342975423022061,3.356799831935564,3.5367387637393115,-1.4446953128046012,0.18111180751858
15,f1_strong_t1|f2_strong_t2|f3_dup_a|f4_dup_b|f5_null|f6_suppressor|f7_weak|noise_0,111111101,8,-1.918927324104309,0.0343847610654671,3.0636796281544365,3.261150304094533,-1.7209297468984697,0.1979975772058393
15,f1_strong_t1|f2_strong_t2|f3_dup_a|f4_dup_b|f5_null|f6_suppressor|f8_bigcoef|noise_0,111111011,8,-1.7201733710289002,0.0341850312730586,3.2624335812298453,3.4539815445005253,-1.5289811610190234,0.1911922100098768
15,f1_strong_t1|f2_strong_t2|f3_dup_a|f4_dup_b|f5_null|f7_weak|f8_bigcoef|noise_0,111110111,8,-3.329957528972625,0.0325000731127174,1.6526494232861195,1.752921408822016,-3.2072424416003145,0.122715087372311
15,f1_strong_t1|f2_strong_t2|f3_dup_a|f4_dup_b|f6_suppressor|f7_weak|f8_bigcoef|noise_0,111101111,8,-1.6334647847175598,0.0339987758648369,3.349142167541185,3.5367387637393115,-1.4446953128046012,0.1887694719129586
15,f1_strong_t1|f2_strong_t2|f3_dup_a|f5_null|f6_suppressor|f7_weak|f8_bigcoef|noise_0,111011111,8,-1.6580473308563233,0.0330631041323785,3.324559621402422,3.52654149656815,-1.4553227569137268,0.2027245739425964
15,f1_strong_t1|f2_strong_t2|f4_dup_b|f5_null|f6_suppressor|f7_weak|f8_bigcoef|noise_0,110111111,8,-1.6739401268005372,0.0330963208237342,3.308666825458208,3.52654149656815,-1.4536785851545533,0.2202615416459838
15,f1_strong_t1|f3_dup_a|f4_dup_b|f5_null|f6_suppressor|f7_weak|f8_bigcoef|noise_0,101111111,8,-2.446110591125488,0.0340876392458359,2.536496361133257,2.732019807522262,-2.267629421046519,0.1784811700789692
15,f2_strong_t2|f3_dup_a|f4_dup_b|f5_null|f6_suppressor|f7_weak|f8_bigcoef|noise_0,11111111,8,-3.5049144035339355,0.0326047221380605,1.4776925487248098,1.5697402177748048,-3.3839752839981445,0.1209391195357909
15,f1_strong_t1|f2_strong_t2|f3_dup_a|f4_dup_b|f5_null|f6_suppressor|f7_weak|f8_bigcoef|noise_0,111111111,9,-1.637159091091156,0.0345593470052446,3.3454478611675893,3.5367387637393115,-1.4446953128046012,0.1924637782865548
50,none,0,0,-4.971175225257873,0.029122421578742,0.0114317270008719,0.0,-4.948509927820423,0.0226652974374506
50,f1_strong_t1,100000000,1,-4.8192201444625855,0.0295431786506752,0.1633868077961597,0.1831811910472108,-4.771777085422592,0.0474430590399936
50,f2_strong_t2,10000000,1,-4.173840582990646,0.0304422343384275,0.8087663692680991,0.8047189562170504,-4.125575819578504,0.048264763412142
50,f3_dup_a,1000000,1,-4.69170047082901,0.0281882293336618,0.2909064814297348,0.3254931848678336,-4.637950294106068,0.0537501767229429
50,f4_dup_b,100000,1,-4.695685166549683,0.0281372715615097,0.2869217857090627,0.3254931848678336,-4.636306122346894,0.0593790442027888
50,f5_null,10000,1,-4.986445381832123,0.0291565991665211,-0.0038384295733777,0.0,-4.948509927820423,0.0379354540117002
50,f6_suppressor,1000,1,-4.981270372867584,0.0294267595350436,0.001336579391161,0.0,-4.948509927820423,0.0327604450471614
50,f7_weak,100,1,-4.843861037349701,0.0290769007214779,0.1387459149090446,0.1537423498739802,-4.804330904157414,0.0395301331922866
50,f8_bigcoef,10,1,-4.649563688087463,0.0288401158349264,0.3330432641712821,0.3465735902799726,-4.612382318277969,0.0371813698094944
50,noise_0,1,1,-4.9814214551925655,0.0292276102180701,0.0011854970661797,0.0,-4.948509927820423,0.0329115273721427
50,f1_strong_t1|f2_strong_t2,110000000,2,-4.017958079338074,0.0303742518366564,0.9646488729206713,0.9879001472642612,-3.948842977180674,0.0691151021573999
50,f1_strong_t1|f3_dup_a,101000000,2,-4.534741546630859,0.0287369774762221,0.4478654056278861,0.5086743759150446,-4.4612174517082375,0.0735240949226216
50,f1_strong_t1|f4_dup_b,100100000,2,-4.541718355941772,0.0288025198578264,0.4408885963169728,0.5086743759150446,-4.459573279949064,0.0821450759927087
50,f1_strong_t1|f5_null,100010000,2,-4.833312536048889,0.0294813411313681,0.1492944162098561,0.1831811910472108,-4.771777085422592,0.0615354506262972
50,f1_strong_t1|f6_suppressor,100001000,2,-3.150429755115509,0.0304495850584473,1.832177197143236,1.9669985459645072,-3.009229956626878,0.141199798488631
50,f1_strong_t1|f7_weak,100000100,2,-4.683305574607849,0.0298152677310596,0.2993013776508961,0.3369235409211911,-4.627598061759583,0.055707512848266
50,f1_strong_t1|f8_bigcoef,100000010,2,-4.503832844448089,0.0291683891810939,0.478774107810656,0.5297547813271836,-4.435649475880138,0.0681833685679516
50,f1_strong_t1|noise_0,100000001,2,-4.829138516902924,0.0297574607067155,0.1534684353558217,0.1831811910472108,-4.771777085422592,0.0573614314803316
50,f2_strong_t2|f3_dup_a,11000000,2,-3.890874204015732,0.0291254466516202,1.0917327482430133,1.130212141084884,-3.815016185864149,0.0758580181515835
50,f2_strong_t2|f4_dup_b,10100000,2,-3.896661752319336,0.0291226257392629,1.0859451999394092,1.130212141084884,-3.813372014104975,0.0832897382143609
50,f2_strong_t2|f5_null,10010000,2,-4.188916841840744,0.0303592059591719,0.7936901104180016,0.8047189562170504,-4.125575819578504,0.0633410222622394
50,f2_strong_t2|f6_suppressor,10001000,2,-4.184567839288712,0.0308484862567879,0.7980391129700335,0.8047189562170504,-4.125575819578504,0.0589920197102076
50,f2_strong_t2|f7_weak,10000100,2,-4.041481034851074,0.0298961888207854,0.9411259174076712,0.9584613060910306,-3.981396795915495,0.0600842389355791
50,f2_strong_t2|f8_bigcoef,10000010,2,-3.8495924932003023,0.0296455233818052,1.133014459058443,1.151292546497023,-3.7894482100360496,0.0601442831642526
50,f2_strong_t2|noise_0,10000001,2,-4.185126550006866,0.0308431256172718,0.7974804022518791,0.8047189562170504,-4.125575819578504,0.059550730428362
50,f3_dup_a|f4_dup_b,1100000,2,-4.690648675441742,0.0299870028731203,0.2919582768170032,0.3356904520389953,-4.627322849996943,0.0633258254447994
50,f3_dup_a|f5_null,1010000,2,-4.705425617694854,0.0282383407143213,0.2771813345638909,0.3254931848678336,-4.637950294106068,0.0674753235887868
50,f3_dup_a|f6_suppressor,1001000,2,-4.703342639827729,0.0285553405164904,0.2792643124310165,0.3254931848678336,-4.637950294106068,0.0653923457216612
50,f3_dup_a|f7_weak,1000100,2,-4.562252250957489,0.0281246955241272,0.4203547013012558,0.4792355347418139,-4.493771270443058,0.0684809805144315
50,f3_dup_a|f8_bigcoef,1000010,2,-4.368751112270355,0.0277392303950333,0.61385583998839,0.6720667751478063,-4.3018226845636125,0.0669284277067427
50,f3_dup_a|noise_0,1000001,2,-4.704279602718353,0.0282999205674682,0.2783273495403922,0.3254931848678336,-4.637950294106068,0.0663293086122855
50,f4_dup_b|f5_null,110000,2,-4.707325714015961,0.0283553854368786,0.2752812382427843,0.3254931848678336,-4.636306122346894,0.0710195916690672
50,f4_dup_b|f6_suppressor,101000,2,-4.7042650758743285,0.0287438416704506,0.2783418763844167,0.3254931848678336,-4.636306122346894,0.0679589535274347
50,f4_dup_b|f7_weak,100100,2,-4.562878826904297,0.0279799521299179,0.4197281253544487,0.4792355347418139,-4.492127098683885,0.0707517282204115
50,f4_dup_b|f8_bigcoef,100010,2,-4.378487636327743,0.0278696678671314,0.6041193159310021,0.6720667751478063,-4.300178512804439,0.0783091235233044
50,f4_dup_b|noise_0,100001,2,-4.707037954711914,0.028236598801504,0.2755689975468316,0.3254931848678336,-4.636306122346894,0.0707318323650199
50,f5_null|f6_suppressor,11000,2,-4.994277844810486,0.0296361320914535,-0.0116708925517405,0.0,-4.948509927820423,0.0457679169900631
50,f5_null|f7_weak,10100,2,-4.859813062381744,0.0292910583767962,0.1227938898770011,0.1537423498739802,-4.804330904157414,0.0554821582243301
50,f5_null|f8_bigcoef,10010,2,-4.664715600395203,0.0291491046165737,0.3178913518635422,0.3465735902799726,-4.612382318277969,0.0523332821172344
50,f5_null|noise_0,10001,2,-4.9975500945091245,0.029502718753716,-0.0149431422503791,0.0,-4.948509927820423,0.0490401666887017
50,f6_suppressor|f7_weak,1100,2,-4.846420183753967,0.0294488367100347,0.1361867685047784,0.1537423498739802,-4.804330904157414,0.0420892795965528
50,f6_suppressor|f8_bigcoef,1010,2,-4.653678960037231,0.0290639040224064,0.328927992221514,0.3465735902799726,-4.612382318277969,0.0412966417592626
50,f6_suppressor|noise_0,1001,2,-4.991494087028504,0.0295950205671766,-0.0088871347697585,0.0,-4.948509927820423,0.042984159208081
50,f7_weak|f8_bigcoef,110,2,-4.579896907711029,0.0297382509016477,0.4027100445477165,0.4293308095187594,-4.528096470063545,0.0518004376474836
50,f7_weak|noise_0,101,2,-4.848695925426483,0.0291938302747591,0.133911026832262,0.1537423498739802,-4.804330904157414,0.0443650212690691
50,f8_bigcoef|noise_0,11,2,-4.656986884880066,0.0288654984144377,0.3256200673786793,0.3465735902799726,-4.612382318277969,0.0446045666020973
50,f1_strong_t1|f2_strong_t2|f3_dup_a,111000000,3,-3.732213085460663,0.0290790927849043,1.2503938667980825,1.3133933321320947,-3.6382833434663175,0.0939297419943452
50,f1_strong_t1|f2_strong_t2|f4_dup_b,110100000,3,-3.741749743509293,0.0293271046751507,1.2408572087494525,1.3133933321320947,-3.636639171707144,0.1051105718021485
50,f1_strong_t1|f2_strong_t2|f5_null,110010000,3,-4.034708722114563,0.0302199602395931,0.9478982301441824,0.9879001472642612,-3.948842977180674,0.0858657449338888
50,f1_strong_t1|f2_strong_t2|f6_suppressor,110001000,3,-2.348842917442322,0.0316534723824281,2.633764034816424,2.771717502181557,-2.1862958483849595,0.1625470690573625
50,f1_strong_t1|f2_strong_t2|f7_weak,110000100,3,-3.881041979408264,0.03006727850413,1.1015649728504813,1.1416424971382413,-3.804663953517664,0.0763780258905999
50,f1_strong_t1|f2_strong_t2|f8_bigcoef,110000010,3,-3.698248886346817,0.0296350615560351,1.2843580659119285,1.3344737375442337,-3.6127153676382178,0.085533518708599
50,f1_strong_t1|f2_strong_t2|noise_0,110000001,3,-4.026400435972214,0.0308238686710624,0.9562065162865316,0.9879001472642612,-3.948842977180674,0.0775574587915395
50,f1_strong_t1|f3_dup_a|f4_dup_b,101100000,3,-4.538654645252228,0.0307129187750213,0.4439523070065174,0.5188716430862063,-4.45059000759911,0.088064637653118
50,f1_strong_t1|f3_dup_a|f5_null,101010000,3,-4.546992467975617,0.0287002016104646,0.4356144842831284,0.5086743759150446,-4.4612174517082375,0.0857750162673793
50,f1_strong_t1|f3_dup_a|f6_suppressor,101001000,3,-2.8693317317962648,0.0296489727100313,2.1132752204624805,2.292491730832341,-2.6986703229125224,0.1706614088837423
50,f1_strong_t1|f3_dup_a|f7_weak,101000100,3,-4.396449106693268,0.0287603031802051,0.5861578455654772,0.6624167257890249,-4.317038428045227,0.079410678648041
50,f1_strong_t1|f3_dup_a|f8_bigcoef,101000010,3,-4.216255008792877,0.0282929285198292,0.7663519434658683,0.8552479661950173,-4.125089842165781,0.0911651666270962
50,f1_strong_t1|f3_dup_a|noise_0,101000001,3,-4.545719248199463,0.0289025881392955,0.4368877040592824,0.5086743759150446,-4.4612174517082375,0.0845017964912253
50,f1_strong_t1|f4_dup_b|f5_null,100110000,3,-4.552953515625,0.0288151562882509,0.4296534366337452,0.5086743759150446,-4.459573279949064,0.0933802356759363
50,f1_strong_t1|f4_dup_b|f6_suppressor,100101000,3,-2.8792945968627928,0.0299774260756531,2.1033123553959525,2.292491730832341,-2.697026151153349,0.1822684457094436
50,f1_strong_t1|f4_dup_b|f7_weak,100100100,3,-4.40237842245102,0.0287012791612992,0.5802285298077257,0.6624167257890249,-4.315394256286054,0.0869841661649655
50,f1_strong_t1|f4_dup_b|f8_bigcoef,100100010,3,-4.224240503501892,0.0281890565124656,0.7583664487568536,0.8552479661950173,-4.123445670406608,0.1007948330952839
50,f1_strong_t1|f4_dup_b|noise_0,100100001,3,-4.551462341880798,0.0288067845769446,0.431144610377947,0.5086743759150446,-4.459573279949064,0.0918890619317345
50,f1_strong_t1|f5_null|f6_suppressor,100011000,3,-3.1612530103683474,0.0304635924051007,1.821353941890398,1.9669985459645072,-3.009229956626878,0.1520230537414693
50,f1_strong_t1|f5_null|f7_weak,100010100,3,-4.6972724467277525,0.0297651618161018,0.2853345055309928,0.3369235409211911,-4.627598061759583,0.0696743849681693
50,f1_strong_t1|f5_null|f8_bigcoef,100010010,3,-4.51917825050354,0.0294051433946515,0.4634287017552054,0.5297547813271836,-4.435649475880138,0.0835287746234021
50,f1_strong_t1|f5_null|noise_0,100010001,3,-4.841627620029449,0.0297726259426168,0.1409793322292962,0.1831811910472108,-4.771777085422592,0.0698505346068572
50,f1_strong_t1|f6_suppressor|f7_weak,100001100,3,-3.027059217453003,0.0306537480524481,1.9555477348057424,2.1207408958384875,-2.865050932963869,0.1620082844891341
50,f1_strong_t1|f6_suppressor|f8_bigcoef,100001010,3,-2.8270199993133547,0.0304439158559792,2.1555869529453906,2.3135721362444794,-2.6731023470844235,0.1539176522289311
50,f1_strong_t1|f6_suppressor|noise_0,100001001,3,-3.1529820653915404,0.0310892890947174,1.829624886867205,1.9669985459645072,-3.009229956626878,0.1437521087646622
50,f1_strong_t1|f7_weak|f8_bigcoef,100000110,3,-4.4245247227668765,0.0303528969075443,0.5580822294918688,0.6125120005659704,-4.351363627665714,0.0731610951011623
50,f1_strong_t1|f7_weak|noise_0,100000101,3,-4.687753309059144,0.0299257427893842,0.2948536431996018,0.3369235409211911,-4.627598061759583,0.0601552472995603
50,f1_strong_t1|f8_bigcoef|noise_0,100000011,3,-4.50779995098114,0.0292049240532066,0.4748070012776049,0.5297547813271836,-4.435649475880138,0.0721504751010027
50,f2_strong_t2|f3_dup_a|f4_dup_b,11100000,3,-3.888271390342712,0.0307782976115392,1.0943355619160329,1.1404094082560454,-3.804388741755023,0.0838826485876897
50,f2_strong_t2|f3_dup_a|f5_null,11010000,3,-3.9070699427604674,0.029006963815273,1.075537009498278,1.130212141084884,-3.815016185864149,0.0920537568963189
50,f2_strong_t2|f3_dup_a|f6_suppressor,11001000,3,-3.90393643360138,0.0295586287634641,1.0786705186573655,1.130212141084884,-3.815016185864149,0.088920247737231
50,f2_strong_t2|f3_dup_a|f7_weak,11000100,3,-3.765455632066727,0.0288033459451478,1.2171513201920183,1.2839544909588645,-3.6708371622011393,0.0946184698655874
50,f2_strong_t2|f3_dup_a|f8_bigcoef,11000010,3,-3.5690038336753847,0.0283182243697654,1.4136031185833606,1.4767857313648562,-3.478888576321694,0.0901152573536907
50,f2_strong_t2|f3_dup_a|noise_0,11000001,3,-3.902266900444031,0.0295232605394624,1.0803400518147144,1.130212141084884,-3.815016185864149,0.0872507145798824
50,f2_strong_t2|f4_dup_b|f5_null,10110000,3,-3.9100901263237,0.0291928126218742,1.0725168259350455,1.130212141084884,-3.813372014104975,0.0967181122187246
50,f2_strong_t2|f4_dup_b|f6_suppressor,10101000,3,-3.911466577148437,0.0298127325823362,1.071140375110308,1.130212141084884,-3.813372014104975,0.0980945630434622
50,f2_strong_t2|f4_dup_b|f7_weak,10100100,3,-3.759965069580078,0.0286213276982845,1.2226418826786674,1.2839544909588645,-3.669192990441967,0.090772079138111
50,f2_strong_t2|f4_dup_b|f8_bigcoef,10100010,3,-3.573948014354706,0.0283566074547483,1.4086589379040393,1.4767857313648562,-3.4772444045625206,0.0967036097921854
50,f2_strong_t2|f4_dup_b|noise_0,10100001,3,-3.904311864948273,0.0294665030239853,1.0782950873104724,1.130212141084884,-3.813372014104975,0.0909398508432977
50,f2_strong_t2|f5_null|f6_suppressor,10011000,3,-4.198952338075638,0.0309990379199716,0.7836546141831073,0.8047189562170504,-4.125575819578504,0.0733765184971337
50,f2_strong_t2|f5_null|f7_weak,10010100,3,-4.058791553974151,0.0300287831111511,0.923815398284594,0.9584613060910306,-3.981396795915495,0.0773947580586562
50,f2_strong_t2|f5_null|f8_bigcoef,10010010,3,-3.864327345180512,0.0298049523054038,1.1182796070782337,1.151292546497023,-3.7894482100360496,0.0748791351444619
50,f2_strong_t2|f5_null|noise_0,10010001,3,-4.199161901855469,0.0309561644592301,0.7834450504032766,0.8047189562170504,-4.125575819578504,0.0735860822769645
50,f2_strong_t2|f6_suppressor|f7_weak,10001100,3,-4.052263957738877,0.0303416481531361,0.9303429945198688,0.9584613060910306,-3.981396795915495,0.0708671618233816
50,f2_strong_t2|f6_suppressor|f8_bigcoef,10001010,3,-3.8573129997730256,0.0299924378677532,1.1252939524857195,1.151292546497023,-3.7894482100360496,0.0678647897369759
50,f2_strong_t2|f6_suppressor|noise_0,10001001,3,-4.195394752502441,0.0312013051301615,0.7872121997563042,0.8047189562170504,-4.125575819578504,0.0698189329239369
50,f2_strong_t2|f7_weak|f8_bigcoef,10000110,3,-3.7809735912323,0.0302588584536794,1.2016333610264454,1.2340497657358096,-3.705162361821627,0.0758112294106729
50,f2_strong_t2|f7_weak|noise_0,10000101,3,-4.050939835262299,0.0303749100465878,0.9316671169964464,0.9584613060910306,-3.981396795915495,0.0695430393468039
50,f2_strong_t2|f8_bigcoef|noise_0,10000011,3,-3.85862019071579,0.0300000255435015,1.1239867615429553,1.151292546497023,-3.7894482100360496,0.0691719806797404
50,f3_dup_a|f4_dup_b|f5_null,1110000,3,-4.702301953220368,0.030225342983089,0.2803049990383774,0.3356904520389953,-4.627322849996943,0.0749791032234252
50,f3_dup_a|f4_dup_b|f6_suppressor,1101000,3,-4.706026334953308,0.0307162449665935,0.276580617305437,0.3356904520389953,-4.627322849996943,0.0787034849563657
50,f3_dup_a|f4_dup_b|f7_weak,1100100,3,-4.556019889545441,0.0298890042693171,0.4265870627133044,0.4894328019129755,-4.483143826333933,0.0728760632115079
50,f3_dup_a|f4_dup_b|f8_bigcoef,1100010,3,-4.370692450141907,0.0296495749237824,0.6119145021168384,0.682264042318968,-4.291195240454487,0.0794972096874202
50,f3_dup_a|f4_dup_b|noise_0,1100001,3,-4.700383428001404,0.0301286656454751,0.2822235242573416,0.3356904520389953,-4.627322849996943,0.073060578004461
50,f3_dup_a|f5_null|f6_suppressor,1011000,3,-4.712265931224823,0.0287450428030301,0.2703410210339223,0.3254931848678336,-4.637950294106068,0.0743156371187554
50,f3_dup_a|f5_null|f7_weak,1010100,3,-4.577651208972931,0.028324148267318,0.4049557432858144,0.4792355347418139,-4.493771270443058,0.0838799385298729
50,f3_dup_a|f5_null|f8_bigcoef,1010010,3,-4.381237991428376,0.0280198706738031,0.6013689608303698,0.6720667751478063,-4.3018226845636125,0.0794153068647629
50,f3_dup_a|f5_null|noise_0,1010001,3,-4.718831217956543,0.0285526857822143,0.263775734302202,0.3254931848678336,-4.637950294106068,0.0808809238504757
50,f3_dup_a|f6_suppressor|f7_weak,1001100,3,-4.568057528114319,0.0284875834958637,0.4145494241444263,0.4792355347418139,-4.493771270443058,0.074286257671261
50,f3_dup_a|f6_suppressor|f8_bigcoef,1001010,3,-4.3776432026863095,0.0281695109897958,0.6049637495724358,0.6720667751478063,-4.3018226845636125,0.0758205181226969
50,f3_dup_a|f6_suppressor|noise_0,1001001,3,-4.715349115276337,0.0288266840894249,0.2672578369824085,0.3254931848678336,-4.637950294106068,0.0773988211702692
50,f3_dup_a|f7_weak|f8_bigcoef,1000110,3,-4.299415355443954,0.0286780094846289,0.6831915968147912,0.7548239943865932,-4.21753683634919,0.0818785190947641
50,f3_dup_a|f7_weak|noise_0,1000101,3,-4.56976867685318,0.0283629618892095,0.4128382754055657,0.4792355347418139,-4.493771270443058,0.0759974064101216
50,f3_dup_a|f8_bigcoef|noise_0,1000011,3,-4.37791775560379,0.0278523227065395,0.604689196654955,0.6720667751478063,-4.3018226845636125,0.0760950710401777
50,f4_dup_b|f5_null|f6_suppressor,111000,3,-4.711469159412384,0.0289061018810567,0.2711377928463614,0.3254931848678336,-4.636306122346894,0.0751630370654901
50,f4_dup_b|f5_null|f7_weak,110100,3,-4.575883433628082,0.0282276066910144,0.4067235186306632,0.4792355347418139,-4.492127098683885,0.0837563349441969
50,f4_dup_b|f5_null|f8_bigcoef,110010,3,-4.3880900259017945,0.0282157830644986,0.5945169263569507,0.6720667751478063,-4.300178512804439,0.0879115130973557
50,f4_dup_b|f5_null|noise_0,110001,3,-4.720192919826507,0.0285321075992323,0.2624140324322379,0.3254931848678336,-4.636306122346894,0.0838867974796135
50,f4_dup_b|f6_suppressor|f7_weak,101100,3,-4.56801402015686,0.0285261267439592,0.4145929321018853,0.4792355347418139,-4.492127098683885,0.0758869214729749
50,f4_dup_b|f6_suppressor|f8_bigcoef,101010,3,-4.38567646856308,0.0283789095200639,0.5969304836956653,0.6720667751478063,-4.300178512804439,0.0854979557586412
50,f4_dup_b|f6_suppressor|noise_0,101001,3,-4.715516981601716,0.0288869844143617,0.2670899706570298,0.3254931848678336,-4.636306122346894,0.0792108592548217
50,f4_dup_b|f7_weak|f8_bigcoef,100110,3,-4.302918378305435,0.028718385938216,0.6796885739533103,0.7548239943865932,-4.215892664590016,0.0870257137154189
50,f4_dup_b|f7_weak|noise_0,100101,3,-4.5692274102211,0.0281193191815423,0.4133795420376458,0.4792355347418139,-4.492127098683885,0.0771003115372144
50,f4_dup_b|f8_bigcoef|noise_0,100011,3,-4.382717207765579,0.0278384608606778,0.5998897444931659,0.6720667751478063,-4.300178512804439,0.0825386949611406
50,f5_null|f6_suppressor|f7_weak,11100,3,-4.861240502643585,0.0296913181950406,0.1213664496151603,0.1537423498739802,-4.804330904157414,0.0569095984861709
50,f5_null|f6_suppressor|f8_bigcoef,11010,3,-4.66836577129364,0.0294843260513099,0.3142411809651051,0.3465735902799726,-4.612382318277969,0.0559834530156715
50,f5_null|f6_suppressor|noise_0,11001,3,-5.006350962162018,0.0299371052525445,-0.0237440099032726,0.0,-4.948509927820423,0.0578410343415951
50,f5_null|f7_weak|f8_bigcoef,10110,3,-4.5941470114707945,0.0300501637744684,0.3884599407879507,0.4293308095187594,-4.528096470063545,0.0660505414072494
50,f5_null|f7_weak|noise_0,10101,3,-4.866219955539703,0.0296062040020033,0.1163869967190418,0.1537423498739802,-4.804330904157414,0.0618890513822893
50,f5_null|f8_bigcoef|noise_0,10011,3,-4.67102695350647,0.0293210514597065,0.3115799987522756,0.3465735902799726,-4.612382318277969,0.058644635228501
50,f6_suppressor|f7_weak|f8_bigcoef,1110,3,-4.584383322048187,0.0300658975273014,0.3982236302105582,0.4293308095187594,-4.528096470063545,0.056286851984642
50,f6_suppressor|f7_weak|noise_0,1101,3,-4.854409574890137,0.0295705406155573,0.1281973773686084,0.1537423498739802,-4.804330904157414,0.0500786707327227
50,f6_suppressor|f8_bigcoef|noise_0,1011,3,-4.660576177215576,0.0290930686894848,0.322030775043169,0.3465735902799726,-4.612382318277969,0.0481938589376076
50,f7_weak|f8_bigcoef|noise_0,111,3,-4.58481383934021,0.0297773493118524,0.397793112918535,0.4293308095187594,-4.528096470063545,0.0567173692766651
50,f1_strong_t1|f2_strong_t2|f3_dup_a|f4_dup_b,111100000,4,-3.738420777606964,0.031000336045095,1.244186174651781,1.3235905993032566,-3.627655899357192,0.1107648782497725
50,f1_strong_t1|f2_strong_t2|f3_dup_a|f5_null,111010000,4,-3.746507301330568,0.0288985309570467,1.2360996509281788,1.3133933321320947,-3.6382833434663175,0.1082239578642489
50,f1_strong_t1|f2_strong_t2|f3_dup_a|f6_suppressor,111001000,4,-2.0661616862297056,0.0304530683171509,2.91644526602904,3.097210687049391,-1.875736214670604,0.1904254715591016
50,f1_strong_t1|f2_strong_t2|f3_dup_a|f7_weak,111000100,4,-3.5944624834060668,0.0287345593043511,1.3881444688526785,1.467135682006075,-3.4941043198033093,0.1003581636027575
50,f1_strong_t1|f2_strong_t2|f3_dup_a|f8_bigcoef,111000010,4,-3.412281537103653,0.0283116877232441,1.5703254151550925,1.6599669224120674,-3.302155733923863,0.1101258031797898
50,f1_strong_t1|f2_strong_t2|f3_dup_a|noise_0,111000001,4,-3.741295718240738,0.0294916066744169,1.2413112340180072,1.3133933321320947,-3.6382833434663175,0.1030123747744204
50,f1_strong_t1|f2_strong_t2|f4_dup_b|f5_null,110110000,4,-3.7561284294605257,0.0292513340354984,1.2264785227982196,1.3133933321320947,-3.636639171707144,0.1194892577533814
50,f1_strong_t1|f2_strong_t2|f4_dup_b|f6_suppressor,110101000,4,-2.0723450267791748,0.0304239417099264,2.9102619254795705,3.097210687049391,-1.8740920429114305,0.1982529838677444
50,f1_strong_t1|f2_strong_t2|f4_dup_b|f7_weak,110100100,4,-3.598087659788132,0.0288178244882782,1.3845192924706136,1.467135682006075,-3.492460148044135,0.1056275117439966
50,f1_strong_t1|f2_strong_t2|f4_dup_b|f8_bigcoef,110100010,4,-3.4187437193870545,0.0284188231122971,1.5638632328716908,1.6599669224120674,-3.3005115621646897,0.1182321572223648
50,f1_strong_t1|f2_strong_t2|f4_dup_b|noise_0,110100001,4,-3.74973788933754,0.0295700587181183,1.2328690629212056,1.3133933321320947,-3.636639171707144,0.1130987176303954
50,f1_strong_t1|f2_strong_t2|f5_null|f6_suppressor,110011000,4,-2.363766021060944,0.0314719236162077,2.6188409311978016,2.771717502181557,-2.1862958483849595,0.1774701726759842
50,f1_strong_t1|f2_strong_t2|f5_null|f7_weak,110010100,4,-3.894717586231232,0.0300095622720383,1.0878893660275135,1.1416424971382413,-3.804663953517664,0.0900536327135674
50,f1_strong_t1|f2_strong_t2|f5_null|f8_bigcoef,110010010,4,-3.718772337198257,0.0297609529917901,1.263834615060488,1.3344737375442337,-3.6127153676382178,0.1060569695600395
50,f1_strong_t1|f2_strong_t2|f5_null|noise_0,110010001,4,-4.0421255284309385,0.030686509446492,0.9404814238278068,0.9879001472642612,-3.948842977180674,0.0932825512502644
50,f1_strong_t1|f2_strong_t2|f6_suppressor|f7_weak,110001100,4,-2.220882820129394,0.0314572584079922,2.76172413212935,2.9254598520555377,-2.0421168247219508,0.1787659954074438
50,f1_strong_t1|f2_strong_t2|f6_suppressor|f8_bigcoef,110001010,4,-2.024330258560181,0.0312673091792161,2.9582766936985645,3.11829109246153,-1.8501682388425047,0.1741620197176761
50,f1_strong_t1|f2_strong_t2|f6_suppressor|noise_0,110001001,4,-2.349484565448761,0.0324996426241535,2.633122386809984,2.771717502181557,-2.1862958483849595,0.1631887170638015
50,f1_strong_t1|f2_strong_t2|f7_weak|f8_bigcoef,110000110,4,-3.6212096570014953,0.0304770925197442,1.36139729525725,1.4172309567830204,-3.528429519423795,0.0927801375777002
50,f1_strong_t1|f2_strong_t2|f7_weak|noise_0,110000101,4,-3.887368390607834,0.0304878148770802,1.0952385616509113,1.1416424971382413,-3.804663953517664,0.0827044370901699
50,f1_strong_t1|f2_strong_t2|f8_bigcoef|noise_0,110000011,4,-3.7035511162757873,0.0298883132240458,1.279055835982958,1.3344737375442337,-3.6127153676382178,0.0908357486375694
50,f1_strong_t1|f3_dup_a|f4_dup_b|f5_null,101110000,4,-4.550073889923096,0.0308038583793982,0.4325330623356498,0.5188716430862063,-4.450590007599112,0.0994838823239838
50,f1_strong_t1|f3_dup_a|f4_dup_b|f6_suppressor,101101000,4,-2.8826440408706664,0.0319985002032722,2.099962911388079,2.302688998003503,-2.688042878803397,0.1946011620672694
50,f1_strong_t1|f3_dup_a|f4_dup_b|f7_weak,101100100,4,-4.397227670669555,0.0305573979350386,0.5853792815891898,0.6726139929601865,-4.306410983936101,0.0908166867334543
50,f1_strong_t1|f3_dup_a|f4_dup_b|f8_bigcoef,101100010,4,-4.21581103181839,0.0300880419905023,0.7667959204403552,0.8654452333661787,-4.114462398056656,0.1013486337617344
50,f1_strong_t1|f3_dup_a|f4_dup_b|noise_0,101100001,4,-4.547467672491074,0.0307506144724581,0.4351392797676716,0.5188716430862063,-4.45059000759911,0.0968776648919638
50,f1_strong_t1|f3_dup_a|f5_null|f6_suppressor,101011000,4,-2.8763342721939087,0.0296657325488807,2.1062726800648366,2.292491730832341,-2.6986703229125224,0.1776639492813863
50,f1_strong_t1|f3_dup_a|f5_null|f7_weak,101010100,4,-4.410293799209595,0.0287436913965605,0.5723131530491505,0.6624167257890249,-4.317038428045227,0.0932553711643677
50,f1_strong_t1|f3_dup_a|f5_null|f8_bigcoef,101010010,4,-4.226891556692124,0.0284064309167989,0.7557153955666216,0.8552479661950173,-4.125089842165781,0.101801714526343
50,f1_strong_t1|f3_dup_a|f5_null|noise_0,101010001,4,-4.557565488052369,0.0289065796738278,0.4250414642063767,0.5086743759150446,-4.4612174517082375,0.0963480363441311
50,f1_strong_t1|f3_dup_a|f6_suppressor|f7_weak,101001100,4,-2.737155005645752,0.0295642083603544,2.2454519466129934,2.446234080706321,-2.554491299249513,0.1826637063962386
50,f1_strong_t1|f3_dup_a|f6_suppressor|f8_bigcoef,101001010,4,-2.538087286376953,0.0294497089819044,2.444519665881792,2.639065321112313,-2.362542713370068,0.1755445730068854
50,f1_strong_t1|f3_dup_a|f6_suppressor|noise_0,101001001,4,-2.8836906396865847,0.0303151586488124,2.0989163125721606,2.292491730832341,-2.6986703229125224,0.1850203167740622
50,f1_strong_t1|f3_dup_a|f7_weak|f8_bigcoef,101000110,4,-4.138340748119354,0.0293627557340446,0.8442662041393909,0.938005185433804,-4.040803993951359,0.0975367541679954
50,f1_strong_t1|f3_dup_a|f7_weak|noise_0,101000101,4,-4.403370131015778,0.0288327509073949,0.5792368212429677,0.6624167257890249,-4.317038428045227,0.0863317029705506
50,f1_strong_t1|f3_dup_a|f8_bigcoef|noise_0,101000011,4,-4.222652208805084,0.0281780233950158,0.7599547434536609,0.8552479661950173,-4.125089842165781,0.0975623666393037
50,f1_strong_t1|f4_dup_b|f5_null|f6_suppressor,100111000,4,-2.888684787750244,0.0300163276400898,2.093922164508501,2.292491730832341,-2.697026151153349,0.191658636596895
50,f1_strong_t1|f4_dup_b|f5_null|f7_weak,100110100,4,-4.414297996139527,0.0287326452510706,0.5683089561192185,0.6624167257890249,-4.315394256286054,0.0989037398534726
50,f1_strong_t1|f4_dup_b|f5_null|f8_bigcoef,100110010,4,-4.23726315369606,0.0284076119803817,0.7453437985626854,0.8552479661950173,-4.123445670406608,0.113817483289452
50,f1_strong_t1|f4_dup_b|f5_null|noise_0,100110001,4,-4.564742682075501,0.0288985077781129,0.4178642701832444,0.5086743759150446,-4.459573279949064,0.1051694021264371
50,f1_strong_t1|f4_dup_b|f6_suppressor|f7_weak,100101100,4,-2.736050939655304,0.0296505512989206,2.2465560126034414,2.446234080706321,-2.55284712749034,0.1832038121649639
50,f1_strong_t1|f4_dup_b|f6_suppressor|f8_bigcoef,100101010,4,-2.5442313961982728,0.029673732621347,2.4383755560604725,2.639065321112313,-2.3608985416108945,0.1833328545873782
50,f1_strong_t1|f4_dup_b|f6_suppressor|noise_0,100101001,4,-2.8909067314147947,0.030392885531605,2.0917002208439506,2.292491730832341,-2.697026151153349,0.1938805802614456
50,f1_strong_t1|f4_dup_b|f7_weak|f8_bigcoef,100100110,4,-4.143106020641327,0.0291930424515646,0.839500931617418,0.938005185433804,-4.039159822192186,0.1039461984491412
50,f1_strong_t1|f4_dup_b|f7_weak|noise_0,100100101,4,-4.408303171253205,0.0287184052595349,0.5743037810055407,0.6624167257890249,-4.315394256286054,0.0929089149671504
50,f1_strong_t1|f4_dup_b|f8_bigcoef|noise_0,100100011,4,-4.227506164693833,0.0281215397497573,0.7551007875649125,0.8552479661950173,-4.123445670406608,0.1040604942872249
50,f1_strong_t1|f5_null|f6_suppressor|f7_weak,100011100,4,-3.0324251579761503,0.0306928565127448,1.950181794282595,2.1207408958384875,-2.865050932963869,0.1673742250122813
50,f1_strong_t1|f5_null|f6_suppressor|f8_bigcoef,100011010,4,-2.833898418331146,0.0304996242568555,2.148708533927599,2.3135721362444794,-2.6731023470844235,0.1607960712467226
50,f1_strong_t1|f5_null|f6_suppressor|noise_0,100011001,4,-3.1569383073806763,0.0311936585858286,1.825668644878069,1.9669985459645072,-3.009229956626878,0.1477083507537981
50,f1_strong_t1|f5_null|f7_weak|f8_bigcoef,100010110,4,-4.439785730552673,0.0305189179079502,0.5428212217060722,0.6125120005659704,-4.351363627665714,0.0884221028869589
50,f1_strong_t1|f5_null|f7_weak|noise_0,100010101,4,-4.703112554931641,0.0299720295545116,0.2794943973271042,0.3369235409211911,-4.627598061759583,0.0755144931720579
50,f1_strong_t1|f5_null|f8_bigcoef|noise_0,100010011,4,-4.523016802692413,0.0295717823840353,0.4595901495663321,0.5297547813271836,-4.435649475880138,0.0873673268122754
50,f1_strong_t1|f6_suppressor|f7_weak|f8_bigcoef,100001110,4,-2.755016461277008,0.0314538174969506,2.227590490981737,2.3963293554832665,-2.588816498870001,0.1661999624070071
50,f1_strong_t1|f6_suppressor|f7_weak|noise_0,100001101,4,-3.023294474887848,0.0312922346772709,1.9593124773708968,2.1207408958384875,-2.865050932963869,0.1582435419239791
50,f1_strong_t1|f6_suppressor|f8_bigcoef|noise_0,100001011,4,-2.830179489040374,0.0308101672456833,2.15242746321837,2.3135721362444794,-2.6731023470844235,0.1570771419559511
50,f1_strong_t1|f7_weak|f8_bigcoef|noise_0,100000111,4,-4.429090573310852,0.0303758413348334,0.5535163789478936,0.6125120005659704,-4.351363627665714,0.0777269456451374
50,f2_strong_t2|f3_dup_a|f4_dup_b|f5_null,11110000,4,-3.90196143450737,0.0308563496796691,1.0806455177513752,1.1404094082560454,-3.804388741755023,0.0975726927523474
50,f2_strong_t2|f3_dup_a|f4_dup_b|f6_suppressor,11101000,4,-3.909998686981201,0.0314469728184722,1.0726082652775442,1.1404094082560454,-3.804388741755023,0.1056099452261785
50,f2_strong_t2|f3_dup_a|f4_dup_b|f7_weak,11100100,4,-3.752103956413269,0.030432679499263,1.2305029958454765,1.2941517581300257,-3.660209718092013,0.0918942383212559
50,f2_strong_t2|f3_dup_a|f4_dup_b|f8_bigcoef,11100010,4,-3.564781421327591,0.0299910243595761,1.4178255309311545,1.486982998536018,-3.468261132212568,0.0965202891150234
50,f2_strong_t2|f3_dup_a|f4_dup_b|noise_0,11100001,4,-3.893316276550293,0.0310239916813072,1.0892906757084524,1.1404094082560454,-3.804388741755023,0.0889275347952702
50,f2_strong_t2|f3_dup_a|f5_null|f6_suppressor,11011000,4,-3.915352378749848,0.0295836180696631,1.067254573508898,1.130212141084884,-3.815016185864149,0.1003361928856989
50,f2_strong_t2|f3_dup_a|f5_null|f7_weak,11010100,4,-3.78297602853775,0.0288255394655583,1.1996309237209952,1.2839544909588645,-3.6708371622011393,0.1121388663366107
50,f2_strong_t2|f3_dup_a|f5_null|f8_bigcoef,11010010,4,-3.583095533704758,0.0284678064070966,1.3995114185539874,1.4767857313648562,-3.478888576321694,0.1042069573830639
50,f2_strong_t2|f3_dup_a|f5_null|noise_0,11010001,4,-3.920154804801941,0.0295952551498664,1.0624521474568045,1.130212141084884,-3.815016185864149,0.1051386189377923
50,f2_strong_t2|f3_dup_a|f6_suppressor|f7_weak,11001100,4,-3.775658668041229,0.0292430031680182,1.206948284217516,1.2839544909588645,-3.6708371622011393,0.10482150584009
50,f2_strong_t2|f3_dup_a|f6_suppressor|f8_bigcoef,11001010,4,-3.5811032554149627,0.0288731607412364,1.4015036968437826,1.4767857313648562,-3.478888576321694,0.1022146790932687
50,f2_strong_t2|f3_dup_a|f6_suppressor|noise_0,11001001,4,-3.915596855068207,0.0299855398027375,1.0670100971905383,1.130212141084884,-3.815016185864149,0.1005806692040582
50,f2_strong_t2|f3_dup_a|f7_weak|f8_bigcoef,11000110,4,-3.502177726602554,0.0291400705232686,1.480429225656191,1.5595429506036431,-3.394602728107272,0.1075749984952829
50,f2_strong_t2|f3_dup_a|f7_weak|noise_0,11000101,4,-3.773489999246597,0.0292605049175044,1.2091169530121482,1.2839544909588645,-3.6708371622011393,0.1026528370454578
50,f2_strong_t2|f3_dup_a|f8_bigcoef|noise_0,11000011,4,-3.5777823536396025,0.0286913576608227,1.4048245986191428,1.4767857313648562,-3.478888576321694,0.0988937773179086
50,f2_strong_t2|f4_dup_b|f5_null|f6_suppressor,10111000,4,-3.919716209316254,0.0298941931223847,1.0628907429424914,1.130212141084884,-3.813372014104975,0.1063441952112786
50,f2_strong_t2|f4_dup_b|f5_null|f7_weak,10110100,4,-3.772750778198242,0.0287204073011608,1.2098561740605032,1.2839544909588645,-3.669192990441967,0.1035577877562752
50,f2_strong_t2|f4_dup_b|f5_null|f8_bigcoef,10110010,4,-3.5857906231880188,0.0285685955816798,1.3968163290707265,1.4767857313648562,-3.4772444045625206,0.1085462186254981
50,f2_strong_t2|f4_dup_b|f5_null|noise_0,10110001,4,-3.918411289834976,0.0295974485427844,1.064195662423769,1.130212141084884,-3.813372014104975,0.1050392757300011
50,f2_strong_t2|f4_dup_b|f6_suppressor|f7_weak,10101100,4,-3.770240980100632,0.0291982534317538,1.2123659721581137,1.2839544909588645,-3.669192990441967,0.1010479896586646
50,f2_strong_t2|f4_dup_b|f6_suppressor|f8_bigcoef,10101010,4,-3.584972085762024,0.0288754131527966,1.3976348664967215,1.4767857313648562,-3.4772444045625206,0.1077276811995031
50,f2_strong_t2|f4_dup_b|f6_suppressor|noise_0,10101001,4,-3.9167114593982695,0.0300244026448139,1.0658954928604758,1.130212141084884,-3.813372014104975,0.1033394452932943
50,f2_strong_t2|f4_dup_b|f7_weak|f8_bigcoef,10100110,4,-3.5020781226158144,0.0290040314232029,1.4805288296429309,1.5595429506036431,-3.392958556348098,0.1091195662677164
50,f2_strong_t2|f4_dup_b|f7_weak|noise_0,10100101,4,-3.7665114035129545,0.0289868453290154,1.2160955487457907,1.2839544909588645,-3.669192990441967,0.0973184130709876
50,f2_strong_t2|f4_dup_b|f8_bigcoef|noise_0,10100011,4,-3.5782563596725465,0.028663356081593,1.4043505925861988,1.4767857313648562,-3.4772444045625206,0.1010119551100259
50,f2_strong_t2|f5_null|f6_suppressor|f7_weak,10011100,4,-4.065856107902527,0.0305784873435492,0.9167508443562182,0.9584613060910306,-3.981396795915495,0.084459311987032
50,f2_strong_t2|f5_null|f6_suppressor|f8_bigcoef,10011010,4,-3.873084459495544,0.0303562037249692,1.109522492763201,1.151292546497023,-3.7894482100360496,0.0836362494594946
50,f2_strong_t2|f5_null|f6_suppressor|noise_0,10011001,4,-4.208334644603729,0.0313328926656135,0.774272307655016,0.8047189562170504,-4.125575819578504,0.0827588250252251
50,f2_strong_t2|f5_null|f7_weak|f8_bigcoef,10010110,4,-3.7958876378536224,0.0305058735093398,1.186719314405123,1.2340497657358096,-3.705162361821627,0.0907252760319954
50,f2_strong_t2|f5_null|f7_weak|noise_0,10010101,4,-4.067124433851242,0.030592593252201,0.9154825184075036,0.9584613060910306,-3.981396795915495,0.0857276379357467
50,f2_strong_t2|f5_null|f8_bigcoef|noise_0,10010011,4,-3.8695390359401705,0.030272169160936,1.1130679163185748,1.151292546497023,-3.7894482100360496,0.0800908259041208
50,f2_strong_t2|f6_suppressor|f7_weak|f8_bigcoef,10001110,4,-3.792136258363724,0.0306904730532291,1.1904706938950214,1.2340497657358096,-3.705162361821627,0.0869738965420969
50,f2_strong_t2|f6_suppressor|f7_weak|noise_0,10001101,4,-4.060315459299088,0.0307105391542301,0.9222914929596576,0.9584613060910306,-3.981396795915495,0.0789186633835927
50,f2_strong_t2|f6_suppressor|f8_bigcoef|noise_0,10001011,4,-3.8643914340019214,0.0301991168951527,1.1182155182568223,1.151292546497023,-3.7894482100360496,0.0749432239658731
50,f2_strong_t2|f7_weak|f8_bigcoef|noise_0,10000111,4,-3.7888294070720674,0.0306447715974011,1.193777545186678,1.2340497657358096,-3.705162361821627,0.0836670452504404
50,f3_dup_a|f4_dup_b|f5_null|f6_suppressor,1111000,4,-4.71473971195221,0.0309955909726324,0.2678672403065354,0.3356904520389953,-4.627322849996943,0.0874168619552673
50,f3_dup_a|f4_dup_b|f5_null|f7_weak,1110100,4,-4.5693194065094,0.0301783716208125,0.4132875457493457,0.4894328019129755,-4.483143826333933,0.0861755801754666
50,f3_dup_a|f4_dup_b|f5_null|f8_bigcoef,1110010,4,-4.378575485992432,0.0300050129469151,0.6040314662663135,0.682264042318968,-4.291195240454487,0.0873802455379451
50,f3_dup_a|f4_dup_b|f5_null|noise_0,1110001,4,-4.711859690284729,0.030438214249814,0.2707472619740159,0.3356904520389953,-4.627322849996943,0.0845368402877868
50,f3_dup_a|f4_dup_b|f6_suppressor|f7_weak,1101100,4,-4.569701992321014,0.0305331030636483,0.4129049599377312,0.4894328019129755,-4.483143826333933,0.0865581659870811
50,f3_dup_a|f4_dup_b|f6_suppressor|f8_bigcoef,1101010,4,-4.387066768741608,0.0303974033391866,0.5955401835171372,0.682264042318968,-4.291195240454487,0.0958715282871214
50,f3_dup_a|f4_dup_b|f6_suppressor|noise_0,1101001,4,-4.715903423023224,0.0308399989137855,0.2667035292355217,0.3356904520389953,-4.627322849996943,0.0885805730262809
50,f3_dup_a|f4_dup_b|f7_weak|f8_bigcoef,1100110,4,-4.297215935182572,0.0305354942159452,0.6853910170761734,0.7650212615577549,-4.206909392240064,0.0903065429425078
50,f3_dup_a|f4_dup_b|f7_weak|noise_0,1100101,4,-4.560727581214905,0.0300654214876904,0.4218793710438406,0.4894328019129755,-4.483143826333933,0.0775837548809716
50,f3_dup_a|f4_dup_b|f8_bigcoef|noise_0,1100011,4,-4.374410712242127,0.0297074801951034,0.6081962400166185,0.682264042318968,-4.291195240454487,0.0832154717876401
50,f3_dup_a|f5_null|f6_suppressor|f7_weak,1011100,4,-4.582088164520264,0.0286964223138128,0.4005187877384815,0.4792355347418139,-4.493771270443058,0.0883168940772058
50,f3_dup_a|f5_null|f6_suppressor|f8_bigcoef,1011010,4,-4.385950227928162,0.0285485386019755,0.5966567243305834,0.6720667751478063,-4.3018226845636125,0.0841275433645494
50,f3_dup_a|f5_null|f6_suppressor|noise_0,1011001,4,-4.726313592243194,0.0289859637655264,0.256293360015551,0.3254931848678336,-4.637950294106068,0.0883632981371267
50,f3_dup_a|f5_null|f7_weak|f8_bigcoef,1010110,4,-4.313383397960663,0.0289267229178188,0.6692235542980827,0.7548239943865932,-4.21753683634919,0.0958465616114727
50,f3_dup_a|f5_null|f7_weak|noise_0,1010101,4,-4.589501716041565,0.028689339364224,0.3931052362171803,0.4792355347418139,-4.493771270443058,0.095730445598507
50,f3_dup_a|f5_null|f8_bigcoef|noise_0,1010011,4,-4.388966712665558,0.0282533033954075,0.5936402395931877,0.6720667751478063,-4.3018226845636125,0.0871440281019451
50,f3_dup_a|f6_suppressor|f7_weak|f8_bigcoef,1001110,4,-4.3038998254776,0.0291044292994343,0.6787071267811449,0.7548239943865932,-4.21753683634919,0.0863629891284105
50,f3_dup_a|f6_suppressor|f7_weak|noise_0,1001101,4,-4.576439615631103,0.0287216982783324,0.4061673366276421,0.4792355347418139,-4.493771270443058,0.0826683451880452
50,f3_dup_a|f6_suppressor|f8_bigcoef|noise_0,1001011,4,-4.384851424074173,0.0282636514345285,0.5977555281845719,0.6720667751478063,-4.3018226845636125,0.0830287395105608
50,f3_dup_a|f7_weak|f8_bigcoef|noise_0,1000111,4,-4.306116954803467,0.0288483212229672,0.6764899974552785,0.7548239943865932,-4.21753683634919,0.0885801184542769
50,f4_dup_b|f5_null|f6_suppressor|f7_weak,111100,4,-4.579212982273102,0.0287122578117237,0.4033939699856432,0.4792355347418139,-4.492127098683885,0.0870858835892169
50,f4_dup_b|f5_null|f6_suppressor|f8_bigcoef,111010,4,-4.394299026298523,0.0287130547594415,0.5883079259602226,0.6720667751478063,-4.300178512804439,0.0941205134940839
50,f4_dup_b|f5_null|f6_suppressor|noise_0,111001,4,-4.72596464509964,0.0290667023127956,0.2566423071591055,0.3254931848678336,-4.636306122346894,0.089658522752746
50,f4_dup_b|f5_null|f7_weak|f8_bigcoef,110110,4,-4.314558873176575,0.0290240687274404,0.6680480790821708,0.7548239943865932,-4.215892664590016,0.0986662085865583
50,f4_dup_b|f5_null|f7_weak|noise_0,110101,4,-4.583070755767822,0.0284280670735394,0.3995361964909234,0.4792355347418139,-4.492127098683885,0.0909436570839368
50,f4_dup_b|f5_null|f8_bigcoef|noise_0,110011,4,-4.393127928733826,0.0282485320717453,0.5894790235249197,0.6720667751478063,-4.300178512804439,0.0929494159293868
50,f4_dup_b|f6_suppressor|f7_weak|f8_bigcoef,101110,4,-4.311316197013855,0.0292065913572788,0.6712907552448906,0.7548239943865932,-4.215892664590016,0.0954235324238386
50,f4_dup_b|f6_suppressor|f7_weak|noise_0,101101,4,-4.574100399017334,0.0286008019565957,0.4085065532414109,0.4792355347418139,-4.492127098683885,0.0819733003334493
50,f4_dup_b|f6_suppressor|f8_bigcoef|noise_0,101011,4,-4.387710897636413,0.0283228176912666,0.5948960546223319,0.6720667751478063,-4.300178512804439,0.0875323848319746
50,f4_dup_b|f7_weak|f8_bigcoef|noise_0,100111,4,-4.306854330396653,0.0287769287655482,0.6757526218620926,0.7548239943865932,-4.215892664590016,0.0909616658066365
50,f5_null|f6_suppressor|f7_weak|f8_bigcoef,11110,4,-4.598169309329987,0.0304834855680918,0.3844376429287583,0.4293308095187594,-4.528096470063545,0.0700728392664418
50,f5_null|f6_suppressor|f7_weak|noise_0,11101,4,-4.86958166513443,0.0299339626610781,0.1130252871243149,0.1537423498739802,-4.804330904157414,0.0652507609770163
50,f5_null|f6_suppressor|f8_bigcoef|noise_0,11011,4,-4.677697707462311,0.0296527867097733,0.3049092447964341,0.3465735902799726,-4.612382318277969,0.0653153891843425
50,f5_null|f7_weak|f8_bigcoef|noise_0,10111,4,-4.599072324848175,0.0302474532457582,0.3835346274105706,0.4293308095187594,-4.528096470063545,0.0709758547846295
50,f6_suppressor|f7_weak|f8_bigcoef|noise_0,1111,4,-4.587748062515259,0.0301255173544708,0.3948588897434861,0.4293308095187594,-4.528096470063545,0.059651592451714
50,f1_strong_t1|f2_strong_t2|f3_dup_a|f4_dup_b|f5_null,111110000,5,-3.7510313294887534,0.0309416281877174,1.231575622769991,1.3235905993032566,-3.627655899357192,0.1233754301315626
50,f1_strong_t1|f2_strong_t2|f3_dup_a|f4_dup_b|f6_suppressor,111101000,5,-2.050411815834045,0.0321528115929128,2.9321951364247,3.1074079542205526,-1.8651087705614784,0.1853030452725668
50,f1_strong_t1|f2_strong_t2|f3_dup_a|f4_dup_b|f7_weak,111100100,5,-3.593278355026245,0.0305666678748006,1.3893285972325002,1.477332949177237,-3.4834768756941825,0.1098014793320625
50,f1_strong_t1|f2_strong_t2|f3_dup_a|f4_dup_b|f8_bigcoef,111100010,5,-3.41176301279068,0.0301063518184112,1.5708439394680656,1.6701641895832289,-3.291528289814737,0.1202347229759426
50,f1_strong_t1|f2_strong_t2|f3_dup_a|f4_dup_b|noise_0,111100001,5,-3.742436085271836,0.0311363356886779,1.2401708669869098,1.3235905993032566,-3.627655899357192,0.1147801859146437
50,f1_strong_t1|f2_strong_t2|f3_dup_a|f5_null|f6_suppressor,111011000,5,-2.078857240867615,0.0302687606405922,2.9037497113911304,3.097210687049391,-1.875736214670604,0.2031210261970109
50,f1_strong_t1|f2_strong_t2|f3_dup_a|f5_null|f7_weak,111010100,5,-3.6107921517848967,0.0286222281511755,1.3718148004738486,1.467135682006075,-3.4941043198033093,0.1166878319815873
50,f1_strong_t1|f2_strong_t2|f3_dup_a|f5_null|f8_bigcoef,111010010,5,-3.426929101753235,0.0283569490885277,1.5556778505055102,1.6599669224120674,-3.302155733923863,0.1247733678293721
50,f1_strong_t1|f2_strong_t2|f3_dup_a|f5_null|noise_0,111010001,5,-3.756559897422792,0.0293585947258682,1.2260470548359548,1.3133933321320947,-3.6382833434663175,0.1182765539564729
50,f1_strong_t1|f2_strong_t2|f3_dup_a|f6_suppressor|f7_weak,111001100,5,-1.9362022970199584,0.0301130694105511,3.0464046552387867,3.2509530369233715,-1.7315571910075949,0.2046451060123637
50,f1_strong_t1|f2_strong_t2|f3_dup_a|f6_suppressor|f8_bigcoef,111001010,5,-1.745879030418396,0.0301210976797715,3.236727921840349,3.443784277329364,-1.539608605128149,0.2062704252902469
50,f1_strong_t1|f2_strong_t2|f3_dup_a|f6_suppressor|noise_0,111001001,5,-2.075324024486542,0.0313092695586887,2.9072829277722034,3.097210687049391,-1.875736214670604,0.1995878098159378
50,f1_strong_t1|f2_strong_t2|f3_dup_a|f7_weak|f8_bigcoef,111000110,5,-3.335244189071655,0.0291782170853605,1.6473627631870902,1.742724141650854,-3.2178698857094394,0.1173743033622156
50,f1_strong_t1|f2_strong_t2|f3_dup_a|f7_weak|noise_0,111000101,5,-3.6017478174209594,0.0291299315130897,1.380859134837786,1.467135682006075,-3.4941043198033093,0.1076434976176501
50,f1_strong_t1|f2_strong_t2|f3_dup_a|f8_bigcoef|noise_0,111000011,5,-3.4179720266819,0.0284676396619982,1.5646349255768452,1.6599669224120674,-3.302155733923863,0.115816292758037
50,f1_strong_t1|f2_strong_t2|f4_dup_b|f5_null|f6_suppressor,110111000,5,-2.0903348055839537,0.0305775836596015,2.892272146674792,3.097210687049391,-1.8740920429114305,0.2162427626725234
50,f1_strong_t1|f2_strong_t2|f4_dup_b|f5_null|f7_weak,110110100,5,-3.612335086774826,0.0288175675269555,1.3702718654839194,1.467135682006075,-3.492460148044135,0.1198749387306907
50,f1_strong_t1|f2_strong_t2|f4_dup_b|f5_null|f8_bigcoef,110110010,5,-3.435515673303604,0.028501043913734,1.5470912789551412,1.6599669224120674,-3.3005115621646897,0.1350041111389144
50,f1_strong_t1|f2_strong_t2|f4_dup_b|f5_null|noise_0,110110001,5,-3.764905995750427,0.0294741457013294,1.217700956508318,1.3133933321320947,-3.636639171707144,0.1282668240432829
50,f1_strong_t1|f2_strong_t2|f4_dup_b|f6_suppressor|f7_weak,110101100,5,-1.9297063248634336,0.0299719704469805,3.0529006273953114,3.2509530369233715,-1.7299130192484216,0.1997933056150123
50,f1_strong_t1|f2_strong_t2|f4_dup_b|f6_suppressor|f8_bigcoef,110101010,5,-1.730411407470703,0.0297398790852345,3.252195544788042,3.443784277329364,-1.5379644333689753,0.1924469741017278
50,f1_strong_t1|f2_strong_t2|f4_dup_b|f6_suppressor|noise_0,110101001,5,-2.07870614233017,0.0311715505178383,2.9039008099285755,3.097210687049391,-1.8740920429114305,0.2046140994187395
50,f1_strong_t1|f2_strong_t2|f4_dup_b|f7_weak|f8_bigcoef,110100110,5,-3.3383473284244536,0.0290846864490408,1.6442596238342917,1.742724141650854,-3.216225713950266,0.1221216144741874
50,f1_strong_t1|f2_strong_t2|f4_dup_b|f7_weak|noise_0,110100101,5,-3.606341455698013,0.0290542229695133,1.3762654965607322,1.467135682006075,-3.492460148044135,0.113881307653878
50,f1_strong_t1|f2_strong_t2|f4_dup_b|f8_bigcoef|noise_0,110100011,5,-3.422727766609192,0.0285591622258812,1.5598791856495535,1.6599669224120674,-3.3005115621646897,0.1222162044445021
50,f1_strong_t1|f2_strong_t2|f5_null|f6_suppressor|f7_weak,110011100,5,-2.229470784664154,0.0312157575335491,2.753136167594591,2.9254598520555377,-2.0421168247219508,0.1873539599422033
50,f1_strong_t1|f2_strong_t2|f5_null|f6_suppressor|f8_bigcoef,110011010,5,-2.0432716796875,0.0311399998966766,2.9393352725712454,3.11829109246153,-1.8501682388425047,0.1931034408449952
50,f1_strong_t1|f2_strong_t2|f5_null|f6_suppressor|noise_0,110011001,5,-2.357531433296204,0.0322780194481423,2.6250755189625417,2.771717502181557,-2.1862958483849595,0.1712355849112441
50,f1_strong_t1|f2_strong_t2|f5_null|f7_weak|f8_bigcoef,110010110,5,-3.6394762055873873,0.0305752977278343,1.343130746671358,1.4172309567830204,-3.528429519423795,0.1110466861635921
50,f1_strong_t1|f2_strong_t2|f5_null|f7_weak|noise_0,110010101,5,-3.9024844442367552,0.0304024635376139,1.08012250802199,1.1416424971382413,-3.804663953517664,0.0978204907190911
50,f1_strong_t1|f2_strong_t2|f5_null|f8_bigcoef|noise_0,110010011,5,-3.7195080302238464,0.03006647420797,1.263098922034899,1.3344737375442337,-3.6127153676382178,0.1067926625856285
50,f1_strong_t1|f2_strong_t2|f6_suppressor|f7_weak|f8_bigcoef,110001110,5,-1.9556432454109192,0.0321576960051969,3.026963706847826,3.201048311700317,-1.765882390628082,0.1897608547828371
50,f1_strong_t1|f2_strong_t2|f6_suppressor|f7_weak|noise_0,110001101,5,-2.215146300125122,0.0323227282175215,2.767460652133624,2.9254598520555377,-2.0421168247219508,0.1730294754031711
50,f1_strong_t1|f2_strong_t2|f6_suppressor|f8_bigcoef|noise_0,110001011,5,-2.022175498867035,0.0318326146828477,2.96043145339171,3.11829109246153,-1.8501682388425047,0.1720072600245303
50,f1_strong_t1|f2_strong_t2|f7_weak|f8_bigcoef|noise_0,110000111,5,-3.629057984399795,0.0307145419862823,1.3535489678589498,1.4172309567830204,-3.528429519423795,0.1006284649760003
50,f1_strong_t1|f3_dup_a|f4_dup_b|f5_null|f6_suppressor,101111000,5,-2.867907479286194,0.0317873609048133,2.1146994729725512,2.302688998003503,-2.688042878803397,0.179864600482797
50,f1_strong_t1|f3_dup_a|f4_dup_b|f5_null|f7_weak,101110100,5,-4.408751683712006,0.0306590689706117,0.5738552685467395,0.6726139929601865,-4.306410983936101,0.1023406997759046
50,f1_strong_t1|f3_dup_a|f4_dup_b|f5_null|f8_bigcoef,101110010,5,-4.225585784339905,0.0303171616556826,0.7570211679188406,0.8654452333661787,-4.114462398056656,0.111123386283249
50,f1_strong_t1|f3_dup_a|f4_dup_b|f5_null|noise_0,101110001,5,-4.556515633583069,0.0308414073230213,0.4260913186756765,0.5188716430862063,-4.450590007599112,0.1059256259839571
50,f1_strong_t1|f3_dup_a|f4_dup_b|f6_suppressor|f7_weak,101101100,5,-2.716155645370484,0.0314726197018257,2.266451306888262,2.456431347877483,-2.543863855140388,0.1722917902300955
50,f1_strong_t1|f3_dup_a|f4_dup_b|f6_suppressor|f8_bigcoef,101101010,5,-2.535778765964508,0.0315206186628052,2.4468281862942374,2.6492625882834755,-2.351915269260941,0.1838634967035664
50,f1_strong_t1|f3_dup_a|f4_dup_b|f6_suppressor|noise_0,101101001,5,-2.885360780239105,0.0323527149933263,2.09724617201964,2.302688998003503,-2.688042878803397,0.1973179014357082
50,f1_strong_t1|f3_dup_a|f4_dup_b|f7_weak|f8_bigcoef,101100110,5,-4.135672254991532,0.0309866631114464,0.8469346972672138,0.9482024526049658,-4.030176549842233,0.1054957051492984
50,f1_strong_t1|f3_dup_a|f4_dup_b|f7_weak|noise_0,101100101,5,-4.40110411901474,0.0304971211228345,0.5815028332440049,0.6726139929601865,-4.306410983936101,0.0946931350786393
50,f1_strong_t1|f3_dup_a|f4_dup_b|f8_bigcoef|noise_0,101100011,5,-4.219746513986587,0.0299625193366062,0.762860438272158,0.8654452333661787,-4.114462398056656,0.1052841159299315
50,f1_strong_t1|f3_dup_a|f5_null|f6_suppressor|f7_weak,101011100,5,-2.74509098405838,0.0295572110721922,2.2375159682003654,2.446234080706321,-2.554491299249513,0.1905996848088667
50,f1_strong_t1|f3_dup_a|f5_null|f6_suppressor|f8_bigcoef,101011010,5,-2.5451365090370177,0.0295101010332257,2.437470443221728,2.639065321112313,-2.362542713370068,0.1825937956669499
50,f1_strong_t1|f3_dup_a|f5_null|f6_suppressor|noise_0,101011001,5,-2.8820509252548216,0.0302725287121361,2.100556027003924,2.292491730832341,-2.6986703229125224,0.1833806023422992
50,f1_strong_t1|f3_dup_a|f5_null|f7_weak|f8_bigcoef,101010110,5,-4.151669016742706,0.0294430492551994,0.8309379355160393,0.938005185433804,-4.040803993951359,0.110865022791347
50,f1_strong_t1|f3_dup_a|f5_null|f7_weak|noise_0,101010101,5,-4.418506385612488,0.0288975600582208,0.5641005666462577,0.6624167257890249,-4.317038428045227,0.1014679575672605
50,f1_strong_t1|f3_dup_a|f5_null|f8_bigcoef|noise_0,101010011,5,-4.233248178243637,0.0284684474913938,0.749358774015108,0.8552479661950173,-4.125089842165781,0.1081583360778566
50,f1_strong_t1|f3_dup_a|f6_suppressor|f7_weak|f8_bigcoef,101001110,5,-2.461041387653351,0.030189976614045,2.5215655646053943,2.7218225403511003,-2.278256865155645,0.1827845224977058
50,f1_strong_t1|f3_dup_a|f6_suppressor|f7_weak|noise_0,101001101,5,-2.7522358911514284,0.030169785512313,2.230371061107317,2.446234080706321,-2.554491299249513,0.1977445919019151
50,f1_strong_t1|f3_dup_a|f6_suppressor|f8_bigcoef|noise_0,101001011,5,-2.545938706207276,0.0297604002546969,2.43666824605147,2.639065321112313,-2.362542713370068,0.1833959928372075
50,f1_strong_t1|f3_dup_a|f7_weak|f8_bigcoef|noise_0,101000111,5,-4.14345622587204,0.0292698373703561,0.8391507263867055,0.938005185433804,-4.040803993951359,0.1026522319206808
50,f1_strong_t1|f4_dup_b|f5_null|f6_suppressor|f7_weak,100111100,5,-2.7469556241989137,0.0296594429320532,2.235651328059832,2.446234080706321,-2.55284712749034,0.1941084967085737
50,f1_strong_t1|f4_dup_b|f5_null|f6_suppressor|f8_bigcoef,100111010,5,-2.560501821041107,0.0297911621950058,2.4221051312176383,2.639065321112313,-2.3608985416108945,0.1996032794302125
50,f1_strong_t1|f4_dup_b|f5_null|f6_suppressor|noise_0,100111001,5,-2.893981917762756,0.0305481160865377,2.088625034495989,2.292491730832341,-2.697026151153349,0.196955766609407
50,f1_strong_t1|f4_dup_b|f5_null|f7_weak|f8_bigcoef,100110110,5,-4.156305731630325,0.0293290662573314,0.8263012206284204,0.938005185433804,-4.039159822192186,0.1171459094381388
50,f1_strong_t1|f4_dup_b|f5_null|f7_weak|noise_0,100110101,5,-4.422085028457642,0.0287630559981766,0.5605219238011037,0.6624167257890249,-4.315394256286054,0.1066907721715875
50,f1_strong_t1|f4_dup_b|f5_null|f8_bigcoef|noise_0,100110011,5,-4.242294287347794,0.0284001534764186,0.7403126649109515,0.8552479661950173,-4.123445670406608,0.1188486169411859
50,f1_strong_t1|f4_dup_b|f6_suppressor|f7_weak|f8_bigcoef,100101110,5,-2.463646341133117,0.0301869615711489,2.518960611125628,2.7218225403511003,-2.2766126933964714,0.1870336477366461
50,f1_strong_t1|f4_dup_b|f6_suppressor|f7_weak|noise_0,100101101,5,-2.746610118675232,0.0301603719504399,2.2359968335835134,2.446234080706321,-2.55284712749034,0.1937629911848919
50,f1_strong_t1|f4_dup_b|f6_suppressor|f8_bigcoef|noise_0,100101011,5,-2.55211262550354,0.0298338026946114,2.430494326755205,2.639065321112313,-2.3608985416108945,0.1912140838926457
50,f1_strong_t1|f4_dup_b|f7_weak|f8_bigcoef|noise_0,100100111,5,-4.148002193498612,0.0291674423866948,0.8346047587601335,0.938005185433804,-4.039159822192186,0.1088423713064257
50,f1_strong_t1|f5_null|f6_suppressor|f7_weak|f8_bigcoef,100011110,5,-2.758099973297119,0.0315843415466237,2.2245069789616263,2.3963293554832665,-2.588816498870001,0.1692834744271181
50,f1_strong_t1|f5_null|f6_suppressor|f7_weak|noise_0,100011101,5,-3.022321230506897,0.0312258898066297,1.9602857217518483,2.1207408958384875,-2.865050932963869,0.157270297543028
50,f1_strong_t1|f5_null|f6_suppressor|f8_bigcoef|noise_0,100011011,5,-2.829994972705841,0.030958850786768,2.1526119795529044,2.3135721362444794,-2.6731023470844235,0.1568926256214173
50,f1_strong_t1|f5_null|f7_weak|f8_bigcoef|noise_0,100010111,5,-4.445232534885407,0.0306550391368093,0.5373744173733384,0.6125120005659704,-4.351363627665714,0.0938689072196927
50,f1_strong_t1|f6_suppressor|f7_weak|f8_bigcoef|noise_0,100001111,5,-2.7604668402671813,0.0319387477354438,2.222140111991564,2.3963293554832665,-2.588816498870001,0.1716503413971803
50,f2_strong_t2|f3_dup_a|f4_dup_b|f5_null|f6_suppressor,11111000,5,-3.921418239307404,0.0316474029372838,1.0611887129513415,1.1404094082560454,-3.804388741755023,0.1170294975523811
50,f2_strong_t2|f3_dup_a|f4_dup_b|f5_null|f7_weak,11110100,5,-3.7671463182449343,0.0305589660375928,1.215460634013811,1.2941517581300257,-3.660209718092013,0.1069366001529212
50,f2_strong_t2|f3_dup_a|f4_dup_b|f5_null|f8_bigcoef,11110010,5,-3.575388673257828,0.0301986241785563,1.4072182790009171,1.486982998536018,-3.468261132212568,0.1071275410452603
50,f2_strong_t2|f3_dup_a|f4_dup_b|f5_null|noise_0,11110001,5,-3.9087832658290864,0.0311688607558351,1.0738236864296589,1.1404094082560454,-3.804388741755023,0.1043945240740638
50,f2_strong_t2|f3_dup_a|f4_dup_b|f6_suppressor|f7_weak,11101100,5,-3.770885989093781,0.0310504255859468,1.2117209631649648,1.2941517581300257,-3.660209718092013,0.1106762710017674
50,f2_strong_t2|f3_dup_a|f4_dup_b|f6_suppressor|f8_bigcoef,11101010,5,-3.584886740779877,0.0306743574361659,1.3977202114788687,1.486982998536018,-3.468261132212568,0.1166256085673089
50,f2_strong_t2|f3_dup_a|f4_dup_b|f6_suppressor|noise_0,11101001,5,-3.915052172231674,0.0316672212031834,1.0675547800270713,1.1404094082560454,-3.804388741755023,0.1106634304766513
50,f2_strong_t2|f3_dup_a|f4_dup_b|f7_weak|f8_bigcoef,11100110,5,-3.492526398706436,0.0306924983942459,1.4900805535523092,1.5697402177748048,-3.3839752839981445,0.1085511147082916
50,f2_strong_t2|f3_dup_a|f4_dup_b|f7_weak|noise_0,11100101,5,-3.754814261054993,0.0307135583083518,1.2277926912037525,1.2941517581300257,-3.660209718092013,0.0946045429629798
50,f2_strong_t2|f3_dup_a|f4_dup_b|f8_bigcoef|noise_0,11100011,5,-3.567571019744873,0.0302406829851088,1.4150359325138724,1.486982998536018,-3.468261132212568,0.0993098875323053
50,f2_strong_t2|f3_dup_a|f5_null|f6_suppressor|f7_weak,11011100,5,-3.79013935713768,0.029324294044819,1.192467595121065,1.2839544909588645,-3.6708371622011393,0.1193021949365409
50,f2_strong_t2|f3_dup_a|f5_null|f6_suppressor|f8_bigcoef,11011010,5,-3.589581481075287,0.0291045834927727,1.3930254711834582,1.4767857313648562,-3.478888576321694,0.1106929047535931
50,f2_strong_t2|f3_dup_a|f5_null|f6_suppressor|noise_0,11011001,5,-3.928511378383636,0.0300302763154085,1.054095573875109,1.130212141084884,-3.815016185864149,0.1134951925194878
50,f2_strong_t2|f3_dup_a|f5_null|f7_weak|f8_bigcoef,11010110,5,-3.5195239188671112,0.0292690418725398,1.463083033391634,1.5595429506036431,-3.394602728107272,0.1249211907598399
50,f2_strong_t2|f3_dup_a|f5_null|f7_weak|noise_0,11010101,5,-3.7944318834781647,0.0294203554180367,1.1881750687805803,1.2839544909588645,-3.6708371622011393,0.1235947212770254
50,f2_strong_t2|f3_dup_a|f5_null|f8_bigcoef|noise_0,11010011,5,-3.589581863975525,0.0289464361046854,1.3930250882832205,1.4767857313648562,-3.478888576321694,0.1106932876538309
50,f2_strong_t2|f3_dup_a|f6_suppressor|f7_weak|f8_bigcoef,11001110,5,-3.513505545711517,0.0296315448687525,1.469101406547228,1.5595429506036431,-3.394602728107272,0.1189028176042459
50,f2_strong_t2|f3_dup_a|f6_suppressor|f7_weak|noise_0,11001101,5,-3.783190891122818,0.0296401344829689,1.1994160611359272,1.2839544909588645,-3.6708371622011393,0.1123537289216787
50,f2_strong_t2|f3_dup_a|f6_suppressor|f8_bigcoef|noise_0,11001011,5,-3.586972245836258,0.0290830262400125,1.3956347064224874,1.4767857313648562,-3.478888576321694,0.1080836695145639
50,f2_strong_t2|f3_dup_a|f7_weak|f8_bigcoef|noise_0,11000111,5,-3.510383681297302,0.0295124487799145,1.4722232709614431,1.5595429506036431,-3.394602728107272,0.1157809531900309
50,f2_strong_t2|f4_dup_b|f5_null|f6_suppressor|f7_weak,10111100,5,-3.780494672203064,0.0292821121977886,1.2021122800556814,1.2839544909588645,-3.669192990441967,0.111301681761097
50,f2_strong_t2|f4_dup_b|f5_null|f6_suppressor|f8_bigcoef,10111010,5,-3.596393395233154,0.0291773578278338,1.3862135570255911,1.4767857313648562,-3.4772444045625206,0.1191489906706335
50,f2_strong_t2|f4_dup_b|f5_null|f6_suppressor|noise_0,10111001,5,-3.928184040260315,0.0301046362560947,1.0544229119984303,1.130212141084884,-3.813372014104975,0.1148120261553398
50,f2_strong_t2|f4_dup_b|f5_null|f7_weak|f8_bigcoef,10110110,5,-3.5137941120624543,0.029227889944717,1.468812840196291,1.5595429506036431,-3.392958556348098,0.1208355557143563
50,f2_strong_t2|f4_dup_b|f5_null|f7_weak|noise_0,10110101,5,-3.7804547610759736,0.0291509892774106,1.2021521911827715,1.2839544909588645,-3.669192990441967,0.1112617706340066
50,f2_strong_t2|f4_dup_b|f5_null|f8_bigcoef|noise_0,10110011,5,-3.589049667215347,0.0289196113424487,1.3935572850433982,1.4767857313648562,-3.4772444045625206,0.1118052626528265
50,f2_strong_t2|f4_dup_b|f6_suppressor|f7_weak|f8_bigcoef,10101110,5,-3.512656635332108,0.0295140672903235,1.4699503169266377,1.5595429506036431,-3.392958556348098,0.1196980789840096
50,f2_strong_t2|f4_dup_b|f6_suppressor|f7_weak|noise_0,10101101,5,-3.7759353492736816,0.0294164627327697,1.2066716029850637,1.2839544909588645,-3.669192990441967,0.1067423588317146
50,f2_strong_t2|f4_dup_b|f6_suppressor|f8_bigcoef|noise_0,10101011,5,-3.587553159666061,0.0290200729664115,1.3950537925926838,1.4767857313648562,-3.4772444045625206,0.1103087551035408
50,f2_strong_t2|f4_dup_b|f7_weak|f8_bigcoef|noise_0,10100111,5,-3.5063053908348083,0.0293462553572889,1.476301561423937,1.5595429506036431,-3.392958556348098,0.1133468344867103
50,f2_strong_t2|f5_null|f6_suppressor|f7_weak|f8_bigcoef,10011110,5,-3.804936791229248,0.0310205107936259,1.1776701610294973,1.2340497657358096,-3.705162361821627,0.099774429407621
50,f2_strong_t2|f5_null|f6_suppressor|f7_weak|noise_0,10011101,5,-4.073729376173019,0.0308780531490196,0.9088775760857262,0.9584613060910306,-3.981396795915495,0.0923325802575241
50,f2_strong_t2|f5_null|f6_suppressor|f8_bigcoef|noise_0,10011011,5,-3.876737043714523,0.0305926760927284,1.1058699085442218,1.151292546497023,-3.7894482100360496,0.0872888336784738
50,f2_strong_t2|f5_null|f7_weak|f8_bigcoef|noise_0,10010111,5,-3.801319609212875,0.0309696065457631,1.18128734304587,1.2340497657358096,-3.705162361821627,0.0961572473912482
50,f2_strong_t2|f6_suppressor|f7_weak|f8_bigcoef|noise_0,10001111,5,-3.795177478504181,0.0309183924006919,1.1874294737545643,1.2340497657358096,-3.705162361821627,0.090015116682554
50,f3_dup_a|f4_dup_b|f5_null|f6_suppressor|f7_weak,1111100,5,-4.580879576301575,0.0307810092468099,0.4017273759571704,0.4894328019129755,-4.483143826333933,0.0977357499676419
50,f3_dup_a|f4_dup_b|f5_null|f6_suppressor|f8_bigcoef,1111010,5,-4.392986040496826,0.0307746569105248,0.5896209117619193,0.682264042318968,-4.291195240454487,0.1017908000423393
50,f3_dup_a|f4_dup_b|f5_null|f6_suppressor|noise_0,1111001,5,-4.726546550750732,0.031146965696384,0.2560604015080132,0.3356904520389953,-4.627322849996943,0.0992237007537895
50,f3_dup_a|f4_dup_b|f5_null|f7_weak|f8_bigcoef,1110110,5,-4.307238177537919,0.0308362374045088,0.6753687747208268,0.7650212615577549,-4.206909392240064,0.1003287852978545
50,f3_dup_a|f4_dup_b|f5_null|f7_weak|noise_0,1110101,5,-4.576173932266236,0.0304355371579696,0.4064330199925097,0.4894328019129755,-4.483143826333933,0.0930301059323026
50,f3_dup_a|f4_dup_b|f5_null|f8_bigcoef|noise_0,1110011,5,-4.381888859319687,0.0300850476563607,0.6007180929390588,0.682264042318968,-4.291195240454487,0.0906936188651998
50,f3_dup_a|f4_dup_b|f6_suppressor|f7_weak|f8_bigcoef,1101110,5,-4.310382670640945,0.0311592898400226,0.6722242816178001,0.7650212615577549,-4.206909392240064,0.1034732784008811
50,f3_dup_a|f4_dup_b|f6_suppressor|f7_weak|noise_0,1101101,5,-4.5741158581733705,0.0306015050228714,0.4084910940853747,0.4894328019129755,-4.483143826333933,0.0909720318394375
50,f3_dup_a|f4_dup_b|f6_suppressor|f8_bigcoef|noise_0,1101011,5,-4.389425711011887,0.0303476023639466,0.5931812412468584,0.682264042318968,-4.291195240454487,0.0982304705574002
50,f3_dup_a|f4_dup_b|f7_weak|f8_bigcoef|noise_0,1100111,5,-4.29977890086174,0.0306292549456743,0.6828280513970055,0.7650212615577549,-4.206909392240064,0.0928695086216757
50,f3_dup_a|f5_null|f6_suppressor|f7_weak|f8_bigcoef,1011110,5,-4.316786191415787,0.0294225297539726,0.6658207608429585,0.7548239943865932,-4.21753683634919,0.0992493550665969
50,f3_dup_a|f5_null|f6_suppressor|f7_weak|noise_0,1011101,5,-4.591780540084839,0.0289536612037724,0.3908264121739062,0.4792355347418139,-4.493771270443058,0.0980092696417811
50,f3_dup_a|f5_null|f6_suppressor|f8_bigcoef|noise_0,1011011,5,-4.395742553186417,0.0286795964988993,0.5868643990723283,0.6720667751478063,-4.3018226845636125,0.0939198686228044
50,f3_dup_a|f5_null|f7_weak|f8_bigcoef|noise_0,1010111,5,-4.320798441362381,0.0292384455754321,0.661808510896364,0.7548239943865932,-4.21753683634919,0.1032616050131913
50,f3_dup_a|f6_suppressor|f7_weak|f8_bigcoef|noise_0,1001111,5,-4.310570257854462,0.0292117567789041,0.6720366944042837,0.7548239943865932,-4.21753683634919,0.0930334215052717
50,f4_dup_b|f5_null|f6_suppressor|f7_weak|f8_bigcoef,111110,5,-4.322070510530472,0.0294932918824746,0.6605364417282731,0.7548239943865932,-4.215892664590016,0.1061778459404561
50,f4_dup_b|f5_null|f6_suppressor|f7_weak|noise_0,111101,5,-4.587587555980682,0.0288117327425792,0.3950193962780632,0.4792355347418139,-4.492127098683885,0.0954604572967969
50,f4_dup_b|f5_null|f6_suppressor|f8_bigcoef|noise_0,111011,5,-4.399970434761047,0.0287238231156204,0.582636517497698,0.6720667751478063,-4.300178512804439,0.0997919219566085
50,f4_dup_b|f5_null|f7_weak|f8_bigcoef|noise_0,110111,5,-4.319206237173081,0.029153020640423,0.6634007150856647,0.7548239943865932,-4.215892664590016,0.1033135725830645
50,f4_dup_b|f6_suppressor|f7_weak|f8_bigcoef|noise_0,101111,5,-4.312898054218293,0.0292033709343564,0.6697088980404526,0.7548239943865932,-4.215892664590016,0.0970053896282765
50,f5_null|f6_suppressor|f7_weak|f8_bigcoef|noise_0,11111,5,-4.603453759765625,0.030616345199754,0.3791531924931206,0.4293308095187594,-4.528096470063545,0.0753572897020795
50,f1_strong_t1|f2_strong_t2|f3_dup_a|f4_dup_b|f5_null|f6_suppressor,111111000,6,-2.0625487535476683,0.032099589360787,2.920058198711077,3.1074079542205526,-1.8651087705614784,0.1974399829861899
50,f1_strong_t1|f2_strong_t2|f3_dup_a|f4_dup_b|f5_null|f7_weak,111110100,6,-3.6067640358924864,0.0305463089916343,1.3758429163662589,1.477332949177237,-3.4834768756941825,0.1232871601983038
50,f1_strong_t1|f2_strong_t2|f3_dup_a|f4_dup_b|f5_null|f8_bigcoef,111110010,6,-3.4235821140766145,0.0301610442029845,1.5590248381821308,1.6701641895832289,-3.291528289814737,0.1320538242618774
50,f1_strong_t1|f2_strong_t2|f3_dup_a|f4_dup_b|f5_null|noise_0,111110001,6,-3.75697874584198,0.0311050788958429,1.2256282064167654,1.3235905993032566,-3.627655899357192,0.1293228464847882
50,f1_strong_t1|f2_strong_t2|f3_dup_a|f4_dup_b|f6_suppressor|f7_weak,111101100,6,-1.9013298494338988,0.0315399506952596,3.0812771028248465,3.261150304094533,-1.7209297468984697,0.1804001025354291
50,f1_strong_t1|f2_strong_t2|f3_dup_a|f4_dup_b|f6_suppressor|f8_bigcoef,111101010,6,-1.715634732246399,0.0314468109244983,3.266972220012346,3.4539815445005253,-1.5289811610190234,0.1866535712273755
50,f1_strong_t1|f2_strong_t2|f3_dup_a|f4_dup_b|f6_suppressor|noise_0,111101001,6,-2.065914496898651,0.0328736329574079,2.9166924553600944,3.1074079542205526,-1.8651087705614784,0.2008057263371725
50,f1_strong_t1|f2_strong_t2|f3_dup_a|f4_dup_b|f7_weak|f8_bigcoef,111100110,6,-3.329391307926178,0.0307292880316497,1.6532156443325672,1.752921408822016,-3.2072424416003145,0.1221488663258636
50,f1_strong_t1|f2_strong_t2|f3_dup_a|f4_dup_b|f7_weak|noise_0,111100101,6,-3.5965425225257874,0.0306919477371319,1.3860644297329578,1.477332949177237,-3.4834768756941825,0.1130656468316049
50,f1_strong_t1|f2_strong_t2|f3_dup_a|f4_dup_b|f8_bigcoef|noise_0,111100011,6,-3.413700247001648,0.0301004793045853,1.5689067052570973,1.6701641895832289,-3.291528289814737,0.1221719571869108
50,f1_strong_t1|f2_strong_t2|f3_dup_a|f5_null|f6_suppressor|f7_weak,111011100,6,-1.9510546403884887,0.0299386680479172,3.0315523118702563,3.2509530369233715,-1.7315571910075949,0.2194974493808938
50,f1_strong_t1|f2_strong_t2|f3_dup_a|f5_null|f6_suppressor|f8_bigcoef,111011010,6,-1.7573326971054075,0.0299285563999875,3.2252742551533373,3.443784277329364,-1.539608605128149,0.2177240919772587
50,f1_strong_t1|f2_strong_t2|f3_dup_a|f5_null|f6_suppressor|noise_0,111011001,6,-2.082607371425629,0.0309988281380421,2.8999995808331165,3.097210687049391,-1.875736214670604,0.2068711567550247
50,f1_strong_t1|f2_strong_t2|f3_dup_a|f5_null|f7_weak|f8_bigcoef,111010110,6,-3.35056965751648,0.0291893253411059,1.6320372947422657,1.742724141650854,-3.21786988570944,0.1326997718070397
50,f1_strong_t1|f2_strong_t2|f3_dup_a|f5_null|f7_weak|noise_0,111010101,6,-3.619251179599762,0.0290660745020603,1.3633557726589831,1.467135682006075,-3.4941043198033093,0.1251468597964526
50,f1_strong_t1|f2_strong_t2|f3_dup_a|f5_null|f8_bigcoef|noise_0,111010011,6,-3.4303008199691774,0.0286235635344943,1.552306132289568,1.6599669224120674,-3.302155733923863,0.1281450860453143
50,f1_strong_t1|f2_strong_t2|f3_dup_a|f6_suppressor|f7_weak|f8_bigcoef,111001110,6,-1.6792138226509097,0.0309135049515185,3.303393129607836,3.52654149656815,-1.455322756913727,0.2238910657371824
50,f1_strong_t1|f2_strong_t2|f3_dup_a|f6_suppressor|f7_weak|noise_0,111001101,6,-1.9465746797561645,0.0309738499795874,3.036032272502581,3.2509530369233715,-1.7315571910075949,0.2150174887485696
50,f1_strong_t1|f2_strong_t2|f3_dup_a|f6_suppressor|f8_bigcoef|noise_0,111001011,6,-1.7516150575637817,0.0304208444483501,3.230991894694964,3.443784277329364,-1.539608605128149,0.2120064524356326
50,f1_strong_t1|f2_strong_t2|f3_dup_a|f7_weak|f8_bigcoef|noise_0,111000111,6,-3.341857184648514,0.029325474519423,1.6407497676102314,1.742724141650854,-3.2178698857094394,0.1239872989390744
50,f1_strong_t1|f2_strong_t2|f4_dup_b|f5_null|f6_suppressor|f7_weak,110111100,6,-1.9430212284088133,0.0299885336140908,3.039585723849932,3.2509530369233715,-1.7299130192484211,0.2131082091603924
50,f1_strong_t1|f2_strong_t2|f4_dup_b|f5_null|f6_suppressor|f8_bigcoef,110111010,6,-1.7558934692382813,0.0298943396696945,3.226713483020464,3.443784277329364,-1.5379644333689753,0.217929035869306
50,f1_strong_t1|f2_strong_t2|f4_dup_b|f5_null|f6_suppressor|noise_0,110111001,6,-2.093970328044892,0.0311509683309281,2.888636624213854,3.097210687049391,-1.8740920429114305,0.219878285133461
50,f1_strong_t1|f2_strong_t2|f4_dup_b|f5_null|f7_weak|f8_bigcoef,110110110,6,-3.353592133998871,0.0291990474760705,1.6290148182598745,1.742724141650854,-3.216225713950266,0.1373664200486049
50,f1_strong_t1|f2_strong_t2|f4_dup_b|f5_null|f7_weak|noise_0,110110101,6,-3.6209426466465,0.029016230613368,1.3616643056122455,1.467135682006075,-3.492460148044135,0.1284824986023647
50,f1_strong_t1|f2_strong_t2|f4_dup_b|f5_null|f8_bigcoef|noise_0,110110011,6,-3.4377588575839995,0.0286383898782319,1.5448480946747458,1.6599669224120674,-3.3005115621646897,0.1372472954193098
50,f1_strong_t1|f2_strong_t2|f4_dup_b|f6_suppressor|f7_weak|f8_bigcoef,110101110,6,-1.6552494387626648,0.0301979706546944,3.3273575134960804,3.52654149656815,-1.4536785851545533,0.2015708536081115
50,f1_strong_t1|f2_strong_t2|f4_dup_b|f6_suppressor|f7_weak|noise_0,110101101,6,-1.935603882408142,0.0306490276488042,3.047003069850603,3.2509530369233715,-1.7299130192484216,0.2056908631597205
50,f1_strong_t1|f2_strong_t2|f4_dup_b|f6_suppressor|f8_bigcoef|noise_0,110101011,6,-1.738560874938965,0.0301883445115147,3.2440460773197803,3.443784277329364,-1.5379644333689753,0.2005964415699896
50,f1_strong_t1|f2_strong_t2|f4_dup_b|f7_weak|f8_bigcoef|noise_0,110100111,6,-3.345969473743439,0.0292613952838127,1.6366374785153064,1.742724141650854,-3.216225713950266,0.1297437597931727
50,f1_strong_t1|f2_strong_t2|f5_null|f6_suppressor|f7_weak|f8_bigcoef,110011110,6,-1.9689700759887696,0.0319150556273745,3.013636876269976,3.201048311700317,-1.765882390628082,0.2030876853606875
50,f1_strong_t1|f2_strong_t2|f5_null|f6_suppressor|f7_weak|noise_0,110011101,6,-2.2233556978225706,0.0319706749207948,2.7592512544361747,2.9254598520555377,-2.0421168247219508,0.1812388731006198
50,f1_strong_t1|f2_strong_t2|f5_null|f6_suppressor|f8_bigcoef|noise_0,110011011,6,-2.03831431760788,0.0318090179238263,2.944292634650865,3.11829109246153,-1.8501682388425047,0.188146078765375
50,f1_strong_t1|f2_strong_t2|f5_null|f7_weak|f8_bigcoef|noise_0,110010111,6,-3.643519623088837,0.0308580397604064,1.3390873291699088,1.4172309567830204,-3.528429519423795,0.1150901036650413
50,f1_strong_t1|f2_strong_t2|f6_suppressor|f7_weak|f8_bigcoef|noise_0,110001111,6,-1.954021086788177,0.0327395349351231,3.028585865470568,3.201048311700317,-1.765882390628082,0.1881386961600955
50,f1_strong_t1|f3_dup_a|f4_dup_b|f5_null|f6_suppressor|f7_weak,101111100,6,-2.720879148864746,0.0313722939263561,2.261727803394,2.456431347877483,-2.543863855140388,0.1770152937243581
50,f1_strong_t1|f3_dup_a|f4_dup_b|f5_null|f6_suppressor|f8_bigcoef,101111010,6,-2.536804842185974,0.0315300995745872,2.445802110072772,2.6492625882834755,-2.351915269260941,0.1848895729250323
50,f1_strong_t1|f3_dup_a|f4_dup_b|f5_null|f6_suppressor|noise_0,101111001,6,-2.874437939453125,0.0322937822790463,2.1081690128056203,2.302688998003503,-2.688042878803397,0.186395060649728
50,f1_strong_t1|f3_dup_a|f4_dup_b|f5_null|f7_weak|f8_bigcoef,101110110,6,-4.146725125026703,0.0311481355919727,0.8358818272320425,0.9482024526049658,-4.030176549842233,0.1165485751844697
50,f1_strong_t1|f3_dup_a|f4_dup_b|f5_null|f7_weak|noise_0,101110101,6,-4.41285160241127,0.030653621052228,0.5697553498474752,0.6726139929601865,-4.306410983936101,0.1064406184751689
50,f1_strong_t1|f3_dup_a|f4_dup_b|f5_null|f8_bigcoef|noise_0,101110011,6,-4.23022700548172,0.0302580625571137,0.7523799467770251,0.8654452333661787,-4.114462398056656,0.1157646074250644
50,f1_strong_t1|f3_dup_a|f4_dup_b|f6_suppressor|f7_weak|f8_bigcoef,101101110,6,-2.4446505296707155,0.0318132971206115,2.53795642258803,2.732019807522262,-2.267629421046519,0.1770211086241966
50,f1_strong_t1|f3_dup_a|f4_dup_b|f6_suppressor|f7_weak|noise_0,101101101,6,-2.730210990524292,0.0319619311928443,2.2523959617344533,2.456431347877483,-2.543863855140388,0.1863471353839041
50,f1_strong_t1|f3_dup_a|f4_dup_b|f6_suppressor|f8_bigcoef|noise_0,101101011,6,-2.536717572879791,0.0316902293052382,2.4458893793789542,2.6492625882834755,-2.351915269260941,0.1848023036188495
50,f1_strong_t1|f3_dup_a|f4_dup_b|f7_weak|f8_bigcoef|noise_0,101100111,6,-4.14022746872902,0.0308947098503282,0.8423794835297258,0.9482024526049658,-4.030176549842233,0.1100509188867864
50,f1_strong_t1|f3_dup_a|f5_null|f6_suppressor|f7_weak|f8_bigcoef,101011110,6,-2.475830804538727,0.0303332151495847,2.5067761477200183,2.7218225403511003,-2.278256865155645,0.1975739393830817
50,f1_strong_t1|f3_dup_a|f5_null|f6_suppressor|f7_weak|noise_0,101011101,6,-2.752787913322449,0.0300345470832972,2.2298190389362964,2.446234080706321,-2.554491299249513,0.1982966140729356
50,f1_strong_t1|f3_dup_a|f5_null|f6_suppressor|f8_bigcoef|noise_0,101011011,6,-2.551309073352814,0.029921485380119,2.4312978789059314,2.639065321112313,-2.362542713370068,0.188766359982746
50,f1_strong_t1|f3_dup_a|f5_null|f7_weak|f8_bigcoef|noise_0,101010111,6,-4.158147273874283,0.0294878168143001,0.8244596783844624,0.938005185433804,-4.040803993951359,0.1173432799229239
50,f1_strong_t1|f3_dup_a|f6_suppressor|f7_weak|f8_bigcoef|noise_0,101001111,6,-2.4793834895133973,0.0306612020966802,2.503223462745348,2.7218225403511003,-2.278256865155645,0.201126624357752
50,f1_strong_t1|f4_dup_b|f5_null|f6_suppressor|f7_weak|f8_bigcoef,100111110,6,-2.473559395217896,0.0303247322696912,2.5090475570408497,2.7218225403511003,-2.2766126933964714,0.1969467018214241
50,f1_strong_t1|f4_dup_b|f5_null|f6_suppressor|f7_weak|noise_0,100111101,6,-2.754257836437225,0.0300621804146784,2.22834911582152,2.446234080706321,-2.55284712749034,0.2014107089468853
50,f1_strong_t1|f4_dup_b|f5_null|f6_suppressor|f8_bigcoef|noise_0,100111011,6,-2.558123086452484,0.0301021249814322,2.4244838658062613,2.639065321112313,-2.3608985416108945,0.1972245448415894
50,f1_strong_t1|f4_dup_b|f5_null|f7_weak|f8_bigcoef|noise_0,100110111,6,-4.162421980428696,0.0293746572737917,0.8201849718300496,0.938005185433804,-4.039159822192186,0.1232621582365096
50,f1_strong_t1|f4_dup_b|f6_suppressor|f7_weak|f8_bigcoef|noise_0,100101111,6,-2.473499855518341,0.0304791705292428,2.5091070967404043,2.7218225403511003,-2.2766126933964714,0.1968871621218695
50,f1_strong_t1|f5_null|f6_suppressor|f7_weak|f8_bigcoef|noise_0,100011111,6,-2.757568389606476,0.0319819487772622,2.2250385626522693,2.3963293554832665,-2.588816498870001,0.1687518907364751
50,f2_strong_t2|f3_dup_a|f4_dup_b|f5_null|f6_suppressor|f7_weak,11111100,6,-3.7842402159690858,0.0311916241117388,1.1983667362896595,1.2941517581300257,-3.660209718092013,0.1240304978770727
50,f2_strong_t2|f3_dup_a|f4_dup_b|f5_null|f6_suppressor|f8_bigcoef,11111010,6,-3.594949207353592,0.0309698842939593,1.3876577449051537,1.486982998536018,-3.468261132212568,0.1266880751410242
50,f2_strong_t2|f3_dup_a|f4_dup_b|f5_null|f6_suppressor|noise_0,11111001,6,-3.928058686733246,0.0318184727909642,1.0545482655254994,1.1404094082560454,-3.804388741755023,0.1236699449782232
50,f2_strong_t2|f3_dup_a|f4_dup_b|f5_null|f7_weak|f8_bigcoef,11110110,6,-3.5044906095027923,0.030883599768613,1.478116342755953,1.5697402177748048,-3.3839752839981445,0.1205153255046478
50,f2_strong_t2|f3_dup_a|f4_dup_b|f5_null|f7_weak|noise_0,11110101,6,-3.771860609579086,0.0309240358875457,1.2107463426796592,1.2941517581300257,-3.660209718092013,0.111650891487073
50,f2_strong_t2|f3_dup_a|f4_dup_b|f5_null|f8_bigcoef|noise_0,11110011,6,-3.57728213391304,0.03051821031519,1.4053248183457052,1.486982998536018,-3.468261132212568,0.1090210017004724
50,f2_strong_t2|f3_dup_a|f4_dup_b|f6_suppressor|f7_weak|f8_bigcoef,11101110,6,-3.510909724855423,0.0313207900225141,1.4716972274033222,1.5697402177748048,-3.3839752839981445,0.1269344408572785
50,f2_strong_t2|f3_dup_a|f4_dup_b|f6_suppressor|f7_weak|noise_0,11101101,6,-3.774309245443344,0.0312440457548212,1.2082977068154013,1.2941517581300257,-3.660209718092013,0.114099527351331
50,f2_strong_t2|f3_dup_a|f4_dup_b|f6_suppressor|f8_bigcoef|noise_0,11101011,6,-3.5875824541568755,0.0307819770057549,1.3950244981018698,1.486982998536018,-3.468261132212568,0.1193213219443078
50,f2_strong_t2|f3_dup_a|f4_dup_b|f7_weak|f8_bigcoef|noise_0,11100111,6,-3.495073546934128,0.0309885311322991,1.4875334053246174,1.5697402177748048,-3.3839752839981445,0.1110982629359833
50,f2_strong_t2|f3_dup_a|f5_null|f6_suppressor|f7_weak|f8_bigcoef,11011110,6,-3.5266273855686188,0.0298605318280178,1.4559795666901263,1.5595429506036431,-3.394602728107272,0.1320246574613475
50,f2_strong_t2|f3_dup_a|f5_null|f6_suppressor|f7_weak|noise_0,11011101,6,-3.7995234253406527,0.0297407283992557,1.1830835269180926,1.2839544909588645,-3.6708371622011393,0.1286862631395133
50,f2_strong_t2|f3_dup_a|f5_null|f6_suppressor|f8_bigcoef|noise_0,11011011,6,-3.595638083648681,0.0293521500542226,1.386968868610064,1.4767857313648562,-3.478888576321694,0.1167495073269875
50,f2_strong_t2|f3_dup_a|f5_null|f7_weak|f8_bigcoef|noise_0,11010111,6,-3.527008597230912,0.0298088602320326,1.455598355027834,1.5595429506036431,-3.394602728107272,0.13240586912364
50,f2_strong_t2|f3_dup_a|f6_suppressor|f7_weak|f8_bigcoef|noise_0,11001111,6,-3.519786782598496,0.0298944096858254,1.4628201696602496,1.5595429506036431,-3.394602728107272,0.1251840544912243
50,f2_strong_t2|f4_dup_b|f5_null|f6_suppressor|f7_weak|f8_bigcoef,10111110,6,-3.5245274499893187,0.0297735641041223,1.4580795022694266,1.5595429506036431,-3.392958556348098,0.1315688936412207
50,f2_strong_t2|f4_dup_b|f5_null|f6_suppressor|f7_weak|noise_0,10111101,6,-3.7893145542144775,0.029493033490994,1.1932923980442678,1.2839544909588645,-3.669192990441967,0.1201215637725106
50,f2_strong_t2|f4_dup_b|f5_null|f6_suppressor|f8_bigcoef|noise_0,10111011,6,-3.599907356214523,0.0293253915483136,1.382699596044222,1.4767857313648562,-3.4772444045625206,0.1226629516520025
50,f2_strong_t2|f4_dup_b|f5_null|f7_weak|f8_bigcoef|noise_0,10110111,6,-3.518575091409683,0.0296299085652372,1.464031860849062,1.5595429506036431,-3.392958556348098,0.1256165350615852
50,f2_strong_t2|f4_dup_b|f6_suppressor|f7_weak|f8_bigcoef|noise_0,10101111,6,-3.514290201473236,0.0296915096446303,1.468316750785509,1.5595429506036431,-3.392958556348098,0.1213316451251382
50,f2_strong_t2|f5_null|f6_suppressor|f7_weak|f8_bigcoef|noise_0,10011111,6,-3.8090931579113008,0.0313041068426968,1.1735137943474443,1.2340497657358096,-3.705162361821627,0.1039307960896738
50,f3_dup_a|f4_dup_b|f5_null|f6_suppressor|f7_weak|f8_bigcoef,1111110,6,-4.319583841705322,0.0314655256162329,0.6630231105534232,0.7650212615577549,-4.206909392240064,0.112674449465258
50,f3_dup_a|f4_dup_b|f5_null|f6_suppressor|f7_weak|noise_0,1111101,6,-4.586076789474487,0.0309017197035264,0.3965301627842583,0.4894328019129755,-4.483143826333933,0.102932963140554
50,f3_dup_a|f4_dup_b|f5_null|f6_suppressor|f8_bigcoef|noise_0,1111011,6,-4.398238310098648,0.0307599244842926,0.5843686421600971,0.682264042318968,-4.291195240454487,0.1070430696441615
50,f3_dup_a|f4_dup_b|f5_null|f7_weak|f8_bigcoef|noise_0,1110111,6,-4.310067382907867,0.0309873677359278,0.672539569350878,0.7650212615577549,-4.206909392240064,0.1031579906678032
50,f3_dup_a|f4_dup_b|f6_suppressor|f7_weak|f8_bigcoef|noise_0,1101111,6,-4.3119990724086765,0.0311690170380425,0.6706078798500688,0.7650212615577549,-4.206909392240064,0.1050896801686125
50,f3_dup_a|f5_null|f6_suppressor|f7_weak|f8_bigcoef|noise_0,1011111,6,-4.324509633255005,0.02958440622766,0.6580973190037405,0.7548239943865932,-4.21753683634919,0.1069727969058149
50,f4_dup_b|f5_null|f6_suppressor|f7_weak|f8_bigcoef|noise_0,111111,6,-4.326681126499176,0.029577985715838,0.655925825759569,0.7548239943865932,-4.215892664590016,0.1107884619091601
50,f1_strong_t1|f2_strong_t2|f3_dup_a|f4_dup_b|f5_null|f6_suppressor|f7_weak,111111100,7,-1.9140826155662536,0.0315821130217346,3.068524336692492,3.261150304094533,-1.7209297468984697,0.1931528686677839
50,f1_strong_t1|f2_strong_t2|f3_dup_a|f4_dup_b|f5_null|f6_suppressor|f8_bigcoef,111111010,7,-1.7353577609062194,0.0314715050077483,3.247249191352526,3.4539815445005253,-1.5289811610190234,0.206376599887196
50,f1_strong_t1|f2_strong_t2|f3_dup_a|f4_dup_b|f5_null|f6_suppressor|noise_0,111111001,7,-2.0709892663002014,0.0327011695667813,2.911617685958544,3.1074079542205526,-1.8651087705614784,0.205880495738723
50,f1_strong_t1|f2_strong_t2|f3_dup_a|f4_dup_b|f5_null|f7_weak|f8_bigcoef,111110110,7,-3.3416460982322693,0.0308120659982379,1.640960854026476,1.752921408822016,-3.2072424416003145,0.1344036566319548
50,f1_strong_t1|f2_strong_t2|f3_dup_a|f4_dup_b|f5_null|f7_weak|noise_0,111110101,7,-3.610894667482376,0.0306784276917095,1.3717122847763692,1.477332949177237,-3.4834768756941825,0.1274177917881935
50,f1_strong_t1|f2_strong_t2|f3_dup_a|f4_dup_b|f5_null|f8_bigcoef|noise_0,111110011,7,-3.426169528245926,0.0302402209710104,1.5564374240128194,1.6701641895832289,-3.291528289814737,0.1346412384311888
50,f1_strong_t1|f2_strong_t2|f3_dup_a|f4_dup_b|f6_suppressor|f7_weak|f8_bigcoef,111101110,7,-1.6331198875427246,0.0317128211554978,3.349487064716021,3.5367387637393115,-1.4446953128046012,0.1884245747381234
50,f1_strong_t1|f2_strong_t2|f3_dup_a|f4_dup_b|f6_suppressor|f7_weak|noise_0,111101101,7,-1.9130380133628848,0.0321723712490358,3.069568938895861,3.261150304094533,-1.7209297468984697,0.1921082664644149
50,f1_strong_t1|f2_strong_t2|f3_dup_a|f4_dup_b|f6_suppressor|f8_bigcoef|noise_0,111101011,7,-1.7269699692726137,0.0318861624410961,3.255636982986132,3.4539815445005253,-1.5289811610190234,0.1979888082535901
50,f1_strong_t1|f2_strong_t2|f3_dup_a|f4_dup_b|f7_weak|f8_bigcoef|noise_0,111100111,7,-3.334589241981506,0.0307928111989261,1.648017710277239,1.752921408822016,-3.2072424416003145,0.1273468003811917
50,f1_strong_t1|f2_strong_t2|f3_dup_a|f5_null|f6_suppressor|f7_weak|f8_bigcoef,111011110,7,-1.69364922208786,0.0307065394241325,3.288957730170885,3.52654149656815,-1.4553227569137268,0.2383264651741332
50,f1_strong_t1|f2_strong_t2|f3_dup_a|f5_null|f6_suppressor|f7_weak|noise_0,111011101,7,-1.9548923013687127,0.0305972171626462,3.027714650890032,3.2509530369233715,-1.7315571910075949,0.2233351103611185
50,f1_strong_t1|f2_strong_t2|f3_dup_a|f5_null|f6_suppressor|f8_bigcoef|noise_0,111011011,7,-1.7615694135665894,0.0304829885882481,3.221037538692156,3.443784277329364,-1.539608605128149,0.2219608084384403
50,f1_strong_t1|f2_strong_t2|f3_dup_a|f5_null|f7_weak|f8_bigcoef|noise_0,111010111,7,-3.358562934017181,0.0294567550004072,1.624044018241564,1.742724141650854,-3.21786988570944,0.1406930483077415
50,f1_strong_t1|f2_strong_t2|f3_dup_a|f6_suppressor|f7_weak|f8_bigcoef|noise_0,111001111,7,-1.6906488938331603,0.0313998667170431,3.291958058425585,3.52654149656815,-1.455322756913727,0.2353261369194332
50,f1_strong_t1|f2_strong_t2|f4_dup_b|f5_null|f6_suppressor|f7_weak|f8_bigcoef,110111110,7,-1.6731454491615296,0.0302435262618647,3.309461503097216,3.52654149656815,-1.4536785851545533,0.2194668640069763
50,f1_strong_t1|f2_strong_t2|f4_dup_b|f5_null|f6_suppressor|f7_weak|noise_0,110111101,7,-1.953097724723816,0.0304358735554151,3.0295092275349296,3.2509530369233715,-1.7299130192484211,0.2231847054753948
50,f1_strong_t1|f2_strong_t2|f4_dup_b|f5_null|f6_suppressor|f8_bigcoef|noise_0,110111011,7,-1.7580691301345823,0.0303025776171357,3.2245378221241627,3.443784277329364,-1.5379644333689753,0.2201046967656073
50,f1_strong_t1|f2_strong_t2|f4_dup_b|f5_null|f7_weak|f8_bigcoef|noise_0,110110111,7,-3.36215843296051,0.0294295675405322,1.6204485192982352,1.742724141650854,-3.216225713950266,0.1459327190102439
50,f1_strong_t1|f2_strong_t2|f4_dup_b|f6_suppressor|f7_weak|f8_bigcoef|noise_0,110101111,7,-1.6607397422790526,0.0305590184604878,3.3218672099796924,3.52654149656815,-1.4536785851545533,0.2070611571244993
50,f1_strong_t1|f2_strong_t2|f5_null|f6_suppressor|f7_weak|f8_bigcoef|noise_0,110011111,7,-1.9658348534584045,0.0325468866136414,3.016772098800341,3.201048311700317,-1.765882390628082,0.1999524628303224
50,f1_strong_t1|f3_dup_a|f4_dup_b|f5_null|f6_suppressor|f7_weak|f8_bigcoef,101111110,7,-2.450821670150757,0.0318962544219196,2.5317852821079883,2.732019807522262,-2.267629421046519,0.1831922491042381
50,f1_strong_t1|f3_dup_a|f4_dup_b|f5_null|f6_suppressor|f7_weak|noise_0,101111101,7,-2.728705020236969,0.0318097836113468,2.253901932021776,2.456431347877483,-2.543863855140388,0.1848411650965813
50,f1_strong_t1|f3_dup_a|f4_dup_b|f5_null|f6_suppressor|f8_bigcoef|noise_0,101111011,7,-2.539807498836517,0.0317291190818438,2.442799453422228,2.6492625882834755,-2.351915269260941,0.1878922295755756
50,f1_strong_t1|f3_dup_a|f4_dup_b|f5_null|f7_weak|f8_bigcoef|noise_0,101110111,7,-4.150987757110595,0.0311412565357488,0.83161919514815,0.9482024526049658,-4.030176549842233,0.1208112072683622
50,f1_strong_t1|f3_dup_a|f4_dup_b|f6_suppressor|f7_weak|f8_bigcoef|noise_0,101101111,7,-2.4523947956085204,0.0321559858970226,2.530212156650225,2.732019807522262,-2.267629421046519,0.1847653745620014
50,f1_strong_t1|f3_dup_a|f5_null|f6_suppressor|f7_weak|f8_bigcoef|noise_0,101011111,7,-2.484122223186493,0.0306854892987539,2.4984847290722523,2.7218225403511003,-2.278256865155645,0.2058653580308478
50,f1_strong_t1|f4_dup_b|f5_null|f6_suppressor|f7_weak|f8_bigcoef|noise_0,100111111,7,-2.4818716685295104,0.0307244700420423,2.500735283729235,2.7218225403511003,-2.2766126933964714,0.2052589751330389
50,f2_strong_t2|f3_dup_a|f4_dup_b|f5_null|f6_suppressor|f7_weak|f8_bigcoef,11111110,7,-3.523052264928818,0.031565856266962,1.4595546873299274,1.5697402177748048,-3.3839752839981445,0.1390769809306733
50,f2_strong_t2|f3_dup_a|f4_dup_b|f5_null|f6_suppressor|f7_weak|noise_0,11111101,7,-3.787260116195679,0.0313664581586824,1.1953468360630666,1.2941517581300257,-3.660209718092013,0.1270503981036657
50,f2_strong_t2|f3_dup_a|f4_dup_b|f5_null|f6_suppressor|f8_bigcoef|noise_0,11111011,7,-3.5960440792560577,0.0311335858972644,1.3865628730026875,1.486982998536018,-3.468261132212568,0.1277829470434901
50,f2_strong_t2|f3_dup_a|f4_dup_b|f5_null|f7_weak|f8_bigcoef|noise_0,11110111,7,-3.507362614297867,0.0312700956802728,1.4752443379608784,1.5697402177748048,-3.3839752839981445,0.1233873302997223
50,f2_strong_t2|f3_dup_a|f4_dup_b|f6_suppressor|f7_weak|f8_bigcoef|noise_0,11101111,7,-3.510686982965469,0.0314675004813493,1.471919969293276,1.5697402177748048,-3.3839752839981445,0.1267116989673247
50,f2_strong_t2|f3_dup_a|f5_null|f6_suppressor|f7_weak|f8_bigcoef|noise_0,11011111,7,-3.5334834074020387,0.0301932562808538,1.4491235448567066,1.5595429506036431,-3.394602728107272,0.1388806792947674
50,f2_strong_t2|f4_dup_b|f5_null|f6_suppressor|f7_weak|f8_bigcoef|noise_0,10111111,7,-3.529018534612656,0.0300250275812028,1.4535884176460896,1.5595429506036431,-3.392958556348098,0.1360599782645577
50,f3_dup_a|f4_dup_b|f5_null|f6_suppressor|f7_weak|f8_bigcoef|noise_0,1111111,7,-4.322542964506149,0.0315273976260531,0.6600639877525962,0.7650212615577549,-4.206909392240064,0.115633572266085
50,f1_strong_t1|f2_strong_t2|f3_dup_a|f4_dup_b|f5_null|f6_suppressor|f7_weak|f8_bigcoef,111111110,8,-1.6525838522911072,0.0318519818143793,3.3300230999676383,3.5367387637393115,-1.4446953128046012,0.2078885394865059
50,f1_strong_t1|f2_strong_t2|f3_dup_a|f4_dup_b|f5_null|f6_suppressor|f7_weak|noise_0,111111101,8,-1.920692618465424,0.0320169404594038,3.0619143337933217,3.261150304094533,-1.7209297468984697,0.1997628715669539
50,f1_strong_t1|f2_strong_t2|f3_dup_a|f4_dup_b|f5_null|f6_suppressor|f8_bigcoef|noise_0,111111011,8,-1.7406274734497071,0.0319372490240509,3.2419794788090384,3.4539815445005253,-1.5289811610190234,0.2116463124306837
50,f1_strong_t1|f2_strong_t2|f3_dup_a|f4_dup_b|f5_null|f7_weak|f8_bigcoef|noise_0,111110111,8,-3.3471201296806337,0.0309237844274318,1.6354868225781116,1.752921408822016,-3.2072424416003145,0.1398776880803192
50,f1_strong_t1|f2_strong_t2|f3_dup_a|f4_dup_b|f6_suppressor|f7_weak|f8_bigcoef|noise_0,111101111,8,-1.6451631872177124,0.0321092815780726,3.3374437650410327,3.5367387637393115,-1.4446953128046012,0.2004678744131112
50,f1_strong_t1|f2_strong_t2|f3_dup_a|f5_null|f6_suppressor|f7_weak|f8_bigcoef|noise_0,111011111,8,-1.699128666305542,0.031181166191851,3.283478285953203,3.52654149656815,-1.4553227569137268,0.2438059093918152
50,f1_strong_t1|f2_strong_t2|f4_dup_b|f5_null|f6_suppressor|f7_weak|f8_bigcoef|noise_0,110111111,8,-1.6797691632270813,0.0307177232298328,3.3028377890316643,3.52654149656815,-1.4536785851545533,0.2260905780725279
50,f1_strong_t1|f3_dup_a|f4_dup_b|f5_null|f6_suppressor|f7_weak|f8_bigcoef|noise_0,101111111,8,-2.4593537326812744,0.0322851116630261,2.523253219577471,2.732019807522262,-2.267629421046519,0.1917243116347555
50,f2_strong_t2|f3_dup_a|f4_dup_b|f5_null|f6_suppressor|f7_weak|f8_bigcoef|noise_0,11111111,8,-3.524350832080841,0.0317813540043395,1.458256120177904,1.5697402177748048,-3.3839752839981445,0.1403755480826967
50,f1_strong_t1|f2_strong_t2|f3_dup_a|f4_dup_b|f5_null|f6_suppressor|f7_weak|f8_bigcoef|noise_0,111111111,9,-1.6615579186439515,0.0322400936953505,3.321049033614794,3.5367387637393115,-1.4446953128046012,0.2168626058393503
55,none,0,0,-4.985118878269196,0.0305562745310259,-0.0025119260104506,0.0,-4.948509927820423,0.0366089504487732
55,f1_strong_t1,100000000,1,-4.838446068191528,0.0311733576835953,0.144160884067217,0.1831811910472108,-4.771777085422592,0.0666689827689364
55,f2_strong_t2,10000000,1,-4.18625517244339,0.0310435112983109,0.796351779815355,0.8047189562170504,-4.125575819578504,0.0606793528648861
55,f3_dup_a,1000000,1,-4.705036717987061,0.0292334659924885,0.2775702342716846,0.3254931848678336,-4.637950294106068,0.0670864238809931
55,f4_dup_b,100000,1,-4.698063006305695,0.0290871681072852,0.2845439459530503,0.3254931848678336,-4.636306122346894,0.0617568839588011
55,f5_null,10000,1,-4.996131297397613,0.0308959098134855,-0.013524345138868,0.0,-4.948509927820423,0.0476213695771905
55,f6_suppressor,1000,1,-5.002377460384369,0.0312805628859943,-0.0197705081256236,0.0,-4.948509927820423,0.0538675325639461
55,f7_weak,100,1,-4.849600187683105,0.0303302681385308,0.1330067645756401,0.1537423498739802,-4.804330904157414,0.0452692835256911
55,f8_bigcoef,10,1,-4.6695823007583614,0.0304721762197684,0.3130246515003838,0.3465735902799726,-4.612382318277969,0.0571999824803928
55,noise_0,1,1,-4.99074868068695,0.0308984953048907,-0.008141728428205,0.0,-4.948509927820423,0.0422387528665275
55,f1_strong_t1|f2_strong_t2,110000000,2,-4.047427248716354,0.0318703529422737,0.9351797035423912,0.9879001472642612,-3.948842977180674,0.0985842715356799
55,f1_strong_t1|f3_dup_a,101000000,2,-4.553416806030273,0.0298979473884442,0.4291901462284722,0.5086743759150446,-4.4612174517082375,0.0921993543220356
55,f1_strong_t1|f4_dup_b,100100000,2,-4.546160375499725,0.0297609854434974,0.4364465767590202,0.5086743759150446,-4.459573279949064,0.0865870955506613
55,f1_strong_t1|f5_null,100010000,2,-4.845478887271881,0.0315172337660422,0.1371280649868644,0.1831811910472108,-4.771777085422592,0.0737018018492889
55,f1_strong_t1|f6_suppressor,100001000,2,-3.183950511550904,0.0328299044670667,1.798656440707842,1.9669985459645072,-3.009229956626878,0.1747205549240251
55,f1_strong_t1|f7_weak,100000100,2,-4.702714701461792,0.0308726849566758,0.2798922507969532,0.3369235409211911,-4.627598061759583,0.0751166397022089
55,f1_strong_t1|f8_bigcoef,100000010,2,-4.525402792549134,0.0314984338578607,0.4572041597096117,0.5297547813271836,-4.435649475880138,0.0897533166689958
55,f1_strong_t1|noise_0,100000001,2,-4.8436605802536015,0.0314090786353802,0.1389463720051438,0.1831811910472108,-4.771777085422592,0.0718834948310096
55,f2_strong_t2|f3_dup_a,11000000,2,-3.910625859165192,0.0298082920798743,1.0719810930935538,1.130212141084884,-3.815016185864149,0.0956096733010429
55,f2_strong_t2|f4_dup_b,10100000,2,-3.905199126625061,0.0294618711091335,1.077407825633684,1.130212141084884,-3.813372014104975,0.091827112520086
55,f2_strong_t2|f5_null,10010000,2,-4.199239846467972,0.0315191955746138,0.7833671057907736,0.8047189562170504,-4.125575819578504,0.0736640268894675
55,f2_strong_t2|f6_suppressor,10001000,2,-4.206644345140457,0.0317363331912895,0.7759626071182879,0.8047189562170504,-4.125575819578504,0.0810685255619532
55,f2_strong_t2|f7_weak,10000100,2,-4.047357575750351,0.0308494923676447,0.935249376508394,0.9584613060910306,-3.981396795915495,0.0659607798348562
55,f2_strong_t2|f8_bigcoef,10000010,2,-3.8744395318984974,0.0309881620938191,1.108167420360247,1.151292546497023,-3.7894482100360496,0.0849913218624487
55,f2_strong_t2|noise_0,10000001,2,-4.194770655536652,0.0312796062981938,0.7878362967220935,0.8047189562170504,-4.125575819578504,0.0691948359581475
55,f3_dup_a|f4_dup_b,1100000,2,-4.697627495384216,0.0309272958686449,0.2849794568745292,0.3356904520389953,-4.627322849996943,0.0703046453872735
55,f3_dup_a|f5_null,1010000,2,-4.707895731544495,0.0293468536454919,0.2747112207142503,0.3254931848678336,-4.637950294106068,0.0699454374384274
55,f3_dup_a|f6_suppressor,1001000,2,-4.721910531997681,0.0300481172710244,0.2606964202610644,0.3254931848678336,-4.637950294106068,0.0839602378916133
55,f3_dup_a|f7_weak,1000100,2,-4.572328284740448,0.0291596672069344,0.4102786675182974,0.4792355347418139,-4.493771270443058,0.0785570142973899
55,f3_dup_a|f8_bigcoef,1000010,2,-4.389570748805999,0.0291778409668442,0.5930362034527459,0.6720667751478063,-4.3018226845636125,0.0877480642423869
55,f3_dup_a|noise_0,1000001,2,-4.710507394886017,0.0293236674522248,0.2720995573727283,0.3254931848678336,-4.637950294106068,0.0725571007799494
55,f4_dup_b|f5_null,110000,2,-4.705618980503083,0.0295196465139997,0.2769879717556627,0.3254931848678336,-4.636306122346894,0.0693128581561888
55,f4_dup_b|f6_suppressor,101000,2,-4.715261768722534,0.0300487882761672,0.2673451835362108,0.3254931848678336,-4.636306122346894,0.0789556463756406
55,f4_dup_b|f7_weak,100100,2,-4.563679725170135,0.0290570081223373,0.4189272270886102,0.4792355347418139,-4.492127098683885,0.07155262648625
55,f4_dup_b|f8_bigcoef,100010,2,-4.37933834438324,0.0287801063162175,0.6032686078755054,0.6720667751478063,-4.300178512804439,0.0791598315788011
55,f4_dup_b|noise_0,100001,2,-4.705967046356201,0.0293100083104909,0.2766399059025444,0.3254931848678336,-4.636306122346894,0.0696609240093071
55,f5_null|f6_suppressor,11000,2,-5.018662993240357,0.0321752773623542,-0.0360560409816113,0.0,-4.948509927820423,0.0701530654199338
55,f5_null|f7_weak,10100,2,-4.8577600763320925,0.0305456615968856,0.1248468759266527,0.1537423498739802,-4.804330904157414,0.0534291721746784
55,f5_null|f8_bigcoef,10010,2,-4.678902971172333,0.031028334340776,0.3037039810864126,0.3465735902799726,-4.612382318277969,0.066520652894364
55,f5_null|noise_0,10001,2,-4.998554796981812,0.0311126391083242,-0.0159478447230663,0.0,-4.948509927820423,0.0500448691613888
55,f6_suppressor|f7_weak,1100,2,-4.868248688411713,0.0312048403063642,0.1143582638470324,0.1537423498739802,-4.804330904157414,0.0639177842542988
55,f6_suppressor|f8_bigcoef,1010,2,-4.688787589263916,0.0312505988030646,0.2938193629948289,0.3465735902799726,-4.612382318277969,0.0764052709859477
55,f6_suppressor|noise_0,1001,2,-5.0112446894645695,0.0318477533656621,-0.0286377372058241,0.0,-4.948509927820423,0.0627347616441467
55,f7_weak|f8_bigcoef,110,2,-4.588471898651124,0.0307847357728018,0.3941350536076218,0.4293308095187594,-4.528096470063545,0.0603754285875783
55,f7_weak|noise_0,101,2,-4.858447299003601,0.0306169865857818,0.1241596532551438,0.1537423498739802,-4.804330904157414,0.0541163948461873
55,f8_bigcoef|noise_0,11,2,-4.676117619037628,0.0308006373649897,0.3064893332211174,0.3465735902799726,-4.612382318277969,0.0637353007596592
55,f1_strong_t1|f2_strong_t2|f3_dup_a,111000000,3,-3.7639811481952665,0.0307050320654919,1.2186258040634788,1.3133933321320947,-3.6382833434663175,0.1256978047289489
55,f1_strong_t1|f2_strong_t2|f4_dup_b,110100000,3,-3.760416922616959,0.0302050610251672,1.2221900296417867,1.3133933321320947,-3.636639171707144,0.1237777509098143
55,f1_strong_t1|f2_strong_t2|f5_null,110010000,3,-4.054196107149124,0.0319407480436794,0.9284108451096208,0.9879001472642612,-3.948842977180674,0.1053531299684502
55,f1_strong_t1|f2_strong_t2|f6_suppressor,110001000,3,-2.368208799171448,0.0336959005496301,2.614398153087297,2.771717502181557,-2.1862958483849595,0.1819129507864882
55,f1_strong_t1|f2_strong_t2|f7_weak,110000100,3,-3.90799818778038,0.0316929839749911,1.074608764478365,1.1416424971382413,-3.804663953517664,0.1033342342627161
55,f1_strong_t1|f2_strong_t2|f8_bigcoef,110000010,3,-3.7258059885025023,0.0315789462795329,1.256800963756243,1.3344737375442337,-3.6127153676382178,0.1130906208642845
55,f1_strong_t1|f2_strong_t2|noise_0,110000001,3,-4.057987876701355,0.0321934502607191,0.9246190755573904,0.9879001472642612,-3.948842977180674,0.1091448995206807
55,f1_strong_t1|f3_dup_a|f4_dup_b,101100000,3,-4.53967592830658,0.0315949803409446,0.4429310239521653,0.5188716430862063,-4.45059000759911,0.0890859207074701
55,f1_strong_t1|f3_dup_a|f5_null,101010000,3,-4.555274996089936,0.0300195972125207,0.4273319561688096,0.5086743759150446,-4.4612174517082375,0.0940575443816982
55,f1_strong_t1|f3_dup_a|f6_suppressor,101001000,3,-2.919596252822876,0.0313863283546341,2.063010699435869,2.292491730832341,-2.6986703229125224,0.2209259299103534
55,f1_strong_t1|f3_dup_a|f7_weak,101000100,3,-4.421342285060883,0.0299344731616493,0.5612646671978627,0.6624167257890249,-4.317038428045227,0.1043038570156555
55,f1_strong_t1|f3_dup_a|f8_bigcoef,101000010,3,-4.237484130048752,0.0300674011124321,0.7451228222099937,0.8552479661950173,-4.125089842165781,0.1123942878829709
55,f1_strong_t1|f3_dup_a|noise_0,101000001,3,-4.55805871257782,0.0299960074175737,0.4245482396809255,0.5086743759150446,-4.4612174517082375,0.0968412608695823
55,f1_strong_t1|f4_dup_b|f5_null,100110000,3,-4.5499611164093015,0.0301506450150405,0.4326458358494438,0.5086743759150446,-4.459573279949064,0.0903878364602377
55,f1_strong_t1|f4_dup_b|f6_suppressor,100101000,3,-2.9095007638931274,0.031209322399512,2.073106188365618,2.292491730832341,-2.697026151153349,0.2124746127397783
55,f1_strong_t1|f4_dup_b|f7_weak,100100100,3,-4.411094940757751,0.0295623523340159,0.5715120115009942,0.6624167257890249,-4.315394256286054,0.095700684471697
55,f1_strong_t1|f4_dup_b|f8_bigcoef,100100010,3,-4.232306622838974,0.0298424672731601,0.7503003294197716,0.8552479661950173,-4.123445670406608,0.1088609524323658
55,f1_strong_t1|f4_dup_b|noise_0,100100001,3,-4.551861780643463,0.02989738676167,0.4307451716152819,0.5086743759150446,-4.459573279949064,0.0922885006943996
55,f1_strong_t1|f5_null|f6_suppressor,100011000,3,-3.1971166445732115,0.0336250524127938,1.7854903076855335,1.9669985459645072,-3.009229956626878,0.1878866879463334
55,f1_strong_t1|f5_null|f7_weak,100010100,3,-4.709043859863281,0.0311712659879364,0.2735630923954639,0.3369235409211911,-4.627598061759583,0.0814457981036982
55,f1_strong_t1|f5_null|f8_bigcoef,100010010,3,-4.527349420261383,0.0317307045001881,0.4552575319973622,0.5297547813271836,-4.435649475880138,0.0916999443812454
55,f1_strong_t1|f5_null|noise_0,100010001,3,-4.849166703224182,0.0315815206183133,0.1334402490345629,0.1831811910472108,-4.771777085422592,0.0773896178015904
55,f1_strong_t1|f6_suppressor|f7_weak,100001100,3,-3.050962787628174,0.032604531574985,1.9316441646305715,2.1207408958384875,-2.865050932963869,0.185911854664305
55,f1_strong_t1|f6_suppressor|f8_bigcoef,100001010,3,-2.8500644046783448,0.0333726791630081,2.1325425475804005,2.3135721362444794,-2.6731023470844235,0.1769620575939212
55,f1_strong_t1|f6_suppressor|noise_0,100001001,3,-3.179208072519302,0.0335613202069338,1.8033988797394431,1.9669985459645072,-3.009229956626878,0.169978115892424
55,f1_strong_t1|f7_weak|f8_bigcoef,100000110,3,-4.438303052902222,0.0316153835926981,0.5443038993565237,0.6125120005659704,-4.351363627665714,0.0869394252365074
55,f1_strong_t1|f7_weak|noise_0,100000101,3,-4.7076834525108335,0.0310991847101326,0.2749234997479117,0.3369235409211911,-4.627598061759583,0.0800853907512504
55,f1_strong_t1|f8_bigcoef|noise_0,100000011,3,-4.520099548959732,0.0313026654870619,0.4625074032990133,0.5297547813271836,-4.435649475880138,0.0844500730795942
55,f2_strong_t2|f3_dup_a|f4_dup_b,11100000,3,-3.9001911148548127,0.0313680273858671,1.0824158374039323,1.1404094082560454,-3.804388741755023,0.0958023730997901
55,f2_strong_t2|f3_dup_a|f5_null,11010000,3,-3.917410845088959,0.0299626620889864,1.0651961071697866,1.130212141084884,-3.815016185864149,0.1023946592248101
55,f2_strong_t2|f3_dup_a|f6_suppressor,11001000,3,-3.929481867694855,0.030472485556182,1.0531250845638906,1.130212141084884,-3.815016185864149,0.1144656818307061
55,f2_strong_t2|f3_dup_a|f7_weak,11000100,3,-3.772103790187836,0.029699945351411,1.2105031620709097,1.2839544909588645,-3.6708371622011393,0.1012666279866962
55,f2_strong_t2|f3_dup_a|f8_bigcoef,11000010,3,-3.596202856969833,0.0297190231041148,1.386404095288912,1.4767857313648562,-3.478888576321694,0.1173142806481393
55,f2_strong_t2|f3_dup_a|noise_0,11000001,3,-3.917723562002182,0.0298109990754682,1.064883390256563,1.130212141084884,-3.815016185864149,0.1027073761380337
55,f2_strong_t2|f4_dup_b|f5_null,10110000,3,-3.914994630479813,0.0299925096892832,1.0676123217789328,1.130212141084884,-3.813372014104975,0.1016226163748372
55,f2_strong_t2|f4_dup_b|f6_suppressor,10101000,3,-3.921991205120088,0.0303177055976594,1.0606157471386588,1.130212141084884,-3.813372014104975,0.1086191910151113
55,f2_strong_t2|f4_dup_b|f7_weak,10100100,3,-3.765716327238082,0.0295007932528525,1.2168906250206626,1.2839544909588645,-3.669192990441967,0.0965233367961158
55,f2_strong_t2|f4_dup_b|f8_bigcoef,10100010,3,-3.587539888381958,0.0292416246256268,1.3950670638767877,1.4767857313648562,-3.4772444045625206,0.1102954838194372
55,f2_strong_t2|f4_dup_b|noise_0,10100001,3,-3.9157674571990966,0.0296039305143519,1.0668394950596487,1.130212141084884,-3.813372014104975,0.1023954430941214
55,f2_strong_t2|f5_null|f6_suppressor,10011000,3,-4.223224403524399,0.0324346974249058,0.7593825487343464,0.8047189562170504,-4.125575819578504,0.0976485839458947
55,f2_strong_t2|f5_null|f7_weak,10010100,3,-4.05745626950264,0.0312176218801507,0.9251506827561052,0.9584613060910306,-3.981396795915495,0.0760594735871449
55,f2_strong_t2|f5_null|f8_bigcoef,10010010,3,-3.881885640573501,0.0314707461541831,1.100721311685244,1.151292546497023,-3.7894482100360496,0.0924374305374517
55,f2_strong_t2|f5_null|noise_0,10010001,3,-4.205747808599472,0.0317004682444967,0.7768591436592729,0.8047189562170504,-4.125575819578504,0.0801719890209682
55,f2_strong_t2|f6_suppressor|f7_weak,10001100,3,-4.06892047958374,0.0317527352792645,0.9136864726750052,0.9584613060910306,-3.981396795915495,0.0875236836682451
55,f2_strong_t2|f6_suppressor|f8_bigcoef,10001010,3,-3.893262141799927,0.0317664755800006,1.0893448104588184,1.151292546497023,-3.7894482100360496,0.1038139317638773
55,f2_strong_t2|f6_suppressor|noise_0,10001001,3,-4.216329416561127,0.0322651980120501,0.7662775356976184,0.8047189562170504,-4.125575819578504,0.0907535969826227
55,f2_strong_t2|f7_weak|f8_bigcoef,10000110,3,-3.794531709098816,0.0313854409833042,1.1880752431599295,1.2340497657358096,-3.705162361821627,0.0893693472771888
55,f2_strong_t2|f7_weak|noise_0,10000101,3,-4.057493261766433,0.0311394135528702,0.9251136904923118,0.9584613060910306,-3.981396795915495,0.0760964658509384
55,f2_strong_t2|f8_bigcoef|noise_0,10000011,3,-3.88172803812027,0.0312706746181041,1.1008789141384754,1.151292546497023,-3.7894482100360496,0.0922798280842203
55,f3_dup_a|f4_dup_b|f5_null,1110000,3,-4.707061410331726,0.0312449190650157,0.2755455419270189,0.3356904520389953,-4.627322849996943,0.0797385603347837
55,f3_dup_a|f4_dup_b|f6_suppressor,1101000,3,-4.718711273288727,0.0319974330925267,0.2638956789700186,0.3356904520389953,-4.627322849996943,0.0913884232917841
55,f3_dup_a|f4_dup_b|f7_weak,1100100,3,-4.568451897525788,0.031127927381669,0.4141550547329578,0.4894328019129755,-4.483143826333933,0.0853080711918545
55,f3_dup_a|f4_dup_b|f8_bigcoef,1100010,3,-4.378210076141357,0.0306907604179478,0.6043968761173879,0.682264042318968,-4.291195240454487,0.0870148356868707
55,f3_dup_a|f4_dup_b|noise_0,1100001,3,-4.705182398223877,0.0310237659522331,0.2774245540348685,0.3356904520389953,-4.627322849996943,0.0778595482269342
55,f3_dup_a|f5_null|f6_suppressor,1011000,3,-4.727693943405152,0.030537655642087,0.2549130088535936,0.3254931848678336,-4.637950294106068,0.0897436492990841
55,f3_dup_a|f5_null|f7_weak,1010100,3,-4.574787608337402,0.0292424560018571,0.4078193439213429,0.4792355347418139,-4.493771270443058,0.0810163378943444
55,f3_dup_a|f5_null|f8_bigcoef,1010010,3,-4.394323881816864,0.0294946301903261,0.5882830704418813,0.6720667751478063,-4.3018226845636125,0.0925011972532514
55,f3_dup_a|f5_null|noise_0,1010001,3,-4.714620951843262,0.0294340939499097,0.2679860004154832,0.3254931848678336,-4.637950294106068,0.0766706577371945
55,f3_dup_a|f6_suppressor|f7_weak,1001100,3,-4.588778952407837,0.0301467301274257,0.3938279998509086,0.4792355347418139,-4.493771270443058,0.0950076819647787
55,f3_dup_a|f6_suppressor|f8_bigcoef,1001010,3,-4.406790222930908,0.0300053361999968,0.5758167293278369,0.6720667751478063,-4.3018226845636125,0.1049675383672958
55,f3_dup_a|f6_suppressor|noise_0,1001001,3,-4.727755877685547,0.0302917319511922,0.2548510745731986,0.3254931848678336,-4.637950294106068,0.0898055835794791
55,f3_dup_a|f7_weak|f8_bigcoef,1000110,3,-4.311407127761841,0.0297113229471812,0.6711998244969042,0.7548239943865932,-4.21753683634919,0.0938702914126512
55,f3_dup_a|f7_weak|noise_0,1000101,3,-4.580083846950531,0.0292574020071961,0.4025231053082141,0.4792355347418139,-4.493771270443058,0.0863125765074732
55,f3_dup_a|f8_bigcoef|noise_0,1000011,3,-4.396097099018097,0.0293083982704904,0.5865098532406483,0.6720667751478063,-4.3018226845636125,0.0942744144544844
55,f4_dup_b|f5_null|f6_suppressor,111000,3,-4.725439739894867,0.0307929219777451,0.2571672123638784,0.3254931848678336,-4.636306122346894,0.0891336175479731
55,f4_dup_b|f5_null|f7_weak,110100,3,-4.569455871295929,0.0292949761496662,0.413151080962816,0.4792355347418139,-4.492127098683885,0.0773287726120441
55,f4_dup_b|f5_null|f8_bigcoef,110010,3,-4.38625778799057,0.0293738453407441,0.5963491642681751,0.6720667751478063,-4.300178512804439,0.0860792751861314
55,f4_dup_b|f5_null|noise_0,110001,3,-4.711329467105865,0.0296088228035189,0.2712774851528801,0.3254931848678336,-4.636306122346894,0.0750233447589714
55,f4_dup_b|f6_suppressor|f7_weak,101100,3,-4.581165415477753,0.0300311997132146,0.4014415367809922,0.4792355347418139,-4.492127098683885,0.0890383167938679
55,f4_dup_b|f6_suppressor|f8_bigcoef,101010,3,-4.399887163639068,0.0299664128479252,0.5827197886196771,0.6720667751478063,-4.300178512804439,0.0997086508346294
55,f4_dup_b|f6_suppressor|noise_0,101001,3,-4.72119876871109,0.0304389345092261,0.2614081835476556,0.3254931848678336,-4.636306122346894,0.0848926463641959
55,f4_dup_b|f7_weak|f8_bigcoef,100110,3,-4.30061347694397,0.029345934463934,0.6819934753147754,0.7548239943865932,-4.215892664590016,0.0847208123539537
55,f4_dup_b|f7_weak|noise_0,100101,3,-4.574814432144165,0.0291924781191402,0.4077925201145804,0.4792355347418139,-4.492127098683885,0.0826873334602797
55,f4_dup_b|f8_bigcoef|noise_0,100011,3,-4.387781913471222,0.0290163641108303,0.5948250387875236,0.6720667751478063,-4.300178512804439,0.0876034006667829
55,f5_null|f6_suppressor|f7_weak,11100,3,-4.882807402610779,0.0319455298309607,0.0997995496479662,0.1537423498739802,-4.804330904157414,0.078476498453365
55,f5_null|f6_suppressor|f8_bigcoef,11010,3,-4.699103605651856,0.0320296239876166,0.2835033466068895,0.3465735902799726,-4.612382318277969,0.0867212873738871
55,f5_null|f6_suppressor|noise_0,11001,3,-5.023889256668091,0.0324534111686221,-0.0412823044093455,0.0,-4.948509927820423,0.075379328847668
55,f5_null|f7_weak|f8_bigcoef,10110,3,-4.599149537372589,0.0312715802559153,0.3834574148861565,0.4293308095187594,-4.528096470063545,0.0710530673090437
55,f5_null|f7_weak|noise_0,10101,3,-4.865111893463134,0.0308169763714191,0.1174950587956109,0.1537423498739802,-4.804330904157414,0.0607809893057202
55,f5_null|f8_bigcoef|noise_0,10011,3,-4.684559383392334,0.0312309964640113,0.2980475688664112,0.3465735902799726,-4.612382318277969,0.0721770651143653
55,f6_suppressor|f7_weak|f8_bigcoef,1110,3,-4.607626182937622,0.0317191160142917,0.3749807693211231,0.4293308095187594,-4.528096470063545,0.079529712874077
55,f6_suppressor|f7_weak|noise_0,1101,3,-4.87674106464386,0.0316647397221888,0.1058658876148852,0.1537423498739802,-4.804330904157414,0.072410160486446
55,f6_suppressor|f8_bigcoef|noise_0,1011,3,-4.695705041313172,0.0317428304376287,0.2869019109455735,0.3465735902799726,-4.612382318277969,0.0833227230352031
55,f7_weak|f8_bigcoef|noise_0,111,3,-4.5961533165931705,0.0310301512528477,0.3864536356655748,0.4293308095187594,-4.528096470063545,0.0680568465296254
55,f1_strong_t1|f2_strong_t2|f3_dup_a|f4_dup_b,111100000,4,-3.748572944688797,0.0322253634047449,1.234034007569948,1.3235905993032566,-3.627655899357192,0.1209170453316055
55,f1_strong_t1|f2_strong_t2|f3_dup_a|f5_null,111010000,4,-3.7635294923782334,0.0305522825099101,1.2190774598805103,1.3133933321320947,-3.6382833434663175,0.1252461489119172
55,f1_strong_t1|f2_strong_t2|f3_dup_a|f6_suppressor,111001000,4,-2.119937681293488,0.0323316178205384,2.8626692709652577,3.097210687049391,-1.875736214670604,0.2442014666228835
55,f1_strong_t1|f2_strong_t2|f3_dup_a|f7_weak,111000100,4,-3.625803135061264,0.0307432711295942,1.3568038171974814,1.467135682006075,-3.4941043198033093,0.1316988152579545
55,f1_strong_t1|f2_strong_t2|f3_dup_a|f8_bigcoef,111000010,4,-3.445686336183548,0.0306094503027311,1.5369206160751974,1.6599669224120674,-3.302155733923863,0.1435306022596849
55,f1_strong_t1|f2_strong_t2|f3_dup_a|noise_0,111000001,4,-3.774595102310181,0.0308574721651486,1.2080118499485648,1.3133933321320947,-3.6382833434663175,0.1363117588438629
55,f1_strong_t1|f2_strong_t2|f4_dup_b|f5_null,110110000,4,-3.763430695962906,0.030389654651276,1.2191762562958393,1.3133933321320947,-3.636639171707144,0.1267915242557618
55,f1_strong_t1|f2_strong_t2|f4_dup_b|f6_suppressor,110101000,4,-2.097248873138428,0.0318258322720329,2.885358079120317,3.097210687049391,-1.8740920429114305,0.2231568302269975
55,f1_strong_t1|f2_strong_t2|f4_dup_b|f7_weak,110100100,4,-3.619465892648697,0.0301741381296944,1.3631410596100482,1.467135682006075,-3.492460148044135,0.127005744604562
55,f1_strong_t1|f2_strong_t2|f4_dup_b|f8_bigcoef,110100010,4,-3.437774308681488,0.0298835660580474,1.5448326435772572,1.6599669224120674,-3.3005115621646897,0.1372627465167983
55,f1_strong_t1|f2_strong_t2|f4_dup_b|noise_0,110100001,4,-3.7691493968486784,0.0303499234722235,1.2134575554100668,1.3133933321320947,-3.636639171707144,0.1325102251415342
55,f1_strong_t1|f2_strong_t2|f5_null|f6_suppressor,110011000,4,-2.38643917388916,0.0342628418207361,2.596167778369585,2.771717502181557,-2.1862958483849595,0.2001433255042006
55,f1_strong_t1|f2_strong_t2|f5_null|f7_weak,110010100,4,-3.913878660154343,0.0317275882421473,1.0687282921044026,1.1416424971382413,-3.804663953517664,0.1092147066366786
55,f1_strong_t1|f2_strong_t2|f5_null|f8_bigcoef,110010010,4,-3.729660263442993,0.0318151297343252,1.252946688815752,1.3344737375442337,-3.6127153676382178,0.1169448958047754
55,f1_strong_t1|f2_strong_t2|f5_null|noise_0,110010001,4,-4.062537368583679,0.0321187297774412,0.9200695836750664,0.9879001472642612,-3.948842977180674,0.1136943914030048
55,f1_strong_t1|f2_strong_t2|f6_suppressor|f7_weak,110001100,4,-2.245693043422699,0.0336053335616422,2.7369139088360463,2.9254598520555377,-2.0421168247219508,0.2035762187007481
55,f1_strong_t1|f2_strong_t2|f6_suppressor|f8_bigcoef,110001010,4,-2.046656875038147,0.0336787871248306,2.9359500772205984,3.11829109246153,-1.8501682388425047,0.1964886361956421
55,f1_strong_t1|f2_strong_t2|f6_suppressor|noise_0,110001001,4,-2.375549172210693,0.0345151772042199,2.607057780048052,2.771717502181557,-2.1862958483849595,0.1892533238257336
55,f1_strong_t1|f2_strong_t2|f7_weak|f8_bigcoef,110000110,4,-3.641142843580246,0.0320466323472942,1.3414641086784993,1.4172309567830204,-3.528429519423795,0.1127133241564508
55,f1_strong_t1|f2_strong_t2|f7_weak|noise_0,110000101,4,-3.914632491207122,0.0318748817942795,1.0679744610516226,1.1416424971382413,-3.804663953517664,0.1099685376894585
55,f1_strong_t1|f2_strong_t2|f8_bigcoef|noise_0,110000011,4,-3.7288988325595858,0.0318131006428285,1.2537081196991595,1.3344737375442337,-3.6127153676382178,0.116183464921368
55,f1_strong_t1|f3_dup_a|f4_dup_b|f5_null,101110000,4,-4.5457382201194765,0.0319419061089345,0.4368687321392688,0.5188716430862063,-4.450590007599112,0.0951482125203648
55,f1_strong_t1|f3_dup_a|f4_dup_b|f6_suppressor,101101000,4,-2.918123736667633,0.0332478749731224,2.064483215591112,2.302688998003503,-2.688042878803397,0.2300808578642361
55,f1_strong_t1|f3_dup_a|f4_dup_b|f7_weak,101100100,4,-4.410472577953339,0.0317810336769697,0.5721343743054064,0.6726139929601865,-4.306410983936101,0.1040615940172378
55,f1_strong_t1|f3_dup_a|f4_dup_b|f8_bigcoef,101100010,4,-4.223745060634613,0.0315655772505793,0.7588618916241323,0.8654452333661787,-4.114462398056656,0.1092826625779572
55,f1_strong_t1|f3_dup_a|f4_dup_b|noise_0,101100001,4,-4.546542337799072,0.0317334029054991,0.4360646144596733,0.5188716430862063,-4.45059000759911,0.095952330199962
55,f1_strong_t1|f3_dup_a|f5_null|f6_suppressor,101011000,4,-2.9053454557418825,0.0318032858246277,2.0772614965168628,2.292491730832341,-2.6986703229125224,0.2066751328293601
55,f1_strong_t1|f3_dup_a|f5_null|f7_weak,101010100,4,-4.421703484725952,0.0299440297684135,0.5609034675327935,0.6624167257890249,-4.317038428045227,0.1046650566807247
55,f1_strong_t1|f3_dup_a|f5_null|f8_bigcoef,101010010,4,-4.238296172189712,0.0301709095549492,0.744310780069033,0.8552479661950173,-4.125089842165781,0.1132063300239316
55,f1_strong_t1|f3_dup_a|f5_null|noise_0,101010001,4,-4.559907641124726,0.030068864665104,0.4226993111340196,0.5086743759150446,-4.4612174517082375,0.0986901894164882
55,f1_strong_t1|f3_dup_a|f6_suppressor|f7_weak,101001100,4,-2.7749475966453554,0.0313789737110602,2.20765935561339,2.446234080706321,-2.554491299249513,0.2204562973958421
55,f1_strong_t1|f3_dup_a|f6_suppressor|f8_bigcoef,101001010,4,-2.5890305515289307,0.0319160068473002,2.3935764007298146,2.639065321112313,-2.362542713370068,0.2264878381588628
55,f1_strong_t1|f3_dup_a|f6_suppressor|noise_0,101001001,4,-2.9216199065208435,0.031896703528846,2.060987045737902,2.292491730832341,-2.6986703229125224,0.222949583608321
55,f1_strong_t1|f3_dup_a|f7_weak|f8_bigcoef,101000110,4,-4.160888638734818,0.0308474656814322,0.8217183135239274,0.938005185433804,-4.040803993951359,0.1200846447834589
55,f1_strong_t1|f3_dup_a|f7_weak|noise_0,101000101,4,-4.425378662872315,0.0299136737978623,0.5572282893864307,0.6624167257890249,-4.317038428045227,0.1083402348270876
55,f1_strong_t1|f3_dup_a|f8_bigcoef|noise_0,101000011,4,-4.2405625194072725,0.0300167553382205,0.7420444328514728,0.8552479661950173,-4.125089842165781,0.1154726772414918
55,f1_strong_t1|f4_dup_b|f5_null|f6_suppressor,100111000,4,-2.92074466676712,0.0322280500606898,2.061862285491625,2.292491730832341,-2.697026151153349,0.2237185156137711
55,f1_strong_t1|f4_dup_b|f5_null|f7_weak,100110100,4,-4.414868373012543,0.0297814722613422,0.5677385792462024,0.6624167257890249,-4.315394256286054,0.0994741167264887
55,f1_strong_t1|f4_dup_b|f5_null|f8_bigcoef,100110010,4,-4.229594068002701,0.0300312283161202,0.7530128842560444,0.8552479661950173,-4.123445670406608,0.106148397596093
55,f1_strong_t1|f4_dup_b|f5_null|noise_0,100110001,4,-4.555661711215973,0.0301552583356742,0.4269452410427723,0.5086743759150446,-4.459573279949064,0.0960884312669092
55,f1_strong_t1|f4_dup_b|f6_suppressor|f7_weak,100101100,4,-2.775513895511627,0.0310053041439627,2.207093056747118,2.446234080706321,-2.55284712749034,0.2226667680212872
55,f1_strong_t1|f4_dup_b|f6_suppressor|f8_bigcoef,100101010,4,-2.5716310150146486,0.0316362654255988,2.4109759372440966,2.639065321112313,-2.3608985416108945,0.2107324734037541
55,f1_strong_t1|f4_dup_b|f6_suppressor|noise_0,100101001,4,-2.9089379821777346,0.0318919824188637,2.0736689700810107,2.292491730832341,-2.697026151153349,0.2119118310243855
55,f1_strong_t1|f4_dup_b|f7_weak|f8_bigcoef,100100110,4,-4.146418137550354,0.030203840212017,0.8361888147083913,0.938005185433804,-4.039159822192186,0.1072583153581678
55,f1_strong_t1|f4_dup_b|f7_weak|noise_0,100100101,4,-4.4179453789711,0.0296589227350769,0.564661573287645,0.6624167257890249,-4.315394256286054,0.1025511226850461
55,f1_strong_t1|f4_dup_b|f8_bigcoef|noise_0,100100011,4,-4.2317646202087404,0.0297003695920368,0.7508423320500048,0.8552479661950173,-4.123445670406608,0.1083189498021326
55,f1_strong_t1|f5_null|f6_suppressor|f7_weak,100011100,4,-3.062200846099853,0.0336176682596293,1.920406106158892,2.1207408958384875,-2.865050932963869,0.1971499131359846
55,f1_strong_t1|f5_null|f6_suppressor|f8_bigcoef,100011010,4,-2.8716696124076844,0.034065857795811,2.110937339851061,2.3135721362444794,-2.6731023470844235,0.1985672653232608
55,f1_strong_t1|f5_null|f6_suppressor|noise_0,100011001,4,-3.197143213939667,0.0340889193970848,1.7854637383190783,1.9669985459645072,-3.009229956626878,0.1879132573127888
55,f1_strong_t1|f5_null|f7_weak|f8_bigcoef,100010110,4,-4.44440047750473,0.0320152657108814,0.5382064747540154,0.6125120005659704,-4.351363627665714,0.0930368498390157
55,f1_strong_t1|f5_null|f7_weak|noise_0,100010101,4,-4.713179794883728,0.0313049486785457,0.2694271573750173,0.3369235409211911,-4.627598061759583,0.0855817331241448
55,f1_strong_t1|f5_null|f8_bigcoef|noise_0,100010011,4,-4.526560768938064,0.0316400463322671,0.456046183320681,0.5297547813271836,-4.435649475880138,0.0909112930579265
55,f1_strong_t1|f6_suppressor|f7_weak|f8_bigcoef,100001110,4,-2.773913276576996,0.0336220522450453,2.208693675681749,2.3963293554832665,-2.588816498870001,0.1850967777069949
55,f1_strong_t1|f6_suppressor|f7_weak|noise_0,100001101,4,-3.04674576587677,0.0330651738707364,1.9358611863819752,2.1207408958384875,-2.865050932963869,0.1816948329129011
55,f1_strong_t1|f6_suppressor|f8_bigcoef|noise_0,100001011,4,-2.8504388498306272,0.0336716173899193,2.132168102428118,2.3135721362444794,-2.6731023470844235,0.1773365027462037
55,f1_strong_t1|f7_weak|f8_bigcoef|noise_0,100000111,4,-4.438681441497803,0.0316463495572727,0.5439255107609426,0.6125120005659704,-4.351363627665714,0.0873178138320884
55,f2_strong_t2|f3_dup_a|f4_dup_b|f5_null,11110000,4,-3.911787939596176,0.0317633604382751,1.070819012662569,1.1404094082560454,-3.804388741755023,0.1073991978411537
55,f2_strong_t2|f3_dup_a|f4_dup_b|f6_suppressor,11101000,4,-3.9212755039691927,0.0322857967695009,1.0613314482895526,1.1404094082560454,-3.804388741755023,0.11688676221417
55,f2_strong_t2|f3_dup_a|f4_dup_b|f7_weak,11100100,4,-3.763428145170212,0.0315491766287996,1.2191788070885337,1.2941517581300257,-3.660209718092013,0.1032184270781986
55,f2_strong_t2|f3_dup_a|f4_dup_b|f8_bigcoef,11100010,4,-3.579614734697342,0.0311866951321621,1.4029922175614034,1.486982998536018,-3.468261132212568,0.1113536024847743
55,f2_strong_t2|f3_dup_a|f4_dup_b|noise_0,11100001,4,-3.9089077153205873,0.0313713021441616,1.073699236938158,1.1404094082560454,-3.804388741755023,0.1045189735655647
55,f2_strong_t2|f3_dup_a|f5_null|f6_suppressor,11011000,4,-3.9370102927207946,0.0308325375025802,1.045596659537951,1.130212141084884,-3.815016185864149,0.1219941068566461
55,f2_strong_t2|f3_dup_a|f5_null|f7_weak,11010100,4,-3.776966351699829,0.0297843464209661,1.2056406005589162,1.2839544909588645,-3.6708371622011393,0.1061291894986897
55,f2_strong_t2|f3_dup_a|f5_null|f8_bigcoef,11010010,4,-3.598384156751633,0.0299368643416393,1.3842227955071125,1.4767857313648562,-3.478888576321694,0.1194955804299389
55,f2_strong_t2|f3_dup_a|f5_null|noise_0,11010001,4,-3.9236796113967896,0.0299288730872515,1.0589273408619555,1.130212141084884,-3.815016185864149,0.108663425532641
55,f2_strong_t2|f3_dup_a|f6_suppressor|f7_weak,11001100,4,-3.791158637332917,0.0305219377023762,1.1914483149258288,1.2839544909588645,-3.6708371622011393,0.1203214751317771
55,f2_strong_t2|f3_dup_a|f6_suppressor|f8_bigcoef,11001010,4,-3.613853465414047,0.0305417180178996,1.3687534868446982,1.4767857313648562,-3.478888576321694,0.1349648890923531
55,f2_strong_t2|f3_dup_a|f6_suppressor|noise_0,11001001,4,-3.938225682640076,0.0307320126101127,1.0443812696186696,1.130212141084884,-3.815016185864149,0.1232094967759271
55,f2_strong_t2|f3_dup_a|f7_weak|f8_bigcoef,11000110,4,-3.514684750890732,0.0303173850325925,1.4679222013680135,1.5595429506036431,-3.394602728107272,0.1200820227834604
55,f2_strong_t2|f3_dup_a|f7_weak|noise_0,11000101,4,-3.780666814994812,0.0297566166498935,1.2019401372639331,1.2839544909588645,-3.6708371622011393,0.1098296527936728
55,f2_strong_t2|f3_dup_a|f8_bigcoef|noise_0,11000011,4,-3.60336919670105,0.0298379677471412,1.3792377555576951,1.4767857313648562,-3.478888576321694,0.124480620379356
55,f2_strong_t2|f4_dup_b|f5_null|f6_suppressor,10111000,4,-3.933639899063112,0.0310455094466558,1.0489670531956348,1.130212141084884,-3.813372014104975,0.1202678849581353
55,f2_strong_t2|f4_dup_b|f5_null|f7_weak,10110100,4,-3.774534689283371,0.0298521593683371,1.2080722629753744,1.2839544909588645,-3.669192990441967,0.1053416988414039
55,f2_strong_t2|f4_dup_b|f5_null|f8_bigcoef,10110010,4,-3.593145694208145,0.0298265192354676,1.3894612580506005,1.4767857313648562,-3.4772444045625206,0.1159012896456244
55,f2_strong_t2|f4_dup_b|f5_null|noise_0,10110001,4,-3.9241415031909934,0.0300533636109296,1.058465449067751,1.130212141084884,-3.813372014104975,0.1107694890860191
55,f2_strong_t2|f4_dup_b|f6_suppressor|f7_weak,10101100,4,-3.7828582436561584,0.0304460480648676,1.1997487086025869,1.2839544909588645,-3.669192990441967,0.1136652532141915
55,f2_strong_t2|f4_dup_b|f6_suppressor|f8_bigcoef,10101010,4,-3.604503514099121,0.0302619984007369,1.378103438159624,1.4767857313648562,-3.4772444045625206,0.1272591095366007
55,f2_strong_t2|f4_dup_b|f6_suppressor|noise_0,10101001,4,-3.932351814651489,0.0307343171832336,1.0502551376072562,1.130212141084884,-3.813372014104975,0.1189798005465139
55,f2_strong_t2|f4_dup_b|f7_weak|f8_bigcoef,10100110,4,-3.507877979803085,0.029910984556331,1.4747289724556598,1.5595429506036431,-3.392958556348098,0.1149194234549875
55,f2_strong_t2|f4_dup_b|f7_weak|noise_0,10100101,4,-3.777697084474564,0.0295888323335414,1.2049098677841816,1.2839544909588645,-3.669192990441967,0.1085040940325967
55,f2_strong_t2|f4_dup_b|f8_bigcoef|noise_0,10100011,4,-3.5981335436344146,0.0294562750040668,1.3844734086243309,1.4767857313648562,-3.4772444045625206,0.120889139071894
55,f2_strong_t2|f5_null|f6_suppressor|f7_weak,10011100,4,-4.0851761739254,0.0323226271190894,0.8974307783333453,0.9584613060910306,-3.981396795915495,0.103779378009905
55,f2_strong_t2|f5_null|f6_suppressor|f8_bigcoef,10011010,4,-3.901080491447449,0.0323394738211481,1.0815264608112964,1.151292546497023,-3.7894482100360496,0.1116322814113992
55,f2_strong_t2|f5_null|f6_suppressor|noise_0,10011001,4,-4.232486156988144,0.0327851480931108,0.7501207952706013,0.8047189562170504,-4.125575819578504,0.1069103374096398
55,f2_strong_t2|f5_null|f7_weak|f8_bigcoef,10010110,4,-3.8039729325294496,0.0318673283774085,1.1786340197292955,1.2340497657358096,-3.705162361821627,0.0988105707078226
55,f2_strong_t2|f5_null|f7_weak|noise_0,10010101,4,-4.067242187786103,0.0314381667221053,0.9153647644726428,0.9584613060910306,-3.981396795915495,0.0858453918706074
55,f2_strong_t2|f5_null|f8_bigcoef|noise_0,10010011,4,-3.889986907815933,0.0316889275978916,1.0926200444428122,1.151292546497023,-3.7894482100360496,0.1005386977798834
55,f2_strong_t2|f6_suppressor|f7_weak|f8_bigcoef,10001110,4,-3.8136606612682336,0.0323849697018437,1.1689462909905108,1.2340497657358096,-3.705162361821627,0.1084982994466075
55,f2_strong_t2|f6_suppressor|f7_weak|noise_0,10001101,4,-4.079665259075165,0.0321780103921544,0.90294169318358,0.9584613060910306,-3.981396795915495,0.0982684631596702
55,f2_strong_t2|f6_suppressor|f8_bigcoef|noise_0,10001011,4,-3.896776880598068,0.032200509158831,1.085830071660677,1.151292546497023,-3.7894482100360496,0.1073286705620186
55,f2_strong_t2|f7_weak|f8_bigcoef|noise_0,10000111,4,-3.801423787641525,0.0316371334701344,1.1811831646172202,1.2340497657358096,-3.705162361821627,0.0962614258198981
55,f3_dup_a|f4_dup_b|f5_null|f6_suppressor,1111000,4,-4.727215910434723,0.0325874948864681,0.2553910418240219,0.3356904520389953,-4.627322849996943,0.0998930604377807
55,f3_dup_a|f4_dup_b|f5_null|f7_weak,1110100,4,-4.574674732398987,0.0312644689618373,0.4079322198597586,0.4894328019129755,-4.483143826333933,0.0915309060650537
55,f3_dup_a|f4_dup_b|f5_null|f8_bigcoef,1110010,4,-4.38907144575119,0.0311756952626137,0.5935355065075552,0.682264042318968,-4.291195240454487,0.0978762052967034
55,f3_dup_a|f4_dup_b|f5_null|noise_0,1110001,4,-4.71234212846756,0.0312965319615414,0.2702648237911855,0.3356904520389953,-4.627322849996943,0.0850192784706171
55,f3_dup_a|f4_dup_b|f6_suppressor|f7_weak,1101100,4,-4.588634387302399,0.0322695999717669,0.3939725649563463,0.4894328019129755,-4.483143826333933,0.1054905609684659
55,f3_dup_a|f4_dup_b|f6_suppressor|f8_bigcoef,1101010,4,-4.400369472885132,0.0318090032836076,0.5822374793736138,0.682264042318968,-4.291195240454487,0.1091742324306448
55,f3_dup_a|f4_dup_b|f6_suppressor|noise_0,1101001,4,-4.7214622563362125,0.0322118771556433,0.2611446959225327,0.3356904520389953,-4.627322849996943,0.0941394063392699
55,f3_dup_a|f4_dup_b|f7_weak|f8_bigcoef,1100110,4,-4.3029002691268925,0.0314752798671298,0.6797066831318528,0.7650212615577549,-4.206909392240064,0.0959908768868285
55,f3_dup_a|f4_dup_b|f7_weak|noise_0,1100101,4,-4.574488609695434,0.0311192339364745,0.408118342563311,0.4894328019129755,-4.483143826333933,0.0913447833615013
55,f3_dup_a|f4_dup_b|f8_bigcoef|noise_0,1100011,4,-4.3852947887420655,0.0308483598086203,0.5973121635166798,0.682264042318968,-4.291195240454487,0.0940995482875788
55,f3_dup_a|f5_null|f6_suppressor|f7_weak,1011100,4,-4.595154261398315,0.0305186167689355,0.3874526908604299,0.4792355347418139,-4.493771270443058,0.1013829909552574
55,f3_dup_a|f5_null|f6_suppressor|f8_bigcoef,1011010,4,-4.410788474750519,0.0305055853027428,0.5718184775082262,0.6720667751478063,-4.3018226845636125,0.1089657901869065
55,f3_dup_a|f5_null|f6_suppressor|noise_0,1011001,4,-4.735382529449463,0.030726819539338,0.2472244228092828,0.3254931848678336,-4.637950294106068,0.0974322353433949
55,f3_dup_a|f5_null|f7_weak|f8_bigcoef,1010110,4,-4.316134101486206,0.0300173424029884,0.6664728507725393,0.7548239943865932,-4.21753683634919,0.0985972651370161
55,f3_dup_a|f5_null|f7_weak|noise_0,1010101,4,-4.582409006690979,0.0293186425819386,0.4001979455677666,0.4792355347418139,-4.493771270443058,0.0886377362479207
55,f3_dup_a|f5_null|f8_bigcoef|noise_0,1010011,4,-4.401500431442261,0.0295204622774065,0.5811065208164843,0.6720667751478063,-4.3018226845636125,0.0996777468786485
55,f3_dup_a|f6_suppressor|f7_weak|f8_bigcoef,1001110,4,-4.330177685070038,0.0307590576969772,0.6524292671887073,0.7548239943865932,-4.21753683634919,0.1126408487208481
55,f3_dup_a|f6_suppressor|f7_weak|noise_0,1001101,4,-4.595276505374908,0.0302899881783589,0.387330446883837,0.4792355347418139,-4.493771270443058,0.1015052349318503
55,f3_dup_a|f6_suppressor|f8_bigcoef|noise_0,1001011,4,-4.411449450302124,0.0302950330963903,0.5711575019566215,0.6720667751478063,-4.3018226845636125,0.1096267657385112
55,f3_dup_a|f7_weak|f8_bigcoef|noise_0,1000111,4,-4.317976274585724,0.0297999356897134,0.6646306776730215,0.7548239943865932,-4.21753683634919,0.1004394382365339
55,f4_dup_b|f5_null|f6_suppressor|f7_weak,111100,4,-4.591994898796082,0.030615111471372,0.3906120534626636,0.4792355347418139,-4.492127098683885,0.0998678001121966
55,f4_dup_b|f5_null|f6_suppressor|f8_bigcoef,111010,4,-4.40480850391388,0.030631428646778,0.5777984483448657,0.6720667751478063,-4.300178512804439,0.1046299911094408
55,f4_dup_b|f5_null|f6_suppressor|noise_0,111001,4,-4.7308786335945126,0.0310233424651024,0.2517283186642327,0.3254931848678336,-4.636306122346894,0.0945725112476187
55,f4_dup_b|f5_null|f7_weak|f8_bigcoef,110110,4,-4.308108282375335,0.0298239409311249,0.6744986698834099,0.7548239943865932,-4.215892664590016,0.0922156177853192
55,f4_dup_b|f5_null|f7_weak|noise_0,110101,4,-4.5785132499694825,0.0294049542581702,0.4040937022892628,0.4792355347418139,-4.492127098683885,0.0863861512855974
55,f4_dup_b|f5_null|f8_bigcoef|noise_0,110011,4,-4.394653584861755,0.0294949046277128,0.5879533673969899,0.6720667751478063,-4.300178512804439,0.0944750720573166
55,f4_dup_b|f6_suppressor|f7_weak|f8_bigcoef,101110,4,-4.3189994534492495,0.030480906063828,0.6636074988094958,0.7548239943865932,-4.215892664590016,0.1031067888592334
55,f4_dup_b|f6_suppressor|f7_weak|noise_0,101101,4,-4.587936894702912,0.030313516818456,0.3946700575558335,0.4792355347418139,-4.492127098683885,0.0958097960190267
55,f4_dup_b|f6_suppressor|f8_bigcoef|noise_0,101011,4,-4.402750671005249,0.0302513484055878,0.5798562812534964,0.6720667751478063,-4.300178512804439,0.1025721582008101
55,f4_dup_b|f7_weak|f8_bigcoef|noise_0,100111,4,-4.308990274810791,0.0294949874100228,0.6736166774479546,0.7548239943865932,-4.215892664590016,0.0930976102207745
55,f5_null|f6_suppressor|f7_weak|f8_bigcoef,11110,4,-4.622681927871704,0.0324330228339082,0.3599250243870413,0.4293308095187594,-4.528096470063545,0.0945854578081588
55,f5_null|f6_suppressor|f7_weak|noise_0,11101,4,-4.8880749711990354,0.0322266633066781,0.0945319810597098,0.1537423498739802,-4.804330904157414,0.0837440670416214
55,f5_null|f6_suppressor|f8_bigcoef|noise_0,11011,4,-4.704722252464294,0.0323764132015956,0.2778846997944511,0.3465735902799726,-4.612382318277969,0.0923399341863255
55,f5_null|f7_weak|f8_bigcoef|noise_0,10111,4,-4.605834075069428,0.0314432415304115,0.3767728771893175,0.4293308095187594,-4.528096470063545,0.0777376050058826
55,f6_suppressor|f7_weak|f8_bigcoef|noise_0,1111,4,-4.615465067005157,0.0321416859853443,0.3671418852535879,0.4293308095187594,-4.528096470063545,0.0873685969416122
55,f1_strong_t1|f2_strong_t2|f3_dup_a|f4_dup_b|f5_null,111110000,5,-3.754687326526642,0.0323603872998511,1.2279196257321034,1.3235905993032566,-3.627655899357192,0.1270314271694501
55,f1_strong_t1|f2_strong_t2|f3_dup_a|f4_dup_b|f6_suppressor,111101000,5,-2.1107266857147216,0.0342259787285625,2.871880266544024,3.1074079542205526,-1.8651087705614784,0.2456179151532431
55,f1_strong_t1|f2_strong_t2|f3_dup_a|f4_dup_b|f7_weak,111100100,5,-3.6122961418151855,0.0324482751482457,1.3703108104435595,1.477332949177237,-3.4834768756941825,0.128819266121003
55,f1_strong_t1|f2_strong_t2|f3_dup_a|f4_dup_b|f8_bigcoef,111100010,5,-3.425204428911209,0.032049457754228,1.557402523347536,1.6701641895832289,-3.291528289814737,0.133676139096472
55,f1_strong_t1|f2_strong_t2|f3_dup_a|f4_dup_b|noise_0,111100001,5,-3.758068979501725,0.0322728671040933,1.224537972757021,1.3235905993032566,-3.627655899357192,0.1304130801445326
55,f1_strong_t1|f2_strong_t2|f3_dup_a|f5_null|f6_suppressor,111011000,5,-2.112207833099365,0.0325083523487994,2.87039911915938,3.097210687049391,-1.875736214670604,0.2364716184287612
55,f1_strong_t1|f2_strong_t2|f3_dup_a|f5_null|f7_weak,111010100,5,-3.625092874145508,0.0305788619346812,1.357514078113237,1.467135682006075,-3.4941043198033093,0.1309885543421987
55,f1_strong_t1|f2_strong_t2|f3_dup_a|f5_null|f8_bigcoef,111010010,5,-3.441987431383133,0.030619359862397,1.5406195208756124,1.6599669224120674,-3.302155733923863,0.1398316974592699
55,f1_strong_t1|f2_strong_t2|f3_dup_a|f5_null|noise_0,111010001,5,-3.770310329580307,0.0305913362064915,1.2122966226784384,1.3133933321320947,-3.6382833434663175,0.1320269861139893
55,f1_strong_t1|f2_strong_t2|f3_dup_a|f6_suppressor|f7_weak,111001100,5,-1.982636457061768,0.0324263921333746,2.999970495196978,3.2509530369233715,-1.7315571910075949,0.2510792660541727
55,f1_strong_t1|f2_strong_t2|f3_dup_a|f6_suppressor|f8_bigcoef,111001010,5,-1.7888076438903808,0.0323905667982407,3.1937993083683645,3.443784277329364,-1.539608605128149,0.2491990387622318
55,f1_strong_t1|f2_strong_t2|f3_dup_a|f6_suppressor|noise_0,111001001,5,-2.126648152732849,0.0328538648263412,2.8559587995258964,3.097210687049391,-1.875736214670604,0.2509119380622449
55,f1_strong_t1|f2_strong_t2|f3_dup_a|f7_weak|f8_bigcoef,111000110,5,-3.3634252047538755,0.0313837198968099,1.6191817475048698,1.742724141650854,-3.2178698857094394,0.145555319044436
55,f1_strong_t1|f2_strong_t2|f3_dup_a|f7_weak|noise_0,111000101,5,-3.633231297826767,0.0307363659808665,1.3493756544319782,1.467135682006075,-3.4941043198033093,0.1391269780234578
55,f1_strong_t1|f2_strong_t2|f3_dup_a|f8_bigcoef|noise_0,111000011,5,-3.449636883163452,0.0306723874226561,1.5329700690952932,1.6599669224120674,-3.302155733923863,0.1474811492395891
55,f1_strong_t1|f2_strong_t2|f4_dup_b|f5_null|f6_suppressor,110111000,5,-2.113889080810547,0.0326958335943183,2.8687178714481982,3.097210687049391,-1.8740920429114305,0.2397970378991167
55,f1_strong_t1|f2_strong_t2|f4_dup_b|f5_null|f7_weak,110110100,5,-3.6233767882823935,0.0302883164245737,1.3592301639763509,1.467135682006075,-3.492460148044135,0.1309166402382593
55,f1_strong_t1|f2_strong_t2|f4_dup_b|f5_null|f8_bigcoef,110110010,5,-3.437139344072342,0.0301086163895274,1.5454676081864034,1.6599669224120674,-3.3005115621646897,0.1366277819076522
55,f1_strong_t1|f2_strong_t2|f4_dup_b|f5_null|noise_0,110110001,5,-3.772361512184143,0.0304503873707517,1.210245440074602,1.3133933321320947,-3.636639171707144,0.1357223404769989
55,f1_strong_t1|f2_strong_t2|f4_dup_b|f6_suppressor|f7_weak,110101100,5,-1.969950987815857,0.0318414122418698,3.0126559644428883,3.2509530369233715,-1.7299130192484216,0.2400379685674354
55,f1_strong_t1|f2_strong_t2|f4_dup_b|f6_suppressor|f8_bigcoef,110101010,5,-1.7716256343841552,0.0319488894143319,3.21098131787459,3.443784277329364,-1.5379644333689753,0.2336612010151799
55,f1_strong_t1|f2_strong_t2|f4_dup_b|f6_suppressor|noise_0,110101001,5,-2.1092379677772524,0.0327419320368203,2.873368984481493,3.097210687049391,-1.8740920429114305,0.2351459248658221
55,f1_strong_t1|f2_strong_t2|f4_dup_b|f7_weak|f8_bigcoef,110100110,5,-3.35279007935524,0.0305244441231086,1.6298168729035054,1.742724141650854,-3.216225713950266,0.1365643654049737
55,f1_strong_t1|f2_strong_t2|f4_dup_b|f7_weak|noise_0,110100101,5,-3.627261893129349,0.0302231710849072,1.3553450591293967,1.467135682006075,-3.492460148044135,0.1348017450852134
55,f1_strong_t1|f2_strong_t2|f4_dup_b|f8_bigcoef|noise_0,110100011,5,-3.4441922818660737,0.0300212307670719,1.5384146703926715,1.6599669224120674,-3.3005115621646897,0.143680719701384
55,f1_strong_t1|f2_strong_t2|f5_null|f6_suppressor|f7_weak,110011100,5,-2.265582534790039,0.0344115998446877,2.717024417468706,2.9254598520555377,-2.0421168247219508,0.2234657100680883
55,f1_strong_t1|f2_strong_t2|f5_null|f6_suppressor|f8_bigcoef,110011010,5,-2.0589990557670594,0.0341562072164662,2.923607896491686,3.11829109246153,-1.8501682388425047,0.2088308169245547
55,f1_strong_t1|f2_strong_t2|f5_null|f6_suppressor|noise_0,110011001,5,-2.3956390892982484,0.0347195063937423,2.586967862960497,2.771717502181557,-2.1862958483849595,0.2093432409132889
55,f1_strong_t1|f2_strong_t2|f5_null|f7_weak|f8_bigcoef,110010110,5,-3.649779725980759,0.0323001135216986,1.3328272262779866,1.4172309567830204,-3.528429519423795,0.1213502065569636
55,f1_strong_t1|f2_strong_t2|f5_null|f7_weak|noise_0,110010101,5,-3.920284914445877,0.0318726096038083,1.0623220378128684,1.1416424971382413,-3.804663953517664,0.1156209609282128
55,f1_strong_t1|f2_strong_t2|f5_null|f8_bigcoef|noise_0,110010011,5,-3.734591724681854,0.0319795049111715,1.2480152275768912,1.3344737375442337,-3.6127153676382178,0.1218763570436363
55,f1_strong_t1|f2_strong_t2|f6_suppressor|f7_weak|f8_bigcoef,110001110,5,-1.9758144180297847,0.0340641432969654,3.00679253422896,3.201048311700317,-1.765882390628082,0.2099320274017031
55,f1_strong_t1|f2_strong_t2|f6_suppressor|f7_weak|noise_0,110001101,5,-2.2462931334495546,0.0339968842950782,2.7363138188091907,2.9254598520555377,-2.0421168247219508,0.2041763087276038
55,f1_strong_t1|f2_strong_t2|f6_suppressor|f8_bigcoef|noise_0,110001011,5,-2.053969390487671,0.033992554361465,2.9286375617710743,3.11829109246153,-1.8501682388425047,0.2038011516451663
55,f1_strong_t1|f2_strong_t2|f7_weak|f8_bigcoef|noise_0,110000111,5,-3.6433787227630616,0.0322331204418421,1.3392282294956837,1.4172309567830204,-3.528429519423795,0.1149492033392665
55,f1_strong_t1|f3_dup_a|f4_dup_b|f5_null|f6_suppressor,101111000,5,-2.8961348034858703,0.0339120701785165,2.086472148772875,2.302688998003503,-2.688042878803397,0.2080919246824732
55,f1_strong_t1|f3_dup_a|f4_dup_b|f5_null|f7_weak,101110100,5,-4.413055969715119,0.0318962206447072,0.5695509825436265,0.6726139929601865,-4.306410983936101,0.1066449857790177
55,f1_strong_t1|f3_dup_a|f4_dup_b|f5_null|f8_bigcoef,101110010,5,-4.22509020485878,0.0318260005263016,0.7575167473999658,0.8654452333661787,-4.114462398056656,0.1106278068021238
55,f1_strong_t1|f3_dup_a|f4_dup_b|f5_null|noise_0,101110001,5,-4.551924007511139,0.0319775951956731,0.4306829447476064,0.5188716430862063,-4.450590007599112,0.1013339999120273
55,f1_strong_t1|f3_dup_a|f4_dup_b|f6_suppressor|f7_weak,101101100,5,-2.769964880847931,0.0333978385992698,2.2126420714108144,2.456431347877483,-2.543863855140388,0.2261010257075431
55,f1_strong_t1|f3_dup_a|f4_dup_b|f6_suppressor|f8_bigcoef,101101010,5,-2.5831381063461305,0.033657505715405,2.399468845912615,2.6492625882834755,-2.351915269260941,0.2312228370851889
55,f1_strong_t1|f3_dup_a|f4_dup_b|f6_suppressor|noise_0,101101001,5,-2.9283458711624144,0.0338471410993698,2.054261081096331,2.302688998003503,-2.688042878803397,0.2403029923590174
55,f1_strong_t1|f3_dup_a|f4_dup_b|f7_weak|f8_bigcoef,101100110,5,-4.14558673505783,0.032383868997531,0.8370202172009149,0.9482024526049658,-4.030176549842233,0.1154101852155973
55,f1_strong_t1|f3_dup_a|f4_dup_b|f7_weak|noise_0,101100101,5,-4.413267453956604,0.0317507346376627,0.5693394983021411,0.6726139929601865,-4.306410983936101,0.106856470020503
55,f1_strong_t1|f3_dup_a|f4_dup_b|f8_bigcoef|noise_0,101100011,5,-4.2261219810009,0.0315833542162526,0.7564849712578452,0.8654452333661787,-4.114462398056656,0.1116595829442443
55,f1_strong_t1|f3_dup_a|f5_null|f6_suppressor|f7_weak,101011100,5,-2.7691857951164245,0.0318796282286682,2.213421157142321,2.446234080706321,-2.554491299249513,0.2146944958669112
55,f1_strong_t1|f3_dup_a|f5_null|f6_suppressor|f8_bigcoef,101011010,5,-2.5878303124427795,0.0321725920812458,2.394776639815966,2.639065321112313,-2.362542713370068,0.2252875990727116
55,f1_strong_t1|f3_dup_a|f5_null|f6_suppressor|noise_0,101011001,5,-2.911130455303192,0.0320319680065495,2.071476496955553,2.292491730832341,-2.6986703229125224,0.2124601323906696
55,f1_strong_t1|f3_dup_a|f5_null|f7_weak|f8_bigcoef,101010110,5,-4.1603070605754855,0.0309651378635776,0.8222998916832598,0.938005185433804,-4.040803993951359,0.1195030666241265
55,f1_strong_t1|f3_dup_a|f5_null|f7_weak|noise_0,101010101,5,-4.425473385906219,0.0299190446021989,0.5571335663525261,0.6624167257890249,-4.317038428045227,0.1084349578609922
55,f1_strong_t1|f3_dup_a|f5_null|f8_bigcoef|noise_0,101010011,5,-4.240482089853287,0.0300769244765468,0.7421248624054586,0.8552479661950173,-4.125089842165781,0.115392247687506
55,f1_strong_t1|f3_dup_a|f6_suppressor|f7_weak|f8_bigcoef,101001110,5,-2.503188233661652,0.0323730647121039,2.4794187185970937,2.7218225403511003,-2.278256865155645,0.2249313685060063
55,f1_strong_t1|f3_dup_a|f6_suppressor|f7_weak|noise_0,101001101,5,-2.778906117725372,0.0315034269399523,2.203700834533373,2.446234080706321,-2.554491299249513,0.2244148184758589
55,f1_strong_t1|f3_dup_a|f6_suppressor|f8_bigcoef|noise_0,101001011,5,-2.5851809276580813,0.0320095880782102,2.397426024600664,2.639065321112313,-2.362542713370068,0.2226382142880134
55,f1_strong_t1|f3_dup_a|f7_weak|f8_bigcoef|noise_0,101000111,5,-4.162517319154739,0.0307099643655795,0.820089633104006,0.938005185433804,-4.040803993951359,0.1217133252033804
55,f1_strong_t1|f4_dup_b|f5_null|f6_suppressor|f7_weak,100111100,5,-2.782867691707611,0.0319015526520957,2.199739260551134,2.446234080706321,-2.55284712749034,0.2300205642172712
55,f1_strong_t1|f4_dup_b|f5_null|f6_suppressor|f8_bigcoef,100111010,5,-2.602185273742676,0.0324617943894085,2.3804216785160697,2.639065321112313,-2.3608985416108945,0.2412867321317811
55,f1_strong_t1|f4_dup_b|f5_null|f6_suppressor|noise_0,100111001,5,-2.9318656917572024,0.0326753853490797,2.050741260501543,2.292491730832341,-2.697026151153349,0.2348395406038532
55,f1_strong_t1|f4_dup_b|f5_null|f7_weak|f8_bigcoef,100110110,5,-4.14809991440773,0.0304044470924111,0.8345070378510151,0.938005185433804,-4.039159822192186,0.1089400922155441
55,f1_strong_t1|f4_dup_b|f5_null|f7_weak|noise_0,100110101,5,-4.420429290008545,0.0298450104538077,0.5621776622502006,0.6624167257890249,-4.315394256286054,0.1050350337224905
55,f1_strong_t1|f4_dup_b|f5_null|f8_bigcoef|noise_0,100110011,5,-4.233412337970734,0.0299525640096132,0.7491946142880117,0.8552479661950173,-4.123445670406608,0.1099666675641257
55,f1_strong_t1|f4_dup_b|f6_suppressor|f7_weak|f8_bigcoef,100101110,5,-2.496778277873993,0.0318813761629311,2.485828674384752,2.7218225403511003,-2.2766126933964714,0.2201655844775216
55,f1_strong_t1|f4_dup_b|f6_suppressor|f7_weak|noise_0,100101101,5,-2.7811026188850403,0.0313851126408996,2.201504333373705,2.446234080706321,-2.55284712749034,0.2282554913947003
55,f1_strong_t1|f4_dup_b|f6_suppressor|f8_bigcoef|noise_0,100101011,5,-2.56849881401062,0.0318599955732588,2.414108138248125,2.639065321112313,-2.3608985416108945,0.2076002723997256
55,f1_strong_t1|f4_dup_b|f7_weak|f8_bigcoef|noise_0,100100111,5,-4.150734658908844,0.0301514984583953,0.8318722933499014,0.938005185433804,-4.039159822192186,0.1115748367166578
55,f1_strong_t1|f5_null|f6_suppressor|f7_weak|f8_bigcoef,100011110,5,-2.7961063859939577,0.0345980230467438,2.186500566264788,2.3963293554832665,-2.588816498870001,0.2072898871239568
55,f1_strong_t1|f5_null|f6_suppressor|f7_weak|noise_0,100011101,5,-3.061924405765533,0.0337160341898779,1.920682546493212,2.1207408958384875,-2.865050932963869,0.1968734728016645
55,f1_strong_t1|f5_null|f6_suppressor|f8_bigcoef|noise_0,100011011,5,-2.8697931369781493,0.0341916215525537,2.112813815280596,2.3135721362444794,-2.6731023470844235,0.1966907898937258
55,f1_strong_t1|f5_null|f7_weak|f8_bigcoef|noise_0,100010111,5,-4.44475841627121,0.0319795217608149,0.5378485359875356,0.6125120005659704,-4.351363627665714,0.0933947886054955
55,f1_strong_t1|f6_suppressor|f7_weak|f8_bigcoef|noise_0,100001111,5,-2.77583408908844,0.0336842245836487,2.2067728631703054,2.3963293554832665,-2.588816498870001,0.187017590218439
55,f2_strong_t2|f3_dup_a|f4_dup_b|f5_null|f6_suppressor,11111000,5,-3.932416286039353,0.0328267344789461,1.0501906662193927,1.1404094082560454,-3.804388741755023,0.1280275442843299
55,f2_strong_t2|f3_dup_a|f4_dup_b|f5_null|f7_weak,11110100,5,-3.775509297943115,0.0318305635636566,1.2070976543156302,1.2941517581300257,-3.660209718092013,0.115299579851102
55,f2_strong_t2|f3_dup_a|f4_dup_b|f5_null|f8_bigcoef,11110010,5,-3.588820242166519,0.0316202479484414,1.3937867100922263,1.486982998536018,-3.468261132212568,0.1205591099539513
55,f2_strong_t2|f3_dup_a|f4_dup_b|f5_null|noise_0,11110001,5,-3.919095738935471,0.0316988372572269,1.0635112133232747,1.1404094082560454,-3.804388741755023,0.1147069971804479
55,f2_strong_t2|f3_dup_a|f4_dup_b|f6_suppressor|f7_weak,11101100,5,-3.7845853398323057,0.0326242098105681,1.1980216124264396,1.2941517581300257,-3.660209718092013,0.1243756217402927
55,f2_strong_t2|f3_dup_a|f4_dup_b|f6_suppressor|f8_bigcoef,11101010,5,-3.599967336702347,0.0322448009769783,1.3826396155563985,1.486982998536018,-3.468261132212568,0.1317062044897792
55,f2_strong_t2|f3_dup_a|f4_dup_b|f6_suppressor|noise_0,11101001,5,-3.928061360454559,0.0325249534694063,1.0545455918041862,1.1404094082560454,-3.804388741755023,0.1236726186995365
55,f2_strong_t2|f3_dup_a|f4_dup_b|f7_weak|f8_bigcoef,11100110,5,-3.501752194404602,0.0320246309660933,1.4808547578541431,1.5697402177748048,-3.3839752839981445,0.1177769104064574
55,f2_strong_t2|f3_dup_a|f4_dup_b|f7_weak|noise_0,11100101,5,-3.772055216360092,0.0315203124926873,1.2105517358986533,1.2941517581300257,-3.660209718092013,0.1118454982680789
55,f2_strong_t2|f3_dup_a|f4_dup_b|f8_bigcoef|noise_0,11100011,5,-3.5866901726722715,0.0312486849828524,1.3959167795864738,1.486982998536018,-3.468261132212568,0.1184290404597039
55,f2_strong_t2|f3_dup_a|f5_null|f6_suppressor|f7_weak,11011100,5,-3.8004462446689606,0.0308225126290598,1.1821607075897846,1.2839544909588645,-3.6708371622011393,0.1296090824678213
55,f2_strong_t2|f3_dup_a|f5_null|f6_suppressor|f8_bigcoef,11011010,5,-3.6168482582092287,0.0308851155026835,1.3657586940495166,1.4767857313648562,-3.478888576321694,0.1379596818875348
55,f2_strong_t2|f3_dup_a|f5_null|f6_suppressor|noise_0,11011001,5,-3.948142750787735,0.0310215059506108,1.0344642014710104,1.130212141084884,-3.815016185864149,0.1331265649235864
55,f2_strong_t2|f3_dup_a|f5_null|f7_weak|f8_bigcoef,11010110,5,-3.5190117824077607,0.0305580461938487,1.4635951698509846,1.5595429506036431,-3.394602728107272,0.1244090543004894
55,f2_strong_t2|f3_dup_a|f5_null|f7_weak|noise_0,11010101,5,-3.785342252969742,0.0298364958308133,1.1972646992890033,1.2839544909588645,-3.6708371622011393,0.1145050907686027
55,f2_strong_t2|f3_dup_a|f5_null|f8_bigcoef|noise_0,11010011,5,-3.607435345506668,0.0299917615730226,1.3751716067520774,1.4767857313648562,-3.478888576321694,0.1285467691849739
55,f2_strong_t2|f3_dup_a|f6_suppressor|f7_weak|f8_bigcoef,11001110,5,-3.535054884290695,0.0313841608695999,1.4475520679680502,1.5595429506036431,-3.394602728107272,0.1404521561834237
55,f2_strong_t2|f3_dup_a|f6_suppressor|f7_weak|noise_0,11001101,5,-3.800129141044617,0.0307288639777371,1.1824778112141288,1.2839544909588645,-3.6708371622011393,0.1292919788434772
55,f2_strong_t2|f3_dup_a|f6_suppressor|f8_bigcoef|noise_0,11001011,5,-3.617270341110229,0.0308162350027462,1.365336611148516,1.4767857313648562,-3.478888576321694,0.1383817647885354
55,f2_strong_t2|f3_dup_a|f7_weak|f8_bigcoef|noise_0,11000111,5,-3.522154675912857,0.0303942317418504,1.460452276345888,1.5595429506036431,-3.394602728107272,0.1275519478055859
55,f2_strong_t2|f4_dup_b|f5_null|f6_suppressor|f7_weak,10111100,5,-3.7956060001850127,0.0310337010598234,1.1870009520737326,1.2839544909588645,-3.669192990441967,0.1264130097430458
55,f2_strong_t2|f4_dup_b|f5_null|f6_suppressor|f8_bigcoef,10111010,5,-3.609422762775421,0.0309337671558205,1.3731841894833243,1.4767857313648562,-3.4772444045625206,0.1321783582129003
55,f2_strong_t2|f4_dup_b|f5_null|f6_suppressor|noise_0,10111001,5,-3.944522301244736,0.0312971474628207,1.0380846510140094,1.130212141084884,-3.813372014104975,0.1311502871397607
55,f2_strong_t2|f4_dup_b|f5_null|f7_weak|f8_bigcoef,10110110,5,-3.5155974425792693,0.0304038520065473,1.467009509679476,1.5595429506036431,-3.392958556348098,0.1226388862311713
55,f2_strong_t2|f4_dup_b|f5_null|f7_weak|noise_0,10110101,5,-3.785475076055527,0.0298729567379394,1.1971318762032186,1.2839544909588645,-3.669192990441967,0.1162820856135598
55,f2_strong_t2|f4_dup_b|f5_null|f8_bigcoef|noise_0,10110011,5,-3.6061256214141846,0.0299968083629404,1.3764813308445607,1.4767857313648562,-3.4772444045625206,0.1288812168516639
55,f2_strong_t2|f4_dup_b|f6_suppressor|f7_weak|f8_bigcoef,10101110,5,-3.52356913690567,0.0310401295948961,1.4590378153530752,1.5595429506036431,-3.392958556348098,0.1306105805575721
55,f2_strong_t2|f4_dup_b|f6_suppressor|f7_weak|noise_0,10101101,5,-3.795495151185989,0.0307562499690373,1.187111801072756,1.2839544909588645,-3.669192990441967,0.1263021607440224
55,f2_strong_t2|f4_dup_b|f6_suppressor|f8_bigcoef|noise_0,10101011,5,-3.610652052497864,0.0306330196986003,1.3719548997608817,1.4767857313648562,-3.4772444045625206,0.1334076479353432
55,f2_strong_t2|f4_dup_b|f7_weak|f8_bigcoef|noise_0,10100111,5,-3.5183246871471403,0.030081245545103,1.464282265111605,1.5595429506036431,-3.392958556348098,0.1253661307990423
55,f2_strong_t2|f5_null|f6_suppressor|f7_weak|f8_bigcoef,10011110,5,-3.825267744493485,0.0329501725238926,1.157339207765261,1.2340497657358096,-3.705162361821627,0.1201053826718574
55,f2_strong_t2|f5_null|f6_suppressor|f7_weak|noise_0,10011101,5,-4.095570016431808,0.032641143605975,0.887036935826937,0.9584613060910306,-3.981396795915495,0.1141732205163132
55,f2_strong_t2|f5_null|f6_suppressor|f8_bigcoef|noise_0,10011011,5,-3.907686755752564,0.0327177570663377,1.0749201965061816,1.151292546497023,-3.7894482100360496,0.118238545716514
55,f2_strong_t2|f5_null|f7_weak|f8_bigcoef|noise_0,10010111,5,-3.8121677525043487,0.0320310101086501,1.1704391997543966,1.2340497657358096,-3.705162361821627,0.1070053906827217
55,f2_strong_t2|f6_suppressor|f7_weak|f8_bigcoef|noise_0,10001111,5,-3.81994353351593,0.0327995933089558,1.162663418742815,1.2340497657358096,-3.705162361821627,0.114781171694303
55,f3_dup_a|f4_dup_b|f5_null|f6_suppressor|f7_weak,1111100,5,-4.596395303630829,0.0326717436239559,0.3862116486279161,0.4894328019129755,-4.483143826333933,0.1132514772968962
55,f3_dup_a|f4_dup_b|f5_null|f6_suppressor|f8_bigcoef,1111010,5,-4.407032885408402,0.032426073276598,0.5755740668503435,0.682264042318968,-4.291195240454487,0.1158376449539151
55,f3_dup_a|f4_dup_b|f5_null|f6_suppressor|noise_0,1111001,5,-4.730568314647675,0.0327268276693636,0.2520386376110703,0.3356904520389953,-4.627322849996943,0.1032454646507323
55,f3_dup_a|f4_dup_b|f5_null|f7_weak|f8_bigcoef,1110110,5,-4.311934405469894,0.0318304061061392,0.6706725467888512,0.7650212615577549,-4.206909392240064,0.10502501322983
55,f3_dup_a|f4_dup_b|f5_null|f7_weak|noise_0,1110101,5,-4.580141246414184,0.0313024481274484,0.4024657058445609,0.4894328019129755,-4.483143826333933,0.0969974200802514
55,f3_dup_a|f4_dup_b|f5_null|f8_bigcoef|noise_0,1110011,5,-4.395348483753204,0.0312045458543434,0.5872584685055413,0.682264042318968,-4.291195240454487,0.1041532432987173
55,f3_dup_a|f4_dup_b|f6_suppressor|f7_weak|f8_bigcoef,1101110,5,-4.32603501291275,0.0326419678904663,0.6565719393459952,0.7650212615577549,-4.206909392240064,0.119125620672686
55,f3_dup_a|f4_dup_b|f6_suppressor|f7_weak|noise_0,1101101,5,-4.589178767490387,0.032301161409873,0.393428184768358,0.4894328019129755,-4.483143826333933,0.1060349411564542
55,f3_dup_a|f4_dup_b|f6_suppressor|f8_bigcoef|noise_0,1101011,5,-4.40461059088707,0.0320948996065088,0.5779963613716754,0.682264042318968,-4.291195240454487,0.1134153504325832
55,f3_dup_a|f4_dup_b|f7_weak|f8_bigcoef|noise_0,1100111,5,-4.307245860385895,0.0315145650766529,0.6753610918728503,0.7650212615577549,-4.206909392240064,0.1003364681458309
55,f3_dup_a|f5_null|f6_suppressor|f7_weak|f8_bigcoef,1011110,5,-4.336632836437225,0.031183856846377,0.6459741158215202,0.7548239943865932,-4.21753683634919,0.1190960000880352
55,f3_dup_a|f5_null|f6_suppressor|f7_weak|noise_0,1011101,5,-4.60251823425293,0.0306830046338241,0.3800887180058154,0.4792355347418139,-4.493771270443058,0.1087469638098719
55,f3_dup_a|f5_null|f6_suppressor|f8_bigcoef|noise_0,1011011,5,-4.416307020378113,0.0306742980017766,0.5662999318806321,0.6720667751478063,-4.3018226845636125,0.1144843358145006
55,f3_dup_a|f5_null|f7_weak|f8_bigcoef|noise_0,1010111,5,-4.322558753871918,0.0300294310243667,0.6600481983868276,0.7548239943865932,-4.21753683634919,0.1050219175227278
55,f3_dup_a|f6_suppressor|f7_weak|f8_bigcoef|noise_0,1001111,5,-4.33435229063034,0.0309082272017639,0.6482546616284051,0.7548239943865932,-4.21753683634919,0.1168154542811503
55,f4_dup_b|f5_null|f6_suppressor|f7_weak|f8_bigcoef,111110,5,-4.327962223005295,0.0310987418549714,0.6546447292534507,0.7548239943865932,-4.215892664590016,0.1120695584152784
55,f4_dup_b|f5_null|f6_suppressor|f7_weak|noise_0,111101,5,-4.596499619960785,0.0308119272662522,0.3861073322979607,0.4792355347418139,-4.492127098683885,0.1043725212768995
55,f4_dup_b|f5_null|f6_suppressor|f8_bigcoef|noise_0,111011,5,-4.409303383111954,0.0308247571435277,0.5733035691467911,0.6720667751478063,-4.300178512804439,0.1091248703075153
55,f4_dup_b|f5_null|f7_weak|f8_bigcoef|noise_0,110111,5,-4.31696589050293,0.0299013527548339,0.6656410617558155,0.7548239943865932,-4.215892664590016,0.1010732259129136
55,f4_dup_b|f6_suppressor|f7_weak|f8_bigcoef|noise_0,101111,5,-4.324848629951477,0.0307238336250441,0.6577583223072683,0.7548239943865932,-4.215892664590016,0.1089559653614609
55,f5_null|f6_suppressor|f7_weak|f8_bigcoef|noise_0,11111,5,-4.628644281196594,0.0327418242158179,0.3539626710621508,0.4293308095187594,-4.528096470063545,0.1005478111330493
55,f1_strong_t1|f2_strong_t2|f3_dup_a|f4_dup_b|f5_null|f6_suppressor,111111000,6,-2.1061450329780578,0.0347057775029691,2.8764619192806875,3.1074079542205526,-1.8651087705614784,0.2410362624165793
55,f1_strong_t1|f2_strong_t2|f3_dup_a|f4_dup_b|f5_null|f7_weak,111110100,6,-3.6172768924713137,0.0325142759428345,1.3653300597874316,1.477332949177237,-3.4834768756941825,0.1338000167771311
55,f1_strong_t1|f2_strong_t2|f3_dup_a|f4_dup_b|f5_null|f8_bigcoef,111110010,6,-3.428371181678772,0.0322468850138937,1.5542357705799734,1.6701641895832289,-3.291528289814737,0.1368428918640347
55,f1_strong_t1|f2_strong_t2|f3_dup_a|f4_dup_b|f5_null|noise_0,111110001,6,-3.7599185349464417,0.0322869871217922,1.2226884173123036,1.3235905993032566,-3.627655899357192,0.13226263558925
55,f1_strong_t1|f2_strong_t2|f3_dup_a|f4_dup_b|f6_suppressor|f7_weak,111101100,6,-1.9787900745391849,0.0346484552564438,3.0038168777195606,3.261150304094533,-1.7209297468984697,0.257860327640715
55,f1_strong_t1|f2_strong_t2|f3_dup_a|f4_dup_b|f6_suppressor|f8_bigcoef,111101010,6,-1.7827182854652406,0.0344785813523811,3.1998886667935045,3.4539815445005253,-1.5289811610190234,0.2537371244462172
55,f1_strong_t1|f2_strong_t2|f3_dup_a|f4_dup_b|f6_suppressor|noise_0,111101001,6,-2.1258727177619936,0.0348692940739701,2.856734234496752,3.1074079542205526,-1.8651087705614784,0.2607639472005152
55,f1_strong_t1|f2_strong_t2|f3_dup_a|f4_dup_b|f7_weak|f8_bigcoef,111100110,6,-3.3478555097579954,0.0329228717115045,1.63475144250075,1.752921408822016,-3.2072424416003145,0.1406130681576809
55,f1_strong_t1|f2_strong_t2|f3_dup_a|f4_dup_b|f7_weak|noise_0,111100101,6,-3.618006594467163,0.0323516080923355,1.3646003577915824,1.477332949177237,-3.4834768756941825,0.1345297187729803
55,f1_strong_t1|f2_strong_t2|f3_dup_a|f4_dup_b|f8_bigcoef|noise_0,111100011,6,-3.4299360268116,0.0320798864629922,1.5526709254471456,1.6701641895832289,-3.291528289814737,0.1384077369968626
55,f1_strong_t1|f2_strong_t2|f3_dup_a|f5_null|f6_suppressor|f7_weak,111011100,6,-1.978054381465912,0.032831749370727,3.0045525707928333,3.2509530369233715,-1.7315571910075949,0.246497190458317
55,f1_strong_t1|f2_strong_t2|f3_dup_a|f5_null|f6_suppressor|f8_bigcoef,111011010,6,-1.7848965263366698,0.0325782028661665,3.197710425922075,3.443784277329364,-1.539608605128149,0.2452879212085208
55,f1_strong_t1|f2_strong_t2|f3_dup_a|f5_null|f6_suppressor|noise_0,111011001,6,-2.122813591861725,0.0327239227085476,2.8597933603970205,3.097210687049391,-1.875736214670604,0.2470773771911207
55,f1_strong_t1|f2_strong_t2|f3_dup_a|f5_null|f7_weak|f8_bigcoef,111010110,6,-3.3628799088954926,0.0313664655684976,1.619727043363253,1.742724141650854,-3.21786988570944,0.1450100231860527
55,f1_strong_t1|f2_strong_t2|f3_dup_a|f5_null|f7_weak|noise_0,111010101,6,-3.630300075960159,0.0305008549416181,1.352306876298586,1.467135682006075,-3.4941043198033093,0.1361957561568498
55,f1_strong_t1|f2_strong_t2|f3_dup_a|f5_null|f8_bigcoef|noise_0,111010011,6,-3.445198361444473,0.0305352643119929,1.5374085908142718,1.6599669224120674,-3.302155733923863,0.1430426275206104
55,f1_strong_t1|f2_strong_t2|f3_dup_a|f6_suppressor|f7_weak|f8_bigcoef,111001110,6,-1.708653937149048,0.0330762018061865,3.273953015109697,3.52654149656815,-1.455322756913727,0.2533311802353208
55,f1_strong_t1|f2_strong_t2|f3_dup_a|f6_suppressor|f7_weak|noise_0,111001101,6,-1.988569138717652,0.0325977608190082,2.9940378135410937,3.2509530369233715,-1.7315571910075949,0.2570119477100565
55,f1_strong_t1|f2_strong_t2|f3_dup_a|f6_suppressor|f8_bigcoef|noise_0,111001011,6,-1.793860730266571,0.0324879296436361,3.188746221992174,3.443784277329364,-1.539608605128149,0.254252125138422
55,f1_strong_t1|f2_strong_t2|f3_dup_a|f7_weak|f8_bigcoef|noise_0,111000111,6,-3.3655166771411897,0.031346057328917,1.6170902751175555,1.742724141650854,-3.2178698857094394,0.1476467914317503
55,f1_strong_t1|f2_strong_t2|f4_dup_b|f5_null|f6_suppressor|f7_weak,110111100,6,-1.9815855768203736,0.0326950238869927,3.001021375438372,3.2509530369233715,-1.7299130192484211,0.2516725575719525
55,f1_strong_t1|f2_strong_t2|f4_dup_b|f5_null|f6_suppressor|f8_bigcoef,110111010,6,-1.785691799926758,0.0325485207968541,3.196915152331988,3.443784277329364,-1.5379644333689753,0.2477273665577826
55,f1_strong_t1|f2_strong_t2|f4_dup_b|f5_null|f6_suppressor|noise_0,110111001,6,-2.1291447737693785,0.0333499757777694,2.853462178489367,3.097210687049391,-1.8740920429114305,0.2550527308579482
55,f1_strong_t1|f2_strong_t2|f4_dup_b|f5_null|f7_weak|f8_bigcoef,110110110,6,-3.3572688847064973,0.0307517489711331,1.625338067552248,1.742724141650854,-3.216225713950266,0.1410431707562311
55,f1_strong_t1|f2_strong_t2|f4_dup_b|f5_null|f7_weak|noise_0,110110101,6,-3.630917836904526,0.0302672810378966,1.3516891153542194,1.467135682006075,-3.492460148044135,0.1384576888603907
55,f1_strong_t1|f2_strong_t2|f4_dup_b|f5_null|f8_bigcoef|noise_0,110110011,6,-3.445174692964554,0.030215152114274,1.5374322592941914,1.6599669224120674,-3.3005115621646897,0.1446631307998642
55,f1_strong_t1|f2_strong_t2|f4_dup_b|f6_suppressor|f7_weak|f8_bigcoef,110101110,6,-1.7049344842910767,0.0325060599309861,3.2776724679676685,3.52654149656815,-1.4536785851545533,0.2512558991365234
55,f1_strong_t1|f2_strong_t2|f4_dup_b|f6_suppressor|f7_weak|noise_0,110101101,6,-1.9872928503990173,0.0324469511540253,2.995314101859728,3.2509530369233715,-1.7299130192484216,0.2573798311505957
55,f1_strong_t1|f2_strong_t2|f4_dup_b|f6_suppressor|f8_bigcoef|noise_0,110101011,6,-1.7807114394187926,0.0323971078490609,3.2018955128399527,3.443784277329364,-1.5379644333689753,0.2427470060498173
55,f1_strong_t1|f2_strong_t2|f4_dup_b|f7_weak|f8_bigcoef|noise_0,110100111,6,-3.3608048061847686,0.0306455861206962,1.6218021460739769,1.742724141650854,-3.216225713950266,0.1445790922345025
55,f1_strong_t1|f2_strong_t2|f5_null|f6_suppressor|f7_weak|f8_bigcoef,110011110,6,-1.9916469230651856,0.0347513863194783,2.99096002919356,3.201048311700317,-1.765882390628082,0.2257645324371036
55,f1_strong_t1|f2_strong_t2|f5_null|f6_suppressor|f7_weak|noise_0,110011101,6,-2.272409703350067,0.0345704255215118,2.710197248908678,2.9254598520555377,-2.0421168247219508,0.2302928786281164
55,f1_strong_t1|f2_strong_t2|f5_null|f6_suppressor|f8_bigcoef|noise_0,110011011,6,-2.0645940963745115,0.0342590276677349,2.9180128558842338,3.11829109246153,-1.8501682388425047,0.2144258575320068
55,f1_strong_t1|f2_strong_t2|f5_null|f7_weak|f8_bigcoef|noise_0,110010111,6,-3.653059071159362,0.0324548745960331,1.3295478810993826,1.4172309567830204,-3.528429519423795,0.1246295517355675
55,f1_strong_t1|f2_strong_t2|f6_suppressor|f7_weak|f8_bigcoef|noise_0,110001111,6,-1.9804216724395751,0.034236447082529,3.0021852798191704,3.201048311700317,-1.765882390628082,0.214539281811493
55,f1_strong_t1|f3_dup_a|f4_dup_b|f5_null|f6_suppressor|f7_weak,101111100,6,-2.752639500808716,0.0338176809251897,2.2299674514500296,2.456431347877483,-2.543863855140388,0.2087756456683278
55,f1_strong_t1|f3_dup_a|f4_dup_b|f5_null|f6_suppressor|f8_bigcoef,101111010,6,-2.5882224994659424,0.0342069171040568,2.394384452792803,2.6492625882834755,-2.351915269260941,0.2363072302050008
55,f1_strong_t1|f3_dup_a|f4_dup_b|f5_null|f6_suppressor|noise_0,101111001,6,-2.909136996269226,0.0342253286165084,2.07346995598952,2.302688998003503,-2.688042878803397,0.2210941174658289
55,f1_strong_t1|f3_dup_a|f4_dup_b|f5_null|f7_weak|f8_bigcoef,101110110,6,-4.148351000785827,0.0325872088979964,0.834255951472918,0.9482024526049658,-4.030176549842233,0.1181744509435942
55,f1_strong_t1|f3_dup_a|f4_dup_b|f5_null|f7_weak|noise_0,101110101,6,-4.415989284515381,0.0318753712336528,0.5666176677433645,0.6726139929601865,-4.306410983936101,0.1095783005792796
55,f1_strong_t1|f3_dup_a|f4_dup_b|f5_null|f8_bigcoef|noise_0,101110011,6,-4.2285781489849095,0.0317930791082496,0.7540288032738358,0.8654452333661787,-4.114462398056656,0.1141157509282537
55,f1_strong_t1|f3_dup_a|f4_dup_b|f6_suppressor|f7_weak|f8_bigcoef,101101110,6,-2.500802725505829,0.0341931119604226,2.4818042267529163,2.732019807522262,-2.267629421046519,0.23317330445931
55,f1_strong_t1|f3_dup_a|f4_dup_b|f6_suppressor|f7_weak|noise_0,101101101,6,-2.7815748706817627,0.0336250324567137,2.2010320815769826,2.456431347877483,-2.543863855140388,0.2377110155413748
55,f1_strong_t1|f3_dup_a|f4_dup_b|f6_suppressor|f8_bigcoef|noise_0,101101011,6,-2.5791799695968627,0.0339065959541133,2.4034269826618826,2.6492625882834755,-2.351915269260941,0.2272647003359211
55,f1_strong_t1|f3_dup_a|f4_dup_b|f7_weak|f8_bigcoef|noise_0,101100111,6,-4.146270496320724,0.0323139393932883,0.8363364559380209,0.9482024526049658,-4.030176549842233,0.1160939464784913
55,f1_strong_t1|f3_dup_a|f5_null|f6_suppressor|f7_weak|f8_bigcoef,101011110,6,-2.509360566997528,0.0330509300039697,2.473246385261217,2.7218225403511003,-2.278256865155645,0.2311037018418829
55,f1_strong_t1|f3_dup_a|f5_null|f6_suppressor|f7_weak|noise_0,101011101,6,-2.773420155906677,0.0318257100139778,2.209186796352068,2.446234080706321,-2.554491299249513,0.2189288566571638
55,f1_strong_t1|f3_dup_a|f5_null|f6_suppressor|f8_bigcoef|noise_0,101011011,6,-2.591095511722565,0.0321631826310035,2.3915114405361804,2.639065321112313,-2.362542713370068,0.2285527983524971
55,f1_strong_t1|f3_dup_a|f5_null|f7_weak|f8_bigcoef|noise_0,101010111,6,-4.161754170751571,0.0307594987495262,0.820852781507174,0.938005185433804,-4.040803993951359,0.1209501768002123
55,f1_strong_t1|f3_dup_a|f6_suppressor|f7_weak|f8_bigcoef|noise_0,101001111,6,-2.510791045284271,0.032288564029599,2.471815906974474,2.7218225403511003,-2.278256865155645,0.232534180128626
55,f1_strong_t1|f4_dup_b|f5_null|f6_suppressor|f7_weak|f8_bigcoef,100111110,6,-2.5206104821205138,0.0327632945817175,2.4619964701382315,2.7218225403511003,-2.2766126933964714,0.2439977887240423
55,f1_strong_t1|f4_dup_b|f5_null|f6_suppressor|f7_weak|noise_0,100111101,6,-2.790356691074371,0.0321358055702538,2.192250261184374,2.446234080706321,-2.55284712749034,0.2375095635840312
55,f1_strong_t1|f4_dup_b|f5_null|f6_suppressor|f8_bigcoef|noise_0,100111011,6,-2.599628890419006,0.0325593036817794,2.382978061839739,2.639065321112313,-2.3608985416108945,0.2387303488081116
55,f1_strong_t1|f4_dup_b|f5_null|f7_weak|f8_bigcoef|noise_0,100110111,6,-4.152886902809143,0.0303780229130168,0.8297200494496026,0.938005185433804,-4.039159822192186,0.1137270806169565
55,f1_strong_t1|f4_dup_b|f6_suppressor|f7_weak|f8_bigcoef|noise_0,100101111,6,-2.50314198513031,0.0320541232597216,2.4794649671284352,2.7218225403511003,-2.2766126933964714,0.2265292917338386
55,f1_strong_t1|f5_null|f6_suppressor|f7_weak|f8_bigcoef|noise_0,100011111,6,-2.796792998981476,0.0344480135062733,2.1858139532772696,2.3963293554832665,-2.588816498870001,0.2079765001114748
55,f2_strong_t2|f3_dup_a|f4_dup_b|f5_null|f6_suppressor|f7_weak,11111100,6,-3.797705523777008,0.0330268308631779,1.1849014284817372,1.2941517581300257,-3.660209718092013,0.1374958056849951
55,f2_strong_t2|f3_dup_a|f4_dup_b|f5_null|f6_suppressor|f8_bigcoef,11111010,6,-3.607627951812744,0.0327565244486793,1.3749790004460012,1.486982998536018,-3.468261132212568,0.1393668196001765
55,f2_strong_t2|f3_dup_a|f4_dup_b|f5_null|f6_suppressor|noise_0,11111001,6,-3.941003827095032,0.0329858851217139,1.0416031251637137,1.1404094082560454,-3.804388741755023,0.1366150853400092
55,f2_strong_t2|f3_dup_a|f4_dup_b|f5_null|f7_weak|f8_bigcoef,11110110,6,-3.5124127237796783,0.0323839634614466,1.470194228479067,1.5697402177748048,-3.3839752839981445,0.1284374397815337
55,f2_strong_t2|f3_dup_a|f4_dup_b|f5_null|f7_weak|noise_0,11110101,6,-3.782702395772934,0.0317551335440243,1.1999045564858113,1.2941517581300257,-3.660209718092013,0.1224926776809209
55,f2_strong_t2|f3_dup_a|f4_dup_b|f5_null|f8_bigcoef|noise_0,11110011,6,-3.597533520650864,0.0316340625347778,1.3850734316078817,1.486982998536018,-3.468261132212568,0.129272388438296
55,f2_strong_t2|f3_dup_a|f4_dup_b|f6_suppressor|f7_weak|f8_bigcoef,11101110,6,-3.5241361073493955,0.0332239591986948,1.4584708449093498,1.5697402177748048,-3.3839752839981445,0.140160823351251
55,f2_strong_t2|f3_dup_a|f4_dup_b|f6_suppressor|f7_weak|noise_0,11101101,6,-3.792053012466431,0.0327267684455578,1.1905539397923146,1.2941517581300257,-3.660209718092013,0.1318432943744176
55,f2_strong_t2|f3_dup_a|f4_dup_b|f6_suppressor|f8_bigcoef|noise_0,11101011,6,-3.60409227848053,0.0325234421433012,1.3785146737782157,1.486982998536018,-3.468261132212568,0.1358311462679622
55,f2_strong_t2|f3_dup_a|f4_dup_b|f7_weak|f8_bigcoef|noise_0,11100111,6,-3.507155825662613,0.0320145236142185,1.4754511265961323,1.5697402177748048,-3.3839752839981445,0.1231805416644684
55,f2_strong_t2|f3_dup_a|f5_null|f6_suppressor|f7_weak|f8_bigcoef,11011110,6,-3.540680011081696,0.0316712715137813,1.4419269411770497,1.5595429506036431,-3.394602728107272,0.1460772829744243
55,f2_strong_t2|f3_dup_a|f5_null|f6_suppressor|f7_weak|noise_0,11011101,6,-3.810134298324585,0.0310008034551012,1.17247265393416,1.2839544909588645,-3.6708371622011393,0.1392971361234458
55,f2_strong_t2|f3_dup_a|f5_null|f6_suppressor|f8_bigcoef|noise_0,11011011,6,-3.6229392203331,0.0310898404289135,1.3596677319256458,1.4767857313648562,-3.478888576321694,0.1440506440114055
55,f2_strong_t2|f3_dup_a|f5_null|f7_weak|f8_bigcoef|noise_0,11010111,6,-3.5273079173088075,0.0305758885647571,1.4552990349499375,1.5595429506036431,-3.394602728107272,0.1327051892015363
55,f2_strong_t2|f3_dup_a|f6_suppressor|f7_weak|f8_bigcoef|noise_0,11001111,6,-3.539282581615448,0.0315816692274892,1.4433243706432974,1.5595429506036431,-3.394602728107272,0.1446798535081765
55,f2_strong_t2|f4_dup_b|f5_null|f6_suppressor|f7_weak|f8_bigcoef,10111110,6,-3.532744618034363,0.0316407925011808,1.4498623342243824,1.5595429506036431,-3.392958556348098,0.1397860616862649
55,f2_strong_t2|f4_dup_b|f5_null|f6_suppressor|f7_weak|noise_0,10111101,6,-3.8074916322708128,0.0312029810404392,1.1751153199879325,1.2839544909588645,-3.669192990441967,0.1382986418288458
55,f2_strong_t2|f4_dup_b|f5_null|f6_suppressor|f8_bigcoef|noise_0,10111011,6,-3.618823941755295,0.0312287927394369,1.3637830105034503,1.4767857313648562,-3.4772444045625206,0.1415795371927743
55,f2_strong_t2|f4_dup_b|f5_null|f7_weak|f8_bigcoef|noise_0,10110111,6,-3.527465392827988,0.0304955863963879,1.4551415594307575,1.5595429506036431,-3.392958556348098,0.1345068364798898
55,f2_strong_t2|f4_dup_b|f6_suppressor|f7_weak|f8_bigcoef|noise_0,10101111,6,-3.533342868518829,0.0313590837129343,1.4492640837399158,1.5595429506036431,-3.392958556348098,0.1403843121707315
55,f2_strong_t2|f5_null|f6_suppressor|f7_weak|f8_bigcoef|noise_0,10011111,6,-3.832856798124313,0.0332530013529109,1.149750154134432,1.2340497657358096,-3.705162361821627,0.1276944363026864
55,f3_dup_a|f4_dup_b|f5_null|f6_suppressor|f7_weak|f8_bigcoef,1111110,6,-4.3346084856987,0.0331460797055155,0.6479984665600451,0.7650212615577549,-4.206909392240064,0.1276990934586361
55,f3_dup_a|f4_dup_b|f5_null|f6_suppressor|f7_weak|noise_0,1111101,6,-4.598275454425812,0.0327388461094753,0.3843314978329335,0.4894328019129755,-4.483143826333933,0.1151316280918788
55,f3_dup_a|f4_dup_b|f5_null|f6_suppressor|f8_bigcoef|noise_0,1111011,6,-4.411984172153473,0.0326067956383938,0.5706227801052721,0.682264042318968,-4.291195240454487,0.1207889316989865
55,f3_dup_a|f4_dup_b|f5_null|f7_weak|f8_bigcoef|noise_0,1110111,6,-4.316447738075256,0.0318240210953829,0.6661592141834891,0.7650212615577549,-4.206909392240064,0.1095383458351921
55,f3_dup_a|f4_dup_b|f6_suppressor|f7_weak|f8_bigcoef|noise_0,1101111,6,-4.3271204426288605,0.0327635508151194,0.6554865096298848,0.7650212615577549,-4.206909392240064,0.1202110503887965
55,f3_dup_a|f5_null|f6_suppressor|f7_weak|f8_bigcoef|noise_0,1011111,6,-4.343158661079407,0.0313248435569663,0.6394482911793382,0.7548239943865932,-4.21753683634919,0.1256218247302172
55,f4_dup_b|f5_null|f6_suppressor|f7_weak|f8_bigcoef|noise_0,111111,6,-4.333759066009521,0.0312891271614768,0.6488478862492242,0.7548239943865932,-4.215892664590016,0.117866401419505
55,f1_strong_t1|f2_strong_t2|f3_dup_a|f4_dup_b|f5_null|f6_suppressor|f7_weak,111111100,7,-1.974831404209137,0.035068622253218,3.007775548049608,3.261150304094533,-1.7209297468984697,0.2539016573106674
55,f1_strong_t1|f2_strong_t2|f3_dup_a|f4_dup_b|f5_null|f6_suppressor|f8_bigcoef,111111010,7,-1.7847699796676637,0.0348368529199917,3.197836972591082,3.4539815445005253,-1.5289811610190234,0.2557888186486401
55,f1_strong_t1|f2_strong_t2|f3_dup_a|f4_dup_b|f5_null|f6_suppressor|noise_0,111111001,7,-2.118070976161957,0.0350779124538741,2.8645359760967883,3.1074079542205526,-1.8651087705614784,0.2529622056004785
55,f1_strong_t1|f2_strong_t2|f3_dup_a|f4_dup_b|f5_null|f7_weak|f8_bigcoef,111110110,7,-3.3518379119873045,0.0331092429249111,1.6307690402714408,1.752921408822016,-3.2072424416003145,0.14459547038699
55,f1_strong_t1|f2_strong_t2|f3_dup_a|f4_dup_b|f5_null|f7_weak|noise_0,111110101,7,-3.620002409410477,0.0323395354682657,1.3626045428482687,1.477332949177237,-3.4834768756941825,0.136525533716294
55,f1_strong_t1|f2_strong_t2|f3_dup_a|f4_dup_b|f5_null|f8_bigcoef|noise_0,111110011,7,-3.431504584932328,0.032168578508016,1.551102367326418,1.6701641895832289,-3.291528289814737,0.1399762951175902
55,f1_strong_t1|f2_strong_t2|f3_dup_a|f4_dup_b|f6_suppressor|f7_weak|f8_bigcoef,111101110,7,-1.7125669925689695,0.0353070581143508,3.270039959689776,3.5367387637393115,-1.4446953128046012,0.2678716797643685
55,f1_strong_t1|f2_strong_t2|f3_dup_a|f4_dup_b|f6_suppressor|f7_weak|noise_0,111101101,7,-1.996465180683136,0.0349956913633575,2.9861417715756096,3.261150304094533,-1.7209297468984697,0.2755354337846663
55,f1_strong_t1|f2_strong_t2|f3_dup_a|f4_dup_b|f6_suppressor|f8_bigcoef|noise_0,111101011,7,-1.781222227668762,0.034655932561512,3.201384724589983,3.4539815445005253,-1.5289811610190234,0.2522410666497388
55,f1_strong_t1|f2_strong_t2|f3_dup_a|f4_dup_b|f7_weak|f8_bigcoef|noise_0,111100111,7,-3.34821287984848,0.032891645817778,1.6343940724102652,1.752921408822016,-3.2072424416003145,0.1409704382481655
55,f1_strong_t1|f2_strong_t2|f3_dup_a|f5_null|f6_suppressor|f7_weak|f8_bigcoef,111011110,7,-1.7089483866691588,0.0336135031447094,3.2736585655895865,3.52654149656815,-1.4553227569137268,0.253625629755432
55,f1_strong_t1|f2_strong_t2|f3_dup_a|f5_null|f6_suppressor|f7_weak|noise_0,111011101,7,-1.9897657097816468,0.0327594393792273,2.9928412424770983,3.2509530369233715,-1.7315571910075949,0.2582085187740519
55,f1_strong_t1|f2_strong_t2|f3_dup_a|f5_null|f6_suppressor|f8_bigcoef|noise_0,111011011,7,-1.7939714814186096,0.0323714596451634,3.1886354708401354,3.443784277329364,-1.539608605128149,0.2543628762904606
55,f1_strong_t1|f2_strong_t2|f3_dup_a|f5_null|f7_weak|f8_bigcoef|noise_0,111010111,7,-3.36461886754036,0.0312764897207143,1.6179880847183856,1.742724141650854,-3.21786988570944,0.1467489818309197
55,f1_strong_t1|f2_strong_t2|f3_dup_a|f6_suppressor|f7_weak|f8_bigcoef|noise_0,111001111,7,-1.7176306601524354,0.033010654637007,3.2649762921063097,3.52654149656815,-1.455322756913727,0.2623079032387083
55,f1_strong_t1|f2_strong_t2|f4_dup_b|f5_null|f6_suppressor|f7_weak|f8_bigcoef,110111110,7,-1.7185123406410217,0.0333223184840356,3.264094611617724,3.52654149656815,-1.4536785851545533,0.2648337554864683
55,f1_strong_t1|f2_strong_t2|f4_dup_b|f5_null|f6_suppressor|f7_weak|noise_0,110111101,7,-1.9984132449150085,0.0330499395122905,2.984193707343737,3.2509530369233715,-1.7299130192484211,0.2685002256665874
55,f1_strong_t1|f2_strong_t2|f4_dup_b|f5_null|f6_suppressor|f8_bigcoef|noise_0,110111011,7,-1.7961463751792908,0.0328422350702094,3.1864605770794547,3.443784277329364,-1.5379644333689753,0.2581819418103155
55,f1_strong_t1|f2_strong_t2|f4_dup_b|f5_null|f7_weak|f8_bigcoef|noise_0,110110111,7,-3.365614422893524,0.0308558136281384,1.6169925293652212,1.742724141650854,-3.216225713950266,0.1493887089432579
55,f1_strong_t1|f2_strong_t2|f4_dup_b|f6_suppressor|f7_weak|f8_bigcoef|noise_0,110101111,7,-1.7137740738868714,0.0327611604191792,3.2688328783718736,3.52654149656815,-1.4536785851545533,0.2600954887323181
55,f1_strong_t1|f2_strong_t2|f5_null|f6_suppressor|f7_weak|f8_bigcoef|noise_0,110011111,7,-1.998796893882752,0.0346874656127263,2.983810058375994,3.201048311700317,-1.765882390628082,0.2329145032546693
55,f1_strong_t1|f3_dup_a|f4_dup_b|f5_null|f6_suppressor|f7_weak|f8_bigcoef,101111110,7,-2.4990799876213075,0.0346776888593684,2.483526964637438,2.732019807522262,-2.267629421046519,0.2314505665747885
55,f1_strong_t1|f3_dup_a|f4_dup_b|f5_null|f6_suppressor|f7_weak|noise_0,101111101,7,-2.763986046218872,0.0340086250488833,2.2186209060398734,2.456431347877483,-2.543863855140388,0.220122191078484
55,f1_strong_t1|f3_dup_a|f4_dup_b|f5_null|f6_suppressor|f8_bigcoef|noise_0,101111011,7,-2.587793507671356,0.0342985917162457,2.394813444587389,2.6492625882834755,-2.351915269260941,0.2358782384104145
55,f1_strong_t1|f3_dup_a|f4_dup_b|f5_null|f7_weak|f8_bigcoef|noise_0,101110111,7,-4.149470061922074,0.0325121938239675,0.8331368903366716,0.9482024526049658,-4.030176549842233,0.1192935120798406
55,f1_strong_t1|f3_dup_a|f4_dup_b|f6_suppressor|f7_weak|f8_bigcoef|noise_0,101101111,7,-2.503746456241608,0.0342916902171407,2.4788604960171376,2.732019807522262,-2.267629421046519,0.2361170351950887
55,f1_strong_t1|f3_dup_a|f5_null|f6_suppressor|f7_weak|f8_bigcoef|noise_0,101011111,7,-2.517007408618927,0.0328002621851843,2.465599543639818,2.7218225403511003,-2.278256865155645,0.2387505434632819
55,f1_strong_t1|f4_dup_b|f5_null|f6_suppressor|f7_weak|f8_bigcoef|noise_0,100111111,7,-2.524426079750061,0.0327657083721184,2.4581808725086844,2.7218225403511003,-2.2766126933964714,0.2478133863535894
55,f2_strong_t2|f3_dup_a|f4_dup_b|f5_null|f6_suppressor|f7_weak|f8_bigcoef,11111110,7,-3.532874789762497,0.0336664119445157,1.4497321624962485,1.5697402177748048,-3.3839752839981445,0.1488995057643523
55,f2_strong_t2|f3_dup_a|f4_dup_b|f5_null|f6_suppressor|f7_weak|noise_0,11111101,7,-3.805020485401154,0.033101591677925,1.1775864668575915,1.2941517581300257,-3.660209718092013,0.1448107673091407
55,f2_strong_t2|f3_dup_a|f4_dup_b|f5_null|f6_suppressor|f8_bigcoef|noise_0,11111011,7,-3.614566513681412,0.0329974762403364,1.3680404385773337,1.486982998536018,-3.468261132212568,0.1463053814688439
55,f2_strong_t2|f3_dup_a|f4_dup_b|f5_null|f7_weak|f8_bigcoef|noise_0,11110111,7,-3.518909796953201,0.0323445251250444,1.4636971553055438,1.5697402177748048,-3.3839752839981445,0.1349345129550569
55,f2_strong_t2|f3_dup_a|f4_dup_b|f6_suppressor|f7_weak|f8_bigcoef|noise_0,11101111,7,-3.5286324486255647,0.0334104386477508,1.4539745036331806,1.5697402177748048,-3.3839752839981445,0.1446571646274201
55,f2_strong_t2|f3_dup_a|f5_null|f6_suppressor|f7_weak|f8_bigcoef|noise_0,11011111,7,-3.5475662232875824,0.0318168392093814,1.4350407289711629,1.5595429506036431,-3.394602728107272,0.1529634951803111
55,f2_strong_t2|f4_dup_b|f5_null|f6_suppressor|f7_weak|f8_bigcoef|noise_0,10111111,7,-3.542592112350464,0.0318898872870194,1.4400148399082813,1.5595429506036431,-3.392958556348098,0.149633556002366
55,f3_dup_a|f4_dup_b|f5_null|f6_suppressor|f7_weak|f8_bigcoef|noise_0,1111111,7,-4.336287968873978,0.0332587419572511,0.6463189833847673,0.7650212615577549,-4.206909392240064,0.1293785766339139
55,f1_strong_t1|f2_strong_t2|f3_dup_a|f4_dup_b|f5_null|f6_suppressor|f7_weak|f8_bigcoef,111111110,8,-1.7055365686416626,0.0357070825292342,3.2770703836170827,3.5367387637393115,-1.4446953128046012,0.2608412558370614
55,f1_strong_t1|f2_strong_t2|f3_dup_a|f4_dup_b|f5_null|f6_suppressor|f7_weak|noise_0,111111101,8,-1.9840048471450809,0.0352705779555044,2.9986021051136644,3.261150304094533,-1.7209297468984697,0.2630751002466109
55,f1_strong_t1|f2_strong_t2|f3_dup_a|f4_dup_b|f5_null|f6_suppressor|f8_bigcoef|noise_0,111111011,8,-1.784537644958496,0.0348302310620789,3.198069307300249,3.4539815445005253,-1.5289811610190234,0.2555564839394726
55,f1_strong_t1|f2_strong_t2|f3_dup_a|f4_dup_b|f5_null|f7_weak|f8_bigcoef|noise_0,111110111,8,-3.351673401927948,0.0329926466969874,1.6309335503307971,1.752921408822016,-3.2072424416003145,0.1444309603276337
55,f1_strong_t1|f2_strong_t2|f3_dup_a|f4_dup_b|f6_suppressor|f7_weak|f8_bigcoef|noise_0,111101111,8,-1.713553245639801,0.0353955940725208,3.269053706618944,3.5367387637393115,-1.4446953128046012,0.2688579328351999
55,f1_strong_t1|f2_strong_t2|f3_dup_a|f5_null|f6_suppressor|f7_weak|f8_bigcoef|noise_0,111011111,8,-1.7239557525634766,0.0333328212127416,3.2586511996952687,3.52654149656815,-1.4553227569137268,0.2686329956497497
55,f1_strong_t1|f2_strong_t2|f4_dup_b|f5_null|f6_suppressor|f7_weak|f8_bigcoef|noise_0,110111111,8,-1.7300021621704105,0.0333915836171441,3.252604790088335,3.52654149656815,-1.4536785851545533,0.2763235770158569
55,f1_strong_t1|f3_dup_a|f4_dup_b|f5_null|f6_suppressor|f7_weak|f8_bigcoef|noise_0,101111111,8,-2.505311005783081,0.0347590186284409,2.4772959464756643,2.732019807522262,-2.267629421046519,0.2376815847365621
55,f2_strong_t2|f3_dup_a|f4_dup_b|f5_null|f6_suppressor|f7_weak|f8_bigcoef|noise_0,11111111,8,-3.538495811080933,0.0337889313904859,1.4441111411778125,1.5697402177748048,-3.3839752839981445,0.1545205270827883
55,f1_strong_t1|f2_strong_t2|f3_dup_a|f4_dup_b|f5_null|f6_suppressor|f7_weak|f8_bigcoef|noise_0,111111111,9,-1.712262239265442,0.0356740116639252,3.270344712993303,3.5367387637393115,-1.4446953128046012,0.2675669264608407
99,none,0,0,-4.968570577049255,0.0294387429573146,0.01403637520949,0.0,-4.948509927820423,0.0200606492288324
99,f1_strong_t1,100000000,1,-4.817595731544495,0.0305145628637011,0.1650112207142502,0.1831811910472108,-4.771777085422592,0.0458186461219032
99,f2_strong_t2,10000000,1,-4.176607674407959,0.0295142028119507,0.8059992778507867,0.8047189562170504,-4.125575819578504,0.0510318548294543
99,f3_dup_a,1000000,1,-4.691487887859345,0.0282464996840695,0.2911190643994006,0.3254931848678336,-4.637950294106068,0.0535375937532771
99,f4_dup_b,100000,1,-4.689246576499939,0.0283072102368413,0.2933603757588061,0.3254931848678336,-4.636306122346894,0.0529404541530453
99,f5_null,10000,1,-4.978408927822113,0.0297881332682651,0.0041980244366319,0.0,-4.948509927820423,0.0298990000016905
99,f6_suppressor,1000,1,-4.980207924842834,0.0300122012455729,0.0023990274159109,0.0,-4.948509927820423,0.0316979970224116
99,f7_weak,100,1,-4.832957098960876,0.0295862762652596,0.1496498532978689,0.1537423498739802,-4.804330904157414,0.0286261948034622
99,f8_bigcoef,10,1,-4.65341881685257,0.0298590358427084,0.3291881354061754,0.3465735902799726,-4.612382318277969,0.0410364985746012
99,noise_0,1,1,-4.978076121234894,0.0298324555216449,0.0045308310238514,0.0,-4.948509927820423,0.029566193414471
99,f1_strong_t1|f2_strong_t2,110000000,2,-4.02769419002533,0.0308287695935375,0.9549127622334151,0.9879001472642612,-3.948842977180674,0.0788512128446559
99,f1_strong_t1|f3_dup_a,101000000,2,-4.536471478652954,0.0293209561485528,0.446135473605791,0.5086743759150446,-4.4612174517082375,0.0752540269447168
99,f1_strong_t1|f4_dup_b,100100000,2,-4.533030831050873,0.0296227736196369,0.4495761212078726,0.5086743759150446,-4.459573279949064,0.0734575511018089
99,f1_strong_t1|f5_null,100010000,2,-4.826238674926758,0.0309144319652277,0.1563682773319872,0.1831811910472108,-4.771777085422592,0.0544615895041662
99,f1_strong_t1|f6_suppressor,100001000,2,-3.1727464788436888,0.0320158446477556,1.8098604734150563,1.9669985459645072,-3.009229956626878,0.1635165222168106
99,f1_strong_t1|f7_weak,100000100,2,-4.679206293010712,0.0302539835055989,0.3034006592480338,0.3369235409211911,-4.627598061759583,0.0516082312511283
99,f1_strong_t1|f8_bigcoef,100000010,2,-4.499992591190338,0.0307190879109607,0.482614361068407,0.5297547813271836,-4.435649475880138,0.0643431153102005
99,f1_strong_t1|noise_0,100000001,2,-4.825784479808807,0.0308400086125098,0.1568224724499378,0.1831811910472108,-4.771777085422592,0.0540073943862156
99,f2_strong_t2|f3_dup_a,11000000,2,-3.897559219741821,0.0281169728224691,1.085047732516924,1.130212141084884,-3.815016185864149,0.0825430338776729
99,f2_strong_t2|f4_dup_b,10100000,2,-3.89436100063324,0.0279043843449732,1.0882459516255056,1.130212141084884,-3.813372014104975,0.0809889865282644
99,f2_strong_t2|f5_null,10010000,2,-4.185610983085632,0.0299190813134392,0.7969959691731132,0.8047189562170504,-4.125575819578504,0.0600351635071279
99,f2_strong_t2|f6_suppressor,10001000,2,-4.190039090824127,0.0302212095699656,0.7925678614346179,0.8047189562170504,-4.125575819578504,0.0644632712456232
99,f2_strong_t2|f7_weak,10000100,2,-4.043818559646606,0.0295191756955375,0.938788392612139,0.9584613060910306,-3.981396795915495,0.0624217637311113
99,f2_strong_t2|f8_bigcoef,10000010,2,-3.860761908435821,0.0298249570997136,1.121845043822924,1.151292546497023,-3.7894482100360496,0.0713136983997717
99,f2_strong_t2|noise_0,10000001,2,-4.191766672039032,0.0297067217591034,0.7908402802197134,0.8047189562170504,-4.125575819578504,0.0661908524605277
99,f3_dup_a|f4_dup_b,1100000,2,-4.701452540206909,0.0302759198035717,0.2811544120518361,0.3356904520389953,-4.627322849996943,0.0741296902099666
99,f3_dup_a|f5_null,1010000,2,-4.702053903007507,0.0285798745581565,0.280553049251238,0.3254931848678336,-4.637950294106068,0.0641036089014397
99,f3_dup_a|f6_suppressor,1001000,2,-4.705711736679077,0.0289247254893866,0.2768952155796684,0.3254931848678336,-4.637950294106068,0.0677614425730093
99,f3_dup_a|f7_weak,1000100,2,-4.553711745834351,0.0283510476085153,0.4288952064243947,0.4792355347418139,-4.493771270443058,0.0599404753912926
99,f3_dup_a|f8_bigcoef,1000010,2,-4.374237438297271,0.0282779587313476,0.608369513961474,0.6720667751478063,-4.3018226845636125,0.0724147537336588
99,f3_dup_a|noise_0,1000001,2,-4.697752177429199,0.0286024811999352,0.2848547748295464,0.3254931848678336,-4.637950294106068,0.0598018833231313
99,f4_dup_b|f5_null,110000,2,-4.696989015007019,0.028655453327394,0.2856179372517262,0.3254931848678336,-4.636306122346894,0.0606828926601252
99,f4_dup_b|f6_suppressor,101000,2,-4.704692845726013,0.0286885186229939,0.2779141065327319,0.3254931848678336,-4.636306122346894,0.0683867233791195
99,f4_dup_b|f7_weak,100100,2,-4.549883531570434,0.0285474382817709,0.432723420688311,0.4792355347418139,-4.492127098683885,0.0577564328865491
99,f4_dup_b|f8_bigcoef,100010,2,-4.369956393623352,0.028548632634985,0.6126505586353934,0.6720667751478063,-4.300178512804439,0.0697778808189131
99,f4_dup_b|noise_0,100001,2,-4.695126244831085,0.0285839383865104,0.2874807074276599,0.3254931848678336,-4.636306122346894,0.0588201224841915
99,f5_null|f6_suppressor,11000,2,-4.989493795871734,0.0307036571316741,-0.0068868436129889,0.0,-4.948509927820423,0.0409838680513114
99,f5_null|f7_weak,10100,2,-4.841945852375031,0.0297490450489447,0.1406610998837143,0.1537423498739802,-4.804330904157414,0.0376149482176169
99,f5_null|f8_bigcoef,10010,2,-4.658000859928131,0.0299152459351566,0.3246060923306144,0.3465735902799726,-4.612382318277969,0.0456185416501622
99,f5_null|noise_0,10001,2,-4.9897820804595945,0.0303913801462179,-0.0071751282008492,0.0,-4.948509927820423,0.0412721526391717
99,f6_suppressor|f7_weak,1100,2,-4.849344340324402,0.0299849073096969,0.1332626119343434,0.1537423498739802,-4.804330904157414,0.0450134361669878
99,f6_suppressor|f8_bigcoef,1010,2,-4.664941348743438,0.0304635292510083,0.3176656035153069,0.3465735902799726,-4.612382318277969,0.0525590304654697
99,f6_suppressor|noise_0,1001,2,-4.984844431495667,0.0305514864042935,-0.0022374792369213,0.0,-4.948509927820423,0.0363345036752438
99,f7_weak|f8_bigcoef,110,2,-4.577661312961578,0.0306504826078129,0.4049456392971668,0.4293308095187594,-4.528096470063545,0.0495648428980333
99,f7_weak|noise_0,101,2,-4.838573528289795,0.029862467206965,0.14403342396895,0.1537423498739802,-4.804330904157414,0.0342426241323812
99,f8_bigcoef|noise_0,11,2,-4.663013467311859,0.0301145384740211,0.3195934849468864,0.3465735902799726,-4.612382318277969,0.0506311490338902
99,f1_strong_t1|f2_strong_t2|f3_dup_a,111000000,3,-3.7393364379882814,0.0291159983933761,1.243270514270464,1.3133933321320947,-3.6382833434663175,0.1010530945219638
99,f1_strong_t1|f2_strong_t2|f4_dup_b,110100000,3,-3.737986331367493,0.0293089978424048,1.2446206208912525,1.3133933321320947,-3.636639171707144,0.1013471596603485
99,f1_strong_t1|f2_strong_t2|f5_null,110010000,3,-4.032287872123718,0.0310215285919308,0.950319080135027,0.9879001472642612,-3.948842977180674,0.0834448949430441
99,f1_strong_t1|f2_strong_t2|f6_suppressor,110001000,3,-2.393909026050568,0.0331178073051302,2.588697926208177,2.771717502181557,-2.1862958483849595,0.2076131776656082
99,f1_strong_t1|f2_strong_t2|f7_weak,110000100,3,-3.892776352500916,0.0304653080557052,1.0898305997578297,1.1416424971382413,-3.804663953517664,0.0881123989832515
99,f1_strong_t1|f2_strong_t2|f8_bigcoef,110000010,3,-3.709792539215088,0.0309397659470725,1.2728144130436574,1.3344737375442337,-3.6127153676382178,0.0970771715768701
99,f1_strong_t1|f2_strong_t2|noise_0,110000001,3,-4.041594502639771,0.0309245897043307,0.9410124496189748,0.9879001472642612,-3.948842977180674,0.0927515254590964
99,f1_strong_t1|f3_dup_a|f4_dup_b,101100000,3,-4.550180345535279,0.0316101082942066,0.4324266067234665,0.5188716430862063,-4.45059000759911,0.0995903379361689
99,f1_strong_t1|f3_dup_a|f5_null,101010000,3,-4.544952469921112,0.0295429479933719,0.4376544823376331,0.5086743759150446,-4.4612174517082375,0.0837350182128746
99,f1_strong_t1|f3_dup_a|f6_suppressor,101001000,3,-2.896949132728577,0.0308503386933622,2.0856578195301685,2.292491730832341,-2.6986703229125224,0.1982788098160544
99,f1_strong_t1|f3_dup_a|f7_weak,101000100,3,-4.402770603275299,0.0291820141752475,0.5798363489834459,0.6624167257890249,-4.317038428045227,0.0857321752300723
99,f1_strong_t1|f3_dup_a|f8_bigcoef,101000010,3,-4.219528091812133,0.0291049513542011,0.7630788604466119,0.8552479661950173,-4.125089842165781,0.0944382496463527
99,f1_strong_t1|f3_dup_a|noise_0,101000001,3,-4.540847184562683,0.0295035158748604,0.4417597676960625,0.5086743759150446,-4.4612174517082375,0.0796297328544453
99,f1_strong_t1|f4_dup_b|f5_null,100110000,3,-4.540643362808227,0.0299992380065242,0.441963589450518,0.5086743759150446,-4.459573279949064,0.0810700828591635
99,f1_strong_t1|f4_dup_b|f6_suppressor,100101000,3,-2.87973241853714,0.0303514865514639,2.102874533721605,2.292491730832341,-2.697026151153349,0.1827062673837907
99,f1_strong_t1|f4_dup_b|f7_weak,100100100,3,-4.394789705657959,0.0295595823022759,0.5878172466007863,0.6624167257890249,-4.315394256286054,0.0793954493719049
99,f1_strong_t1|f4_dup_b|f8_bigcoef,100100010,3,-4.213137526607514,0.0295650524930512,0.7694694256512316,0.8552479661950173,-4.123445670406608,0.0896918562009059
99,f1_strong_t1|f4_dup_b|noise_0,100100001,3,-4.538506749725342,0.0298172670660376,0.4441002025334031,0.5086743759150446,-4.459573279949064,0.0789334697762784
99,f1_strong_t1|f5_null|f6_suppressor,100011000,3,-3.1932056153297426,0.0330315943443527,1.7894013369290027,1.9669985459645072,-3.009229956626878,0.1839756587028644
99,f1_strong_t1|f5_null|f7_weak,100010100,3,-4.687942357635498,0.0305702728481198,0.2946645946232475,0.3369235409211911,-4.627598061759583,0.0603442958759146
99,f1_strong_t1|f5_null|f8_bigcoef,100010010,3,-4.503444265079498,0.0309190094666435,0.4791626871792473,0.5297547813271836,-4.435649475880138,0.0677947891993602
99,f1_strong_t1|f5_null|noise_0,100010001,3,-4.835090465354919,0.0314255321976623,0.1475164869038261,0.1831811910472108,-4.771777085422592,0.0633133799323273
99,f1_strong_t1|f6_suppressor|f7_weak,100001100,3,-3.0399733826637267,0.0315993505395281,1.9426335695950183,2.1207408958384875,-2.865050932963869,0.1749224496998578
99,f1_strong_t1|f6_suppressor|f8_bigcoef,100001010,3,-2.8651028586387635,0.0323632898662088,2.117504093619982,2.3135721362444794,-2.6731023470844235,0.1920005115543399
99,f1_strong_t1|f6_suppressor|noise_0,100001001,3,-3.1607220182418825,0.0324589722059923,1.8218849340168628,1.9669985459645072,-3.009229956626878,0.1514920616150044
99,f1_strong_t1|f7_weak|f8_bigcoef,100000110,3,-4.42614327955246,0.0313124609417422,0.5564636727062853,0.6125120005659704,-4.351363627665714,0.0747796518867458
99,f1_strong_t1|f7_weak|noise_0,100000101,3,-4.686387492275238,0.0304938397127705,0.296219459983507,0.3369235409211911,-4.627598061759583,0.0587894305156551
99,f1_strong_t1|f8_bigcoef|noise_0,100000011,3,-4.506950444412231,0.0309738793667381,0.475656507846514,0.5297547813271836,-4.435649475880138,0.0713009685320935
99,f2_strong_t2|f3_dup_a|f4_dup_b,11100000,3,-3.908132444477081,0.0297351925159566,1.0744745077816642,1.1404094082560454,-3.804388741755023,0.1037437027220584
99,f2_strong_t2|f3_dup_a|f5_null,11010000,3,-3.907323560810089,0.0285138081355927,1.0752833914486564,1.130212141084884,-3.815016185864149,0.0923073749459404
99,f2_strong_t2|f3_dup_a|f6_suppressor,11001000,3,-3.9111489786148073,0.0289421500231351,1.071457973643938,1.130212141084884,-3.815016185864149,0.0961327927506587
99,f2_strong_t2|f3_dup_a|f7_weak,11000100,3,-3.763802334594727,0.0280799357190163,1.2188046176640186,1.2839544909588645,-3.6708371622011393,0.0929651723935873
99,f2_strong_t2|f3_dup_a|f8_bigcoef,11000010,3,-3.575652189064026,0.0281080338503237,1.4069547631947192,1.4767857313648562,-3.478888576321694,0.0967636127423321
99,f2_strong_t2|f3_dup_a|noise_0,11000001,3,-3.907039567279816,0.0282972925041285,1.0755673849789296,1.130212141084884,-3.815016185864149,0.0920233814156672
99,f2_strong_t2|f4_dup_b|f5_null,10110000,3,-3.9013535353660576,0.0284557715842561,1.0812534168926868,1.130212141084884,-3.813372014104975,0.0879815212610832
99,f2_strong_t2|f4_dup_b|f6_suppressor,10101000,3,-3.9088286100387575,0.0284995037516976,1.0737783422199878,1.130212141084884,-3.813372014104975,0.0954565959337823
99,f2_strong_t2|f4_dup_b|f7_weak,10100100,3,-3.7594242252349854,0.0280766766422997,1.22318272702376,1.2839544909588645,-3.669192990441967,0.0902312347930185
99,f2_strong_t2|f4_dup_b|f8_bigcoef,10100010,3,-3.5731475997924806,0.0281337699929937,1.4094593524662646,1.4767857313648562,-3.4772444045625206,0.09590319522996
99,f2_strong_t2|f4_dup_b|noise_0,10100001,3,-3.907819315052032,0.0280490613876488,1.0747876372067129,1.130212141084884,-3.813372014104975,0.0944473009470572
99,f2_strong_t2|f5_null|f6_suppressor,10011000,3,-4.200252750110626,0.030748125104534,0.7823542021481193,0.8047189562170504,-4.125575819578504,0.0746769305321217
99,f2_strong_t2|f5_null|f7_weak,10010100,3,-4.052280551624298,0.029853137547899,0.9303264006344474,0.9584613060910306,-3.981396795915495,0.0708837557088029
99,f2_strong_t2|f5_null|f8_bigcoef,10010010,3,-3.861642563152313,0.0299911997569722,1.1209643891064325,1.151292546497023,-3.7894482100360496,0.0721943531162634
99,f2_strong_t2|f5_null|noise_0,10010001,3,-4.200496417999267,0.030261378194697,0.7821105342594779,0.8047189562170504,-4.125575819578504,0.0749205984207632
99,f2_strong_t2|f6_suppressor|f7_weak,10001100,3,-4.058008655834198,0.0301743694793164,0.9245982964245476,0.9584613060910306,-3.981396795915495,0.0766118599187026
99,f2_strong_t2|f6_suppressor|f8_bigcoef,10001010,3,-3.870099848079681,0.0305932143214307,1.112507104179064,1.151292546497023,-3.7894482100360496,0.0806516380436317
99,f2_strong_t2|f6_suppressor|noise_0,10001001,3,-4.201535347080231,0.0306209362233465,0.7810716051785143,0.8047189562170504,-4.125575819578504,0.0759595275017268
99,f2_strong_t2|f7_weak|f8_bigcoef,10000110,3,-3.790940433502197,0.0306194910651382,1.191666518756548,1.2340497657358096,-3.705162361821627,0.0857780716805702
99,f2_strong_t2|f7_weak|noise_0,10000101,3,-4.0563555727005,0.0297911473004907,0.926251379558245,0.9584613060910306,-3.981396795915495,0.0749587767850052
99,f2_strong_t2|f8_bigcoef|noise_0,10000011,3,-3.8767057059288015,0.0300876680090555,1.105901246329943,1.151292546497023,-3.7894482100360496,0.0872574958927527
99,f3_dup_a|f4_dup_b|f5_null,1110000,3,-4.707595228672028,0.0305323744041535,0.2750117235867177,0.3356904520389953,-4.627322849996943,0.0802723786750849
99,f3_dup_a|f4_dup_b|f6_suppressor,1101000,3,-4.720771501636505,0.031031413811291,0.2618354506222404,0.3356904520389953,-4.627322849996943,0.0934486516395622
99,f3_dup_a|f4_dup_b|f7_weak,1100100,3,-4.564397163963318,0.0305775770312473,0.4182097882954272,0.4894328019129755,-4.483143826333933,0.0812533376293851
99,f3_dup_a|f4_dup_b|f8_bigcoef,1100010,3,-4.380896408462524,0.0302858558290637,0.6017105437962211,0.682264042318968,-4.291195240454487,0.0897011680080375
99,f3_dup_a|f4_dup_b|noise_0,1100001,3,-4.703008905601502,0.0304499045831714,0.2795980466572434,0.3356904520389953,-4.627322849996943,0.0756860556045593
99,f3_dup_a|f5_null|f6_suppressor,1011000,3,-4.7157141859054565,0.029425925491707,0.2668927663532887,0.3254931848678336,-4.637950294106068,0.077763891799389
99,f3_dup_a|f5_null|f7_weak,1010100,3,-4.561642580795288,0.0284718724658161,0.420964371463457,0.4792355347418139,-4.493771270443058,0.0678713103522303
99,f3_dup_a|f5_null|f8_bigcoef,1010010,3,-4.380049604034424,0.0283410345817531,0.6025573482243214,0.6720667751478063,-4.3018226845636125,0.0782269194708114
99,f3_dup_a|f5_null|noise_0,1010001,3,-4.708533861160278,0.0290551591311679,0.274073091098467,0.3254931848678336,-4.637950294106068,0.0705835670542107
99,f3_dup_a|f6_suppressor|f7_weak,1001100,3,-4.572953300476074,0.0292669669328473,0.409653651782671,0.4792355347418139,-4.493771270443058,0.0791820300330163
99,f3_dup_a|f6_suppressor|f8_bigcoef,1001010,3,-4.3945405355453495,0.0292477025249889,0.5880664167133958,0.6720667751478063,-4.3018226845636125,0.092717850981737
99,f3_dup_a|f6_suppressor|noise_0,1001001,3,-4.708081584739685,0.0294938234185262,0.2745253675190602,0.3254931848678336,-4.637950294106068,0.0701312906336175
99,f3_dup_a|f7_weak|f8_bigcoef,1000110,3,-4.301689672851563,0.0291863374202187,0.6809172794071827,0.7548239943865932,-4.21753683634919,0.0841528365023727
99,f3_dup_a|f7_weak|noise_0,1000101,3,-4.558115472793579,0.0285731077505737,0.4244914794651659,0.4792355347418139,-4.493771270443058,0.0643442023505214
99,f3_dup_a|f8_bigcoef|noise_0,1000011,3,-4.380169235515594,0.0285880312215851,0.6024377167431512,0.6720667751478063,-4.3018226845636125,0.0783465509519816
99,f4_dup_b|f5_null|f6_suppressor,111000,3,-4.7107502439498905,0.0293423216614538,0.2718567083088548,0.3254931848678336,-4.636306122346894,0.0744441216029967
99,f4_dup_b|f5_null|f7_weak,110100,3,-4.556787006092072,0.0286599284461885,0.4258199461666736,0.4792355347418139,-4.492127098683885,0.0646599074081866
99,f4_dup_b|f5_null|f8_bigcoef,110010,3,-4.375137013912201,0.0286364961128226,0.6074699383465445,0.6720667751478063,-4.300178512804439,0.074958501107762
99,f4_dup_b|f5_null|noise_0,110001,3,-4.704810552310944,0.0290439500796877,0.2777963999478015,0.3254931848678336,-4.636306122346894,0.06850442996405
99,f4_dup_b|f6_suppressor|f7_weak,101100,3,-4.571226313400269,0.0291519271148902,0.4113806388584766,0.4792355347418139,-4.492127098683885,0.0790992147163835
99,f4_dup_b|f6_suppressor|f8_bigcoef,101010,3,-4.38492164812088,0.0289698455897522,0.5976853041378654,0.6720667751478063,-4.300178512804439,0.0847431353164411
99,f4_dup_b|f6_suppressor|noise_0,101001,3,-4.704835628986358,0.0290233459238296,0.277771323272387,0.3254931848678336,-4.636306122346894,0.0685295066394644
99,f4_dup_b|f7_weak|f8_bigcoef,100110,3,-4.293613919258117,0.0296266617705237,0.688993033000628,0.7548239943865932,-4.215892664590016,0.0777212546681012
99,f4_dup_b|f7_weak|noise_0,100101,3,-4.555690390014648,0.0286870140177717,0.4269165622440969,0.4792355347418139,-4.492127098683885,0.0635632913307633
99,f4_dup_b|f8_bigcoef|noise_0,100011,3,-4.377262237262726,0.028732582789002,0.6053447149960194,0.6720667751478063,-4.300178512804439,0.0770837244582871
99,f5_null|f6_suppressor|f7_weak,11100,3,-4.857504691505432,0.0304160605231271,0.1251022607533132,0.1537423498739802,-4.804330904157414,0.053173787348018
99,f5_null|f6_suppressor|f8_bigcoef,11010,3,-4.671465069961548,0.0308098251702616,0.3111418822971972,0.3465735902799726,-4.612382318277969,0.0590827516835794
99,f5_null|f6_suppressor|noise_0,11001,3,-5.002201408481598,0.0314561581934104,-0.0195944562228529,0.0,-4.948509927820423,0.0536914806611754
99,f5_null|f7_weak|f8_bigcoef,10110,3,-4.5851206463813785,0.030576919185867,0.3974863058773668,0.4293308095187594,-4.528096470063545,0.0570241763178334
99,f5_null|f7_weak|noise_0,10101,3,-4.84822188949585,0.0302419869298174,0.1343850627628953,0.1537423498739802,-4.804330904157414,0.0438909853384359
99,f5_null|f8_bigcoef|noise_0,10011,3,-4.669216817951202,0.0303659561790046,0.3133901343075429,0.3465735902799726,-4.612382318277969,0.0568344996732337
99,f6_suppressor|f7_weak|f8_bigcoef,1110,3,-4.597524644374848,0.0312627713253549,0.3850823078838976,0.4293308095187594,-4.528096470063545,0.0694281743113025
99,f6_suppressor|f7_weak|noise_0,1101,3,-4.851471824550629,0.0303460190170655,0.1311351277081165,0.1537423498739802,-4.804330904157414,0.0471409203932147
99,f6_suppressor|f8_bigcoef|noise_0,1011,3,-4.668500363063813,0.0307650436755662,0.3141065891949326,0.3465735902799726,-4.612382318277969,0.056118044785844
99,f7_weak|f8_bigcoef|noise_0,111,3,-4.584712399196625,0.0308740952509902,0.3978945530621205,0.4293308095187594,-4.528096470063545,0.0566159291330796
99,f1_strong_t1|f2_strong_t2|f3_dup_a|f4_dup_b,111100000,4,-3.751085175323486,0.0310471401949267,1.231521776935259,1.3235905993032566,-3.627655899357192,0.1234292759662945
99,f1_strong_t1|f2_strong_t2|f3_dup_a|f5_null,111010000,4,-3.7504898614883424,0.0293976329113789,1.2321170907704029,1.3133933321320947,-3.6382833434663175,0.1122065180220248
99,f1_strong_t1|f2_strong_t2|f3_dup_a|f6_suppressor,111001000,4,-2.1126803864479067,0.0312375283554521,2.8699265658108386,3.097210687049391,-1.875736214670604,0.2369441717773026
99,f1_strong_t1|f2_strong_t2|f3_dup_a|f7_weak,111000100,4,-3.610971410369873,0.0290636160352357,1.3716355418888724,1.467135682006075,-3.4941043198033093,0.1168670905665636
99,f1_strong_t1|f2_strong_t2|f3_dup_a|f8_bigcoef,111000010,4,-3.419323342037201,0.0290440595817681,1.5632836102215442,1.6599669224120674,-3.302155733923863,0.1171676081133381
99,f1_strong_t1|f2_strong_t2|f3_dup_a|noise_0,111000001,4,-3.749847117042541,0.02929198196802,1.232759835216204,1.3133933321320947,-3.6382833434663175,0.1115637735762238
99,f1_strong_t1|f2_strong_t2|f4_dup_b|f5_null,110110000,4,-3.743476859760285,0.0296503245459175,1.2391300924984607,1.3133933321320947,-3.636639171707144,0.1068376880531403
99,f1_strong_t1|f2_strong_t2|f4_dup_b|f6_suppressor,110101000,4,-2.0828147171974183,0.0309789367698027,2.899792235061327,3.097210687049391,-1.8740920429114305,0.208722674285988
99,f1_strong_t1|f2_strong_t2|f4_dup_b|f7_weak,110100100,4,-3.6064321624755857,0.0292709459267546,1.3761747897831595,1.467135682006075,-3.492460148044135,0.1139720144314506
99,f1_strong_t1|f2_strong_t2|f4_dup_b|f8_bigcoef,110100010,4,-3.415663885307312,0.0293760870063626,1.5669430669514337,1.6599669224120674,-3.3005115621646897,0.1151523231426221
99,f1_strong_t1|f2_strong_t2|f4_dup_b|noise_0,110100001,4,-3.7500145708084105,0.0293937937403738,1.2325923814503348,1.3133933321320947,-3.636639171707144,0.1133753991012662
99,f1_strong_t1|f2_strong_t2|f5_null|f6_suppressor,110011000,4,-2.422368629169464,0.0336830369897149,2.560238323089281,2.771717502181557,-2.1862958483849595,0.2360727807845046
99,f1_strong_t1|f2_strong_t2|f5_null|f7_weak,110010100,4,-3.899375765132904,0.0307147906788898,1.083231187125841,1.1416424971382413,-3.804663953517664,0.0947118116152401
99,f1_strong_t1|f2_strong_t2|f5_null|f8_bigcoef,110010010,4,-3.710194540119171,0.0311619642685296,1.272412412139574,1.3344737375442337,-3.6127153676382178,0.0974791724809533
99,f1_strong_t1|f2_strong_t2|f5_null|noise_0,110010001,4,-4.047657024765015,0.0313762779910004,0.9349499274937304,0.9879001472642612,-3.948842977180674,0.0988140475843408
99,f1_strong_t1|f2_strong_t2|f6_suppressor|f7_weak,110001100,4,-2.239126736736297,0.0325616357469957,2.743480215522448,2.9254598520555377,-2.0421168247219508,0.1970099120143467
99,f1_strong_t1|f2_strong_t2|f6_suppressor|f8_bigcoef,110001010,4,-2.078910702228546,0.0336062512193,2.9036962500302,3.11829109246153,-1.8501682388425047,0.2287424633860413
99,f1_strong_t1|f2_strong_t2|f6_suppressor|noise_0,110001001,4,-2.3774026906967163,0.0333559286812065,2.605204261562029,2.771717502181557,-2.1862958483849595,0.1911068423117567
99,f1_strong_t1|f2_strong_t2|f7_weak|f8_bigcoef,110000110,4,-3.645576788616181,0.0315993307315389,1.3370301636425648,1.4172309567830204,-3.528429519423795,0.1171472691923853
99,f1_strong_t1|f2_strong_t2|f7_weak|noise_0,110000101,4,-3.907387397480011,0.0306213652665406,1.0752195547787342,1.1416424971382413,-3.804663953517664,0.102723443962347
99,f1_strong_t1|f2_strong_t2|f8_bigcoef|noise_0,110000011,4,-3.723466411590576,0.0310940035166748,1.2591405406681693,1.3344737375442337,-3.6127153676382178,0.1107510439523582
99,f1_strong_t1|f3_dup_a|f4_dup_b|f5_null,101110000,4,-4.554653788280487,0.0318501901292005,0.4279531639782581,0.5188716430862063,-4.450590007599112,0.1040637806813755
99,f1_strong_t1|f3_dup_a|f4_dup_b|f6_suppressor,101101000,4,-2.8847093202590943,0.0325602023780127,2.097897631999651,2.302688998003503,-2.688042878803397,0.1966664414556973
99,f1_strong_t1|f3_dup_a|f4_dup_b|f7_weak,101100100,4,-4.41189430065155,0.0317102983133866,0.5707126516071952,0.6726139929601865,-4.306410983936101,0.1054833167154489
99,f1_strong_t1|f3_dup_a|f4_dup_b|f8_bigcoef,101100010,4,-4.230694537925721,0.0312695298389344,0.7519124143330247,0.8654452333661787,-4.114462398056656,0.1162321398690648
99,f1_strong_t1|f3_dup_a|f4_dup_b|noise_0,101100001,4,-4.55039054069519,0.031787985945755,0.4322164115635551,0.5188716430862063,-4.45059000759911,0.0998005330960802
99,f1_strong_t1|f3_dup_a|f5_null|f6_suppressor,101011000,4,-2.924083290195465,0.0315600279744886,2.0585236620632803,2.292491730832341,-2.6986703229125224,0.2254129672829425
99,f1_strong_t1|f3_dup_a|f5_null|f7_weak,101010100,4,-4.40824141368866,0.0293044799765017,0.5743655385700857,0.6624167257890249,-4.317038428045227,0.0912029856434326
99,f1_strong_t1|f3_dup_a|f5_null|f8_bigcoef,101010010,4,-4.223706552600861,0.0292135735953711,0.7589003996578843,0.8552479661950173,-4.125089842165781,0.0986167104350803
99,f1_strong_t1|f3_dup_a|f5_null|noise_0,101010001,4,-4.551796904850006,0.0299752118057596,0.4308100474087393,0.5086743759150446,-4.4612174517082375,0.0905794531417685
99,f1_strong_t1|f3_dup_a|f6_suppressor|f7_weak,101001100,4,-2.75002539806366,0.0305469549601935,2.232581554195085,2.446234080706321,-2.554491299249513,0.1955340988141465
99,f1_strong_t1|f3_dup_a|f6_suppressor|f8_bigcoef,101001010,4,-2.574437206459045,0.03087903140727,2.4081697457997,2.639065321112313,-2.362542713370068,0.2118944930889776
99,f1_strong_t1|f3_dup_a|f6_suppressor|noise_0,101001001,4,-2.8858074025154115,0.0313990890320605,2.096799549743334,2.292491730832341,-2.6986703229125224,0.187137079602889
99,f1_strong_t1|f3_dup_a|f7_weak|f8_bigcoef,101000110,4,-4.15011656370163,0.029966041567255,0.8324903885571153,0.938005185433804,-4.040803993951359,0.109312569750271
99,f1_strong_t1|f3_dup_a|f7_weak|noise_0,101000101,4,-4.406037737369537,0.0292503561678015,0.5765692148892079,0.6624167257890249,-4.317038428045227,0.0889993093243104
99,f1_strong_t1|f3_dup_a|f8_bigcoef|noise_0,101000011,4,-4.223034388542176,0.0293264414182653,0.7595725637165698,0.8552479661950173,-4.125089842165781,0.0979445463763948
99,f1_strong_t1|f4_dup_b|f5_null|f6_suppressor,100111000,4,-2.896760580062866,0.0314377354711668,2.085846372195879,2.292491730832341,-2.697026151153349,0.1997344289095171
99,f1_strong_t1|f4_dup_b|f5_null|f7_weak,100110100,4,-4.403361316490173,0.0298290146752708,0.5792456357685722,0.6624167257890249,-4.315394256286054,0.0879670602041189
99,f1_strong_t1|f4_dup_b|f5_null|f8_bigcoef,100110010,4,-4.218053706359863,0.0297503107207428,0.764553245898882,0.8552479661950173,-4.123445670406608,0.0946080359532555
99,f1_strong_t1|f4_dup_b|f5_null|noise_0,100110001,4,-4.5491779403686525,0.030420740877848,0.4334290118900927,0.5086743759150446,-4.459573279949064,0.0896046604195888
99,f1_strong_t1|f4_dup_b|f6_suppressor|f7_weak,100101100,4,-2.754609541225433,0.0305773884172199,2.227997411033312,2.446234080706321,-2.55284712749034,0.2017624137350933
99,f1_strong_t1|f4_dup_b|f6_suppressor|f8_bigcoef,100101010,4,-2.574660737323761,0.0307516593192094,2.4079462149349844,2.639065321112313,-2.3608985416108945,0.2137621957128663
99,f1_strong_t1|f4_dup_b|f6_suppressor|noise_0,100101001,4,-2.8639871930122376,0.0308622034491397,2.118619759246508,2.292491730832341,-2.697026151153349,0.1669610418588885
99,f1_strong_t1|f4_dup_b|f7_weak|f8_bigcoef,100100110,4,-4.141595450687409,0.0304996977984039,0.8410115015713364,0.938005185433804,-4.039159822192186,0.1024356284952228
99,f1_strong_t1|f4_dup_b|f7_weak|noise_0,100100101,4,-4.399255652332306,0.0295995506857003,0.5833512999264396,0.6624167257890249,-4.315394256286054,0.0838613960462515
99,f1_strong_t1|f4_dup_b|f8_bigcoef|noise_0,100100011,4,-4.21781492433548,0.029636850451625,0.7647920279232654,0.8552479661950173,-4.123445670406608,0.094369253928872
99,f1_strong_t1|f5_null|f6_suppressor|f7_weak,100011100,4,-3.057757615756989,0.0324638771759159,1.9248493365017567,2.1207408958384875,-2.865050932963869,0.1927066827931196
99,f1_strong_t1|f5_null|f6_suppressor|f8_bigcoef,100011010,4,-2.8615884086608885,0.0329699738928194,2.121018543597857,2.3135721362444794,-2.6731023470844235,0.1884860615764649
99,f1_strong_t1|f5_null|f6_suppressor|noise_0,100011001,4,-3.18652208070755,0.033723630117544,1.7960848715511952,1.9669985459645072,-3.009229956626878,0.1772921240806719
99,f1_strong_t1|f5_null|f7_weak|f8_bigcoef,100010110,4,-4.431495923519135,0.0313712014197687,0.5511110287396104,0.6125120005659704,-4.351363627665714,0.0801322958534207
99,f1_strong_t1|f5_null|f7_weak|noise_0,100010101,4,-4.696194506835938,0.0310188845959355,0.2864124454228074,0.3369235409211911,-4.627598061759583,0.0685964450763547
99,f1_strong_t1|f5_null|f8_bigcoef|noise_0,100010011,4,-4.513425450134277,0.0313361807423932,0.4691815021244681,0.5297547813271836,-4.435649475880138,0.0777759742541395
99,f1_strong_t1|f6_suppressor|f7_weak|f8_bigcoef,100001110,4,-2.785734725379944,0.0326658342701816,2.196872226878801,2.3963293554832665,-2.588816498870001,0.1969182265099429
99,f1_strong_t1|f6_suppressor|f7_weak|noise_0,100001101,4,-3.037857093429565,0.03179045707495,1.94474985882918,2.1207408958384875,-2.865050932963869,0.1728061604656963
99,f1_strong_t1|f6_suppressor|f8_bigcoef|noise_0,100001011,4,-2.8438037479400635,0.0326488437864093,2.1388032043186818,2.3135721362444794,-2.6731023470844235,0.17070140085564
99,f1_strong_t1|f7_weak|f8_bigcoef|noise_0,100000111,4,-4.431330967330933,0.0315267797492273,0.5512759849278126,0.6125120005659704,-4.351363627665714,0.0799673396652185
99,f2_strong_t2|f3_dup_a|f4_dup_b|f5_null,11110000,4,-3.9130253213882447,0.0301679733195512,1.0695816308705006,1.1404094082560454,-3.804388741755023,0.108636579633222
99,f2_strong_t2|f3_dup_a|f4_dup_b|f6_suppressor,11101000,4,-3.921874788093567,0.0306455155564322,1.0607321641651786,1.1404094082560454,-3.804388741755023,0.117486046338544
99,f2_strong_t2|f3_dup_a|f4_dup_b|f7_weak,11100100,4,-3.7736015352249135,0.0299535707134704,1.209005417033831,1.2941517581300257,-3.660209718092013,0.1133918171329013
99,f2_strong_t2|f3_dup_a|f4_dup_b|f8_bigcoef,11100010,4,-3.5813544315338133,0.0297868722639175,1.401252520724932,1.486982998536018,-3.468261132212568,0.1130932993212456
99,f2_strong_t2|f3_dup_a|f4_dup_b|noise_0,11100001,4,-3.914272381591797,0.0298616953311356,1.0683345706669485,1.1404094082560454,-3.804388741755023,0.1098836398367741
99,f2_strong_t2|f3_dup_a|f5_null|f6_suppressor,11011000,4,-3.925170058822632,0.0293945455041142,1.0574368934361136,1.130212141084884,-3.815016185864149,0.1101538729584832
99,f2_strong_t2|f3_dup_a|f5_null|f7_weak,11010100,4,-3.7723378366470337,0.0283776447400934,1.2102691156117116,1.2839544909588645,-3.6708371622011393,0.1015006744458943
99,f2_strong_t2|f3_dup_a|f5_null|f8_bigcoef,11010010,4,-3.579828110599518,0.0283625560799839,1.4027788416592273,1.4767857313648562,-3.478888576321694,0.1009395342778241
99,f2_strong_t2|f3_dup_a|f5_null|noise_0,11010001,4,-3.9166127568244935,0.0288094473891382,1.0659941954342518,1.130212141084884,-3.815016185864149,0.101596570960345
99,f2_strong_t2|f3_dup_a|f6_suppressor|f7_weak,11001100,4,-3.782936331272125,0.0291172589110393,1.19967062098662,1.2839544909588645,-3.6708371622011393,0.1120991690709858
99,f2_strong_t2|f3_dup_a|f6_suppressor|f8_bigcoef,11001010,4,-3.592167555046081,0.0291179581957112,1.390439397212664,1.4767857313648562,-3.478888576321694,0.1132789787243875
99,f2_strong_t2|f3_dup_a|f6_suppressor|noise_0,11001001,4,-3.9166769939422608,0.0293474773947719,1.0659299583164843,1.130212141084884,-3.815016185864149,0.1016608080781122
99,f2_strong_t2|f3_dup_a|f7_weak|f8_bigcoef,11000110,4,-3.506095287322998,0.0288738756634842,1.4765116649357473,1.5595429506036431,-3.394602728107272,0.1114925592157267
99,f2_strong_t2|f3_dup_a|f7_weak|noise_0,11000101,4,-3.7711214215278623,0.0282143523743753,1.211485530730883,1.2839544909588645,-3.6708371622011393,0.100284259326723
99,f2_strong_t2|f3_dup_a|f8_bigcoef|noise_0,11000011,4,-3.587049713897705,0.02843621140404,1.3955572383610404,1.4767857313648562,-3.478888576321694,0.1081611375760109
99,f2_strong_t2|f4_dup_b|f5_null|f6_suppressor,10111000,4,-3.9165875224113456,0.0291731745317771,1.0660194298473988,1.130212141084884,-3.813372014104975,0.1032155083063712
99,f2_strong_t2|f4_dup_b|f5_null|f7_weak,10110100,4,-3.7670313960075377,0.0284194563392127,1.2155755562512076,1.2839544909588645,-3.669192990441967,0.0978384055655707
99,f2_strong_t2|f4_dup_b|f5_null|f8_bigcoef,10110010,4,-3.578980129623413,0.0285270324626525,1.4036268226353323,1.4767857313648562,-3.4772444045625206,0.1017357250608923
99,f2_strong_t2|f4_dup_b|f5_null|noise_0,10110001,4,-3.915977038860321,0.0287144590415176,1.0666299133984245,1.130212141084884,-3.813372014104975,0.1026050247553458
99,f2_strong_t2|f4_dup_b|f6_suppressor|f7_weak,10101100,4,-3.7766803040504455,0.0288072450204673,1.2059266482082998,1.2839544909588645,-3.669192990441967,0.1074873136084786
99,f2_strong_t2|f4_dup_b|f6_suppressor|f8_bigcoef,10101010,4,-3.585381509399414,0.0287926711722214,1.3972254428593311,1.4767857313648562,-3.4772444045625206,0.1081371048368935
99,f2_strong_t2|f4_dup_b|f6_suppressor|noise_0,10101001,4,-3.915274063491821,0.0287554684080796,1.067332888766924,1.130212141084884,-3.813372014104975,0.1019020493868461
99,f2_strong_t2|f4_dup_b|f7_weak|f8_bigcoef,10100110,4,-3.502744379234314,0.0291509965564312,1.4798625730244312,1.5595429506036431,-3.392958556348098,0.109785822886216
99,f2_strong_t2|f4_dup_b|f7_weak|noise_0,10100101,4,-3.772202775859833,0.0282515183250316,1.2104041763989124,1.2839544909588645,-3.669192990441967,0.1030097854178659
99,f2_strong_t2|f4_dup_b|f8_bigcoef|noise_0,10100011,4,-3.589972014427185,0.0284645581804273,1.39263493783156,1.4767857313648562,-3.4772444045625206,0.1127276098646645
99,f2_strong_t2|f5_null|f6_suppressor|f7_weak,10011100,4,-4.06959675359726,0.0305844069762786,0.9130101986614854,0.9584613060910306,-3.981396795915495,0.0881999576817649
99,f2_strong_t2|f5_null|f6_suppressor|f8_bigcoef,10011010,4,-3.8793015973091127,0.0309783521784586,1.1033053549496326,1.151292546497023,-3.7894482100360496,0.0898533872730631
99,f2_strong_t2|f5_null|f6_suppressor|noise_0,10011001,4,-4.211956666564942,0.0312459167796379,0.7706502856938036,0.8047189562170504,-4.125575819578504,0.0863808469864375
99,f2_strong_t2|f5_null|f7_weak|f8_bigcoef,10010110,4,-3.793437133598328,0.0306366405747169,1.1891698186604178,1.2340497657358096,-3.705162361821627,0.0882747717767005
99,f2_strong_t2|f5_null|f7_weak|noise_0,10010101,4,-4.0642193816185,0.0302544336686105,0.9183875706402452,0.9584613060910306,-3.981396795915495,0.0828225857030049
99,f2_strong_t2|f5_null|f8_bigcoef|noise_0,10010011,4,-3.879496096897125,0.0304053170480152,1.1031108553616202,1.151292546497023,-3.7894482100360496,0.0900478868610754
99,f2_strong_t2|f6_suppressor|f7_weak|f8_bigcoef,10001110,4,-3.807993410587311,0.0314461479908543,1.1746135416714345,1.2340497657358096,-3.705162361821627,0.102831048765684
99,f2_strong_t2|f6_suppressor|f7_weak|noise_0,10001101,4,-4.066724541187287,0.0305884477423146,0.9158824110714584,0.9584613060910306,-3.981396795915495,0.0853277452717917
99,f2_strong_t2|f6_suppressor|f8_bigcoef|noise_0,10001011,4,-3.882500542926788,0.0310193129261422,1.100106409331957,1.151292546497023,-3.7894482100360496,0.0930523328907386
99,f2_strong_t2|f7_weak|f8_bigcoef|noise_0,10000111,4,-3.8020608445167534,0.0308405553939809,1.180546107741991,1.2340497657358096,-3.705162361821627,0.0968984826951273
99,f3_dup_a|f4_dup_b|f5_null|f6_suppressor,1111000,4,-4.724656132316589,0.0314272485828883,0.2579508199421561,0.3356904520389953,-4.627322849996943,0.0973332823196466
99,f3_dup_a|f4_dup_b|f5_null|f7_weak,1110100,4,-4.568730724716186,0.0306097105629547,0.4138762275425591,0.4894328019129755,-4.483143826333933,0.0855868983822532
99,f3_dup_a|f4_dup_b|f5_null|f8_bigcoef,1110010,4,-4.384444523239136,0.0303463268748846,0.5981624290196095,0.682264042318968,-4.291195240454487,0.0932492827846491
99,f3_dup_a|f4_dup_b|f5_null|noise_0,1110001,4,-4.712671593952179,0.0308194741024516,0.269935358306566,0.3356904520389953,-4.627322849996943,0.0853487439552367
99,f3_dup_a|f4_dup_b|f6_suppressor|f7_weak,1101100,4,-4.587467133617401,0.0315568874786233,0.3951398186413444,0.4894328019129755,-4.483143826333933,0.1043233072834679
99,f3_dup_a|f4_dup_b|f6_suppressor|f8_bigcoef,1101010,4,-4.406251749897003,0.031240981043387,0.576355202361742,0.682264042318968,-4.291195240454487,0.1150565094425166
99,f3_dup_a|f4_dup_b|f6_suppressor|noise_0,1101001,4,-4.719018808460236,0.0313432047887509,0.2635881437985095,0.3356904520389953,-4.627322849996943,0.0916959584632932
99,f3_dup_a|f4_dup_b|f7_weak|f8_bigcoef,1100110,4,-4.307818625259399,0.0313700800918395,0.6747883269993462,0.7650212615577549,-4.206909392240064,0.100909233019335
99,f3_dup_a|f4_dup_b|f7_weak|noise_0,1100101,4,-4.563498944568634,0.0306422486670524,0.4191080076901112,0.4894328019129755,-4.483143826333933,0.0803551182347011
99,f3_dup_a|f4_dup_b|f8_bigcoef|noise_0,1100011,4,-4.383274104595184,0.0304531880773832,0.5993328476635611,0.682264042318968,-4.291195240454487,0.0920788641406975
99,f3_dup_a|f5_null|f6_suppressor|f7_weak,1011100,4,-4.581860884189606,0.0293884752486089,0.4007460680691395,0.4792355347418139,-4.493771270443058,0.0880896137465478
99,f3_dup_a|f5_null|f6_suppressor|f8_bigcoef,1011010,4,-4.400027764511108,0.0293609371613057,0.582579187747637,0.6720667751478063,-4.3018226845636125,0.0982050799474958
99,f3_dup_a|f5_null|f6_suppressor|noise_0,1011001,4,-4.720523958873748,0.0300852375611587,0.2620829933849968,0.3254931848678336,-4.637950294106068,0.0825736647676809
99,f3_dup_a|f5_null|f7_weak|f8_bigcoef,1010110,4,-4.308382852268219,0.0291071677141631,0.6742240999905267,0.7548239943865932,-4.21753683634919,0.0908460159190287
99,f3_dup_a|f5_null|f7_weak|noise_0,1010101,4,-4.566134890174865,0.0288577349704167,0.41647206208388,0.4792355347418139,-4.493771270443058,0.0723636197318073
99,f3_dup_a|f5_null|f8_bigcoef|noise_0,1010011,4,-4.386845645713806,0.0287717868250273,0.5957613065449392,0.6720667751478063,-4.3018226845636125,0.0850229611501935
99,f3_dup_a|f6_suppressor|f7_weak|f8_bigcoef,1001110,4,-4.333698953437805,0.0304555004150645,0.6489079988209401,0.7548239943865932,-4.21753683634919,0.1161621170886153
99,f3_dup_a|f6_suppressor|f7_weak|noise_0,1001101,4,-4.572038016033172,0.0294747407638742,0.4105689362255731,0.4792355347418139,-4.493771270443058,0.0782667455901142
99,f3_dup_a|f6_suppressor|f8_bigcoef|noise_0,1001011,4,-4.395339797592163,0.0295638777355048,0.5872671546665824,0.6720667751478063,-4.3018226845636125,0.0935171130285503
99,f3_dup_a|f7_weak|f8_bigcoef|noise_0,1000111,4,-4.3055367373466495,0.0293986683834387,0.6770702149120957,0.7548239943865932,-4.21753683634919,0.0879999009974596
99,f4_dup_b|f5_null|f6_suppressor|f7_weak,111100,4,-4.575621556949615,0.0295080714492704,0.40698539530913,0.4792355347418139,-4.492127098683885,0.0834944582657302
99,f4_dup_b|f5_null|f6_suppressor|f8_bigcoef,111010,4,-4.390414154815674,0.0293411569613558,0.5921927974430714,0.6720667751478063,-4.300178512804439,0.0902356420112351
99,f4_dup_b|f5_null|f6_suppressor|noise_0,111001,4,-4.7146863870620725,0.0298209116957949,0.2679205651966727,0.3254931848678336,-4.636306122346894,0.0783802647151787
99,f4_dup_b|f5_null|f7_weak|f8_bigcoef,110110,4,-4.300668880271911,0.0295600323458146,0.681938071986834,0.7548239943865932,-4.215892664590016,0.0847762156818952
99,f4_dup_b|f5_null|f7_weak|noise_0,110101,4,-4.562955232810974,0.028966571690517,0.4196517194477716,0.4792355347418139,-4.492127098683885,0.0708281341270886
99,f4_dup_b|f5_null|f8_bigcoef|noise_0,110011,4,-4.383702408313751,0.0289711250885278,0.598904543944994,0.6720667751478063,-4.300178512804439,0.0835238955093125
99,f4_dup_b|f6_suppressor|f7_weak|f8_bigcoef,101110,4,-4.31728804769516,0.0302461780430922,0.665318904563585,0.7548239943865932,-4.215892664590016,0.1013953831051441
99,f4_dup_b|f6_suppressor|f7_weak|noise_0,101101,4,-4.569768430233002,0.0292054534537197,0.4128385220257433,0.4792355347418139,-4.492127098683885,0.0776413315491169
99,f4_dup_b|f6_suppressor|f8_bigcoef|noise_0,101011,4,-4.3851171342849735,0.0291931243938214,0.5974898179737718,0.6720667751478063,-4.300178512804439,0.0849386214805347
99,f4_dup_b|f7_weak|f8_bigcoef|noise_0,100111,4,-4.3007780797004695,0.0297028013595797,0.6818288725582757,0.7548239943865932,-4.215892664590016,0.0848854151104534
99,f5_null|f6_suppressor|f7_weak|f8_bigcoef,11110,4,-4.603363342952728,0.03136335626804,0.3792436093060169,0.4293308095187594,-4.528096470063545,0.0752668728891832
99,f5_null|f6_suppressor|f7_weak|noise_0,11101,4,-4.86186019077301,0.0310217331561288,0.1207467614857353,0.1537423498739802,-4.804330904157414,0.0575292866155958
99,f5_null|f6_suppressor|f8_bigcoef|noise_0,11011,4,-4.681694925594329,0.0313608988533711,0.3009120266644158,0.3465735902799726,-4.612382318277969,0.0693126073163608
99,f5_null|f7_weak|f8_bigcoef|noise_0,10111,4,-4.592283282089233,0.0309939385557976,0.3903236701695123,0.4293308095187594,-4.528096470063545,0.0641868120256878
99,f6_suppressor|f7_weak|f8_bigcoef|noise_0,1111,4,-4.597505579662323,0.0313577959049266,0.3851013725964218,0.4293308095187594,-4.528096470063545,0.0694091095987783
99,f1_strong_t1|f2_strong_t2|f3_dup_a|f4_dup_b|f5_null,111110000,5,-3.755901469421387,0.0313065930837657,1.2267054828373585,1.3235905993032566,-3.627655899357192,0.1282455700641951
99,f1_strong_t1|f2_strong_t2|f3_dup_a|f4_dup_b|f6_suppressor,111101000,5,-2.078178000640869,0.0325289701614516,2.9044289516178763,3.1074079542205526,-1.8651087705614784,0.2130692300793906
99,f1_strong_t1|f2_strong_t2|f3_dup_a|f4_dup_b|f7_weak,111100100,5,-3.617255970859528,0.0311379327754508,1.3653509813992175,1.477332949177237,-3.4834768756941825,0.133779095165345
99,f1_strong_t1|f2_strong_t2|f3_dup_a|f4_dup_b|f8_bigcoef,111100010,5,-3.4274454924583435,0.0310147402546013,1.5551614598004018,1.6701641895832289,-3.291528289814737,0.1359172026436064
99,f1_strong_t1|f2_strong_t2|f3_dup_a|f4_dup_b|noise_0,111100001,5,-3.7564369867324814,0.0311735735611515,1.2261699655262626,1.3235905993032566,-3.627655899357192,0.128781087375291
99,f1_strong_t1|f2_strong_t2|f3_dup_a|f5_null|f6_suppressor,111011000,5,-2.158123073863983,0.0317599268460296,2.824483878394762,3.097210687049391,-1.875736214670604,0.2823868591933791
99,f1_strong_t1|f2_strong_t2|f3_dup_a|f5_null|f7_weak,111010100,5,-3.6175190680503846,0.0291952038106261,1.3650878842083607,1.467135682006075,-3.4941043198033093,0.1234147482470753
99,f1_strong_t1|f2_strong_t2|f3_dup_a|f5_null|f8_bigcoef,111010010,5,-3.423276373100281,0.0292963670597507,1.5593305791584644,1.6599669224120674,-3.302155733923863,0.1211206391764179
99,f1_strong_t1|f2_strong_t2|f3_dup_a|f5_null|noise_0,111010001,5,-3.75978323431015,0.0296985762070063,1.2228237179485952,1.3133933321320947,-3.6382833434663175,0.1214998908438325
99,f1_strong_t1|f2_strong_t2|f3_dup_a|f6_suppressor|f7_weak,111001100,5,-1.970761995124817,0.0312375783034348,3.0118449571339285,3.2509530369233715,-1.7315571910075949,0.2392048041172221
99,f1_strong_t1|f2_strong_t2|f3_dup_a|f6_suppressor|f8_bigcoef,111001010,5,-1.788406935596466,0.0316272899009452,3.194200016662279,3.443784277329364,-1.539608605128149,0.248798330468317
99,f1_strong_t1|f2_strong_t2|f3_dup_a|f6_suppressor|noise_0,111001001,5,-2.08781079082489,0.0317747589075483,2.894796161433855,3.097210687049391,-1.875736214670604,0.2120745761542861
99,f1_strong_t1|f2_strong_t2|f3_dup_a|f7_weak|f8_bigcoef,111000110,5,-3.357154163646698,0.0299161272788037,1.6254527886120471,1.742724141650854,-3.2178698857094394,0.1392842779372585
99,f1_strong_t1|f2_strong_t2|f3_dup_a|f7_weak|noise_0,111000101,5,-3.6197777353286735,0.0291201932287769,1.3628292169300709,1.467135682006075,-3.4941043198033093,0.1256734155253651
99,f1_strong_t1|f2_strong_t2|f3_dup_a|f8_bigcoef|noise_0,111000011,5,-3.429551022338867,0.0292831155395968,1.553055929919878,1.6599669224120674,-3.302155733923863,0.1273952884150042
99,f1_strong_t1|f2_strong_t2|f4_dup_b|f5_null|f6_suppressor,110111000,5,-2.1046339343070986,0.0316399322504639,2.8779730179516467,3.097210687049391,-1.8740920429114305,0.2305418913956682
99,f1_strong_t1|f2_strong_t2|f4_dup_b|f5_null|f7_weak,110110100,5,-3.612231940174103,0.0294864679142124,1.3703750120846423,1.467135682006075,-3.492460148044135,0.1197717921299679
99,f1_strong_t1|f2_strong_t2|f4_dup_b|f5_null|f8_bigcoef,110110010,5,-3.418679231739044,0.0296606982594593,1.5639277205197013,1.6599669224120674,-3.3005115621646897,0.1181676695743543
99,f1_strong_t1|f2_strong_t2|f4_dup_b|f5_null|noise_0,110110001,5,-3.757462754535675,0.0299333228404016,1.22514419772307,1.3133933321320947,-3.636639171707144,0.1208235828285309
99,f1_strong_t1|f2_strong_t2|f4_dup_b|f6_suppressor|f7_weak,110101100,5,-1.9511102136611933,0.0311752194291752,3.031496738597552,3.2509530369233715,-1.7299130192484216,0.2211971944127722
99,f1_strong_t1|f2_strong_t2|f4_dup_b|f6_suppressor|f8_bigcoef,110101010,5,-1.7715433053970338,0.0314761317780567,3.2110636468617115,3.443784277329364,-1.5379644333689753,0.2335788720280585
99,f1_strong_t1|f2_strong_t2|f4_dup_b|f6_suppressor|noise_0,110101001,5,-2.074112781047821,0.0313736673618339,2.908494171210924,3.097210687049391,-1.8740920429114305,0.2000207381363907
99,f1_strong_t1|f2_strong_t2|f4_dup_b|f7_weak|f8_bigcoef,110100110,5,-3.3509593662261965,0.0303148532791894,1.6316475860325488,1.742724141650854,-3.216225713950266,0.1347336522759303
99,f1_strong_t1|f2_strong_t2|f4_dup_b|f7_weak|noise_0,110100101,5,-3.6164071026802063,0.0293234865077496,1.366199849578539,1.467135682006075,-3.492460148044135,0.1239469546360712
99,f1_strong_t1|f2_strong_t2|f4_dup_b|f8_bigcoef|noise_0,110100011,5,-3.4278502181053163,0.0294901819186815,1.554756734153429,1.6599669224120674,-3.3005115621646897,0.1273386559406266
99,f1_strong_t1|f2_strong_t2|f5_null|f6_suppressor|f7_weak,110011100,5,-2.2768483894348144,0.0333228788979896,2.705758562823931,2.9254598520555377,-2.0421168247219508,0.2347315647128636
99,f1_strong_t1|f2_strong_t2|f5_null|f6_suppressor|f8_bigcoef,110011010,5,-2.0810721836090087,0.0339931747094425,2.9015347686497366,3.11829109246153,-1.8501682388425047,0.230903944766504
99,f1_strong_t1|f2_strong_t2|f5_null|f6_suppressor|noise_0,110011001,5,-2.402858054256439,0.0341159627486816,2.5797488980023062,2.771717502181557,-2.1862958483849595,0.2165622058714795
99,f1_strong_t1|f2_strong_t2|f5_null|f7_weak|f8_bigcoef,110010110,5,-3.644090226554871,0.031630805770283,1.3385167257038746,1.4172309567830204,-3.528429519423795,0.1156607071310755
99,f1_strong_t1|f2_strong_t2|f5_null|f7_weak|noise_0,110010101,5,-3.9142957982063296,0.0310543802047341,1.0683111540524155,1.1416424971382413,-3.804663953517664,0.1096318446886654
99,f1_strong_t1|f2_strong_t2|f5_null|f8_bigcoef|noise_0,110010011,5,-3.725209809207916,0.0314546751674726,1.257397143050829,1.3344737375442337,-3.6127153676382178,0.1124944415696984
99,f1_strong_t1|f2_strong_t2|f6_suppressor|f7_weak|f8_bigcoef,110001110,5,-1.9893166410446168,0.0337418917491218,2.9932903112141283,3.201048311700317,-1.765882390628082,0.2234342504165347
99,f1_strong_t1|f2_strong_t2|f6_suppressor|f7_weak|noise_0,110001101,5,-2.2382900990486143,0.0327043464454929,2.744316853210131,2.9254598520555377,-2.0421168247219508,0.1961732743266635
99,f1_strong_t1|f2_strong_t2|f6_suppressor|f8_bigcoef|noise_0,110001011,5,-2.081470913410187,0.0340884826039631,2.9011360388485583,3.11829109246153,-1.8501682388425047,0.2313026745676822
99,f1_strong_t1|f2_strong_t2|f7_weak|f8_bigcoef|noise_0,110000111,5,-3.655559130477905,0.0316357339361316,1.32704782178084,1.4172309567830204,-3.528429519423795,0.12712961105411
99,f1_strong_t1|f3_dup_a|f4_dup_b|f5_null|f6_suppressor,101111000,5,-2.9027183099746705,0.0333657067323061,2.0798886422840748,2.302688998003503,-2.688042878803397,0.2146754311712735
99,f1_strong_t1|f3_dup_a|f4_dup_b|f5_null|f7_weak,101110100,5,-4.413388735294342,0.0317305757473908,0.5692182169644031,0.6726139929601865,-4.306410983936101,0.106977751358241
99,f1_strong_t1|f3_dup_a|f4_dup_b|f5_null|f8_bigcoef,101110010,5,-4.233381843280792,0.0314391804745399,0.7492251089779529,0.8654452333661787,-4.114462398056656,0.1189194452241366
99,f1_strong_t1|f3_dup_a|f4_dup_b|f5_null|noise_0,101110001,5,-4.557976506614685,0.0321604306597752,0.4246304456440599,0.5188716430862063,-4.450590007599112,0.1073864990155737
99,f1_strong_t1|f3_dup_a|f4_dup_b|f6_suppressor|f7_weak,101101100,5,-2.7440094182014465,0.0327609727239222,2.2385975340572988,2.456431347877483,-2.543863855140388,0.2001455630610586
99,f1_strong_t1|f3_dup_a|f4_dup_b|f6_suppressor|f8_bigcoef,101101010,5,-2.56118962097168,0.0326484964731019,2.4214173312870657,2.6492625882834755,-2.351915269260941,0.209274351710738
99,f1_strong_t1|f3_dup_a|f4_dup_b|f6_suppressor|noise_0,101101001,5,-2.875765379714966,0.0332082641218293,2.1068415725437792,2.302688998003503,-2.688042878803397,0.187722500911569
99,f1_strong_t1|f3_dup_a|f4_dup_b|f7_weak|f8_bigcoef,101100110,5,-4.160444359779358,0.0323261788958222,0.8221625924793869,0.9482024526049658,-4.030176549842233,0.1302678099371252
99,f1_strong_t1|f3_dup_a|f4_dup_b|f7_weak|noise_0,101100101,5,-4.409183970546723,0.0316536391768209,0.5734229817120227,0.6726139929601865,-4.306410983936101,0.1027729866106215
99,f1_strong_t1|f3_dup_a|f4_dup_b|f8_bigcoef|noise_0,101100011,5,-4.230086199760437,0.0313864719831183,0.7525207524983086,0.8654452333661787,-4.114462398056656,0.1156238017037809
99,f1_strong_t1|f3_dup_a|f5_null|f6_suppressor|f7_weak,101011100,5,-2.790449053096771,0.0312239233354371,2.192157899161974,2.446234080706321,-2.554491299249513,0.2359577538472579
99,f1_strong_t1|f3_dup_a|f5_null|f6_suppressor|f8_bigcoef,101011010,5,-2.578566297149658,0.0313348838182787,2.404040655109087,2.639065321112313,-2.362542713370068,0.2160235837795903
99,f1_strong_t1|f3_dup_a|f5_null|f6_suppressor|noise_0,101011001,5,-2.9177200516700745,0.032203300192417,2.0648869005886707,2.292491730832341,-2.6986703229125224,0.2190497287575521
99,f1_strong_t1|f3_dup_a|f5_null|f7_weak|f8_bigcoef,101010110,5,-4.155002930641174,0.0299185641677256,0.8276040216175709,0.938005185433804,-4.040803993951359,0.1141989366898155
99,f1_strong_t1|f3_dup_a|f5_null|f7_weak|noise_0,101010101,5,-4.415348498058319,0.0296799908166837,0.5672584542004264,0.6624167257890249,-4.317038428045227,0.0983100700130918
99,f1_strong_t1|f3_dup_a|f5_null|f8_bigcoef|noise_0,101010011,5,-4.228831624031067,0.0296172710157102,0.753775328227678,0.8552479661950173,-4.125089842165781,0.1037417818652866
99,f1_strong_t1|f3_dup_a|f6_suppressor|f7_weak|f8_bigcoef,101001110,5,-2.496094989204406,0.0316229720841976,2.486511963054338,2.7218225403511003,-2.278256865155645,0.2178381240487614
99,f1_strong_t1|f3_dup_a|f6_suppressor|f7_weak|noise_0,101001101,5,-2.751140069389343,0.0306035046532811,2.231466882869402,2.446234080706321,-2.554491299249513,0.1966487701398298
99,f1_strong_t1|f3_dup_a|f6_suppressor|f8_bigcoef|noise_0,101001011,5,-2.565721343135834,0.0312485676731457,2.4168856091229114,2.639065321112313,-2.362542713370068,0.203178629765766
99,f1_strong_t1|f3_dup_a|f7_weak|f8_bigcoef|noise_0,101000111,5,-4.151174048233032,0.0300048974864842,0.8314329040257133,0.938005185433804,-4.040803993951359,0.110370054281673
99,f1_strong_t1|f4_dup_b|f5_null|f6_suppressor|f7_weak,100111100,5,-2.768090960407257,0.0315840980543257,2.214515991851488,2.446234080706321,-2.55284712749034,0.2152438329169173
99,f1_strong_t1|f4_dup_b|f5_null|f6_suppressor|f8_bigcoef,100111010,5,-2.5723161200523377,0.0314773179914922,2.410290832206408,2.639065321112313,-2.3608985416108945,0.2114175784414431
99,f1_strong_t1|f4_dup_b|f5_null|f6_suppressor|noise_0,100111001,5,-2.8834596994400026,0.0319883758549284,2.0991472528187427,2.292491730832341,-2.697026151153349,0.1864335482866534
99,f1_strong_t1|f4_dup_b|f5_null|f7_weak|f8_bigcoef,100110110,5,-4.1487220272064205,0.0305697505070798,0.8338849250523248,0.938005185433804,-4.039159822192186,0.1095622050142344
99,f1_strong_t1|f4_dup_b|f5_null|f7_weak|noise_0,100110101,5,-4.409396975231171,0.0300787795191313,0.5732099770275747,0.6624167257890249,-4.315394256286054,0.0940027189451164
99,f1_strong_t1|f4_dup_b|f5_null|f8_bigcoef|noise_0,100110011,5,-4.2250823580741885,0.0300749270811396,0.7575245941845568,0.8552479661950173,-4.123445670406608,0.1016366876675807
99,f1_strong_t1|f4_dup_b|f6_suppressor|f7_weak|f8_bigcoef,100101110,5,-2.507408351612091,0.0318787492958672,2.4751986006466544,2.7218225403511003,-2.2766126933964714,0.2307956582156194
99,f1_strong_t1|f4_dup_b|f6_suppressor|f7_weak|noise_0,100101101,5,-2.747566688251496,0.0308594557863876,2.23504026400725,2.446234080706321,-2.55284712749034,0.1947195607611553
99,f1_strong_t1|f4_dup_b|f6_suppressor|f8_bigcoef|noise_0,100101011,5,-2.5593910484313964,0.0310781890396539,2.423215903827349,2.639065321112313,-2.3608985416108945,0.1984925068205019
99,f1_strong_t1|f4_dup_b|f7_weak|f8_bigcoef|noise_0,100100111,5,-4.144835577487946,0.0305198058175873,0.8377713747707993,0.938005185433804,-4.039159822192186,0.1056757552957599
99,f1_strong_t1|f5_null|f6_suppressor|f7_weak|f8_bigcoef,100011110,5,-2.7968724837303163,0.0334202684134048,2.185734468528429,2.3963293554832665,-2.588816498870001,0.2080559848603154
99,f1_strong_t1|f5_null|f6_suppressor|f7_weak|noise_0,100011101,5,-3.051844290161133,0.0329899437990313,1.9307626620976124,2.1207408958384875,-2.865050932963869,0.1867933571972639
99,f1_strong_t1|f5_null|f6_suppressor|f8_bigcoef|noise_0,100011011,5,-2.851475074958801,0.0333039573455792,2.131131877299944,2.3135721362444794,-2.6731023470844235,0.1783727278743776
99,f1_strong_t1|f5_null|f7_weak|f8_bigcoef|noise_0,100010111,5,-4.438442110347748,0.0317516756332172,0.5441648419109972,0.6125120005659704,-4.351363627665714,0.0870784826820338
99,f1_strong_t1|f6_suppressor|f7_weak|f8_bigcoef|noise_0,100001111,5,-2.790846008491516,0.0326073679868834,2.191760943767229,2.3963293554832665,-2.588816498870001,0.2020295096215152
99,f2_strong_t2|f3_dup_a|f4_dup_b|f5_null|f6_suppressor,11111000,5,-3.929332448005676,0.0310981530996783,1.0532745042530691,1.1404094082560454,-3.804388741755023,0.1249437062506535
99,f2_strong_t2|f3_dup_a|f4_dup_b|f5_null|f7_weak,11110100,5,-3.7797811478614807,0.0301834890171109,1.2028258043972646,1.2941517581300257,-3.660209718092013,0.1195714297694676
99,f2_strong_t2|f3_dup_a|f4_dup_b|f5_null|f8_bigcoef,11110010,5,-3.583959548473358,0.0300914789138864,1.398647403785387,1.486982998536018,-3.468261132212568,0.1156984162607903
99,f2_strong_t2|f3_dup_a|f4_dup_b|f5_null|noise_0,11110001,5,-3.9209851355552674,0.0303909191012961,1.061621816703478,1.1404094082560454,-3.804388741755023,0.1165963938002447
99,f2_strong_t2|f3_dup_a|f4_dup_b|f6_suppressor|f7_weak,11101100,5,-3.7912219497680666,0.031060741898331,1.1913850024906787,1.2941517581300257,-3.660209718092013,0.1310122316760535
99,f2_strong_t2|f3_dup_a|f4_dup_b|f6_suppressor|f8_bigcoef,11101010,5,-3.5961704728126525,0.0308542203745255,1.3864364794460928,1.486982998536018,-3.468261132212568,0.1279093406000848
99,f2_strong_t2|f3_dup_a|f4_dup_b|f6_suppressor|noise_0,11101001,5,-3.9222332429885856,0.0309185841005655,1.0603737092701588,1.1404094082560454,-3.804388741755023,0.1178445012335638
99,f2_strong_t2|f3_dup_a|f4_dup_b|f7_weak|f8_bigcoef,11100110,5,-3.510393912887573,0.0307592721760454,1.472213039371172,1.5697402177748048,-3.3839752839981445,0.1264186288894286
99,f2_strong_t2|f3_dup_a|f4_dup_b|f7_weak|noise_0,11100101,5,-3.777088758659363,0.0300323709191031,1.2055181935993824,1.2941517581300257,-3.660209718092013,0.1168790405673498
99,f2_strong_t2|f3_dup_a|f4_dup_b|f8_bigcoef|noise_0,11100011,5,-3.591375558757782,0.0300296260391081,1.3912313935009633,1.486982998536018,-3.468261132212568,0.1231144265452144
99,f2_strong_t2|f3_dup_a|f5_null|f6_suppressor|f7_weak,11011100,5,-3.793028616905212,0.0293273110024151,1.189578335353533,1.2839544909588645,-3.6708371622011393,0.122191454704073
99,f2_strong_t2|f3_dup_a|f5_null|f6_suppressor|f8_bigcoef,11011010,5,-3.6028212631225585,0.029479841561991,1.3797856891361868,1.4767857313648562,-3.478888576321694,0.1239326868008645
99,f2_strong_t2|f3_dup_a|f5_null|f6_suppressor|noise_0,11011001,5,-3.930230408763885,0.0298712578200991,1.05237654349486,1.130212141084884,-3.815016185864149,0.1152142228997368
99,f2_strong_t2|f3_dup_a|f5_null|f7_weak|f8_bigcoef,11010110,5,-3.5119628656387327,0.0289544579104818,1.4706440866200126,1.5595429506036431,-3.394602728107272,0.1173601375314614
99,f2_strong_t2|f3_dup_a|f5_null|f7_weak|noise_0,11010101,5,-3.779417988014221,0.0286600658479792,1.2031889642445242,1.2839544909588645,-3.6708371622011393,0.1085808258130818
99,f2_strong_t2|f3_dup_a|f5_null|f8_bigcoef|noise_0,11010011,5,-3.591788578224182,0.0287609228934876,1.3908183740345632,1.4767857313648562,-3.478888576321694,0.1129000019024881
99,f2_strong_t2|f3_dup_a|f6_suppressor|f7_weak|f8_bigcoef,11001110,5,-3.5335407665252685,0.0302007157125705,1.4490661857334768,1.5595429506036431,-3.394602728107272,0.1389380384179972
99,f2_strong_t2|f3_dup_a|f6_suppressor|f7_weak|noise_0,11001101,5,-3.785661541080475,0.0293306664993229,1.1969454111782705,1.2839544909588645,-3.6708371622011393,0.1148243788793355
99,f2_strong_t2|f3_dup_a|f6_suppressor|f8_bigcoef|noise_0,11001011,5,-3.598628955841064,0.0295633006942878,1.383977996417681,1.4767857313648562,-3.478888576321694,0.1197403795193703
99,f2_strong_t2|f3_dup_a|f7_weak|f8_bigcoef|noise_0,11000111,5,-3.515888203907013,0.0290709534124734,1.4667187483517323,1.5595429506036431,-3.394602728107272,0.1212854757997417
99,f2_strong_t2|f4_dup_b|f5_null|f6_suppressor|f7_weak,10111100,5,-3.783126574707031,0.0292511599016402,1.1994803775517142,1.2839544909588645,-3.669192990441967,0.1139335842650641
99,f2_strong_t2|f4_dup_b|f5_null|f6_suppressor|f8_bigcoef,10111010,5,-3.5951043585777285,0.0293045624376444,1.3875025936810168,1.4767857313648562,-3.4772444045625206,0.1178599540152078
99,f2_strong_t2|f4_dup_b|f5_null|f6_suppressor|noise_0,10111001,5,-3.923076628398895,0.0295208130416941,1.05953032385985,1.130212141084884,-3.813372014104975,0.1097046142939199
99,f2_strong_t2|f4_dup_b|f5_null|f7_weak|f8_bigcoef,10110110,5,-3.507720582294464,0.029298879884149,1.4748863699642811,1.5595429506036431,-3.392958556348098,0.1147620259463662
99,f2_strong_t2|f4_dup_b|f5_null|f7_weak|noise_0,10110101,5,-3.778973006916046,0.0287425390961244,1.2036339453426992,1.2839544909588645,-3.669192990441967,0.1097800164740792
99,f2_strong_t2|f4_dup_b|f5_null|f8_bigcoef|noise_0,10110011,5,-3.5956886919021604,0.0289144718481438,1.3869182603565848,1.4767857313648562,-3.4772444045625206,0.1184442873396398
99,f2_strong_t2|f4_dup_b|f6_suppressor|f7_weak|f8_bigcoef,10101110,5,-3.519010464763641,0.0299345748817656,1.4635964874951035,1.5595429506036431,-3.392958556348098,0.1260519084155436
99,f2_strong_t2|f4_dup_b|f6_suppressor|f7_weak|noise_0,10101101,5,-3.781023494529724,0.0290285961248397,1.2015834577290212,1.2839544909588645,-3.669192990441967,0.1118305040877571
99,f2_strong_t2|f4_dup_b|f6_suppressor|f8_bigcoef|noise_0,10101011,5,-3.593092004966736,0.0291561145405612,1.3895149472920094,1.4767857313648562,-3.4772444045625206,0.1158476004042152
99,f2_strong_t2|f4_dup_b|f7_weak|f8_bigcoef|noise_0,10100111,5,-3.5170125752449035,0.0294152178580004,1.4655943770138418,1.5595429506036431,-3.392958556348098,0.1240540188968055
99,f2_strong_t2|f5_null|f6_suppressor|f7_weak|f8_bigcoef,10011110,5,-3.815935503959656,0.0316089662192265,1.1666714482990894,1.2340497657358096,-3.705162361821627,0.1107731421380289
99,f2_strong_t2|f5_null|f6_suppressor|f7_weak|noise_0,10011101,5,-4.076294861793518,0.0310817107888896,0.9063120904652272,0.9584613060910306,-3.981396795915495,0.0948980658780231
99,f2_strong_t2|f5_null|f6_suppressor|f8_bigcoef|noise_0,10011011,5,-3.8935086088180544,0.0314987028674812,1.089098343440691,1.151292546497023,-3.7894482100360496,0.1040603987820047
99,f2_strong_t2|f5_null|f7_weak|f8_bigcoef|noise_0,10010111,5,-3.80780425863266,0.0310262131435552,1.1748026936260856,1.2340497657358096,-3.705162361821627,0.1026418968110327
99,f2_strong_t2|f6_suppressor|f7_weak|f8_bigcoef|noise_0,10001111,5,-3.815236778831482,0.0316650991921315,1.1673701734272632,1.2340497657358096,-3.705162361821627,0.1100744170098551
99,f3_dup_a|f4_dup_b|f5_null|f6_suppressor|f7_weak,1111100,5,-4.588613930416107,0.0316232111763922,0.3939930218426379,0.4894328019129755,-4.483143826333933,0.1054701040821743
99,f3_dup_a|f4_dup_b|f5_null|f6_suppressor|f8_bigcoef,1111010,5,-4.406793978977204,0.0313825042536133,0.5758129732815416,0.682264042318968,-4.291195240454487,0.115598738522717
99,f3_dup_a|f4_dup_b|f5_null|f6_suppressor|noise_0,1111001,5,-4.725912224769592,0.0318336024021187,0.2566947274891529,0.3356904520389953,-4.627322849996943,0.0985893747726498
99,f3_dup_a|f4_dup_b|f5_null|f7_weak|f8_bigcoef,1110110,5,-4.311694766426086,0.0312451171309424,0.670912185832659,0.7650212615577549,-4.206909392240064,0.1047853741860223
99,f3_dup_a|f4_dup_b|f5_null|f7_weak|noise_0,1110101,5,-4.569989930343628,0.0308373229144675,0.4126170219151177,0.4894328019129755,-4.483143826333933,0.0868461040096946
99,f3_dup_a|f4_dup_b|f5_null|f8_bigcoef|noise_0,1110011,5,-4.388115043735504,0.030594989630987,0.5944919085232412,0.682264042318968,-4.291195240454487,0.0969198032810174
99,f3_dup_a|f4_dup_b|f6_suppressor|f7_weak|f8_bigcoef,1101110,5,-4.345744068622589,0.0327322957652227,0.6368628836361561,0.7650212615577549,-4.206909392240064,0.1388346763825252
99,f3_dup_a|f4_dup_b|f6_suppressor|f7_weak|noise_0,1101101,5,-4.580567979717254,0.0315381080835999,0.402038972541491,0.4894328019129755,-4.483143826333933,0.0974241533833213
99,f3_dup_a|f4_dup_b|f6_suppressor|f8_bigcoef|noise_0,1101011,5,-4.401710635375976,0.0313915809534395,0.580896316882769,0.682264042318968,-4.291195240454487,0.1105153949214896
99,f3_dup_a|f4_dup_b|f7_weak|f8_bigcoef|noise_0,1100111,5,-4.307551626968384,0.0314239700849893,0.6750553252903613,0.7650212615577549,-4.206909392240064,0.10064223472832
99,f3_dup_a|f5_null|f6_suppressor|f7_weak|f8_bigcoef,1011110,5,-4.334677489376068,0.030268078853955,0.6479294628826775,0.7548239943865932,-4.21753683634919,0.1171406530268779
99,f3_dup_a|f5_null|f6_suppressor|f7_weak|noise_0,1011101,5,-4.582160206604004,0.0298687492418456,0.4004467456547411,0.4792355347418139,-4.493771270443058,0.0883889361609462
99,f3_dup_a|f5_null|f6_suppressor|f8_bigcoef|noise_0,1011011,5,-4.404896322441101,0.0299037456604364,0.577710629817644,0.6720667751478063,-4.3018226845636125,0.1030736378774888
99,f3_dup_a|f5_null|f7_weak|f8_bigcoef|noise_0,1010111,5,-4.313520702171326,0.0294615100927971,0.6690862500874193,0.7548239943865932,-4.21753683634919,0.0959838658221361
99,f3_dup_a|f6_suppressor|f7_weak|f8_bigcoef|noise_0,1001111,5,-4.323652483272553,0.030394043081819,0.6589544689861926,0.7548239943865932,-4.21753683634919,0.1061156469233628
99,f4_dup_b|f5_null|f6_suppressor|f7_weak|f8_bigcoef,111110,5,-4.323285227012634,0.030408497731272,0.6593217252461114,0.7548239943865932,-4.215892664590016,0.1073925624226177
99,f4_dup_b|f5_null|f6_suppressor|f7_weak|noise_0,111101,5,-4.576422765350342,0.0297787623671919,0.4061841869084031,0.4792355347418139,-4.492127098683885,0.0842956666664571
99,f4_dup_b|f5_null|f6_suppressor|f8_bigcoef|noise_0,111011,5,-4.393580035018921,0.0297167327492481,0.5890269172398241,0.6720667751478063,-4.300178512804439,0.0934015222144823
99,f4_dup_b|f5_null|f7_weak|f8_bigcoef|noise_0,110111,5,-4.3076415498733525,0.0297795485829158,0.6749654023853928,0.7548239943865932,-4.215892664590016,0.0917488852833363
99,f4_dup_b|f6_suppressor|f7_weak|f8_bigcoef|noise_0,101111,5,-4.31342068567276,0.0302112335463339,0.6691862665859851,0.7548239943865932,-4.215892664590016,0.097528021082744
99,f5_null|f6_suppressor|f7_weak|f8_bigcoef|noise_0,11111,5,-4.608284343242645,0.0317504820685223,0.3743226090161,0.4293308095187594,-4.528096470063545,0.0801878731791001
99,f1_strong_t1|f2_strong_t2|f3_dup_a|f4_dup_b|f5_null|f6_suppressor,111111000,6,-2.1105150031089783,0.0330577163797141,2.872091949149767,3.1074079542205526,-1.8651087705614784,0.2454062325474999
99,f1_strong_t1|f2_strong_t2|f3_dup_a|f4_dup_b|f5_null|f7_weak,111110100,6,-3.619885270500183,0.0312033405178238,1.362721681758562,1.477332949177237,-3.4834768756941825,0.1364083948060006
99,f1_strong_t1|f2_strong_t2|f3_dup_a|f4_dup_b|f5_null|f8_bigcoef,111110010,6,-3.4296462078094483,0.031249389488151,1.552960744449297,1.6701641895832289,-3.291528289814737,0.1381179179947111
99,f1_strong_t1|f2_strong_t2|f3_dup_a|f4_dup_b|f5_null|noise_0,111110001,6,-3.763021170043945,0.0315337311781936,1.2195857822148,1.3235905993032566,-3.627655899357192,0.1353652706867536
99,f1_strong_t1|f2_strong_t2|f3_dup_a|f4_dup_b|f6_suppressor|f7_weak,111101100,6,-1.9421646184921264,0.0328032066932323,3.040442333766619,3.261150304094533,-1.7209297468984697,0.2212348715936567
99,f1_strong_t1|f2_strong_t2|f3_dup_a|f4_dup_b|f6_suppressor|f8_bigcoef,111101010,6,-1.7621235231399537,0.0330074001033008,3.220483429118792,3.4539815445005253,-1.5289811610190234,0.2331423621209303
99,f1_strong_t1|f2_strong_t2|f3_dup_a|f4_dup_b|f6_suppressor|noise_0,111101001,6,-2.065857909679413,0.0331441026944649,2.9167490425793323,3.1074079542205526,-1.8651087705614784,0.2007491391179345
99,f1_strong_t1|f2_strong_t2|f3_dup_a|f4_dup_b|f7_weak|f8_bigcoef,111100110,6,-3.358962655830384,0.0319928529824849,1.623644296428362,1.752921408822016,-3.2072424416003145,0.1517202142300688
99,f1_strong_t1|f2_strong_t2|f3_dup_a|f4_dup_b|f7_weak|noise_0,111100101,6,-3.620886042404175,0.0311583496902823,1.3617209098545704,1.477332949177237,-3.4834768756941825,0.1374091667099923
99,f1_strong_t1|f2_strong_t2|f3_dup_a|f4_dup_b|f8_bigcoef|noise_0,111100011,6,-3.432576885128021,0.0311623259734641,1.550030067130724,1.6701641895832289,-3.291528289814737,0.141048595313284
99,f1_strong_t1|f2_strong_t2|f3_dup_a|f5_null|f6_suppressor|f7_weak,111011100,6,-2.0173384765625,0.031842007233505,2.965268475696245,3.2509530369233715,-1.7315571910075949,0.2857812855549053
99,f1_strong_t1|f2_strong_t2|f3_dup_a|f5_null|f6_suppressor|f8_bigcoef,111011010,6,-1.8059433720588685,0.0319318527707196,3.176663580199877,3.443784277329364,-1.539608605128149,0.2663347669307194
99,f1_strong_t1|f2_strong_t2|f3_dup_a|f5_null|f6_suppressor|noise_0,111011001,6,-2.122780271053314,0.0321931395484817,2.859826681205431,3.097210687049391,-1.875736214670604,0.2470440563827101
99,f1_strong_t1|f2_strong_t2|f3_dup_a|f5_null|f7_weak|f8_bigcoef,111010110,6,-3.358785935020447,0.0299154968975295,1.6238210172382983,1.742724141650854,-3.21786988570944,0.1409160493110071
99,f1_strong_t1|f2_strong_t2|f3_dup_a|f5_null|f7_weak|noise_0,111010101,6,-3.627349504470825,0.0294932574096694,1.35525744778792,1.467135682006075,-3.4941043198033093,0.133245184667516
99,f1_strong_t1|f2_strong_t2|f3_dup_a|f5_null|f8_bigcoef|noise_0,111010011,6,-3.4351647150993347,0.029643241933964,1.5474422371594103,1.6599669224120674,-3.302155733923863,0.1330089811754717
99,f1_strong_t1|f2_strong_t2|f3_dup_a|f6_suppressor|f7_weak|f8_bigcoef,111001110,6,-1.7087642995834351,0.0323994563374566,3.2738426526753104,3.52654149656815,-1.455322756913727,0.2534415426697081
99,f1_strong_t1|f2_strong_t2|f3_dup_a|f6_suppressor|f7_weak|noise_0,111001101,6,-1.9494183867454529,0.0312660896967287,3.033188565513292,3.2509530369233715,-1.7315571910075949,0.217861195737858
99,f1_strong_t1|f2_strong_t2|f3_dup_a|f6_suppressor|f8_bigcoef|noise_0,111001011,6,-1.7911787125587464,0.032242405705138,3.1914282396999987,3.443784277329364,-1.539608605128149,0.2515701074305974
99,f1_strong_t1|f2_strong_t2|f3_dup_a|f7_weak|f8_bigcoef|noise_0,111000111,6,-3.36476771068573,0.0299239704889062,1.6178392415730154,1.742724141650854,-3.2178698857094394,0.1468978249762904
99,f1_strong_t1|f2_strong_t2|f4_dup_b|f5_null|f6_suppressor|f7_weak,110111100,6,-1.974263021469116,0.0318661884401506,3.0083439307896294,3.2509530369233715,-1.7299130192484211,0.244350002220695
99,f1_strong_t1|f2_strong_t2|f4_dup_b|f5_null|f6_suppressor|f8_bigcoef,110111010,6,-1.7792073204040528,0.0319902604946077,3.203399631854692,3.443784277329364,-1.5379644333689753,0.2412428870350775
99,f1_strong_t1|f2_strong_t2|f4_dup_b|f5_null|f6_suppressor|noise_0,110111001,6,-2.097545955944061,0.0321784352256775,2.885060996314684,3.097210687049391,-1.8740920429114305,0.2234539130326311
99,f1_strong_t1|f2_strong_t2|f4_dup_b|f5_null|f7_weak|f8_bigcoef,110110110,6,-3.3541783725738523,0.0304154000740869,1.628428579684893,1.742724141650854,-3.216225713950266,0.1379526586235862
99,f1_strong_t1|f2_strong_t2|f4_dup_b|f5_null|f7_weak|noise_0,110110101,6,-3.626040065193176,0.0298090663636221,1.356566887065569,1.467135682006075,-3.492460148044135,0.1335799171490412
99,f1_strong_t1|f2_strong_t2|f4_dup_b|f5_null|f8_bigcoef|noise_0,110110011,6,-3.4327467838287355,0.0299750059668452,1.5498601684300095,1.6599669224120674,-3.3005115621646897,0.1322352216640459
99,f1_strong_t1|f2_strong_t2|f4_dup_b|f6_suppressor|f7_weak|f8_bigcoef,110101110,6,-1.7017396856307982,0.0324601348710254,3.280867266627947,3.52654149656815,-1.4536785851545533,0.2480611004762449
99,f1_strong_t1|f2_strong_t2|f4_dup_b|f6_suppressor|f7_weak|noise_0,110101101,6,-1.9513943280220032,0.031384103920284,3.0312126242367423,3.2509530369233715,-1.7299130192484216,0.2214813087735816
99,f1_strong_t1|f2_strong_t2|f4_dup_b|f6_suppressor|f8_bigcoef|noise_0,110101011,6,-1.7768657703399655,0.0320067590162131,3.20574118191878,3.443784277329364,-1.5379644333689753,0.2389013369709904
99,f1_strong_t1|f2_strong_t2|f4_dup_b|f7_weak|f8_bigcoef|noise_0,110100111,6,-3.3593152480125426,0.0303083293514214,1.6232917042462027,1.742724141650854,-3.216225713950266,0.1430895340622764
99,f1_strong_t1|f2_strong_t2|f5_null|f6_suppressor|f7_weak|f8_bigcoef,110011110,6,-2.0088646755218504,0.0344068985100693,2.973742276736895,3.201048311700317,-1.765882390628082,0.2429822848937683
99,f1_strong_t1|f2_strong_t2|f5_null|f6_suppressor|f7_weak|noise_0,110011101,6,-2.2624325758934023,0.0335096207675444,2.720174376365343,2.9254598520555377,-2.0421168247219508,0.2203157511714515
99,f1_strong_t1|f2_strong_t2|f5_null|f6_suppressor|f8_bigcoef|noise_0,110011011,6,-2.085934881877899,0.0343466717707235,2.896672070380846,3.11829109246153,-1.8501682388425047,0.2357666430353944
99,f1_strong_t1|f2_strong_t2|f5_null|f7_weak|f8_bigcoef|noise_0,110010111,6,-3.659648352432251,0.0318854661103449,1.322958599826494,1.4172309567830204,-3.528429519423795,0.131218833008456
99,f1_strong_t1|f2_strong_t2|f6_suppressor|f7_weak|f8_bigcoef|noise_0,110001111,6,-2.0060794995307925,0.0339971315392304,2.976527452727953,3.201048311700317,-1.765882390628082,0.2401971089027104
99,f1_strong_t1|f3_dup_a|f4_dup_b|f5_null|f6_suppressor|f7_weak,101111100,6,-2.7685840217590334,0.0334880766297868,2.214022930499712,2.456431347877483,-2.543863855140388,0.2247201666186455
99,f1_strong_t1|f3_dup_a|f4_dup_b|f5_null|f6_suppressor|f8_bigcoef,101111010,6,-2.564769231891632,0.033251943119987,2.417837720367113,2.6492625882834755,-2.351915269260941,0.2128539626306906
99,f1_strong_t1|f3_dup_a|f4_dup_b|f5_null|f6_suppressor|noise_0,101111001,6,-2.899050244998932,0.0339977577374272,2.0835567072598136,2.302688998003503,-2.688042878803397,0.2110073661955347
99,f1_strong_t1|f3_dup_a|f4_dup_b|f5_null|f7_weak|f8_bigcoef,101110110,6,-4.160716558742523,0.0322751291452113,0.8218903935162221,0.9482024526049658,-4.030176549842233,0.1305400089002901
99,f1_strong_t1|f3_dup_a|f4_dup_b|f5_null|f7_weak|noise_0,101110101,6,-4.414669530963898,0.0319769409223195,0.5679374212948476,0.6726139929601865,-4.306410983936101,0.1082585470277965
99,f1_strong_t1|f3_dup_a|f4_dup_b|f5_null|f8_bigcoef|noise_0,101110011,6,-4.23528154039383,0.0317317244673731,0.7473254118649155,0.8654452333661787,-4.114462398056656,0.120819142337174
99,f1_strong_t1|f3_dup_a|f4_dup_b|f6_suppressor|f7_weak|f8_bigcoef,101101110,6,-2.48703907661438,0.0338092338999067,2.4955678756443653,2.732019807522262,-2.267629421046519,0.219409655567861
99,f1_strong_t1|f3_dup_a|f4_dup_b|f6_suppressor|f7_weak|noise_0,101101101,6,-2.7419962916374208,0.0329345580081085,2.2406106606213245,2.456431347877483,-2.543863855140388,0.1981324364970329
99,f1_strong_t1|f3_dup_a|f4_dup_b|f6_suppressor|f8_bigcoef|noise_0,101101011,6,-2.55323158903122,0.0329157916223415,2.4293753632275257,2.6492625882834755,-2.351915269260941,0.201316319770278
99,f1_strong_t1|f3_dup_a|f4_dup_b|f7_weak|f8_bigcoef|noise_0,101100111,6,-4.153568280220032,0.0322362141035586,0.8290386720387133,0.9482024526049658,-4.030176549842233,0.1233917303777989
99,f1_strong_t1|f3_dup_a|f5_null|f6_suppressor|f7_weak|f8_bigcoef,101011110,6,-2.504335832118988,0.0318323478895818,2.478271120139757,2.7218225403511003,-2.278256865155645,0.2260789669633429
99,f1_strong_t1|f3_dup_a|f5_null|f6_suppressor|f7_weak|noise_0,101011101,6,-2.780696477127075,0.0314978621310076,2.2019104751316703,2.446234080706321,-2.554491299249513,0.2262051778775617
99,f1_strong_t1|f3_dup_a|f5_null|f6_suppressor|f8_bigcoef|noise_0,101011011,6,-2.5717664172172547,0.0317040826576493,2.4108405350414905,2.639065321112313,-2.362542713370068,0.2092237038471869
99,f1_strong_t1|f3_dup_a|f5_null|f7_weak|f8_bigcoef|noise_0,101010111,6,-4.159695719051361,0.0302217896437994,0.8229112332073845,0.938005185433804,-4.040803993951359,0.1188917251000019
99,f1_strong_t1|f3_dup_a|f6_suppressor|f7_weak|f8_bigcoef|noise_0,101001111,6,-2.495653932952881,0.0313748967055901,2.486953019305864,2.7218225403511003,-2.278256865155645,0.2173970677972359
99,f1_strong_t1|f4_dup_b|f5_null|f6_suppressor|f7_weak|f8_bigcoef,100111110,6,-2.512510195541382,0.0325690048916756,2.470096756717364,2.7218225403511003,-2.2766126933964714,0.2358975021449105
99,f1_strong_t1|f4_dup_b|f5_null|f6_suppressor|f7_weak|noise_0,100111101,6,-2.7584078083992005,0.0320777872588969,2.2241991438595448,2.446234080706321,-2.55284712749034,0.2055606809088606
99,f1_strong_t1|f4_dup_b|f5_null|f6_suppressor|f8_bigcoef|noise_0,100111011,6,-2.566786618423462,0.0318682134792584,2.4158203338352835,2.639065321112313,-2.3608985416108945,0.2058880768125672
99,f1_strong_t1|f4_dup_b|f5_null|f7_weak|f8_bigcoef|noise_0,100110111,6,-4.151608854961395,0.0307603463879392,0.8309980972973499,0.938005185433804,-4.039159822192186,0.1124490327692093
99,f1_strong_t1|f4_dup_b|f6_suppressor|f7_weak|f8_bigcoef|noise_0,100101111,6,-2.5135297585487364,0.0319360440440959,2.469077193710009,2.7218225403511003,-2.2766126933964714,0.2369170651522649
99,f1_strong_t1|f5_null|f6_suppressor|f7_weak|f8_bigcoef|noise_0,100011111,6,-2.786501296234131,0.0334054498805835,2.1961056560246144,2.3963293554832665,-2.588816498870001,0.19768479736413
99,f2_strong_t2|f3_dup_a|f4_dup_b|f5_null|f6_suppressor|f7_weak,11111100,6,-3.79555317363739,0.0311901442004505,1.187053778621355,1.2941517581300257,-3.660209718092013,0.1353434555453772
99,f2_strong_t2|f3_dup_a|f4_dup_b|f5_null|f6_suppressor|f8_bigcoef,11111010,6,-3.602460650634766,0.0311740668134878,1.3801463016239794,1.486982998536018,-3.468261132212568,0.1341995184221982
99,f2_strong_t2|f3_dup_a|f4_dup_b|f5_null|f6_suppressor|noise_0,11111001,6,-3.929377924251556,0.031400570146478,1.053229028007189,1.1404094082560454,-3.804388741755023,0.1249891824965336
99,f2_strong_t2|f3_dup_a|f4_dup_b|f5_null|f7_weak|f8_bigcoef,11110110,6,-3.5143119795799254,0.0308485600189732,1.46829497267882,1.5697402177748048,-3.3839752839981445,0.1303366955817808
99,f2_strong_t2|f3_dup_a|f4_dup_b|f5_null|f7_weak|noise_0,11110101,6,-3.783129417610168,0.0304286921585492,1.1994775346485769,1.2941517581300257,-3.660209718092013,0.1229196995181554
99,f2_strong_t2|f3_dup_a|f4_dup_b|f5_null|f8_bigcoef|noise_0,11110011,6,-3.5949319038391114,0.030387475541482,1.3876750484196338,1.486982998536018,-3.468261132212568,0.1266707716265438
99,f2_strong_t2|f3_dup_a|f4_dup_b|f6_suppressor|f7_weak|f8_bigcoef,11101110,6,-3.534984056663513,0.0321270798753118,1.4476228955952322,1.5697402177748048,-3.3839752839981445,0.1510087726653686
99,f2_strong_t2|f3_dup_a|f4_dup_b|f6_suppressor|f7_weak|noise_0,11101101,6,-3.7894853680610656,0.0311695079904365,1.1931215841976797,1.2941517581300257,-3.660209718092013,0.1292756499690526
99,f2_strong_t2|f3_dup_a|f4_dup_b|f6_suppressor|f8_bigcoef|noise_0,11101011,6,-3.599273917102814,0.0312017362725146,1.3833330351559314,1.486982998536018,-3.468261132212568,0.1310127848902462
99,f2_strong_t2|f3_dup_a|f4_dup_b|f7_weak|f8_bigcoef|noise_0,11100111,6,-3.517124002838135,0.0309150637890744,1.4654829494206103,1.5697402177748048,-3.3839752839981445,0.1331487188399904
99,f2_strong_t2|f3_dup_a|f5_null|f6_suppressor|f7_weak|f8_bigcoef,11011110,6,-3.53929674949646,0.0301993952317385,1.4433102027622855,1.5595429506036431,-3.394602728107272,0.1446940213891885
99,f2_strong_t2|f3_dup_a|f5_null|f6_suppressor|f7_weak|noise_0,11011101,6,-3.794663230419159,0.029706681798238,1.1879437218395863,1.2839544909588645,-3.6708371622011393,0.1238260682180194
99,f2_strong_t2|f3_dup_a|f5_null|f6_suppressor|f8_bigcoef|noise_0,11011011,6,-3.609337883663177,0.0299944398351632,1.373269068595568,1.4767857313648562,-3.478888576321694,0.1304493073414834
99,f2_strong_t2|f3_dup_a|f5_null|f7_weak|f8_bigcoef|noise_0,11010111,6,-3.5224546758651734,0.0292975059679886,1.460152276393572,1.5595429506036431,-3.394602728107272,0.1278519477579021
99,f2_strong_t2|f3_dup_a|f6_suppressor|f7_weak|f8_bigcoef|noise_0,11001111,6,-3.5325978693962097,0.0302612178371748,1.4500090828625356,1.5595429506036431,-3.394602728107272,0.1379951412889384
99,f2_strong_t2|f4_dup_b|f5_null|f6_suppressor|f7_weak|f8_bigcoef,10111110,6,-3.5290361766815184,0.0301902575328848,1.453570775577227,1.5595429506036431,-3.392958556348098,0.1360776203334204
99,f2_strong_t2|f4_dup_b|f5_null|f6_suppressor|f7_weak|noise_0,10111101,6,-3.7886548604011536,0.0296011200855323,1.1939520918575917,1.2839544909588645,-3.669192990441967,0.1194618699591867
99,f2_strong_t2|f4_dup_b|f5_null|f6_suppressor|f8_bigcoef|noise_0,10111011,6,-3.603120230007172,0.029754620336431,1.3794867222515736,1.4767857313648562,-3.4772444045625206,0.125875825444651
99,f2_strong_t2|f4_dup_b|f5_null|f7_weak|f8_bigcoef|noise_0,10110111,6,-3.5223065563201903,0.0296507230559235,1.460300395938555,1.5595429506036431,-3.392958556348098,0.1293479999720923
99,f2_strong_t2|f4_dup_b|f6_suppressor|f7_weak|f8_bigcoef|noise_0,10101111,6,-3.526295564937592,0.0301765845219758,1.4563113873211535,1.5595429506036431,-3.392958556348098,0.1333370085894936
99,f2_strong_t2|f5_null|f6_suppressor|f7_weak|f8_bigcoef|noise_0,10011111,6,-3.824588556289673,0.0319902034281268,1.1580183959690724,1.2340497657358096,-3.705162361821627,0.1194261944680459
99,f3_dup_a|f4_dup_b|f5_null|f6_suppressor|f7_weak|f8_bigcoef,1111110,6,-4.341387384319305,0.0325202419397382,0.6412195679394399,0.7650212615577549,-4.206909392240064,0.1344779920792413
99,f3_dup_a|f4_dup_b|f5_null|f6_suppressor|f7_weak|noise_0,1111101,6,-4.584645865631104,0.0318299715015626,0.3979610866276415,0.4894328019129755,-4.483143826333933,0.1015020392971708
99,f3_dup_a|f4_dup_b|f5_null|f6_suppressor|f8_bigcoef|noise_0,1111011,6,-4.405986438941955,0.0317120542347662,0.5766205133167901,0.682264042318968,-4.291195240454487,0.1147911984874685
99,f3_dup_a|f4_dup_b|f5_null|f7_weak|f8_bigcoef|noise_0,1110111,6,-4.312162805938721,0.0314101298526281,0.6704441463200244,0.7650212615577549,-4.206909392240064,0.1052534136986569
99,f3_dup_a|f4_dup_b|f6_suppressor|f7_weak|f8_bigcoef|noise_0,1101111,6,-4.33179279088974,0.032509681389979,0.6508141613690057,0.7650212615577549,-4.206909392240064,0.1248833986496755
99,f3_dup_a|f5_null|f6_suppressor|f7_weak|f8_bigcoef|noise_0,1011111,6,-4.331900813579559,0.030525906474555,0.6507061386791859,0.7548239943865932,-4.21753683634919,0.1143639772303695
99,f4_dup_b|f5_null|f6_suppressor|f7_weak|f8_bigcoef|noise_0,111111,6,-4.322068478679657,0.03056682507711,0.6605384735790887,0.7548239943865932,-4.215892664590016,0.1061758140896405
99,f1_strong_t1|f2_strong_t2|f3_dup_a|f4_dup_b|f5_null|f6_suppressor|f7_weak,111111100,7,-1.9739243231773376,0.033283086891802,3.008682629081408,3.261150304094533,-1.7209297468984697,0.2529945762788679
99,f1_strong_t1|f2_strong_t2|f3_dup_a|f4_dup_b|f5_null|f6_suppressor|f8_bigcoef,111111010,7,-1.7746924180984498,0.033464815743992,3.207914534160296,3.4539815445005253,-1.5289811610190234,0.2457112570794264
99,f1_strong_t1|f2_strong_t2|f3_dup_a|f4_dup_b|f5_null|f6_suppressor|noise_0,111111001,7,-2.0951899231910707,0.0335562154278,2.8874170290676746,3.1074079542205526,-1.8651087705614784,0.2300811526295922
99,f1_strong_t1|f2_strong_t2|f3_dup_a|f4_dup_b|f5_null|f7_weak|f8_bigcoef,111110110,7,-3.3592136076927184,0.0319756597419279,1.623393344566027,1.752921408822016,-3.2072424416003145,0.1519711660924039
99,f1_strong_t1|f2_strong_t2|f3_dup_a|f4_dup_b|f5_null|f7_weak|noise_0,111110101,7,-3.62672518157959,0.0314235135454722,1.3558817706791553,1.477332949177237,-3.4834768756941825,0.1432483058854075
99,f1_strong_t1|f2_strong_t2|f3_dup_a|f4_dup_b|f5_null|f8_bigcoef|noise_0,111110011,7,-3.436702956581116,0.0314939468722607,1.5459039956776297,1.6701641895832289,-3.291528289814737,0.1451746667663784
99,f1_strong_t1|f2_strong_t2|f3_dup_a|f4_dup_b|f6_suppressor|f7_weak|f8_bigcoef,111101110,7,-1.6927615957260131,0.0342384592352067,3.289845356532732,3.5367387637393115,-1.4446953128046012,0.2480662829214119
99,f1_strong_t1|f2_strong_t2|f3_dup_a|f4_dup_b|f6_suppressor|f7_weak|noise_0,111101101,7,-1.928511593914032,0.0329959461598633,3.054095358344713,3.261150304094533,-1.7209297468984697,0.2075818470155623
99,f1_strong_t1|f2_strong_t2|f3_dup_a|f4_dup_b|f6_suppressor|f8_bigcoef|noise_0,111101011,7,-1.7634706647872924,0.0336097789432697,3.2191362874714526,3.4539815445005253,-1.5289811610190234,0.234489503768269
99,f1_strong_t1|f2_strong_t2|f3_dup_a|f4_dup_b|f7_weak|f8_bigcoef|noise_0,111100111,7,-3.361347189426422,0.0319434008216689,1.621259762832323,1.752921408822016,-3.2072424416003145,0.1541047478261075
99,f1_strong_t1|f2_strong_t2|f3_dup_a|f5_null|f6_suppressor|f7_weak|f8_bigcoef,111011110,7,-1.725805802822113,0.0326931959909845,3.256801149436632,3.52654149656815,-1.4553227569137268,0.2704830459083862
99,f1_strong_t1|f2_strong_t2|f3_dup_a|f5_null|f6_suppressor|f7_weak|noise_0,111011101,7,-1.978431067466736,0.0316265980595554,3.004175884792009,3.2509530369233715,-1.7315571910075949,0.2468738764591409
99,f1_strong_t1|f2_strong_t2|f3_dup_a|f5_null|f6_suppressor|f8_bigcoef|noise_0,111011011,7,-1.7920423057556152,0.032388923767622,3.1905646465031303,3.443784277329364,-1.539608605128149,0.2524337006274662
99,f1_strong_t1|f2_strong_t2|f3_dup_a|f5_null|f7_weak|f8_bigcoef|noise_0,111010111,7,-3.3697159757614137,0.0301419071551089,1.6128909764973316,1.742724141650854,-3.21786988570944,0.1518460900519738
99,f1_strong_t1|f2_strong_t2|f3_dup_a|f6_suppressor|f7_weak|f8_bigcoef|noise_0,111001111,7,-1.7121652332305908,0.0324703257735606,3.2704417190281543,3.52654149656815,-1.455322756913727,0.2568424763168637
99,f1_strong_t1|f2_strong_t2|f4_dup_b|f5_null|f6_suppressor|f7_weak|f8_bigcoef,110111110,7,-1.7139848777770996,0.0329447886332527,3.268622074481645,3.52654149656815,-1.4536785851545533,0.2603062926225463
99,f1_strong_t1|f2_strong_t2|f4_dup_b|f5_null|f6_suppressor|f7_weak|noise_0,110111101,7,-1.9716504740715024,0.0322314118320897,3.010956478187243,3.2509530369233715,-1.7299130192484211,0.2417374548230815
99,f1_strong_t1|f2_strong_t2|f4_dup_b|f5_null|f6_suppressor|f8_bigcoef|noise_0,110111011,7,-1.7863160024642943,0.0325310003227251,3.196290949794451,3.443784277329364,-1.5379644333689753,0.248351569095319
99,f1_strong_t1|f2_strong_t2|f4_dup_b|f5_null|f7_weak|f8_bigcoef|noise_0,110110111,7,-3.366730398273468,0.030640791406159,1.6158765539852773,1.742724141650854,-3.216225713950266,0.1505046843232018
99,f1_strong_t1|f2_strong_t2|f4_dup_b|f6_suppressor|f7_weak|f8_bigcoef|noise_0,110101111,7,-1.7217065194129944,0.0326568578718497,3.2609004328457507,3.52654149656815,-1.4536785851545533,0.268027934258441
99,f1_strong_t1|f2_strong_t2|f5_null|f6_suppressor|f7_weak|f8_bigcoef|noise_0,110011111,7,-2.0106835313797,0.0344464023938331,2.9719234208790457,3.201048311700317,-1.765882390628082,0.2448011407516175
99,f1_strong_t1|f3_dup_a|f4_dup_b|f5_null|f6_suppressor|f7_weak|f8_bigcoef,101111110,7,-2.4943293529510497,0.0341437723586948,2.4882775993076955,2.732019807522262,-2.267629421046519,0.2266999319045308
99,f1_strong_t1|f3_dup_a|f4_dup_b|f5_null|f6_suppressor|f7_weak|noise_0,101111101,7,-2.764396370124817,0.0338804853280816,2.218210582133928,2.456431347877483,-2.543863855140388,0.2205325149844292
99,f1_strong_t1|f3_dup_a|f4_dup_b|f5_null|f6_suppressor|f8_bigcoef|noise_0,101111011,7,-2.5627202308654784,0.033597897416005,2.419886721393267,2.6492625882834755,-2.351915269260941,0.2108049616045368
99,f1_strong_t1|f3_dup_a|f4_dup_b|f5_null|f7_weak|f8_bigcoef|noise_0,101110111,7,-4.159410378074646,0.0324472530129499,0.8231965741840996,0.9482024526049658,-4.030176549842233,0.1292338282324125
99,f1_strong_t1|f3_dup_a|f4_dup_b|f6_suppressor|f7_weak|f8_bigcoef|noise_0,101101111,7,-2.489823346042633,0.0336425731055182,2.492783606216112,2.732019807522262,-2.267629421046519,0.2221939249961142
99,f1_strong_t1|f3_dup_a|f5_null|f6_suppressor|f7_weak|f8_bigcoef|noise_0,101011111,7,-2.498809654712677,0.0318146590609949,2.4837972975460683,2.7218225403511003,-2.278256865155645,0.2205527895570318
99,f1_strong_t1|f4_dup_b|f5_null|f6_suppressor|f7_weak|f8_bigcoef|noise_0,100111111,7,-2.5086674738883974,0.0326454928087445,2.473939478370348,2.7218225403511003,-2.2766126933964714,0.2320547804919259
99,f2_strong_t2|f3_dup_a|f4_dup_b|f5_null|f6_suppressor|f7_weak|f8_bigcoef,11111110,7,-3.535827749538422,0.0320641939831268,1.4467792027203237,1.5697402177748048,-3.3839752839981445,0.1518524655402773
99,f2_strong_t2|f3_dup_a|f4_dup_b|f5_null|f6_suppressor|f7_weak|noise_0,11111101,7,-3.7950879983901977,0.0314769725902927,1.1875189538685476,1.2941517581300257,-3.660209718092013,0.1348782802981847
99,f2_strong_t2|f3_dup_a|f4_dup_b|f5_null|f6_suppressor|f8_bigcoef|noise_0,11111011,7,-3.604978774929047,0.031603356837312,1.3776281773296986,1.486982998536018,-3.468261132212568,0.1367176427164791
99,f2_strong_t2|f3_dup_a|f4_dup_b|f5_null|f7_weak|f8_bigcoef|noise_0,11110111,7,-3.522156319904328,0.0311235035983271,1.460450632354418,1.5697402177748048,-3.3839752839981445,0.1381810359061828
99,f2_strong_t2|f3_dup_a|f4_dup_b|f6_suppressor|f7_weak|f8_bigcoef|noise_0,11101111,7,-3.531298375320435,0.0321948749837532,1.4513085769383105,1.5697402177748048,-3.3839752839981445,0.1473230913222902
99,f2_strong_t2|f3_dup_a|f5_null|f6_suppressor|f7_weak|f8_bigcoef|noise_0,11011111,7,-3.540340821456909,0.0304954980916521,1.442266130801836,1.5595429506036431,-3.394602728107272,0.1457380933496379
99,f2_strong_t2|f4_dup_b|f5_null|f6_suppressor|f7_weak|f8_bigcoef|noise_0,10111111,7,-3.5342445227622985,0.0305627410667017,1.4483624294964468,1.5595429506036431,-3.392958556348098,0.1412859664142005
99,f3_dup_a|f4_dup_b|f5_null|f6_suppressor|f7_weak|f8_bigcoef|noise_0,1111111,7,-4.333465937805176,0.0325696155232223,0.6491410144535692,0.7650212615577549,-4.206909392240064,0.1265565455651121
99,f1_strong_t1|f2_strong_t2|f3_dup_a|f4_dup_b|f5_null|f6_suppressor|f7_weak|f8_bigcoef,111111110,8,-1.6970923380851746,0.0343591752018317,3.2855146141735707,3.5367387637393115,-1.4446953128046012,0.2523970252805734
99,f1_strong_t1|f2_strong_t2|f3_dup_a|f4_dup_b|f5_null|f6_suppressor|f7_weak|noise_0,111111101,8,-1.9551876378059387,0.0333514584569183,3.0274193144528065,3.261150304094533,-1.7209297468984697,0.234257890907469
99,f1_strong_t1|f2_strong_t2|f3_dup_a|f4_dup_b|f5_null|f6_suppressor|f8_bigcoef|noise_0,111111011,8,-1.766836297607422,0.033828360023983,3.2157706546513234,3.4539815445005253,-1.5289811610190234,0.2378551365883985
99,f1_strong_t1|f2_strong_t2|f3_dup_a|f4_dup_b|f5_null|f7_weak|f8_bigcoef|noise_0,111110111,8,-3.3661491771698,0.0321588007583946,1.6164577750889455,1.752921408822016,-3.2072424416003145,0.1589067355694853
99,f1_strong_t1|f2_strong_t2|f3_dup_a|f4_dup_b|f6_suppressor|f7_weak|f8_bigcoef|noise_0,111101111,8,-1.6955740752220154,0.0341533075712729,3.28703287703673,3.5367387637393115,-1.4446953128046012,0.2508787624174142
99,f1_strong_t1|f2_strong_t2|f3_dup_a|f5_null|f6_suppressor|f7_weak|f8_bigcoef|noise_0,111011111,8,-1.710856684398651,0.0324044253226195,3.271750267860094,3.52654149656815,-1.4553227569137268,0.2555339274849242
99,f1_strong_t1|f2_strong_t2|f4_dup_b|f5_null|f6_suppressor|f7_weak|f8_bigcoef|noise_0,110111111,8,-1.7279528044700625,0.0331954008171141,3.254654147788683,3.52654149656815,-1.4536785851545533,0.274274219315509
99,f1_strong_t1|f3_dup_a|f4_dup_b|f5_null|f6_suppressor|f7_weak|f8_bigcoef|noise_0,101111111,8,-2.489524537754059,0.034165430793465,2.4930824145046864,2.732019807522262,-2.267629421046519,0.22189511670754
99,f2_strong_t2|f3_dup_a|f4_dup_b|f5_null|f6_suppressor|f7_weak|f8_bigcoef|noise_0,11111111,8,-3.5358475578308104,0.0323402180430387,1.4467593944279349,1.5697402177748048,-3.3839752839981445,0.1518722738326658
99,f1_strong_t1|f2_strong_t2|f3_dup_a|f4_dup_b|f5_null|f6_suppressor|f7_weak|f8_bigcoef|noise_0,111111111,9,-1.6959721294403076,0.0343474503635087,3.2866348228184377,3.5367387637393115,-1.4446953128046012,0.2512768166357064
105,none,0,0,-4.974330793762207,0.0294677597911654,0.008276158496538,0.0,-4.948509927820423,0.0258208659417844
105,f1_strong_t1,100000000,1,-4.820156810760498,0.0304287685882171,0.1624501414982475,0.1831811910472108,-4.771777085422592,0.0483797253379059
105,f2_strong_t2,10000000,1,-4.18396420416832,0.0294995200722784,0.7986427480904252,0.8047189562170504,-4.125575819578504,0.0583883845898158
105,f3_dup_a,1000000,1,-4.699227790927887,0.0280618972691781,0.283379161330858,0.3254931848678336,-4.637950294106068,0.0612774968218197
105,f4_dup_b,100000,1,-4.70191505651474,0.0284601210075855,0.2806918957440052,0.3254931848678336,-4.636306122346894,0.0656089341678463
105,f5_null,10000,1,-4.982783758068085,0.0301266198933824,-0.0001768058093398,0.0,-4.948509927820423,0.0342738302476623
105,f6_suppressor,1000,1,-4.982866993141174,0.0299635374860006,-0.0002600408824289,0.0,-4.948509927820423,0.0343570653207514
105,f7_weak,100,1,-4.844278839015961,0.0293220878453226,0.1383281132427845,0.1537423498739802,-4.804330904157414,0.0399479348585467
105,f8_bigcoef,10,1,-4.65707683506012,0.0295235444197818,0.3255301171986255,0.3465735902799726,-4.612382318277969,0.044694516782151
105,noise_0,1,1,-4.978972623062134,0.0297454774996213,0.0036343291966112,0.0,-4.948509927820423,0.0304626952417113
105,f1_strong_t1|f2_strong_t2,110000000,2,-4.039199968719482,0.0301960877565682,0.9434069835392628,0.9879001472642612,-3.948842977180674,0.0903569915388082
105,f1_strong_t1|f3_dup_a,101000000,2,-4.540650235462189,0.0290872432394141,0.4419567167965565,0.5086743759150446,-4.4612174517082375,0.0794327837539512
105,f1_strong_t1|f4_dup_b,100100000,2,-4.543984669971466,0.0290648780386176,0.4386222822872794,0.5086743759150446,-4.459573279949064,0.0844113900224021
105,f1_strong_t1|f5_null,100010000,2,-4.832149020671844,0.0307656992972819,0.1504579315869012,0.1831811910472108,-4.771777085422592,0.0603719352492522
105,f1_strong_t1|f6_suppressor,100001000,2,-3.1662178834438324,0.0327856310233202,1.816389068814913,1.9669985459645072,-3.009229956626878,0.1569879268169542
105,f1_strong_t1|f7_weak,100000100,2,-4.691411824607849,0.0307295309996961,0.2911951276508961,0.3369235409211911,-4.627598061759583,0.063813762848266
105,f1_strong_t1|f8_bigcoef,100000010,2,-4.503731603431702,0.0302526298953585,0.4788753488270432,0.5297547813271836,-4.435649475880138,0.0680821275515644
105,f1_strong_t1|noise_0,100000001,2,-4.826614745998382,0.0304660250882315,0.1559922062603629,0.1831811910472108,-4.771777085422592,0.0548376605757905
105,f2_strong_t2|f3_dup_a,11000000,2,-3.902346922445297,0.0282900495933079,1.0802600298134482,1.130212141084884,-3.815016185864149,0.0873307365811486
105,f2_strong_t2|f4_dup_b,10100000,2,-3.905982369661331,0.0278172025830404,1.076624582597414,1.130212141084884,-3.813372014104975,0.092610355556356
105,f2_strong_t2|f5_null,10010000,2,-4.190410725021362,0.0300945714275325,0.7921962272373833,0.8047189562170504,-4.125575819578504,0.0648349054428578
105,f2_strong_t2|f6_suppressor,10001000,2,-4.201494284629822,0.0299963413666838,0.7811126676289231,0.8047189562170504,-4.125575819578504,0.075918465051318
105,f2_strong_t2|f7_weak,10000100,2,-4.050374759483337,0.0296533159209384,0.932232192775408,0.9584613060910306,-3.981396795915495,0.0689779635678422
105,f2_strong_t2|f8_bigcoef,10000010,2,-3.858923940038681,0.0294671353419912,1.1236830122200645,1.151292546497023,-3.7894482100360496,0.0694757300026314
105,f2_strong_t2|noise_0,10000001,2,-4.182345358943939,0.0295198807603494,0.8002615933148061,0.8047189562170504,-4.125575819578504,0.056769539365435
105,f3_dup_a|f4_dup_b,1100000,2,-4.704882040023803,0.0302713366357089,0.2777249122349419,0.3356904520389953,-4.627322849996943,0.0775591900268608
105,f3_dup_a|f5_null,1010000,2,-4.704492309474945,0.0287164506150508,0.2781146427837999,0.3254931848678336,-4.637950294106068,0.0665420153688778
105,f3_dup_a|f6_suppressor,1001000,2,-4.704214422512054,0.028518557383372,0.2783925297466911,0.3254931848678336,-4.637950294106068,0.0662641284059866
105,f3_dup_a|f7_weak,1000100,2,-4.571615645217896,0.0279278940029049,0.4109913070408497,0.4792355347418139,-4.493771270443058,0.0778443747748376
105,f3_dup_a|f8_bigcoef,1000010,2,-4.373695545291901,0.0279941116038463,0.6089114069668442,0.6720667751478063,-4.3018226845636125,0.0718728607282885
105,f3_dup_a|noise_0,1000001,2,-4.701696957015991,0.0283699304631112,0.2809099952427543,0.3254931848678336,-4.637950294106068,0.0637466629099234
105,f4_dup_b|f5_null,110000,2,-4.707446531105042,0.028980429135362,0.2751604211537035,0.3254931848678336,-4.636306122346894,0.0711404087581479
105,f4_dup_b|f6_suppressor,101000,2,-4.700534931373596,0.0287598032785884,0.282072020885149,0.3254931848678336,-4.636306122346894,0.0642288090267024
105,f4_dup_b|f7_weak,100100,2,-4.573605279541016,0.0282964497576288,0.4090016727177294,0.4792355347418139,-4.492127098683885,0.0814781808571307
105,f4_dup_b|f8_bigcoef,100010,2,-4.3784255443573,0.0282332439089256,0.6041814079014456,0.6720667751478063,-4.300178512804439,0.0782470315528609
105,f4_dup_b|noise_0,100001,2,-4.7008966533660885,0.0284920339324417,0.2817102988926567,0.3254931848678336,-4.636306122346894,0.0645905310191947
105,f5_null|f6_suppressor,11000,2,-4.995499073028564,0.0304471634789515,-0.0128921207698189,0.0,-4.948509927820423,0.0469891452081414
105,f5_null|f7_weak,10100,2,-4.8508181455612185,0.0299818101022502,0.1317888066975268,0.1537423498739802,-4.804330904157414,0.0464872414038044
105,f5_null|f8_bigcoef,10010,2,-4.665508996295929,0.0302755792980299,0.317097955962816,0.3465735902799726,-4.612382318277969,0.0531266780179606
105,f5_null|noise_0,10001,2,-4.984991801834107,0.0304817584930199,-0.0023848495753613,0.0,-4.948509927820423,0.0364818740136838
105,f6_suppressor|f7_weak,1100,2,-4.849800867176056,0.0301279040508981,0.1328060850826897,0.1537423498739802,-4.804330904157414,0.0454699630186414
105,f6_suppressor|f8_bigcoef,1010,2,-4.665354725456238,0.0299557835091976,0.3172522268025073,0.3465735902799726,-4.612382318277969,0.0529724071782693
105,f6_suppressor|noise_0,1001,2,-4.992265969371796,0.0298971797907003,-0.0096590171130506,0.0,-4.948509927820423,0.0437560415513731
105,f7_weak|f8_bigcoef,110,2,-4.587630148792267,0.0302781258804113,0.394976803466478,0.4293308095187594,-4.528096470063545,0.0595336787287221
105,f7_weak|noise_0,101,2,-4.849115003013611,0.0295756021046131,0.1334919492451343,0.1537423498739802,-4.804330904157414,0.0447840988561969
105,f8_bigcoef|noise_0,11,2,-4.660288424301148,0.0297857627378028,0.3223185279575977,0.3465735902799726,-4.612382318277969,0.0479061060231789
105,f1_strong_t1|f2_strong_t2|f3_dup_a,111000000,3,-3.7515218222618105,0.0288590973724776,1.2310851299969348,1.3133933321320947,-3.6382833434663175,0.1132384787954929
105,f1_strong_t1|f2_strong_t2|f4_dup_b,110100000,3,-3.755110115242005,0.028114163204194,1.2274968370167407,1.3133933321320947,-3.636639171707144,0.1184709435348603
105,f1_strong_t1|f2_strong_t2|f5_null,110010000,3,-4.046480357360839,0.0303145401743116,0.9361265948979058,0.9879001472642612,-3.948842977180674,0.0976373801801653
105,f1_strong_t1|f2_strong_t2|f6_suppressor,110001000,3,-2.3809482535362245,0.0331718409509549,2.6016586987225208,2.771717502181557,-2.1862958483849595,0.194652405151265
105,f1_strong_t1|f2_strong_t2|f7_weak,110000100,3,-3.906834492254257,0.0306728692170239,1.075772460004488,1.1416424971382413,-3.804663953517664,0.1021705387365932
105,f1_strong_t1|f2_strong_t2|f8_bigcoef,110000010,3,-3.7110369947433473,0.0297509009147856,1.271569957515398,1.3344737375442337,-3.6127153676382178,0.0983216271051294
105,f1_strong_t1|f2_strong_t2|noise_0,110000001,3,-4.03746307439804,0.0300657837456182,0.9451438778607048,0.9879001472642612,-3.948842977180674,0.0886200972173663
105,f1_strong_t1|f3_dup_a|f4_dup_b,101100000,3,-4.550580575370788,0.0312649244910683,0.4320263768879568,0.5188716430862063,-4.45059000759911,0.0999905677716785
105,f1_strong_t1|f3_dup_a|f5_null,101010000,3,-4.547988820171356,0.0294446324875116,0.4346181320873894,0.5086743759150446,-4.4612174517082375,0.0867713684631183
105,f1_strong_t1|f3_dup_a|f6_suppressor,101001000,3,-2.893999815416336,0.0307582464163117,2.088607136842409,2.292491730832341,-2.6986703229125224,0.1953294925038138
105,f1_strong_t1|f3_dup_a|f7_weak,101000100,3,-4.411697505712509,0.0292013910971933,0.5709094465462359,0.6624167257890249,-4.317038428045227,0.0946590776672824
105,f1_strong_t1|f3_dup_a|f8_bigcoef,101000010,3,-4.22084322142601,0.0285783806343107,0.761763730832735,0.8552479661950173,-4.125089842165781,0.0957533792602296
105,f1_strong_t1|f3_dup_a|noise_0,101000001,3,-4.547700561714173,0.0292397331501509,0.4349063905445725,0.5086743759150446,-4.4612174517082375,0.0864831100059353
105,f1_strong_t1|f4_dup_b|f5_null,100110000,3,-4.550675943946838,0.029411854284559,0.4319310083119072,0.5086743759150446,-4.459573279949064,0.0911026639977743
105,f1_strong_t1|f4_dup_b|f6_suppressor,100101000,3,-2.8955983264923097,0.0314006530893786,2.0870086257664355,2.292491730832341,-2.697026151153349,0.1985721753389606
105,f1_strong_t1|f4_dup_b|f7_weak,100100100,3,-4.415209807682038,0.0291676247082898,0.5673971445767076,0.6624167257890249,-4.315394256286054,0.0998155513959835
105,f1_strong_t1|f4_dup_b|f8_bigcoef,100100010,3,-4.220457915878296,0.0286847779911231,0.7621490363804497,0.8552479661950173,-4.123445670406608,0.0970122454716877
105,f1_strong_t1|f4_dup_b|noise_0,100100001,3,-4.546878099918366,0.0292051940211052,0.4357288523403797,0.5086743759150446,-4.459573279949064,0.0873048199693018
105,f1_strong_t1|f5_null|f6_suppressor,100011000,3,-3.180391940689087,0.0336299489538973,1.8022150115696585,1.9669985459645072,-3.009229956626878,0.1711619840622087
105,f1_strong_t1|f5_null|f7_weak,100010100,3,-4.700586483287811,0.0310179543129578,0.2820204689709342,0.3369235409211911,-4.627598061759583,0.0729884215282279
105,f1_strong_t1|f5_null|f8_bigcoef,100010010,3,-4.515487125587463,0.0307973676428462,0.4671198266712819,0.5297547813271836,-4.435649475880138,0.0798376497073256
105,f1_strong_t1|f5_null|noise_0,100010001,3,-4.836181336402893,0.0310252782951134,0.1464256158558523,0.1831811910472108,-4.771777085422592,0.0644042509803011
105,f1_strong_t1|f6_suppressor|f7_weak,100001100,3,-3.0421415858268737,0.0331700107290133,1.940465366431872,2.1207408958384875,-2.865050932963869,0.1770906528630047
105,f1_strong_t1|f6_suppressor|f8_bigcoef,100001010,3,-2.8440167477607727,0.0331617490600021,2.1385902044979725,2.3135721362444794,-2.6731023470844235,0.1709144006763492
105,f1_strong_t1|f6_suppressor|noise_0,100001001,3,-3.173316178560257,0.0329201632753753,1.809290773698488,1.9669985459645072,-3.009229956626878,0.1640862219333789
105,f1_strong_t1|f7_weak|f8_bigcoef,100000110,3,-4.439768498420715,0.0312297991892258,0.54283845383803,0.6125120005659704,-4.351363627665714,0.0884048707550011
105,f1_strong_t1|f7_weak|noise_0,100000101,3,-4.697860213184357,0.0305851940493034,0.2847467390743885,0.3369235409211911,-4.627598061759583,0.0702621514247736
105,f1_strong_t1|f8_bigcoef|noise_0,100000011,3,-4.510717802333832,0.0302837951467292,0.4718891499249134,0.5297547813271836,-4.435649475880138,0.0750683264536942
105,f2_strong_t2|f3_dup_a|f4_dup_b,11100000,3,-3.911098000144959,0.0300654748254093,1.0715089521137866,1.1404094082560454,-3.804388741755023,0.106709258389936
105,f2_strong_t2|f3_dup_a|f5_null,11010000,3,-3.910698932409287,0.0287740527837585,1.0719080198494586,1.130212141084884,-3.815016185864149,0.0956827465451382
105,f2_strong_t2|f3_dup_a|f6_suppressor,11001000,3,-3.91774549536705,0.0286629756581338,1.0648614568916952,1.130212141084884,-3.815016185864149,0.1027293095029016
105,f2_strong_t2|f3_dup_a|f7_weak,11000100,3,-3.774536089515686,0.028313956725754,1.2080708627430594,1.2839544909588645,-3.6708371622011393,0.1036989273145465
105,f2_strong_t2|f3_dup_a|f8_bigcoef,11000010,3,-3.5725741425037385,0.0280018259249386,1.4100328097550068,1.4767857313648562,-3.478888576321694,0.0936855661820446
105,f2_strong_t2|f3_dup_a|noise_0,11000001,3,-3.9017565270900727,0.0283078188147804,1.0808504251686726,1.130212141084884,-3.815016185864149,0.0867403412259242
105,f2_strong_t2|f4_dup_b|f5_null,10110000,3,-3.912097296047211,0.028292172945047,1.0705096562115344,1.130212141084884,-3.813372014104975,0.0987252819422357
105,f2_strong_t2|f4_dup_b|f6_suppressor,10101000,3,-3.9151375690460206,0.0281829760982124,1.0674693832127249,1.130212141084884,-3.813372014104975,0.1017655549410454
105,f2_strong_t2|f4_dup_b|f7_weak,10100100,3,-3.776606478309631,0.0279694920869007,1.206000473949114,1.2839544909588645,-3.669192990441967,0.1074134878676642
105,f2_strong_t2|f4_dup_b|f8_bigcoef,10100010,3,-3.5792044236660003,0.0275528234473876,1.403402528592745,1.4767857313648562,-3.4772444045625206,0.1019600191034797
105,f2_strong_t2|f4_dup_b|noise_0,10100001,3,-3.9035554354190825,0.0277699760154177,1.0790515168396628,1.130212141084884,-3.813372014104975,0.0901834213141072
105,f2_strong_t2|f5_null|f6_suppressor,10011000,3,-4.213667367172241,0.0303138733315506,0.7689395850865042,0.8047189562170504,-4.125575819578504,0.0880915475937369
105,f2_strong_t2|f5_null|f7_weak,10010100,3,-4.057480208587647,0.0301571942036754,0.9251267436710986,0.9584613060910306,-3.981396795915495,0.0760834126721516
105,f2_strong_t2|f5_null|f8_bigcoef,10010010,3,-3.8641040144443513,0.0300996448033184,1.118502937814394,1.151292546497023,-3.7894482100360496,0.0746558044083016
105,f2_strong_t2|f5_null|noise_0,10010001,3,-4.1901553866863255,0.0301209631705197,0.7924515655724198,0.8047189562170504,-4.125575819578504,0.0645795671078213
105,f2_strong_t2|f6_suppressor|f7_weak,10001100,3,-4.065300057029724,0.0303292669292239,0.9173068952290216,0.9584613060910306,-3.981396795915495,0.0839032611142287
105,f2_strong_t2|f6_suppressor|f8_bigcoef,10001010,3,-3.878729676294327,0.029813688588817,1.1038772759644186,1.151292546497023,-3.7894482100360496,0.089281466258277
105,f2_strong_t2|f6_suppressor|noise_0,10001001,3,-4.203382029724121,0.0298641507934032,0.7792249225346239,0.8047189562170504,-4.125575819578504,0.0778062101456171
105,f2_strong_t2|f7_weak|f8_bigcoef,10000110,3,-3.785765107345581,0.0304943415431819,1.1968418449131644,1.2340497657358096,-3.705162361821627,0.0806027455239539
105,f2_strong_t2|f7_weak|noise_0,10000101,3,-4.0497157579422,0.0295934467050236,0.9328911943165455,0.9584613060910306,-3.981396795915495,0.0683189620267046
105,f2_strong_t2|f8_bigcoef|noise_0,10000011,3,-3.859706990766525,0.0295013819879259,1.12289996149222,1.151292546497023,-3.7894482100360496,0.0702587807304757
105,f3_dup_a|f4_dup_b|f5_null,1110000,3,-4.710929094314575,0.0308962825278812,0.2716778579441703,0.3356904520389953,-4.627322849996943,0.0836062443176324
105,f3_dup_a|f4_dup_b|f6_suppressor,1101000,3,-4.717606578540802,0.0314098555569427,0.2650003737179434,0.3356904520389953,-4.627322849996943,0.0902837285438593
105,f3_dup_a|f4_dup_b|f7_weak,1100100,3,-4.570437502765656,0.0300688785786739,0.4121694494930894,0.4894328019129755,-4.483143826333933,0.0872936764317229
105,f3_dup_a|f4_dup_b|f8_bigcoef,1100010,3,-4.371907884311676,0.0299903510396874,0.6106990679470696,0.682264042318968,-4.291195240454487,0.080712643857189
105,f3_dup_a|f4_dup_b|noise_0,1100001,3,-4.705705861377716,0.0303729627360468,0.2769010908810294,0.3356904520389953,-4.627322849996943,0.0783830113807733
105,f3_dup_a|f5_null|f6_suppressor,1011000,3,-4.711822154998779,0.029110682944481,0.2707847972599664,0.3254931848678336,-4.637950294106068,0.0738718608927113
105,f3_dup_a|f5_null|f7_weak,1010100,3,-4.577760857486725,0.0285212732080622,0.4048460947720205,0.4792355347418139,-4.493771270443058,0.0839895870436668
105,f3_dup_a|f5_null|f8_bigcoef,1010010,3,-4.382514272880554,0.0286907055198848,0.6000926793781911,0.6720667751478063,-4.3018226845636125,0.0806915883169416
105,f3_dup_a|f5_null|noise_0,1010001,3,-4.705360910797119,0.0291211761501,0.277246041461626,0.3254931848678336,-4.637950294106068,0.0674106166910517
105,f3_dup_a|f6_suppressor|f7_weak,1001100,3,-4.571706004524231,0.0286225108344915,0.4109009477345147,0.4792355347418139,-4.493771270443058,0.0779347340811726
105,f3_dup_a|f6_suppressor|f8_bigcoef,1001010,3,-4.381415698242187,0.0282310642954734,0.601191254016558,0.6720667751478063,-4.3018226845636125,0.0795930136785747
105,f3_dup_a|f6_suppressor|noise_0,1001001,3,-4.71231669921875,0.0285579844176806,0.2702902530399953,0.3254931848678336,-4.637950294106068,0.0743664051126824
105,f3_dup_a|f7_weak|f8_bigcoef,1000110,3,-4.308072958183288,0.0288009966346421,0.6745339940754569,0.7548239943865932,-4.21753683634919,0.0905361218340985
105,f3_dup_a|f7_weak|noise_0,1000101,3,-4.57241926870346,0.0281666070004729,0.4101876835552849,0.4792355347418139,-4.493771270443058,0.0786479982604024
105,f3_dup_a|f8_bigcoef|noise_0,1000011,3,-4.375094999027252,0.0281693603697986,0.6075119532314934,0.6720667751478063,-4.3018226845636125,0.0732723144636393
105,f4_dup_b|f5_null|f6_suppressor,111000,3,-4.710927874946594,0.0291761395659436,0.2716790773121511,0.3254931848678336,-4.636306122346894,0.0746217525997003
105,f4_dup_b|f5_null|f7_weak,110100,3,-4.57843432598114,0.0287957950239349,0.4041726262776048,0.4792355347418139,-4.492127098683885,0.0863072272972553
105,f4_dup_b|f5_null|f8_bigcoef,110010,3,-4.384217096328736,0.0287777256041515,0.5983898559300096,0.6720667751478063,-4.300178512804439,0.0840385835242969
105,f4_dup_b|f5_null|noise_0,110001,3,-4.7039826004982,0.0291295617382404,0.2786243517605458,0.3254931848678336,-4.636306122346894,0.0676764781513057
105,f4_dup_b|f6_suppressor|f7_weak,101100,3,-4.570749628734589,0.0288612070280514,0.4118573235241562,0.4792355347418139,-4.492127098683885,0.0786225300507039
105,f4_dup_b|f6_suppressor|f8_bigcoef,101010,3,-4.380408659362793,0.0286282959487982,0.6021982928959524,0.6720667751478063,-4.300178512804439,0.0802301465583541
105,f4_dup_b|f6_suppressor|noise_0,101001,3,-4.702713662624359,0.0286623046784478,0.2798932896343862,0.3254931848678336,-4.636306122346894,0.0664075402774653
105,f4_dup_b|f7_weak|f8_bigcoef,100110,3,-4.3150870185852055,0.0291324435361391,0.6675199336735398,0.7548239943865932,-4.215892664590016,0.0991943539951893
105,f4_dup_b|f7_weak|noise_0,100101,3,-4.574321448421478,0.0283689162384441,0.4082855038372672,0.4792355347418139,-4.492127098683885,0.0821943497375929
105,f4_dup_b|f8_bigcoef|noise_0,100011,3,-4.379430555438995,0.0283788447648265,0.6031763968197499,0.6720667751478063,-4.300178512804439,0.0792520426345566
105,f5_null|f6_suppressor|f7_weak,11100,3,-4.862345792579651,0.0304823674268236,0.1202611596790941,0.1537423498739802,-4.804330904157414,0.0580148884222371
105,f5_null|f6_suppressor|f8_bigcoef,11010,3,-4.67530906419754,0.030489116624591,0.3072978880612051,0.3465735902799726,-4.612382318277969,0.0629267459195714
105,f5_null|f6_suppressor|noise_0,11001,3,-5.000509983348846,0.0306487402059035,-0.0179030310901007,0.0,-4.948509927820423,0.0520000555284232
105,f5_null|f7_weak|f8_bigcoef,10110,3,-4.594857379722595,0.0309456474377531,0.3877495725361504,0.4293308095187594,-4.528096470063545,0.0667609096590498
105,f5_null|f7_weak|noise_0,10101,3,-4.853551925182343,0.0302956776007748,0.1290550270764026,0.1537423498739802,-4.804330904157414,0.0492210210249286
105,f5_null|f8_bigcoef|noise_0,10011,3,-4.667756474590301,0.0305847104676868,0.3148504776684442,0.3465735902799726,-4.612382318277969,0.0553741563123324
105,f6_suppressor|f7_weak|f8_bigcoef,1110,3,-4.595771687984467,0.0308710230286762,0.3868352642742785,0.4293308095187594,-4.528096470063545,0.0676752179209216
105,f6_suppressor|f7_weak|noise_0,1101,3,-4.858161212730408,0.0300332439507786,0.1244457395283378,0.1537423498739802,-4.804330904157414,0.0538303085729934
105,f6_suppressor|f8_bigcoef|noise_0,1011,3,-4.670388884830475,0.0299140972375892,0.3122180674282706,0.3465735902799726,-4.612382318277969,0.058006566552506
105,f7_weak|f8_bigcoef|noise_0,111,3,-4.588630955982208,0.0304891606118853,0.393975996276537,0.4293308095187594,-4.528096470063545,0.0605344859186631
105,f1_strong_t1|f2_strong_t2|f3_dup_a|f4_dup_b,111100000,4,-3.755510436058045,0.0305463081178091,1.2270965162007008,1.3235905993032566,-3.627655899357192,0.1278545367008527
105,f1_strong_t1|f2_strong_t2|f3_dup_a|f5_null,111010000,4,-3.759618995857239,0.0290538257613386,1.2229879564015067,1.3133933321320947,-3.6382833434663175,0.121335652390921
105,f1_strong_t1|f2_strong_t2|f3_dup_a|f6_suppressor,111001000,4,-2.0995490871429445,0.0311939885810613,2.8830578651158008,3.097210687049391,-1.875736214670604,0.2238128724723405
105,f1_strong_t1|f2_strong_t2|f3_dup_a|f7_weak,111000100,4,-3.622082840061188,0.0292274298590179,1.3605241121975578,1.467135682006075,-3.4941043198033093,0.1279785202578782
105,f1_strong_t1|f2_strong_t2|f3_dup_a|f8_bigcoef,111000010,4,-3.4241427535533906,0.0281440151282917,1.558464198705355,1.6599669224120674,-3.302155733923863,0.1219870196295276
105,f1_strong_t1|f2_strong_t2|f3_dup_a|noise_0,111000001,4,-3.752033247613906,0.0288213514501412,1.2305737046448386,1.3133933321320947,-3.6382833434663175,0.1137499041475891
105,f1_strong_t1|f2_strong_t2|f4_dup_b|f5_null,110110000,4,-3.763669344615936,0.028341802668358,1.218937607642809,1.3133933321320947,-3.636639171707144,0.1270301729087921
105,f1_strong_t1|f2_strong_t2|f4_dup_b|f6_suppressor,110101000,4,-2.092077018833161,0.0308159739876384,2.8905299334255847,3.097210687049391,-1.8740920429114305,0.2179849759217302
105,f1_strong_t1|f2_strong_t2|f4_dup_b|f7_weak,110100100,4,-3.623479943275452,0.0284599986278457,1.3591270089832936,1.467135682006075,-3.492460148044135,0.1310197952313165
105,f1_strong_t1|f2_strong_t2|f4_dup_b|f8_bigcoef,110100010,4,-3.424052671051025,0.0275489428406788,1.5585542812077198,1.6599669224120674,-3.3005115621646897,0.1235411088863358
105,f1_strong_t1|f2_strong_t2|f4_dup_b|noise_0,110100001,4,-3.75368622136116,0.0281311310324638,1.2289207308975851,1.3133933321320947,-3.636639171707144,0.1170470496540159
105,f1_strong_t1|f2_strong_t2|f5_null|f6_suppressor,110011000,4,-2.3968441076278686,0.0335277889162145,2.5857628446308767,2.771717502181557,-2.1862958483849595,0.2105482592429091
105,f1_strong_t1|f2_strong_t2|f5_null|f7_weak,110010100,4,-3.911617897033691,0.0306914045718469,1.0709890552250538,1.1416424971382413,-3.804663953517664,0.1069539435160273
105,f1_strong_t1|f2_strong_t2|f5_null|f8_bigcoef,110010010,4,-3.716181035709381,0.0300986266369387,1.2664259165493643,1.3344737375442337,-3.6127153676382178,0.1034656680711632
105,f1_strong_t1|f2_strong_t2|f5_null|noise_0,110010001,4,-4.04586673951149,0.0303799980501781,0.9367402127472556,0.9879001472642612,-3.948842977180674,0.0970237623308154
105,f1_strong_t1|f2_strong_t2|f6_suppressor|f7_weak,110001100,4,-2.270667592906952,0.0340490762808244,2.7119393593517933,2.9254598520555377,-2.0421168247219508,0.2285507681850012
105,f1_strong_t1|f2_strong_t2|f6_suppressor|f8_bigcoef,110001010,4,-2.0594510796546937,0.033599531760727,2.923155872604052,3.11829109246153,-1.8501682388425047,0.2092828408121889
105,f1_strong_t1|f2_strong_t2|f6_suppressor|noise_0,110001001,4,-2.374543148040772,0.0330483905425754,2.608063804217974,2.771717502181557,-2.1862958483849595,0.1882472996558117
105,f1_strong_t1|f2_strong_t2|f7_weak|f8_bigcoef,110000110,4,-3.643411445140839,0.0310030433828658,1.3391955071179065,1.4172309567830204,-3.528429519423795,0.1149819257170436
105,f1_strong_t1|f2_strong_t2|f7_weak|noise_0,110000101,4,-3.904969736671448,0.0304688865947151,1.0776372155872975,1.1416424971382413,-3.804663953517664,0.1003057831537836
105,f1_strong_t1|f2_strong_t2|f8_bigcoef|noise_0,110000011,4,-3.713240821266176,0.029715534847295,1.2693661309925708,1.3344737375442337,-3.6127153676382178,0.1005254536279567
105,f1_strong_t1|f3_dup_a|f4_dup_b|f5_null,101110000,4,-4.553339187717437,0.0316020584672112,0.4292677645413079,0.5188716430862063,-4.450590007599112,0.1027491801183257
105,f1_strong_t1|f3_dup_a|f4_dup_b|f6_suppressor,101101000,4,-2.8902617403030395,0.0334313381337333,2.0923452119557058,2.302688998003503,-2.688042878803397,0.2022188614996425
105,f1_strong_t1|f3_dup_a|f4_dup_b|f7_weak,101100100,4,-4.413657681226731,0.0312137325365642,0.5689492710320145,0.6726139929601865,-4.306410983936101,0.1072466972906296
105,f1_strong_t1|f3_dup_a|f4_dup_b|f8_bigcoef,101100010,4,-4.2211321264266966,0.0306592901159169,0.7614748258320487,0.8654452333661787,-4.114462398056656,0.1066697283700408
105,f1_strong_t1|f3_dup_a|f4_dup_b|noise_0,101100001,4,-4.551583080673217,0.0313084029605724,0.4310238715855279,0.5188716430862063,-4.45059000759911,0.1009930730741075
105,f1_strong_t1|f3_dup_a|f5_null|f6_suppressor,101011000,4,-2.900326439094544,0.0319105004609614,2.0822805131642017,2.292491730832341,-2.6986703229125224,0.2016561161820211
105,f1_strong_t1|f3_dup_a|f5_null|f7_weak,101010100,4,-4.419303835868836,0.0295221619606073,0.5633031163899096,0.6624167257890249,-4.317038428045227,0.1022654078236087
105,f1_strong_t1|f3_dup_a|f5_null|f8_bigcoef,101010010,4,-4.2288841594696045,0.0290870916236585,0.7537227927891408,0.8552479661950173,-4.125089842165781,0.1037943173038238
105,f1_strong_t1|f3_dup_a|f5_null|noise_0,101010001,4,-4.553167260837555,0.0296932842719654,0.42943969142119,0.5086743759150446,-4.4612174517082375,0.0919498091293178
105,f1_strong_t1|f3_dup_a|f6_suppressor|f7_weak,101001100,4,-2.7645087016105654,0.031098210487137,2.21809825064818,2.446234080706321,-2.554491299249513,0.2100174023610521
105,f1_strong_t1|f3_dup_a|f6_suppressor|f8_bigcoef,101001010,4,-2.5596301243782045,0.0309299856884059,2.422976827880541,2.639065321112313,-2.362542713370068,0.1970874110081366
105,f1_strong_t1|f3_dup_a|f6_suppressor|noise_0,101001001,4,-2.8968104944229127,0.0312184225093777,2.085796457835833,2.292491730832341,-2.6986703229125224,0.1981401715103903
105,f1_strong_t1|f3_dup_a|f7_weak|f8_bigcoef,101000110,4,-4.155637864542007,0.0295347193081524,0.8269690877167379,0.938005185433804,-4.040803993951359,0.1148338705906484
105,f1_strong_t1|f3_dup_a|f7_weak|noise_0,101000101,4,-4.418684834003448,0.0292042068238425,0.5639221182552969,0.6624167257890249,-4.317038428045227,0.1016464059582213
105,f1_strong_t1|f3_dup_a|f8_bigcoef|noise_0,101000011,4,-4.224747151279449,0.0286688632295466,0.7578598009792961,0.8552479661950173,-4.125089842165781,0.0996573091136685
105,f1_strong_t1|f4_dup_b|f5_null|f6_suppressor,100111000,4,-2.904170256328583,0.0319763857254559,2.0784366959301623,2.292491730832341,-2.697026151153349,0.2071441051752338
105,f1_strong_t1|f4_dup_b|f5_null|f7_weak,100110100,4,-4.419054685497284,0.0294403231735219,0.5635522667614614,0.6624167257890249,-4.315394256286054,0.1036604292112297
105,f1_strong_t1|f4_dup_b|f5_null|f8_bigcoef,100110010,4,-4.227543555402756,0.0290535047994845,0.7550633968559897,0.8552479661950173,-4.123445670406608,0.1040978849961478
105,f1_strong_t1|f4_dup_b|f5_null|noise_0,100110001,4,-4.553121970748902,0.0296978978332376,0.4294849815098436,0.5086743759150446,-4.459573279949064,0.0935486907998379
105,f1_strong_t1|f4_dup_b|f6_suppressor|f7_weak,100101100,4,-2.764216878223419,0.031605221175822,2.218390074035326,2.446234080706321,-2.55284712749034,0.2113697507330791
105,f1_strong_t1|f4_dup_b|f6_suppressor|f8_bigcoef,100101010,4,-2.56120506439209,0.0316160394496871,2.4214018878666552,2.639065321112313,-2.3608985416108945,0.2003065227811955
105,f1_strong_t1|f4_dup_b|f6_suppressor|noise_0,100101001,4,-2.8955484412193297,0.0315347665612743,2.0870585110394155,2.292491730832341,-2.697026151153349,0.1985222900659806
105,f1_strong_t1|f4_dup_b|f7_weak|f8_bigcoef,100100110,4,-4.159222876453399,0.029754568747086,0.8233840758053459,0.938005185433804,-4.039159822192186,0.1200630542612133
105,f1_strong_t1|f4_dup_b|f7_weak|noise_0,100100101,4,-4.420810556983947,0.0292009951664929,0.561796395274798,0.6624167257890249,-4.315394256286054,0.1054163006978932
105,f1_strong_t1|f4_dup_b|f8_bigcoef|noise_0,100100011,4,-4.224937184524536,0.028874679603403,0.7576697677342095,0.8552479661950173,-4.123445670406608,0.101491514117928
105,f1_strong_t1|f5_null|f6_suppressor|f7_weak,100011100,4,-3.048671328353882,0.0339321874703968,1.9339356239048635,2.1207408958384875,-2.865050932963869,0.183620395390013
105,f1_strong_t1|f5_null|f6_suppressor|f8_bigcoef,100011010,4,-2.860015863323212,0.0339139112342503,2.122591088935533,2.3135721362444794,-2.6731023470844235,0.1869135162387882
105,f1_strong_t1|f5_null|f6_suppressor|noise_0,100011001,4,-3.1850575073719023,0.0337554424812446,1.797549444886843,1.9669985459645072,-3.009229956626878,0.1758275507450242
105,f1_strong_t1|f5_null|f7_weak|f8_bigcoef,100010110,4,-4.449591502141953,0.031625960525562,0.5330154501167925,0.6125120005659704,-4.351363627665714,0.0982278744762386
105,f1_strong_t1|f5_null|f7_weak|noise_0,100010101,4,-4.708262497615814,0.0311005926789473,0.2743444546429314,0.3369235409211911,-4.627598061759583,0.0806644358562307
105,f1_strong_t1|f5_null|f8_bigcoef|noise_0,100010011,4,-4.520630990600586,0.0309531479282323,0.4619759616581591,0.5297547813271836,-4.435649475880138,0.0849815147204484
105,f1_strong_t1|f6_suppressor|f7_weak|f8_bigcoef,100001110,4,-2.786922346878052,0.0341840984148543,2.195684605380693,2.3963293554832665,-2.588816498870001,0.1981058480080508
105,f1_strong_t1|f6_suppressor|f7_weak|noise_0,100001101,4,-3.0302025753974915,0.0329945800008836,1.9524043768612536,2.1207408958384875,-2.865050932963869,0.1651516424336225
105,f1_strong_t1|f6_suppressor|f8_bigcoef|noise_0,100001011,4,-2.863562745761872,0.0329580292759222,2.119044206496874,2.3135721362444794,-2.6731023470844235,0.1904603986774478
105,f1_strong_t1|f7_weak|f8_bigcoef|noise_0,100000111,4,-4.443998373746872,0.031188566738181,0.538608578511873,0.6125120005659704,-4.351363627665714,0.092634746081158
105,f2_strong_t2|f3_dup_a|f4_dup_b|f5_null,11110000,4,-3.9175975593090056,0.0305383371804597,1.0650093929497395,1.1404094082560454,-3.804388741755023,0.1132088175539829
105,f2_strong_t2|f3_dup_a|f4_dup_b|f6_suppressor,11101000,4,-3.926720464992523,0.0309730449118368,1.055886487266222,1.1404094082560454,-3.804388741755023,0.1223317232375005
105,f2_strong_t2|f3_dup_a|f4_dup_b|f7_weak,11100100,4,-3.773633527088165,0.0300058503142457,1.20897342517058,1.2941517581300257,-3.660209718092013,0.1134238089961523
105,f2_strong_t2|f3_dup_a|f4_dup_b|f8_bigcoef,11100010,4,-3.572224816608429,0.0296470039008428,1.410382135650316,1.486982998536018,-3.468261132212568,0.1039636843958615
105,f2_strong_t2|f3_dup_a|f4_dup_b|noise_0,11100001,4,-3.911236381006241,0.0300901096512972,1.0713705712525043,1.1404094082560454,-3.804388741755023,0.1068476392512183
105,f2_strong_t2|f3_dup_a|f5_null|f6_suppressor,11011000,4,-3.927130478096008,0.0289910505242733,1.0554764741627372,1.130212141084884,-3.815016185864149,0.1121142922318596
105,f2_strong_t2|f3_dup_a|f5_null|f7_weak,11010100,4,-3.782803773021698,0.0287385707165946,1.1998031792370472,1.2839544909588645,-3.6708371622011393,0.1119666108205588
105,f2_strong_t2|f3_dup_a|f5_null|f8_bigcoef,11010010,4,-3.5782857169151305,0.0285299421970423,1.4043212353436147,1.4767857313648562,-3.478888576321694,0.0993971405934366
105,f2_strong_t2|f3_dup_a|f5_null|noise_0,11010001,4,-3.909123631668091,0.0288062843252976,1.0734833205906544,1.130212141084884,-3.815016185864149,0.0941074458039423
105,f2_strong_t2|f3_dup_a|f6_suppressor|f7_weak,11001100,4,-3.7825996123313903,0.0289225100699891,1.200007339927355,1.2839544909588645,-3.6708371622011393,0.1117624501302509
105,f2_strong_t2|f3_dup_a|f6_suppressor|f8_bigcoef,11001010,4,-3.5897097403049467,0.0282782509242614,1.3928972119537986,1.4767857313648562,-3.478888576321694,0.1108211639832528
105,f2_strong_t2|f3_dup_a|f6_suppressor|noise_0,11001001,4,-3.919662744188309,0.0285367457994638,1.0629442080704368,1.130212141084884,-3.815016185864149,0.10464655832416
105,f2_strong_t2|f3_dup_a|f7_weak|f8_bigcoef,11000110,4,-3.50250681180954,0.0290420160346826,1.4801001404492051,1.5595429506036431,-3.394602728107272,0.1079040837022686
105,f2_strong_t2|f3_dup_a|f7_weak|noise_0,11000101,4,-3.7725231996059416,0.0282768467811444,1.2100837526528037,1.2839544909588645,-3.6708371622011393,0.1016860374048023
105,f2_strong_t2|f3_dup_a|f8_bigcoef|noise_0,11000011,4,-3.571862386751175,0.0279913754275449,1.4107445655075703,1.4767857313648562,-3.478888576321694,0.092973810429481
105,f2_strong_t2|f4_dup_b|f5_null|f6_suppressor,10111000,4,-3.925721741056442,0.0285031647081358,1.056885211202303,1.130212141084884,-3.813372014104975,0.112349726951467
105,f2_strong_t2|f4_dup_b|f5_null|f7_weak,10110100,4,-3.7818517587184894,0.0283442069755313,1.2007551935402545,1.2839544909588645,-3.669192990441967,0.1126587682765238
105,f2_strong_t2|f4_dup_b|f5_null|f8_bigcoef,10110010,4,-3.5830924400806428,0.0280821468551953,1.3995145121781023,1.4767857313648562,-3.4772444045625206,0.1058480355181221
105,f2_strong_t2|f4_dup_b|f5_null|noise_0,10110001,4,-3.908242536735535,0.0282173822406889,1.0743644155232106,1.130212141084884,-3.813372014104975,0.0948705226305595
105,f2_strong_t2|f4_dup_b|f6_suppressor|f7_weak,10101100,4,-3.784267354536056,0.0284571734628129,1.198339597722689,1.2839544909588645,-3.669192990441967,0.1150743640940894
105,f2_strong_t2|f4_dup_b|f6_suppressor|f8_bigcoef,10101010,4,-3.588063566827774,0.0278779513174433,1.3945433854309712,1.4767857313648562,-3.4772444045625206,0.1108191622652534
105,f2_strong_t2|f4_dup_b|f6_suppressor|noise_0,10101001,4,-3.914692180538178,0.028020579396741,1.067914771720568,1.130212141084884,-3.813372014104975,0.1013201664332021
105,f2_strong_t2|f4_dup_b|f7_weak|f8_bigcoef,10100110,4,-3.5085715418815613,0.0287724211370982,1.474035410377184,1.5595429506036431,-3.392958556348098,0.1156129855334633
105,f2_strong_t2|f4_dup_b|f7_weak|noise_0,10100101,4,-3.773348968744278,0.0278409902604443,1.2092579835144672,1.2839544909588645,-3.669192990441967,0.1041559783023111
105,f2_strong_t2|f4_dup_b|f8_bigcoef|noise_0,10100011,4,-3.5777240797519685,0.0275504982758218,1.4048828725067768,1.4767857313648562,-3.4772444045625206,0.1004796751894478
105,f2_strong_t2|f5_null|f6_suppressor|f7_weak,10011100,4,-4.077510680294037,0.0304781991437511,0.905096271964708,0.9584613060910306,-3.981396795915495,0.0961138843785422
105,f2_strong_t2|f5_null|f6_suppressor|f8_bigcoef,10011010,4,-3.885990218162537,0.0301840286375213,1.0966167340962087,1.151292546497023,-3.7894482100360496,0.0965420081264869
105,f2_strong_t2|f5_null|f6_suppressor|noise_0,10011001,4,-4.213729105043411,0.0303124445846744,0.7688778472153341,0.8047189562170504,-4.125575819578504,0.0881532854649069
105,f2_strong_t2|f5_null|f7_weak|f8_bigcoef,10010110,4,-3.790441413879394,0.0310103766249808,1.1921655383793506,1.2340497657358096,-3.705162361821627,0.0852790520577677
105,f2_strong_t2|f5_null|f7_weak|noise_0,10010101,4,-4.057772466754914,0.0301389816581042,0.9248344855038316,0.9584613060910306,-3.981396795915495,0.0763756708394187
105,f2_strong_t2|f5_null|f8_bigcoef|noise_0,10010011,4,-3.864355292844772,0.0301774814223619,1.118251659413973,1.151292546497023,-3.7894482100360496,0.0749070828087226
105,f2_strong_t2|f6_suppressor|f7_weak|f8_bigcoef,10001110,4,-3.8039437760353088,0.0308892849549084,1.1786631762234363,1.2340497657358096,-3.705162361821627,0.0987814142136818
105,f2_strong_t2|f6_suppressor|f7_weak|noise_0,10001101,4,-4.0648686286926266,0.0300853834666356,0.9177383235661188,0.9584613060910306,-3.981396795915495,0.0834718327771315
105,f2_strong_t2|f6_suppressor|f8_bigcoef|noise_0,10001011,4,-3.877815038061142,0.0296519918028715,1.1047919141976037,1.151292546497023,-3.7894482100360496,0.0883668280250922
105,f2_strong_t2|f7_weak|f8_bigcoef|noise_0,10000111,4,-3.7843740676403046,0.0304590628610173,1.198232884618441,1.2340497657358096,-3.705162361821627,0.0792117058186776
105,f3_dup_a|f4_dup_b|f5_null|f6_suppressor,1111000,4,-4.72653321685791,0.031830138249667,0.2560737354008351,0.3356904520389953,-4.627322849996943,0.0992103668609676
105,f3_dup_a|f4_dup_b|f5_null|f7_weak,1110100,4,-4.574410266065597,0.0306308748524598,0.4081966861931478,0.4894328019129755,-4.483143826333933,0.0912664397316644
105,f3_dup_a|f4_dup_b|f5_null|f8_bigcoef,1110010,4,-4.378962634563446,0.0306583301856306,0.6036443176952995,0.682264042318968,-4.291195240454487,0.0877673941089591
105,f3_dup_a|f4_dup_b|f5_null|noise_0,1110001,4,-4.710275715732575,0.0311251307447837,0.2723312365261705,0.3356904520389953,-4.627322849996943,0.0829528657356322
105,f3_dup_a|f4_dup_b|f6_suppressor|f7_weak,1101100,4,-4.581628233814239,0.0313706689954231,0.4009787184445059,0.4894328019129755,-4.483143826333933,0.0984844074803064
105,f3_dup_a|f4_dup_b|f6_suppressor|f8_bigcoef,1101010,4,-4.386069048070907,0.0308985646946823,0.596537904187838,0.682264042318968,-4.291195240454487,0.0948738076164206
105,f3_dup_a|f4_dup_b|f6_suppressor|noise_0,1101001,4,-4.718702620983124,0.0312035793756825,0.2639043312756213,0.3356904520389953,-4.627322849996943,0.0913797709861814
105,f3_dup_a|f4_dup_b|f7_weak|f8_bigcoef,1100110,4,-4.303142486095428,0.0307878426033553,0.6794644661633171,0.7650212615577549,-4.206909392240064,0.0962330938553641
105,f3_dup_a|f4_dup_b|f7_weak|noise_0,1100101,4,-4.570045264434815,0.0302156601064391,0.4125616878239304,0.4894328019129755,-4.483143826333933,0.0869014381008819
105,f3_dup_a|f4_dup_b|f8_bigcoef|noise_0,1100011,4,-4.373613366222382,0.030070577807953,0.6089935860363633,0.682264042318968,-4.291195240454487,0.0824181257678953
105,f3_dup_a|f5_null|f6_suppressor|f7_weak,1011100,4,-4.580024254512787,0.0290323979305426,0.4025826977459585,0.4792355347418139,-4.493771270443058,0.0862529840697288
105,f3_dup_a|f5_null|f6_suppressor|f8_bigcoef,1011010,4,-4.390720024251938,0.0288596556843387,0.5918869280068071,0.6720667751478063,-4.3018226845636125,0.0888973396883257
105,f3_dup_a|f5_null|f6_suppressor|noise_0,1011001,4,-4.717448274803162,0.0292446522896932,0.2651586774555836,0.3254931848678336,-4.637950294106068,0.0794979806970941
105,f3_dup_a|f5_null|f7_weak|f8_bigcoef,1010110,4,-4.315619620037078,0.0294357638860235,0.6669873322216668,0.7548239943865932,-4.21753683634919,0.0980827836878885
105,f3_dup_a|f5_null|f7_weak|noise_0,1010101,4,-4.57856027507782,0.0289031368089517,0.4040466771809257,0.4792355347418139,-4.493771270443058,0.0847890046347616
105,f3_dup_a|f5_null|f8_bigcoef|noise_0,1010011,4,-4.383143192434311,0.0289673859197541,0.5994637598244346,0.6720667751478063,-4.3018226845636125,0.0813205078706982
105,f3_dup_a|f6_suppressor|f7_weak|f8_bigcoef,1001110,4,-4.310724552059174,0.0292064369844329,0.6718824001995714,0.7548239943865932,-4.21753683634919,0.093187715709984
105,f3_dup_a|f6_suppressor|f7_weak|noise_0,1001101,4,-4.575830882835388,0.028514539133568,0.4067760694233575,0.4792355347418139,-4.493771270443058,0.0820596123923298
105,f3_dup_a|f6_suppressor|f8_bigcoef|noise_0,1001011,4,-4.385806916332245,0.0281870396223734,0.5968000359265,0.6720667751478063,-4.3018226845636125,0.0839842317686327
105,f3_dup_a|f7_weak|f8_bigcoef|noise_0,1000111,4,-4.306551577806473,0.0289669714022702,0.6760553744522726,0.7548239943865932,-4.21753683634919,0.0890147414572828
105,f4_dup_b|f5_null|f6_suppressor|f7_weak,111100,4,-4.580949364948273,0.0291752029072363,0.4016575873104724,0.4792355347418139,-4.492127098683885,0.0888222662643878
105,f4_dup_b|f5_null|f6_suppressor|f8_bigcoef,111010,4,-4.387082849979401,0.0290229080508258,0.5955241022793443,0.6720667751478063,-4.300178512804439,0.0869043371749622
105,f4_dup_b|f5_null|f6_suppressor|noise_0,111001,4,-4.710945503425598,0.0293096534088963,0.2716614488331474,0.3254931848678336,-4.636306122346894,0.074639381078704
105,f4_dup_b|f5_null|f7_weak|f8_bigcoef,110110,4,-4.319691474533081,0.0295954261684718,0.6629154777256643,0.7548239943865932,-4.215892664590016,0.1037988099430649
105,f4_dup_b|f5_null|f7_weak|noise_0,110101,4,-4.577346927642823,0.0289933255127753,0.4052600246159228,0.4792355347418139,-4.492127098683885,0.0852198289589374
105,f4_dup_b|f5_null|f8_bigcoef|noise_0,110011,4,-4.383534463310242,0.028994138831869,0.5990724889485035,0.6720667751478063,-4.300178512804439,0.083355950505803
105,f4_dup_b|f6_suppressor|f7_weak|f8_bigcoef,101110,4,-4.313333305454254,0.0295737102378835,0.6692736468044913,0.7548239943865932,-4.215892664590016,0.0974406408642378
105,f4_dup_b|f6_suppressor|f7_weak|noise_0,101101,4,-4.572950916957855,0.0287317299122387,0.4096560353008902,0.4792355347418139,-4.492127098683885,0.08082381827397
105,f4_dup_b|f6_suppressor|f8_bigcoef|noise_0,101011,4,-4.38103980550766,0.0285887711712368,0.6015671467510852,0.6720667751478063,-4.300178512804439,0.0808612927032212
105,f4_dup_b|f7_weak|f8_bigcoef|noise_0,100111,4,-4.3137855002880094,0.0292091732009718,0.6688214519707358,0.7548239943865932,-4.215892664590016,0.0978928356979933
105,f5_null|f6_suppressor|f7_weak|f8_bigcoef,11110,4,-4.604232731342315,0.0312558620825977,0.37837422091643,0.4293308095187594,-4.528096470063545,0.0761362612787701
105,f5_null|f6_suppressor|f7_weak|noise_0,11101,4,-4.869001987457275,0.0306438489526776,0.1136049648014703,0.1537423498739802,-4.804330904157414,0.0646710832998609
105,f5_null|f6_suppressor|f8_bigcoef|noise_0,11011,4,-4.681041225337983,0.0306976329990134,0.3015657269207628,0.3465735902799726,-4.612382318277969,0.0686589070600138
105,f5_null|f7_weak|f8_bigcoef|noise_0,10111,4,-4.594283125305176,0.0312284716075313,0.3883238269535694,0.4293308095187594,-4.528096470063545,0.0661866552416308
105,f6_suppressor|f7_weak|f8_bigcoef|noise_0,1111,4,-4.597543331432343,0.0308091587699643,0.3850636208264024,0.4293308095187594,-4.528096470063545,0.0694468613687977
105,f1_strong_t1|f2_strong_t2|f3_dup_a|f4_dup_b|f5_null,111110000,5,-3.762270491504669,0.0307589453068504,1.2203364607540763,1.3235905993032566,-3.627655899357192,0.1346145921474772
105,f1_strong_t1|f2_strong_t2|f3_dup_a|f4_dup_b|f6_suppressor,111101000,5,-2.085665604019165,0.0332140659293322,2.8969413482395803,3.1074079542205526,-1.8651087705614784,0.2205568334576866
105,f1_strong_t1|f2_strong_t2|f3_dup_a|f4_dup_b|f7_weak,111100100,5,-3.61796041970253,0.0307610782235916,1.3646465325562152,1.477332949177237,-3.4834768756941825,0.1344835440083476
105,f1_strong_t1|f2_strong_t2|f3_dup_a|f4_dup_b|f8_bigcoef,111100010,5,-3.417962795352936,0.0298224463848767,1.5646441569058096,1.6701641895832289,-3.291528289814737,0.1264345055381985
105,f1_strong_t1|f2_strong_t2|f3_dup_a|f4_dup_b|noise_0,111100001,5,-3.7554038593769072,0.0305058879137051,1.227203092881838,1.3235905993032566,-3.627655899357192,0.1277479600197155
105,f1_strong_t1|f2_strong_t2|f3_dup_a|f5_null|f6_suppressor,111011000,5,-2.111770051288605,0.0317263992956665,2.8708369009701404,3.097210687049391,-1.875736214670604,0.2360338366180008
105,f1_strong_t1|f2_strong_t2|f3_dup_a|f5_null|f7_weak,111010100,5,-3.6278640653133394,0.0292429085297949,1.354742886945406,1.467135682006075,-3.4941043198033093,0.1337597455100301
105,f1_strong_t1|f2_strong_t2|f3_dup_a|f5_null|f8_bigcoef,111010010,5,-3.4271472254753115,0.0284517870190862,1.5554597267834338,1.6599669224120674,-3.302155733923863,0.1249914915514485
105,f1_strong_t1|f2_strong_t2|f3_dup_a|f5_null|noise_0,111010001,5,-3.7600594188690186,0.0290896301817927,1.2225475333897269,1.3133933321320947,-3.6382833434663175,0.121776075402701
105,f1_strong_t1|f2_strong_t2|f3_dup_a|f6_suppressor|f7_weak,111001100,5,-1.9769050166130069,0.0318299723907764,3.005701935645739,3.2509530369233715,-1.7315571910075949,0.2453478256054118
105,f1_strong_t1|f2_strong_t2|f3_dup_a|f6_suppressor|f8_bigcoef,111001010,5,-1.770167807483673,0.0312805656051762,3.212439144775072,3.443784277329364,-1.539608605128149,0.230559202355524
105,f1_strong_t1|f2_strong_t2|f3_dup_a|f6_suppressor|noise_0,111001001,5,-2.0955689001083373,0.0313039643533974,2.887038052150408,3.097210687049391,-1.875736214670604,0.2198326854377332
105,f1_strong_t1|f2_strong_t2|f3_dup_a|f7_weak|f8_bigcoef,111000110,5,-3.3535920769691465,0.0293763667224052,1.6290148752895988,1.742724141650854,-3.2178698857094394,0.135722191259707
105,f1_strong_t1|f2_strong_t2|f3_dup_a|f7_weak|noise_0,111000101,5,-3.623393267393112,0.0290364470429407,1.359213684865633,1.467135682006075,-3.4941043198033093,0.1292889475898029
105,f1_strong_t1|f2_strong_t2|f3_dup_a|f8_bigcoef|noise_0,111000011,5,-3.424533876991272,0.0281322642473616,1.5580730752674734,1.6599669224120674,-3.302155733923863,0.1223781430674089
105,f1_strong_t1|f2_strong_t2|f4_dup_b|f5_null|f6_suppressor,110111000,5,-2.1098753099441527,0.0311024673295325,2.8727316423145925,3.097210687049391,-1.8740920429114305,0.2357832670327224
105,f1_strong_t1|f2_strong_t2|f4_dup_b|f5_null|f7_weak,110110100,5,-3.629645739030838,0.0285574156065037,1.3529612132279074,1.467135682006075,-3.492460148044135,0.1371855909867028
105,f1_strong_t1|f2_strong_t2|f4_dup_b|f5_null|f8_bigcoef,110110010,5,-3.4284921075820924,0.0278098312352989,1.5541148446766528,1.6599669224120674,-3.3005115621646897,0.1279805454174027
105,f1_strong_t1|f2_strong_t2|f4_dup_b|f5_null|noise_0,110110001,5,-3.761092768669128,0.0284128689541785,1.2215141835896168,1.3133933321320947,-3.636639171707144,0.1244535969619842
105,f1_strong_t1|f2_strong_t2|f4_dup_b|f6_suppressor|f7_weak,110101100,5,-1.9637671919822688,0.0311872203396384,3.0188397602764763,3.2509530369233715,-1.7299130192484216,0.2338541727338476
105,f1_strong_t1|f2_strong_t2|f4_dup_b|f6_suppressor|f8_bigcoef,110101010,5,-1.7695574761390689,0.0312286507628305,3.213049476119677,3.443784277329364,-1.5379644333689753,0.2315930427700934
105,f1_strong_t1|f2_strong_t2|f4_dup_b|f6_suppressor|noise_0,110101001,5,-2.101678756046295,0.0310582773124649,2.88092819621245,3.097210687049391,-1.8740920429114305,0.2275867131348647
105,f1_strong_t1|f2_strong_t2|f4_dup_b|f7_weak|f8_bigcoef,110100110,5,-3.3547981051921845,0.0288916424944085,1.6278088470665608,1.742724141650854,-3.216225713950266,0.1385723912419183
105,f1_strong_t1|f2_strong_t2|f4_dup_b|f7_weak|noise_0,110100101,5,-3.623009623861313,0.0283607946475956,1.3595973283974323,1.467135682006075,-3.492460148044135,0.1305494758171779
105,f1_strong_t1|f2_strong_t2|f4_dup_b|f8_bigcoef|noise_0,110100011,5,-3.425436889362336,0.027591696770472,1.55717006289641,1.6599669224120674,-3.3005115621646897,0.1249253271976456
105,f1_strong_t1|f2_strong_t2|f5_null|f6_suppressor|f7_weak,110011100,5,-2.274316646432877,0.0341094207919461,2.7082903058258685,2.9254598520555377,-2.0421168247219508,0.232199821710926
105,f1_strong_t1|f2_strong_t2|f5_null|f6_suppressor|f8_bigcoef,110011010,5,-2.080784029579162,0.0337736833237757,2.901822922679582,3.11829109246153,-1.8501682388425047,0.2306157907366579
105,f1_strong_t1|f2_strong_t2|f5_null|f6_suppressor|noise_0,110011001,5,-2.3911058153152465,0.0332977527973065,2.591501136943499,2.771717502181557,-2.1862958483849595,0.2048099669302869
105,f1_strong_t1|f2_strong_t2|f5_null|f7_weak|f8_bigcoef,110010110,5,-3.648073318767548,0.0312105448550489,1.3345336334911977,1.4172309567830204,-3.528429519423795,0.1196437993437524
105,f1_strong_t1|f2_strong_t2|f5_null|f7_weak|noise_0,110010101,5,-3.914082872343063,0.0306244570404457,1.068524079915682,1.1416424971382413,-3.804663953517664,0.1094189188253991
105,f1_strong_t1|f2_strong_t2|f5_null|f8_bigcoef|noise_0,110010011,5,-3.718624208879471,0.0301811859556378,1.2639827433792743,1.3344737375442337,-3.6127153676382178,0.105908841241253
105,f1_strong_t1|f2_strong_t2|f6_suppressor|f7_weak|f8_bigcoef,110001110,5,-2.003804483509064,0.0347047886454637,2.9788024687496817,3.201048311700317,-1.765882390628082,0.2379220928809815
105,f1_strong_t1|f2_strong_t2|f6_suppressor|f7_weak|noise_0,110001101,5,-2.2450340643405915,0.0334740442959169,2.737572887918154,2.9254598520555377,-2.0421168247219508,0.2029172396186407
105,f1_strong_t1|f2_strong_t2|f6_suppressor|f8_bigcoef|noise_0,110001011,5,-2.058582730388641,0.0331168294511053,2.924024221870104,3.11829109246153,-1.8501682388425047,0.2084144915461367
105,f1_strong_t1|f2_strong_t2|f7_weak|f8_bigcoef|noise_0,110000111,5,-3.642178821086884,0.0308530933975771,1.3404281311718615,1.4172309567830204,-3.528429519423795,0.1137493016630886
105,f1_strong_t1|f3_dup_a|f4_dup_b|f5_null|f6_suppressor,101111000,5,-2.894723325634003,0.0344937993082667,2.0878836266247425,2.302688998003503,-2.688042878803397,0.2066804468306058
105,f1_strong_t1|f3_dup_a|f4_dup_b|f5_null|f7_weak,101110100,5,-4.4144909968852994,0.031519471635402,0.5681159553734458,0.6726139929601865,-4.306410983936101,0.1080800129491983
105,f1_strong_t1|f3_dup_a|f4_dup_b|f5_null|f8_bigcoef,101110010,5,-4.224850493621826,0.031080441076613,0.7577564586369192,0.8654452333661787,-4.114462398056656,0.1103880955651703
105,f1_strong_t1|f3_dup_a|f4_dup_b|f5_null|noise_0,101110001,5,-4.557008206653595,0.0318161642195396,0.42559874560515,0.5188716430862063,-4.450590007599112,0.1064181990544836
105,f1_strong_t1|f3_dup_a|f4_dup_b|f6_suppressor|f7_weak,101101100,5,-2.747002447319031,0.0335101848025881,2.2356045049397144,2.456431347877483,-2.543863855140388,0.203138592178643
105,f1_strong_t1|f3_dup_a|f4_dup_b|f6_suppressor|f8_bigcoef,101101010,5,-2.553338521385193,0.033498476402719,2.4292684308735524,2.6492625882834755,-2.351915269260941,0.2014232521242513
105,f1_strong_t1|f3_dup_a|f4_dup_b|f6_suppressor|noise_0,101101001,5,-2.887287266635895,0.0337085729566524,2.0953196856228504,2.302688998003503,-2.688042878803397,0.1992443878324978
105,f1_strong_t1|f3_dup_a|f4_dup_b|f7_weak|f8_bigcoef,101100110,5,-4.148559952497482,0.0315393999290892,0.834046999761263,0.9482024526049658,-4.030176549842233,0.1183834026552492
105,f1_strong_t1|f3_dup_a|f4_dup_b|f7_weak|noise_0,101100101,5,-4.416806196308136,0.0312110277167154,0.5658007559506091,0.6726139929601865,-4.306410983936101,0.110395212372035
105,f1_strong_t1|f3_dup_a|f4_dup_b|f8_bigcoef|noise_0,101100011,5,-4.223854608535767,0.0307125495602721,0.7587523437229784,0.8654452333661787,-4.114462398056656,0.1093922104791111
105,f1_strong_t1|f3_dup_a|f5_null|f6_suppressor|f7_weak,101011100,5,-2.774022946548462,0.0321188341737491,2.2085840057102835,2.446234080706321,-2.554491299249513,0.2195316472989485
105,f1_strong_t1|f3_dup_a|f5_null|f6_suppressor|f8_bigcoef,101011010,5,-2.580889308166504,0.0319400693659903,2.4017176440922414,2.639065321112313,-2.362542713370068,0.218346594796436
105,f1_strong_t1|f3_dup_a|f5_null|f6_suppressor|noise_0,101011001,5,-2.903882472515106,0.0321805857621064,2.07872447974364,2.292491730832341,-2.6986703229125224,0.2052121496025836
105,f1_strong_t1|f3_dup_a|f5_null|f7_weak|f8_bigcoef,101010110,5,-4.1631817780017855,0.029950689534452,0.8194251742569598,0.938005185433804,-4.040803993951359,0.1223777840504265
105,f1_strong_t1|f3_dup_a|f5_null|f7_weak|noise_0,101010101,5,-4.425909488391876,0.0296332169147743,0.5566974638668691,0.6624167257890249,-4.317038428045227,0.1088710603466491
105,f1_strong_t1|f3_dup_a|f5_null|f8_bigcoef|noise_0,101010011,5,-4.233759992599487,0.0292556823319949,0.7488469596592582,0.8552479661950173,-4.125089842165781,0.1086701504337064
105,f1_strong_t1|f3_dup_a|f6_suppressor|f7_weak|f8_bigcoef,101001110,5,-2.49670043964386,0.031928135576227,2.4859065126148856,2.7218225403511003,-2.278256865155645,0.2184435744882145
105,f1_strong_t1|f3_dup_a|f6_suppressor|f7_weak|noise_0,101001101,5,-2.758843852376938,0.0312418133310824,2.223763099881807,2.446234080706321,-2.554491299249513,0.2043525531274248
105,f1_strong_t1|f3_dup_a|f6_suppressor|f8_bigcoef|noise_0,101001011,5,-2.5787866426467896,0.0310563255370639,2.403820309611956,2.639065321112313,-2.362542713370068,0.2162439292767217
105,f1_strong_t1|f3_dup_a|f7_weak|f8_bigcoef|noise_0,101000111,5,-4.159211704921723,0.0295449003418195,0.8233952473370225,0.938005185433804,-4.040803993951359,0.1184077109703638
105,f1_strong_t1|f4_dup_b|f5_null|f6_suppressor|f7_weak,100111100,5,-2.7706707383155824,0.0320392458344269,2.211936213943163,2.446234080706321,-2.55284712749034,0.2178236108252425
105,f1_strong_t1|f4_dup_b|f5_null|f6_suppressor|f8_bigcoef,100111010,5,-2.5871446481704714,0.0322724507695557,2.395462304088274,2.639065321112313,-2.3608985416108945,0.2262461065595769
105,f1_strong_t1|f4_dup_b|f5_null|f6_suppressor|noise_0,100111001,5,-2.903732338190079,0.0321158152275782,2.0788746140686665,2.292491730832341,-2.697026151153349,0.2067061870367297
105,f1_strong_t1|f4_dup_b|f5_null|f7_weak|f8_bigcoef,100110110,5,-4.165133175373078,0.0300824761411079,0.8174737768856675,0.938005185433804,-4.039159822192186,0.1259733531808917
105,f1_strong_t1|f4_dup_b|f5_null|f7_weak|noise_0,100110101,5,-4.426112791061401,0.0296152329036365,0.5564941611973442,0.6624167257890249,-4.315394256286054,0.1107185347753469
105,f1_strong_t1|f4_dup_b|f5_null|f8_bigcoef|noise_0,100110011,5,-4.232162013435364,0.0293610429448284,0.7504449388233816,0.8552479661950173,-4.123445670406608,0.1087163430287558
105,f1_strong_t1|f4_dup_b|f6_suppressor|f7_weak|f8_bigcoef,100101110,5,-2.5125413120269777,0.0325824242674122,2.470065640231768,2.7218225403511003,-2.2766126933964714,0.2359286186305063
105,f1_strong_t1|f4_dup_b|f6_suppressor|f7_weak|noise_0,100101101,5,-2.752678942394257,0.0314586098838092,2.2299280098644885,2.446234080706321,-2.55284712749034,0.1998318149039168
105,f1_strong_t1|f4_dup_b|f6_suppressor|f8_bigcoef|noise_0,100101011,5,-2.564994289302826,0.0314116233011526,2.417612662955919,2.639065321112313,-2.3608985416108945,0.2040957476919316
105,f1_strong_t1|f4_dup_b|f7_weak|f8_bigcoef|noise_0,100100111,5,-4.163333052492142,0.0298115874015154,0.8192738997666034,0.938005185433804,-4.039159822192186,0.1241732302999558
105,f1_strong_t1|f5_null|f6_suppressor|f7_weak|f8_bigcoef,100011110,5,-2.800299948310852,0.0347634839245934,2.1823070039478933,2.3963293554832665,-2.588816498870001,0.211483449440851
105,f1_strong_t1|f5_null|f6_suppressor|f7_weak|noise_0,100011101,5,-3.0468928142547607,0.0336837096354845,1.9357141380039848,2.1207408958384875,-2.865050932963869,0.1818418812908917
105,f1_strong_t1|f5_null|f6_suppressor|f8_bigcoef|noise_0,100011011,5,-2.8640864424705503,0.0338028397057646,2.118520509788195,2.3135721362444794,-2.6731023470844235,0.1909840953861268
105,f1_strong_t1|f5_null|f7_weak|f8_bigcoef|noise_0,100010111,5,-4.454762764644623,0.0317851853021085,0.5278441876141224,0.6125120005659704,-4.351363627665714,0.1033991369789086
105,f1_strong_t1|f6_suppressor|f7_weak|f8_bigcoef|noise_0,100001111,5,-2.788172180843353,0.0337151498261612,2.194434771415392,2.3963293554832665,-2.588816498870001,0.1993556819733521
105,f2_strong_t2|f3_dup_a|f4_dup_b|f5_null|f6_suppressor,11111000,5,-3.937299151086808,0.0313099033570043,1.045307801171938,1.1404094082560454,-3.804388741755023,0.1329104093317847
105,f2_strong_t2|f3_dup_a|f4_dup_b|f5_null|f7_weak,11110100,5,-3.780297951936722,0.0303836083815245,1.2023090003220234,1.2941517581300257,-3.660209718092013,0.1200882338447089
105,f2_strong_t2|f3_dup_a|f4_dup_b|f5_null|f8_bigcoef,11110010,5,-3.576611116552353,0.0301726515265002,1.4059958357063924,1.486982998536018,-3.468261132212568,0.1083499843397852
105,f2_strong_t2|f3_dup_a|f4_dup_b|f5_null|noise_0,11110001,5,-3.916417334270477,0.0305823032220734,1.0661896179882682,1.1404094082560454,-3.804388741755023,0.1120285925154545
105,f2_strong_t2|f3_dup_a|f4_dup_b|f6_suppressor|f7_weak,11101100,5,-3.7877022866249086,0.0310166358137332,1.194904665633837,1.2941517581300257,-3.660209718092013,0.1274925685328956
105,f2_strong_t2|f3_dup_a|f4_dup_b|f6_suppressor|f8_bigcoef,11101010,5,-3.590489433383941,0.0304050667998694,1.3921175188748038,1.486982998536018,-3.468261132212568,0.1222283011713738
105,f2_strong_t2|f3_dup_a|f4_dup_b|f6_suppressor|noise_0,11101001,5,-3.9272906292438505,0.0308052872855202,1.0553163230148948,1.1404094082560454,-3.804388741755023,0.1229018874888279
105,f2_strong_t2|f3_dup_a|f4_dup_b|f7_weak|f8_bigcoef,11100110,5,-3.494985315465927,0.0306324867733061,1.4876216367928183,1.5697402177748048,-3.3839752839981445,0.1110100314677824
105,f2_strong_t2|f3_dup_a|f4_dup_b|f7_weak|noise_0,11100101,5,-3.7729158365249633,0.0299667999433439,1.209691115733782,1.2941517581300257,-3.660209718092013,0.1127061184329503
105,f2_strong_t2|f3_dup_a|f4_dup_b|f8_bigcoef|noise_0,11100011,5,-3.572797032356262,0.0296555334931878,1.4098099199024832,1.486982998536018,-3.468261132212568,0.1045359001436945
105,f2_strong_t2|f3_dup_a|f5_null|f6_suppressor|f7_weak,11011100,5,-3.7938147564888,0.0290875479707362,1.1887921957699454,1.2839544909588645,-3.6708371622011393,0.1229775942876605
105,f2_strong_t2|f3_dup_a|f5_null|f6_suppressor|f8_bigcoef,11011010,5,-3.5967534273147583,0.0286499415024552,1.385853524943987,1.4767857313648562,-3.478888576321694,0.1178648509930644
105,f2_strong_t2|f3_dup_a|f5_null|f6_suppressor|noise_0,11011001,5,-3.927806337928772,0.0289313505451323,1.0548006143299733,1.130212141084884,-3.815016185864149,0.1127901520646235
105,f2_strong_t2|f3_dup_a|f5_null|f7_weak|f8_bigcoef,11010110,5,-3.508623041677475,0.0295008034387189,1.4739839105812704,1.5595429506036431,-3.394602728107272,0.1140203135702035
105,f2_strong_t2|f3_dup_a|f5_null|f7_weak|noise_0,11010101,5,-3.7811276368141176,0.0287631489818861,1.2014793154446275,1.2839544909588645,-3.6708371622011393,0.1102904746129782
105,f2_strong_t2|f3_dup_a|f5_null|f8_bigcoef|noise_0,11010011,5,-3.578369188737869,0.028580358452119,1.404237763520876,1.4767857313648562,-3.478888576321694,0.0994806124161753
105,f2_strong_t2|f3_dup_a|f6_suppressor|f7_weak|f8_bigcoef,11001110,5,-3.5148472353458406,0.029434853931895,1.4677597169129046,1.5595429506036431,-3.394602728107272,0.1202445072385693
105,f2_strong_t2|f3_dup_a|f6_suppressor|f7_weak|noise_0,11001101,5,-3.783143824243545,0.0286994718760115,1.1994631280152,1.2839544909588645,-3.6708371622011393,0.112306662042406
105,f2_strong_t2|f3_dup_a|f6_suppressor|f8_bigcoef|noise_0,11001011,5,-3.58949529633522,0.0281088496494786,1.393111655923525,1.4767857313648562,-3.478888576321694,0.1106067200135263
105,f2_strong_t2|f3_dup_a|f7_weak|f8_bigcoef|noise_0,11000111,5,-3.4998297987937925,0.0290032938153504,1.4827771534649528,1.5595429506036431,-3.394602728107272,0.1052270706865212
105,f2_strong_t2|f4_dup_b|f5_null|f6_suppressor|f7_weak,10111100,5,-3.793938937139511,0.0286085708357568,1.188668015119234,1.2839544909588645,-3.669192990441967,0.1247459466975442
105,f2_strong_t2|f4_dup_b|f5_null|f6_suppressor|f8_bigcoef,10111010,5,-3.5946777115345,0.0281730794480695,1.3879292407242452,1.4767857313648562,-3.4772444045625206,0.1174333069719795
105,f2_strong_t2|f4_dup_b|f5_null|f6_suppressor|noise_0,10111001,5,-3.922673472595215,0.0284727151909726,1.0599334796635302,1.130212141084884,-3.813372014104975,0.1093014584902398
105,f2_strong_t2|f4_dup_b|f5_null|f7_weak|f8_bigcoef,10110110,5,-3.51185417137146,0.0291954057733399,1.4707527808872851,1.5595429506036431,-3.392958556348098,0.1188956150233622
105,f2_strong_t2|f4_dup_b|f5_null|f7_weak|noise_0,10110101,5,-3.779547787094116,0.0282860150328517,1.2030591651646292,1.2839544909588645,-3.669192990441967,0.1103547966521492
105,f2_strong_t2|f4_dup_b|f5_null|f8_bigcoef|noise_0,10110011,5,-3.580554942417145,0.0280799534483295,1.4020520098416007,1.4767857313648562,-3.4772444045625206,0.1033105378546239
105,f2_strong_t2|f4_dup_b|f6_suppressor|f7_weak|f8_bigcoef,10101110,5,-3.5163999874591827,0.029096642132194,1.4662069647995626,1.5595429506036431,-3.392958556348098,0.1234414311110847
105,f2_strong_t2|f4_dup_b|f6_suppressor|f7_weak|noise_0,10101101,5,-3.782062932157516,0.0281955901241462,1.200544020101229,1.2839544909588645,-3.669192990441967,0.1128699417155494
105,f2_strong_t2|f4_dup_b|f6_suppressor|f8_bigcoef|noise_0,10101011,5,-3.586750345087052,0.0277774062334533,1.395856607171694,1.4767857313648562,-3.4772444045625206,0.1095059405245306
105,f2_strong_t2|f4_dup_b|f7_weak|f8_bigcoef|noise_0,10100111,5,-3.5056460288524627,0.0286620629904577,1.4769609234062826,1.5595429506036431,-3.392958556348098,0.1126874725043647
105,f2_strong_t2|f5_null|f6_suppressor|f7_weak|f8_bigcoef,10011110,5,-3.812222679948807,0.0310998133380359,1.1703842723099385,1.2340497657358096,-3.705162361821627,0.1070603181271798
105,f2_strong_t2|f5_null|f6_suppressor|f7_weak|noise_0,10011101,5,-4.078579490232468,0.030421761773675,0.9040274620262778,0.9584613060910306,-3.981396795915495,0.0971826943169724
105,f2_strong_t2|f5_null|f6_suppressor|f8_bigcoef|noise_0,10011011,5,-3.886917235994339,0.0301960674225901,1.095689716264406,1.151292546497023,-3.7894482100360496,0.0974690259582895
105,f2_strong_t2|f5_null|f7_weak|f8_bigcoef|noise_0,10010111,5,-3.7893371213436127,0.0310531322304584,1.1932698309151326,1.2340497657358096,-3.705162361821627,0.0841747595219857
105,f2_strong_t2|f6_suppressor|f7_weak|f8_bigcoef|noise_0,10001111,5,-3.799562995004654,0.0306840707236585,1.1830439572540912,1.2340497657358096,-3.705162361821627,0.0944006331830271
105,f3_dup_a|f4_dup_b|f5_null|f6_suppressor|f7_weak,1111100,5,-4.585635081195831,0.03169167325054,0.396971871062914,0.4894328019129755,-4.483143826333933,0.1024912548618983
105,f3_dup_a|f4_dup_b|f5_null|f6_suppressor|f8_bigcoef,1111010,5,-4.393697807645798,0.0313568101826044,0.5889091446129475,0.682264042318968,-4.291195240454487,0.1025025671913111
105,f3_dup_a|f4_dup_b|f5_null|f6_suppressor|noise_0,1111001,5,-4.726833930301666,0.0318274528058326,0.2557730219570793,0.3356904520389953,-4.627322849996943,0.0995110803047234
105,f3_dup_a|f4_dup_b|f5_null|f7_weak|f8_bigcoef,1110110,5,-4.307745869588852,0.0313730043082059,0.6748610826698931,0.7650212615577549,-4.206909392240064,0.1008364773487882
105,f3_dup_a|f4_dup_b|f5_null|f7_weak|noise_0,1110101,5,-4.573872391986847,0.0308530169470121,0.4087345602718981,0.4894328019129755,-4.483143826333933,0.0907285656529142
105,f3_dup_a|f4_dup_b|f5_null|f8_bigcoef|noise_0,1110011,5,-4.381416400957107,0.030820243194912,0.601190551301638,0.682264042318968,-4.291195240454487,0.0902211605026206
105,f3_dup_a|f4_dup_b|f6_suppressor|f7_weak|f8_bigcoef,1101110,5,-4.313305789804459,0.0317245783910222,0.6693011624542864,0.7650212615577549,-4.206909392240064,0.1063963975643949
105,f3_dup_a|f4_dup_b|f6_suppressor|f7_weak|noise_0,1101101,5,-4.578805022335053,0.0310981660906053,0.4038019299236923,0.4894328019129755,-4.483143826333933,0.09566119600112
105,f3_dup_a|f4_dup_b|f6_suppressor|f8_bigcoef|noise_0,1101011,5,-4.387642875623703,0.0306835467607802,0.5949640766350424,0.682264042318968,-4.291195240454487,0.0964476351692162
105,f3_dup_a|f4_dup_b|f7_weak|f8_bigcoef|noise_0,1100111,5,-4.301087406110764,0.0308634676746707,0.6815195461479817,0.7650212615577549,-4.206909392240064,0.0941780138706995
105,f3_dup_a|f5_null|f6_suppressor|f7_weak|f8_bigcoef,1011110,5,-4.320236829423904,0.0296155264467862,0.6623701228348411,0.7548239943865932,-4.21753683634919,0.1026999930747143
105,f3_dup_a|f5_null|f6_suppressor|f7_weak|noise_0,1011101,5,-4.585982455730438,0.0291505524475687,0.3966244965283074,0.4792355347418139,-4.493771270443058,0.0922111852873799
105,f3_dup_a|f5_null|f6_suppressor|f8_bigcoef|noise_0,1011011,5,-4.394624511098861,0.029004888059075,0.587982441159884,0.6720667751478063,-4.3018226845636125,0.0928018265352488
105,f3_dup_a|f5_null|f7_weak|f8_bigcoef|noise_0,1010111,5,-4.315235440540314,0.0297419386647215,0.6673715117184313,0.7548239943865932,-4.21753683634919,0.097698604191124
105,f3_dup_a|f6_suppressor|f7_weak|f8_bigcoef|noise_0,1001111,5,-4.313440771198272,0.0291606337672852,0.669166181060473,0.7548239943865932,-4.21753683634919,0.0959039348490824
105,f4_dup_b|f5_null|f6_suppressor|f7_weak|f8_bigcoef,111110,5,-4.321850624656677,0.029939349030716,0.6607563276020683,0.7548239943865932,-4.215892664590016,0.1059579600666609
105,f4_dup_b|f5_null|f6_suppressor|f7_weak|noise_0,111101,5,-4.582914871883393,0.029316641785264,0.3996920803753525,0.4792355347418139,-4.492127098683885,0.0907877731995077
105,f4_dup_b|f5_null|f6_suppressor|f8_bigcoef|noise_0,111011,5,-4.389416414928436,0.0292514209397643,0.593190537330309,0.6720667751478063,-4.300178512804439,0.0892379021239975
105,f4_dup_b|f5_null|f7_weak|f8_bigcoef|noise_0,110111,5,-4.317803875112533,0.0298171262629462,0.6648030771462121,0.7548239943865932,-4.215892664590016,0.101911210522517
105,f4_dup_b|f6_suppressor|f7_weak|f8_bigcoef|noise_0,101111,5,-4.313051869249344,0.0295664238646488,0.669555083009401,0.7548239943865932,-4.215892664590016,0.0971592046593281
105,f5_null|f6_suppressor|f7_weak|f8_bigcoef|noise_0,11111,5,-4.608886506938934,0.0314993535619339,0.3737204453198108,0.4293308095187594,-4.528096470063545,0.0807900368753893
105,f1_strong_t1|f2_strong_t2|f3_dup_a|f4_dup_b|f5_null|f6_suppressor,111111000,6,-2.101498853302002,0.0338268104263804,2.8811080989567435,3.1074079542205526,-1.8651087705614784,0.2363900827405234
105,f1_strong_t1|f2_strong_t2|f3_dup_a|f4_dup_b|f5_null|f7_weak,111110100,6,-3.62115101852417,0.030810306618298,1.3614559337345753,1.477332949177237,-3.4834768756941825,0.1376741428299874
105,f1_strong_t1|f2_strong_t2|f3_dup_a|f4_dup_b|f5_null|f8_bigcoef,111110010,6,-3.4212872064590454,0.0300834553431528,1.5613197457997,1.6701641895832289,-3.291528289814737,0.1297589166443082
105,f1_strong_t1|f2_strong_t2|f3_dup_a|f4_dup_b|f5_null|noise_0,111110001,6,-3.761423751783371,0.0308066201957033,1.2211832004753744,1.3235905993032566,-3.627655899357192,0.1337678524261791
105,f1_strong_t1|f2_strong_t2|f3_dup_a|f4_dup_b|f6_suppressor|f7_weak,111101100,6,-1.952564910697937,0.0336083427422453,3.030042041560808,3.261150304094533,-1.7209297468984697,0.2316351637994673
105,f1_strong_t1|f2_strong_t2|f3_dup_a|f4_dup_b|f6_suppressor|f8_bigcoef,111101010,6,-1.750707189178467,0.0333276612374424,3.2318997630802784,3.4539815445005253,-1.5289811610190234,0.2217260281594435
105,f1_strong_t1|f2_strong_t2|f3_dup_a|f4_dup_b|f6_suppressor|noise_0,111101001,6,-2.0871166955947875,0.0334412955555271,2.8954902566639578,3.1074079542205526,-1.8651087705614784,0.2220079250333091
105,f1_strong_t1|f2_strong_t2|f3_dup_a|f4_dup_b|f7_weak|f8_bigcoef,111100110,6,-3.33950622215271,0.0309419744909945,1.6431007301060352,1.752921408822016,-3.2072424416003145,0.1322637805523956
105,f1_strong_t1|f2_strong_t2|f3_dup_a|f4_dup_b|f7_weak|noise_0,111100101,6,-3.617700313234329,0.0305839531498585,1.364906639024416,1.477332949177237,-3.4834768756941825,0.1342234375401467
105,f1_strong_t1|f2_strong_t2|f3_dup_a|f4_dup_b|f8_bigcoef|noise_0,111100011,6,-3.420547308683396,0.0297741124349678,1.56205964357535,1.6701641895832289,-3.291528289814737,0.1290190188686582
105,f1_strong_t1|f2_strong_t2|f3_dup_a|f5_null|f6_suppressor|f7_weak,111011100,6,-1.987558828639984,0.0321274059756661,2.995048123618761,3.2509530369233715,-1.7315571910075949,0.2560016376323892
105,f1_strong_t1|f2_strong_t2|f3_dup_a|f5_null|f6_suppressor|f8_bigcoef,111011010,6,-1.78650290145874,0.0315270158382139,3.196104050800005,3.443784277329364,-1.539608605128149,0.2468942963305911
105,f1_strong_t1|f2_strong_t2|f3_dup_a|f5_null|f6_suppressor|noise_0,111011001,6,-2.113383712100983,0.0316943542806635,2.8692232401577624,3.097210687049391,-1.875736214670604,0.2376474974303788
105,f1_strong_t1|f2_strong_t2|f3_dup_a|f5_null|f7_weak|f8_bigcoef,111010110,6,-3.357200475549698,0.0295170093293761,1.6254064767090473,1.742724141650854,-3.21786988570944,0.1393305898402581
105,f1_strong_t1|f2_strong_t2|f3_dup_a|f5_null|f7_weak|noise_0,111010101,6,-3.6308273914813993,0.0291559322733526,1.351779560777346,1.467135682006075,-3.4941043198033093,0.13672307167809
105,f1_strong_t1|f2_strong_t2|f3_dup_a|f5_null|f8_bigcoef|noise_0,111010011,6,-3.4308202217578887,0.0285390344230282,1.5517867305008566,1.6599669224120674,-3.302155733923863,0.1286644878340257
105,f1_strong_t1|f2_strong_t2|f3_dup_a|f6_suppressor|f7_weak|f8_bigcoef,111001110,6,-1.6996035593986512,0.0324148297539388,3.283003392860094,3.52654149656815,-1.455322756913727,0.2442808024849241
105,f1_strong_t1|f2_strong_t2|f3_dup_a|f6_suppressor|f7_weak|noise_0,111001101,6,-1.9676696038246155,0.0318064527624997,3.0149373484341297,3.2509530369233715,-1.7315571910075949,0.2361124128170206
105,f1_strong_t1|f2_strong_t2|f3_dup_a|f6_suppressor|f8_bigcoef|noise_0,111001011,6,-1.7744843316078187,0.0310519479465865,3.2081226206509266,3.443784277329364,-1.539608605128149,0.2348757264796697
105,f1_strong_t1|f2_strong_t2|f3_dup_a|f7_weak|f8_bigcoef|noise_0,111000111,6,-3.35481520819664,0.0292397520130853,1.6277917440621057,1.742724141650854,-3.2178698857094394,0.1369453224872003
105,f1_strong_t1|f2_strong_t2|f4_dup_b|f5_null|f6_suppressor|f7_weak,110111100,6,-1.976018424320221,0.0313999016371957,3.0065885279385243,3.2509530369233715,-1.7299130192484211,0.2461054050717999
105,f1_strong_t1|f2_strong_t2|f4_dup_b|f5_null|f6_suppressor|f8_bigcoef,110111010,6,-1.7864731223106385,0.0312979266397397,3.196133829948107,3.443784277329364,-1.5379644333689753,0.2485086889416632
105,f1_strong_t1|f2_strong_t2|f4_dup_b|f5_null|f6_suppressor|noise_0,110111001,6,-2.10876344575882,0.0312374885034283,2.873843506499925,3.097210687049391,-1.8740920429114305,0.2346714028473895
105,f1_strong_t1|f2_strong_t2|f4_dup_b|f5_null|f7_weak|f8_bigcoef,110110110,6,-3.359481910514832,0.0291000750153965,1.6231250417439136,1.742724141650854,-3.216225713950266,0.1432561965645655
105,f1_strong_t1|f2_strong_t2|f4_dup_b|f5_null|f7_weak|noise_0,110110101,6,-3.629797820043564,0.0285623700946916,1.3528091322151816,1.467135682006075,-3.492460148044135,0.1373376719994286
105,f1_strong_t1|f2_strong_t2|f4_dup_b|f5_null|f8_bigcoef|noise_0,110110011,6,-3.430463971328736,0.0279350025875891,1.55214298093001,1.6599669224120674,-3.3005115621646897,0.1299524091640456
105,f1_strong_t1|f2_strong_t2|f4_dup_b|f6_suppressor|f7_weak|f8_bigcoef,110101110,6,-1.6937439630508422,0.0320756934113679,3.288862989207903,3.52654149656815,-1.4536785851545533,0.2400653778962889
105,f1_strong_t1|f2_strong_t2|f4_dup_b|f6_suppressor|f7_weak|noise_0,110101101,6,-1.9599604122638703,0.0309997455426507,3.022646539994875,3.2509530369233715,-1.7299130192484216,0.2300473930154487
105,f1_strong_t1|f2_strong_t2|f4_dup_b|f6_suppressor|f8_bigcoef|noise_0,110101011,6,-1.769000497913361,0.0309098642405203,3.213606454345385,3.443784277329364,-1.5379644333689753,0.2310360645443854
105,f1_strong_t1|f2_strong_t2|f4_dup_b|f7_weak|f8_bigcoef|noise_0,110100111,6,-3.3560265181064604,0.0288567307945846,1.626580434152285,1.742724141650854,-3.216225713950266,0.1398008041561942
105,f1_strong_t1|f2_strong_t2|f5_null|f6_suppressor|f7_weak|f8_bigcoef,110011110,6,-2.006421709728241,0.0344459042301838,2.976185242530504,3.201048311700317,-1.765882390628082,0.240539319100159
105,f1_strong_t1|f2_strong_t2|f5_null|f6_suppressor|f7_weak|noise_0,110011101,6,-2.263990580224991,0.0336408515685166,2.7186163720337544,2.9254598520555377,-2.0421168247219508,0.2218737555030401
105,f1_strong_t1|f2_strong_t2|f5_null|f6_suppressor|f8_bigcoef|noise_0,110011011,6,-2.0758102975845336,0.0334116187503231,2.906796654674212,3.11829109246153,-1.8501682388425047,0.2256420587420289
105,f1_strong_t1|f2_strong_t2|f5_null|f7_weak|f8_bigcoef|noise_0,110010111,6,-3.649328563070297,0.0312299227119494,1.333278389188448,1.4172309567830204,-3.528429519423795,0.120899043646502
105,f1_strong_t1|f2_strong_t2|f6_suppressor|f7_weak|f8_bigcoef|noise_0,110001111,6,-1.9861614033699035,0.0339299220971554,2.996445548888841,3.201048311700317,-1.765882390628082,0.2202790127418215
105,f1_strong_t1|f3_dup_a|f4_dup_b|f5_null|f6_suppressor|f7_weak,101111100,6,-2.753415735530853,0.0345334409471312,2.229191216727892,2.456431347877483,-2.543863855140388,0.2095518803904652
105,f1_strong_t1|f3_dup_a|f4_dup_b|f5_null|f6_suppressor|f8_bigcoef,101111010,6,-2.5736367277145384,0.034426953381169,2.408970224544207,2.6492625882834755,-2.351915269260941,0.2217214584535969
105,f1_strong_t1|f3_dup_a|f4_dup_b|f5_null|f6_suppressor|noise_0,101111001,6,-2.8926557185173034,0.0345389649908656,2.089951233741442,2.302688998003503,-2.688042878803397,0.2046128397139064
105,f1_strong_t1|f3_dup_a|f4_dup_b|f5_null|f7_weak|f8_bigcoef,101110110,6,-4.150991845226288,0.0319352837465104,0.8316151070324578,0.9482024526049658,-4.030176549842233,0.1208152953840544
105,f1_strong_t1|f3_dup_a|f4_dup_b|f5_null|f7_weak|noise_0,101110101,6,-4.42166247625351,0.0316578029667528,0.5609444760052353,0.6726139929601865,-4.306410983936101,0.1152514923174088
105,f1_strong_t1|f3_dup_a|f4_dup_b|f5_null|f8_bigcoef|noise_0,101110011,6,-4.2308674247741695,0.0312760634045462,0.7517395274845757,0.8654452333661787,-4.114462398056656,0.1164050267175138
105,f1_strong_t1|f3_dup_a|f4_dup_b|f6_suppressor|f7_weak|f8_bigcoef,101101110,6,-2.478506947040558,0.0342027733595049,2.5041000052181874,2.732019807522262,-2.267629421046519,0.2108775259940389
105,f1_strong_t1|f3_dup_a|f4_dup_b|f6_suppressor|f7_weak|noise_0,101101101,6,-2.743527182483673,0.0335323975843249,2.2390797697750724,2.456431347877483,-2.543863855140388,0.199663327343285
105,f1_strong_t1|f3_dup_a|f4_dup_b|f6_suppressor|f8_bigcoef|noise_0,101101011,6,-2.5536606061935423,0.0333825079844406,2.428946346065203,2.6492625882834755,-2.351915269260941,0.2017453369326007
105,f1_strong_t1|f3_dup_a|f4_dup_b|f7_weak|f8_bigcoef|noise_0,101100111,6,-4.151702811717987,0.0315316907644654,0.830904140540758,0.9482024526049658,-4.030176549842233,0.1215262618757542
105,f1_strong_t1|f3_dup_a|f5_null|f6_suppressor|f7_weak|f8_bigcoef,101011110,6,-2.521286577987671,0.0329091731845477,2.4613203742710743,2.7218225403511003,-2.278256865155645,0.2430297128320258
105,f1_strong_t1|f3_dup_a|f5_null|f6_suppressor|f7_weak|noise_0,101011101,6,-2.76382772397995,0.0320709828829298,2.2187792282787955,2.446234080706321,-2.554491299249513,0.2093364247304365
105,f1_strong_t1|f3_dup_a|f5_null|f6_suppressor|f8_bigcoef|noise_0,101011011,6,-2.583221436691284,0.0318051176592077,2.3993855155674613,2.639065321112313,-2.362542713370068,0.2206787233212161
105,f1_strong_t1|f3_dup_a|f5_null|f7_weak|f8_bigcoef|noise_0,101010111,6,-4.167570461702347,0.030084472819737,0.8150364905563983,0.938005185433804,-4.040803993951359,0.1267664677509881
105,f1_strong_t1|f3_dup_a|f6_suppressor|f7_weak|f8_bigcoef|noise_0,101001111,6,-2.507153033542633,0.0318553832135353,2.4754539187161124,2.7218225403511003,-2.278256865155645,0.2288961683869876
105,f1_strong_t1|f4_dup_b|f5_null|f6_suppressor|f7_weak|f8_bigcoef,100111110,6,-2.5283454073905944,0.0331837340879649,2.454261544868151,2.7218225403511003,-2.2766126933964714,0.251732713994123
105,f1_strong_t1|f4_dup_b|f5_null|f6_suppressor|f7_weak|noise_0,100111101,6,-2.764349155521393,0.0319463091917984,2.2182577967373525,2.446234080706321,-2.55284712749034,0.2115020280310529
105,f1_strong_t1|f4_dup_b|f5_null|f6_suppressor|f8_bigcoef|noise_0,100111011,6,-2.5714293809890747,0.0321113025442567,2.4111775712696706,2.639065321112313,-2.3608985416108945,0.2105308393781801
105,f1_strong_t1|f4_dup_b|f5_null|f7_weak|f8_bigcoef|noise_0,100110111,6,-4.16936547908783,0.0302885753586351,0.8132414731709154,0.938005185433804,-4.039159822192186,0.1302056568956437
105,f1_strong_t1|f4_dup_b|f6_suppressor|f7_weak|f8_bigcoef|noise_0,100101111,6,-2.492158577632904,0.0320830123481173,2.490448374625841,2.7218225403511003,-2.2766126933964714,0.2155458842364326
105,f1_strong_t1|f5_null|f6_suppressor|f7_weak|f8_bigcoef|noise_0,100011111,6,-2.7957592252731325,0.0344426663657846,2.186847726985613,2.3963293554832665,-2.588816498870001,0.2069427264031316
105,f2_strong_t2|f3_dup_a|f4_dup_b|f5_null|f6_suppressor|f7_weak,11111100,6,-3.797258802223205,0.0311818319573183,1.1853481500355398,1.2941517581300257,-3.660209718092013,0.1370490841311924
105,f2_strong_t2|f3_dup_a|f4_dup_b|f5_null|f6_suppressor|f8_bigcoef,11111010,6,-3.597899823331833,0.030740204368487,1.3847071289269124,1.486982998536018,-3.468261132212568,0.1296386911192653
105,f2_strong_t2|f3_dup_a|f4_dup_b|f5_null|f6_suppressor|noise_0,11111001,6,-3.936347483110428,0.0312450953891753,1.0462594691483176,1.1404094082560454,-3.804388741755023,0.131958741355405
105,f2_strong_t2|f3_dup_a|f4_dup_b|f5_null|f7_weak|f8_bigcoef,11110110,6,-3.497776543998718,0.0310243929195007,1.4848304082600272,1.5697402177748048,-3.3839752839981445,0.1138012600005735
105,f2_strong_t2|f3_dup_a|f4_dup_b|f5_null|f7_weak|noise_0,11110101,6,-3.779055663204193,0.0304016336473661,1.2035512890545523,1.2941517581300257,-3.660209718092013,0.1188459451121799
105,f2_strong_t2|f3_dup_a|f4_dup_b|f5_null|f8_bigcoef|noise_0,11110011,6,-3.5768433937072754,0.0302133831861914,1.4057635585514698,1.486982998536018,-3.468261132212568,0.1085822614947078
105,f2_strong_t2|f3_dup_a|f4_dup_b|f6_suppressor|f7_weak|f8_bigcoef,11101110,6,-3.510802141571045,0.0313888948073705,1.4718048106877002,1.5697402177748048,-3.3839752839981445,0.1268268575729005
105,f2_strong_t2|f3_dup_a|f4_dup_b|f6_suppressor|f7_weak|noise_0,11101101,6,-3.785398340606689,0.0307459219748621,1.197208611652056,1.2941517581300257,-3.660209718092013,0.1251886225146763
105,f2_strong_t2|f3_dup_a|f4_dup_b|f6_suppressor|f8_bigcoef|noise_0,11101011,6,-3.5903603256225587,0.0302127431430659,1.3922466266361866,1.486982998536018,-3.468261132212568,0.122099193409991
105,f2_strong_t2|f3_dup_a|f4_dup_b|f7_weak|f8_bigcoef|noise_0,11100111,6,-3.492697709560394,0.0305882863549793,1.4899092426983511,1.5697402177748048,-3.3839752839981445,0.1087224255622496
105,f2_strong_t2|f3_dup_a|f5_null|f6_suppressor|f7_weak|f8_bigcoef,11011110,6,-3.523230738306045,0.0296314151513706,1.4593762139526998,1.5595429506036431,-3.394602728107272,0.1286280101987742
105,f2_strong_t2|f3_dup_a|f5_null|f6_suppressor|f7_weak|noise_0,11011101,6,-3.7945163873672487,0.0289763414916814,1.1880905648914966,1.2839544909588645,-3.6708371622011393,0.1236792251661094
105,f2_strong_t2|f3_dup_a|f5_null|f6_suppressor|f8_bigcoef|noise_0,11011011,6,-3.5987205585002897,0.0286251128013116,1.3838863937584556,1.4767857313648562,-3.478888576321694,0.1198319821785958
105,f2_strong_t2|f3_dup_a|f5_null|f7_weak|f8_bigcoef|noise_0,11010111,6,-3.5056784463882447,0.029541059389609,1.4769285058705006,1.5595429506036431,-3.394602728107272,0.1110757182809734
105,f2_strong_t2|f3_dup_a|f6_suppressor|f7_weak|f8_bigcoef|noise_0,11001111,6,-3.512632682609558,0.0292158663127899,1.469974269649187,1.5595429506036431,-3.394602728107272,0.1180299545022869
105,f2_strong_t2|f4_dup_b|f5_null|f6_suppressor|f7_weak|f8_bigcoef,10111110,6,-3.522719401741028,0.0293029883514979,1.4598875505177171,1.5595429506036431,-3.392958556348098,0.1297608453929299
105,f2_strong_t2|f4_dup_b|f5_null|f6_suppressor|f7_weak|noise_0,10111101,6,-3.791930398178101,0.0285529749583296,1.1906765540806448,1.2839544909588645,-3.669192990441967,0.1227374077361336
105,f2_strong_t2|f4_dup_b|f5_null|f6_suppressor|f8_bigcoef|noise_0,10111011,6,-3.593812335395813,0.0281846804322001,1.3887946168629322,1.4767857313648562,-3.4772444045625206,0.1165679308332925
105,f2_strong_t2|f4_dup_b|f5_null|f7_weak|f8_bigcoef|noise_0,10110111,6,-3.5088063403606413,0.0291644268776179,1.473800611898104,1.5595429506036431,-3.392958556348098,0.1158477840125433
105,f2_strong_t2|f4_dup_b|f6_suppressor|f7_weak|f8_bigcoef|noise_0,10101111,6,-3.513345001745224,0.0289327459159195,1.4692619505135212,1.5595429506036431,-3.392958556348098,0.1203864453971261
105,f2_strong_t2|f5_null|f6_suppressor|f7_weak|f8_bigcoef|noise_0,10011111,6,-3.810576418018341,0.0311279222356834,1.1720305342404045,1.2340497657358096,-3.705162361821627,0.105414056196714
105,f3_dup_a|f4_dup_b|f5_null|f6_suppressor|f7_weak|f8_bigcoef,1111110,6,-4.319827986001968,0.0321133518675164,0.6627789662567771,0.7650212615577549,-4.206909392240064,0.1129185937619041
105,f3_dup_a|f4_dup_b|f5_null|f6_suppressor|f7_weak|noise_0,1111101,6,-4.586796887683868,0.0316794824945323,0.395810064574877,0.4894328019129755,-4.483143826333933,0.1036530613499353
105,f3_dup_a|f4_dup_b|f5_null|f6_suppressor|f8_bigcoef|noise_0,1111011,6,-4.397275373029709,0.03141473402037,0.5853315792290363,0.682264042318968,-4.291195240454487,0.1060801325752223
105,f3_dup_a|f4_dup_b|f5_null|f7_weak|f8_bigcoef|noise_0,1110111,6,-4.306805716371536,0.0315649863572811,0.6758012358872092,0.7650212615577549,-4.206909392240064,0.099896324131472
105,f3_dup_a|f4_dup_b|f6_suppressor|f7_weak|f8_bigcoef|noise_0,1101111,6,-4.311370963287353,0.0315530610692944,0.6712359889713921,0.7650212615577549,-4.206909392240064,0.1044615710472891
105,f3_dup_a|f5_null|f6_suppressor|f7_weak|f8_bigcoef|noise_0,1011111,6,-4.324076026916504,0.0298564810538601,0.6585309253422418,0.7548239943865932,-4.21753683634919,0.1065391905673136
105,f4_dup_b|f5_null|f6_suppressor|f7_weak|f8_bigcoef|noise_0,111111,6,-4.321733858966828,0.0301812353202706,0.6608730932919178,0.7548239943865932,-4.215892664590016,0.1058411943768113
105,f1_strong_t1|f2_strong_t2|f3_dup_a|f4_dup_b|f5_null|f6_suppressor|f7_weak,111111100,7,-1.962251731300354,0.0340856256089571,3.0203552209583915,3.261150304094533,-1.7209297468984697,0.2413219844018843
105,f1_strong_t1|f2_strong_t2|f3_dup_a|f4_dup_b|f5_null|f6_suppressor|f8_bigcoef,111111010,7,-1.760030371952057,0.0334634843072463,3.222576580306688,3.4539815445005253,-1.5289811610190234,0.2310492109330335
105,f1_strong_t1|f2_strong_t2|f3_dup_a|f4_dup_b|f5_null|f6_suppressor|noise_0,111111001,7,-2.0962479034423827,0.0337859128286442,2.886359048816362,3.1074079542205526,-1.8651087705614784,0.2311391328809042
105,f1_strong_t1|f2_strong_t2|f3_dup_a|f4_dup_b|f5_null|f7_weak|f8_bigcoef,111110110,7,-3.340911689901352,0.031057283521008,1.6416952623573935,1.752921408822016,-3.2072424416003145,0.1336692483010373
105,f1_strong_t1|f2_strong_t2|f3_dup_a|f4_dup_b|f5_null|f7_weak|noise_0,111110101,7,-3.623399356985092,0.0307645568820407,1.359207595273653,1.477332949177237,-3.4834768756941825,0.1399224812909096
105,f1_strong_t1|f2_strong_t2|f3_dup_a|f4_dup_b|f5_null|f8_bigcoef|noise_0,111110011,7,-3.4243736850738524,0.0301477853640923,1.5582332671848929,1.6701641895832289,-3.291528289814737,0.1328453952591153
105,f1_strong_t1|f2_strong_t2|f3_dup_a|f4_dup_b|f6_suppressor|f7_weak|f8_bigcoef,111101110,7,-1.665586987876892,0.0340292138052599,3.317019964381853,3.5367387637393115,-1.4446953128046012,0.2208916750722909
105,f1_strong_t1|f2_strong_t2|f3_dup_a|f4_dup_b|f6_suppressor|f7_weak|noise_0,111101101,7,-1.9483535011291504,0.0334843236744202,3.0342534511295947,3.261150304094533,-1.7209297468984697,0.2274237542306807
105,f1_strong_t1|f2_strong_t2|f3_dup_a|f4_dup_b|f6_suppressor|f8_bigcoef|noise_0,111101011,7,-1.7555491032600403,0.033121248281423,3.227057848998705,3.4539815445005253,-1.5289811610190234,0.2265679422410169
105,f1_strong_t1|f2_strong_t2|f3_dup_a|f4_dup_b|f7_weak|f8_bigcoef|noise_0,111100111,7,-3.341836571216583,0.0308041511958763,1.640770381042162,1.752921408822016,-3.2072424416003145,0.1345941296162687
105,f1_strong_t1|f2_strong_t2|f3_dup_a|f5_null|f6_suppressor|f7_weak|f8_bigcoef,111011110,7,-1.715060747241974,0.03249981547857,3.2675462050167714,3.52654149656815,-1.4553227569137268,0.259737990328247
105,f1_strong_t1|f2_strong_t2|f3_dup_a|f5_null|f6_suppressor|f7_weak|noise_0,111011101,7,-1.9842382975101471,0.0319837729877058,2.998368654748598,3.2509530369233715,-1.7315571910075949,0.2526811065025522
105,f1_strong_t1|f2_strong_t2|f3_dup_a|f5_null|f6_suppressor|f8_bigcoef|noise_0,111011011,7,-1.793115126991272,0.0313323314663089,3.1894918252674733,3.443784277329364,-1.539608605128149,0.2535065218631229
105,f1_strong_t1|f2_strong_t2|f3_dup_a|f5_null|f7_weak|f8_bigcoef|noise_0,111010111,7,-3.360376174354553,0.0295338267758179,1.6222307779041922,1.742724141650854,-3.21786988570944,0.1425062886451131
105,f1_strong_t1|f2_strong_t2|f3_dup_a|f6_suppressor|f7_weak|f8_bigcoef|noise_0,111001111,7,-1.6976734174728394,0.0319747611669738,3.284933534785906,3.52654149656815,-1.455322756913727,0.2423506605591123
105,f1_strong_t1|f2_strong_t2|f4_dup_b|f5_null|f6_suppressor|f7_weak|f8_bigcoef,110111110,7,-1.706130588245392,0.0320537857955564,3.2764763640133534,3.52654149656815,-1.4536785851545533,0.2524520030908386
105,f1_strong_t1|f2_strong_t2|f4_dup_b|f5_null|f6_suppressor|f7_weak|noise_0,110111101,7,-1.972242924118042,0.0312234941306221,3.010364028140703,3.2509530369233715,-1.7299130192484211,0.2423299048696208
105,f1_strong_t1|f2_strong_t2|f4_dup_b|f5_null|f6_suppressor|f8_bigcoef|noise_0,110111011,7,-1.7746855821609495,0.0310593930663626,3.207921370097796,3.443784277329364,-1.5379644333689753,0.2367211487919744
105,f1_strong_t1|f2_strong_t2|f4_dup_b|f5_null|f7_weak|f8_bigcoef|noise_0,110110111,7,-3.360742238712311,0.0291409922271777,1.6218647135464344,1.742724141650854,-3.216225713950266,0.1445165247620448
105,f1_strong_t1|f2_strong_t2|f4_dup_b|f6_suppressor|f7_weak|f8_bigcoef|noise_0,110101111,7,-1.6853715428352356,0.0314989483580376,3.29723540942351,3.52654149656815,-1.4536785851545533,0.2316929576806823
105,f1_strong_t1|f2_strong_t2|f5_null|f6_suppressor|f7_weak|f8_bigcoef|noise_0,110011111,7,-2.000978528594971,0.034088496502222,2.9816284236637745,3.201048311700317,-1.765882390628082,0.2350961379668887
105,f1_strong_t1|f3_dup_a|f4_dup_b|f5_null|f6_suppressor|f7_weak|f8_bigcoef,101111110,7,-2.493792330169678,0.0350630623020793,2.4888146220890675,2.732019807522262,-2.267629421046519,0.2261629091231589
105,f1_strong_t1|f3_dup_a|f4_dup_b|f5_null|f6_suppressor|f7_weak|noise_0,101111101,7,-2.755814636993408,0.034382752750178,2.226792315265337,2.456431347877483,-2.543863855140388,0.2119507818530204
105,f1_strong_t1|f3_dup_a|f4_dup_b|f5_null|f6_suppressor|f8_bigcoef|noise_0,101111011,7,-2.5605147430419923,0.0341702690780261,2.422092209216753,2.6492625882834755,-2.351915269260941,0.2085994737810508
105,f1_strong_t1|f3_dup_a|f4_dup_b|f5_null|f7_weak|f8_bigcoef|noise_0,101110111,7,-4.156348667144775,0.0320750591736672,0.8262582851139699,0.9482024526049658,-4.030176549842233,0.1261721173025423
105,f1_strong_t1|f3_dup_a|f4_dup_b|f6_suppressor|f7_weak|f8_bigcoef|noise_0,101101111,7,-2.47456804227829,0.0338735114405763,2.5080389099804554,2.732019807522262,-2.267629421046519,0.2069386212317709
105,f1_strong_t1|f3_dup_a|f5_null|f6_suppressor|f7_weak|f8_bigcoef|noise_0,101011111,7,-2.5134974615097048,0.0326127443483783,2.4691094907490405,2.7218225403511003,-2.278256865155645,0.2352405963540595
105,f1_strong_t1|f4_dup_b|f5_null|f6_suppressor|f7_weak|f8_bigcoef|noise_0,100111111,7,-2.509039664840698,0.0328244827234495,2.473567287418047,2.7218225403511003,-2.2766126933964714,0.2324269714442266
105,f2_strong_t2|f3_dup_a|f4_dup_b|f5_null|f6_suppressor|f7_weak|f8_bigcoef,11111110,7,-3.517030938911438,0.0315792104424607,1.4655760133473072,1.5697402177748048,-3.3839752839981445,0.1330556549132935
105,f2_strong_t2|f3_dup_a|f4_dup_b|f5_null|f6_suppressor|f7_weak|noise_0,11111101,7,-3.795857776117325,0.0311022783976849,1.1867491761414204,1.2941517581300257,-3.660209718092013,0.1356480580253118
105,f2_strong_t2|f3_dup_a|f4_dup_b|f5_null|f6_suppressor|f8_bigcoef|noise_0,11111011,7,-3.599708369350433,0.030707687896335,1.3828985829083118,1.486982998536018,-3.468261132212568,0.1314472371378658
105,f2_strong_t2|f3_dup_a|f4_dup_b|f5_null|f7_weak|f8_bigcoef|noise_0,11110111,7,-3.49592588224411,0.0310580166679798,1.4866810700146351,1.5697402177748048,-3.3839752839981445,0.1119505982459654
105,f2_strong_t2|f3_dup_a|f4_dup_b|f6_suppressor|f7_weak|f8_bigcoef|noise_0,11101111,7,-3.5075041578769683,0.0311484506760828,1.475102794381777,1.5697402177748048,-3.3839752839981445,0.1235288738788238
105,f2_strong_t2|f3_dup_a|f5_null|f6_suppressor|f7_weak|f8_bigcoef|noise_0,11011111,7,-3.523402035999298,0.0296318476828922,1.4592049162594471,1.5595429506036431,-3.394602728107272,0.1287993078920268
105,f2_strong_t2|f4_dup_b|f5_null|f6_suppressor|f7_weak|f8_bigcoef|noise_0,10111111,7,-3.521132109975815,0.0293147925895164,1.4614748422829305,1.5595429506036431,-3.392958556348098,0.1281735536277168
105,f3_dup_a|f4_dup_b|f5_null|f6_suppressor|f7_weak|f8_bigcoef|noise_0,1111111,7,-4.319559488296509,0.0322059062053786,0.6630474639622363,0.7650212615577549,-4.206909392240064,0.1126500960564449
105,f1_strong_t1|f2_strong_t2|f3_dup_a|f4_dup_b|f5_null|f6_suppressor|f7_weak|f8_bigcoef,111111110,8,-1.6747276925086976,0.0342433639726379,3.307879259750048,3.5367387637393115,-1.4446953128046012,0.2300323797040964
105,f1_strong_t1|f2_strong_t2|f3_dup_a|f4_dup_b|f5_null|f6_suppressor|f7_weak|noise_0,111111101,8,-1.9602269825935363,0.0339106152240997,3.022379969665209,3.261150304094533,-1.7209297468984697,0.2392972356950666
105,f1_strong_t1|f2_strong_t2|f3_dup_a|f4_dup_b|f5_null|f6_suppressor|f8_bigcoef|noise_0,111111011,8,-1.7622595957756042,0.0333216087390198,3.220347356483141,3.4539815445005253,-1.5289811610190234,0.2332784347565808
105,f1_strong_t1|f2_strong_t2|f3_dup_a|f4_dup_b|f5_null|f7_weak|f8_bigcoef|noise_0,111110111,8,-3.343893159770966,0.0310988690455379,1.6387137924877797,1.752921408822016,-3.2072424416003145,0.1366507181706513
105,f1_strong_t1|f2_strong_t2|f3_dup_a|f4_dup_b|f6_suppressor|f7_weak|f8_bigcoef|noise_0,111101111,8,-1.6641916944503783,0.0335517563419028,3.3184152578083665,3.5367387637393115,-1.4446953128046012,0.2194963816457773
105,f1_strong_t1|f2_strong_t2|f3_dup_a|f5_null|f6_suppressor|f7_weak|f8_bigcoef|noise_0,111011111,8,-1.711590924835205,0.0321639851016788,3.2710160274235403,3.52654149656815,-1.4553227569137268,0.2562681679214782
105,f1_strong_t1|f2_strong_t2|f4_dup_b|f5_null|f6_suppressor|f7_weak|f8_bigcoef|noise_0,110111111,8,-1.697615168762207,0.0317317622490803,3.2849917834965385,3.52654149656815,-1.4536785851545533,0.2439365836076537
105,f1_strong_t1|f3_dup_a|f4_dup_b|f5_null|f6_suppressor|f7_weak|f8_bigcoef|noise_0,101111111,8,-2.4814401379585265,0.0346698849829034,2.501166814300219,2.732019807522262,-2.267629421046519,0.2138107169120076
105,f2_strong_t2|f3_dup_a|f4_dup_b|f5_null|f6_suppressor|f7_weak|f8_bigcoef|noise_0,11111111,8,-3.5167538230896,0.0315626845768624,1.4658531291691457,1.5697402177748048,-3.3839752839981445,0.1327785390914551
105,f1_strong_t1|f2_strong_t2|f3_dup_a|f4_dup_b|f5_null|f6_suppressor|f7_weak|f8_bigcoef|noise_0,111111111,9,-1.6708198739051818,0.03390274869984,3.3117870783535635,3.5367387637393115,-1.4446953128046012,0.2261245611005806
