seed,model,epoch,training_loss,validation_loss
0,masked_npe,0,5.148279997018667,5.062450408935547
0,masked_npe,1,4.881142799670879,4.873664379119873
0,masked_npe,2,4.707690789149358,4.721518039703369
0,masked_npe,3,4.544983460352971,4.489692211151123
0,masked_npe,4,4.372037007258489,4.332728385925293
0,masked_npe,5,4.264521415417011,4.249402523040772
0,masked_npe,6,4.21401753792396,4.222119092941284
0,masked_npe,7,4.1759388997004585,4.224287033081055
0,masked_npe,8,4.154487353104812,4.206400632858276
0,masked_npe,9,4.143435331491324,4.137343168258667
0,masked_npe,10,4.108039452479436,4.201602220535278
0,masked_npe,11,4.113013230837309,4.154232025146484
0,masked_npe,12,4.057136297225952,4.182006359100342
0,masked_npe,13,4.0330657592186565,4.104482889175415
0,masked_npe,14,4.0178281894096965,4.017848968505859
0,masked_npe,15,3.9882791959322414,4.057205438613892
0,masked_npe,16,3.954445710548988,4.014474868774414
0,masked_npe,17,3.92657470703125,4.0336761474609375
0,masked_npe,18,3.927369007697472,3.949531555175781
0,masked_npe,19,3.879632436312162,3.945980310440064
0,masked_npe,20,3.8219251816089335,3.888375401496887
0,masked_npe,21,3.825422378686758,3.894599676132202
0,masked_npe,22,3.771985182395348,3.857976913452149
0,masked_npe,23,3.764767335011409,3.790256977081299
0,masked_npe,24,3.696735455439641,3.829225182533264
0,masked_npe,25,3.702129932550283,3.760082721710205
0,masked_npe,26,3.6796722962306094,3.770008444786072
0,masked_npe,27,3.6730704490955057,3.758551478385925
0,masked_npe,28,3.655587233029879,3.705516695976257
0,masked_npe,29,3.6259181316082296,3.680415034294128
0,masked_npe,30,3.638661366242629,3.7590807676315294
0,masked_npe,31,3.588259806999793,3.656617164611816
0,masked_npe,32,3.6185966638418345,3.665845036506653
0,masked_npe,33,3.585024210122916,3.659355878829956
0,masked_npe,34,3.602841303898738,3.65323007106781
0,masked_npe,35,3.595180456454937,3.6358044147491455
0,masked_npe,36,3.560894727706909,3.641102910041809
0,masked_npe,37,3.585725344144381,3.6787999868392944
0,masked_npe,38,3.5456980008345385,3.654232144355774
0,masked_npe,39,3.561590378101056,3.5917766094207764
0,masked_npe,40,3.5427619493924656,3.6588655710220337
0,masked_npe,41,3.559517640333909,3.6332653760910034
0,masked_npe,42,3.527940878501305,3.65736985206604
0,masked_npe,43,3.548270445603591,3.593037843704224
0,masked_npe,44,3.5641635748056264,3.6273692846298218
0,masked_npe,45,3.522646592213557,3.6378597021102905
0,masked_npe,46,3.516402134528527,3.663125514984131
0,masked_npe,47,3.4944941263932447,3.561790108680725
0,masked_npe,48,3.51849915431096,3.604275703430176
0,masked_npe,49,3.5196187679584208,3.6122641563415527
0,masked_npe,50,3.4967027444105883,3.649239420890808
0,masked_npe,51,3.491526878797091,3.6283198595047
0,masked_npe,52,3.554248516376202,3.5967007875442505
0,masked_npe,53,3.486150099680974,3.5751729011535645
0,masked_npe,54,3.4878682906811056,3.639310479164124
0,masked_npe,55,3.4889400005340576,3.600619316101074
0,masked_npe,56,3.483978216464703,3.611586093902588
0,masked_npe,57,3.482494299228375,3.617956280708313
0,masked_npe,58,3.5309047515575704,3.6500359773635855
0,masked_npe,59,3.4955873672778788,3.5681018829345703
0,masked_npe,60,3.487186615283673,3.599581360816956
0,masked_npe,61,3.496975825383113,3.634252429008484
0,masked_npe,62,3.4520624784322886,3.5677146911621094
0,masked_npe,63,3.5366498140188365,3.5528563261032104
0,masked_npe,64,3.432732490392832,3.595945119857788
0,masked_npe,65,3.4717223277458777,3.587015151977539
0,masked_npe,66,3.4612112778883715,3.5905836820602417
0,masked_npe,67,3.5157351310436544,3.5859395265579224
0,masked_npe,68,3.495635747909546,3.605305433273315
0,masked_npe,69,3.4439588143275333,3.5702680349349976
0,masked_npe,70,3.4715849252847524,3.5370614528656006
0,masked_npe,71,3.46985125541687,3.619569540023804
0,masked_npe,72,3.4747611375955434,3.574462890625
0,masked_npe,73,3.4937250797565165,3.6227328777313232
0,masked_npe,74,3.4981167316436768,3.593935489654541
0,masked_npe,75,3.500993398519663,3.580765008926392
0,masked_npe,76,3.479366339170016,3.589371681213379
0,masked_npe,77,3.451600221487192,3.538976550102234
0,masked_npe,78,3.464567404526931,3.5831093788146973
0,masked_npe,79,3.4804588647989125,3.6009340286254883
0,masked_npe,80,3.4611169741703915,3.589463949203491
0,masked_npe,81,3.4779502061697154,3.583334445953369
0,masked_npe,82,3.447873500677256,3.558814525604248
0,masked_npe,83,3.4669181566972,3.608252048492432
0,masked_npe,84,3.425693695361798,3.613468170166016
0,masked_npe,85,3.430125878407405,3.59149169921875
0,masked_npe,86,3.485346720768855,3.6326712369918814
0,masked_npe,87,3.420346388450036,3.628198504447937
0,masked_npe,88,3.4518759067241964,3.6546660661697374
0,masked_npe,89,3.4773329954880934,3.62062668800354
0,masked_npe,90,3.463811599291288,3.597164869308472
0,masked_npe,91,3.4763575884012075,3.560487508773804
0,masked_npe,92,3.442095059614915,3.595746159553528
0,masked_npe,93,3.471882471671471,3.58060359954834
0,masked_npe,94,3.4375945237966685,3.6542327404022217
0,masked_npe,95,3.439917124234713,3.579137921333313
0,dedicated_npe,0,5.0782748735868015,4.857189893722534
0,dedicated_npe,1,4.520536055931678,4.370278596878052
0,dedicated_npe,2,4.086132453038142,3.899032235145569
0,dedicated_npe,3,3.620044598212609,3.443683862686157
0,dedicated_npe,4,3.205791345009437,2.965170860290528
0,dedicated_npe,5,2.5098423591026893,2.3284289836883545
0,dedicated_npe,6,2.23587480875162,2.1033735275268555
0,dedicated_npe,7,1.949212642816397,1.945148289203644
0,dedicated_npe,8,1.8444349949176493,1.907503306865692
0,dedicated_npe,9,1.7926578063231249,1.9668821692466736
0,dedicated_npe,10,1.7431641633693988,1.7937743663787842
0,dedicated_npe,11,1.706314050234281,1.7783002853393557
0,dedicated_npe,12,1.682099727483896,1.7993279099464417
0,dedicated_npe,13,1.657432510302617,1.7519714832305908
0,dedicated_npe,14,1.6322672642194307,1.73922598361969
0,dedicated_npe,15,1.615517726311317,1.7359909415245056
0,dedicated_npe,16,1.6043315117175765,1.739982545375824
0,dedicated_npe,17,1.597720430447505,1.7497599124908447
0,dedicated_npe,18,1.590800606287443,1.840314209461212
0,dedicated_npe,19,1.5936614733475905,1.854164183139801
0,dedicated_npe,20,1.614061108002296,1.777525782585144
0,dedicated_npe,21,1.5768220241253192,1.7577002048492432
0,dedicated_npe,22,1.5376417820270245,1.6976909637451172
0,dedicated_npe,23,1.5250740601466253,1.725827693939209
0,dedicated_npe,24,1.512913703918457,1.7633275389671326
0,dedicated_npe,25,1.509795564871568,1.709765076637268
0,dedicated_npe,26,1.5086978398836577,1.688240826129913
0,dedicated_npe,27,1.484145292868981,1.7089152336120603
0,dedicated_npe,28,1.4823822608360877,1.7819556593894958
0,dedicated_npe,29,1.479052213522104,1.711236536502838
0,dedicated_npe,30,1.4609044973666852,1.6888557076454165
0,dedicated_npe,31,1.462777697123014,1.7444653511047363
0,dedicated_npe,32,1.4598402335093572,1.7321813702583313
0,dedicated_npe,33,1.46495049733382,1.7100743055343628
0,dedicated_npe,34,1.455686404154851,1.750619351863861
0,dedicated_npe,35,1.4537659149903517,1.687457799911499
0,dedicated_npe,36,1.4399329607303326,1.7679044008255005
0,dedicated_npe,37,1.4159838878191435,1.7066927552223206
0,dedicated_npe,38,1.4221657606271596,1.6987062692642212
0,dedicated_npe,39,1.433491165821369,1.685172438621521
0,dedicated_npe,40,1.4177839389214149,1.7151641845703125
0,dedicated_npe,41,1.4063309889573317,1.766861915588379
0,dedicated_npe,42,1.405335316291222,1.7478641867637634
0,dedicated_npe,43,1.3954774233011098,1.7206939458847046
0,dedicated_npe,44,1.384485831627479,1.7834880948066711
0,dedicated_npe,45,1.3799515687502348,1.7392622232437134
0,dedicated_npe,46,1.3994774359923143,1.7842265367507937
0,dedicated_npe,47,1.416322029553927,1.7362142205238342
0,dedicated_npe,48,1.3849813112845788,1.7202857732772827
0,dedicated_npe,49,1.3564317226409912,1.774114966392517
0,dedicated_npe,50,1.3866153955459597,1.693198025226593
0,dedicated_npe,51,1.3587770553735583,1.75253164768219
0,dedicated_npe,52,1.3527461565457857,1.7121516466140747
0,dedicated_npe,53,1.348798971909743,1.727894306182861
0,dedicated_npe,54,1.3579675142581646,1.7163352966308594
0,dedicated_npe,55,1.3259874765689557,1.7631157040596008
0,dedicated_npe,56,1.3304400535730214,1.7379058599472046
0,dedicated_npe,57,1.3255961583210871,1.809858798980713
0,dedicated_npe,58,1.322016294185932,1.722128450870514
0,dedicated_npe,59,1.3184192364032452,1.7698416113853457
0,dedicated_npe,60,1.3208609636013324,1.840722680091858
0,dedicated_npe,61,1.3252772734715388,1.8209264278411863
0,dedicated_npe,62,1.3002346203877375,1.7565900087356567
0,dedicated_npe,63,1.3064606739924505,1.7732301950454712
0,dedicated_npe,64,1.2968986951387846,1.8063849210739136
0,retrain_without_f1_strong_t1,0,5.107938289642334,4.872816562652588
0,retrain_without_f1_strong_t1,1,4.622282211597149,4.502319812774658
0,retrain_without_f1_strong_t1,2,4.248166707845835,4.113513469696045
0,retrain_without_f1_strong_t1,3,3.8826485780569215,3.834781885147095
0,retrain_without_f1_strong_t1,4,3.660539113558256,3.6927194595336914
0,retrain_without_f1_strong_t1,5,3.577580451965332,3.63246500492096
0,retrain_without_f1_strong_t1,6,3.544725473110492,3.5943822860717773
0,retrain_without_f1_strong_t1,7,3.5091250126178446,3.599969506263733
0,retrain_without_f1_strong_t1,8,3.5033791798811693,3.5644335746765137
0,retrain_without_f1_strong_t1,9,3.48253739797152,3.571056365966797
0,retrain_without_f1_strong_t1,10,3.4672535015986514,3.57073974609375
0,retrain_without_f1_strong_t1,11,3.4462202328902025,3.5822954177856445
0,retrain_without_f1_strong_t1,12,3.4395185984098,3.552579045295716
0,retrain_without_f1_strong_t1,13,3.433876312696017,3.5943384170532227
0,retrain_without_f1_strong_t1,14,3.418297345821674,3.5837557315826416
0,retrain_without_f1_strong_t1,15,3.4054024586310754,3.5678426027297974
0,retrain_without_f1_strong_t1,16,3.398432053052462,3.5947299003601074
0,retrain_without_f1_strong_t1,17,3.395326724419227,3.5607359409332275
0,retrain_without_f1_strong_t1,18,3.382770666709313,3.589439868927002
0,retrain_without_f1_strong_t1,19,3.370803374510545,3.6062204837799072
0,retrain_without_f1_strong_t1,20,3.3672236112447886,3.5910868644714355
0,retrain_without_f1_strong_t1,21,3.365158576231736,3.599516153335572
0,retrain_without_f1_strong_t1,22,3.363813106830304,3.594691038131714
0,retrain_without_f1_strong_t1,23,3.3522293200859656,3.601549983024597
0,retrain_without_f1_strong_t1,24,3.349468231201172,3.5914745330810547
0,retrain_without_f1_strong_t1,25,3.335399315907405,3.587760329246521
0,retrain_without_f1_strong_t1,26,3.337014308342567,3.596895933151245
0,retrain_without_f1_strong_t1,27,3.329179837153508,3.5959880352020264
0,retrain_without_f1_strong_t1,28,3.324119072694045,3.589147210121155
0,retrain_without_f1_strong_t1,29,3.328841337790856,3.6354204416275024
0,retrain_without_f1_strong_t1,30,3.31457336132343,3.6033817529678345
0,retrain_without_f1_strong_t1,31,3.3039931517380934,3.639034867286682
0,retrain_without_f1_strong_t1,32,3.3037411249600925,3.6337366104125977
0,retrain_without_f1_strong_t1,33,3.2879232259897084,3.6044379472732544
0,retrain_without_f1_strong_t1,34,3.293480616349441,3.6159121990203857
0,retrain_without_f1_strong_t1,35,3.289790025124183,3.596582293510437
0,retrain_without_f1_strong_t1,36,3.2777129136599026,3.637437105178833
0,retrain_without_f1_strong_t1,37,3.2734061754666843,3.627815961837769
0,retrain_without_f2_strong_t2,0,5.107586420499361,4.872091770172119
0,retrain_without_f2_strong_t2,1,4.654590313251202,4.55661940574646
0,retrain_without_f2_strong_t2,2,4.34283340894259,4.244377613067627
0,retrain_without_f2_strong_t2,3,4.094594588646522,4.06356406211853
0,retrain_without_f2_strong_t2,4,3.7669862050276537,3.499275684356689
0,retrain_without_f2_strong_t2,5,3.054075332788321,2.7732081413269043
0,retrain_without_f2_strong_t2,6,2.7161213618058424,2.7070584297180176
0,retrain_without_f2_strong_t2,7,2.5848205456366906,2.688305616378784
0,retrain_without_f2_strong_t2,8,2.540115686563345,2.5850261449813843
0,retrain_without_f2_strong_t2,9,2.470850155903743,2.55053186416626
0,retrain_without_f2_strong_t2,10,2.456959265929002,2.544410467147827
0,retrain_without_f2_strong_t2,11,2.4224976943089414,2.550052285194397
0,retrain_without_f2_strong_t2,12,2.405928886853732,2.531815528869629
0,retrain_without_f2_strong_t2,13,2.395693485553448,2.5089110136032104
0,retrain_without_f2_strong_t2,14,2.374609837165245,2.531413316726685
0,retrain_without_f2_strong_t2,15,2.3808965866382303,2.5102962255477905
0,retrain_without_f2_strong_t2,16,2.356182942023644,2.524773955345154
0,retrain_without_f2_strong_t2,17,2.33528758929326,2.45525336265564
0,retrain_without_f2_strong_t2,18,2.304800015229445,2.504480004310608
0,retrain_without_f2_strong_t2,19,2.3019223396594706,2.5087006092071533
0,retrain_without_f2_strong_t2,20,2.296605073488676,2.509277105331421
0,retrain_without_f2_strong_t2,21,2.2932267005626974,2.49533748626709
0,retrain_without_f2_strong_t2,22,2.273120568348811,2.5138689279556274
0,retrain_without_f2_strong_t2,23,2.2747923777653623,2.473048448562622
0,retrain_without_f2_strong_t2,24,2.26172214287978,2.4921120405197144
0,retrain_without_f2_strong_t2,25,2.2508055796990027,2.492942452430725
0,retrain_without_f2_strong_t2,26,2.2546451825361986,2.509523868560791
0,retrain_without_f2_strong_t2,27,2.231450777787429,2.481304883956909
0,retrain_without_f2_strong_t2,28,2.2686367951906643,2.473169684410095
0,retrain_without_f2_strong_t2,29,2.239862772134634,2.521753191947937
0,retrain_without_f2_strong_t2,30,2.2230224242577186,2.4916412830352783
0,retrain_without_f2_strong_t2,31,2.2163656124701867,2.543582558631897
0,retrain_without_f2_strong_t2,32,2.2226363512185903,2.5142385959625244
0,retrain_without_f2_strong_t2,33,2.226292518469004,2.475876808166504
0,retrain_without_f2_strong_t2,34,2.2295081432049093,2.437753677368164
0,retrain_without_f2_strong_t2,35,2.259577934558575,2.560979723930359
0,retrain_without_f2_strong_t2,36,2.240100493797889,2.5022568702697754
0,retrain_without_f2_strong_t2,37,2.2058092814225416,2.479310393333435
0,retrain_without_f2_strong_t2,38,2.188993839117197,2.5247902870178223
0,retrain_without_f2_strong_t2,39,2.201292404761681,2.4982223510742188
0,retrain_without_f2_strong_t2,40,2.17757980640118,2.4889124631881714
0,retrain_without_f2_strong_t2,41,2.163721726490901,2.48606014251709
0,retrain_without_f2_strong_t2,42,2.176417717566857,2.5062825679779053
0,retrain_without_f2_strong_t2,43,2.174575622265156,2.493300437927246
0,retrain_without_f2_strong_t2,44,2.1658328496492825,2.5130040645599365
0,retrain_without_f2_strong_t2,45,2.165936543391301,2.587599515914917
0,retrain_without_f2_strong_t2,46,2.2109487240131083,2.534345507621765
0,retrain_without_f2_strong_t2,47,2.1663621755746694,2.486382484436035
0,retrain_without_f2_strong_t2,48,2.1413005040242123,2.4880958795547485
0,retrain_without_f2_strong_t2,49,2.14572314115671,2.503838062286377
0,retrain_without_f2_strong_t2,50,2.127088216634897,2.487212061882019
0,retrain_without_f2_strong_t2,51,2.130577655938956,2.508536696434021
0,retrain_without_f2_strong_t2,52,2.1248214886738706,2.5388782024383545
0,retrain_without_f2_strong_t2,53,2.114637989264268,2.524200201034546
0,retrain_without_f2_strong_t2,54,2.1123444117032566,2.5611475706100464
0,retrain_without_f2_strong_t2,55,2.130518473111666,2.5809601545333862
0,retrain_without_f2_strong_t2,56,2.108297879879291,2.5337893962860107
0,retrain_without_f2_strong_t2,57,2.099906572928796,2.522067070007324
0,retrain_without_f2_strong_t2,58,2.085350806896503,2.4835070371627808
0,retrain_without_f2_strong_t2,59,2.094417196053725,2.540025234222412
0,retrain_without_f3_dup_a,0,5.084284158853384,4.816908359527588
0,retrain_without_f3_dup_a,1,4.561553148122934,4.3928399085998535
0,retrain_without_f3_dup_a,2,4.109086715258085,3.861252546310425
0,retrain_without_f3_dup_a,3,3.602201241713304,3.4260740280151367
0,retrain_without_f3_dup_a,4,3.1202691334944506,2.7742459774017334
0,retrain_without_f3_dup_a,5,2.352625846862793,2.134009599685669
0,retrain_without_f3_dup_a,6,2.0183198818793664,2.0568577647209167
0,retrain_without_f3_dup_a,7,1.901726401769198,1.949869394302368
0,retrain_without_f3_dup_a,8,1.8269521456498363,1.8271270990371704
0,retrain_without_f3_dup_a,9,1.7557868957519531,1.819148361682892
0,retrain_without_f3_dup_a,10,1.722023844718933,1.789017677307129
0,retrain_without_f3_dup_a,11,1.690625209074754,1.81433379650116
0,retrain_without_f3_dup_a,12,1.6788198122611413,1.7317622900009155
0,retrain_without_f3_dup_a,13,1.6405991499240582,1.7858532667160034
0,retrain_without_f3_dup_a,14,1.632197590974661,1.7717326283454895
0,retrain_without_f3_dup_a,15,1.6081423392662637,1.832886636257172
0,retrain_without_f3_dup_a,16,1.606523798062251,1.7569469809532166
0,retrain_without_f3_dup_a,17,1.5740631543673005,1.702241837978363
0,retrain_without_f3_dup_a,18,1.581503180357126,1.7475929260253906
0,retrain_without_f3_dup_a,19,1.5502630655582137,1.7666980624198914
0,retrain_without_f3_dup_a,20,1.5465054603723378,1.7622886300086975
0,retrain_without_f3_dup_a,21,1.543491767002986,1.7269303798675537
0,retrain_without_f3_dup_a,22,1.5339556015454805,1.7507070302963257
0,retrain_without_f3_dup_a,23,1.5250662381832416,1.7373589873313904
0,retrain_without_f3_dup_a,24,1.521312456864577,1.7003628611564636
0,retrain_without_f3_dup_a,25,1.4949945486508882,1.6983801126480105
0,retrain_without_f3_dup_a,26,1.5047175517449012,1.7004202008247375
0,retrain_without_f3_dup_a,27,1.4812266368132372,1.7263904809951782
0,retrain_without_f3_dup_a,28,1.5174999970656176,1.7047559022903442
0,retrain_without_f3_dup_a,29,1.4912192913202138,1.726897120475769
0,retrain_without_f3_dup_a,30,1.4691375218904936,1.7157117128372192
0,retrain_without_f3_dup_a,31,1.4620200303884654,1.7534390091896055
0,retrain_without_f3_dup_a,32,1.4625318142083974,1.7104700207710266
0,retrain_without_f3_dup_a,33,1.4614550975652842,1.707155466079712
0,retrain_without_f3_dup_a,34,1.4698639374512892,1.6542692184448242
0,retrain_without_f3_dup_a,35,1.491884525005634,1.6724398732185364
0,retrain_without_f3_dup_a,36,1.4878302262379572,1.738411784172058
0,retrain_without_f3_dup_a,37,1.4459737906089196,1.7282705903053284
0,retrain_without_f3_dup_a,38,1.4420454593805163,1.7491269707679749
0,retrain_without_f3_dup_a,39,1.4509565004935632,1.7424113154411316
0,retrain_without_f3_dup_a,40,1.4178831027104304,1.700828492641449
0,retrain_without_f3_dup_a,41,1.4070191016564002,1.7151899933815002
0,retrain_without_f3_dup_a,42,1.418578679745014,1.730828583240509
0,retrain_without_f3_dup_a,43,1.4177253246307373,1.7296738624572754
0,retrain_without_f3_dup_a,44,1.4142770583813007,1.748525619506836
0,retrain_without_f3_dup_a,45,1.4115728598374586,1.7603170275688171
0,retrain_without_f3_dup_a,46,1.401470422744751,1.749839723110199
0,retrain_without_f3_dup_a,47,1.3869754992998564,1.7012709379196167
0,retrain_without_f3_dup_a,48,1.3793213550861063,1.7392929792404177
0,retrain_without_f3_dup_a,49,1.3938274016747108,1.748619556427002
0,retrain_without_f3_dup_a,50,1.3610823246148915,1.702660322189331
0,retrain_without_f3_dup_a,51,1.3649787902832031,1.741531252861023
0,retrain_without_f3_dup_a,52,1.3655752952282243,1.7520514726638794
0,retrain_without_f3_dup_a,53,1.3761547895578237,1.781569242477417
0,retrain_without_f3_dup_a,54,1.36400306224823,1.7690615057945251
0,retrain_without_f3_dup_a,55,1.3662447654283965,1.7632410526275637
0,retrain_without_f3_dup_a,56,1.363416580053476,1.724469780921936
0,retrain_without_f3_dup_a,57,1.3457071414360633,1.759895920753479
0,retrain_without_f3_dup_a,58,1.33508890408736,1.7234702110290527
0,retrain_without_f3_dup_a,59,1.339183339705834,1.7460750937461853
0,retrain_without_f4_dup_b,0,5.085208819462703,4.818229675292969
0,retrain_without_f4_dup_b,1,4.562511774209829,4.398194789886475
0,retrain_without_f4_dup_b,2,4.110147916353666,3.8781508207321167
0,retrain_without_f4_dup_b,3,3.6054175817049465,3.438746690750122
0,retrain_without_f4_dup_b,4,3.1295355466695933,2.788845181465149
0,retrain_without_f4_dup_b,5,2.3659919592050405,2.1026464700698853
0,retrain_without_f4_dup_b,6,2.0335402488708496,2.042313575744629
0,retrain_without_f4_dup_b,7,1.950597387093764,1.9669924974441528
0,retrain_without_f4_dup_b,8,1.8470385258014383,1.8453981280326843
0,retrain_without_f4_dup_b,9,1.7687785166960497,1.8458342552185056
0,retrain_without_f4_dup_b,10,1.7263172773214488,1.7909103631973269
0,retrain_without_f4_dup_b,11,1.687769651412964,1.7809712886810305
0,retrain_without_f4_dup_b,12,1.6640116251431978,1.7385200262069702
0,retrain_without_f4_dup_b,13,1.648267856011024,1.7883577942848206
0,retrain_without_f4_dup_b,14,1.637090380375202,1.836051344871521
0,retrain_without_f4_dup_b,15,1.64099409030034,1.7564747333526611
0,retrain_without_f4_dup_b,16,1.6526034153424776,1.7929570078849792
0,retrain_without_f4_dup_b,17,1.5891787363932683,1.727999210357666
0,retrain_without_f4_dup_b,18,1.5829132611934955,1.74273943901062
0,retrain_without_f4_dup_b,19,1.5675709064190204,1.794507086277008
0,retrain_without_f4_dup_b,20,1.5558958787184496,1.7396464347839355
0,retrain_without_f4_dup_b,21,1.5446644471241875,1.7031736373901367
0,retrain_without_f4_dup_b,22,1.5360769767027636,1.754300236701965
0,retrain_without_f4_dup_b,23,1.529985712124751,1.7182545065879822
0,retrain_without_f4_dup_b,24,1.5132127633461585,1.7004063725471497
0,retrain_without_f4_dup_b,25,1.4985705614089966,1.7137691378593445
0,retrain_without_f4_dup_b,26,1.5083131423363318,1.6951422095298767
0,retrain_without_f4_dup_b,27,1.489106765160194,1.7347089648246763
0,retrain_without_f4_dup_b,28,1.5202668079963098,1.6989188194274902
0,retrain_without_f4_dup_b,29,1.4922733123485858,1.7341938018798828
0,retrain_without_f4_dup_b,30,1.4722460416647103,1.7149311304092407
0,retrain_without_f4_dup_b,31,1.4634786110657911,1.736335277557373
0,retrain_without_f4_dup_b,32,1.4659572839736938,1.7239710092544556
0,retrain_without_f4_dup_b,33,1.4784879959546602,1.6934978365898132
0,retrain_without_f4_dup_b,34,1.4606910852285533,1.653678476810455
0,retrain_without_f4_dup_b,35,1.4687247826502874,1.655470848083496
0,retrain_without_f4_dup_b,36,1.44503300006573,1.7062618732452393
0,retrain_without_f4_dup_b,37,1.4435155850190382,1.7071719765663147
0,retrain_without_f4_dup_b,38,1.4171475080343394,1.7243641018867493
0,retrain_without_f4_dup_b,39,1.4302975948040302,1.708689510822296
0,retrain_without_f4_dup_b,40,1.4117704171400804,1.6913516521453855
0,retrain_without_f4_dup_b,41,1.4229471591802745,1.7039161920547483
0,retrain_without_f4_dup_b,42,1.464380511870751,1.7640594244003296
0,retrain_without_f4_dup_b,43,1.462032941671518,1.8237488269805908
0,retrain_without_f4_dup_b,44,1.4209291751568134,1.7329172492027285
0,retrain_without_f4_dup_b,45,1.4059967261094313,1.7176508903503418
0,retrain_without_f4_dup_b,46,1.4062341084847083,1.7187040448188782
0,retrain_without_f4_dup_b,47,1.3907420635223389,1.6966650485992432
0,retrain_without_f4_dup_b,48,1.386428301150982,1.7119569182395935
0,retrain_without_f4_dup_b,49,1.3864912253159742,1.7447841167449951
0,retrain_without_f4_dup_b,50,1.3757307529449463,1.714186608791351
0,retrain_without_f4_dup_b,51,1.386619017674373,1.7211453914642334
0,retrain_without_f4_dup_b,52,1.375623372884897,1.7230448722839355
0,retrain_without_f4_dup_b,53,1.3645117282867432,1.7272120714187622
0,retrain_without_f4_dup_b,54,1.3597621000730074,1.7649885416030884
0,retrain_without_f4_dup_b,55,1.4001583136045015,1.7273907661437988
0,retrain_without_f4_dup_b,56,1.358847453044011,1.721628963947296
0,retrain_without_f4_dup_b,57,1.3452637837483332,1.7263734936714172
0,retrain_without_f4_dup_b,58,1.3419380279687734,1.6979134678840635
0,retrain_without_f4_dup_b,59,1.3374307063909678,1.7295421361923218
0,retrain_without_f5_null,0,5.077771957104023,4.78394627571106
0,retrain_without_f5_null,1,4.518067543323223,4.349023342132568
0,retrain_without_f5_null,2,4.070111329738911,3.8381927013397217
0,retrain_without_f5_null,3,3.5837135314941406,3.4164013862609863
0,retrain_without_f5_null,4,3.1121455889481764,2.7719556093215942
0,retrain_without_f5_null,5,2.416404228944045,2.102431416511536
0,retrain_without_f5_null,6,2.1598748793968787,2.013901650905609
0,retrain_without_f5_null,7,1.9906506905188928,2.05276870727539
0,retrain_without_f5_null,8,1.9012755522361169,1.8370364904403689
0,retrain_without_f5_null,9,1.807113143113944,1.9174542427062988
0,retrain_without_f5_null,10,1.7657524714103112,1.8228783011436465
0,retrain_without_f5_null,11,1.7175874343285191,1.807632267475128
0,retrain_without_f5_null,12,1.7098951248022227,1.7601051926612854
0,retrain_without_f5_null,13,1.6756539803284864,1.7930020689964294
0,retrain_without_f5_null,14,1.6462915127093976,1.7549350261688232
0,retrain_without_f5_null,15,1.6271083996846123,1.8200032114982605
0,retrain_without_f5_null,16,1.6230379618131197,1.7548646926879885
0,retrain_without_f5_null,17,1.6331375653927145,1.7159515619277954
0,retrain_without_f5_null,18,1.5929253926643958,1.783567488193512
0,retrain_without_f5_null,19,1.5708838242750902,1.7620028853416445
0,retrain_without_f5_null,20,1.5541082987418542,1.7253342270851135
0,retrain_without_f5_null,21,1.5592270906154926,1.7446988821029663
0,retrain_without_f5_null,22,1.547762549840487,1.7395858764648438
0,retrain_without_f5_null,23,1.5458107269727266,1.7185027599334717
0,retrain_without_f5_null,24,1.5388643099711492,1.6679328680038452
0,retrain_without_f5_null,25,1.5092421770095823,1.666822612285614
0,retrain_without_f5_null,26,1.5023673864511342,1.6749043464660645
0,retrain_without_f5_null,27,1.4873331051606398,1.7094495296478271
0,retrain_without_f5_null,28,1.5073606876226573,1.677811563014984
0,retrain_without_f5_null,29,1.495506946857159,1.7047479152679443
0,retrain_without_f5_null,30,1.4733271232018104,1.6683677434921265
0,retrain_without_f5_null,31,1.4690869588118334,1.7163118720054626
0,retrain_without_f5_null,32,1.467960706123939,1.662064254283905
0,retrain_without_f5_null,33,1.4661750059861405,1.666977941989899
0,retrain_without_f5_null,34,1.4668859059994035,1.5975627899169922
0,retrain_without_f5_null,35,1.491874410555913,1.6793760061264038
0,retrain_without_f5_null,36,1.4707306990256677,1.7009789943695068
0,retrain_without_f5_null,37,1.4561625810769887,1.6743332743644714
0,retrain_without_f5_null,38,1.4336518049240112,1.699844241142273
0,retrain_without_f5_null,39,1.450656771659851,1.704245686531067
0,retrain_without_f5_null,40,1.4266497171842134,1.6639861464500427
0,retrain_without_f5_null,41,1.4162923189309926,1.654527485370636
0,retrain_without_f5_null,42,1.4191142870829656,1.655056715011597
0,retrain_without_f5_null,43,1.413906033222492,1.6741663813591003
0,retrain_without_f5_null,44,1.415585160255432,1.690249800682068
0,retrain_without_f5_null,45,1.4211008365337665,1.6719375848770142
0,retrain_without_f5_null,46,1.4344775218230028,1.686041533946991
0,retrain_without_f5_null,47,1.4169425597557654,1.6495292782783508
0,retrain_without_f5_null,48,1.4070030542520375,1.6423137187957764
0,retrain_without_f5_null,49,1.3992172112831702,1.6877475380897522
0,retrain_without_f5_null,50,1.395947520549481,1.63653302192688
0,retrain_without_f5_null,51,1.379574097119845,1.661680817604065
0,retrain_without_f5_null,52,1.371583892748906,1.66583251953125
0,retrain_without_f5_null,53,1.373415626012362,1.714427828788757
0,retrain_without_f5_null,54,1.3677120392139142,1.6730271577835083
0,retrain_without_f5_null,55,1.3710924478677602,1.689193606376648
0,retrain_without_f5_null,56,1.3640448313492994,1.642403244972229
0,retrain_without_f5_null,57,1.3534050629689145,1.6719977855682373
0,retrain_without_f5_null,58,1.3494065358088567,1.6522923707962036
0,retrain_without_f5_null,59,1.3541220426559448,1.6888771057128906
0,retrain_without_f6_suppressor,0,5.082658877739539,4.799350500106812
0,retrain_without_f6_suppressor,1,4.5356586162860575,4.373232841491699
0,retrain_without_f6_suppressor,2,4.117720860701341,3.9032721519470215
0,retrain_without_f6_suppressor,3,3.720190121577336,3.631056427955627
0,retrain_without_f6_suppressor,4,3.5082614788642297,3.4872530698776245
0,retrain_without_f6_suppressor,5,3.423154354095459,3.433404803276062
0,retrain_without_f6_suppressor,6,3.3879967286036563,3.410528540611267
0,retrain_without_f6_suppressor,7,3.3507437522594747,3.419075727462769
0,retrain_without_f6_suppressor,8,3.3437241224142222,3.374889850616455
0,retrain_without_f6_suppressor,9,3.3199047492100644,3.36246144771576
0,retrain_without_f6_suppressor,10,3.302444678086501,3.3847368955612183
0,retrain_without_f6_suppressor,11,3.280509141775278,3.4038361310958862
0,retrain_without_f6_suppressor,12,3.2752951108492336,3.3426228761672974
0,retrain_without_f6_suppressor,13,3.266763301996084,3.410141706466675
0,retrain_without_f6_suppressor,14,3.2554103227762075,3.39364755153656
0,retrain_without_f6_suppressor,15,3.242392558317918,3.372074604034424
0,retrain_without_f6_suppressor,16,3.235652850224421,3.4179537296295166
0,retrain_without_f6_suppressor,17,3.2280985758854794,3.37203586101532
0,retrain_without_f6_suppressor,18,3.2172909883352427,3.3940329551696777
0,retrain_without_f6_suppressor,19,3.200421700110802,3.39207124710083
0,retrain_without_f6_suppressor,20,3.197373867034912,3.400848865509033
0,retrain_without_f6_suppressor,21,3.1973850543682394,3.389293074607849
0,retrain_without_f6_suppressor,22,3.189517864814172,3.405893325805664
0,retrain_without_f6_suppressor,23,3.1860805474794827,3.409881949424744
0,retrain_without_f6_suppressor,24,3.1737377093388486,3.388553738594055
0,retrain_without_f6_suppressor,25,3.163858487055852,3.407493352890014
0,retrain_without_f6_suppressor,26,3.1606812477111816,3.411298394203186
0,retrain_without_f6_suppressor,27,3.155509563592764,3.4027758836746216
0,retrain_without_f6_suppressor,28,3.158695257627047,3.3875768184661865
0,retrain_without_f6_suppressor,29,3.156415187395536,3.417271137237549
0,retrain_without_f6_suppressor,30,3.135947135778574,3.397232174873352
0,retrain_without_f6_suppressor,31,3.1350991909320536,3.4439796209335327
0,retrain_without_f6_suppressor,32,3.1391427516937256,3.429628610610962
0,retrain_without_f6_suppressor,33,3.117783491428082,3.414843201637268
0,retrain_without_f6_suppressor,34,3.1191474474393406,3.3936768770217896
0,retrain_without_f6_suppressor,35,3.109094473031851,3.378814220428467
0,retrain_without_f6_suppressor,36,3.098924911939181,3.42099392414093
0,retrain_without_f6_suppressor,37,3.0944045323591967,3.407775640487671
0,retrain_without_f7_weak,0,5.0838231306809645,4.817669868469238
0,retrain_without_f7_weak,1,4.540792208451491,4.399022102355957
0,retrain_without_f7_weak,2,4.119898832761324,3.9048668146133423
0,retrain_without_f7_weak,3,3.658129105201134,3.51198959350586
0,retrain_without_f7_weak,4,3.2179647225600023,2.91234290599823
0,retrain_without_f7_weak,5,2.491253559405988,2.1862562894821167
0,retrain_without_f7_weak,6,2.072639676240774,2.029757559299469
0,retrain_without_f7_weak,7,1.9451899895301232,1.968961358070373
0,retrain_without_f7_weak,8,1.9064250267468963,1.881339490413665
0,retrain_without_f7_weak,9,1.8332315408266509,1.9246442914009088
0,retrain_without_f7_weak,10,1.7995212078094482,1.848943471908569
0,retrain_without_f7_weak,11,1.754382353562575,1.847980260848999
0,retrain_without_f7_weak,12,1.7271055441636305,1.810480773448944
0,retrain_without_f7_weak,13,1.7117184400558472,1.8260517716407776
0,retrain_without_f7_weak,14,1.69987599666302,1.8297019004821773
0,retrain_without_f7_weak,15,1.6943944417513337,1.9405171871185305
0,retrain_without_f7_weak,16,1.6926142619206357,1.8365843296051023
0,retrain_without_f7_weak,17,1.69151220871852,1.7734981179237366
0,retrain_without_f7_weak,18,1.6824091489498432,1.9057536721229555
0,retrain_without_f7_weak,19,1.6855829128852258,1.9051061868667605
0,retrain_without_f7_weak,20,1.6510874674870415,1.818184196949005
0,retrain_without_f7_weak,21,1.6244915173603938,1.774832844734192
0,retrain_without_f7_weak,22,1.6298161286574144,1.8098406791687007
0,retrain_without_f7_weak,23,1.633044307048504,1.820473074913025
0,retrain_without_f7_weak,24,1.6102606241519637,1.806341111660004
0,retrain_without_f7_weak,25,1.5752900288655207,1.7571411728858948
0,retrain_without_f7_weak,26,1.5763065814971924,1.7570613622665403
0,retrain_without_f7_weak,27,1.5627148426496065,1.8266571760177608
0,retrain_without_f7_weak,28,1.5742118725409875,1.7450904250144958
0,retrain_without_f7_weak,29,1.5797808445416963,1.814900517463684
0,retrain_without_f7_weak,30,1.551730596102201,1.7641271352767944
0,retrain_without_f7_weak,31,1.549809244962839,1.79415363073349
0,retrain_without_f7_weak,32,1.5396616275493915,1.775272250175476
0,retrain_without_f7_weak,33,1.5454193261953502,1.7745146751403809
0,retrain_without_f7_weak,34,1.5330222936776967,1.711452305316925
0,retrain_without_f7_weak,35,1.5362621637491078,1.7110090851783752
0,retrain_without_f7_weak,36,1.5211306443581214,1.7622857093811035
0,retrain_without_f7_weak,37,1.5118564734092126,1.7462186813354492
0,retrain_without_f7_weak,38,1.500426980165335,1.7857760787010193
0,retrain_without_f7_weak,39,1.5312106150847216,1.8830881714820864
0,retrain_without_f7_weak,40,1.5140290352014394,1.736985981464386
0,retrain_without_f7_weak,41,1.4839002810991728,1.7467710971832275
0,retrain_without_f7_weak,42,1.4841686762296236,1.7651216387748718
0,retrain_without_f7_weak,43,1.482982066961435,1.7502635717391968
0,retrain_without_f7_weak,44,1.4794994500967174,1.783228576183319
0,retrain_without_f7_weak,45,1.4673925638198853,1.7698782086372375
0,retrain_without_f7_weak,46,1.4704943345143244,1.796586275100708
0,retrain_without_f7_weak,47,1.4623685158216035,1.7564226388931274
0,retrain_without_f7_weak,48,1.4587867535077608,1.7737478613853457
0,retrain_without_f7_weak,49,1.474828472504249,1.7955111861228945
0,retrain_without_f7_weak,50,1.4450724033208997,1.7550530433654783
0,retrain_without_f7_weak,51,1.448235796048091,1.791670858860016
0,retrain_without_f7_weak,52,1.4535196469380305,1.7857784032821655
0,retrain_without_f7_weak,53,1.4599700157458966,1.7975001335144043
0,retrain_without_f7_weak,54,1.4387976756462684,1.779441773891449
0,retrain_without_f7_weak,55,1.4363815417656531,1.7970840334892273
0,retrain_without_f7_weak,56,1.4207782928760235,1.7447410821914673
0,retrain_without_f7_weak,57,1.4159310964437632,1.7857989072799685
0,retrain_without_f7_weak,58,1.4320910435456495,1.755920946598053
0,retrain_without_f7_weak,59,1.4274535087438731,1.8109198808670044
0,retrain_without_f7_weak,60,1.4199817272332995,1.747920572757721
0,retrain_without_f8_bigcoef,0,5.092340396000789,4.827946662902832
0,retrain_without_f8_bigcoef,1,4.575444111457238,4.444454908370972
0,retrain_without_f8_bigcoef,2,4.194336964533879,4.013431072235107
0,retrain_without_f8_bigcoef,3,3.777709979277392,3.674602270126343
0,retrain_without_f8_bigcoef,4,3.3696028085855336,3.094003677368164
0,retrain_without_f8_bigcoef,5,2.6456162562737098,2.4494611024856567
0,retrain_without_f8_bigcoef,6,2.247858561002291,2.2015535831451416
0,retrain_without_f8_bigcoef,7,2.102584417049701,2.1425739526748657
0,retrain_without_f8_bigcoef,8,2.106377436564519,2.1398757696151733
0,retrain_without_f8_bigcoef,9,2.0469893308786244,2.0868656635284424
0,retrain_without_f8_bigcoef,10,1.9781015927975,2.0657724142074585
0,retrain_without_f8_bigcoef,11,1.9306759192393377,2.061605930328369
0,retrain_without_f8_bigcoef,12,1.91273256448599,2.030961275100708
0,retrain_without_f8_bigcoef,13,1.90380859375,2.028782427310944
0,retrain_without_f8_bigcoef,14,1.876575286571796,2.0419753789901733
0,retrain_without_f8_bigcoef,15,1.8821183443069456,1.997703194618225
0,retrain_without_f8_bigcoef,16,1.880455154639024,2.0365800857543945
0,retrain_without_f8_bigcoef,17,1.8215873149725108,1.976794421672821
0,retrain_without_f8_bigcoef,18,1.839199818097628,2.0857242345809937
0,retrain_without_f8_bigcoef,19,1.8392603122271023,2.049891710281372
0,retrain_without_f8_bigcoef,20,1.7987214968754694,1.9924510717391968
0,retrain_without_f8_bigcoef,21,1.7903278057391827,1.9885122776031487
0,retrain_without_f8_bigcoef,22,1.779409408569336,1.98450231552124
0,retrain_without_f8_bigcoef,23,1.7798998814362743,1.9826620817184448
0,retrain_without_f8_bigcoef,24,1.7735627431135912,1.954344093799591
0,retrain_without_f8_bigcoef,25,1.7586635993077204,1.9557365775108333
0,retrain_without_f8_bigcoef,26,1.7593439817428589,1.9654483199119568
0,retrain_without_f8_bigcoef,27,1.7413221872769868,1.9783180952072144
0,retrain_without_f8_bigcoef,28,1.7646559843650231,1.932687103748321
0,retrain_without_f8_bigcoef,29,1.7370379796394937,2.009638607501984
0,retrain_without_f8_bigcoef,30,1.742313449199383,1.9771933555603027
0,retrain_without_f8_bigcoef,31,1.725810637840858,1.9656943678855896
0,retrain_without_f8_bigcoef,32,1.7203740431712224,1.9765121340751648
0,retrain_without_f8_bigcoef,33,1.7229567766189575,1.9446678161621087
0,retrain_without_f8_bigcoef,34,1.7122802367577186,1.902703762054444
0,retrain_without_f8_bigcoef,35,1.7190376978654127,1.9412763714790344
0,retrain_without_f8_bigcoef,36,1.7218432609851544,1.981899857521057
0,retrain_without_f8_bigcoef,37,1.7123506802778978,1.944350242614746
0,retrain_without_f8_bigcoef,38,1.691571327356192,1.9940862655639648
0,retrain_without_f8_bigcoef,39,1.6997202726510854,1.9593826532363887
0,retrain_without_f8_bigcoef,40,1.667676540521475,1.960403978824616
0,retrain_without_f8_bigcoef,41,1.660338355944707,1.966094851493836
0,retrain_without_f8_bigcoef,42,1.6670801731256335,1.9728295803070068
0,retrain_without_f8_bigcoef,43,1.6565855007905226,1.962827205657959
0,retrain_without_f8_bigcoef,44,1.6649119028678308,1.9892551898956297
0,retrain_without_f8_bigcoef,45,1.661642047075125,1.977116227149964
0,retrain_without_f8_bigcoef,46,1.6624992994161754,1.97351336479187
0,retrain_without_f8_bigcoef,47,1.648379004918612,1.9578027725219729
0,retrain_without_f8_bigcoef,48,1.6408808414752667,1.9622870683670044
0,retrain_without_f8_bigcoef,49,1.6415021052727332,1.9792956709861755
0,retrain_without_f8_bigcoef,50,1.6071375149946947,1.9482241868972776
0,retrain_without_f8_bigcoef,51,1.6211505303016076,1.999682903289795
0,retrain_without_f8_bigcoef,52,1.6291609635719886,1.9871046543121336
0,retrain_without_f8_bigcoef,53,1.6262389513162463,1.99407958984375
0,retrain_without_f8_bigcoef,54,1.6332554450401893,2.008710741996765
0,retrain_without_f8_bigcoef,55,1.6581901495273297,2.0181077122688293
0,retrain_without_f8_bigcoef,56,1.638789442869333,1.950025856494904
0,retrain_without_f8_bigcoef,57,1.6236401337843676,2.007569134235382
0,retrain_without_f8_bigcoef,58,1.604743792460515,1.958152174949646
0,retrain_without_f8_bigcoef,59,1.593209908558772,1.9864424467086792
0,retrain_without_noise_0,0,5.052239894866943,4.777905464172363
0,retrain_without_noise_0,1,4.490879535675049,4.316554546356201
0,retrain_without_noise_0,2,4.04434845997737,3.814846396446228
0,retrain_without_noise_0,3,3.5781743893256555,3.418323040008545
0,retrain_without_noise_0,4,3.1230051334087667,2.7983332872390747
0,retrain_without_noise_0,5,2.3854695650247426,2.1746004819869995
0,retrain_without_noise_0,6,2.0695450122539816,1.98665189743042
0,retrain_without_noise_0,7,1.905061923540556,1.9121516942977903
0,retrain_without_noise_0,8,1.850569257369408,1.786629855632782
0,retrain_without_noise_0,9,1.7873262625474196,1.871830463409424
0,retrain_without_noise_0,10,1.7484709849724402,1.802549242973328
0,retrain_without_noise_0,11,1.6934866538414588,1.7910298109054563
0,retrain_without_noise_0,12,1.6712699211560762,1.734857141971588
0,retrain_without_noise_0,13,1.6659195881623488,1.7453404068946838
0,retrain_without_noise_0,14,1.6434787878623376,1.7415496110916138
0,retrain_without_noise_0,15,1.613027077454787,1.7723307013511658
0,retrain_without_noise_0,16,1.6196617163144624,1.7391842603683472
0,retrain_without_noise_0,17,1.604744865344121,1.649679958820343
0,retrain_without_noise_0,18,1.5671274753717277,1.715923309326172
0,retrain_without_noise_0,19,1.5578836019222553,1.7592790722846985
0,retrain_without_noise_0,20,1.5455051477138813,1.7140493392944336
0,retrain_without_noise_0,21,1.554031491279602,1.7525895237922668
0,retrain_without_noise_0,22,1.5602127955510066,1.7837930917739868
0,retrain_without_noise_0,23,1.56790331693796,1.6737332940101624
0,retrain_without_noise_0,24,1.5202453778340266,1.6829519271850586
0,retrain_without_noise_0,25,1.4962369203567505,1.6704684495925903
0,retrain_without_noise_0,26,1.494977593421936,1.6598286628723145
0,retrain_without_noise_0,27,1.4854938433720517,1.6827288269996643
0,retrain_without_noise_0,28,1.5066894843028142,1.6559860706329346
0,retrain_without_noise_0,29,1.4930347204208374,1.7021358013153076
0,retrain_without_noise_0,30,1.4764109299733088,1.655726432800293
0,retrain_without_noise_0,31,1.465903062086839,1.70899498462677
0,retrain_without_noise_0,32,1.4686085811028111,1.69118070602417
0,retrain_without_noise_0,33,1.4660356594966009,1.6624955534934998
0,retrain_without_noise_0,34,1.469640484222999,1.6113207936286926
0,retrain_without_noise_0,35,1.5109922977594228,1.7335519790649414
0,retrain_without_noise_0,36,1.5124904742607703,1.6934043765068054
0,retrain_without_noise_0,37,1.4670390074069684,1.6595218181610107
0,retrain_without_noise_0,38,1.4491279767109797,1.7065115571022034
0,retrain_without_noise_0,39,1.4371991891127367,1.6643530130386353
0,retrain_without_noise_0,40,1.4143478595293486,1.6706427335739136
0,retrain_without_noise_0,41,1.4098788041334889,1.6626869440078735
0,retrain_without_noise_0,42,1.4172121378091664,1.7076115012168884
0,retrain_without_noise_0,43,1.4196773492372954,1.6879167556762695
0,retrain_without_noise_0,44,1.4172023901572597,1.7048773765563965
0,retrain_without_noise_0,45,1.4120475512284498,1.6741580963134766
0,retrain_without_noise_0,46,1.4096211011593158,1.7024518251419067
0,retrain_without_noise_0,47,1.3986795590474057,1.666537582874298
0,retrain_without_noise_0,48,1.3895226258497972,1.6814340353012085
0,retrain_without_noise_0,49,1.3962189050821157,1.7032249569892883
0,retrain_without_noise_0,50,1.3671606320601244,1.657797932624817
0,retrain_without_noise_0,51,1.3747444611329298,1.6789844036102295
0,retrain_without_noise_0,52,1.367676588205191,1.6933661103248596
0,retrain_without_noise_0,53,1.3744226235609789,1.7109060287475586
0,retrain_without_noise_0,54,1.361811481989347,1.6966240406036377
0,retrain_without_noise_0,55,1.3793914318084717,1.6923024654388428
0,retrain_without_noise_0,56,1.3587767802751982,1.6589444875717163
0,retrain_without_noise_0,57,1.3526849379906287,1.682482898235321
0,retrain_without_noise_0,58,1.3508456303523138,1.6685973405838013
0,retrain_without_noise_0,59,1.35655835041633,1.728758454322815
1,masked_npe,0,5.198879608741174,5.058159112930298
1,masked_npe,1,4.941462113307073,4.878330230712891
1,masked_npe,2,4.791253676781287,4.714572906494141
1,masked_npe,3,4.610489698556753,4.504253625869751
1,masked_npe,4,4.396865661327656,4.346642017364502
1,masked_npe,5,4.260287945087139,4.239680528640747
1,masked_npe,6,4.232877731323242,4.209851980209351
1,masked_npe,7,4.200037772838886,4.180487394332886
1,masked_npe,8,4.175965382502629,4.17777681350708
1,masked_npe,9,4.141668026263897,4.113750219345093
1,masked_npe,10,4.1368057177617,4.081543684005737
1,masked_npe,11,4.075310028516329,4.055983304977417
1,masked_npe,12,4.053776869407067,4.001600027084351
1,masked_npe,13,4.009847640991211,4.069118142127991
1,masked_npe,14,4.020226276837862,3.9804043769836426
1,masked_npe,15,3.9618594463054952,3.9453834295272814
1,masked_npe,16,3.9426926099337054,3.890119433403015
1,masked_npe,17,3.929953483434824,3.885220170021057
1,masked_npe,18,3.901002131975614,3.871996521949768
1,masked_npe,19,3.839432826408973,3.840582609176636
1,masked_npe,20,3.85486021408668,3.816004395484924
1,masked_npe,21,3.805405011543861,3.838538408279419
1,masked_npe,22,3.754534758054293,3.7313950061798096
1,masked_npe,23,3.72204092832712,3.6731852293014526
1,masked_npe,24,3.685924071532029,3.717903733253479
1,masked_npe,25,3.728047792728131,3.6670329570770255
1,masked_npe,26,3.667661666870117,3.673590421676636
1,masked_npe,27,3.6215142653538632,3.671682476997376
1,masked_npe,28,3.6350454550523024,3.6418964862823486
1,masked_npe,29,3.622838515501756,3.649881839752197
1,masked_npe,30,3.6510638823876014,3.6344462633132935
1,masked_npe,31,3.636036506065956,3.6851823329925537
1,masked_npe,32,3.5867693424224854,3.595845103263855
1,masked_npe,33,3.5864988290346584,3.5949259996414185
1,masked_npe,34,3.58411378126878,3.5825682878494263
1,masked_npe,35,3.5893008525554952,3.614720106124878
1,masked_npe,36,3.585076863949116,3.568449378013611
1,masked_npe,37,3.564656771146334,3.5564610958099365
1,masked_npe,38,3.5694601719196024,3.55395770072937
1,masked_npe,39,3.530916617466853,3.5520215034484863
1,masked_npe,40,3.561092633467454,3.611994743347168
1,masked_npe,41,3.5659042505117564,3.558152198791504
1,masked_npe,42,3.535393109688392,3.6227636337280273
1,masked_npe,43,3.535473255010752,3.612191438674927
1,masked_npe,44,3.549670274441058,3.505712985992432
1,masked_npe,45,3.528034558663001,3.6033841371536255
1,masked_npe,46,3.490561852088341,3.519783854484558
1,masked_npe,47,3.533139668978177,3.613524198532105
1,masked_npe,48,3.548732720888578,3.598471999168396
1,masked_npe,49,3.5164949893951416,3.6103984117507935
1,masked_npe,50,3.5279247760772705,3.564573884010315
1,masked_npe,51,3.515468744131235,3.51260244846344
1,masked_npe,52,3.502293018194345,3.5554494857788086
1,masked_npe,53,3.5024801400991588,3.5773669481277466
1,masked_npe,54,3.5276021040402927,3.575409412384033
1,masked_npe,55,3.497821807861328,3.554614305496216
1,masked_npe,56,3.488698409153865,3.5483083724975586
1,masked_npe,57,3.4885070690741906,3.5630502700805664
1,masked_npe,58,3.497496458200308,3.587687015533448
1,masked_npe,59,3.525737322293795,3.495987892150879
1,masked_npe,60,3.52129600598262,3.5435502529144287
1,masked_npe,61,3.500866468136127,3.4996052980422974
1,masked_npe,62,3.4491893694950986,3.544698715209961
1,masked_npe,63,3.499594945173997,3.488502860069275
1,masked_npe,64,3.4771227836608887,3.5109939575195312
1,masked_npe,65,3.513856099202082,3.480949640274048
1,masked_npe,66,3.475282522348257,3.5021289587020874
1,masked_npe,67,3.4765049127432017,3.579111933708191
1,masked_npe,68,3.485755883730375,3.5123109817504883
1,masked_npe,69,3.475314837235671,3.58198082447052
1,masked_npe,70,3.485462005321796,3.556297183036804
1,masked_npe,71,3.4471948513617883,3.584125518798828
1,masked_npe,72,3.4476573100456824,3.538528084754944
1,masked_npe,73,3.4858414760002723,3.520307183265686
1,masked_npe,74,3.487882210658147,3.4974974393844604
1,masked_npe,75,3.459244159551768,3.5450785160064697
1,masked_npe,76,3.4661146127260647,3.4898658990859985
1,masked_npe,77,3.491079733921932,3.5640110969543457
1,masked_npe,78,3.465239268082839,3.527435421943665
1,masked_npe,79,3.520707313831036,3.525503873825073
1,masked_npe,80,3.4652797992412863,3.554736614227295
1,masked_npe,81,3.489276097371028,3.490965247154236
1,masked_npe,82,3.4501753953787,3.524087190628052
1,masked_npe,83,3.4983424039987416,3.497980833053589
1,masked_npe,84,3.4427601924309363,3.509877324104309
1,masked_npe,85,3.428136568803054,3.535411238670349
1,masked_npe,86,3.44550844339224,3.5364878177642822
1,masked_npe,87,3.479668892346896,3.5393941402435303
1,masked_npe,88,3.456614310924824,3.5195287466049194
1,masked_npe,89,3.4799142434046817,3.54995059967041
1,masked_npe,90,3.479889722970816,3.47169041633606
1,masked_npe,91,3.449022971666776,3.53250253200531
1,masked_npe,92,3.4954018409435568,3.5418901443481445
1,masked_npe,93,3.480447347347553,3.527651309967041
1,masked_npe,94,3.474043607711792,3.50897216796875
1,masked_npe,95,3.438906614597028,3.5205233097076416
1,masked_npe,96,3.4613356590271,3.510590672492981
1,masked_npe,97,3.4369206061730018,3.50977635383606
1,masked_npe,98,3.463485571054312,3.523510932922364
1,masked_npe,99,3.450194212106558,3.5409023761749268
1,masked_npe,100,3.4488107974712667,3.456440567970276
1,masked_npe,101,3.439417398892916,3.5592191219329834
1,masked_npe,102,3.452305793762207,3.5430928468704224
1,masked_npe,103,3.4532279418065,3.528629183769226
1,masked_npe,104,3.441244308765118,3.540452241897583
1,masked_npe,105,3.420530704351572,3.523546934127808
1,masked_npe,106,3.4532232834742618,3.521600604057312
1,masked_npe,107,3.460120677947998,3.5368024110794067
1,masked_npe,108,3.451113664186918,3.5596909523010254
1,masked_npe,109,3.4708010049966664,3.547932505607605
1,masked_npe,110,3.4449152029477634,3.513733744621277
1,masked_npe,111,3.4225110090695896,3.53537654876709
1,masked_npe,112,3.4369694819817176,3.534255027770996
1,masked_npe,113,3.419543119577261,3.539857149124145
1,masked_npe,114,3.41622281074524,3.4784871339797974
1,masked_npe,115,3.423241450236394,3.5188705921173096
1,masked_npe,116,3.4137522257291355,3.5104812383651733
1,masked_npe,117,3.404690669133113,3.5227895975112915
1,masked_npe,118,3.466675263184768,3.5479291677474976
1,masked_npe,119,3.44118226491488,3.6143451929092407
1,masked_npe,120,3.455981272917527,3.543316006660461
1,masked_npe,121,3.44396239060622,3.56214451789856
1,masked_npe,122,3.4242312908172607,3.5581032037734985
1,masked_npe,123,3.431191169298612,3.573678970336914
1,masked_npe,124,3.4563410465533915,3.5671192407608032
1,masked_npe,125,3.4291973297412577,3.477362513542176
1,dedicated_npe,0,5.046829370351938,4.720946311950684
1,dedicated_npe,1,4.532223041240986,4.306525230407715
1,dedicated_npe,2,4.095651351488554,3.852620482444763
1,dedicated_npe,3,3.604893207550049,3.42914617061615
1,dedicated_npe,4,3.1982214634235087,2.949955105781555
1,dedicated_npe,5,2.5056476959815392,2.221139073371887
1,dedicated_npe,6,2.0390112675153294,2.011035025119781
1,dedicated_npe,7,1.9144159647134635,1.91959947347641
1,dedicated_npe,8,1.8031965494155884,1.8283208012580872
1,dedicated_npe,9,1.7334109453054576,1.834194839000702
1,dedicated_npe,10,1.7260310283074012,1.804942786693573
1,dedicated_npe,11,1.6909692195745616,1.7696372270584106
1,dedicated_npe,12,1.6492356887230506,1.781154751777649
1,dedicated_npe,13,1.6299732281611516,1.779389500617981
1,dedicated_npe,14,1.593648149416997,1.7337414622306824
1,dedicated_npe,15,1.5856983753351064,1.7141801118850708
1,dedicated_npe,16,1.6065795238201437,1.762247920036316
1,dedicated_npe,17,1.5568051980091977,1.7098621129989624
1,dedicated_npe,18,1.5487314095863929,1.7754795551300049
1,dedicated_npe,19,1.5347944864859948,1.7303321361541748
1,dedicated_npe,20,1.5190997582215529,1.6822476387023926
1,dedicated_npe,21,1.5122658105996938,1.693658411502838
1,dedicated_npe,22,1.5152397614258986,1.7179324626922607
1,dedicated_npe,23,1.517087459564209,1.6789149045944214
1,dedicated_npe,24,1.4943852424621582,1.6919483542442322
1,dedicated_npe,25,1.469288789308988,1.7280572056770325
1,dedicated_npe,26,1.4557134371537428,1.7151832580566406
1,dedicated_npe,27,1.464297578885005,1.7482065558433533
1,dedicated_npe,28,1.486553164628836,1.7035486102104187
1,dedicated_npe,29,1.463473650125357,1.7245346903800964
1,dedicated_npe,30,1.4509113018329327,1.7166684865951538
1,dedicated_npe,31,1.4357929504834688,1.713134765625
1,dedicated_npe,32,1.42990085711846,1.7426702976226809
1,dedicated_npe,33,1.425788741845351,1.7092580199241638
1,dedicated_npe,34,1.4185319038537831,1.6892986297607422
1,dedicated_npe,35,1.420001213367169,1.7347590923309326
1,dedicated_npe,36,1.40311153118427,1.7300543785095217
1,dedicated_npe,37,1.429690195963933,1.71410071849823
1,dedicated_npe,38,1.4011451189334576,1.7082507014274595
1,dedicated_npe,39,1.3990145188111525,1.693881273269653
1,dedicated_npe,40,1.3918877014747033,1.6557945013046265
1,dedicated_npe,41,1.3689038936908429,1.7264449000358582
1,dedicated_npe,42,1.385745800458468,1.71833598613739
1,dedicated_npe,43,1.3660497115208552,1.73602557182312
1,dedicated_npe,44,1.3746760808504546,1.722132682800293
1,dedicated_npe,45,1.3612926464814403,1.730373740196228
1,dedicated_npe,46,1.368184704046983,1.725349485874176
1,dedicated_npe,47,1.3337232699761024,1.7358510494232178
1,dedicated_npe,48,1.339067110648522,1.803879737854004
1,dedicated_npe,49,1.365481055699862,1.726692974567413
1,dedicated_npe,50,1.3534454932579627,1.8048418760299685
1,dedicated_npe,51,1.3439825039643507,1.776138186454773
1,dedicated_npe,52,1.3247471497609065,1.7550026178359983
1,dedicated_npe,53,1.320119756918687,1.769857943058014
1,dedicated_npe,54,1.3118147941736074,1.7912709712982178
1,dedicated_npe,55,1.3160320061903734,1.70307457447052
1,dedicated_npe,56,1.304507778241084,1.841206192970276
1,dedicated_npe,57,1.312813474581792,1.7117104530334473
1,dedicated_npe,58,1.3044739228028517,1.7975366115570068
1,dedicated_npe,59,1.2967144801066472,1.7698379158973694
1,dedicated_npe,60,1.3035120047055757,1.8431037068367004
1,dedicated_npe,61,1.3317124843597412,1.7997678518295288
1,dedicated_npe,62,1.2744033611737764,1.7558094263076782
1,dedicated_npe,63,1.26623168358436,1.762671709060669
1,dedicated_npe,64,1.277355588399447,1.815779983997345
1,dedicated_npe,65,1.319537300329942,1.788402438163757
1,retrain_without_f1_strong_t1,0,5.121793967026931,4.82132363319397
1,retrain_without_f1_strong_t1,1,4.6478005555959845,4.475944519042969
1,retrain_without_f1_strong_t1,2,4.286831745734582,4.119871139526367
1,retrain_without_f1_strong_t1,3,3.922696113586426,3.77428936958313
1,retrain_without_f1_strong_t1,4,3.69180594957792,3.674456834793091
1,retrain_without_f1_strong_t1,5,3.620674866896409,3.5888702869415283
1,retrain_without_f1_strong_t1,6,3.5582299049084005,3.5745731592178345
1,retrain_without_f1_strong_t1,7,3.5347634645608754,3.5850229263305664
1,retrain_without_f1_strong_t1,8,3.5087599754333496,3.56643283367157
1,retrain_without_f1_strong_t1,9,3.484907792164729,3.5737171173095703
1,retrain_without_f1_strong_t1,10,3.466787044818585,3.5307412147521973
1,retrain_without_f1_strong_t1,11,3.4493274688720703,3.593895673751831
1,retrain_without_f1_strong_t1,12,3.4431345279400167,3.5707876682281494
1,retrain_without_f1_strong_t1,13,3.424164790373582,3.551379561424256
1,retrain_without_f1_strong_t1,14,3.4192181733938365,3.514894723892212
1,retrain_without_f1_strong_t1,15,3.4087552290696363,3.54658305644989
1,retrain_without_f1_strong_t1,16,3.3998674979576697,3.5595510005950928
1,retrain_without_f1_strong_t1,17,3.3990108233231764,3.5441006422042847
1,retrain_without_f1_strong_t1,18,3.383992782005897,3.567286491394043
1,retrain_without_f1_strong_t1,19,3.3790376369769755,3.5558855533599854
1,retrain_without_f1_strong_t1,20,3.371050559557401,3.5496914386749268
1,retrain_without_f1_strong_t1,21,3.363217757298396,3.578457951545716
1,retrain_without_f1_strong_t1,22,3.3619363491351786,3.597736358642578
1,retrain_without_f1_strong_t1,23,3.360159892302293,3.552229881286621
1,retrain_without_f1_strong_t1,24,3.341122132081252,3.5629961490631104
1,retrain_without_f1_strong_t1,25,3.34107362307035,3.584174513816833
1,retrain_without_f1_strong_t1,26,3.333445292252761,3.55049204826355
1,retrain_without_f1_strong_t1,27,3.332546692628127,3.561083674430847
1,retrain_without_f1_strong_t1,28,3.314870540912335,3.563630700111389
1,retrain_without_f1_strong_t1,29,3.303061980467576,3.519339680671692
1,retrain_without_f1_strong_t1,30,3.3133862568781924,3.562917709350586
1,retrain_without_f1_strong_t1,31,3.297490725150475,3.5852959156036377
1,retrain_without_f1_strong_t1,32,3.296171023295476,3.6049764156341553
1,retrain_without_f1_strong_t1,33,3.2853680757375865,3.5592520236968994
1,retrain_without_f1_strong_t1,34,3.2765555565173807,3.6149998903274536
1,retrain_without_f1_strong_t1,35,3.2828861383291392,3.594749093055725
1,retrain_without_f1_strong_t1,36,3.2765654233785777,3.596936345100403
1,retrain_without_f1_strong_t1,37,3.263945322770339,3.5640989542007446
1,retrain_without_f1_strong_t1,38,3.253151508478018,3.53346049785614
1,retrain_without_f1_strong_t1,39,3.252687234144944,3.612249732017517
1,retrain_without_f2_strong_t2,0,5.125281517322247,4.824159860610962
1,retrain_without_f2_strong_t2,1,4.669247517218957,4.511267185211182
1,retrain_without_f2_strong_t2,2,4.356383543748122,4.224666357040405
1,retrain_without_f2_strong_t2,3,4.070615144876333,3.927080631256104
1,retrain_without_f2_strong_t2,4,3.613509526619545,3.177748799324036
1,retrain_without_f2_strong_t2,5,2.9740792421194224,2.827898621559143
1,retrain_without_f2_strong_t2,6,2.7060821606562686,2.6873430013656616
1,retrain_without_f2_strong_t2,7,2.593063372832078,2.7107298374176025
1,retrain_without_f2_strong_t2,8,2.546062891299908,2.605036735534668
1,retrain_without_f2_strong_t2,9,2.5038982721475453,2.5794482231140137
1,retrain_without_f2_strong_t2,10,2.4547547010275035,2.5428597927093506
1,retrain_without_f2_strong_t2,11,2.42122928912823,2.660411715507508
1,retrain_without_f2_strong_t2,12,2.4307396045097938,2.5528247356414795
1,retrain_without_f2_strong_t2,13,2.4280359745025635,2.537745833396912
1,retrain_without_f2_strong_t2,14,2.399220668352567,2.4742746353149414
1,retrain_without_f2_strong_t2,15,2.353479128617507,2.520421266555786
1,retrain_without_f2_strong_t2,16,2.343849457227267,2.5125539302825928
1,retrain_without_f2_strong_t2,17,2.349085037524884,2.505727171897888
1,retrain_without_f2_strong_t2,18,2.328346289121188,2.528274655342102
1,retrain_without_f2_strong_t2,19,2.3271982486431417,2.4943432807922363
1,retrain_without_f2_strong_t2,20,2.308033741437472,2.512035131454468
1,retrain_without_f2_strong_t2,21,2.291368062679584,2.481315851211548
1,retrain_without_f2_strong_t2,22,2.27634989298307,2.5248889923095703
1,retrain_without_f2_strong_t2,23,2.270695576300988,2.494834065437317
1,retrain_without_f2_strong_t2,24,2.2633119913247914,2.535924434661865
1,retrain_without_f2_strong_t2,25,2.25949764251709,2.5249319076538086
1,retrain_without_f2_strong_t2,26,2.2527158443744364,2.4697593450546265
1,retrain_without_f2_strong_t2,27,2.24435778764578,2.523412585258484
1,retrain_without_f2_strong_t2,28,2.245615537349994,2.4828139543533325
1,retrain_without_f2_strong_t2,29,2.237013284976666,2.4185352325439453
1,retrain_without_f2_strong_t2,30,2.2446817067953257,2.4569036960601807
1,retrain_without_f2_strong_t2,31,2.22013572546152,2.52790641784668
1,retrain_without_f2_strong_t2,32,2.242546485020564,2.492294430732727
1,retrain_without_f2_strong_t2,33,2.224316807893606,2.532965898513794
1,retrain_without_f2_strong_t2,34,2.205601563820472,2.5269036293029785
1,retrain_without_f2_strong_t2,35,2.204366683959961,2.476886868476868
1,retrain_without_f2_strong_t2,36,2.2050268466656027,2.580986499786377
1,retrain_without_f2_strong_t2,37,2.2355319536649265,2.564194083213806
1,retrain_without_f2_strong_t2,38,2.2161415173457217,2.478599786758423
1,retrain_without_f2_strong_t2,39,2.17123557971074,2.4926867485046387
1,retrain_without_f2_strong_t2,40,2.170250232403095,2.48457133769989
1,retrain_without_f2_strong_t2,41,2.167883121050321,2.5091519355773926
1,retrain_without_f2_strong_t2,42,2.162890159166776,2.534120798110962
1,retrain_without_f2_strong_t2,43,2.1582132486196666,2.507160782814026
1,retrain_without_f2_strong_t2,44,2.1740278280698337,2.531829357147217
1,retrain_without_f2_strong_t2,45,2.172335624694824,2.485481023788452
1,retrain_without_f2_strong_t2,46,2.144450591160701,2.507294774055481
1,retrain_without_f2_strong_t2,47,2.142104992499718,2.50732159614563
1,retrain_without_f2_strong_t2,48,2.1366938811082106,2.5267404317855835
1,retrain_without_f2_strong_t2,49,2.140587953420786,2.5470463037490845
1,retrain_without_f2_strong_t2,50,2.130433045900785,2.5753341913223267
1,retrain_without_f2_strong_t2,51,2.127176028031569,2.49650776386261
1,retrain_without_f2_strong_t2,52,2.115478992462158,2.5327744483947754
1,retrain_without_f2_strong_t2,53,2.1094981890458326,2.4981229305267334
1,retrain_without_f2_strong_t2,54,2.0941204933019786,2.525783896446228
1,retrain_without_f3_dup_a,0,5.098039810474102,4.766604423522949
1,retrain_without_f3_dup_a,1,4.575993061065674,4.359058618545532
1,retrain_without_f3_dup_a,2,4.126359994594868,3.887128114700317
1,retrain_without_f3_dup_a,3,3.5909545604999247,3.329364776611328
1,retrain_without_f3_dup_a,4,2.991973931972797,2.5278215408325195
1,retrain_without_f3_dup_a,5,2.281697988510132,2.152699112892151
1,retrain_without_f3_dup_a,6,1.99413366501148,1.955231547355652
1,retrain_without_f3_dup_a,7,1.8666927172587469,1.9419426321983333
1,retrain_without_f3_dup_a,8,1.812820728008564,1.863303065299988
1,retrain_without_f3_dup_a,9,1.760845762032729,1.8190780282020569
1,retrain_without_f3_dup_a,10,1.7100134446070745,1.8070228099823
1,retrain_without_f3_dup_a,11,1.6569528304613554,1.852274239063263
1,retrain_without_f3_dup_a,12,1.649370193481445,1.7990091443061829
1,retrain_without_f3_dup_a,13,1.6146640410790076,1.7705501317977903
1,retrain_without_f3_dup_a,14,1.5930120303080633,1.7043972611427307
1,retrain_without_f3_dup_a,15,1.5709066207592304,1.7512970566749573
1,retrain_without_f3_dup_a,16,1.5667743957959688,1.761309802532196
1,retrain_without_f3_dup_a,17,1.593260985154372,1.765820324420929
1,retrain_without_f3_dup_a,18,1.5588794304774358,1.7782708406448364
1,retrain_without_f3_dup_a,19,1.558356266755324,1.726089596748352
1,retrain_without_f3_dup_a,20,1.546819494320796,1.7173663973808289
1,retrain_without_f3_dup_a,21,1.518579675601079,1.7304534316062927
1,retrain_without_f3_dup_a,22,1.4961468623234675,1.7343133687973022
1,retrain_without_f3_dup_a,23,1.506310829749474,1.707289457321167
1,retrain_without_f3_dup_a,24,1.4752816695433395,1.7310209274291992
1,retrain_without_f3_dup_a,25,1.487844173724835,1.7367518544197085
1,retrain_without_f3_dup_a,26,1.4920713809820323,1.6649247407913208
1,retrain_without_f3_dup_a,27,1.4690720301408031,1.6874560713768003
1,retrain_without_f3_dup_a,28,1.4587636452454786,1.7041431069374084
1,retrain_without_f3_dup_a,29,1.4486741286057692,1.648792743682861
1,retrain_without_f3_dup_a,30,1.468257839863117,1.6997824311256409
1,retrain_without_f3_dup_a,31,1.4407635010205782,1.6964603662490845
1,retrain_without_f3_dup_a,32,1.4259695364878728,1.6967831254005432
1,retrain_without_f3_dup_a,33,1.427441982122568,1.6859633922576904
1,retrain_without_f3_dup_a,34,1.4099826445946326,1.7375582456588743
1,retrain_without_f3_dup_a,35,1.4282586941352258,1.6871354579925537
1,retrain_without_f3_dup_a,36,1.423525516803448,1.7424966096878052
1,retrain_without_f3_dup_a,37,1.4224637288313646,1.6608924865722656
1,retrain_without_f3_dup_a,38,1.399106429173396,1.650912880897522
1,retrain_without_f3_dup_a,39,1.40184119114509,1.7125272750854492
1,retrain_without_f3_dup_a,40,1.403232372724093,1.6943393349647522
1,retrain_without_f3_dup_a,41,1.4451509439028227,1.7349026203155518
1,retrain_without_f3_dup_a,42,1.4054484825867872,1.8201069235801697
1,retrain_without_f3_dup_a,43,1.383845329284668,1.6877180933952332
1,retrain_without_f3_dup_a,44,1.3910525028522198,1.7372713088989258
1,retrain_without_f3_dup_a,45,1.3791869145173292,1.728257656097412
1,retrain_without_f3_dup_a,46,1.3580183524351854,1.75254487991333
1,retrain_without_f3_dup_a,47,1.365627728975736,1.6948577761650083
1,retrain_without_f3_dup_a,48,1.3601045791919415,1.6921002864837646
1,retrain_without_f3_dup_a,49,1.355867468393766,1.753986656665802
1,retrain_without_f3_dup_a,50,1.3571853362596953,1.7510067224502563
1,retrain_without_f3_dup_a,51,1.3499851410205548,1.7174615263938904
1,retrain_without_f3_dup_a,52,1.3429435950059156,1.7718964219093325
1,retrain_without_f3_dup_a,53,1.3327217743946955,1.7158678770065308
1,retrain_without_f3_dup_a,54,1.3408646491857676,1.773220419883728
1,retrain_without_f4_dup_b,0,5.099440758044903,4.768354415893555
1,retrain_without_f4_dup_b,1,4.579143194051889,4.36128568649292
1,retrain_without_f4_dup_b,2,4.131697306266198,3.895589828491211
1,retrain_without_f4_dup_b,3,3.5985282567831187,3.328300952911377
1,retrain_without_f4_dup_b,4,3.0071624242342434,2.538293600082397
1,retrain_without_f4_dup_b,5,2.3012945652008057,2.1905475854873657
1,retrain_without_f4_dup_b,6,2.023441140468304,2.0028290152549744
1,retrain_without_f4_dup_b,7,1.8840535604036768,1.9853351712226868
1,retrain_without_f4_dup_b,8,1.8137285984479463,1.8607800006866453
1,retrain_without_f4_dup_b,9,1.764605164527893,1.8309281468391416
1,retrain_without_f4_dup_b,10,1.7159160008797278,1.7665892839431765
1,retrain_without_f4_dup_b,11,1.667154101225046,1.866565108299256
1,retrain_without_f4_dup_b,12,1.6663055695020237,1.8058923482894893
1,retrain_without_f4_dup_b,13,1.6200988934590266,1.7841618061065674
1,retrain_without_f4_dup_b,14,1.607738366493812,1.7380415797233582
1,retrain_without_f4_dup_b,15,1.587740778923035,1.755511999130249
1,retrain_without_f4_dup_b,16,1.5667993472172663,1.7582080364227295
1,retrain_without_f4_dup_b,17,1.592893050267146,1.7469366788864136
1,retrain_without_f4_dup_b,18,1.5593247688733614,1.7867369055747986
1,retrain_without_f4_dup_b,19,1.5565225802935088,1.7400007247924805
1,retrain_without_f4_dup_b,20,1.5499744231884296,1.7121394872665403
1,retrain_without_f4_dup_b,21,1.5192924187733576,1.735165774822235
1,retrain_without_f4_dup_b,22,1.5013810121096098,1.751102089881897
1,retrain_without_f4_dup_b,23,1.498360982308021,1.7158123254776
1,retrain_without_f4_dup_b,24,1.4888090720543494,1.7812618613243103
1,retrain_without_f4_dup_b,25,1.4844361360256488,1.732898235321045
1,retrain_without_f4_dup_b,26,1.4784349569907556,1.6858015060424805
1,retrain_without_f4_dup_b,27,1.4708470014425423,1.6828958988189695
1,retrain_without_f4_dup_b,28,1.4602959522834191,1.7163619995117188
1,retrain_without_f4_dup_b,29,1.4449715797717757,1.660149097442627
1,retrain_without_f4_dup_b,30,1.4576505422592163,1.7189218997955322
1,retrain_without_f4_dup_b,31,1.4470886542246892,1.686713993549347
1,retrain_without_f4_dup_b,32,1.424360256928664,1.7538005113601685
1,retrain_without_f4_dup_b,33,1.4562537578436046,1.730208456516266
1,retrain_without_f4_dup_b,34,1.432149061789879,1.7552750706672668
1,retrain_without_f4_dup_b,35,1.4374502347065852,1.705394208431244
1,retrain_without_f4_dup_b,36,1.417446228174063,1.7619037628173828
1,retrain_without_f4_dup_b,37,1.4133777710107656,1.7095119953155518
1,retrain_without_f4_dup_b,38,1.4108504607127264,1.670597791671753
1,retrain_without_f4_dup_b,39,1.3889699624134944,1.7183780670166016
1,retrain_without_f4_dup_b,40,1.399521506749667,1.703526794910431
1,retrain_without_f4_dup_b,41,1.389501846753634,1.7351388335227966
1,retrain_without_f4_dup_b,42,1.3763923003123355,1.765486776828766
1,retrain_without_f4_dup_b,43,1.3688415197225718,1.693477988243103
1,retrain_without_f4_dup_b,44,1.397627041890071,1.7619330883026123
1,retrain_without_f4_dup_b,45,1.3794845709433925,1.7377283573150637
1,retrain_without_f4_dup_b,46,1.3552125233870287,1.74416846036911
1,retrain_without_f4_dup_b,47,1.3587869589145367,1.6852744817733765
1,retrain_without_f4_dup_b,48,1.358535674902109,1.6789073944091797
1,retrain_without_f4_dup_b,49,1.356545484983004,1.7486588954925537
1,retrain_without_f4_dup_b,50,1.3498609524506788,1.7678117156028748
1,retrain_without_f4_dup_b,51,1.3302999826577993,1.691996991634369
1,retrain_without_f4_dup_b,52,1.3344587179330678,1.7743086218833923
1,retrain_without_f4_dup_b,53,1.3263248113485484,1.7251720428466797
1,retrain_without_f4_dup_b,54,1.320571835224445,1.7203901410102844
1,retrain_without_f5_null,0,5.05893193758451,4.712871551513672
1,retrain_without_f5_null,1,4.517122195317195,4.296825170516968
1,retrain_without_f5_null,2,4.077067943719717,3.862959027290344
1,retrain_without_f5_null,3,3.5655957735501804,3.314333319664001
1,retrain_without_f5_null,4,2.9798332177675686,2.522951364517212
1,retrain_without_f5_null,5,2.2347826590904822,2.1031956672668457
1,retrain_without_f5_null,6,1.9453712701797483,2.0513604879379272
1,retrain_without_f5_null,7,1.8822828989762528,1.8967227935791016
1,retrain_without_f5_null,8,1.7855410759265606,1.8682660460472107
1,retrain_without_f5_null,9,1.7707103949326737,1.8205913305282595
1,retrain_without_f5_null,10,1.705310005408067,1.7681260704994202
1,retrain_without_f5_null,11,1.6805052207066462,1.835605800151825
1,retrain_without_f5_null,12,1.6522470345863929,1.802200853824616
1,retrain_without_f5_null,13,1.6196262653057392,1.7781455516815186
1,retrain_without_f5_null,14,1.5942792067160974,1.698432207107544
1,retrain_without_f5_null,15,1.5761635853694036,1.746903121471405
1,retrain_without_f5_null,16,1.5637760162353516,1.7396763563156128
1,retrain_without_f5_null,17,1.5706991874254668,1.7147821187973022
1,retrain_without_f5_null,18,1.5781712715442364,1.773614466190338
1,retrain_without_f5_null,19,1.5532678549106305,1.7588737607002258
1,retrain_without_f5_null,20,1.5345873190806465,1.7104215621948242
1,retrain_without_f5_null,21,1.521112817984361,1.695088267326355
1,retrain_without_f5_null,22,1.5219176915975718,1.783271312713623
1,retrain_without_f5_null,23,1.5146662547038152,1.7106651663780212
1,retrain_without_f5_null,24,1.5426833537908702,1.7242815494537354
1,retrain_without_f5_null,25,1.4979652166366575,1.6979238390922546
1,retrain_without_f5_null,26,1.4837973209527822,1.6748857498168943
1,retrain_without_f5_null,27,1.477997064590454,1.7272459864616394
1,retrain_without_f5_null,28,1.4881403354498055,1.695788562297821
1,retrain_without_f5_null,29,1.4563671808976393,1.6324028968811035
1,retrain_without_f5_null,30,1.5062409455959611,1.6978273391723633
1,retrain_without_f5_null,31,1.441055802198557,1.6701114177703855
1,retrain_without_f5_null,32,1.4442183329508855,1.7390233278274536
1,retrain_without_f5_null,33,1.451602816581726,1.715031981468201
1,retrain_without_f5_null,34,1.435536595491263,1.719225287437439
1,retrain_without_f5_null,35,1.4368899693855872,1.683059811592102
1,retrain_without_f5_null,36,1.4236683662121112,1.7343810200691223
1,retrain_without_f5_null,37,1.417205205330482,1.6752707958221436
1,retrain_without_f5_null,38,1.4091728650606596,1.6422189474105835
1,retrain_without_f5_null,39,1.4000300077291636,1.673623263835907
1,retrain_without_f5_null,40,1.408066070996798,1.69124174118042
1,retrain_without_f5_null,41,1.4222268874828632,1.7089334726333618
1,retrain_without_f5_null,42,1.3826102385154138,1.7333131432533264
1,retrain_without_f5_null,43,1.3829463903720562,1.6729878187179563
1,retrain_without_f5_null,44,1.391500528042133,1.7575503587722778
1,retrain_without_f5_null,45,1.3831843504538903,1.691682755947113
1,retrain_without_f5_null,46,1.3721880912780762,1.7099626064300537
1,retrain_without_f5_null,47,1.3695270740068877,1.6602936387062073
1,retrain_without_f5_null,48,1.359073593066289,1.6961009502410889
1,retrain_without_f5_null,49,1.367320730135991,1.725383460521698
1,retrain_without_f5_null,50,1.3437199867688692,1.7522395253181458
1,retrain_without_f5_null,51,1.349118682054373,1.6902835965156555
1,retrain_without_f5_null,52,1.3493812726094172,1.7323442697525024
1,retrain_without_f5_null,53,1.34114814721621,1.7015568017959597
1,retrain_without_f5_null,54,1.3384700004871075,1.7200241684913635
1,retrain_without_f6_suppressor,0,5.0596077258770285,4.720438718795776
1,retrain_without_f6_suppressor,1,4.52922248840332,4.336042404174805
1,retrain_without_f6_suppressor,2,4.123473112399761,3.950850963592529
1,retrain_without_f6_suppressor,3,3.7286827747638407,3.618617534637451
1,retrain_without_f6_suppressor,4,3.5234596179081845,3.5479540824890137
1,retrain_without_f6_suppressor,5,3.4432550210219164,3.429388642311096
1,retrain_without_f6_suppressor,6,3.380005964866051,3.394559741020202
1,retrain_without_f6_suppressor,7,3.350081168688261,3.421056389808655
1,retrain_without_f6_suppressor,8,3.3229600282815785,3.3860652446746826
1,retrain_without_f6_suppressor,9,3.2982708490811863,3.410589575767517
1,retrain_without_f6_suppressor,10,3.2814196073091946,3.366281270980835
1,retrain_without_f6_suppressor,11,3.2638297997988186,3.424488544464112
1,retrain_without_f6_suppressor,12,3.25748819571275,3.389585256576538
1,retrain_without_f6_suppressor,13,3.234356183272141,3.374901056289673
1,retrain_without_f6_suppressor,14,3.229582713200496,3.3328607082366943
1,retrain_without_f6_suppressor,15,3.2207139271956224,3.3690379858016968
1,retrain_without_f6_suppressor,16,3.2145306147061863,3.387685775756836
1,retrain_without_f6_suppressor,17,3.2119852762955885,3.371245503425598
1,retrain_without_f6_suppressor,18,3.201652875313392,3.3966259956359863
1,retrain_without_f6_suppressor,19,3.1945725771097035,3.3805272579193115
1,retrain_without_f6_suppressor,20,3.183753068630512,3.3723466396331787
1,retrain_without_f6_suppressor,21,3.172680928156926,3.388134956359864
1,retrain_without_f6_suppressor,22,3.165502034700834,3.407472252845764
1,retrain_without_f6_suppressor,23,3.164713896237887,3.364586591720581
1,retrain_without_f6_suppressor,24,3.1548304557800293,3.377269983291626
1,retrain_without_f6_suppressor,25,3.152787740413959,3.3963944911956787
1,retrain_without_f6_suppressor,26,3.148579689172598,3.372229218482971
1,retrain_without_f6_suppressor,27,3.145951509475708,3.3901549577713013
1,retrain_without_f6_suppressor,28,3.1279955827272854,3.3687912225723267
1,retrain_without_f6_suppressor,29,3.1221989484933705,3.3376351594924927
1,retrain_without_f6_suppressor,30,3.1295072665581336,3.382708072662353
1,retrain_without_f6_suppressor,31,3.109457492828369,3.396634578704834
1,retrain_without_f6_suppressor,32,3.109772883928739,3.421201705932617
1,retrain_without_f6_suppressor,33,3.09607980801509,3.3762569427490234
1,retrain_without_f6_suppressor,34,3.095458397498497,3.416693568229676
1,retrain_without_f6_suppressor,35,3.1018387904533973,3.394485116004944
1,retrain_without_f6_suppressor,36,3.0977906630589414,3.381985902786255
1,retrain_without_f6_suppressor,37,3.079952753507174,3.379728078842163
1,retrain_without_f6_suppressor,38,3.07175482236422,3.338211297988892
1,retrain_without_f6_suppressor,39,3.0652162661919227,3.4179117679595947
1,retrain_without_f7_weak,0,5.0712737670311565,4.749158382415772
1,retrain_without_f7_weak,1,4.557893863091102,4.373416900634766
1,retrain_without_f7_weak,2,4.145276308059692,3.9471395015716553
1,retrain_without_f7_weak,3,3.6630404729109545,3.427802324295044
1,retrain_without_f7_weak,4,3.1029463364527774,2.6648495197296143
1,retrain_without_f7_weak,5,2.3510396663959208,2.1924139261245728
1,retrain_without_f7_weak,6,2.0587967450802145,2.039573311805725
1,retrain_without_f7_weak,7,1.936781305533189,2.0244596004486084
1,retrain_without_f7_weak,8,1.8693297367829544,1.9238616824150083
1,retrain_without_f7_weak,9,1.837892413139344,1.943680226802826
1,retrain_without_f7_weak,10,1.8250216795847969,1.8682014346122744
1,retrain_without_f7_weak,11,1.761528253555298,1.919247329235077
1,retrain_without_f7_weak,12,1.7339067550805898,1.9287657141685488
1,retrain_without_f7_weak,13,1.709054396702693,1.884088516235352
1,retrain_without_f7_weak,14,1.6915968381441555,1.804167926311493
1,retrain_without_f7_weak,15,1.6718310759617732,1.856957852840424
1,retrain_without_f7_weak,16,1.6634899652921236,1.857508659362793
1,retrain_without_f7_weak,17,1.6588322107608502,1.844165980815888
1,retrain_without_f7_weak,18,1.639943682230436,1.8380355834960933
1,retrain_without_f7_weak,19,1.6257696060033946,1.8624188303947449
1,retrain_without_f7_weak,20,1.6263103851905236,1.8422093391418457
1,retrain_without_f7_weak,21,1.6177252531051636,1.8174335956573489
1,retrain_without_f7_weak,22,1.604202994933495,1.8622528910636904
1,retrain_without_f7_weak,23,1.590840302980863,1.907120168209076
1,retrain_without_f7_weak,24,1.5790966657491832,1.8465647101402285
1,retrain_without_f7_weak,25,1.5607393246430616,1.8269277811050413
1,retrain_without_f7_weak,26,1.5711735028486986,1.784241020679474
1,retrain_without_f7_weak,27,1.5506655344596276,1.7981361150741575
1,retrain_without_f7_weak,28,1.5507945739305935,1.8517630696296687
1,retrain_without_f7_weak,29,1.5341492341114924,1.7795789241790771
1,retrain_without_f7_weak,30,1.5560419192680943,1.81149297952652
1,retrain_without_f7_weak,31,1.522176430775569,1.8017789125442505
1,retrain_without_f7_weak,32,1.5189009446364183,1.8537553548812864
1,retrain_without_f7_weak,33,1.5157440717403703,1.8128673434257507
1,retrain_without_f7_weak,34,1.5134100730602558,1.8697154521942136
1,retrain_without_f7_weak,35,1.527941281978901,1.823249101638794
1,retrain_without_f7_weak,36,1.5037444463142982,1.836854696273804
1,retrain_without_f7_weak,37,1.504613656264085,1.8075085878372192
1,retrain_without_f7_weak,38,1.487788438796997,1.7805277109146118
1,retrain_without_f7_weak,39,1.4852587443131666,1.8065593242645264
1,retrain_without_f7_weak,40,1.4874418882223277,1.8000388741493225
1,retrain_without_f7_weak,41,1.487035219485943,1.8446288108825684
1,retrain_without_f7_weak,42,1.4662808363254254,1.8694663047790527
1,retrain_without_f7_weak,43,1.459069151144761,1.8060532212257383
1,retrain_without_f7_weak,44,1.4756549229988685,1.91340434551239
1,retrain_without_f7_weak,45,1.4605663831417377,1.8005644083023071
1,retrain_without_f7_weak,46,1.444006635592534,1.834346294403076
1,retrain_without_f7_weak,47,1.4467508426079383,1.8300358057022093
1,retrain_without_f7_weak,48,1.4434029780901396,1.8096285462379456
1,retrain_without_f7_weak,49,1.431892963556143,1.843312382698059
1,retrain_without_f7_weak,50,1.4308799963731031,1.8699766993522644
1,retrain_without_f7_weak,51,1.4244418144226074,1.8271934390068048
1,retrain_without_f7_weak,52,1.430683732032776,1.8475359082221985
1,retrain_without_f7_weak,53,1.4197472884104805,1.8005270957946775
1,retrain_without_f7_weak,54,1.4090210291055532,1.8207255601882928
1,retrain_without_f8_bigcoef,0,5.084379196166992,4.770738124847412
1,retrain_without_f8_bigcoef,1,4.594462834871733,4.414916515350342
1,retrain_without_f8_bigcoef,2,4.21356461598323,4.032764196395874
1,retrain_without_f8_bigcoef,3,3.780135961679312,3.5894200801849365
1,retrain_without_f8_bigcoef,4,3.274690921490009,2.9030587673187256
1,retrain_without_f8_bigcoef,5,2.5244584266956034,2.498944044113159
1,retrain_without_f8_bigcoef,6,2.2725633474496694,2.255314588546753
1,retrain_without_f8_bigcoef,7,2.159189187563382,2.1978487968444824
1,retrain_without_f8_bigcoef,8,2.0642389884361854,2.131666898727417
1,retrain_without_f8_bigcoef,9,2.007659288553091,2.123062491416931
1,retrain_without_f8_bigcoef,10,1.956487802358774,2.055491209030152
1,retrain_without_f8_bigcoef,11,1.9514158689058745,2.1789532899856567
1,retrain_without_f8_bigcoef,12,1.9289394158583424,2.0889092683792114
1,retrain_without_f8_bigcoef,13,1.8763275238183827,2.085883975028992
1,retrain_without_f8_bigcoef,14,1.8584638375502367,1.9783183336257928
1,retrain_without_f8_bigcoef,15,1.8433430286554189,2.0489875078201294
1,retrain_without_f8_bigcoef,16,1.8317782145280104,2.05313491821289
1,retrain_without_f8_bigcoef,17,1.8321069112190835,2.0767269134521484
1,retrain_without_f8_bigcoef,18,1.83179482129904,2.0345568656921387
1,retrain_without_f8_bigcoef,19,1.8037191079213069,2.0207899808883667
1,retrain_without_f8_bigcoef,20,1.7855520798609807,2.0315476655960083
1,retrain_without_f8_bigcoef,21,1.7782524457344642,1.9886175990104675
1,retrain_without_f8_bigcoef,22,1.777592319708604,2.0681488513946533
1,retrain_without_f8_bigcoef,23,1.767428443982051,2.030287265777588
1,retrain_without_f8_bigcoef,24,1.746565846296457,1.9981022477149963
1,retrain_without_f8_bigcoef,25,1.7343956873967097,2.003986239433289
1,retrain_without_f8_bigcoef,26,1.7262744628466091,1.9530707597732544
1,retrain_without_f8_bigcoef,27,1.719073249743535,2.005935907363892
1,retrain_without_f8_bigcoef,28,1.7103191614151,2.014175593852997
1,retrain_without_f8_bigcoef,29,1.6900768004930935,1.9690400958061216
1,retrain_without_f8_bigcoef,30,1.7229629571621234,1.9504982829093933
1,retrain_without_f8_bigcoef,31,1.6712855100631714,1.964929461479187
1,retrain_without_f8_bigcoef,32,1.6804276429689848,2.008391261100769
1,retrain_without_f8_bigcoef,33,1.6861391342603242,1.9995688199996948
1,retrain_without_f8_bigcoef,34,1.6771592176877534,2.01299250125885
1,retrain_without_f8_bigcoef,35,1.681234964957604,1.9715984463691711
1,retrain_without_f8_bigcoef,36,1.681915521621704,2.060325384140014
1,retrain_without_f8_bigcoef,37,1.7262543439865112,1.9893790483474727
1,retrain_without_f8_bigcoef,38,1.6968914270401,1.926623702049256
1,retrain_without_f8_bigcoef,39,1.6744542855482836,2.024364709854126
1,retrain_without_f8_bigcoef,40,1.6495430928010206,2.0016590356826782
1,retrain_without_f8_bigcoef,41,1.6456378239851732,2.020940065383911
1,retrain_without_f8_bigcoef,42,1.6415281845973089,2.0645854473114014
1,retrain_without_f8_bigcoef,43,1.6335915143673236,1.99410367012024
1,retrain_without_f8_bigcoef,44,1.6327033226306622,2.02017605304718
1,retrain_without_f8_bigcoef,45,1.6407972024037287,2.0518699288368225
1,retrain_without_f8_bigcoef,46,1.627616212918208,2.02371084690094
1,retrain_without_f8_bigcoef,47,1.6288862503491914,1.966355383396149
1,retrain_without_f8_bigcoef,48,1.6166540109194243,2.013241767883301
1,retrain_without_f8_bigcoef,49,1.6227564811706543,2.0271259546279907
1,retrain_without_f8_bigcoef,50,1.601926170862638,2.046028733253479
1,retrain_without_f8_bigcoef,51,1.5941316072757428,1.9696639776229856
1,retrain_without_f8_bigcoef,52,1.6049354534882765,2.0118852853775024
1,retrain_without_f8_bigcoef,53,1.5790586104759805,2.008563280105591
1,retrain_without_f8_bigcoef,54,1.580578272159283,1.960767388343811
1,retrain_without_f8_bigcoef,55,1.5874840663029597,2.0674530267715454
1,retrain_without_f8_bigcoef,56,1.5775214983866763,2.0123918652534485
1,retrain_without_f8_bigcoef,57,1.5697604509500356,1.9691452980041504
1,retrain_without_f8_bigcoef,58,1.5780434425060563,2.049705743789673
1,retrain_without_f8_bigcoef,59,1.577091932296753,2.065375685691833
1,retrain_without_f8_bigcoef,60,1.5820626387229333,2.094741702079773
1,retrain_without_f8_bigcoef,61,1.5552088205630965,2.062219858169556
1,retrain_without_f8_bigcoef,62,1.5604807872038622,2.0202760696411133
1,retrain_without_f8_bigcoef,63,1.5389410532437835,2.0419604778289795
1,retrain_without_noise_0,0,5.064526447883019,4.719059228897095
1,retrain_without_noise_0,1,4.526718909923847,4.309190034866333
1,retrain_without_noise_0,2,4.089577949964083,3.8733973503112793
1,retrain_without_noise_0,3,3.581136593451866,3.337685704231262
1,retrain_without_noise_0,4,3.028253922095665,2.599949598312378
1,retrain_without_noise_0,5,2.257207705424382,2.1390769481658936
1,retrain_without_noise_0,6,2.026002828891461,2.1192541122436523
1,retrain_without_noise_0,7,1.9385995956567617,1.909084677696228
1,retrain_without_noise_0,8,1.808258946125324,1.852624773979187
1,retrain_without_noise_0,9,1.7592957661702082,1.836692690849304
1,retrain_without_noise_0,10,1.70935713327848,1.7644306421279907
1,retrain_without_noise_0,11,1.697476020226112,1.872617304325104
1,retrain_without_noise_0,12,1.662714041196383,1.7966423034667969
1,retrain_without_noise_0,13,1.6222677139135508,1.7908344864845276
1,retrain_without_noise_0,14,1.6114143224862905,1.717961311340332
1,retrain_without_noise_0,15,1.583498212007376,1.7399160265922546
1,retrain_without_noise_0,16,1.5732543468475342,1.7468236684799194
1,retrain_without_noise_0,17,1.5830489580447855,1.7588924765586853
1,retrain_without_noise_0,18,1.6245679213450506,1.7098655700683594
1,retrain_without_noise_0,19,1.5910502213698168,1.753291130065918
1,retrain_without_noise_0,20,1.5677835299418523,1.699048936367035
1,retrain_without_noise_0,21,1.5300648304132314,1.7066570520401
1,retrain_without_noise_0,22,1.5283738649808445,1.7251702547073364
1,retrain_without_noise_0,23,1.5097154837388258,1.7405579090118408
1,retrain_without_noise_0,24,1.5084385780187757,1.72432541847229
1,retrain_without_noise_0,25,1.4961517774141753,1.714553952217102
1,retrain_without_noise_0,26,1.491397765966562,1.662767231464386
1,retrain_without_noise_0,27,1.475802678328294,1.7134627103805542
1,retrain_without_noise_0,28,1.468062712596013,1.7207446098327637
1,retrain_without_noise_0,29,1.4626994224695058,1.6516630053520205
1,retrain_without_noise_0,30,1.4660416016211877,1.6661601662635803
1,retrain_without_noise_0,31,1.440009538943951,1.6712408065795898
1,retrain_without_noise_0,32,1.4326770305633545,1.742001235485077
1,retrain_without_noise_0,33,1.4519315499525804,1.6848580241203308
1,retrain_without_noise_0,34,1.455932571337773,1.7066524028778076
1,retrain_without_noise_0,35,1.4396287936430712,1.6755400896072388
1,retrain_without_noise_0,36,1.4282192542002752,1.7424688339233398
1,retrain_without_noise_0,37,1.44892785182366,1.6406006813049316
1,retrain_without_noise_0,38,1.435900266353901,1.6661164164543152
1,retrain_without_noise_0,39,1.4145524960297804,1.6792248487472534
1,retrain_without_noise_0,40,1.4121855130562415,1.6717869639396667
1,retrain_without_noise_0,41,1.4088874963613658,1.7416400909423828
1,retrain_without_noise_0,42,1.3949553966522217,1.724994421005249
1,retrain_without_noise_0,43,1.37989184489617,1.6766322255134585
1,retrain_without_noise_0,44,1.399821373132559,1.7732383608818054
1,retrain_without_noise_0,45,1.3802805221997774,1.6833868622779846
1,retrain_without_noise_0,46,1.374967831831712,1.6972936391830444
1,retrain_without_noise_0,47,1.3810634796436017,1.6605345010757446
1,retrain_without_noise_0,48,1.365985081746028,1.6775777339935305
1,retrain_without_noise_0,49,1.376165931041424,1.716426134109497
1,retrain_without_noise_0,50,1.351080087515024,1.73148113489151
1,retrain_without_noise_0,51,1.3530094623565674,1.6756311655044556
1,retrain_without_noise_0,52,1.3550728192696204,1.7122173309326172
1,retrain_without_noise_0,53,1.3376135184214666,1.681331217288971
1,retrain_without_noise_0,54,1.3312476048102746,1.6947826147079468
1,retrain_without_noise_0,55,1.333983485515301,1.7454016208648682
1,retrain_without_noise_0,56,1.3192779009158797,1.7344300746917725
1,retrain_without_noise_0,57,1.3668437187488265,1.6785829067230225
1,retrain_without_noise_0,58,1.3447849108622625,1.714202880859375
1,retrain_without_noise_0,59,1.3309194583159227,1.7316595911979675
1,retrain_without_noise_0,60,1.3363869006817155,1.752835988998413
1,retrain_without_noise_0,61,1.3183940740732043,1.7385072708129885
1,retrain_without_noise_0,62,1.312712788581848,1.6893773078918457
5,masked_npe,0,5.157228359809289,4.97262167930603
5,masked_npe,1,4.8754969376784105,4.848414182662964
5,masked_npe,2,4.690024339235746,4.650027751922607
5,masked_npe,3,4.520809467022236,4.490005970001221
5,masked_npe,4,4.345645794501672,4.335163116455078
5,masked_npe,5,4.256030999697172,4.298725605010986
5,masked_npe,6,4.217436276949369,4.280200719833374
5,masked_npe,7,4.180661531595083,4.256503105163574
5,masked_npe,8,4.14250241793119,4.227721214294434
5,masked_npe,9,4.132221258603609,4.195952653884888
5,masked_npe,10,4.1009913591238165,4.176636934280396
5,masked_npe,11,4.115710735321045,4.140222549438477
5,masked_npe,12,4.059696399248564,4.204834699630737
5,masked_npe,13,4.043490189772386,4.171522617340088
5,masked_npe,14,4.010575734652006,4.1440839767456055
5,masked_npe,15,4.015827233974751,4.08844530582428
5,masked_npe,16,3.966677115513728,4.0761144161224365
5,masked_npe,17,3.943519445566032,4.006771802902222
5,masked_npe,18,3.892900136800913,3.985095024108887
5,masked_npe,19,3.840007176766029,3.9434423446655273
5,masked_npe,20,3.777165504602285,3.929733157157898
5,masked_npe,21,3.764544523679293,3.911055326461792
5,masked_npe,22,3.7554724583259,3.90370523929596
5,masked_npe,23,3.7293140704815206,3.857038378715515
5,masked_npe,24,3.704095583695632,3.772113084793091
5,masked_npe,25,3.7009283762711744,3.798844337463379
5,masked_npe,26,3.657350888619056,3.773416042327881
5,masked_npe,27,3.644535871652456,3.7679693698883057
5,masked_npe,28,3.6155078411102295,3.711573958396912
5,masked_npe,29,3.5918435867016134,3.7351388931274414
5,masked_npe,30,3.610598380749042,3.6835087537765503
5,masked_npe,31,3.5969377297621508,3.701623916625977
5,masked_npe,32,3.5480177769294152,3.680915117263794
5,masked_npe,33,3.5351013587071347,3.659204006195069
5,masked_npe,34,3.5536806766803446,3.689226746559143
5,masked_npe,35,3.5301058842585635,3.717908382415772
5,masked_npe,36,3.5504142504472,3.7100011110305786
5,masked_npe,37,3.5523773156679592,3.65922486782074
5,masked_npe,38,3.5325260895949144,3.690519332885742
5,masked_npe,39,3.557828958217914,3.6711983680725098
5,masked_npe,40,3.4726378367497373,3.730109691619873
5,masked_npe,41,3.527363428702721,3.68625545501709
5,masked_npe,42,3.5329112089597263,3.622673511505127
5,masked_npe,43,3.531319985022912,3.657840251922608
5,masked_npe,44,3.486117858153123,3.692560911178589
5,masked_npe,45,3.487268411196195,3.650196194648743
5,masked_npe,46,3.505347416951106,3.667418241500856
5,masked_npe,47,3.476876607308021,3.633788466453552
5,masked_npe,48,3.509345072966356,3.681421399116516
5,masked_npe,49,3.4870513952695408,3.6671937704086304
5,masked_npe,50,3.5110154151916504,3.682800054550171
5,masked_npe,51,3.47335776915917,3.663748621940613
5,masked_npe,52,3.4834757217994103,3.6249438524246216
5,masked_npe,53,3.4893677418048563,3.670004487037658
5,masked_npe,54,3.4848853257986216,3.645282626152039
5,masked_npe,55,3.515298476585975,3.621318817138672
5,masked_npe,56,3.5022866542522726,3.6362946033477774
5,masked_npe,57,3.477599162321824,3.667276620864868
5,masked_npe,58,3.474405912252573,3.6928651332855225
5,masked_npe,59,3.470724105834961,3.674179553985596
5,masked_npe,60,3.486772060394287,3.604553461074829
5,masked_npe,61,3.46120652785668,3.618866920471192
5,masked_npe,62,3.49834865790147,3.636762619018554
5,masked_npe,63,3.4935874388768124,3.6021406650543213
5,masked_npe,64,3.4848735332489014,3.651317596435547
5,masked_npe,65,3.4839837000920224,3.643447399139404
5,masked_npe,66,3.483127759053157,3.591317892074585
5,masked_npe,67,3.4793395629295936,3.5851768255233765
5,masked_npe,68,3.477622398963341,3.640559196472168
5,masked_npe,69,3.475376844406128,3.656760454177856
5,masked_npe,70,3.499069470625657,3.5878151655197144
5,masked_npe,71,3.4393128798558164,3.641104578971863
5,masked_npe,72,3.4611418430621805,3.619046211242676
5,masked_npe,73,3.452208023804885,3.635379672050476
5,masked_npe,74,3.4731917014488807,3.62614679336548
5,masked_npe,75,3.4632192024817834,3.6680097579956055
5,masked_npe,76,3.458511242499718,3.609538197517395
5,masked_npe,77,3.4434598042414737,3.6202856302261353
5,masked_npe,78,3.4498242965111365,3.627219438552856
5,masked_npe,79,3.479270788339468,3.6702284812927246
5,masked_npe,80,3.4817712123577413,3.632794618606568
5,masked_npe,81,3.466215702203604,3.6242012977600098
5,masked_npe,82,3.439703134390024,3.6451261043548575
5,masked_npe,83,3.444099481289203,3.639214158058168
5,masked_npe,84,3.457200160393348,3.650629639625549
5,masked_npe,85,3.438114844835721,3.60459041595459
5,masked_npe,86,3.4539763377263,3.6385903358459473
5,masked_npe,87,3.418873933645396,3.6720837354660034
5,masked_npe,88,3.4632561940413256,3.6464046239852905
5,masked_npe,89,3.4474743146162767,3.6165577173233032
5,masked_npe,90,3.4164995963756857,3.602208137512207
5,masked_npe,91,3.479206470342783,3.604729175567627
5,masked_npe,92,3.4347810928638163,3.6658084392547607
5,dedicated_npe,0,5.074920104100154,4.791472434997559
5,dedicated_npe,1,4.536759596604568,4.323122024536133
5,dedicated_npe,2,4.089501069142268,3.8765639066696167
5,dedicated_npe,3,3.606104740729698,3.421894907951355
5,dedicated_npe,4,3.140384472333468,2.8298920392990112
5,dedicated_npe,5,2.415196033624502,2.148251533508301
5,dedicated_npe,6,2.037076592445373,1.9827904105186465
5,dedicated_npe,7,1.9047108430128832,1.8810609579086304
5,dedicated_npe,8,1.862634071936974,1.9995198249816888
5,dedicated_npe,9,1.801718473434448,1.85120552778244
5,dedicated_npe,10,1.743296403151292,1.8131085634231567
5,dedicated_npe,11,1.7017193482472346,1.790147304534912
5,dedicated_npe,12,1.6773789112384505,1.7793623208999634
5,dedicated_npe,13,1.645667002751277,1.7819969654083252
5,dedicated_npe,14,1.6215669558598444,1.706036925315857
5,dedicated_npe,15,1.591956982245812,1.7295764684677124
5,dedicated_npe,16,1.5774542735173152,1.7201240062713623
5,dedicated_npe,17,1.5720685628744273,1.7725839018821716
5,dedicated_npe,18,1.5972288938669057,1.7366297841072085
5,dedicated_npe,19,1.5729152881182158,1.7607059478759766
5,dedicated_npe,20,1.5680094682253325,1.7298359870910645
5,dedicated_npe,21,1.54155943943904,1.753498077392578
5,dedicated_npe,22,1.5246362319359412,1.7415017485618591
5,dedicated_npe,23,1.5151658700062678,1.6927475929260254
5,dedicated_npe,24,1.5217130550971398,1.7420732378959656
5,dedicated_npe,25,1.482074416600741,1.7127923965454102
5,dedicated_npe,26,1.486615043420058,1.7324580550193789
5,dedicated_npe,27,1.473154673209557,1.7445125579833984
5,dedicated_npe,28,1.469659264271076,1.7370874881744385
5,dedicated_npe,29,1.458861937889686,1.7483880519866943
5,dedicated_npe,30,1.448791265487671,1.733139157295227
5,dedicated_npe,31,1.456363008572505,1.7092590928077698
5,dedicated_npe,32,1.4398365112451406,1.742653250694275
5,dedicated_npe,33,1.4373299708733192,1.6775373220443726
5,dedicated_npe,34,1.4383476605782142,1.726912260055542
5,dedicated_npe,35,1.418039817076463,1.7593089938163755
5,dedicated_npe,36,1.416624977038457,1.7334968447685242
5,dedicated_npe,37,1.413833498954773,1.715120792388916
5,dedicated_npe,38,1.4178447539989765,1.7559003233909607
5,dedicated_npe,39,1.397831128193782,1.719114363193512
5,dedicated_npe,40,1.405718812575707,1.7115962505340576
5,dedicated_npe,41,1.387682291177603,1.7564234733581543
5,dedicated_npe,42,1.3993476996055016,1.745152473449707
5,dedicated_npe,43,1.3945434551972609,1.7434816360473633
5,dedicated_npe,44,1.3800562069966242,1.725978970527649
5,dedicated_npe,45,1.3740922487699068,1.729434311389923
5,dedicated_npe,46,1.394675062252925,1.713296115398407
5,dedicated_npe,47,1.3965210639513457,1.7687601447105408
5,dedicated_npe,48,1.3630015758367686,1.6800330877304075
5,dedicated_npe,49,1.3450426505162163,1.742755889892578
5,dedicated_npe,50,1.3441732755074134,1.7221622467041016
5,dedicated_npe,51,1.358923077583313,1.7443408370018003
5,dedicated_npe,52,1.3469651662386382,1.7366980910301208
5,dedicated_npe,53,1.3336560726165771,1.745334804058075
5,dedicated_npe,54,1.335145931977492,1.7738385796546936
5,dedicated_npe,55,1.3640134793061476,1.8122938871383667
5,dedicated_npe,56,1.3697360387215247,1.7951956391334534
5,dedicated_npe,57,1.3266507570560162,1.7428929209709167
5,dedicated_npe,58,1.327360905133761,1.7412707805633545
5,retrain_without_f1_strong_t1,0,5.091334709754357,4.808034181594849
5,retrain_without_f1_strong_t1,1,4.589573750129113,4.424876689910889
5,retrain_without_f1_strong_t1,2,4.193515117351826,4.00995659828186
5,retrain_without_f1_strong_t1,3,3.813663262587327,3.773586869239807
5,retrain_without_f1_strong_t1,4,3.6526030760545,3.685117483139038
5,retrain_without_f1_strong_t1,5,3.576005458831787,3.631227016448975
5,retrain_without_f1_strong_t1,6,3.5275486615987925,3.61164927482605
5,retrain_without_f1_strong_t1,7,3.495605230331421,3.601967096328736
5,retrain_without_f1_strong_t1,8,3.4801901487203746,3.603340148925781
5,retrain_without_f1_strong_t1,9,3.466575182401217,3.596285104751587
5,retrain_without_f1_strong_t1,10,3.4383744093088,3.577603340148926
5,retrain_without_f1_strong_t1,11,3.4227191301492543,3.613688707351685
5,retrain_without_f1_strong_t1,12,3.417146829458384,3.5673604011535645
5,retrain_without_f1_strong_t1,13,3.4087506991166334,3.586859583854676
5,retrain_without_f1_strong_t1,14,3.402669228040255,3.594183325767517
5,retrain_without_f1_strong_t1,15,3.387478204873892,3.616963386535645
5,retrain_without_f1_strong_t1,16,3.389412256387564,3.625370502471924
5,retrain_without_f1_strong_t1,17,3.377755696956928,3.576084852218628
5,retrain_without_f1_strong_t1,18,3.368300254528339,3.6160095930099487
5,retrain_without_f1_strong_t1,19,3.3594608857081485,3.60803484916687
5,retrain_without_f1_strong_t1,20,3.354762462469248,3.62295663356781
5,retrain_without_f1_strong_t1,21,3.349662890801063,3.617586135864258
5,retrain_without_f1_strong_t1,22,3.339351268915029,3.58858859539032
5,retrain_without_f1_strong_t1,23,3.332138538360596,3.606917023658752
5,retrain_without_f1_strong_t1,24,3.3273241153130164,3.585831880569458
5,retrain_without_f1_strong_t1,25,3.325029574907743,3.6326934099197374
5,retrain_without_f1_strong_t1,26,3.3290814803196835,3.657198190689087
5,retrain_without_f1_strong_t1,27,3.312651359117948,3.5951929092407227
5,retrain_without_f1_strong_t1,28,3.303692725988535,3.657236576080322
5,retrain_without_f1_strong_t1,29,3.296996685174795,3.6283113956451416
5,retrain_without_f1_strong_t1,30,3.2969718162830057,3.657247424125672
5,retrain_without_f1_strong_t1,31,3.2899728004749003,3.6785601377487183
5,retrain_without_f1_strong_t1,32,3.283149389120249,3.6559733152389526
5,retrain_without_f1_strong_t1,33,3.272683565433209,3.661701798439026
5,retrain_without_f1_strong_t1,34,3.2662615042466383,3.644242286682129
5,retrain_without_f1_strong_t1,35,3.2658486366271973,3.683523416519165
5,retrain_without_f1_strong_t1,36,3.2560810309190016,3.6843435764312735
5,retrain_without_f1_strong_t1,37,3.258433011861948,3.646198272705078
5,retrain_without_f2_strong_t2,0,5.099797468919021,4.822277545928955
5,retrain_without_f2_strong_t2,1,4.646762591141921,4.512957811355591
5,retrain_without_f2_strong_t2,2,4.338121707622822,4.225461006164551
5,retrain_without_f2_strong_t2,3,4.079628944396973,4.044525623321533
5,retrain_without_f2_strong_t2,4,3.77769057567303,3.560041069984436
5,retrain_without_f2_strong_t2,5,3.128120495722844,3.0109153985977173
5,retrain_without_f2_strong_t2,6,2.7995774379143348,2.7202858924865723
5,retrain_without_f2_strong_t2,7,2.6405942073235145,2.6505320072174072
5,retrain_without_f2_strong_t2,8,2.533972666813777,2.587806463241577
5,retrain_without_f2_strong_t2,9,2.4976488810319166,2.5920701026916504
5,retrain_without_f2_strong_t2,10,2.461433300605187,2.5784380435943604
5,retrain_without_f2_strong_t2,11,2.452942609786988,2.539048910140991
5,retrain_without_f2_strong_t2,12,2.3980050637171817,2.530633568763733
5,retrain_without_f2_strong_t2,13,2.387735806978666,2.536507725715637
5,retrain_without_f2_strong_t2,14,2.388148069381714,2.5403972864151
5,retrain_without_f2_strong_t2,15,2.3818453825437107,2.5598363876342773
5,retrain_without_f2_strong_t2,16,2.342894517458402,2.567856550216675
5,retrain_without_f2_strong_t2,17,2.338397209460919,2.4883134365081787
5,retrain_without_f2_strong_t2,18,2.325694542664748,2.5354130268096924
5,retrain_without_f2_strong_t2,19,2.341138711342445,2.524512767791748
5,retrain_without_f2_strong_t2,20,2.311767981602596,2.4915188550949097
5,retrain_without_f2_strong_t2,21,2.294759310208834,2.5015411376953125
5,retrain_without_f2_strong_t2,22,2.294295989550077,2.4967952966690063
5,retrain_without_f2_strong_t2,23,2.2713660276853123,2.48363733291626
5,retrain_without_f2_strong_t2,24,2.2655927584721494,2.5513397455215454
5,retrain_without_f2_strong_t2,25,2.280202572162335,2.515258312225342
5,retrain_without_f2_strong_t2,26,2.269843193200918,2.541581630706787
5,retrain_without_f2_strong_t2,27,2.266541150900034,2.495497822761536
5,retrain_without_f2_strong_t2,28,2.2362483464754543,2.530351400375366
5,retrain_without_f2_strong_t2,29,2.2429550244258,2.480428457260132
5,retrain_without_f2_strong_t2,30,2.2351937477405253,2.518012762069702
5,retrain_without_f2_strong_t2,31,2.212917676338783,2.559645891189575
5,retrain_without_f2_strong_t2,32,2.212594234026396,2.511798858642578
5,retrain_without_f2_strong_t2,33,2.212436859424298,2.60590136051178
5,retrain_without_f2_strong_t2,34,2.227500438690185,2.504512548446656
5,retrain_without_f2_strong_t2,35,2.2065563201904297,2.5298831462860107
5,retrain_without_f2_strong_t2,36,2.1904121178847094,2.556228995323181
5,retrain_without_f2_strong_t2,37,2.2438887632810154,2.511385083198548
5,retrain_without_f2_strong_t2,38,2.2296853432288537,2.539831519126892
5,retrain_without_f2_strong_t2,39,2.1956070019648624,2.5547362565994263
5,retrain_without_f2_strong_t2,40,2.1905128405644345,2.48967707157135
5,retrain_without_f2_strong_t2,41,2.187152257332435,2.596680998802185
5,retrain_without_f2_strong_t2,42,2.184021472930908,2.484938621520996
5,retrain_without_f2_strong_t2,43,2.160539113558256,2.5259662866592407
5,retrain_without_f2_strong_t2,44,2.150637736687293,2.4960741996765137
5,retrain_without_f2_strong_t2,45,2.140991375996516,2.561854600906372
5,retrain_without_f2_strong_t2,46,2.155544977921706,2.5558310747146606
5,retrain_without_f2_strong_t2,47,2.161460803105281,2.561880350112915
5,retrain_without_f2_strong_t2,48,2.1363959312438965,2.5033552646636963
5,retrain_without_f2_strong_t2,49,2.168984945003803,2.5443711280822754
5,retrain_without_f2_strong_t2,50,2.151055225959191,2.557902216911316
5,retrain_without_f2_strong_t2,51,2.1320137885900645,2.5460352897644043
5,retrain_without_f2_strong_t2,52,2.1421755093794603,2.514319896697998
5,retrain_without_f2_strong_t2,53,2.119084743353037,2.55027174949646
5,retrain_without_f2_strong_t2,54,2.118432448460505,2.5687774419784546
5,retrain_without_f3_dup_a,0,5.066128253936768,4.749870777130127
5,retrain_without_f3_dup_a,1,4.54123486005343,4.350796461105347
5,retrain_without_f3_dup_a,2,4.084930841739361,3.8302775621414185
5,retrain_without_f3_dup_a,3,3.5706971425276537,3.3958373069763184
5,retrain_without_f3_dup_a,4,3.153227567672729,2.860996723175049
5,retrain_without_f3_dup_a,5,2.473654105113103,2.3198856115341187
5,retrain_without_f3_dup_a,6,2.0627421874266405,1.9749963283538816
5,retrain_without_f3_dup_a,7,1.8967679555599504,1.8810314536094663
5,retrain_without_f3_dup_a,8,1.823636275071364,1.84423303604126
5,retrain_without_f3_dup_a,9,1.7750590214362512,1.920025646686554
5,retrain_without_f3_dup_a,10,1.709392941915072,1.7855200171470642
5,retrain_without_f3_dup_a,11,1.6906633101976836,1.8045668005943296
5,retrain_without_f3_dup_a,12,1.6386547913918128,1.7616267800331116
5,retrain_without_f3_dup_a,13,1.628714213004479,1.7725195288658142
5,retrain_without_f3_dup_a,14,1.6228377635662372,1.766934335231781
5,retrain_without_f3_dup_a,15,1.6029895910849938,1.798172414302826
5,retrain_without_f3_dup_a,16,1.5966937358562765,1.7508873343467712
5,retrain_without_f3_dup_a,17,1.5675961787884052,1.761849045753479
5,retrain_without_f3_dup_a,18,1.5545034867066605,1.753229320049286
5,retrain_without_f3_dup_a,19,1.5527572265038123,1.7491812705993652
5,retrain_without_f3_dup_a,20,1.5426159180127657,1.7394667863845823
5,retrain_without_f3_dup_a,21,1.536919538791363,1.7281882166862488
5,retrain_without_f3_dup_a,22,1.534769920202402,1.711720883846283
5,retrain_without_f3_dup_a,23,1.515559618289654,1.7269695401191711
5,retrain_without_f3_dup_a,24,1.5027122314159689,1.7354770302772522
5,retrain_without_f3_dup_a,25,1.5265705860578096,1.7579983472824097
5,retrain_without_f3_dup_a,26,1.528502005797166,1.7705587148666382
5,retrain_without_f3_dup_a,27,1.4920284014481764,1.7361167073249817
5,retrain_without_f3_dup_a,28,1.476931489430941,1.7612544298171997
5,retrain_without_f3_dup_a,29,1.4894867401856642,1.7511672973632812
5,retrain_without_f3_dup_a,30,1.4739954654987042,1.7555275559425354
5,retrain_without_f3_dup_a,31,1.4543320123965924,1.795173168182373
5,retrain_without_f3_dup_a,32,1.4444839862676768,1.7555023431777954
5,retrain_without_f3_dup_a,33,1.449486494064331,1.8790383338928225
5,retrain_without_f3_dup_a,34,1.478818655014038,1.756687343120575
5,retrain_without_f3_dup_a,35,1.440545916557312,1.7711725234985352
5,retrain_without_f3_dup_a,36,1.419824847808251,1.812943994998932
5,retrain_without_f3_dup_a,37,1.443096032509437,1.7447822093963623
5,retrain_without_f3_dup_a,38,1.4405032671414888,1.7560234665870669
5,retrain_without_f3_dup_a,39,1.4172846262271588,1.7757201790809631
5,retrain_without_f3_dup_a,40,1.4119609227547278,1.7226314544677734
5,retrain_without_f3_dup_a,41,1.4108623633017907,1.7936646938323977
5,retrain_without_f3_dup_a,42,1.4092143774032593,1.6985931396484375
5,retrain_without_f3_dup_a,43,1.3833490518423228,1.7361921668052671
5,retrain_without_f3_dup_a,44,1.3805688986411462,1.7398518323898315
5,retrain_without_f3_dup_a,45,1.380167273374704,1.7933478355407717
5,retrain_without_f3_dup_a,46,1.387796502846938,1.824714362621308
5,retrain_without_f3_dup_a,47,1.3945153309748723,1.7766360640525818
5,retrain_without_f3_dup_a,48,1.3619977694291334,1.7473819851875303
5,retrain_without_f3_dup_a,49,1.3679832770274236,1.7969963550567627
5,retrain_without_f3_dup_a,50,1.3635546427506666,1.7926799058914185
5,retrain_without_f3_dup_a,51,1.379072950436519,1.8265293836593628
5,retrain_without_f3_dup_a,52,1.374091698573186,1.7399817109107971
5,retrain_without_f3_dup_a,53,1.342708917764517,1.7995339035987854
5,retrain_without_f3_dup_a,54,1.3470762692964997,1.7960628867149353
5,retrain_without_f3_dup_a,55,1.337266206741333,1.8170025944709776
5,retrain_without_f3_dup_a,56,1.342561859350938,1.8796358108520508
5,retrain_without_f3_dup_a,57,1.3296962609657874,1.7973355650901794
5,retrain_without_f3_dup_a,58,1.3368642605268035,1.756982445716858
5,retrain_without_f3_dup_a,59,1.3132114777198205,1.764203429222107
5,retrain_without_f3_dup_a,60,1.3061795784876895,1.8014063239097595
5,retrain_without_f3_dup_a,61,1.2965384079859807,1.8681853413581848
5,retrain_without_f3_dup_a,62,1.3043906138493464,1.8406968712806704
5,retrain_without_f3_dup_a,63,1.31268781882066,1.867912471294403
5,retrain_without_f3_dup_a,64,1.2878204859220064,1.8578192591667173
5,retrain_without_f3_dup_a,65,1.2953220055653498,1.7787725925445557
5,retrain_without_f3_dup_a,66,1.290589763567998,1.8796286582946773
5,retrain_without_f3_dup_a,67,1.3132119545569787,1.819199681282044
5,retrain_without_f4_dup_b,0,5.064537121699407,4.751497030258179
5,retrain_without_f4_dup_b,1,4.5385957131019,4.341716766357422
5,retrain_without_f4_dup_b,2,4.079737993387075,3.821186780929565
5,retrain_without_f4_dup_b,3,3.5654690449054423,3.410996437072754
5,retrain_without_f4_dup_b,4,3.156855271412776,2.899531126022339
5,retrain_without_f4_dup_b,5,2.5041529398698072,2.186713457107544
5,retrain_without_f4_dup_b,6,2.0323534378638635,1.979230165481568
5,retrain_without_f4_dup_b,7,1.930735441354605,1.9068869948387144
5,retrain_without_f4_dup_b,8,1.803147792816162,1.8522911071777344
5,retrain_without_f4_dup_b,9,1.7507136968465953,1.873754799365997
5,retrain_without_f4_dup_b,10,1.7212521571379442,1.7925759553909302
5,retrain_without_f4_dup_b,11,1.6711574150965764,1.8044935464859009
5,retrain_without_f4_dup_b,12,1.6301513360096858,1.76493239402771
5,retrain_without_f4_dup_b,13,1.6214340099921594,1.7702720165252686
5,retrain_without_f4_dup_b,14,1.6161168813705444,1.765766143798828
5,retrain_without_f4_dup_b,15,1.5978478560080895,1.824382483959198
5,retrain_without_f4_dup_b,16,1.5866681795853834,1.7576135396957395
5,retrain_without_f4_dup_b,17,1.5671950762088482,1.7430515885353088
5,retrain_without_f4_dup_b,18,1.5585572994672334,1.7576143741607666
5,retrain_without_f4_dup_b,19,1.5424461914942815,1.7888384461402893
5,retrain_without_f4_dup_b,20,1.5497126212486854,1.7496217489242554
5,retrain_without_f4_dup_b,21,1.525970431474539,1.7351647019386292
5,retrain_without_f4_dup_b,22,1.5116366239694448,1.74370539188385
5,retrain_without_f4_dup_b,23,1.5001844809605525,1.7211437225341797
5,retrain_without_f4_dup_b,24,1.5023173643992498,1.755504131317139
5,retrain_without_f4_dup_b,25,1.5186388217485869,1.7586345076560974
5,retrain_without_f4_dup_b,26,1.509869107833275,1.7901644706726074
5,retrain_without_f4_dup_b,27,1.5022106537452111,1.7511452436447144
5,retrain_without_f4_dup_b,28,1.4934550523757937,1.7724908590316772
5,retrain_without_f4_dup_b,29,1.4767713179955115,1.7400534749031067
5,retrain_without_f4_dup_b,30,1.470538121003371,1.7572453022003174
5,retrain_without_f4_dup_b,31,1.4469300141701331,1.802020728588104
5,retrain_without_f4_dup_b,32,1.4396163683671217,1.7539716362953186
5,retrain_without_f4_dup_b,33,1.435067085119394,1.8478775024414065
5,retrain_without_f4_dup_b,34,1.4576139266674335,1.735477089881897
5,retrain_without_f4_dup_b,35,1.436455176426814,1.7860773801803589
5,retrain_without_f4_dup_b,36,1.4199769496917725,1.8340506553649905
5,retrain_without_f4_dup_b,37,1.429994564789992,1.73352712392807
5,retrain_without_f4_dup_b,38,1.438372070972736,1.7796732187271118
5,retrain_without_f4_dup_b,39,1.418850907912621,1.7735141515731812
5,retrain_without_f4_dup_b,40,1.412726383942824,1.7315621376037598
5,retrain_without_f4_dup_b,41,1.4059391296826875,1.7559852004051208
5,retrain_without_f4_dup_b,42,1.4397649948413556,1.7236697673797607
5,retrain_without_f4_dup_b,43,1.3989637815035307,1.7414839267730713
5,retrain_without_f4_dup_b,44,1.3817738478000348,1.7411634922027588
5,retrain_without_f4_dup_b,45,1.3747774545962994,1.807072341442108
5,retrain_without_f4_dup_b,46,1.3886567812699535,1.8447102308273315
5,retrain_without_f4_dup_b,47,1.406896471977234,1.7957019805908203
5,retrain_without_f4_dup_b,48,1.3755806501095111,1.7811257243156433
5,retrain_without_f5_null,0,5.010987465198223,4.687318325042725
5,retrain_without_f5_null,1,4.46999036348783,4.274438858032227
5,retrain_without_f5_null,2,4.013851495889517,3.781442403793335
5,retrain_without_f5_null,3,3.5321588149437537,3.3927595615386963
5,retrain_without_f5_null,4,3.137791486886832,2.859528422355652
5,retrain_without_f5_null,5,2.4460262335263767,2.171406865119934
5,retrain_without_f5_null,6,2.144742103723379,2.048814296722412
5,retrain_without_f5_null,7,1.899756541618934,1.90325129032135
5,retrain_without_f5_null,8,1.8099873341046848,1.8773576617240904
5,retrain_without_f5_null,9,1.783636680016151,1.8741000890731807
5,retrain_without_f5_null,10,1.741614891932561,1.810061931610108
5,retrain_without_f5_null,11,1.674481905423678,1.8218185901641848
5,retrain_without_f5_null,12,1.6503933393038237,1.7395503520965576
5,retrain_without_f5_null,13,1.6306643852820764,1.7510581612586975
5,retrain_without_f5_null,14,1.6231092856480525,1.762723743915558
5,retrain_without_f5_null,15,1.6031684967187734,1.784766674041748
5,retrain_without_f5_null,16,1.600860357284546,1.720979928970337
5,retrain_without_f5_null,17,1.5649232956079335,1.72505921125412
5,retrain_without_f5_null,18,1.555809965500465,1.752929389476776
5,retrain_without_f5_null,19,1.5590512110636785,1.7322947978973389
5,retrain_without_f5_null,20,1.5499104994993944,1.7270660996437073
5,retrain_without_f5_null,21,1.5365459277079656,1.7150851488113403
5,retrain_without_f5_null,22,1.5233019315279448,1.737872302532196
5,retrain_without_f5_null,23,1.5143076548209558,1.7215237617492676
5,retrain_without_f5_null,24,1.5090983830965483,1.727363646030426
5,retrain_without_f5_null,25,1.554522624382606,1.8168632984161377
5,retrain_without_f5_null,26,1.5224958108021662,1.753924012184143
5,retrain_without_f5_null,27,1.496187604390658,1.7293798923492432
5,retrain_without_f5_null,28,1.4910262456307044,1.7523025274276731
5,retrain_without_f5_null,29,1.5223192343345056,1.713312029838562
5,retrain_without_f5_null,30,1.4778302999643178,1.7495545744895935
5,retrain_without_f5_null,31,1.46662542453179,1.7461265921592712
5,retrain_without_f5_null,32,1.4663005975576549,1.7797067165374756
5,retrain_without_f5_null,33,1.47362953882951,1.761442482471466
5,retrain_without_f5_null,34,1.4603560062555163,1.7256210446357727
5,retrain_without_f5_null,35,1.45597178202409,1.7429460287094116
5,retrain_without_f5_null,36,1.433954092172476,1.8274207711219788
5,retrain_without_f5_null,37,1.43519062262315,1.7131510972976685
5,retrain_without_f5_null,38,1.427493425515982,1.7197728753089905
5,retrain_without_f5_null,39,1.409224455173199,1.7335832118988037
5,retrain_without_f5_null,40,1.4107855833493743,1.6970106363296509
5,retrain_without_f5_null,41,1.4017568918374868,1.7469111680984497
5,retrain_without_f5_null,42,1.413839367719797,1.7427895069122314
5,retrain_without_f5_null,43,1.412156838637132,1.7299458384513855
5,retrain_without_f5_null,44,1.3870372680517344,1.7047343850135803
5,retrain_without_f5_null,45,1.3824119842969451,1.7783586382865906
5,retrain_without_f5_null,46,1.394734153380761,1.7589343786239624
5,retrain_without_f5_null,47,1.3915259196208074,1.7650936245918274
5,retrain_without_f5_null,48,1.382759295977079,1.727859616279602
5,retrain_without_f5_null,49,1.3903931562717144,1.7686097025871277
5,retrain_without_f5_null,50,1.3710083594689002,1.7334179878234863
5,retrain_without_f5_null,51,1.370679965386024,1.7830488085746763
5,retrain_without_f5_null,52,1.392364263534546,1.7167922258377075
5,retrain_without_f5_null,53,1.3639221833302424,1.7860965132713318
5,retrain_without_f5_null,54,1.3584520725103526,1.7517478466033936
5,retrain_without_f5_null,55,1.360441308755141,1.7538231015205383
5,retrain_without_f5_null,56,1.345305837117709,1.8466573357582088
5,retrain_without_f5_null,57,1.3457768513606143,1.7361271381378174
5,retrain_without_f5_null,58,1.3258747779406037,1.758385419845581
5,retrain_without_f5_null,59,1.3372949636899507,1.742557942867279
5,retrain_without_f5_null,60,1.3228587278952966,1.7648025751113892
5,retrain_without_f5_null,61,1.319769263267517,1.7817545533180237
5,retrain_without_f5_null,62,1.3293107656332164,1.7942545413970947
5,retrain_without_f5_null,63,1.327817073235145,1.8037996888160703
5,retrain_without_f5_null,64,1.3080550982401922,1.7988721132278442
5,retrain_without_f5_null,65,1.3085405276371882,1.7382895350456238
5,retrain_without_f6_suppressor,0,5.007987242478591,4.690653800964356
5,retrain_without_f6_suppressor,1,4.4759757702167215,4.292546510696411
5,retrain_without_f6_suppressor,2,4.042303250386165,3.8613944053649902
5,retrain_without_f6_suppressor,3,3.6528326731461744,3.628205895423889
5,retrain_without_f6_suppressor,4,3.507061298076923,3.5301347970962524
5,retrain_without_f6_suppressor,5,3.422996557675875,3.501726627349853
5,retrain_without_f6_suppressor,6,3.3721093581273007,3.4632554054260254
5,retrain_without_f6_suppressor,7,3.340953936943641,3.439011812210083
5,retrain_without_f6_suppressor,8,3.31549963584313,3.461206793785095
5,retrain_without_f6_suppressor,9,3.2978746707622824,3.45910120010376
5,retrain_without_f6_suppressor,10,3.276413844181941,3.4249037504196167
5,retrain_without_f6_suppressor,11,3.254335935299213,3.464413046836853
5,retrain_without_f6_suppressor,12,3.248189265911396,3.4152750968933105
5,retrain_without_f6_suppressor,13,3.2399954062241774,3.4254544973373413
5,retrain_without_f6_suppressor,14,3.2329375377068152,3.436246633529663
5,retrain_without_f6_suppressor,15,3.2150544753441443,3.46150815486908
5,retrain_without_f6_suppressor,16,3.219268432030311,3.458215951919556
5,retrain_without_f6_suppressor,17,3.2011761481945333,3.4163907766342163
5,retrain_without_f6_suppressor,18,3.199623327988845,3.4509425163269043
5,retrain_without_f6_suppressor,19,3.191705483656663,3.441330909729004
5,retrain_without_f6_suppressor,20,3.183696306668795,3.450716257095337
5,retrain_without_f6_suppressor,21,3.177554644071139,3.4454402923583984
5,retrain_without_f6_suppressor,22,3.170274147620568,3.422470808029175
5,retrain_without_f6_suppressor,23,3.1586521038642297,3.4198933839797974
5,retrain_without_f6_suppressor,24,3.151204219231239,3.416816234588623
5,retrain_without_f6_suppressor,25,3.148032665252685,3.4473551511764526
5,retrain_without_f6_suppressor,26,3.1524593646709738,3.50110924243927
5,retrain_without_f6_suppressor,27,3.145871254114004,3.448013424873352
5,retrain_without_f6_suppressor,28,3.1308682148273173,3.477964758872986
5,retrain_without_f6_suppressor,29,3.1184091567993164,3.459663152694702
5,retrain_without_f6_suppressor,30,3.1155779361724854,3.4946919679641724
5,retrain_without_f6_suppressor,31,3.1165537650768576,3.5091822147369385
5,retrain_without_f6_suppressor,32,3.106132048826951,3.498821258544922
5,retrain_without_f6_suppressor,33,3.0982264555417576,3.511568546295166
5,retrain_without_f6_suppressor,34,3.092039401714618,3.499645948410034
5,retrain_without_f6_suppressor,35,3.087578535079956,3.526198148727417
5,retrain_without_f6_suppressor,36,3.0781987263606143,3.515954732894897
5,retrain_without_f6_suppressor,37,3.0800111293792725,3.4732344150543213
5,retrain_without_f7_weak,0,5.010082281552828,4.704208850860596
5,retrain_without_f7_weak,1,4.495836624732385,4.32934832572937
5,retrain_without_f7_weak,2,4.06406072469858,3.8664745092391968
5,retrain_without_f7_weak,3,3.6196263570051928,3.5409059524536133
5,retrain_without_f7_weak,4,3.283759905741765,3.1215637922286987
5,retrain_without_f7_weak,5,2.732900014290443,2.418300151824951
5,retrain_without_f7_weak,6,2.187951583128709,2.161169648170471
5,retrain_without_f7_weak,7,2.0222747876093936,2.063214898109436
5,retrain_without_f7_weak,8,1.893852536494916,2.003220558166504
5,retrain_without_f7_weak,9,1.8570976440723128,1.991865575313568
5,retrain_without_f7_weak,10,1.83792480138632,1.9768500328063965
5,retrain_without_f7_weak,11,1.7881991588152373,1.9845159649848936
5,retrain_without_f7_weak,12,1.7348278027314403,1.8741567134857176
5,retrain_without_f7_weak,13,1.73859035051786,1.8709787130355835
5,retrain_without_f7_weak,14,1.718946126791147,1.88909125328064
5,retrain_without_f7_weak,15,1.6936402412561269,1.8976216912269592
5,retrain_without_f7_weak,16,1.6752254779522235,1.878395795822144
5,retrain_without_f7_weak,17,1.6586700677871704,1.866321921348572
5,retrain_without_f7_weak,18,1.6404662865858812,1.877374768257141
5,retrain_without_f7_weak,19,1.6351242799025316,1.8345380425453184
5,retrain_without_f7_weak,20,1.6210939425688524,1.870010495185852
5,retrain_without_f7_weak,21,1.6170466496394231,1.8387707471847528
5,retrain_without_f7_weak,22,1.6019978523254397,1.8400271534919737
5,retrain_without_f7_weak,23,1.587134810594412,1.830849289894104
5,retrain_without_f7_weak,24,1.5841010167048528,1.8411787152290344
5,retrain_without_f7_weak,25,1.601144038713895,1.908637881278992
5,retrain_without_f7_weak,26,1.597965827355018,1.868304967880249
5,retrain_without_f7_weak,27,1.5782573223114014,1.839475691318512
5,retrain_without_f7_weak,28,1.5616715596272397,1.881545603275299
5,retrain_without_f7_weak,29,1.5620000912592962,1.8237836956977844
5,retrain_without_f7_weak,30,1.5755076775184045,1.9068860411643984
5,retrain_without_f7_weak,31,1.554177632698646,1.884689450263977
5,retrain_without_f7_weak,32,1.550245000765874,1.8925576210021973
5,retrain_without_f7_weak,33,1.534965074979342,1.861034333705902
5,retrain_without_f7_weak,34,1.5220861985133245,1.8531818389892576
5,retrain_without_f7_weak,35,1.52442755148961,1.877111256122589
5,retrain_without_f7_weak,36,1.5037120305574858,1.901859700679779
5,retrain_without_f7_weak,37,1.515397493655865,1.8210958242416384
5,retrain_without_f7_weak,38,1.5089121506764338,1.852431833744049
5,retrain_without_f7_weak,39,1.5075972905525794,1.882699608802796
5,retrain_without_f7_weak,40,1.5069957696474516,1.81533944606781
5,retrain_without_f7_weak,41,1.4808259377112756,1.862147569656372
5,retrain_without_f7_weak,42,1.4792757034301758,1.8160071969032288
5,retrain_without_f7_weak,43,1.478356306369488,1.82473886013031
5,retrain_without_f7_weak,44,1.4670903499309833,1.828549563884735
5,retrain_without_f7_weak,45,1.4604554451428926,1.8855836987495425
5,retrain_without_f7_weak,46,1.4637506008148191,1.8985161781311035
5,retrain_without_f7_weak,47,1.480137742482699,1.9299330711364744
5,retrain_without_f7_weak,48,1.4931100148421068,1.8221870064735413
5,retrain_without_f7_weak,49,1.4856553627894475,1.89721155166626
5,retrain_without_f7_weak,50,1.4882710713606615,1.8853514194488523
5,retrain_without_f7_weak,51,1.45271347119258,1.8878815174102783
5,retrain_without_f7_weak,52,1.4667395995213437,1.829491376876831
5,retrain_without_f7_weak,53,1.4441464497492864,1.879013240337372
5,retrain_without_f7_weak,54,1.459194302558899,1.8348190188407896
5,retrain_without_f7_weak,55,1.4367085420168364,1.866769015789032
5,retrain_without_f7_weak,56,1.427109461564284,1.9450464248657229
5,retrain_without_f7_weak,57,1.4205814416591938,1.8852424025535583
5,retrain_without_f7_weak,58,1.4218878746032717,1.8324006795883176
5,retrain_without_f7_weak,59,1.425199682895954,1.8459365963935848
5,retrain_without_f7_weak,60,1.40283648784344,1.8753322958946228
5,retrain_without_f7_weak,61,1.4067521003576426,1.9353917241096497
5,retrain_without_f7_weak,62,1.4079583974984975,1.915528953075409
5,retrain_without_f7_weak,63,1.4190970292458167,1.8993539810180664
5,retrain_without_f7_weak,64,1.3945694061426015,1.944274544715881
5,retrain_without_f7_weak,65,1.3832530700243435,1.8517885208129885
5,retrain_without_f8_bigcoef,0,5.020501870375413,4.731542348861694
5,retrain_without_f8_bigcoef,1,4.530760801755465,4.378602027893066
5,retrain_without_f8_bigcoef,2,4.138278337625357,3.955010175704956
5,retrain_without_f8_bigcoef,3,3.748781809440026,3.666073799133301
5,retrain_without_f8_bigcoef,4,3.4312225121718187,3.2558205127716064
5,retrain_without_f8_bigcoef,5,2.856820986821101,2.563322901725769
5,retrain_without_f8_bigcoef,6,2.347410862262433,2.40053653717041
5,retrain_without_f8_bigcoef,7,2.2005076041588416,2.284258723258972
5,retrain_without_f8_bigcoef,8,2.085244142092191,2.1663239002227783
5,retrain_without_f8_bigcoef,9,2.0461386075386634,2.1636266708374023
5,retrain_without_f8_bigcoef,10,1.9789554797686064,2.096253514289856
5,retrain_without_f8_bigcoef,11,1.9622186514047475,2.104512333869934
5,retrain_without_f8_bigcoef,12,1.9312218335958629,2.0797061920166016
5,retrain_without_f8_bigcoef,13,1.900223365196815,2.027790665626526
5,retrain_without_f8_bigcoef,14,1.874307008890005,2.0389750003814697
5,retrain_without_f8_bigcoef,15,1.856564347560589,2.0231252312660217
5,retrain_without_f8_bigcoef,16,1.8568439850440392,2.0269269943237305
5,retrain_without_f8_bigcoef,17,1.8258241231624897,2.019826591014862
5,retrain_without_f8_bigcoef,18,1.8187109873845029,2.014219641685486
5,retrain_without_f8_bigcoef,19,1.802582364815932,2.004311203956604
5,retrain_without_f8_bigcoef,20,1.7998752960791955,1.980646014213562
5,retrain_without_f8_bigcoef,21,1.7883075659091656,1.9924570322036743
5,retrain_without_f8_bigcoef,22,1.773792633643517,1.9951836466789248
5,retrain_without_f8_bigcoef,23,1.76433265209198,1.9916768670082088
5,retrain_without_f8_bigcoef,24,1.7602311831254225,2.018093883991241
5,retrain_without_f8_bigcoef,25,1.7832681582524226,2.030062675476074
5,retrain_without_f8_bigcoef,26,1.7810995211968057,2.022814989089966
5,retrain_without_f8_bigcoef,27,1.74498293033013,1.976809084415436
5,retrain_without_f8_bigcoef,28,1.736981410246629,2.04723596572876
5,retrain_without_f8_bigcoef,29,1.7426271438598633,1.9804396629333496
5,retrain_without_f8_bigcoef,30,1.7394670431430523,1.9958528876304624
5,retrain_without_f8_bigcoef,31,1.7159133415955763,2.0560624599456787
5,retrain_without_f8_bigcoef,32,1.7140743732452393,1.9741986393928528
5,retrain_without_f8_bigcoef,33,1.7027121965701764,2.080951690673828
5,retrain_without_f8_bigcoef,34,1.7228687634834876,1.976052165031433
5,retrain_without_f8_bigcoef,35,1.6959251807286189,2.031031370162964
5,retrain_without_f8_bigcoef,36,1.6736577565853412,2.0643348693847656
5,retrain_without_f8_bigcoef,37,1.6795717111000648,1.9956281185150144
5,retrain_without_f8_bigcoef,38,1.6669986889912531,2.0219740867614746
5,retrain_without_f8_bigcoef,39,1.6727836498847375,2.00532341003418
5,retrain_without_f8_bigcoef,40,1.674707449399508,1.9594890475273128
5,retrain_without_f8_bigcoef,41,1.6570180562826304,1.9899286031723025
5,retrain_without_f8_bigcoef,42,1.6631984802392812,1.9707717895507808
5,retrain_without_f8_bigcoef,43,1.6544540937130268,1.988600254058838
5,retrain_without_f8_bigcoef,44,1.6368749691889837,1.9488738775253296
5,retrain_without_f8_bigcoef,45,1.6369423407774706,2.01861584186554
5,retrain_without_f8_bigcoef,46,1.632307373560392,2.056206703186035
5,retrain_without_f8_bigcoef,47,1.649511144711421,2.0180916786193848
5,retrain_without_f8_bigcoef,48,1.6262120925463164,2.020833551883697
5,retrain_without_f8_bigcoef,49,1.6362061959046583,2.0355263352394104
5,retrain_without_f8_bigcoef,50,1.6155530214309692,2.0162216424942017
5,retrain_without_f8_bigcoef,51,1.6155314995692327,2.031382143497467
5,retrain_without_f8_bigcoef,52,1.6068002902544465,2.006081223487854
5,retrain_without_f8_bigcoef,53,1.5955774508989775,2.022451996803284
5,retrain_without_f8_bigcoef,54,1.6024254652170034,1.9936649799346924
5,retrain_without_f8_bigcoef,55,1.5846253450100238,2.0371055603027344
5,retrain_without_f8_bigcoef,56,1.5990334749221802,2.12110048532486
5,retrain_without_f8_bigcoef,57,1.5875497231116662,2.019685387611389
5,retrain_without_f8_bigcoef,58,1.5780197840470531,2.0292264223098755
5,retrain_without_f8_bigcoef,59,1.5801567939611585,2.0593128204345703
5,retrain_without_f8_bigcoef,60,1.5875819738094623,2.0232248306274414
5,retrain_without_f8_bigcoef,61,1.55015046779926,2.0879193544387817
5,retrain_without_f8_bigcoef,62,1.5618482919839711,2.058610916137696
5,retrain_without_f8_bigcoef,63,1.5621003462718084,2.0468751788139343
5,retrain_without_f8_bigcoef,64,1.5535492438536425,2.0707857608795166
5,retrain_without_f8_bigcoef,65,1.547585395666269,1.9978063702583315
5,retrain_without_f8_bigcoef,66,1.5422982344260583,2.0750941038131714
5,retrain_without_f8_bigcoef,67,1.5596543825589693,2.0899003744125366
5,retrain_without_f8_bigcoef,68,1.5519395608168385,2.080033838748932
5,retrain_without_f8_bigcoef,69,1.531629809966454,2.125752568244934
5,retrain_without_noise_0,0,5.011890631455642,4.693945407867432
5,retrain_without_noise_0,1,4.4768943053025465,4.298641443252564
5,retrain_without_noise_0,2,4.026692408781785,3.816924810409546
5,retrain_without_noise_0,3,3.558972523762629,3.4377434253692627
5,retrain_without_noise_0,4,3.191521112735455,2.969309687614441
5,retrain_without_noise_0,5,2.5754448083730845,2.307941675186157
5,retrain_without_noise_0,6,2.0623209476470947,2.005975365638733
5,retrain_without_noise_0,7,1.9417367898500884,2.006664454936981
5,retrain_without_noise_0,8,1.8168319005232592,1.8822235465049744
5,retrain_without_noise_0,9,1.7805945598162138,1.853966236114502
5,retrain_without_noise_0,10,1.7507332563400269,1.8075677752494808
5,retrain_without_noise_0,11,1.701948459331806,1.8450698256492613
5,retrain_without_noise_0,12,1.6559951397088857,1.749313473701477
5,retrain_without_noise_0,13,1.651096591582665,1.7342312335968018
5,retrain_without_noise_0,14,1.6286770563859203,1.784238338470459
5,retrain_without_noise_0,15,1.6250508748568022,1.7669687271118164
5,retrain_without_noise_0,16,1.6046903225091786,1.7562751173973083
5,retrain_without_noise_0,17,1.572642418054434,1.7283793687820437
5,retrain_without_noise_0,18,1.564811082986685,1.7417539358139038
5,retrain_without_noise_0,19,1.5549079729960515,1.7363018989562988
5,retrain_without_noise_0,20,1.539608203447782,1.7198890447616575
5,retrain_without_noise_0,21,1.522830183689411,1.6919318437576294
5,retrain_without_noise_0,22,1.510371547478896,1.7117260098457336
5,retrain_without_noise_0,23,1.5033752551445594,1.705449461936951
5,retrain_without_noise_0,24,1.5025008366658137,1.7221726179122925
5,retrain_without_noise_0,25,1.5168956151375403,1.7564626336097715
5,retrain_without_noise_0,26,1.5130591300817635,1.7658852338790894
5,retrain_without_noise_0,27,1.4912922015556922,1.718912124633789
5,retrain_without_noise_0,28,1.4736495384803183,1.7607570886611938
5,retrain_without_noise_0,29,1.477707211787884,1.7149918675422668
5,retrain_without_noise_0,30,1.4695520401000977,1.747134804725647
5,retrain_without_noise_0,31,1.4581529635649462,1.7576887011528015
5,retrain_without_noise_0,32,1.447635375536405,1.7215383052825928
5,retrain_without_noise_0,33,1.443800082573524,1.805196642875672
5,retrain_without_noise_0,34,1.4571919532922597,1.7075868248939514
5,retrain_without_noise_0,35,1.4417064923506515,1.7415308952331543
5,retrain_without_noise_0,36,1.4216009653531587,1.7379025220870972
5,retrain_without_noise_0,37,1.4209481752835786,1.6928147673606873
5,retrain_without_noise_0,38,1.4200452382747943,1.7295731902122498
5,retrain_without_noise_0,39,1.408651562837454,1.729269802570343
5,retrain_without_noise_0,40,1.4143508397615874,1.680212140083313
5,retrain_without_noise_0,41,1.3950220346450806,1.739595651626587
5,retrain_without_noise_0,42,1.3893044453400831,1.706536591053009
5,retrain_without_noise_0,43,1.3910656708937426,1.709642767906189
5,retrain_without_noise_0,44,1.3741918893960805,1.7009381651878357
5,retrain_without_noise_0,45,1.372350628559406,1.763821721076965
5,retrain_without_noise_0,46,1.3798570174437303,1.764770805835724
5,retrain_without_noise_0,47,1.3826994712536151,1.7516567707061768
5,retrain_without_noise_0,48,1.3691330964748676,1.6851553320884705
5,retrain_without_noise_0,49,1.363870987525353,1.7553006410598757
5,retrain_without_noise_0,50,1.353503291423504,1.733310580253601
5,retrain_without_noise_0,51,1.353901991477379,1.7912099361419678
5,retrain_without_noise_0,52,1.367534509071937,1.7070582509040833
5,retrain_without_noise_0,53,1.3546296816605787,1.7667429447174072
5,retrain_without_noise_0,54,1.3471013124172504,1.731717824935913
5,retrain_without_noise_0,55,1.3260539128230169,1.756058394908905
5,retrain_without_noise_0,56,1.342869731096121,1.8307067155838013
5,retrain_without_noise_0,57,1.352615549014165,1.750035047531128
5,retrain_without_noise_0,58,1.327443471321693,1.8062434196472168
5,retrain_without_noise_0,59,1.3620789326154268,1.80446058511734
5,retrain_without_noise_0,60,1.3442606100669274,1.748461127281189
5,retrain_without_noise_0,61,1.31385586811946,1.7779138684272766
5,retrain_without_noise_0,62,1.3114036046541655,1.762514889240265
5,retrain_without_noise_0,63,1.3195086442507231,1.774869441986084
5,retrain_without_noise_0,64,1.2990393730310292,1.7941818237304688
5,retrain_without_noise_0,65,1.296354422202477,1.7359153628349304
10,masked_npe,0,5.198705929976243,5.010793685913086
10,masked_npe,1,4.908976664909949,4.8362717628479
10,masked_npe,2,4.756465618426983,4.670871734619141
10,masked_npe,3,4.586196129138653,4.474255800247192
10,masked_npe,4,4.377942635462834,4.319385528564453
10,masked_npe,5,4.290191723750188,4.276156902313232
10,masked_npe,6,4.209716906914344,4.195883274078369
10,masked_npe,7,4.201166079594539,4.201968431472778
10,masked_npe,8,4.151284034435566,4.202038288116455
10,masked_npe,9,4.150641808143029,4.21104621887207
10,masked_npe,10,4.129223493429331,4.112367153167725
10,masked_npe,11,4.104480963486892,4.163988828659058
10,masked_npe,12,4.058878201704759,4.156773328781128
10,masked_npe,13,4.063343873390784,4.087048053741455
10,masked_npe,14,4.037976815150334,4.087838172912598
10,masked_npe,15,3.997255343657273,4.006099581718445
10,masked_npe,16,3.932302970152634,3.998445272445679
10,masked_npe,17,3.913706119243915,3.956467866897583
10,masked_npe,18,3.920950486109807,3.936641812324524
10,masked_npe,19,3.8536660487835226,3.953634738922119
10,masked_npe,20,3.852751676852887,3.8657151460647583
10,masked_npe,21,3.7977607250213614,3.868840456008911
10,masked_npe,22,3.781919314311101,3.870468974113464
10,masked_npe,23,3.794268388014573,3.842197895050049
10,masked_npe,24,3.734949753834651,3.8389534950256334
10,masked_npe,25,3.753450301977304,3.778761863708496
10,masked_npe,26,3.7100114822387695,3.785054087638855
10,masked_npe,27,3.6970707453214207,3.7352508306503296
10,masked_npe,28,3.649456042509813,3.7427711486816406
10,masked_npe,29,3.675264596939087,3.7166688442230233
10,masked_npe,30,3.661448827156654,3.7154946327209473
10,masked_npe,31,3.645008545655471,3.712534189224243
10,masked_npe,32,3.61888601229741,3.719331860542298
10,masked_npe,33,3.6191109143770657,3.687278389930725
10,masked_npe,34,3.5842985923473654,3.686632752418518
10,masked_npe,35,3.5817046348865214,3.656693935394287
10,masked_npe,36,3.605767085002019,3.642335295677185
10,masked_npe,37,3.574850210776696,3.696153998374939
10,masked_npe,38,3.533830220882709,3.609166622161865
10,masked_npe,39,3.552130460739136,3.672530651092529
10,masked_npe,40,3.563996516741239,3.6452066898345934
10,masked_npe,41,3.5516147796924296,3.604758381843567
10,masked_npe,42,3.5427146508143497,3.611993074417114
10,masked_npe,43,3.527186705515935,3.605788946151733
10,masked_npe,44,3.57518115410438,3.677103042602539
10,masked_npe,45,3.550081619849572,3.678056955337525
10,masked_npe,46,3.581356305342454,3.639023423194885
10,masked_npe,47,3.5274243904994083,3.64250922203064
10,masked_npe,48,3.535811222516573,3.623237609863281
10,masked_npe,49,3.504594564437866,3.6176133155822754
10,masked_npe,50,3.5262305919940653,3.6540720462799072
10,masked_npe,51,3.5341534247765174,3.617345809936523
10,masked_npe,52,3.5085232808039737,3.667519807815552
10,masked_npe,53,3.4950185005481424,3.607890248298645
10,masked_npe,54,3.5304703529064474,3.599089741706848
10,masked_npe,55,3.503605365753174,3.609279155731201
10,masked_npe,56,3.509041217657236,3.599871277809143
10,masked_npe,57,3.528970626684336,3.5990041494369507
10,masked_npe,58,3.5192319613236647,3.6414499282836914
10,masked_npe,59,3.502319390957172,3.627146244049072
10,masked_npe,60,3.5330752592820387,3.602694869041443
10,masked_npe,61,3.495911268087534,3.562544107437134
10,masked_npe,62,3.5137123878185568,3.5799560546875
10,masked_npe,63,3.4353658969585714,3.642228126525879
10,masked_npe,64,3.5000723692087026,3.57304584980011
10,masked_npe,65,3.5022958792172947,3.615482211112976
10,masked_npe,66,3.4824118247398963,3.625526189804077
10,masked_npe,67,3.482484524066632,3.6341843605041504
10,masked_npe,68,3.5130472366626444,3.6288113594055176
10,masked_npe,69,3.4955626817849965,3.5739080905914307
10,masked_npe,70,3.459717732209426,3.631244421005249
10,masked_npe,71,3.465255315487201,3.607319474220276
10,masked_npe,72,3.4810756536630483,3.560242772102356
10,masked_npe,73,3.4964923491844764,3.57041609287262
10,masked_npe,74,3.4535252314347487,3.562907457351685
10,masked_npe,75,3.4650974090282736,3.627721309661865
10,masked_npe,76,3.494918309725248,3.596370577812195
10,masked_npe,77,3.4605853374187765,3.563476800918579
10,masked_npe,78,3.4635530618520884,3.5999945402145386
10,masked_npe,79,3.4843791081355167,3.5734119415283203
10,masked_npe,80,3.477369546890259,3.571803092956543
10,masked_npe,81,3.488299296452449,3.6394429206848153
10,masked_npe,82,3.4899912797487698,3.570043921470642
10,masked_npe,83,3.4254079231849084,3.603063344955444
10,masked_npe,84,3.4581254628988414,3.556131720542908
10,masked_npe,85,3.458564153084388,3.635746717453003
10,masked_npe,86,3.4601988242222714,3.5710203647613525
10,masked_npe,87,3.5018397111159105,3.566145658493042
10,masked_npe,88,3.461330303779015,3.604498863220215
10,masked_npe,89,3.4814409476060133,3.59350061416626
10,masked_npe,90,3.4697135228377123,3.5987865924835205
10,masked_npe,91,3.434572825065026,3.575411796569824
10,masked_npe,92,3.457688698401818,3.577759027481079
10,masked_npe,93,3.452063175348135,3.6126126050949097
10,masked_npe,94,3.469024731562688,3.574218988418579
10,masked_npe,95,3.447512589968168,3.5782666206359863
10,masked_npe,96,3.446706533432007,3.5598174333572388
10,masked_npe,97,3.472505000921396,3.58447813987732
10,masked_npe,98,3.479697979413546,3.595947504043579
10,masked_npe,99,3.4612708458533654,3.5547457933425903
10,masked_npe,100,3.4188116697164683,3.5611460208892822
10,masked_npe,101,3.4767378843747654,3.573364734649658
10,masked_npe,102,3.431223447506244,3.5682562589645386
10,masked_npe,103,3.474072346320519,3.605863213539124
10,masked_npe,104,3.479033268415011,3.5995064973831177
10,masked_npe,105,3.4799447609828067,3.589933514595032
10,masked_npe,106,3.4543554049271803,3.5802762508392334
10,masked_npe,107,3.453709969153771,3.5778924226760864
10,masked_npe,108,3.4484097407414365,3.59771728515625
10,masked_npe,109,3.4555636736062856,3.558286070823669
10,masked_npe,110,3.4588173169356127,3.568710803985596
10,masked_npe,111,3.3917217438037577,3.5989437103271484
10,masked_npe,112,3.4061022721804104,3.610997676849365
10,masked_npe,113,3.480260812319242,3.616479992866516
10,masked_npe,114,3.4374982026907115,3.5271674394607544
10,masked_npe,115,3.437128213735728,3.548520922660828
10,masked_npe,116,3.447462320327759,3.565939426422119
10,masked_npe,117,3.4473598370185266,3.578554153442383
10,masked_npe,118,3.462064559643085,3.592174410820008
10,masked_npe,119,3.4567125760591946,3.6128990650177
10,masked_npe,120,3.4769678849440355,3.593838691711426
10,masked_npe,121,3.4374912151923547,3.596081614494324
10,masked_npe,122,3.429248186258169,3.582718849182129
10,masked_npe,123,3.4294805893531213,3.5948888063430786
10,masked_npe,124,3.456647359407865,3.597409248352051
10,masked_npe,125,3.448478570351234,3.61386787891388
10,masked_npe,126,3.433872864796565,3.5969451665878296
10,masked_npe,127,3.481780033845168,3.58410382270813
10,masked_npe,128,3.430478957983164,3.598035454750061
10,masked_npe,129,3.4409274871532736,3.5909485816955566
10,masked_npe,130,3.448638072380653,3.585052967071533
10,masked_npe,131,3.448826111280001,3.563835024833679
10,masked_npe,132,3.444464426774245,3.532829165458679
10,masked_npe,133,3.443922684742854,3.569695472717285
10,masked_npe,134,3.432106586603018,3.60465931892395
10,masked_npe,135,3.42065979884221,3.59236216545105
10,masked_npe,136,3.431191316017738,3.615622639656067
10,masked_npe,137,3.4460308735187235,3.591313362121582
10,masked_npe,138,3.421094399232131,3.616220235824585
10,masked_npe,139,3.41801302249615,3.61411714553833
10,dedicated_npe,0,5.090662956237793,4.754151821136475
10,dedicated_npe,1,4.5420828965994025,4.353628396987915
10,dedicated_npe,2,4.096299574925349,3.916204214096069
10,dedicated_npe,3,3.6398274164933424,3.46752393245697
10,dedicated_npe,4,3.227333875802847,2.9632863998413086
10,dedicated_npe,5,2.5391399493584266,2.254438042640686
10,dedicated_npe,6,2.077710225031926,2.016703307628632
10,dedicated_npe,7,1.8828082176355208,1.9579123258590696
10,dedicated_npe,8,1.823861470589271,1.940229773521424
10,dedicated_npe,9,1.7562637329101562,1.8623570799827576
10,dedicated_npe,10,1.7290656383220966,1.8401359915733333
10,dedicated_npe,11,1.7035408020019531,1.8099761009216309
10,dedicated_npe,12,1.696485968736502,1.759085774421692
10,dedicated_npe,13,1.6589969946787908,1.813215434551239
10,dedicated_npe,14,1.6460796319521391,1.7883130311965942
10,dedicated_npe,15,1.6222987816883967,1.799825668334961
10,dedicated_npe,16,1.6114856004714966,1.889301240444184
10,dedicated_npe,17,1.5823020018064058,1.7609000205993652
10,dedicated_npe,18,1.5764856796998243,1.8372283577919009
10,dedicated_npe,19,1.5707410207161536,1.7736053466796875
10,dedicated_npe,20,1.5495241972116325,1.8179229497909544
10,dedicated_npe,21,1.5575834054213304,1.7630274891853333
10,dedicated_npe,22,1.5351656216841478,1.7731767892837524
10,dedicated_npe,23,1.5387485944307768,1.738976776599884
10,dedicated_npe,24,1.5029556659551768,1.73134183883667
10,dedicated_npe,25,1.5055933732252855,1.7658686637878418
10,dedicated_npe,26,1.503746537061838,1.7470667362213137
10,dedicated_npe,27,1.4894408812889686,1.742313027381897
10,dedicated_npe,28,1.4917007776407094,1.759507417678833
10,dedicated_npe,29,1.476319514788114,1.72232985496521
10,dedicated_npe,30,1.4597714680891771,1.746870458126068
10,dedicated_npe,31,1.4681275624495287,1.7721298933029177
10,dedicated_npe,32,1.477137327194214,1.749328911304474
10,dedicated_npe,33,1.460737705230713,1.9090064764022827
10,dedicated_npe,34,1.4848775496849649,1.7235389947891235
10,dedicated_npe,35,1.4464825208370502,1.7851201891899109
10,dedicated_npe,36,1.4312703884564912,1.82149875164032
10,dedicated_npe,37,1.4226631017831657,1.8206723928451536
10,dedicated_npe,38,1.435246962767381,1.7866239547729492
10,dedicated_npe,39,1.4298182542507465,1.7727398872375488
10,dedicated_npe,40,1.4092111862622774,1.7750315070152285
10,dedicated_npe,41,1.4116840270849376,1.804683804512024
10,dedicated_npe,42,1.4048151419712946,1.7518876194953918
10,dedicated_npe,43,1.398822619364812,1.750911295413971
10,dedicated_npe,44,1.388366332420936,1.709456503391266
10,dedicated_npe,45,1.3858744089420023,1.7255893349647522
10,dedicated_npe,46,1.3857330634043767,1.7477742433547974
10,dedicated_npe,47,1.3764283565374522,1.774640440940857
10,dedicated_npe,48,1.3778464885858388,1.7699384689331057
10,dedicated_npe,49,1.3616713560544529,1.7698233723640442
10,dedicated_npe,50,1.3540812547390275,1.7537571787834167
10,dedicated_npe,51,1.3412915284817035,1.805086374282837
10,dedicated_npe,52,1.343285505588238,1.777649700641632
10,dedicated_npe,53,1.3516488808851976,1.7799609303474426
10,dedicated_npe,54,1.3377032004869902,1.769294559955597
10,dedicated_npe,55,1.3261039807246282,1.786949872970581
10,dedicated_npe,56,1.3406598843061006,1.7955414056777954
10,dedicated_npe,57,1.3322361891086285,1.7495135068893433
10,dedicated_npe,58,1.318598169546861,1.758594036102295
10,dedicated_npe,59,1.3061486666019146,1.8215070962905884
10,dedicated_npe,60,1.308525067109328,1.789146602153778
10,dedicated_npe,61,1.302324496782743,1.7816603779792786
10,dedicated_npe,62,1.3096716037163367,1.8194589614868164
10,dedicated_npe,63,1.2962842262708223,1.8168107867240904
10,dedicated_npe,64,1.2756547285960271,1.8181887865066528
10,dedicated_npe,65,1.2823095963551447,1.813784658908844
10,dedicated_npe,66,1.2883979815703173,1.7736355662345886
10,dedicated_npe,67,1.2678083181381226,1.7804145216941831
10,dedicated_npe,68,1.259857333623446,1.7950411438941956
10,dedicated_npe,69,1.2697424246714666,1.863350510597229
10,retrain_without_f1_strong_t1,0,5.107596544119028,4.812830686569214
10,retrain_without_f1_strong_t1,1,4.601655446566069,4.4186177253723145
10,retrain_without_f1_strong_t1,2,4.24387187224168,4.092800855636597
10,retrain_without_f1_strong_t1,3,3.8567367700430064,3.77321457862854
10,retrain_without_f1_strong_t1,4,3.683810289089496,3.701310873031616
10,retrain_without_f1_strong_t1,5,3.5799434918623705,3.631132125854492
10,retrain_without_f1_strong_t1,6,3.5480568959162784,3.62256121635437
10,retrain_without_f1_strong_t1,7,3.52568925344027,3.611925482749939
10,retrain_without_f1_strong_t1,8,3.501057056280283,3.6262693405151367
10,retrain_without_f1_strong_t1,9,3.492416913692768,3.62126088142395
10,retrain_without_f1_strong_t1,10,3.4757827061873217,3.628403902053833
10,retrain_without_f1_strong_t1,11,3.4607309378110447,3.625072360038757
10,retrain_without_f1_strong_t1,12,3.4498178408696103,3.619036912918091
10,retrain_without_f1_strong_t1,13,3.4447612212254453,3.566907286643982
10,retrain_without_f1_strong_t1,14,3.430825563577505,3.59464168548584
10,retrain_without_f1_strong_t1,15,3.433320669027476,3.60499656200409
10,retrain_without_f1_strong_t1,16,3.4233965506920447,3.630843281745911
10,retrain_without_f1_strong_t1,17,3.411807408699622,3.6435294151306152
10,retrain_without_f1_strong_t1,18,3.4096798529991736,3.613137245178223
10,retrain_without_f1_strong_t1,19,3.394338901226337,3.636981964111328
10,retrain_without_f1_strong_t1,20,3.387179338015043,3.628087997436523
10,retrain_without_f1_strong_t1,21,3.3846488182361307,3.656230211257935
10,retrain_without_f1_strong_t1,22,3.378874081831712,3.6384276151657104
10,retrain_without_f1_strong_t1,23,3.363082463924701,3.6438223123550415
10,retrain_without_f1_strong_t1,24,3.361851820578942,3.652652740478516
10,retrain_without_f1_strong_t1,25,3.360935394580548,3.610503077507019
10,retrain_without_f1_strong_t1,26,3.3558401327866774,3.615200757980346
10,retrain_without_f1_strong_t1,27,3.342420743061946,3.638105034828186
10,retrain_without_f1_strong_t1,28,3.333427667617798,3.660717248916626
10,retrain_without_f1_strong_t1,29,3.3276538115281324,3.6438958644866943
10,retrain_without_f1_strong_t1,30,3.3260224415705752,3.6438913345336914
10,retrain_without_f1_strong_t1,31,3.315248250961304,3.660240769386292
10,retrain_without_f1_strong_t1,32,3.314272477076604,3.647777676582336
10,retrain_without_f1_strong_t1,33,3.311707716721755,3.7085371017456055
10,retrain_without_f1_strong_t1,34,3.3033263133122373,3.681079745292664
10,retrain_without_f1_strong_t1,35,3.2878119395329404,3.697057247161865
10,retrain_without_f1_strong_t1,36,3.2844659181741567,3.6331286430358887
10,retrain_without_f1_strong_t1,37,3.282898609454816,3.6937938928604126
10,retrain_without_f1_strong_t1,38,3.270592267696674,3.613555431365967
10,retrain_without_f2_strong_t2,0,5.115465897780198,4.841690301895142
10,retrain_without_f2_strong_t2,1,4.654903888702393,4.503446102142334
10,retrain_without_f2_strong_t2,2,4.364815491896409,4.290476322174072
10,retrain_without_f2_strong_t2,3,4.1207657960745,4.124312400817871
10,retrain_without_f2_strong_t2,4,3.866719227570754,3.727016687393189
10,retrain_without_f2_strong_t2,5,3.271195631760817,3.0064172744750977
10,retrain_without_f2_strong_t2,6,2.773442891927866,2.7870709896087646
10,retrain_without_f2_strong_t2,7,2.624664875177237,2.754329204559326
10,retrain_without_f2_strong_t2,8,2.583876811541044,2.677080750465393
10,retrain_without_f2_strong_t2,9,2.514797247373141,2.674968123435974
10,retrain_without_f2_strong_t2,10,2.4843543676229625,2.6332812309265137
10,retrain_without_f2_strong_t2,11,2.454996640865619,2.669966578483581
10,retrain_without_f2_strong_t2,12,2.4534637377812314,2.657421350479126
10,retrain_without_f2_strong_t2,13,2.4426877315227804,2.547102689743042
10,retrain_without_f2_strong_t2,14,2.3876332503098707,2.5599907636642456
10,retrain_without_f2_strong_t2,15,2.368521818747887,2.550483584403992
10,retrain_without_f2_strong_t2,16,2.3607415786156287,2.606093525886536
10,retrain_without_f2_strong_t2,17,2.3575177009289083,2.6039034128189087
10,retrain_without_f2_strong_t2,18,2.3318302631378174,2.583827495574951
10,retrain_without_f2_strong_t2,19,2.320498924988967,2.57359778881073
10,retrain_without_f2_strong_t2,20,2.338667521109948,2.5640417337417603
10,retrain_without_f2_strong_t2,21,2.32346589748676,2.6165908575057983
10,retrain_without_f2_strong_t2,22,2.302816922848041,2.571788787841797
10,retrain_without_f2_strong_t2,23,2.2869978501246524,2.580759644508362
10,retrain_without_f2_strong_t2,24,2.290024555646456,2.595497131347656
10,retrain_without_f2_strong_t2,25,2.271986484527588,2.5669105052948
10,retrain_without_f2_strong_t2,26,2.269227358011099,2.534560441970825
10,retrain_without_f2_strong_t2,27,2.263220493610089,2.605397224426269
10,retrain_without_f2_strong_t2,28,2.2648333402780385,2.5618436336517334
10,retrain_without_f2_strong_t2,29,2.252432988240169,2.55833387374878
10,retrain_without_f2_strong_t2,30,2.245067468056312,2.571642637252808
10,retrain_without_f2_strong_t2,31,2.2464697544391337,2.563571810722351
10,retrain_without_f2_strong_t2,32,2.2362199013049784,2.582597017288208
10,retrain_without_f2_strong_t2,33,2.256139278411865,2.6231930255889893
10,retrain_without_f2_strong_t2,34,2.24741216806265,2.5852357149124146
10,retrain_without_f2_strong_t2,35,2.216196426978478,2.5961650609970093
10,retrain_without_f2_strong_t2,36,2.209150351010836,2.5255346298217773
10,retrain_without_f2_strong_t2,37,2.2036650547614465,2.5585044622421265
10,retrain_without_f2_strong_t2,38,2.183927352611835,2.544774651527405
10,retrain_without_f2_strong_t2,39,2.1872184643378625,2.551798701286316
10,retrain_without_f2_strong_t2,40,2.1872082490187426,2.615960717201233
10,retrain_without_f2_strong_t2,41,2.190500956315261,2.5905416011810303
10,retrain_without_f2_strong_t2,42,2.179922525699322,2.595690965652466
10,retrain_without_f2_strong_t2,43,2.1689129976125865,2.5751973390579224
10,retrain_without_f2_strong_t2,44,2.1607206417964053,2.5909229516983032
10,retrain_without_f2_strong_t2,45,2.1742413960970364,2.598432421684265
10,retrain_without_f2_strong_t2,46,2.164736821101262,2.566455125808716
10,retrain_without_f2_strong_t2,47,2.138209480505723,2.538679361343384
10,retrain_without_f2_strong_t2,48,2.1303339829811683,2.5648889541625977
10,retrain_without_f2_strong_t2,49,2.140238175025353,2.609643816947937
10,retrain_without_f2_strong_t2,50,2.1203030898020816,2.563419342041016
10,retrain_without_f2_strong_t2,51,2.122560794536884,2.555987000465393
10,retrain_without_f2_strong_t2,52,2.122895405842708,2.566164255142212
10,retrain_without_f2_strong_t2,53,2.112571505399851,2.575456380844116
10,retrain_without_f2_strong_t2,54,2.1171538829803467,2.6554203033447266
10,retrain_without_f2_strong_t2,55,2.105506108357356,2.667283535003662
10,retrain_without_f2_strong_t2,56,2.120853772530189,2.6023826599121094
10,retrain_without_f2_strong_t2,57,2.103690477517935,2.595303058624268
10,retrain_without_f2_strong_t2,58,2.0838481279519887,2.601868510246277
10,retrain_without_f2_strong_t2,59,2.0740472170022817,2.6363525390625
10,retrain_without_f2_strong_t2,60,2.066634719188397,2.581373453140259
10,retrain_without_f2_strong_t2,61,2.076406240463257,2.5904704332351685
10,retrain_without_f3_dup_a,0,5.107535729041467,4.792807102203369
10,retrain_without_f3_dup_a,1,4.576052225553072,4.349760055541992
10,retrain_without_f3_dup_a,2,4.147862947904146,3.941009998321533
10,retrain_without_f3_dup_a,3,3.644075577075665,3.4809014797210693
10,retrain_without_f3_dup_a,4,3.218314005778386,2.9759920835494995
10,retrain_without_f3_dup_a,5,2.5320828144366923,2.271068811416626
10,retrain_without_f3_dup_a,6,2.1034395603033214,2.14026951789856
10,retrain_without_f3_dup_a,7,1.933781458781316,1.9702931642532349
10,retrain_without_f3_dup_a,8,1.87231995509221,1.958979427814484
10,retrain_without_f3_dup_a,9,1.7906337609657874,1.9294303059577944
10,retrain_without_f3_dup_a,10,1.7622463703155518,1.9214046597480767
10,retrain_without_f3_dup_a,11,1.7193683019051185,1.860676884651184
10,retrain_without_f3_dup_a,12,1.6998378405204186,1.871512949466705
10,retrain_without_f3_dup_a,13,1.6845258932847242,1.7998734712600708
10,retrain_without_f3_dup_a,14,1.6332145654238188,1.7629023790359497
10,retrain_without_f3_dup_a,15,1.6286736176564145,1.8069355487823489
10,retrain_without_f3_dup_a,16,1.625279454084543,1.872761607170105
10,retrain_without_f3_dup_a,17,1.6095224343813384,1.813642919063568
10,retrain_without_f3_dup_a,18,1.5900080387408917,1.8136054277420044
10,retrain_without_f3_dup_a,19,1.579707164030809,1.7789974212646484
10,retrain_without_f3_dup_a,20,1.5727249475625844,1.807228326797485
10,retrain_without_f3_dup_a,21,1.5536233278421254,1.8356197476387024
10,retrain_without_f3_dup_a,22,1.545456574513362,1.8071969151496887
10,retrain_without_f3_dup_a,23,1.5402311178354116,1.7996949553489685
10,retrain_without_f3_dup_a,24,1.5470096973272471,1.8128989338874817
10,retrain_without_f3_dup_a,25,1.519620235149677,1.7653006315231323
10,retrain_without_f3_dup_a,26,1.5232735780569224,1.7684114575386047
10,retrain_without_f3_dup_a,27,1.5019779755518987,1.803004622459412
10,retrain_without_f3_dup_a,28,1.5162128118368297,1.7726203203201294
10,retrain_without_f3_dup_a,29,1.504233351120582,1.7808651328086853
10,retrain_without_f3_dup_a,30,1.487125378388625,1.7737151980400083
10,retrain_without_f3_dup_a,31,1.4786345683611355,1.804685950279236
10,retrain_without_f3_dup_a,32,1.477308786832369,1.7624348402023315
10,retrain_without_f3_dup_a,33,1.476982905314519,1.8114583492279053
10,retrain_without_f3_dup_a,34,1.4804796805748572,1.80819571018219
10,retrain_without_f3_dup_a,35,1.447801085618826,1.810433208942413
10,retrain_without_f3_dup_a,36,1.447331006710346,1.7079614400863647
10,retrain_without_f3_dup_a,37,1.472196505619929,1.7763132452964785
10,retrain_without_f3_dup_a,38,1.4328269224900465,1.7335726618766785
10,retrain_without_f3_dup_a,39,1.4372710631443903,1.7455735802650452
10,retrain_without_f3_dup_a,40,1.4316970660136297,1.8534560203552248
10,retrain_without_f3_dup_a,41,1.4644841781029334,1.7756405472755432
10,retrain_without_f3_dup_a,42,1.438398397885836,1.7966071367263794
10,retrain_without_f3_dup_a,43,1.4261858463287354,1.775855541229248
10,retrain_without_f3_dup_a,44,1.4077459573745728,1.764026939868927
10,retrain_without_f3_dup_a,45,1.420615031169011,1.7600895166397097
10,retrain_without_f3_dup_a,46,1.4119494328132045,1.7582274675369265
10,retrain_without_f3_dup_a,47,1.3975338202256422,1.7440326809883118
10,retrain_without_f3_dup_a,48,1.3870920951549823,1.7692869305610657
10,retrain_without_f3_dup_a,49,1.38628351688385,1.849880576133728
10,retrain_without_f3_dup_a,50,1.375625335253202,1.7530479431152344
10,retrain_without_f3_dup_a,51,1.3718189092782826,1.749164640903473
10,retrain_without_f3_dup_a,52,1.3791805230654204,1.7605202198028564
10,retrain_without_f3_dup_a,53,1.365522384643555,1.770885944366455
10,retrain_without_f3_dup_a,54,1.3702220366551323,1.9346412420272827
10,retrain_without_f3_dup_a,55,1.3884580868941088,1.7977692484855652
10,retrain_without_f3_dup_a,56,1.3738121894689708,1.7943768501281738
10,retrain_without_f3_dup_a,57,1.3507071091578555,1.7680799961090088
10,retrain_without_f3_dup_a,58,1.396497836479774,1.7684709429740906
10,retrain_without_f3_dup_a,59,1.34009562088893,1.8101038932800293
10,retrain_without_f3_dup_a,60,1.3398759823579054,1.8010389804840088
10,retrain_without_f3_dup_a,61,1.3458080200048594,1.8063756227493288
10,retrain_without_f4_dup_b,0,5.108483387873723,4.795691728591919
10,retrain_without_f4_dup_b,1,4.575337263254019,4.349063158035278
10,retrain_without_f4_dup_b,2,4.147506310389592,3.940061092376709
10,retrain_without_f4_dup_b,3,3.643660380290105,3.4883229732513428
10,retrain_without_f4_dup_b,4,3.22317046385545,2.9918429851531982
10,retrain_without_f4_dup_b,5,2.5442999509664683,2.260765194892884
10,retrain_without_f4_dup_b,6,2.127606694514935,2.091608762741089
10,retrain_without_f4_dup_b,7,1.9186943035859327,1.9858086705207825
10,retrain_without_f4_dup_b,8,1.8388108840355504,1.9686047434806824
10,retrain_without_f4_dup_b,9,1.7868728912793672,1.9223951697349548
10,retrain_without_f4_dup_b,10,1.7622271409401526,1.940467894077301
10,retrain_without_f4_dup_b,11,1.7257564618037298,1.86077082157135
10,retrain_without_f4_dup_b,12,1.6979714632034302,1.864085018634796
10,retrain_without_f4_dup_b,13,1.725330820450416,1.8770393133163448
10,retrain_without_f4_dup_b,14,1.7115979561438928,1.810591578483581
10,retrain_without_f4_dup_b,15,1.64498298901778,1.793362736701965
10,retrain_without_f4_dup_b,16,1.628224226144644,1.8766178488731384
10,retrain_without_f4_dup_b,17,1.6372430324554443,1.8507651090621948
10,retrain_without_f4_dup_b,18,1.6066394310731154,1.8132092952728271
10,retrain_without_f4_dup_b,19,1.572912729703463,1.7920740842819214
10,retrain_without_f4_dup_b,20,1.5952022075653076,1.855807900428772
10,retrain_without_f4_dup_b,21,1.603238188303434,1.8249057531356807
10,retrain_without_f4_dup_b,22,1.5452889204025269,1.8004273772239685
10,retrain_without_f4_dup_b,23,1.545562955049368,1.802518367767334
10,retrain_without_f4_dup_b,24,1.5416097549291758,1.8074085116386407
10,retrain_without_f4_dup_b,25,1.520601776930002,1.7646661400794983
10,retrain_without_f4_dup_b,26,1.5252126363607554,1.771726667881012
10,retrain_without_f4_dup_b,27,1.5033781436773448,1.7954644560813904
10,retrain_without_f4_dup_b,28,1.5113767293783336,1.810405552387237
10,retrain_without_f4_dup_b,29,1.4983780292364268,1.7882804870605469
10,retrain_without_f4_dup_b,30,1.4930098423591027,1.794586956501007
10,retrain_without_f4_dup_b,31,1.4846710150058453,1.803385853767395
10,retrain_without_f4_dup_b,32,1.4816886553397546,1.779319703578949
10,retrain_without_f4_dup_b,33,1.4890539004252508,1.849437236785889
10,retrain_without_f4_dup_b,34,1.4711116093855638,1.8225327730178835
10,retrain_without_f4_dup_b,35,1.4546065789002638,1.8337178826332088
10,retrain_without_f4_dup_b,36,1.4524465524233303,1.7267360091209412
10,retrain_without_f4_dup_b,37,1.464726081261268,1.7893562316894531
10,retrain_without_f4_dup_b,38,1.4326702264639049,1.753859043121338
10,retrain_without_f4_dup_b,39,1.4391105725215032,1.7585596442222595
10,retrain_without_f4_dup_b,40,1.4329191996501045,1.8369895815849304
10,retrain_without_f4_dup_b,41,1.4494235790692842,1.8017567992210388
10,retrain_without_f4_dup_b,42,1.432337843454801,1.8072564005851743
10,retrain_without_f4_dup_b,43,1.4194170695084791,1.805184185504913
10,retrain_without_f4_dup_b,44,1.4065038699370165,1.739663064479828
10,retrain_without_f4_dup_b,45,1.4246046176323524,1.8171715140342712
10,retrain_without_f4_dup_b,46,1.4435365108343272,1.7987871170043943
10,retrain_without_f4_dup_b,47,1.4045773102686956,1.7511109113693235
10,retrain_without_f4_dup_b,48,1.3927329320173998,1.7892457246780396
10,retrain_without_f4_dup_b,49,1.3844075386340802,1.8512670993804927
10,retrain_without_f4_dup_b,50,1.3779211869606605,1.757992923259735
10,retrain_without_f4_dup_b,51,1.409351999943073,1.8553082942962649
10,retrain_without_f4_dup_b,52,1.3948554809276874,1.7962973713874817
10,retrain_without_f4_dup_b,53,1.376482605934143,1.7978277802467346
10,retrain_without_f4_dup_b,54,1.3683817845124464,1.8256572484970093
10,retrain_without_f4_dup_b,55,1.3520822066527147,1.827032744884491
10,retrain_without_f4_dup_b,56,1.3661693334579468,1.8240259885787964
10,retrain_without_f4_dup_b,57,1.3623629533327544,1.7934754490852356
10,retrain_without_f4_dup_b,58,1.354651038463299,1.812822937965393
10,retrain_without_f4_dup_b,59,1.3421162275167613,1.8238962292671204
10,retrain_without_f4_dup_b,60,1.340628715661856,1.7963032722473145
10,retrain_without_f4_dup_b,61,1.352588020838224,1.8395568132400515
10,retrain_without_f5_null,0,5.101212391486535,4.775938510894775
10,retrain_without_f5_null,1,4.533443377568172,4.319942951202393
10,retrain_without_f5_null,2,4.100988461421086,3.920811176300049
10,retrain_without_f5_null,3,3.6243422581599294,3.478081226348877
10,retrain_without_f5_null,4,3.2250538972707896,2.994320869445801
10,retrain_without_f5_null,5,2.547441464204055,2.2284213304519653
10,retrain_without_f5_null,6,2.08013562972729,2.180735349655152
10,retrain_without_f5_null,7,1.9981340903502245,1.9831097722053528
10,retrain_without_f5_null,8,1.857245188492995,1.963168740272522
10,retrain_without_f5_null,9,1.7782771495672374,1.897681474685669
10,retrain_without_f5_null,10,1.738040144626911,1.89210855960846
10,retrain_without_f5_null,11,1.712618295962994,1.8681605458259585
10,retrain_without_f5_null,12,1.6861357322105994,1.867353081703186
10,retrain_without_f5_null,13,1.7216386244847224,1.766136109828949
10,retrain_without_f5_null,14,1.6403535054280207,1.7673762440681458
10,retrain_without_f5_null,15,1.6302844194265511,1.7854009866714478
10,retrain_without_f5_null,16,1.6226915487876306,1.825524389743805
10,retrain_without_f5_null,17,1.6109807399603038,1.8094882369041445
10,retrain_without_f5_null,18,1.5829704633125892,1.7837960124015808
10,retrain_without_f5_null,19,1.5672048788804274,1.7562260627746582
10,retrain_without_f5_null,20,1.5817469908640935,1.769416630268097
10,retrain_without_f5_null,21,1.571670495546781,1.826351702213288
10,retrain_without_f5_null,22,1.603468051323524,1.79211688041687
10,retrain_without_f5_null,23,1.5459708525584297,1.850109040737152
10,retrain_without_f5_null,24,1.5393379376484797,1.7821282744407654
10,retrain_without_f5_null,25,1.5106803820683403,1.7403194904327393
10,retrain_without_f5_null,26,1.5201526513466468,1.7489904165267944
10,retrain_without_f5_null,27,1.5040859075692985,1.7803782224655151
10,retrain_without_f5_null,28,1.5097039479475756,1.7887260913848877
10,retrain_without_f5_null,29,1.4867582046068633,1.7735739350318909
10,retrain_without_f5_null,30,1.5020942504589374,1.7487894892692566
10,retrain_without_f5_null,31,1.51278162919558,1.775946021080017
10,retrain_without_f5_null,32,1.4917210065401518,1.7431405782699585
10,retrain_without_f5_null,33,1.4731705555549035,1.807659089565277
10,retrain_without_f5_null,34,1.4680821803899913,1.804872989654541
10,retrain_without_f5_null,35,1.4465267933332002,1.7666394114494324
10,retrain_without_f5_null,36,1.4407073442752545,1.6964566111564636
10,retrain_without_f5_null,37,1.4522803930135877,1.77899968624115
10,retrain_without_f5_null,38,1.433724623460036,1.7052310705184937
10,retrain_without_f5_null,39,1.424943162844731,1.7418534755706787
10,retrain_without_f5_null,40,1.422467644398029,1.7609494924545288
10,retrain_without_f5_null,41,1.4289956184533923,1.7645801901817322
10,retrain_without_f5_null,42,1.437473306289086,1.808561623096466
10,retrain_without_f5_null,43,1.4273808002471924,1.7465091943740845
10,retrain_without_f5_null,44,1.4046903665249164,1.7235229015350342
10,retrain_without_f5_null,45,1.4527234205832849,1.718820571899414
10,retrain_without_f5_null,46,1.3995928580944357,1.7564380168914795
10,retrain_without_f5_null,47,1.3932619461646447,1.7204960584640503
10,retrain_without_f5_null,48,1.3896494461939886,1.7703455686569214
10,retrain_without_f5_null,49,1.3889628923856294,1.7988925576210022
10,retrain_without_f5_null,50,1.3788389242612398,1.7529589533805847
10,retrain_without_f5_null,51,1.3923415312400231,1.7264445424079895
10,retrain_without_f5_null,52,1.3791203132042518,1.7337828278541565
10,retrain_without_f5_null,53,1.3571370381575365,1.7368782758712769
10,retrain_without_f5_null,54,1.3651380080443165,1.816789388656616
10,retrain_without_f5_null,55,1.352361220579881,1.7908358573913574
10,retrain_without_f5_null,56,1.37723262493427,1.7729371190071106
10,retrain_without_f5_null,57,1.35541936984429,1.767889380455017
10,retrain_without_f5_null,58,1.3559146661024828,1.7712401151657104
10,retrain_without_f5_null,59,1.3376101805613592,1.7933453917503357
10,retrain_without_f5_null,60,1.327198257813087,1.7464057207107544
10,retrain_without_f5_null,61,1.32860594529372,1.7859158515930176
10,retrain_without_f6_suppressor,0,5.099517235389123,4.781877756118774
10,retrain_without_f6_suppressor,1,4.539225798386794,4.321128845214844
10,retrain_without_f6_suppressor,2,4.127842848117535,3.97514545917511
10,retrain_without_f6_suppressor,3,3.726047845987173,3.671214818954468
10,retrain_without_f6_suppressor,4,3.536840475522555,3.558206081390381
10,retrain_without_f6_suppressor,5,3.42861269070552,3.4956692457199097
10,retrain_without_f6_suppressor,6,3.385895985823411,3.4664887189865112
10,retrain_without_f6_suppressor,7,3.3539887208205004,3.461169004440308
10,retrain_without_f6_suppressor,8,3.3296720064603367,3.463904619216919
10,retrain_without_f6_suppressor,9,3.318322255061223,3.460920810699463
10,retrain_without_f6_suppressor,10,3.299901943940383,3.471033215522766
10,retrain_without_f6_suppressor,11,3.281915976450993,3.455474615097046
10,retrain_without_f6_suppressor,12,3.270931812433096,3.4674707651138306
10,retrain_without_f6_suppressor,13,3.264323179538433,3.4034435749053955
10,retrain_without_f6_suppressor,14,3.24882644873399,3.433697462081909
10,retrain_without_f6_suppressor,15,3.2542817409221945,3.439790964126587
10,retrain_without_f6_suppressor,16,3.248727615063007,3.48507022857666
10,retrain_without_f6_suppressor,17,3.2273786618159366,3.4752124547958374
10,retrain_without_f6_suppressor,18,3.2183922804318943,3.4531054496765137
10,retrain_without_f6_suppressor,19,3.2096979434673605,3.456645369529724
10,retrain_without_f6_suppressor,20,3.201343132899358,3.478325366973877
10,retrain_without_f6_suppressor,21,3.1977019676795373,3.467674493789673
10,retrain_without_f6_suppressor,22,3.1827205511239858,3.4743157625198364
10,retrain_without_f6_suppressor,23,3.1767718608562765,3.4610633850097656
10,retrain_without_f6_suppressor,24,3.172435467059796,3.5017740726470947
10,retrain_without_f6_suppressor,25,3.173736535585844,3.4532800912857056
10,retrain_without_f6_suppressor,26,3.163187026977539,3.4627575874328613
10,retrain_without_f6_suppressor,27,3.156896022649912,3.485236644744873
10,retrain_without_f6_suppressor,28,3.1497355424440823,3.486557126045227
10,retrain_without_f6_suppressor,29,3.137513986000648,3.486167073249817
10,retrain_without_f6_suppressor,30,3.1346193827115574,3.475821018218994
10,retrain_without_f6_suppressor,31,3.127220392227173,3.5142236948013306
10,retrain_without_f6_suppressor,32,3.1245738176199107,3.4889683723449707
10,retrain_without_f6_suppressor,33,3.124462127685547,3.551863670349121
10,retrain_without_f6_suppressor,34,3.1064367844508243,3.533246755599976
10,retrain_without_f6_suppressor,35,3.100308895111084,3.53368604183197
10,retrain_without_f6_suppressor,36,3.0971313623281627,3.4689199924468994
10,retrain_without_f6_suppressor,37,3.092114815345177,3.522621989250183
10,retrain_without_f6_suppressor,38,3.0787493082193227,3.4783849716186523
10,retrain_without_f7_weak,0,5.108990265772893,4.801568269729614
10,retrain_without_f7_weak,1,4.56527750308697,4.35120153427124
10,retrain_without_f7_weak,2,4.160879410230196,3.97984766960144
10,retrain_without_f7_weak,3,3.694632365153386,3.5526797771453857
10,retrain_without_f7_weak,4,3.2829549495990458,3.077045440673828
10,retrain_without_f7_weak,5,2.607215606249296,2.417312741279602
10,retrain_without_f7_weak,6,2.19338688483605,2.108490109443665
10,retrain_without_f7_weak,7,1.9761442771324744,2.013035356998444
10,retrain_without_f7_weak,8,1.897277272664584,2.029832124710083
10,retrain_without_f7_weak,9,1.8496819734573364,1.989758014678955
10,retrain_without_f7_weak,10,1.838924233730023,1.9658340811729431
10,retrain_without_f7_weak,11,1.785719816501324,1.8936263918876648
10,retrain_without_f7_weak,12,1.75138546870305,1.874820709228516
10,retrain_without_f7_weak,13,1.7449384652651274,1.835327446460724
10,retrain_without_f7_weak,14,1.7193284676625178,1.8431490063667293
10,retrain_without_f7_weak,15,1.7147344809312086,1.859918892383576
10,retrain_without_f7_weak,16,1.680473125897921,1.883336424827576
10,retrain_without_f7_weak,17,1.6714388407193697,1.8540918827056885
10,retrain_without_f7_weak,18,1.6549300597264216,1.841706931591034
10,retrain_without_f7_weak,19,1.6406180216715889,1.8114615678787231
10,retrain_without_f7_weak,20,1.6375769560153668,1.8437658548355105
10,retrain_without_f7_weak,21,1.6391781751926129,1.8842873573303225
10,retrain_without_f7_weak,22,1.6821803588133593,1.8163846135139463
10,retrain_without_f7_weak,23,1.6135885532085712,1.830350935459137
10,retrain_without_f7_weak,24,1.5971712057407086,1.838021993637085
10,retrain_without_f7_weak,25,1.5966946070010846,1.824116945266724
10,retrain_without_f7_weak,26,1.5825210167811468,1.8008453249931335
10,retrain_without_f7_weak,27,1.5742938060026903,1.828285157680512
10,retrain_without_f7_weak,28,1.581411444223844,1.93381929397583
10,retrain_without_f7_weak,29,1.57617802803333,1.8532336950302124
10,retrain_without_f7_weak,30,1.559560280579787,1.813277542591095
10,retrain_without_f7_weak,31,1.5377260171450102,1.8117225170135496
10,retrain_without_f7_weak,32,1.5457926988601685,1.817891955375672
10,retrain_without_f7_weak,33,1.5264818026469305,1.904158055782318
10,retrain_without_f7_weak,34,1.574245315331679,1.907642245292664
10,retrain_without_f7_weak,35,1.5545060359514675,1.8380872011184688
10,retrain_without_f7_weak,36,1.5134787559509275,1.7784342169761658
10,retrain_without_f7_weak,37,1.5235190024742713,1.8362913727760315
10,retrain_without_f7_weak,38,1.506473357860859,1.77965646982193
10,retrain_without_f7_weak,39,1.4932073721518884,1.7952686548233032
10,retrain_without_f7_weak,40,1.496298624919011,1.840690016746521
10,retrain_without_f7_weak,41,1.493609410065871,1.8327549695968628
10,retrain_without_f7_weak,42,1.4917895243718071,1.8516846299171448
10,retrain_without_f7_weak,43,1.4784172039765575,1.8328768610954285
10,retrain_without_f7_weak,44,1.4790961192204402,1.7864261865615845
10,retrain_without_f7_weak,45,1.4799986802614653,1.818178415298462
10,retrain_without_f7_weak,46,1.472806453704834,1.8062394857406616
10,retrain_without_f7_weak,47,1.4526894092559814,1.8008835315704346
10,retrain_without_f7_weak,48,1.4485964866784902,1.8259604573249817
10,retrain_without_f7_weak,49,1.4452578746355498,1.8394453525543213
10,retrain_without_f7_weak,50,1.4336249003043542,1.7946954369544983
10,retrain_without_f7_weak,51,1.4474195333627553,1.7925124764442444
10,retrain_without_f7_weak,52,1.4431588833148663,1.829630196094513
10,retrain_without_f7_weak,53,1.4501479589022124,1.8221515417099
10,retrain_without_f7_weak,54,1.432232113984915,1.8772497177124023
10,retrain_without_f7_weak,55,1.4163653667156513,1.8613048195838928
10,retrain_without_f7_weak,56,1.4245604735154371,1.8704651594161987
10,retrain_without_f7_weak,57,1.4149444928536048,1.8101338148117063
10,retrain_without_f7_weak,58,1.4357611766228309,1.823191225528717
10,retrain_without_f7_weak,59,1.4181784758201013,1.853214859962464
10,retrain_without_f7_weak,60,1.4147413327143743,1.8894100189208984
10,retrain_without_f7_weak,61,1.437199326661917,1.8348334431648248
10,retrain_without_f8_bigcoef,0,5.118879758394682,4.8209922313690186
10,retrain_without_f8_bigcoef,1,4.599716883439284,4.3906073570251465
10,retrain_without_f8_bigcoef,2,4.22141955449031,4.061824798583984
10,retrain_without_f8_bigcoef,3,3.7999834464146542,3.686247706413269
10,retrain_without_f8_bigcoef,4,3.4407655275785007,3.2294771671295166
10,retrain_without_f8_bigcoef,5,2.789413305429312,2.6418914794921875
10,retrain_without_f8_bigcoef,6,2.4466662957118106,2.393151640892029
10,retrain_without_f8_bigcoef,7,2.195148761455829,2.1930222511291504
10,retrain_without_f8_bigcoef,8,2.073921790489784,2.183634042739868
10,retrain_without_f8_bigcoef,9,2.0081243881812463,2.0969278812408447
10,retrain_without_f8_bigcoef,10,1.978388199439416,2.104727029800415
10,retrain_without_f8_bigcoef,11,1.9354058229006248,2.041854858398437
10,retrain_without_f8_bigcoef,12,1.9085479057752168,2.047439813613892
10,retrain_without_f8_bigcoef,13,1.901462683310876,2.0114150047302246
10,retrain_without_f8_bigcoef,14,1.9092498192420373,2.021991491317749
10,retrain_without_f8_bigcoef,15,1.8803115808046784,2.005331575870514
10,retrain_without_f8_bigcoef,16,1.8512108325958248,2.0365957021713257
10,retrain_without_f8_bigcoef,17,1.8801143077703624,2.038877367973328
10,retrain_without_f8_bigcoef,18,1.8449965256911056,1.9747256636619568
10,retrain_without_f8_bigcoef,19,1.8358614994929388,1.989909052848816
10,retrain_without_f8_bigcoef,20,1.843401331167955,1.9986937642097475
10,retrain_without_f8_bigcoef,21,1.80886867413154,2.047491431236267
10,retrain_without_f8_bigcoef,22,1.8231534591087928,2.0693624019622803
10,retrain_without_f8_bigcoef,23,1.8022259748899017,2.003928303718567
10,retrain_without_f8_bigcoef,24,1.7695138087639442,1.996013760566712
10,retrain_without_f8_bigcoef,25,1.760564107161302,1.9502029418945312
10,retrain_without_f8_bigcoef,26,1.7506244824482844,1.949612617492676
10,retrain_without_f8_bigcoef,27,1.7441711242382345,1.9813209772109983
10,retrain_without_f8_bigcoef,28,1.7497856525274424,2.017285823822021
10,retrain_without_f8_bigcoef,29,1.7302752458132231,1.9857394099235528
10,retrain_without_f8_bigcoef,30,1.7244694324640126,1.965176105499268
10,retrain_without_f8_bigcoef,31,1.7270168157724233,1.969673991203308
10,retrain_without_f8_bigcoef,32,1.7203529156171358,1.933870553970337
10,retrain_without_f8_bigcoef,33,1.7157591856442964,2.003422200679779
10,retrain_without_f8_bigcoef,34,1.7272445605351374,2.0154080390930176
10,retrain_without_f8_bigcoef,35,1.7057220752422626,1.981957852840424
10,retrain_without_f8_bigcoef,36,1.7020108241301315,1.9548070430755613
10,retrain_without_f8_bigcoef,37,1.692746299963731,1.990484058856964
10,retrain_without_f8_bigcoef,38,1.6758267145890455,1.9432438015937803
10,retrain_without_f8_bigcoef,39,1.6743278044920702,1.944227933883667
10,retrain_without_f8_bigcoef,40,1.6765518738673284,2.0161900520324707
10,retrain_without_f8_bigcoef,41,1.666298820422246,1.9457544088363647
10,retrain_without_f8_bigcoef,42,1.6756752729415894,2.0155978202819824
10,retrain_without_f8_bigcoef,43,1.6639933035923884,1.9902449250221248
10,retrain_without_f8_bigcoef,44,1.6430148161374605,1.937270998954773
10,retrain_without_f8_bigcoef,45,1.6564364433288574,1.951648831367493
10,retrain_without_f8_bigcoef,46,1.640532319362347,1.9821699261665344
10,retrain_without_f8_bigcoef,47,1.622164854636559,1.9546862840652464
10,retrain_without_f8_bigcoef,48,1.6390252021642833,2.000529885292053
10,retrain_without_f8_bigcoef,49,1.6209800151678233,2.0018460750579834
10,retrain_without_f8_bigcoef,50,1.613979302919828,1.957044005393982
10,retrain_without_f8_bigcoef,51,1.6152192537601178,1.953771650791168
10,retrain_without_f8_bigcoef,52,1.6241954565048218,1.9633162021636963
10,retrain_without_f8_bigcoef,53,1.6094910639982958,1.993448257446289
10,retrain_without_f8_bigcoef,54,1.619598150253296,2.025613784790039
10,retrain_without_f8_bigcoef,55,1.5950472171490009,2.0485472679138184
10,retrain_without_f8_bigcoef,56,1.6042870466525738,2.0172256231307983
10,retrain_without_f8_bigcoef,57,1.596555205491873,2.005737066268921
10,retrain_without_noise_0,0,5.117351421943078,4.795158624649048
10,retrain_without_noise_0,1,4.555419445037842,4.312506914138794
10,retrain_without_noise_0,2,4.123061987069937,3.9343398809432975
10,retrain_without_noise_0,3,3.632558015676645,3.478172063827514
10,retrain_without_noise_0,4,3.208856564301711,3.002178311347961
10,retrain_without_noise_0,5,2.5351405693934512,2.2689539194107056
10,retrain_without_noise_0,6,2.108015023745024,2.299119353294373
10,retrain_without_noise_0,7,1.9811346530914309,1.971524834632873
10,retrain_without_noise_0,8,1.8385081841395448,2.0028308033943176
10,retrain_without_noise_0,9,1.7813200033628025,1.8916524648666384
10,retrain_without_noise_0,10,1.7465521097183228,1.8549732565879824
10,retrain_without_noise_0,11,1.6978289897625265,1.827792584896088
10,retrain_without_noise_0,12,1.6666579338220449,1.823647737503052
10,retrain_without_noise_0,13,1.676410409120413,1.777260184288025
10,retrain_without_noise_0,14,1.6459077871762788,1.7700008153915403
10,retrain_without_noise_0,15,1.6373243973805354,1.7813780307769775
10,retrain_without_noise_0,16,1.6125811063326323,1.8251521587371824
10,retrain_without_noise_0,17,1.610347261795631,1.8007665872573853
10,retrain_without_noise_0,18,1.5774787022517278,1.772447109222412
10,retrain_without_noise_0,19,1.5622087166859553,1.7525652647018433
10,retrain_without_noise_0,20,1.583314400452834,1.804503619670868
10,retrain_without_noise_0,21,1.5660351239717925,1.8028387427330017
10,retrain_without_noise_0,22,1.5770020209825957,1.8344007730484009
10,retrain_without_noise_0,23,1.5557629420207095,1.7687828540802002
10,retrain_without_noise_0,24,1.526228510416471,1.7808285355567932
10,retrain_without_noise_0,25,1.5190064815374522,1.757794439792633
10,retrain_without_noise_0,26,1.5151779009745672,1.752454400062561
10,retrain_without_noise_0,27,1.5059614181518557,1.7802201509475708
10,retrain_without_noise_0,28,1.5046065587263842,1.7746536135673523
10,retrain_without_noise_0,29,1.4881677352465117,1.7566956281661987
10,retrain_without_noise_0,30,1.485985279083252,1.7483113408088684
10,retrain_without_noise_0,31,1.47823192523076,1.7507765293121338
10,retrain_without_noise_0,32,1.4687193448726947,1.7420416474342346
10,retrain_without_noise_0,33,1.4734653509580171,1.8138816356658936
10,retrain_without_noise_0,34,1.4668679237365725,1.779150664806366
10,retrain_without_noise_0,35,1.4489408731460571,1.7861422300338743
10,retrain_without_noise_0,36,1.430481635607206,1.7125136852264404
10,retrain_without_noise_0,37,1.4466130550091083,1.7672089338302612
10,retrain_without_noise_0,38,1.4319564654276922,1.7268341779708862
10,retrain_without_noise_0,39,1.4299118518829346,1.7480024099349976
10,retrain_without_noise_0,40,1.4179787177305956,1.769237756729126
10,retrain_without_noise_0,41,1.4164000841287463,1.798226535320282
10,retrain_without_noise_0,42,1.4260306083239045,1.7915601134300232
10,retrain_without_noise_0,43,1.42491981616387,1.8274672031402588
10,retrain_without_noise_0,44,1.433333809559162,1.7314344644546509
10,retrain_without_noise_0,45,1.3900740696833684,1.713998258113861
10,retrain_without_noise_0,46,1.392409508044903,1.763466775417328
10,retrain_without_noise_0,47,1.3856255733049834,1.751362383365631
10,retrain_without_noise_0,48,1.3838758560327382,1.7743354439735413
10,retrain_without_noise_0,49,1.3767632704514725,1.8300650715827944
10,retrain_without_noise_0,50,1.3699291210908155,1.7435663342475891
10,retrain_without_noise_0,51,1.3628861078849206,1.737277090549469
10,retrain_without_noise_0,52,1.3691984139955962,1.7744402289390564
10,retrain_without_noise_0,53,1.3791727928014903,1.7605717778205872
10,retrain_without_noise_0,54,1.3569411864647498,1.8299949169158936
10,retrain_without_noise_0,55,1.3424946803313036,1.7952291369438171
10,retrain_without_noise_0,56,1.3649568557739258,1.7742706537246704
10,retrain_without_noise_0,57,1.342698647425725,1.7930180430412292
10,retrain_without_noise_0,58,1.3388321032890906,1.7630609273910522
10,retrain_without_noise_0,59,1.330621132483849,1.7908841371536257
10,retrain_without_noise_0,60,1.3414463905187757,1.818903088569641
10,retrain_without_noise_0,61,1.362139756862934,1.7729997038841248
15,masked_npe,0,5.173178709470308,4.967067241668701
15,masked_npe,1,4.896389190967266,4.813991069793701
15,masked_npe,2,4.73037943473229,4.665354251861572
15,masked_npe,3,4.541548398824839,4.4696009159088135
15,masked_npe,4,4.374432967259334,4.330045700073242
15,masked_npe,5,4.273907257960393,4.242366552352905
15,masked_npe,6,4.2279606232276326,4.250677347183228
15,masked_npe,7,4.225732363187349,4.23714804649353
15,masked_npe,8,4.170052124903752,4.179772853851318
15,masked_npe,9,4.133829685357901,4.201960802078247
15,masked_npe,10,4.123498659867507,4.14965558052063
15,masked_npe,11,4.120061819369976,4.159525156021118
15,masked_npe,12,4.106737246880164,4.132281303405762
15,masked_npe,13,4.079189593975361,4.113354682922363
15,masked_npe,14,4.035205584305984,4.10855770111084
15,masked_npe,15,4.034782042870154,4.07741641998291
15,masked_npe,16,3.981846754367535,4.060914754867554
15,masked_npe,17,3.957987271822416,3.976971864700317
15,masked_npe,18,3.91670769911546,3.931248545646668
15,masked_npe,19,3.81302626316364,3.97339129447937
15,masked_npe,20,3.815305288021381,3.8871253728866577
15,masked_npe,21,3.833435021913969,3.9378294944763184
15,masked_npe,22,3.853804368239184,3.888409972190857
15,masked_npe,23,3.736710199942956,3.8233721256256095
15,masked_npe,24,3.742450145574717,3.841952800750733
15,masked_npe,25,3.717958468657273,3.797219753265381
15,masked_npe,26,3.675526197140033,3.771896243095398
15,masked_npe,27,3.661176186341506,3.787495732307434
15,masked_npe,28,3.650456942044772,3.745794415473938
15,masked_npe,29,3.664984996502216,3.7599287033081055
15,masked_npe,30,3.61877965927124,3.782752990722656
15,masked_npe,31,3.5873984006735,3.802721977233887
15,masked_npe,32,3.582111285283016,3.7263821363449097
15,masked_npe,33,3.57214564543504,3.787891626358032
15,masked_npe,34,3.569021298335149,3.69568932056427
15,masked_npe,35,3.521567839842576,3.688950777053833
15,masked_npe,36,3.605243792900672,3.709157586097717
15,masked_npe,37,3.594964834359976,3.655923366546631
15,masked_npe,38,3.556683797102708,3.74180269241333
15,masked_npe,39,3.565859244419978,3.720767736434937
15,masked_npe,40,3.5400357796595645,3.687080144882202
15,masked_npe,41,3.541084417930016,3.639410614967346
15,masked_npe,42,3.5512854869549093,3.691869735717773
15,masked_npe,43,3.553996489598201,3.627242803573608
15,masked_npe,44,3.5228558503664456,3.704318642616272
15,masked_npe,45,3.5145458441514235,3.664981245994568
15,masked_npe,46,3.5054235458374023,3.649310111999512
15,masked_npe,47,3.52474830700801,3.706048011779785
15,masked_npe,48,3.4986112851362963,3.664880871772766
15,masked_npe,49,3.5183368646181545,3.640070199966431
15,masked_npe,50,3.5302125674027662,3.6628880500793457
15,masked_npe,51,3.51638309772198,3.62549090385437
15,masked_npe,52,3.488106654240535,3.617467999458313
15,masked_npe,53,3.49116745361915,3.673395872116089
15,masked_npe,54,3.492535939583412,3.592247009277344
15,masked_npe,55,3.47962918648353,3.629158616065979
15,masked_npe,56,3.491881627302903,3.674610257148743
15,masked_npe,57,3.4698165380037747,3.631294012069702
15,masked_npe,58,3.437818380502554,3.648378491401672
15,masked_npe,59,3.492590775856605,3.599946141242981
15,masked_npe,60,3.478849924527682,3.630036354064941
15,masked_npe,61,3.4855780051304746,3.7338180541992174
15,masked_npe,62,3.516563360507672,3.70259428024292
15,masked_npe,63,3.53714002095736,3.658746480941773
15,masked_npe,64,3.482934199846708,3.642026424407959
15,masked_npe,65,3.45508780846229,3.7035588026046753
15,masked_npe,66,3.512844599210299,3.6961244344711295
15,masked_npe,67,3.4733222998105564,3.590533494949341
15,masked_npe,68,3.455586891907912,3.605522155761719
15,masked_npe,69,3.4920371862558217,3.6188665628433214
15,masked_npe,70,3.487606800519503,3.626561999320984
15,masked_npe,71,3.455740910310012,3.6042070388793945
15,masked_npe,72,3.474510889786941,3.6115996837615967
15,masked_npe,73,3.4555643705221324,3.621798038482666
15,masked_npe,74,3.464702606201172,3.6053524017333984
15,masked_npe,75,3.488961935043335,3.638871431350708
15,masked_npe,76,3.4463240183316746,3.651531219482422
15,masked_npe,77,3.4706695079803467,3.625144600868225
15,masked_npe,78,3.464209905037513,3.680540800094605
15,masked_npe,79,3.436128487953773,3.6350003480911255
15,masked_npe,80,3.473647722831139,3.625312805175781
15,masked_npe,81,3.446037457539485,3.6109697818756095
15,masked_npe,82,3.4241521175091085,3.6297121047973633
15,masked_npe,83,3.4525484488560605,3.6163798570632935
15,masked_npe,84,3.413511734742385,3.63418173789978
15,masked_npe,85,3.450392099527212,3.622055649757385
15,masked_npe,86,3.4560528901907115,3.5841827392578125
15,masked_npe,87,3.4580868574289174,3.6332541704177856
15,masked_npe,88,3.466732905461238,3.607608795166016
15,masked_npe,89,3.426961385286772,3.617120981216431
15,masked_npe,90,3.4802134220416727,3.628220915794373
15,masked_npe,91,3.452091015302218,3.622306346893311
15,masked_npe,92,3.4238746533027062,3.634015917778015
15,masked_npe,93,3.439332705277663,3.669282078742981
15,masked_npe,94,3.4468916196089525,3.6420087814331055
15,masked_npe,95,3.469382487810575,3.645992994308472
15,masked_npe,96,3.440460058359,3.605706572532654
15,masked_npe,97,3.447209174816425,3.5654174089431763
15,masked_npe,98,3.447328365766085,3.6007602214813232
15,masked_npe,99,3.4570371371049147,3.609065771102905
15,masked_npe,100,3.457944576556866,3.610599279403688
15,masked_npe,101,3.4303313952225905,3.6261450052261353
15,masked_npe,102,3.4380942307985745,3.598806619644165
15,masked_npe,103,3.4008329464839053,3.5956896543502808
15,masked_npe,104,3.402933817643386,3.652245759963989
15,masked_npe,105,3.405363779801589,3.60348117351532
15,masked_npe,106,3.42038605763362,3.618507981300354
15,masked_npe,107,3.4044052820939283,3.59248423576355
15,masked_npe,108,3.4016024882976827,3.674086332321167
15,masked_npe,109,3.4385797794048605,3.616377115249634
15,masked_npe,110,3.41316687143766,3.6629350185394287
15,masked_npe,111,3.421206694382888,3.6495070457458496
15,masked_npe,112,3.4485088128309984,3.6414198875427246
15,masked_npe,113,3.449778575163621,3.58591103553772
15,masked_npe,114,3.4004521186535177,3.660528540611267
15,masked_npe,115,3.400135352061345,3.673971652984619
15,masked_npe,116,3.453820375295786,3.60529899597168
15,masked_npe,117,3.455402777745173,3.63745653629303
15,masked_npe,118,3.428497076034546,3.63858413696289
15,masked_npe,119,3.439750286249014,3.6790788173675537
15,masked_npe,120,3.423914230786837,3.676344633102417
15,masked_npe,121,3.4538298570192776,3.601510524749756
15,masked_npe,122,3.40680298438439,3.5829193592071533
15,dedicated_npe,0,5.152106505173904,4.843448162078857
15,dedicated_npe,1,4.57643644626324,4.368785858154297
15,dedicated_npe,2,4.124891354487493,3.883721590042114
15,dedicated_npe,3,3.6491361397963296,3.4379597902297974
15,dedicated_npe,4,3.245153097005991,3.0574951171875
15,dedicated_npe,5,2.6864532323984,2.302355408668518
15,dedicated_npe,6,2.121034713891836,1.990449905395508
15,dedicated_npe,7,1.9112145442229047,1.9171592593193048
15,dedicated_npe,8,1.8443259917772727,1.85959792137146
15,dedicated_npe,9,1.7450171158863947,1.796452522277832
15,dedicated_npe,10,1.6873155740591197,1.764751136302948
15,dedicated_npe,11,1.6764291708285992,1.839423418045044
15,dedicated_npe,12,1.643892434927133,1.7819987535476685
15,dedicated_npe,13,1.6004069676766028,1.8349298238754272
15,dedicated_npe,14,1.59587313578679,1.7281000018119812
15,dedicated_npe,15,1.5857567145274236,1.8508716225624084
15,dedicated_npe,16,1.56907122868758,1.706859111785889
15,dedicated_npe,17,1.5941102779828584,1.7325066328048706
15,dedicated_npe,18,1.5409194322732778,1.7337775826454165
15,dedicated_npe,19,1.52316807783567,1.724733591079712
15,dedicated_npe,20,1.5387549767127404,1.7415396571159365
15,dedicated_npe,21,1.5152145349062407,1.7016332149505615
15,dedicated_npe,22,1.5049973359474769,1.7542584538459778
15,dedicated_npe,23,1.4970833246524518,1.750325620174408
15,dedicated_npe,24,1.4743795486596911,1.715284824371338
15,dedicated_npe,25,1.4681544303894043,1.8090274333953853
15,dedicated_npe,26,1.4752811376865094,1.7119094133377075
15,dedicated_npe,27,1.483866260601924,1.775809407234192
15,dedicated_npe,28,1.4892247089972863,1.7647898197174072
15,dedicated_npe,29,1.4804666592524602,1.7088165879249573
15,dedicated_npe,30,1.440078249344459,1.740035057067871
15,dedicated_npe,31,1.423889187666086,1.7052164673805237
15,dedicated_npe,32,1.4207188808001006,1.7473590970039368
15,dedicated_npe,33,1.4277224999207716,1.7298866510391235
15,dedicated_npe,34,1.4163397000386164,1.6905550360679626
15,dedicated_npe,35,1.405413636794457,1.7302038669586182
15,dedicated_npe,36,1.3934251436820395,1.715387225151062
15,dedicated_npe,37,1.387516480225783,1.739155411720276
15,dedicated_npe,38,1.3930755853652954,1.7143213152885437
15,dedicated_npe,39,1.3985657967053926,1.6938577890396118
15,dedicated_npe,40,1.370193573144766,1.7029002904891968
15,dedicated_npe,41,1.362306998326228,1.7640517950057983
15,dedicated_npe,42,1.3755845289963942,1.7320117354393003
15,dedicated_npe,43,1.361334388072674,1.7644912600517273
15,dedicated_npe,44,1.3676356168893666,1.7407477498054504
15,dedicated_npe,45,1.3665403494468102,1.7293293476104736
15,dedicated_npe,46,1.358252763748169,1.7422814965248108
15,dedicated_npe,47,1.3542047830728383,1.7115288376808169
15,dedicated_npe,48,1.3526770610075731,1.7771698832511902
15,dedicated_npe,49,1.3780713723256035,1.8000017404556274
15,dedicated_npe,50,1.3436562831585224,1.7837480902671814
15,dedicated_npe,51,1.370468047948984,1.716943383216858
15,dedicated_npe,52,1.3345635395783644,1.7728182673454285
15,dedicated_npe,53,1.3197216804210956,1.6942132115364077
15,dedicated_npe,54,1.3166035505441518,1.7383158802986145
15,dedicated_npe,55,1.3390017747879028,1.6893430948257446
15,dedicated_npe,56,1.3148778676986694,1.7069758176803589
15,dedicated_npe,57,1.306137341719407,1.724985659122467
15,dedicated_npe,58,1.2887652653914232,1.7467542886734009
15,dedicated_npe,59,1.2797930515729463,1.7540168762207031
15,dedicated_npe,60,1.2834896307725172,1.788418889045715
15,dedicated_npe,61,1.2965224797909076,1.7259895205497742
15,dedicated_npe,62,1.28178870677948,1.731274425983429
15,dedicated_npe,63,1.2697369318742018,1.7419092655181885
15,dedicated_npe,64,1.2619067613895123,1.736234188079834
15,dedicated_npe,65,1.2652466205450206,1.8245651721954343
15,dedicated_npe,66,1.2581570790364192,1.7990204691886902
15,dedicated_npe,67,1.254749527344337,1.7028586268424988
15,dedicated_npe,68,1.2509099428470318,1.6937747597694397
15,dedicated_npe,69,1.2562187818380504,1.7365639805793762
15,dedicated_npe,70,1.2338395760609553,1.7801767587661743
15,dedicated_npe,71,1.2453689208397498,1.7889559268951416
15,dedicated_npe,72,1.249772961323078,1.8291194438934328
15,dedicated_npe,73,1.2507905960083008,1.749783217906952
15,dedicated_npe,74,1.219569701414842,1.751162052154541
15,dedicated_npe,75,1.2167306588246272,1.8180055618286133
15,dedicated_npe,76,1.2263178275181696,1.772926688194275
15,dedicated_npe,77,1.1916740399140575,1.791277289390564
15,dedicated_npe,78,1.194830711071308,1.7994800806045532
15,dedicated_npe,79,1.1886001917032094,1.803543508052826
15,dedicated_npe,80,1.1955512853769157,1.796767771244049
15,retrain_without_f1_strong_t1,0,5.125900708712065,4.793284177780151
15,retrain_without_f1_strong_t1,1,4.613217133742112,4.413900852203369
15,retrain_without_f1_strong_t1,2,4.226423593667837,4.0054579973220825
15,retrain_without_f1_strong_t1,3,3.849207511314979,3.683111548423767
15,retrain_without_f1_strong_t1,4,3.6319773013775167,3.642560124397278
15,retrain_without_f1_strong_t1,5,3.570196903668917,3.5727893114089966
15,retrain_without_f1_strong_t1,6,3.519152916394748,3.606985569000244
15,retrain_without_f1_strong_t1,7,3.4832086746509257,3.569043755531311
15,retrain_without_f1_strong_t1,8,3.4662242852724514,3.552246570587158
15,retrain_without_f1_strong_t1,9,3.445487664296077,3.554990649223328
15,retrain_without_f1_strong_t1,10,3.434620288702158,3.511359691619873
15,retrain_without_f1_strong_t1,11,3.419022266681378,3.544816255569458
15,retrain_without_f1_strong_t1,12,3.4175367538745585,3.4847757816314697
15,retrain_without_f1_strong_t1,13,3.4052811585939846,3.5595027208328247
15,retrain_without_f1_strong_t1,14,3.394457083482009,3.5439276695251465
15,retrain_without_f1_strong_t1,15,3.3841433158287635,3.5131601095199585
15,retrain_without_f1_strong_t1,16,3.3751961634709287,3.5353481769561768
15,retrain_without_f1_strong_t1,17,3.3615726140829234,3.510916233062744
15,retrain_without_f1_strong_t1,18,3.355435829896193,3.523746490478516
15,retrain_without_f1_strong_t1,19,3.3438944082993727,3.545588254928589
15,retrain_without_f1_strong_t1,20,3.3378227857443004,3.520331025123596
15,retrain_without_f1_strong_t1,21,3.3438836611234226,3.528213381767273
15,retrain_without_f1_strong_t1,22,3.322246386454656,3.523825168609619
15,retrain_without_f1_strong_t1,23,3.3228796262007494,3.5474741458892822
15,retrain_without_f1_strong_t1,24,3.315589666366577,3.5585882663726807
15,retrain_without_f1_strong_t1,25,3.3086990209726186,3.556652307510376
15,retrain_without_f1_strong_t1,26,3.311971040872427,3.5464890003204346
15,retrain_without_f1_strong_t1,27,3.303874969482422,3.5038596391677856
15,retrain_without_f1_strong_t1,28,3.284684603030865,3.5847264528274536
15,retrain_without_f1_strong_t1,29,3.289179398463322,3.529090166091919
15,retrain_without_f1_strong_t1,30,3.273968109717736,3.585860013961792
15,retrain_without_f1_strong_t1,31,3.274782272485586,3.5946640968322754
15,retrain_without_f1_strong_t1,32,3.270031984035785,3.588351011276245
15,retrain_without_f1_strong_t1,33,3.259523336703961,3.5673635005950928
15,retrain_without_f1_strong_t1,34,3.2531344707195577,3.56508469581604
15,retrain_without_f1_strong_t1,35,3.244859713774461,3.585723280906677
15,retrain_without_f1_strong_t1,36,3.23737017924969,3.602388978004456
15,retrain_without_f1_strong_t1,37,3.2315392677600565,3.5694580078125
15,retrain_without_f2_strong_t2,0,5.160468541658842,4.831130743026733
15,retrain_without_f2_strong_t2,1,4.6676309658930855,4.4821250438690186
15,retrain_without_f2_strong_t2,2,4.346111517686111,4.187189817428589
15,retrain_without_f2_strong_t2,3,4.103184223175049,3.9926140308380127
15,retrain_without_f2_strong_t2,4,3.842157253852257,3.681792736053467
15,retrain_without_f2_strong_t2,5,3.256517777076134,2.9075701236724854
15,retrain_without_f2_strong_t2,6,2.846786535703219,2.782787084579468
15,retrain_without_f2_strong_t2,7,2.709494187281682,2.721576452255249
15,retrain_without_f2_strong_t2,8,2.601685432287363,2.5665597915649414
15,retrain_without_f2_strong_t2,9,2.543096285599929,2.558499336242676
15,retrain_without_f2_strong_t2,10,2.49104092671321,2.5437833070755005
15,retrain_without_f2_strong_t2,11,2.4387173652648926,2.538572072982788
15,retrain_without_f2_strong_t2,12,2.437333822250366,2.4522979259490967
15,retrain_without_f2_strong_t2,13,2.405080263431256,2.4721453189849854
15,retrain_without_f2_strong_t2,14,2.390993466744056,2.5141515731811523
15,retrain_without_f2_strong_t2,15,2.361996779075036,2.4887545108795166
15,retrain_without_f2_strong_t2,16,2.3536458565638614,2.4908220767974854
15,retrain_without_f2_strong_t2,17,2.328857550254235,2.517261028289795
15,retrain_without_f2_strong_t2,18,2.3414982648996205,2.415002822875977
15,retrain_without_f2_strong_t2,19,2.311294592343844,2.504320502281189
15,retrain_without_f2_strong_t2,20,2.302158098954421,2.440869808197021
15,retrain_without_f2_strong_t2,21,2.2921365591195912,2.4245283603668213
15,retrain_without_f2_strong_t2,22,2.28461478306697,2.5342763662338257
15,retrain_without_f2_strong_t2,23,2.301265459794265,2.482211709022522
15,retrain_without_f2_strong_t2,24,2.2847377336942234,2.4659242630004883
15,retrain_without_f2_strong_t2,25,2.2682561507591834,2.4689505100250244
15,retrain_without_f2_strong_t2,26,2.2419836704547587,2.4557323455810547
15,retrain_without_f2_strong_t2,27,2.232289626048161,2.4668763875961304
15,retrain_without_f2_strong_t2,28,2.2452977437239428,2.4548815488815308
15,retrain_without_f2_strong_t2,29,2.233345306836642,2.3978121280670166
15,retrain_without_f2_strong_t2,30,2.2167954444885254,2.444240093231201
15,retrain_without_f2_strong_t2,31,2.2189152790949893,2.4344277381896973
15,retrain_without_f2_strong_t2,32,2.219522054378803,2.443864345550537
15,retrain_without_f2_strong_t2,33,2.200013142365676,2.4788042306900024
15,retrain_without_f2_strong_t2,34,2.186377323590792,2.430180311203003
15,retrain_without_f2_strong_t2,35,2.18006654886099,2.4380587339401245
15,retrain_without_f2_strong_t2,36,2.1878686868227444,2.462467193603516
15,retrain_without_f2_strong_t2,37,2.170571345549363,2.4400813579559326
15,retrain_without_f2_strong_t2,38,2.1594612965217004,2.4789968729019165
15,retrain_without_f2_strong_t2,39,2.1756864327650804,2.448549747467041
15,retrain_without_f2_strong_t2,40,2.1757641388819766,2.4611679315567017
15,retrain_without_f2_strong_t2,41,2.1774784051454983,2.428530216217041
15,retrain_without_f2_strong_t2,42,2.154370848949139,2.455005168914795
15,retrain_without_f2_strong_t2,43,2.141876504971431,2.4613736867904663
15,retrain_without_f2_strong_t2,44,2.1494153829721303,2.476310610771179
15,retrain_without_f2_strong_t2,45,2.1518889573904185,2.4423904418945312
15,retrain_without_f2_strong_t2,46,2.134827292882479,2.396882653236389
15,retrain_without_f2_strong_t2,47,2.120204833837656,2.5006637573242188
15,retrain_without_f2_strong_t2,48,2.1314707902761607,2.477986454963684
15,retrain_without_f2_strong_t2,49,2.10942868086008,2.51978063583374
15,retrain_without_f2_strong_t2,50,2.109872680443984,2.470555901527405
15,retrain_without_f2_strong_t2,51,2.1026743742135854,2.470739960670471
15,retrain_without_f2_strong_t2,52,2.1040109487680287,2.5568379163742065
15,retrain_without_f2_strong_t2,53,2.112446124737079,2.45413589477539
15,retrain_without_f2_strong_t2,54,2.1026891561654897,2.4747477769851685
15,retrain_without_f2_strong_t2,55,2.0910697350135217,2.483650684356689
15,retrain_without_f2_strong_t2,56,2.0848922454393826,2.526672124862671
15,retrain_without_f2_strong_t2,57,2.076123375159044,2.492523312568665
15,retrain_without_f2_strong_t2,58,2.0720847936776967,2.5063998699188232
15,retrain_without_f2_strong_t2,59,2.075448467181279,2.4853307008743286
15,retrain_without_f2_strong_t2,60,2.075364635540889,2.542955160140991
15,retrain_without_f2_strong_t2,61,2.065085475261395,2.4922786951065063
15,retrain_without_f2_strong_t2,62,2.059997521913969,2.5387035608291626
15,retrain_without_f2_strong_t2,63,2.0477143067580004,2.534817337989807
15,retrain_without_f2_strong_t2,64,2.0427091121673584,2.5065842866897583
15,retrain_without_f2_strong_t2,65,2.0368189261509824,2.516702055931092
15,retrain_without_f2_strong_t2,66,2.0338381620553823,2.5217238664627075
15,retrain_without_f2_strong_t2,67,2.0453358796926646,2.5085196495056152
15,retrain_without_f2_strong_t2,68,2.0566729490573588,2.5563879013061523
15,retrain_without_f2_strong_t2,69,2.0603102904099684,2.518679022789001
15,retrain_without_f2_strong_t2,70,2.0258616392429056,2.512485146522522
15,retrain_without_f2_strong_t2,71,2.0280987116006703,2.485801339149475
15,retrain_without_f3_dup_a,0,5.161300145662748,4.8058741092681885
15,retrain_without_f3_dup_a,1,4.605566354898306,4.378457307815552
15,retrain_without_f3_dup_a,2,4.144238838782678,3.8959661722183214
15,retrain_without_f3_dup_a,3,3.636776153857892,3.388450026512146
15,retrain_without_f3_dup_a,4,3.1950883315159726,2.974341869354248
15,retrain_without_f3_dup_a,5,2.534004229765672,2.18326997756958
15,retrain_without_f3_dup_a,6,2.176157437838041,2.1329187154769897
15,retrain_without_f3_dup_a,7,1.9081916625683124,1.9515745639801023
15,retrain_without_f3_dup_a,8,1.8174412709016063,1.910764753818512
15,retrain_without_f3_dup_a,9,1.7899354971372163,1.9558167457580569
15,retrain_without_f3_dup_a,10,1.7687276418392477,1.8191463947296145
15,retrain_without_f3_dup_a,11,1.6883537402519813,1.7988018989562988
15,retrain_without_f3_dup_a,12,1.6786080323732817,1.776292622089386
15,retrain_without_f3_dup_a,13,1.6605795988669765,1.7440630197525024
15,retrain_without_f3_dup_a,14,1.64382986839001,1.77737957239151
15,retrain_without_f3_dup_a,15,1.6246683047367976,1.7416398525238037
15,retrain_without_f3_dup_a,16,1.595803297483004,1.803468942642212
15,retrain_without_f3_dup_a,17,1.5677043658036451,1.7430850267410278
15,retrain_without_f3_dup_a,18,1.5598721504211426,1.671976089477539
15,retrain_without_f3_dup_a,19,1.53387386065263,1.775899589061737
15,retrain_without_f3_dup_a,20,1.54448506465325,1.696697235107422
15,retrain_without_f3_dup_a,21,1.537794755055354,1.6993354558944702
15,retrain_without_f3_dup_a,22,1.5076297980088451,1.7487040758132937
15,retrain_without_f3_dup_a,23,1.5080005755791297,1.712222397327423
15,retrain_without_f3_dup_a,24,1.4944248016063983,1.7175004482269287
15,retrain_without_f3_dup_a,25,1.4854972270818858,1.7211663126945496
15,retrain_without_f3_dup_a,26,1.482198403431819,1.7162417769432068
15,retrain_without_f3_dup_a,27,1.4709106775430532,1.7289521098136902
15,retrain_without_f3_dup_a,28,1.4618756771087646,1.736172616481781
15,retrain_without_f3_dup_a,29,1.4754004295055685,1.6856704950332642
15,retrain_without_f3_dup_a,30,1.4441846150618334,1.7235321402549744
15,retrain_without_f3_dup_a,31,1.4480759730705848,1.7135016918182373
15,retrain_without_f3_dup_a,32,1.46218492434575,1.719856023788452
15,retrain_without_f3_dup_a,33,1.446450682786795,1.7015564441680908
15,retrain_without_f3_dup_a,34,1.4333695081564095,1.6656644940376282
15,retrain_without_f3_dup_a,35,1.4219201161311223,1.6660881042480469
15,retrain_without_f3_dup_a,36,1.4302509197821984,1.710873246192932
15,retrain_without_f3_dup_a,37,1.4082021621557383,1.701339840888977
15,retrain_without_f3_dup_a,38,1.401467149074261,1.7036089301109314
15,retrain_without_f3_dup_a,39,1.3917690790616548,1.7104943990707395
15,retrain_without_f3_dup_a,40,1.4089088164843049,1.7002561688423157
15,retrain_without_f3_dup_a,41,1.4195349033062274,1.686841368675232
15,retrain_without_f3_dup_a,42,1.4165462438876812,1.713690996170044
15,retrain_without_f3_dup_a,43,1.3691031199235182,1.6840369701385498
15,retrain_without_f3_dup_a,44,1.3729426218913152,1.7051018476486206
15,retrain_without_f3_dup_a,45,1.359916090965271,1.6891446113586426
15,retrain_without_f3_dup_a,46,1.3742630390020518,1.680378258228302
15,retrain_without_f3_dup_a,47,1.3614486914414623,1.7525672912597656
15,retrain_without_f3_dup_a,48,1.3550445483281062,1.719461739063263
15,retrain_without_f3_dup_a,49,1.3462794377253606,1.7584222555160522
15,retrain_without_f3_dup_a,50,1.3471176715997548,1.6983486413955688
15,retrain_without_f3_dup_a,51,1.336978398836576,1.737004637718201
15,retrain_without_f3_dup_a,52,1.3391378200971162,1.7445131540298462
15,retrain_without_f3_dup_a,53,1.348424920668969,1.721334457397461
15,retrain_without_f3_dup_a,54,1.3395467354701116,1.6833436489105225
15,retrain_without_f3_dup_a,55,1.3203917833474963,1.7019731998443604
15,retrain_without_f3_dup_a,56,1.3178103061822743,1.7211617827415466
15,retrain_without_f3_dup_a,57,1.3139195350500257,1.7417868971824646
15,retrain_without_f3_dup_a,58,1.3100216388702393,1.7327839732170105
15,retrain_without_f3_dup_a,59,1.3004543414482703,1.6840555667877195
15,retrain_without_f4_dup_b,0,5.160541204305796,4.803977727890015
15,retrain_without_f4_dup_b,1,4.604524575746977,4.386109590530396
15,retrain_without_f4_dup_b,2,4.144899643384493,3.896693706512451
15,retrain_without_f4_dup_b,3,3.638832202324501,3.398237943649292
15,retrain_without_f4_dup_b,4,3.2090569826272817,3.0085723400115967
15,retrain_without_f4_dup_b,5,2.564207865641668,2.234282851219177
15,retrain_without_f4_dup_b,6,2.126570995037372,2.0198832154273987
15,retrain_without_f4_dup_b,7,1.902985426095816,1.9990850687026973
15,retrain_without_f4_dup_b,8,1.8116071224212649,1.8831918239593504
15,retrain_without_f4_dup_b,9,1.7465434807997484,1.896200180053711
15,retrain_without_f4_dup_b,10,1.7189956995157094,1.7920793294906616
15,retrain_without_f4_dup_b,11,1.673352626653818,1.7747213244438171
15,retrain_without_f4_dup_b,12,1.653961786857018,1.707713782787323
15,retrain_without_f4_dup_b,13,1.6184469369741588,1.743945300579071
15,retrain_without_f4_dup_b,14,1.6307784502322855,1.766923189163208
15,retrain_without_f4_dup_b,15,1.6158182254204383,1.7617565989494324
15,retrain_without_f4_dup_b,16,1.5931553198741033,1.807639181613922
15,retrain_without_f4_dup_b,17,1.5482944616904626,1.7576065063476562
15,retrain_without_f4_dup_b,18,1.5472611372287457,1.6848655343055725
15,retrain_without_f4_dup_b,19,1.5214529129175038,1.7695735692977903
15,retrain_without_f4_dup_b,20,1.5373265284758348,1.7030309438705444
15,retrain_without_f4_dup_b,21,1.5266624780801623,1.677535891532898
15,retrain_without_f4_dup_b,22,1.4907779877002425,1.723002314567566
15,retrain_without_f4_dup_b,23,1.4921123064481294,1.7125141620635986
15,retrain_without_f4_dup_b,24,1.4799620646696825,1.713732659816742
15,retrain_without_f4_dup_b,25,1.4755755296120276,1.7048792243003843
15,retrain_without_f4_dup_b,26,1.4710654478806715,1.7026065587997437
15,retrain_without_f4_dup_b,27,1.452801511837886,1.7124981880187988
15,retrain_without_f4_dup_b,28,1.4494612767146184,1.7219956517219543
15,retrain_without_f4_dup_b,29,1.4514363270539503,1.665371656417847
15,retrain_without_f4_dup_b,30,1.4489289888968837,1.7108913660049438
15,retrain_without_f4_dup_b,31,1.4251944927068858,1.6985769271850586
15,retrain_without_f4_dup_b,32,1.4271329182844896,1.6947400569915771
15,retrain_without_f4_dup_b,33,1.4086125905697162,1.7165288925170898
15,retrain_without_f4_dup_b,34,1.4098608768903291,1.6853594779968262
15,retrain_without_f4_dup_b,35,1.3952691004826472,1.671760976314545
15,retrain_without_f4_dup_b,36,1.413661608329186,1.7364435195922852
15,retrain_without_f4_dup_b,37,1.3992892228640044,1.6996915340423584
15,retrain_without_f4_dup_b,38,1.386946861560528,1.7115731835365295
15,retrain_without_f4_dup_b,39,1.3838115013562715,1.714396595954895
15,retrain_without_f4_dup_b,40,1.392600600536053,1.7168004512786863
15,retrain_without_f4_dup_b,41,1.3821606911145723,1.6878747344017029
15,retrain_without_f4_dup_b,42,1.3642639747032752,1.723615288734436
15,retrain_without_f4_dup_b,43,1.3583160180311935,1.691880226135254
15,retrain_without_f4_dup_b,44,1.3700865415426402,1.7447386384010315
15,retrain_without_f4_dup_b,45,1.352108203447782,1.7153241038322449
15,retrain_without_f4_dup_b,46,1.3632873938633845,1.7131606936454773
15,retrain_without_f4_dup_b,47,1.3558073135522697,1.7132219672203064
15,retrain_without_f4_dup_b,48,1.3358659469164336,1.719836711883545
15,retrain_without_f4_dup_b,49,1.3304631893451395,1.7577989101409912
15,retrain_without_f4_dup_b,50,1.3256867940609272,1.7272809147834778
15,retrain_without_f4_dup_b,51,1.332428812980652,1.753704845905304
15,retrain_without_f4_dup_b,52,1.3338224429350634,1.7547603249549866
15,retrain_without_f4_dup_b,53,1.3409366699365468,1.6948184967041016
15,retrain_without_f4_dup_b,54,1.3275119799834032,1.7244994044303894
15,retrain_without_f5_null,0,5.141510963439941,4.780187129974365
15,retrain_without_f5_null,1,4.55773375584529,4.330629348754883
15,retrain_without_f5_null,2,4.091408784572895,3.8501774072647095
15,retrain_without_f5_null,3,3.610135243489192,3.3825840950012207
15,retrain_without_f5_null,4,3.1823353400597205,2.9714986085891724
15,retrain_without_f5_null,5,2.5158062347998986,2.194022417068481
15,retrain_without_f5_null,6,2.07157733807197,2.0214905738830566
15,retrain_without_f5_null,7,1.8746053072122424,1.941768169403076
15,retrain_without_f5_null,8,1.7951231736403246,1.8694249391555784
15,retrain_without_f5_null,9,1.7525459711368268,1.8068971633911133
15,retrain_without_f5_null,10,1.7051942440179677,1.7801122069358826
15,retrain_without_f5_null,11,1.6707951013858502,1.8204368352890008
15,retrain_without_f5_null,12,1.6742629179587731,1.747018575668335
15,retrain_without_f5_null,13,1.6639764859126165,1.7219715118408203
15,retrain_without_f5_null,14,1.629800090422997,1.7412912845611572
15,retrain_without_f5_null,15,1.5968634532048152,1.7182998061180117
15,retrain_without_f5_null,16,1.5726790886658888,1.7144034504890442
15,retrain_without_f5_null,17,1.5471805334091189,1.7021524310112
15,retrain_without_f5_null,18,1.5368492419903097,1.6528939008712769
15,retrain_without_f5_null,19,1.5192412229684682,1.7417696714401243
15,retrain_without_f5_null,20,1.5321355783022368,1.6811129450798037
15,retrain_without_f5_null,21,1.5363030158556426,1.7015963792800903
15,retrain_without_f5_null,22,1.5022036479069636,1.6867467164993286
15,retrain_without_f5_null,23,1.5111546883216271,1.6980819702148438
15,retrain_without_f5_null,24,1.488638346011822,1.717341661453247
15,retrain_without_f5_null,25,1.485992642549368,1.7038164138793943
15,retrain_without_f5_null,26,1.4684564883892353,1.6885102987289429
15,retrain_without_f5_null,27,1.4528746421520526,1.6692591309547424
15,retrain_without_f5_null,28,1.4486203101965098,1.698775053024292
15,retrain_without_f5_null,29,1.4497381173647368,1.6353831887245178
15,retrain_without_f5_null,30,1.4369220733642578,1.6955962777137756
15,retrain_without_f5_null,31,1.439226526480455,1.6696223020553589
15,retrain_without_f5_null,32,1.428817712343656,1.6771637201309204
15,retrain_without_f5_null,33,1.417941038425152,1.683754801750183
15,retrain_without_f5_null,34,1.4157577202870295,1.637816309928894
15,retrain_without_f5_null,35,1.4071140747803907,1.6492067575454712
15,retrain_without_f5_null,36,1.418320371554448,1.6915408968925476
15,retrain_without_f5_null,37,1.396048591687129,1.687404751777649
15,retrain_without_f5_null,38,1.4060365511820867,1.6895467042922974
15,retrain_without_f5_null,39,1.3972653609055738,1.6692392826080322
15,retrain_without_f5_null,40,1.4004669923048754,1.70327228307724
15,retrain_without_f5_null,41,1.3891465388811552,1.677737593650818
15,retrain_without_f5_null,42,1.3968737858992355,1.804301142692566
15,retrain_without_f5_null,43,1.408801482273982,1.676616072654724
15,retrain_without_f5_null,44,1.401139727005592,1.6785079836845398
15,retrain_without_f5_null,45,1.3946108176158023,1.7456758618354795
15,retrain_without_f5_null,46,1.3637732817576482,1.652455985546112
15,retrain_without_f5_null,47,1.3745488570286677,1.773121953010559
15,retrain_without_f5_null,48,1.405226890857403,1.7537066340446472
15,retrain_without_f5_null,49,1.3803342213997474,1.7397805452346802
15,retrain_without_f5_null,50,1.353310043995197,1.705368995666504
15,retrain_without_f5_null,51,1.3425886997809775,1.6966210007667542
15,retrain_without_f5_null,52,1.3515580800863414,1.7315946817398071
15,retrain_without_f5_null,53,1.3725351828795214,1.6442532539367676
15,retrain_without_f5_null,54,1.3408591747283936,1.7070244550704956
15,retrain_without_f6_suppressor,0,5.131833736713116,4.768237352371216
15,retrain_without_f6_suppressor,1,4.5628377474271336,4.3423216342926025
15,retrain_without_f6_suppressor,2,4.122849024259127,3.9113736152648926
15,retrain_without_f6_suppressor,3,3.719176805936373,3.58200478553772
15,retrain_without_f6_suppressor,4,3.491853420551007,3.5257351398468018
15,retrain_without_f6_suppressor,5,3.4226992313678446,3.4327683448791504
15,retrain_without_f6_suppressor,6,3.3665962769435,3.450612187385559
15,retrain_without_f6_suppressor,7,3.331462786747859,3.431074023246765
15,retrain_without_f6_suppressor,8,3.31264433493981,3.412139177322388
15,retrain_without_f6_suppressor,9,3.296641753270076,3.41604995727539
15,retrain_without_f6_suppressor,10,3.279636768194345,3.3953869342803955
15,retrain_without_f6_suppressor,11,3.259779710036057,3.4145373106002808
15,retrain_without_f6_suppressor,12,3.261198869118324,3.373530864715576
15,retrain_without_f6_suppressor,13,3.2565398949843187,3.4370614290237427
15,retrain_without_f6_suppressor,14,3.2344262966742883,3.42170250415802
15,retrain_without_f6_suppressor,15,3.224291618053729,3.382058501243592
15,retrain_without_f6_suppressor,16,3.215909242630005,3.4148223400115967
15,retrain_without_f6_suppressor,17,3.2028237856351414,3.3913888931274414
15,retrain_without_f6_suppressor,18,3.197976534183209,3.399609684944153
15,retrain_without_f6_suppressor,19,3.1850231427412767,3.4094128608703613
15,retrain_without_f6_suppressor,20,3.1780816591702976,3.383460760116577
15,retrain_without_f6_suppressor,21,3.181561726790208,3.4102649688720703
15,retrain_without_f6_suppressor,22,3.162829674207248,3.396784901618957
15,retrain_without_f6_suppressor,23,3.161055326461792,3.427842140197754
15,retrain_without_f6_suppressor,24,3.1568386187920203,3.4086854457855225
15,retrain_without_f6_suppressor,25,3.146579852470985,3.422815561294556
15,retrain_without_f6_suppressor,26,3.1391945435450626,3.434845209121704
15,retrain_without_f6_suppressor,27,3.137300491333008,3.3892853260040283
15,retrain_without_f6_suppressor,28,3.120827106329111,3.446624636650085
15,retrain_without_f6_suppressor,29,3.1294910540947547,3.3929638862609863
15,retrain_without_f6_suppressor,30,3.1166599897237925,3.4573158025741577
15,retrain_without_f6_suppressor,31,3.109759110670823,3.440316081047058
15,retrain_without_f6_suppressor,32,3.1125844441927395,3.433046579360962
15,retrain_without_f6_suppressor,33,3.0977943126971903,3.448331117630005
15,retrain_without_f6_suppressor,34,3.0977095640622654,3.4322307109832764
15,retrain_without_f6_suppressor,35,3.085512307974009,3.451046943664551
15,retrain_without_f6_suppressor,36,3.083601034604586,3.456057190895081
15,retrain_without_f6_suppressor,37,3.074423789978028,3.44179368019104
15,retrain_without_f7_weak,0,5.12315243941087,4.7768378257751465
15,retrain_without_f7_weak,1,4.577830681434045,4.3760986328125
15,retrain_without_f7_weak,2,4.144381779890794,3.9198731184005737
15,retrain_without_f7_weak,3,3.693016895881066,3.5013415813446045
15,retrain_without_f7_weak,4,3.3184978778545675,3.162888169288636
15,retrain_without_f7_weak,5,2.7616821435781627,2.359680414199829
15,retrain_without_f7_weak,6,2.170202585367056,2.0636942982673645
15,retrain_without_f7_weak,7,1.97681476519658,2.024044275283813
15,retrain_without_f7_weak,8,1.878993428670443,1.9154255986213684
15,retrain_without_f7_weak,9,1.823135550205524,1.913309156894684
15,retrain_without_f7_weak,10,1.7958927979836097,1.8684842586517327
15,retrain_without_f7_weak,11,1.7407961258521447,1.8475069403648376
15,retrain_without_f7_weak,12,1.7285546981371367,1.7727137207984924
15,retrain_without_f7_weak,13,1.7004758302982037,1.8221775889396667
15,retrain_without_f7_weak,14,1.7159894704818726,1.8361570835113523
15,retrain_without_f7_weak,15,1.7133933855937078,1.8097562789916992
15,retrain_without_f7_weak,16,1.6553565538846529,1.889932870864868
15,retrain_without_f7_weak,17,1.6371594300636878,1.8056073784828184
15,retrain_without_f7_weak,18,1.6321042501009428,1.7755171060562134
15,retrain_without_f7_weak,19,1.6226064150150006,1.855339527130127
15,retrain_without_f7_weak,20,1.6203107100266676,1.75902658700943
15,retrain_without_f7_weak,21,1.6045226683983436,1.7438563108444214
15,retrain_without_f7_weak,22,1.5885751522504366,1.813764750957489
15,retrain_without_f7_weak,23,1.607392852122967,1.8219847083091736
15,retrain_without_f7_weak,24,1.5840496099912202,1.835931658744812
15,retrain_without_f7_weak,25,1.5645185800699086,1.818334758281708
15,retrain_without_f7_weak,26,1.5522493307407086,1.7842596769332886
15,retrain_without_f7_weak,27,1.5456511332438545,1.784086048603058
15,retrain_without_f7_weak,28,1.5325179283435528,1.8063263297081
15,retrain_without_f7_weak,29,1.5440948834786048,1.729097604751587
15,retrain_without_f7_weak,30,1.518892499116751,1.7867926955223083
15,retrain_without_f7_weak,31,1.5361768832573524,1.8057767152786253
15,retrain_without_f7_weak,32,1.5227025472200837,1.773781180381775
15,retrain_without_f7_weak,33,1.5087184722606952,1.7978252172470093
15,retrain_without_f7_weak,34,1.4911004579984224,1.7811768054962158
15,retrain_without_f7_weak,35,1.5001692588512714,1.756352722644806
15,retrain_without_f7_weak,36,1.5081895406429584,1.797313928604126
15,retrain_without_f7_weak,37,1.4819934826630812,1.864332675933838
15,retrain_without_f7_weak,38,1.51650215112246,1.795457363128662
15,retrain_without_f7_weak,39,1.4854157612873955,1.788649499416351
15,retrain_without_f7_weak,40,1.4858791736456065,1.7988073825836182
15,retrain_without_f7_weak,41,1.5049954836185162,1.7794235944747925
15,retrain_without_f7_weak,42,1.5011217502447276,1.78041809797287
15,retrain_without_f7_weak,43,1.463037683413579,1.8024837970733645
15,retrain_without_f7_weak,44,1.4665601436908429,1.7919942736625671
15,retrain_without_f7_weak,45,1.4544887909522424,1.757516622543335
15,retrain_without_f7_weak,46,1.4528329555804913,1.7603071331977844
15,retrain_without_f7_weak,47,1.4443192757092989,1.8234823942184448
15,retrain_without_f7_weak,48,1.439221217082097,1.795546054840088
15,retrain_without_f7_weak,49,1.4319780789888823,1.81995302438736
15,retrain_without_f7_weak,50,1.427392235169044,1.7745884656906128
15,retrain_without_f7_weak,51,1.4302003200237567,1.832837700843811
15,retrain_without_f7_weak,52,1.4206264477509718,1.8319401741027832
15,retrain_without_f7_weak,53,1.426258398936345,1.838571667671204
15,retrain_without_f7_weak,54,1.445926207762498,1.7876641750335691
15,retrain_without_f8_bigcoef,0,5.1317650354825535,4.807300090789795
15,retrain_without_f8_bigcoef,1,4.61713196681096,4.433078050613403
15,retrain_without_f8_bigcoef,2,4.23050829080435,4.030250430107117
15,retrain_without_f8_bigcoef,3,3.837806353202233,3.6618690490722656
15,retrain_without_f8_bigcoef,4,3.494227115924542,3.341481328010559
15,retrain_without_f8_bigcoef,5,2.9653017704303446,2.581961154937744
15,retrain_without_f8_bigcoef,6,2.388085677073552,2.296435594558716
15,retrain_without_f8_bigcoef,7,2.209396930841299,2.2708261013031006
15,retrain_without_f8_bigcoef,8,2.1121686421907864,2.167145609855652
15,retrain_without_f8_bigcoef,9,2.042302443430974,2.147292137145996
15,retrain_without_f8_bigcoef,10,2.0050134383715115,2.082612156867981
15,retrain_without_f8_bigcoef,11,1.954947269879855,2.0897250175476074
15,retrain_without_f8_bigcoef,12,1.9577899987881,1.9936954379081728
15,retrain_without_f8_bigcoef,13,1.9163531431785,2.0090134143829346
15,retrain_without_f8_bigcoef,14,1.9286606495197005,2.1681792736053467
15,retrain_without_f8_bigcoef,15,1.9071745505699744,1.9956625699996948
15,retrain_without_f8_bigcoef,16,1.8484883950306816,2.0294737815856934
15,retrain_without_f8_bigcoef,17,1.8275571236243613,2.0100542306900024
15,retrain_without_f8_bigcoef,18,1.820138142659114,1.9626678228378296
15,retrain_without_f8_bigcoef,19,1.8024471081220184,2.038387417793274
15,retrain_without_f8_bigcoef,20,1.8152654354388893,1.960302472114563
15,retrain_without_f8_bigcoef,21,1.7986101003793569,1.9310227036476133
15,retrain_without_f8_bigcoef,22,1.7675837645163903,2.006849467754364
15,retrain_without_f8_bigcoef,23,1.76896765598884,2.003064274787903
15,retrain_without_f8_bigcoef,24,1.7626350476191597,1.975135445594788
15,retrain_without_f8_bigcoef,25,1.756293507722708,2.014151096343994
15,retrain_without_f8_bigcoef,26,1.7427375683417687,1.9724426865577696
15,retrain_without_f8_bigcoef,27,1.732359345142658,2.017100989818573
15,retrain_without_f8_bigcoef,28,1.7296282144693227,1.9866122603416445
15,retrain_without_f8_bigcoef,29,1.735870755635775,1.924592673778534
15,retrain_without_f8_bigcoef,30,1.7236802119475143,1.9830411076545715
15,retrain_without_f8_bigcoef,31,1.7132780093413134,1.969608783721924
15,retrain_without_f8_bigcoef,32,1.7049543123978834,1.9568049907684328
15,retrain_without_f8_bigcoef,33,1.693554346378033,1.9499882459640503
15,retrain_without_f8_bigcoef,34,1.686432352432838,1.9368304014205933
15,retrain_without_f8_bigcoef,35,1.6730795365113478,1.9475212693214417
15,retrain_without_f8_bigcoef,36,1.7153414487838743,1.9773476123809808
15,retrain_without_f8_bigcoef,37,1.6906163509075458,1.954342246055603
15,retrain_without_f8_bigcoef,38,1.6689256888169508,1.9556268453598025
15,retrain_without_f8_bigcoef,39,1.6590983317448542,1.9553746581077576
15,retrain_without_f8_bigcoef,40,1.6807163953781128,1.9866411685943604
15,retrain_without_f8_bigcoef,41,1.6706904906492968,1.990618109703064
15,retrain_without_f8_bigcoef,42,1.6520045812313373,1.948866605758667
15,retrain_without_f8_bigcoef,43,1.6297538372186513,1.9499104022979736
15,retrain_without_f8_bigcoef,44,1.6484887783343976,1.9523236155509949
15,retrain_without_f8_bigcoef,45,1.6295332541832557,1.9687732458114624
15,retrain_without_f8_bigcoef,46,1.635976030276372,1.9268025755882263
15,retrain_without_f8_bigcoef,47,1.619324097266564,1.982746541500092
15,retrain_without_f8_bigcoef,48,1.623141527175903,2.0610272884368896
15,retrain_without_f8_bigcoef,49,1.6348853478064904,1.9703509211540224
15,retrain_without_f8_bigcoef,50,1.6107778365795429,2.0153584480285645
15,retrain_without_f8_bigcoef,51,1.605628958115211,2.0068544149398804
15,retrain_without_f8_bigcoef,52,1.608917025419382,2.008282959461212
15,retrain_without_f8_bigcoef,53,1.6030677832089937,1.9408375024795528
15,retrain_without_f8_bigcoef,54,1.6036545221622174,1.947869062423706
15,retrain_without_noise_0,0,5.098345096294697,4.755848407745361
15,retrain_without_noise_0,1,4.539918936215914,4.3187477588653564
15,retrain_without_noise_0,2,4.080564627280602,3.84587037563324
15,retrain_without_noise_0,3,3.618204318560087,3.4258278608322144
15,retrain_without_noise_0,4,3.236460520670964,3.081971883773804
15,retrain_without_noise_0,5,2.68057526074923,2.32772159576416
15,retrain_without_noise_0,6,2.1138526568045983,2.060007154941559
15,retrain_without_noise_0,7,1.9070734427525449,1.957602322101593
15,retrain_without_noise_0,8,1.814461377950815,1.8836344480514529
15,retrain_without_noise_0,9,1.7392576382710383,1.8684220910072329
15,retrain_without_noise_0,10,1.7028626662034254,1.8276194334030151
15,retrain_without_noise_0,11,1.6682931459867036,1.7683219909667969
15,retrain_without_noise_0,12,1.6653435138555674,1.7054189443588257
15,retrain_without_noise_0,13,1.6255464828931367,1.8515934348106384
15,retrain_without_noise_0,14,1.6250374408868642,1.7770214676856997
15,retrain_without_noise_0,15,1.611266668026264,1.7322653532028198
15,retrain_without_noise_0,16,1.577393183341393,1.7421354055404663
15,retrain_without_noise_0,17,1.555531648489145,1.7997751235961914
15,retrain_without_noise_0,18,1.545732672397907,1.6811532974243164
15,retrain_without_noise_0,19,1.5293481258245616,1.7562909126281738
15,retrain_without_noise_0,20,1.531926916195796,1.7207101583480835
15,retrain_without_noise_0,21,1.5272720868770893,1.6870789527893066
15,retrain_without_noise_0,22,1.4943179900829608,1.7451282143592834
15,retrain_without_noise_0,23,1.4959580989984365,1.7211455702781675
15,retrain_without_noise_0,24,1.4905510590626645,1.7092308402061462
15,retrain_without_noise_0,25,1.4763882618684034,1.7206037044525146
15,retrain_without_noise_0,26,1.4766691372944758,1.706128478050232
15,retrain_without_noise_0,27,1.463942445241488,1.7472610473632812
15,retrain_without_noise_0,28,1.454476209787222,1.7043525576591492
15,retrain_without_noise_0,29,1.4714578298422007,1.672706127166748
15,retrain_without_noise_0,30,1.4339529275894165,1.696185052394867
15,retrain_without_noise_0,31,1.4312785038581262,1.6774905920028689
15,retrain_without_noise_0,32,1.4366385478239794,1.6941190958023071
15,retrain_without_noise_0,33,1.4255302961056049,1.6957005262374878
15,retrain_without_noise_0,34,1.4246292205957265,1.6754295825958252
15,retrain_without_noise_0,35,1.4399269544161284,1.6861030459403992
15,retrain_without_noise_0,36,1.4232660715396588,1.7076300382614136
15,retrain_without_noise_0,37,1.3982798869793231,1.6958560943603516
15,retrain_without_noise_0,38,1.4108644448793852,1.6869316697120669
15,retrain_without_noise_0,39,1.3912124908887422,1.6959069967269895
15,retrain_without_noise_0,40,1.399707161463224,1.716110646724701
15,retrain_without_noise_0,41,1.395618750498845,1.6872289180755615
15,retrain_without_noise_0,42,1.392409113737253,1.7788308262825012
15,retrain_without_noise_0,43,1.3867549346043513,1.6642717123031616
15,retrain_without_noise_0,44,1.3707756904455333,1.6840103268623352
15,retrain_without_noise_0,45,1.3626668820014367,1.6908753514289856
15,retrain_without_noise_0,46,1.3721209947879498,1.7256804704666138
15,retrain_without_noise_0,47,1.3599130465434148,1.705670714378357
15,retrain_without_noise_0,48,1.350617032784682,1.7216641306877136
15,retrain_without_noise_0,49,1.354351703937237,1.7149766683578491
15,retrain_without_noise_0,50,1.3504352936377892,1.709196150302887
15,retrain_without_noise_0,51,1.3480359040773833,1.7152460217475891
15,retrain_without_noise_0,52,1.3516572530453022,1.73692125082016
15,retrain_without_noise_0,53,1.34541301543896,1.6636159420013428
15,retrain_without_noise_0,54,1.334376151745136,1.6816192269325256
15,retrain_without_noise_0,55,1.3178117458636944,1.7030729055404663
15,retrain_without_noise_0,56,1.3256103992462158,1.6917980909347534
15,retrain_without_noise_0,57,1.3155271181693444,1.7250158190727234
15,retrain_without_noise_0,58,1.3096866515966563,1.7153061628341677
15,retrain_without_noise_0,59,1.3627100724440355,1.6675763130187988
15,retrain_without_noise_0,60,1.3487286751086895,1.7774839997291565
15,retrain_without_noise_0,61,1.3499445365025446,1.7781547904014587
15,retrain_without_noise_0,62,1.3188907549931452,1.7136026620864868
15,retrain_without_noise_0,63,1.308075317969689,1.818253576755524
15,retrain_without_noise_0,64,1.3063334776804998,1.720508337020874
15,retrain_without_noise_0,65,1.3146926164627075,1.7644321918487549
15,retrain_without_noise_0,66,1.2985159708903389,1.6860072016716003
15,retrain_without_noise_0,67,1.284864874986502,1.747603476047516
15,retrain_without_noise_0,68,1.2751380113454966,1.7884753346443176
15,retrain_without_noise_0,69,1.298200643979586,1.712832808494568
15,retrain_without_noise_0,70,1.289618391257066,1.8165578842163088
15,retrain_without_noise_0,71,1.3064570426940918,1.6768147349357605
15,retrain_without_noise_0,72,1.2680038672227123,1.7583943605422974
15,retrain_without_noise_0,73,1.2680683319385235,1.7210091352462769
15,retrain_without_noise_0,74,1.2475281311915472,1.7087064981460571
15,retrain_without_noise_0,75,1.249024721292349,1.7003812789916992
15,retrain_without_noise_0,76,1.251844360278203,1.7185155749320984
15,retrain_without_noise_0,77,1.229541806074289,1.7146006226539612
15,retrain_without_noise_0,78,1.2469170643733098,1.709362506866455
50,masked_npe,0,5.124806000636174,4.856747388839722
50,masked_npe,1,4.865462633279654,4.736521720886231
50,masked_npe,2,4.706743863912729,4.5439159870147705
50,masked_npe,3,4.523175569681021,4.363402366638184
50,masked_npe,4,4.344599980574388,4.240887641906738
50,masked_npe,5,4.24374980192918,4.218755483627319
50,masked_npe,6,4.191176487849309,4.170882701873779
50,masked_npe,7,4.154840836158166,4.121498107910156
50,masked_npe,8,4.142401218414307,4.093984365463257
50,masked_npe,9,4.135192907773531,4.111229419708252
50,masked_npe,10,4.107231635313768,4.075143814086914
50,masked_npe,11,4.090796360602746,4.094425439834595
50,masked_npe,12,4.078736708714412,4.075948357582092
50,masked_npe,13,4.0330119499793415,3.915549993515015
50,masked_npe,14,3.984126347761888,3.9965882301330566
50,masked_npe,15,3.9562739775731015,3.951967239379883
50,masked_npe,16,3.91403865814209,3.9636656045913696
50,masked_npe,17,3.8858021956223694,3.862380862236023
50,masked_npe,18,3.8694792160621057,3.802711844444275
50,masked_npe,19,3.882692575454712,3.835374474525452
50,masked_npe,20,3.810509369923518,3.801388382911682
50,masked_npe,21,3.781788734289316,3.758372068405152
50,masked_npe,22,3.7647694807786207,3.734720230102539
50,masked_npe,23,3.727225578748263,3.763697743415833
50,masked_npe,24,3.6831725927499614,3.747537136077881
50,masked_npe,25,3.650565807635968,3.7053723335266113
50,masked_npe,26,3.667692441206712,3.66353178024292
50,masked_npe,27,3.584895665828998,3.640128016471863
50,masked_npe,28,3.601311225157517,3.621412873268128
50,masked_npe,29,3.578279183461116,3.592602252960205
50,masked_npe,30,3.5641717177170973,3.613086938858032
50,masked_npe,31,3.5534040927886963,3.6053372621536255
50,masked_npe,32,3.585788341668936,3.583857297897339
50,masked_npe,33,3.538688347889827,3.616607904434204
50,masked_npe,34,3.539254206877488,3.539825201034546
50,masked_npe,35,3.532337995675894,3.5609710216522217
50,masked_npe,36,3.5087430477142334,3.5855472087860107
50,masked_npe,37,3.515848214809711,3.5387091636657715
50,masked_npe,38,3.522651800742516,3.582075476646424
50,masked_npe,39,3.500303965348464,3.5512454509735107
50,masked_npe,40,3.504693104670598,3.537249565124512
50,masked_npe,41,3.450584595020001,3.5425503253936768
50,masked_npe,42,3.4854587408212514,3.5320851802825928
50,masked_npe,43,3.4996664707477274,3.5830856561660767
50,masked_npe,44,3.4977789108569803,3.5340771675109863
50,masked_npe,45,3.521253952613244,3.5867286920547485
50,masked_npe,46,3.527063223031851,3.553194999694824
50,masked_npe,47,3.4828536877265344,3.4754139184951782
50,masked_npe,48,3.4592090203211856,3.5230581760406494
50,masked_npe,49,3.4531432481912465,3.526532769203186
50,masked_npe,50,3.5111660957336426,3.5294830799102783
50,masked_npe,51,3.4651424334599423,3.516865491867065
50,masked_npe,52,3.480269982264592,3.531428098678589
50,masked_npe,53,3.4731159393603983,3.548245072364807
50,masked_npe,54,3.469665490663969,3.5466115474700928
50,masked_npe,55,3.4836073838747463,3.5255523920059204
50,masked_npe,56,3.4761856702657847,3.534343957901001
50,masked_npe,57,3.4830630008990946,3.501115798950196
50,masked_npe,58,3.4505057151501,3.49834144115448
50,masked_npe,59,3.481518727082473,3.5406882762908936
50,masked_npe,60,3.468125893519475,3.508150696754456
50,masked_npe,61,3.4647014874678392,3.5512531995773315
50,masked_npe,62,3.450718714640691,3.54301917552948
50,masked_npe,63,3.465274682411781,3.4797356128692627
50,masked_npe,64,3.4569624203902025,3.4676592350006104
50,masked_npe,65,3.4318527625157285,3.519503235816956
50,masked_npe,66,3.465339734004094,3.4769155979156494
50,masked_npe,67,3.485119031025813,3.501711845397949
50,masked_npe,68,3.434485288766714,3.510649442672729
50,masked_npe,69,3.4907642878018894,3.485693097114563
50,masked_npe,70,3.467977157005897,3.486695170402527
50,masked_npe,71,3.467054953941932,3.473357081413269
50,masked_npe,72,3.456482172012329,3.532323718070984
50,masked_npe,73,3.461219897637001,3.534037232398987
50,masked_npe,74,3.4335421048677883,3.4876022338867188
50,masked_npe,75,3.467224176113422,3.4875752925872803
50,masked_npe,76,3.428393107194167,3.504501819610596
50,masked_npe,77,3.460272293824416,3.541065692901612
50,masked_npe,78,3.449879793020396,3.524097681045532
50,masked_npe,79,3.4345448383918176,3.5052562952041626
50,masked_npe,80,3.448942991403433,3.461062788963318
50,masked_npe,81,3.446534651976365,3.50281834602356
50,masked_npe,82,3.450828919043908,3.493225812911988
50,masked_npe,83,3.430255651473999,3.47532856464386
50,masked_npe,84,3.437855151983408,3.534013509750366
50,masked_npe,85,3.4777806722200832,3.468679189682007
50,masked_npe,86,3.40264525780311,3.5007494688034058
50,masked_npe,87,3.409399050932664,3.516538143157959
50,masked_npe,88,3.4514716221736026,3.495856046676636
50,masked_npe,89,3.4385134073404164,3.515067338943481
50,masked_npe,90,3.455784981067364,3.495741367340088
50,masked_npe,91,3.4119891203366794,3.5165860652923584
50,masked_npe,92,3.4205003885122447,3.495158672332764
50,masked_npe,93,3.4295878410339355,3.5302494764328003
50,masked_npe,94,3.43470338674692,3.582602858543396
50,masked_npe,95,3.4035566403315616,3.5277429819107056
50,masked_npe,96,3.397326579460731,3.474231123924256
50,masked_npe,97,3.399571950619037,3.491505265235901
50,masked_npe,98,3.4125421047210693,3.4988969564437866
50,masked_npe,99,3.42431640625,3.50712788105011
50,masked_npe,100,3.4089634601886454,3.503647327423096
50,masked_npe,101,3.4347074031829834,3.5100467205047607
50,masked_npe,102,3.4259516459244947,3.4998931884765625
50,masked_npe,103,3.3949184050926795,3.488868474960327
50,masked_npe,104,3.453686255675096,3.5061248540878296
50,masked_npe,105,3.401467910179725,3.5563565492630005
50,dedicated_npe,0,5.048706274766189,4.717201232910156
50,dedicated_npe,1,4.525159138899583,4.2803168296813965
50,dedicated_npe,2,4.0860604506272535,3.8161267042160034
50,dedicated_npe,3,3.588873661481417,3.3588967323303223
50,dedicated_npe,4,3.2185185505793643,3.0192283391952515
50,dedicated_npe,5,2.645786560498751,2.455276846885681
50,dedicated_npe,6,2.1008876653817983,2.1432414054870605
50,dedicated_npe,7,1.9141548413496752,1.9817169904708865
50,dedicated_npe,8,1.8327934375176065,1.929271221160889
50,dedicated_npe,9,1.7585643529891968,1.890932500362396
50,dedicated_npe,10,1.7085812917122474,1.8273307085037231
50,dedicated_npe,11,1.6648854384055505,1.861988544464112
50,dedicated_npe,12,1.6613721480736363,1.818091869354248
50,dedicated_npe,13,1.635710514508761,1.7835492491722107
50,dedicated_npe,14,1.620209235411424,1.811778545379639
50,dedicated_npe,15,1.5908766251343949,1.8365612626075745
50,dedicated_npe,16,1.6312048160112822,1.8335580229759216
50,dedicated_npe,17,1.570013899069566,1.7926267981529236
50,dedicated_npe,18,1.5506077179541955,1.7800703644752502
50,dedicated_npe,19,1.5473323326844437,1.7784560918807983
50,dedicated_npe,20,1.5458393463721642,1.830205321311951
50,dedicated_npe,21,1.5264798586185162,1.7854974269866943
50,dedicated_npe,22,1.4983749297948985,1.797431230545044
50,dedicated_npe,23,1.4919602595842802,1.7774924635887146
50,dedicated_npe,24,1.4835525292616625,1.7452486157417295
50,dedicated_npe,25,1.4890979895224938,1.7848085165023804
50,dedicated_npe,26,1.4817111858954797,1.7036026120185852
50,dedicated_npe,27,1.4530573441432073,1.793546974658966
50,dedicated_npe,28,1.4413931461480949,1.7802724838256836
50,dedicated_npe,29,1.439522229708158,1.703000783920288
50,dedicated_npe,30,1.4308669108610887,1.7642511129379272
50,dedicated_npe,31,1.4250073524621816,1.8035559058189392
50,dedicated_npe,32,1.421353349318871,1.7429982423782349
50,dedicated_npe,33,1.4605216613182654,1.7835885882377625
50,dedicated_npe,34,1.4114078283309937,1.7662956714630127
50,dedicated_npe,35,1.4094663308216977,1.742195546627045
50,dedicated_npe,36,1.398817704274104,1.8451579213142395
50,dedicated_npe,37,1.3951410605357244,1.7489107251167295
50,dedicated_npe,38,1.3764904645773082,1.7587582468986511
50,dedicated_npe,39,1.368003065769489,1.7825012803077698
50,dedicated_npe,40,1.3660038251143236,1.7901349067687988
50,dedicated_npe,41,1.371058308161222,1.7687988877296448
50,dedicated_npe,42,1.3855709387705877,1.86212819814682
50,dedicated_npe,43,1.3871595492729774,1.820363223552704
50,dedicated_npe,44,1.346010162280156,1.782618761062622
50,dedicated_npe,45,1.351274508696336,1.823700189590454
50,dedicated_npe,46,1.3567449496342583,1.808096826076508
50,dedicated_npe,47,1.3484830122727611,1.801912426948548
50,dedicated_npe,48,1.3200725592099702,1.7471905946731567
50,dedicated_npe,49,1.3288835011995757,1.81020987033844
50,dedicated_npe,50,1.4223631161909838,1.9917478561401367
50,dedicated_npe,51,1.341461181640625,1.7944464683532717
50,dedicated_npe,52,1.3111770519843469,1.8454341888427728
50,dedicated_npe,53,1.3003677771641655,1.837706446647644
50,dedicated_npe,54,1.3198665105379546,1.8462921380996704
50,retrain_without_f1_strong_t1,0,5.052447355710543,4.683424711227417
50,retrain_without_f1_strong_t1,1,4.55506680561946,4.351773738861084
50,retrain_without_f1_strong_t1,2,4.161396723527175,3.932155132293701
50,retrain_without_f1_strong_t1,3,3.802005052566528,3.644608497619629
50,retrain_without_f1_strong_t1,4,3.645335894364577,3.6604909896850586
50,retrain_without_f1_strong_t1,5,3.579922309288612,3.586341142654419
50,retrain_without_f1_strong_t1,6,3.5203978465153623,3.543809175491333
50,retrain_without_f1_strong_t1,7,3.479880076188308,3.5281903743743896
50,retrain_without_f1_strong_t1,8,3.46525291296152,3.5126662254333496
50,retrain_without_f1_strong_t1,9,3.4506138471456675,3.5506861209869385
50,retrain_without_f1_strong_t1,10,3.43644037613502,3.5241026878356934
50,retrain_without_f1_strong_t1,11,3.421051703966581,3.5218210220336914
50,retrain_without_f1_strong_t1,12,3.397092654154851,3.546954870223999
50,retrain_without_f1_strong_t1,13,3.39639713213994,3.552174568176269
50,retrain_without_f1_strong_t1,14,3.385576064770038,3.540205121040344
50,retrain_without_f1_strong_t1,15,3.3736929710094747,3.5486741065979004
50,retrain_without_f1_strong_t1,16,3.3694477631495547,3.5077898502349854
50,retrain_without_f1_strong_t1,17,3.3563985457787147,3.5220075845718384
50,retrain_without_f1_strong_t1,18,3.3510364385751576,3.526733040809632
50,retrain_without_f1_strong_t1,19,3.3480601494128885,3.5121548175811768
50,retrain_without_f1_strong_t1,20,3.3339580389169545,3.5580053329467773
50,retrain_without_f1_strong_t1,21,3.3359279999366174,3.520802021026612
50,retrain_without_f1_strong_t1,22,3.3318962500645566,3.541758179664612
50,retrain_without_f1_strong_t1,23,3.324140640405508,3.539384603500366
50,retrain_without_f1_strong_t1,24,3.3149639459756703,3.500515341758728
50,retrain_without_f1_strong_t1,25,3.308118086594802,3.519884943962097
50,retrain_without_f1_strong_t1,26,3.3004759641794057,3.4777214527130127
50,retrain_without_f1_strong_t1,27,3.295056544817411,3.538510322570801
50,retrain_without_f1_strong_t1,28,3.287431533520038,3.559368133544922
50,retrain_without_f1_strong_t1,29,3.275908433474027,3.4996520280838013
50,retrain_without_f1_strong_t1,30,3.261318225127,3.5565192699432373
50,retrain_without_f1_strong_t1,31,3.265628429559561,3.530248522758484
50,retrain_without_f1_strong_t1,32,3.248432654600877,3.532362222671509
50,retrain_without_f1_strong_t1,33,3.2448593286367564,3.570056915283203
50,retrain_without_f1_strong_t1,34,3.240021302149846,3.526888012886048
50,retrain_without_f1_strong_t1,35,3.237370546047504,3.5699962377548218
50,retrain_without_f1_strong_t1,36,3.2450572894169736,3.5247652530670166
50,retrain_without_f1_strong_t1,37,3.2335607822124777,3.5868014097213745
50,retrain_without_f1_strong_t1,38,3.222910587604229,3.587394595146179
50,retrain_without_f1_strong_t1,39,3.217741691149198,3.570043921470642
50,retrain_without_f1_strong_t1,40,3.2074087216303897,3.6022560596466064
50,retrain_without_f1_strong_t1,41,3.186840369151189,3.53093695640564
50,retrain_without_f1_strong_t1,42,3.1928241436298075,3.584280014038086
50,retrain_without_f1_strong_t1,43,3.187953985654391,3.5756778717041016
50,retrain_without_f1_strong_t1,44,3.182784630702092,3.604318857192993
50,retrain_without_f1_strong_t1,45,3.18108947460468,3.624714136123657
50,retrain_without_f1_strong_t1,46,3.167866670168363,3.599191784858704
50,retrain_without_f1_strong_t1,47,3.162004287426288,3.6190518140792847
50,retrain_without_f1_strong_t1,48,3.1639457115760217,3.5926902294158936
50,retrain_without_f1_strong_t1,49,3.154763625218318,3.600587248802185
50,retrain_without_f1_strong_t1,50,3.137159457573524,3.627369165420532
50,retrain_without_f1_strong_t1,51,3.124068260192871,3.603225350379944
50,retrain_without_f2_strong_t2,0,5.077013859382043,4.737799167633057
50,retrain_without_f2_strong_t2,1,4.634595981011024,4.483200788497925
50,retrain_without_f2_strong_t2,2,4.3345489501953125,4.180422067642212
50,retrain_without_f2_strong_t2,3,4.110283558185284,4.000220417976379
50,retrain_without_f2_strong_t2,4,3.8633538026076097,3.667535185813904
50,retrain_without_f2_strong_t2,5,3.2444463693178616,2.8818246126174927
50,retrain_without_f2_strong_t2,6,2.75771216245798,2.754762291908264
50,retrain_without_f2_strong_t2,7,2.6376681327819824,2.647562623023987
50,retrain_without_f2_strong_t2,8,2.529290676116944,2.6731553077697754
50,retrain_without_f2_strong_t2,9,2.5058179818666897,2.564980387687683
50,retrain_without_f2_strong_t2,10,2.451172186778142,2.5423914194107056
50,retrain_without_f2_strong_t2,11,2.424666716502263,2.5666866302490234
50,retrain_without_f2_strong_t2,12,2.3919159449063816,2.564752578735352
50,retrain_without_f2_strong_t2,13,2.392654162186843,2.555666208267212
50,retrain_without_f2_strong_t2,14,2.399175075384287,2.5456857681274414
50,retrain_without_f2_strong_t2,15,2.3996562224168043,2.590794801712036
50,retrain_without_f2_strong_t2,16,2.3670271176558275,2.4771456718444824
50,retrain_without_f2_strong_t2,17,2.3358504405388465,2.542438507080078
50,retrain_without_f2_strong_t2,18,2.3132127798520603,2.5295181274414062
50,retrain_without_f2_strong_t2,19,2.3232843509087195,2.566671133041382
50,retrain_without_f2_strong_t2,20,2.311114347898043,2.541379928588867
50,retrain_without_f2_strong_t2,21,2.294912338256836,2.547248601913452
50,retrain_without_f2_strong_t2,22,2.28394655080942,2.5037139654159546
50,retrain_without_f2_strong_t2,23,2.28141817679772,2.5459556579589844
50,retrain_without_f2_strong_t2,24,2.266307445672842,2.468338966369629
50,retrain_without_f2_strong_t2,25,2.2594835941608133,2.4850573539733887
50,retrain_without_f2_strong_t2,26,2.259679720951961,2.456857919692993
50,retrain_without_f2_strong_t2,27,2.264571501658513,2.510893225669861
50,retrain_without_f2_strong_t2,28,2.269851482831515,2.5835976600646973
50,retrain_without_f2_strong_t2,29,2.28603040255033,2.4815324544906616
50,retrain_without_f2_strong_t2,30,2.244509605260996,2.514389395713806
50,retrain_without_f2_strong_t2,31,2.236314901938805,2.530824899673462
50,retrain_without_f2_strong_t2,32,2.2234817835000844,2.4854085445404053
50,retrain_without_f2_strong_t2,33,2.205770345834585,2.558119416236877
50,retrain_without_f2_strong_t2,34,2.232650683476374,2.48443865776062
50,retrain_without_f2_strong_t2,35,2.2329295048346887,2.489073634147644
50,retrain_without_f2_strong_t2,36,2.218797647036039,2.54026746749878
50,retrain_without_f2_strong_t2,37,2.19700734431927,2.526839017868042
50,retrain_without_f2_strong_t2,38,2.1879043945899377,2.53416109085083
50,retrain_without_f2_strong_t2,39,2.197621382199801,2.536689877510071
50,retrain_without_f2_strong_t2,40,2.2178923716911902,2.551580309867859
50,retrain_without_f2_strong_t2,41,2.1627566997821512,2.4953404664993286
50,retrain_without_f2_strong_t2,42,2.165666488500742,2.512859344482422
50,retrain_without_f2_strong_t2,43,2.1670091518988976,2.525295853614807
50,retrain_without_f2_strong_t2,44,2.1593258747687707,2.5293209552764893
50,retrain_without_f2_strong_t2,45,2.1564329587496243,2.5175857543945312
50,retrain_without_f2_strong_t2,46,2.146082217876728,2.532845497131348
50,retrain_without_f2_strong_t2,47,2.14091863999,2.532767534255981
50,retrain_without_f2_strong_t2,48,2.152846097946167,2.5116305351257324
50,retrain_without_f2_strong_t2,49,2.124019604462844,2.535649299621582
50,retrain_without_f2_strong_t2,50,2.126329550376305,2.60133695602417
50,retrain_without_f2_strong_t2,51,2.153946197949923,2.506369113922119
50,retrain_without_f3_dup_a,0,5.084270880772517,4.7226762771606445
50,retrain_without_f3_dup_a,1,4.579707219050481,4.358264446258545
50,retrain_without_f3_dup_a,2,4.131385949941782,3.832677483558655
50,retrain_without_f3_dup_a,3,3.635488436772273,3.378072500228882
50,retrain_without_f3_dup_a,4,3.2405759004446177,3.019184827804565
50,retrain_without_f3_dup_a,5,2.547410561488225,2.220747470855713
50,retrain_without_f3_dup_a,6,2.069274994043204,2.013621091842652
50,retrain_without_f3_dup_a,7,1.9185388730122488,1.924357712268829
50,retrain_without_f3_dup_a,8,1.8183898100486169,1.92448490858078
50,retrain_without_f3_dup_a,9,1.7741035039608295,1.859720587730408
50,retrain_without_f3_dup_a,10,1.7250358416483953,1.8745329976081848
50,retrain_without_f3_dup_a,11,1.6863959844295795,1.827397346496582
50,retrain_without_f3_dup_a,12,1.6517890324959388,1.8291292786598208
50,retrain_without_f3_dup_a,13,1.6229840792142427,1.8444055914878843
50,retrain_without_f3_dup_a,14,1.6049729860745945,1.8172457218170168
50,retrain_without_f3_dup_a,15,1.6060913984592144,1.8387548327445984
50,retrain_without_f3_dup_a,16,1.5937210688224206,1.7383406162261963
50,retrain_without_f3_dup_a,17,1.5979273777741652,1.790277361869812
50,retrain_without_f3_dup_a,18,1.5399804298694315,1.803218305110932
50,retrain_without_f3_dup_a,19,1.5562597146401038,1.8352540731430047
50,retrain_without_f3_dup_a,20,1.5410216129743135,1.7954587936401367
50,retrain_without_f3_dup_a,21,1.515592749302204,1.7462759017944336
50,retrain_without_f3_dup_a,22,1.512267332810622,1.7484325766563416
50,retrain_without_f3_dup_a,23,1.508247659756587,1.8081568479537964
50,retrain_without_f3_dup_a,24,1.5009587819759662,1.7573834657669067
50,retrain_without_f3_dup_a,25,1.4847095746260424,1.7441641688346865
50,retrain_without_f3_dup_a,26,1.486268474505498,1.7360567450523376
50,retrain_without_f3_dup_a,27,1.4961526485589831,1.756381332874298
50,retrain_without_f3_dup_a,28,1.4704644221525929,1.761833667755127
50,retrain_without_f3_dup_a,29,1.4678190763180072,1.733676016330719
50,retrain_without_f3_dup_a,30,1.4504845692561223,1.7851079106330872
50,retrain_without_f3_dup_a,31,1.456579666871291,1.7827848196029663
50,retrain_without_f3_dup_a,32,1.4533016956769502,1.7235907316207886
50,retrain_without_f3_dup_a,33,1.4305052757263184,1.832906424999237
50,retrain_without_f3_dup_a,34,1.4799718581713164,1.7410743236541748
50,retrain_without_f3_dup_a,35,1.434300340138949,1.8140986561775208
50,retrain_without_f3_dup_a,36,1.4303149260007415,1.759089469909668
50,retrain_without_f3_dup_a,37,1.4120393349574163,1.7941470742225647
50,retrain_without_f3_dup_a,38,1.4116014884068415,1.7889631390571594
50,retrain_without_f3_dup_a,39,1.4259717922944288,1.791151523590088
50,retrain_without_f3_dup_a,40,1.434750300187331,1.7870194911956787
50,retrain_without_f3_dup_a,41,1.3869259449151845,1.7504518628120422
50,retrain_without_f3_dup_a,42,1.3999981788488536,1.7612013816833496
50,retrain_without_f3_dup_a,43,1.3973411229940562,1.767528235912323
50,retrain_without_f3_dup_a,44,1.4061893133016734,1.830341100692749
50,retrain_without_f3_dup_a,45,1.4322404678051288,1.7945531606674194
50,retrain_without_f3_dup_a,46,1.406272475536053,1.7483919858932495
50,retrain_without_f3_dup_a,47,1.3929769626030557,1.7642901539802551
50,retrain_without_f3_dup_a,48,1.376691882426922,1.813852310180664
50,retrain_without_f3_dup_a,49,1.370364363376911,1.7804569602012634
50,retrain_without_f3_dup_a,50,1.3586952227812548,1.8010184168815613
50,retrain_without_f3_dup_a,51,1.378429963038518,1.7550738453865051
50,retrain_without_f3_dup_a,52,1.368596572142381,1.7777252197265625
50,retrain_without_f3_dup_a,53,1.3484764649317815,1.7971187829971311
50,retrain_without_f3_dup_a,54,1.3288105909640973,1.792239785194397
50,retrain_without_f3_dup_a,55,1.3576701421004076,1.7901517152786257
50,retrain_without_f3_dup_a,56,1.3285581882183368,1.788575291633606
50,retrain_without_f3_dup_a,57,1.328830856543321,1.7984769344329834
50,retrain_without_f4_dup_b,0,5.083928071535551,4.723066568374634
50,retrain_without_f4_dup_b,1,4.579588743356558,4.3563618659973145
50,retrain_without_f4_dup_b,2,4.130894000713642,3.832648754119873
50,retrain_without_f4_dup_b,3,3.633937560594999,3.378344178199768
50,retrain_without_f4_dup_b,4,3.238632917404175,3.018308997154236
50,retrain_without_f4_dup_b,5,2.5618152068211484,2.205272674560547
50,retrain_without_f4_dup_b,6,2.260719354336078,2.104167461395264
50,retrain_without_f4_dup_b,7,2.0101022261839647,1.975323975086212
50,retrain_without_f4_dup_b,8,1.8911855129095223,1.9920383095741272
50,retrain_without_f4_dup_b,9,1.8080139710352967,1.8881072998046875
50,retrain_without_f4_dup_b,10,1.7217865540431097,1.8735433220863345
50,retrain_without_f4_dup_b,11,1.69112045948322,1.857658565044403
50,retrain_without_f4_dup_b,12,1.6494309168595531,1.838736593723297
50,retrain_without_f4_dup_b,13,1.6291545171004076,1.8475216031074524
50,retrain_without_f4_dup_b,14,1.6065278144983144,1.817396938800812
50,retrain_without_f4_dup_b,15,1.5948812319682195,1.858627200126648
50,retrain_without_f4_dup_b,16,1.637544109271123,1.8239606022834776
50,retrain_without_f4_dup_b,17,1.5635193953147302,1.817520022392273
50,retrain_without_f4_dup_b,18,1.555916089278001,1.8231404423713684
50,retrain_without_f4_dup_b,19,1.554606556892395,1.834824800491333
50,retrain_without_f4_dup_b,20,1.543852760241582,1.8209564089775083
50,retrain_without_f4_dup_b,21,1.516964288858267,1.7566261291503906
50,retrain_without_f4_dup_b,22,1.510579989506648,1.7744399309158323
50,retrain_without_f4_dup_b,23,1.5121550743396466,1.821893334388733
50,retrain_without_f4_dup_b,24,1.5012201804381151,1.7837445139884949
50,retrain_without_f4_dup_b,25,1.492469989336454,1.7668659687042236
50,retrain_without_f4_dup_b,26,1.4981096982955933,1.7544835805892944
50,retrain_without_f4_dup_b,27,1.490449410218459,1.7926878333091736
50,retrain_without_f4_dup_b,28,1.4708722646419818,1.7844841480255127
50,retrain_without_f4_dup_b,29,1.4589302448125987,1.7420378923416138
50,retrain_without_f4_dup_b,30,1.448882900751554,1.7936328649520874
50,retrain_without_f4_dup_b,31,1.4524845068271344,1.7996522188186646
50,retrain_without_f4_dup_b,32,1.4311996423281157,1.783668577671051
50,retrain_without_f4_dup_b,33,1.4279429545769324,1.8613290786743164
50,retrain_without_f4_dup_b,34,1.414907923111549,1.726085543632507
50,retrain_without_f4_dup_b,35,1.4111710144923284,1.7860042452812197
50,retrain_without_f4_dup_b,36,1.429090215609624,1.768076717853546
50,retrain_without_f4_dup_b,37,1.3988215923309326,1.7955493330955503
50,retrain_without_f4_dup_b,38,1.3989621951029851,1.81585693359375
50,retrain_without_f4_dup_b,39,1.418090490194467,1.7985700368881226
50,retrain_without_f4_dup_b,40,1.4254812460679274,1.8005660772323608
50,retrain_without_f4_dup_b,41,1.37454380438878,1.7397820949554443
50,retrain_without_f4_dup_b,42,1.3776228244488056,1.7452259063720703
50,retrain_without_f4_dup_b,43,1.3704398320271418,1.7768322825431824
50,retrain_without_f4_dup_b,44,1.3752031509692852,1.7909575700759888
50,retrain_without_f4_dup_b,45,1.3740390355770404,1.7812774777412417
50,retrain_without_f4_dup_b,46,1.3694232243757982,1.762716293334961
50,retrain_without_f4_dup_b,47,1.3536467001988337,1.778385579586029
50,retrain_without_f4_dup_b,48,1.344730267157921,1.803941011428833
50,retrain_without_f4_dup_b,49,1.3482367075406587,1.8594425320625303
50,retrain_without_f4_dup_b,50,1.3599919814329882,1.781449556350708
50,retrain_without_f4_dup_b,51,1.3339618077644937,1.7855907082557678
50,retrain_without_f4_dup_b,52,1.3353171073473418,1.8014079332351685
50,retrain_without_f4_dup_b,53,1.3459817812992976,1.8544597625732424
50,retrain_without_f4_dup_b,54,1.3219174513450036,1.803566098213196
50,retrain_without_f4_dup_b,55,1.347377346112178,1.837212026119232
50,retrain_without_f4_dup_b,56,1.3681604862213137,1.831705272197724
50,retrain_without_f4_dup_b,57,1.3151439611728375,1.822147250175476
50,retrain_without_f4_dup_b,58,1.3063945586864765,1.8625459671020508
50,retrain_without_f4_dup_b,59,1.3130594400259166,1.7732173204421997
50,retrain_without_f5_null,0,5.09009757408729,4.718464374542236
50,retrain_without_f5_null,1,4.561309080857497,4.316513776779175
50,retrain_without_f5_null,2,4.097814376537617,3.811861515045166
50,retrain_without_f5_null,3,3.6162024461306057,3.370975375175476
50,retrain_without_f5_null,4,3.2289398450117845,3.0010733604431152
50,retrain_without_f5_null,5,2.528522784893329,2.1850032806396484
50,retrain_without_f5_null,6,2.091374268898597,2.0670599937438965
50,retrain_without_f5_null,7,1.9257679719191327,1.9545869827270508
50,retrain_without_f5_null,8,1.8066746730070848,1.9172154664993288
50,retrain_without_f5_null,9,1.7462504093463604,1.846629559993744
50,retrain_without_f5_null,10,1.6997723579406738,1.841065764427185
50,retrain_without_f5_null,11,1.6717192759880652,1.8051547408103945
50,retrain_without_f5_null,12,1.637825140586266,1.8326894640922544
50,retrain_without_f5_null,13,1.6290599016042857,1.830984115600586
50,retrain_without_f5_null,14,1.6012087418482854,1.7846580743789673
50,retrain_without_f5_null,15,1.58117859180157,1.8000009059906006
50,retrain_without_f5_null,16,1.595614506648137,1.7163284420967102
50,retrain_without_f5_null,17,1.6151750271136944,1.7573617696762085
50,retrain_without_f5_null,18,1.5265618470998912,1.8019990921020508
50,retrain_without_f5_null,19,1.5383702149757972,1.7488611936569214
50,retrain_without_f5_null,20,1.5275475336955144,1.7751967906951904
50,retrain_without_f5_null,21,1.5447029975744395,1.7260122895240784
50,retrain_without_f5_null,22,1.5222883132787852,1.7959842085838318
50,retrain_without_f5_null,23,1.5185641875633826,1.804564118385315
50,retrain_without_f5_null,24,1.513564604979295,1.711310625076294
50,retrain_without_f5_null,25,1.4805902792857244,1.710182547569275
50,retrain_without_f5_null,26,1.4803176476405218,1.7070416808128357
50,retrain_without_f5_null,27,1.4825735367261446,1.7286962270736694
50,retrain_without_f5_null,28,1.4617892870536218,1.743713617324829
50,retrain_without_f5_null,29,1.4617940095754771,1.7093775272369385
50,retrain_without_f5_null,30,1.4524068465599649,1.7394890785217283
50,retrain_without_f5_null,31,1.4503715588496282,1.75291109085083
50,retrain_without_f5_null,32,1.4387637285085826,1.716886341571808
50,retrain_without_f5_null,33,1.4143842550424428,1.8116596937179563
50,retrain_without_f5_null,34,1.42269334426293,1.6884958148002625
50,retrain_without_f5_null,35,1.4098591529406037,1.7451929450035095
50,retrain_without_f5_null,36,1.4318844079971311,1.7384599447250366
50,retrain_without_f5_null,37,1.4060255747575026,1.7635539770126345
50,retrain_without_f5_null,38,1.4033800546939557,1.750553548336029
50,retrain_without_f5_null,39,1.413952506505526,1.7734699249267578
50,retrain_without_f5_null,40,1.4447604142702544,1.780981361865997
50,retrain_without_f5_null,41,1.387434455064627,1.6785316467285156
50,retrain_without_f5_null,42,1.3764082193374634,1.7250248789787292
50,retrain_without_f5_null,43,1.3919260776959932,1.7286052107810974
50,retrain_without_f5_null,44,1.3843804322756257,1.7695437669754028
50,retrain_without_f5_null,45,1.3836942636049712,1.7609227895736694
50,retrain_without_f5_null,46,1.368900702549861,1.7232405543327332
50,retrain_without_f5_null,47,1.359065028337332,1.742057204246521
50,retrain_without_f5_null,48,1.3642351352251494,1.776242733001709
50,retrain_without_f5_null,49,1.3673415184020996,1.7522552609443665
50,retrain_without_f5_null,50,1.353134787999667,1.7717479467391968
50,retrain_without_f5_null,51,1.3685172246052668,1.7566511034965515
50,retrain_without_f5_null,52,1.3830639674113347,1.743437647819519
50,retrain_without_f5_null,53,1.340059262055617,1.7809199690818789
50,retrain_without_f5_null,54,1.341952837430514,1.7932912707328796
50,retrain_without_f5_null,55,1.374636200758127,1.7294807434082031
50,retrain_without_f5_null,56,1.3357678651809692,1.7817907333374023
50,retrain_without_f5_null,57,1.3217760232778697,1.779083430767059
50,retrain_without_f5_null,58,1.3171826967826257,1.79034423828125
50,retrain_without_f5_null,59,1.3163751913950994,1.743588089942932
50,retrain_without_f5_null,60,1.320599886087271,1.817890703678131
50,retrain_without_f5_null,61,1.314802646636963,1.7361215949058533
50,retrain_without_f5_null,62,1.3299548167448778,1.80443686246872
50,retrain_without_f5_null,63,1.3354593515396118,1.8261202573776243
50,retrain_without_f5_null,64,1.3068013007824235,1.779582917690277
50,retrain_without_f5_null,65,1.2914913892745972,1.765106022357941
50,retrain_without_f5_null,66,1.292403872196491,1.802609622478485
50,retrain_without_f6_suppressor,0,5.094799261826736,4.7257702350616455
50,retrain_without_f6_suppressor,1,4.5631238130422735,4.328477621078491
50,retrain_without_f6_suppressor,2,4.116313145710872,3.862941026687622
50,retrain_without_f6_suppressor,3,3.7026309967041016,3.5091079473495483
50,retrain_without_f6_suppressor,4,3.512519909785344,3.5044251680374146
50,retrain_without_f6_suppressor,5,3.432120341521043,3.438937425613404
50,retrain_without_f6_suppressor,6,3.366459608078003,3.400076746940613
50,retrain_without_f6_suppressor,7,3.324164702342107,3.366715908050537
50,retrain_without_f6_suppressor,8,3.2985696425804725,3.364886164665222
50,retrain_without_f6_suppressor,9,3.28183625294612,3.399416923522949
50,retrain_without_f6_suppressor,10,3.262316557077261,3.385174036026001
50,retrain_without_f6_suppressor,11,3.253400105696458,3.368166208267212
50,retrain_without_f6_suppressor,12,3.227437661244319,3.415000319480896
50,retrain_without_f6_suppressor,13,3.223040122252244,3.413889169692993
50,retrain_without_f6_suppressor,14,3.2126671901116004,3.386276841163636
50,retrain_without_f6_suppressor,15,3.2027675005105825,3.420490384101868
50,retrain_without_f6_suppressor,16,3.193284493226272,3.364753842353821
50,retrain_without_f6_suppressor,17,3.183757837002094,3.394649744033813
50,retrain_without_f6_suppressor,18,3.1712556985708384,3.3975950479507446
50,retrain_without_f6_suppressor,19,3.1697002741006703,3.389994025230408
50,retrain_without_f6_suppressor,20,3.162764017398541,3.426594376564026
50,retrain_without_f6_suppressor,21,3.1590286034804125,3.387398600578308
50,retrain_without_f6_suppressor,22,3.151328655389639,3.396391630172729
50,retrain_without_f6_suppressor,23,3.148695413882916,3.404160976409912
50,retrain_without_f6_suppressor,24,3.1401089888352613,3.356856346130371
50,retrain_without_f6_suppressor,25,3.1307032658503604,3.385289669036865
50,retrain_without_f6_suppressor,26,3.124682609851544,3.3452497720718384
50,retrain_without_f6_suppressor,27,3.125463760816134,3.4051952362060547
50,retrain_without_f6_suppressor,28,3.118752076075628,3.4461971521377563
50,retrain_without_f6_suppressor,29,3.103444521243756,3.3734827041625977
50,retrain_without_f6_suppressor,30,3.094775016491229,3.4176830053329468
50,retrain_without_f6_suppressor,31,3.092918230937077,3.402932047843933
50,retrain_without_f6_suppressor,32,3.082190715349637,3.3848934173583984
50,retrain_without_f6_suppressor,33,3.074361746127789,3.4221938848495483
50,retrain_without_f6_suppressor,34,3.0792130323556752,3.385863661766052
50,retrain_without_f6_suppressor,35,3.0652320935175967,3.4422026872634888
50,retrain_without_f6_suppressor,36,3.069797570888813,3.3834986686706543
50,retrain_without_f6_suppressor,37,3.069732831074641,3.457152724266052
50,retrain_without_f6_suppressor,38,3.062260866165161,3.429649233818054
50,retrain_without_f6_suppressor,39,3.0459902653327355,3.419378757476806
50,retrain_without_f6_suppressor,40,3.0356254761035624,3.476724147796631
50,retrain_without_f6_suppressor,41,3.030283946257371,3.3941383361816406
50,retrain_without_f6_suppressor,42,3.021928603832538,3.4264519214630127
50,retrain_without_f6_suppressor,43,3.0228173549358663,3.43075966835022
50,retrain_without_f6_suppressor,44,3.0182696122389574,3.449411630630493
50,retrain_without_f6_suppressor,45,3.0188832466418924,3.4624886512756348
50,retrain_without_f6_suppressor,46,3.008584829477164,3.447139024734497
50,retrain_without_f6_suppressor,47,2.999976524939904,3.4626481533050537
50,retrain_without_f6_suppressor,48,2.990038743385902,3.458907723426819
50,retrain_without_f6_suppressor,49,2.9869036857898417,3.472699999809265
50,retrain_without_f6_suppressor,50,2.9701689940232496,3.4705549478530884
50,retrain_without_f6_suppressor,51,2.954972872367272,3.4555742740631104
50,retrain_without_f7_weak,0,5.104278197655311,4.7340638637542725
50,retrain_without_f7_weak,1,4.58028690631573,4.36792778968811
50,retrain_without_f7_weak,2,4.131286089236919,3.867932796478272
50,retrain_without_f7_weak,3,3.648750121776874,3.4149324893951416
50,retrain_without_f7_weak,4,3.230295804830698,2.955217123031616
50,retrain_without_f7_weak,5,2.49203661771921,2.186279535293579
50,retrain_without_f7_weak,6,2.124647507300744,2.074992656707764
50,retrain_without_f7_weak,7,1.963088530760545,1.9914671182632449
50,retrain_without_f7_weak,8,1.8604559898376465,2.0039036870002747
50,retrain_without_f7_weak,9,1.8539521327385533,2.022274374961853
50,retrain_without_f7_weak,10,1.8019709770496075,1.924134373664856
50,retrain_without_f7_weak,11,1.7580865346468413,1.926629543304444
50,retrain_without_f7_weak,12,1.7146564997159517,1.909231662750244
50,retrain_without_f7_weak,13,1.7104030297352717,1.924439370632172
50,retrain_without_f7_weak,14,1.7188612864567685,1.9446908831596368
50,retrain_without_f7_weak,15,1.710706536586468,1.918448269367218
50,retrain_without_f7_weak,16,1.6517487947757428,1.8581230640411377
50,retrain_without_f7_weak,17,1.6322164168724649,1.871683776378632
50,retrain_without_f7_weak,18,1.6348060552890484,1.885060727596283
50,retrain_without_f7_weak,19,1.6226961612701416,1.84648597240448
50,retrain_without_f7_weak,20,1.5987079602021437,1.8982701301574707
50,retrain_without_f7_weak,21,1.6055513803775494,1.8471041917800903
50,retrain_without_f7_weak,22,1.5898993198688214,1.8616653680801392
50,retrain_without_f7_weak,23,1.5764902096528273,1.89573746919632
50,retrain_without_f7_weak,24,1.597870579132667,1.836058974266052
50,retrain_without_f7_weak,25,1.5748733282089231,1.828714430332184
50,retrain_without_f7_weak,26,1.5753536591163049,1.7968254089355469
50,retrain_without_f7_weak,27,1.5573812539760885,1.8276915550231927
50,retrain_without_f7_weak,28,1.5375714943959162,1.8309743404388428
50,retrain_without_f7_weak,29,1.5373867016572218,1.7853320837020874
50,retrain_without_f7_weak,30,1.5186184644699097,1.8531013131141665
50,retrain_without_f7_weak,31,1.5241678953170776,1.86825692653656
50,retrain_without_f7_weak,32,1.5039125772622914,1.8362147808074951
50,retrain_without_f7_weak,33,1.5043230790358324,1.8712035417556765
50,retrain_without_f7_weak,34,1.5176936296316297,1.8084819316864007
50,retrain_without_f7_weak,35,1.511492188160236,1.879891991615296
50,retrain_without_f7_weak,36,1.5042221271074736,1.83202463388443
50,retrain_without_f7_weak,37,1.4824881920447717,1.867417335510254
50,retrain_without_f7_weak,38,1.4884085013316228,1.83096981048584
50,retrain_without_f7_weak,39,1.4979110956192017,1.8754642009735107
50,retrain_without_f7_weak,40,1.5228284964194665,1.903829276561737
50,retrain_without_f7_weak,41,1.4814956371600811,1.8292040824890137
50,retrain_without_f7_weak,42,1.4974143321697528,1.8157355785369875
50,retrain_without_f7_weak,43,1.4626130140744722,1.8398005962371824
50,retrain_without_f7_weak,44,1.4663191300172072,1.875353217124939
50,retrain_without_f7_weak,45,1.4900814111416156,1.863931894302368
50,retrain_without_f7_weak,46,1.4616414950444148,1.8558605313301089
50,retrain_without_f7_weak,47,1.462214002242455,1.8534247875213623
50,retrain_without_f7_weak,48,1.4554938261325543,1.868176639080048
50,retrain_without_f7_weak,49,1.4383707413306603,1.8594379425048828
50,retrain_without_f7_weak,50,1.426736098069411,1.849448323249817
50,retrain_without_f7_weak,51,1.416037917137146,1.869024515151977
50,retrain_without_f7_weak,52,1.4251292943954468,1.8777706027030945
50,retrain_without_f7_weak,53,1.440794174487774,1.8837058544158936
50,retrain_without_f7_weak,54,1.4148060083389282,1.868627667427063
50,retrain_without_f8_bigcoef,0,5.114108635829045,4.761598825454712
50,retrain_without_f8_bigcoef,1,4.616439966055063,4.421535968780518
50,retrain_without_f8_bigcoef,2,4.206465207613432,3.9624414443969727
50,retrain_without_f8_bigcoef,3,3.777930699861967,3.5754085779190063
50,retrain_without_f8_bigcoef,4,3.384922137627235,3.125765323638916
50,retrain_without_f8_bigcoef,5,2.643939256668091,2.395108461380005
50,retrain_without_f8_bigcoef,6,2.2126163886143613,2.2866560220718384
50,retrain_without_f8_bigcoef,7,2.113373664709238,2.2536606788635254
50,retrain_without_f8_bigcoef,8,2.0620757157985983,2.11592185497284
50,retrain_without_f8_bigcoef,9,1.9883405245267427,2.106078624725342
50,retrain_without_f8_bigcoef,10,1.932412945307218,2.1213715076446533
50,retrain_without_f8_bigcoef,11,1.911824134679941,2.109132409095764
50,retrain_without_f8_bigcoef,12,1.871060426418598,2.077528953552246
50,retrain_without_f8_bigcoef,13,1.8520465447352483,2.0795880556106567
50,retrain_without_f8_bigcoef,14,1.844481504880465,2.0561779737472534
50,retrain_without_f8_bigcoef,15,1.827250141363877,2.0643495321273804
50,retrain_without_f8_bigcoef,16,1.8293920480287995,2.014685869216919
50,retrain_without_f8_bigcoef,17,1.7908411301099336,2.0384275913238525
50,retrain_without_f8_bigcoef,18,1.7807979858838594,2.071829080581665
50,retrain_without_f8_bigcoef,19,1.7873439330321093,2.077146530151367
50,retrain_without_f8_bigcoef,20,1.7747193483205943,2.056901693344116
50,retrain_without_f8_bigcoef,21,1.7604825404974132,2.06006407737732
50,retrain_without_f8_bigcoef,22,1.7617143851060133,2.0462008714675903
50,retrain_without_f8_bigcoef,23,1.7548335515535796,2.083954334259033
50,retrain_without_f8_bigcoef,24,1.7805138184474063,1.9996440410614007
50,retrain_without_f8_bigcoef,25,1.7494942866838896,1.9970169067382808
50,retrain_without_f8_bigcoef,26,1.7329215544920702,1.996557354927063
50,retrain_without_f8_bigcoef,27,1.7477308695132916,2.046606540679932
50,retrain_without_f8_bigcoef,28,1.71940815448761,2.031351625919342
50,retrain_without_f8_bigcoef,29,1.7150745391845703,1.999940037727356
50,retrain_without_f8_bigcoef,30,1.705128633058988,2.022347211837769
50,retrain_without_f8_bigcoef,31,1.700549914286687,2.042530059814453
50,retrain_without_f8_bigcoef,32,1.6833186424695528,2.027306854724884
50,retrain_without_f8_bigcoef,33,1.6817360841310942,2.0505541563034058
50,retrain_without_f8_bigcoef,34,1.695715619967534,1.9793663024902344
50,retrain_without_f8_bigcoef,35,1.7067541984411387,2.03195321559906
50,retrain_without_f8_bigcoef,36,1.6709964458759017,2.0029521584510803
50,retrain_without_f8_bigcoef,37,1.6554054572032049,2.056733727455139
50,retrain_without_f8_bigcoef,38,1.6568015997226422,2.048433601856232
50,retrain_without_f8_bigcoef,39,1.6700135561136098,2.0828299522399902
50,retrain_without_f8_bigcoef,40,1.6842959110553448,2.072959899902344
50,retrain_without_f8_bigcoef,41,1.6415780324202318,2.0352425575256348
50,retrain_without_f8_bigcoef,42,1.6368037829032311,2.0410884618759155
50,retrain_without_f8_bigcoef,43,1.6342628185565655,2.027979791164398
50,retrain_without_f8_bigcoef,44,1.6260711138065045,2.070501923561096
50,retrain_without_f8_bigcoef,45,1.6232812404632568,2.08284080028534
50,retrain_without_f8_bigcoef,46,1.6240312136136568,2.048866510391236
50,retrain_without_f8_bigcoef,47,1.6102553422634418,2.0738149881362915
50,retrain_without_f8_bigcoef,48,1.622691539617685,2.064137816429138
50,retrain_without_f8_bigcoef,49,1.6075118413338294,2.0727310180664062
50,retrain_without_f8_bigcoef,50,1.6045485551540668,2.0533472895622253
50,retrain_without_f8_bigcoef,51,1.5880006276644194,2.0713107585906982
50,retrain_without_f8_bigcoef,52,1.5870000765873835,2.078259587287903
50,retrain_without_f8_bigcoef,53,1.5957046472109282,2.068858027458191
50,retrain_without_f8_bigcoef,54,1.5907165820782,2.1467729806900024
50,retrain_without_f8_bigcoef,55,1.6148238823964045,2.0749671459198
50,retrain_without_f8_bigcoef,56,1.574013306544377,2.0964343547821045
50,retrain_without_f8_bigcoef,57,1.5703556079130907,2.0949591398239136
50,retrain_without_f8_bigcoef,58,1.564034177706792,2.1060128211975098
50,retrain_without_f8_bigcoef,59,1.572025675040025,2.115113615989685
50,retrain_without_noise_0,0,5.1085692185622,4.729888916015625
50,retrain_without_noise_0,1,4.562231210561899,4.323939323425293
50,retrain_without_noise_0,2,4.091453222128061,3.812549829483032
50,retrain_without_noise_0,3,3.595403579565195,3.3401691913604736
50,retrain_without_noise_0,4,3.159867561780489,2.874430656433105
50,retrain_without_noise_0,5,2.411444755700918,2.225801944732666
50,retrain_without_noise_0,6,2.022138705620399,1.9836925268173216
50,retrain_without_noise_0,7,1.908199998048636,1.986777424812317
50,retrain_without_noise_0,8,1.8109518656363848,1.8482605814933777
50,retrain_without_noise_0,9,1.7398163630412176,1.8364797234535213
50,retrain_without_noise_0,10,1.6868280264047475,1.854945957660675
50,retrain_without_noise_0,11,1.6716459164252648,1.841244339942932
50,retrain_without_noise_0,12,1.6243592500686646,1.8020890951156616
50,retrain_without_noise_0,13,1.6062317811525786,1.8282936215400696
50,retrain_without_noise_0,14,1.5865817253406231,1.8023117780685425
50,retrain_without_noise_0,15,1.5878083522503192,1.813431441783905
50,retrain_without_noise_0,16,1.629716579730694,1.7633439898490906
50,retrain_without_noise_0,17,1.5798567900290856,1.7647921442985537
50,retrain_without_noise_0,18,1.5286004818402803,1.7817150950431824
50,retrain_without_noise_0,19,1.5385982256669264,1.8035308122634888
50,retrain_without_noise_0,20,1.5265043607124915,1.788567841053009
50,retrain_without_noise_0,21,1.5097364095541148,1.7478309869766235
50,retrain_without_noise_0,22,1.497302614725553,1.748867928981781
50,retrain_without_noise_0,23,1.493250113267165,1.797053575515747
50,retrain_without_noise_0,24,1.5024188206746028,1.705844759941101
50,retrain_without_noise_0,25,1.4772031490619366,1.7144356966018677
50,retrain_without_noise_0,26,1.4911377705060518,1.7248997688293457
50,retrain_without_noise_0,27,1.4970655899781449,1.7376442551612854
50,retrain_without_noise_0,28,1.459485118205731,1.7439172863960266
50,retrain_without_noise_0,29,1.4603770604500403,1.6948193907737732
50,retrain_without_noise_0,30,1.45184718645536,1.7592604160308838
50,retrain_without_noise_0,31,1.4591763936556303,1.7708009481430054
50,retrain_without_noise_0,32,1.454771692936237,1.711192011833191
50,retrain_without_noise_0,33,1.4196768082105196,1.8379218578338623
50,retrain_without_noise_0,34,1.4243081716390755,1.6967768669128418
50,retrain_without_noise_0,35,1.415153063260592,1.7641056180000303
50,retrain_without_noise_0,36,1.4403766210262592,1.7503891587257383
50,retrain_without_noise_0,37,1.4073026180267334,1.7833905220031738
50,retrain_without_noise_0,38,1.409868176166828,1.7581718564033508
50,retrain_without_noise_0,39,1.4138946349804218,1.7939164638519287
50,retrain_without_noise_0,40,1.4331265779641955,1.7846317291259766
50,retrain_without_noise_0,41,1.3853511351805468,1.7267091870307922
50,retrain_without_noise_0,42,1.3900528229199922,1.7581523060798645
50,retrain_without_noise_0,43,1.3908772835364709,1.7549960017204285
50,retrain_without_noise_0,44,1.384431738119859,1.7607272267341614
50,retrain_without_noise_0,45,1.3748029653842633,1.777343988418579
50,retrain_without_noise_0,46,1.367460269194383,1.7360925078392029
50,retrain_without_noise_0,47,1.3585818180671103,1.7551009058952332
50,retrain_without_noise_0,48,1.3649741686307466,1.775373935699463
50,retrain_without_noise_0,49,1.3562792998093824,1.7739489078521729
50,retrain_without_noise_0,50,1.349602084893447,1.7301921248435974
50,retrain_without_noise_0,51,1.337630363611075,1.752512812614441
50,retrain_without_noise_0,52,1.3386741234706,1.766545832157135
50,retrain_without_noise_0,53,1.3547857724703276,1.7718375325202942
50,retrain_without_noise_0,54,1.3731623612917387,1.763141930103302
55,masked_npe,0,5.116718328916109,5.046371936798096
55,masked_npe,1,4.846014793102558,4.9466552734375
55,masked_npe,2,4.6801569645221415,4.721626043319702
55,masked_npe,3,4.491059083205003,4.505555152893066
55,masked_npe,4,4.299669045668382,4.34000825881958
55,masked_npe,5,4.196332601400522,4.32234001159668
55,masked_npe,6,4.181608786949744,4.276285171508789
55,masked_npe,7,4.132214656242957,4.279911279678345
55,masked_npe,8,4.1193432074326735,4.205261945724487
55,masked_npe,9,4.087412283970759,4.165882110595703
55,masked_npe,10,4.072579677288349,4.163788080215454
55,masked_npe,11,4.055442589979905,4.116507768630981
55,masked_npe,12,4.066984616793119,4.137386322021484
55,masked_npe,13,4.047784548539382,4.050726652145386
55,masked_npe,14,3.995914550927969,4.0529749393463135
55,masked_npe,15,3.9455990607921896,4.049986124038696
55,masked_npe,16,3.911302511508648,3.979902744293213
55,masked_npe,17,3.885510041163518,3.9762487411499023
55,masked_npe,18,3.839437356361976,3.905352115631104
55,masked_npe,19,3.7923409938812256,3.905011415481568
55,masked_npe,20,3.787035171802228,3.8353267908096313
55,masked_npe,21,3.776664422108577,3.833791255950928
55,masked_npe,22,3.760254089648907,3.857260346412658
55,masked_npe,23,3.742123200343205,3.897460341453552
55,masked_npe,24,3.717562382037823,3.794151902198792
55,masked_npe,25,3.70730000275832,3.7867743968963614
55,masked_npe,26,3.643352380165687,3.725799083709717
55,masked_npe,27,3.6414956679710975,3.7830981016159058
55,masked_npe,28,3.6495336385873647,3.684656977653504
55,masked_npe,29,3.617657111241267,3.7154829502105713
55,masked_npe,30,3.5846041165865383,3.740101218223572
55,masked_npe,31,3.620685834151048,3.677798271179199
55,masked_npe,32,3.58203334074754,3.6667290925979614
55,masked_npe,33,3.549869959171002,3.65352201461792
55,masked_npe,34,3.5413376001211314,3.613466143608093
55,masked_npe,35,3.545581799287062,3.69351863861084
55,masked_npe,36,3.4986873956827016,3.674555540084839
55,masked_npe,37,3.5261550683241625,3.649432897567749
55,masked_npe,38,3.501407274833092,3.637670397758484
55,masked_npe,39,3.505356898674598,3.630352258682251
55,masked_npe,40,3.533557488368108,3.6328532695770255
55,masked_npe,41,3.5233171719771166,3.648467898368835
55,masked_npe,42,3.493525174947885,3.646121621131897
55,masked_npe,43,3.527083085133479,3.6785640716552734
55,masked_npe,44,3.517417430877685,3.57213294506073
55,masked_npe,45,3.513546081689688,3.639016151428223
55,masked_npe,46,3.497197517981896,3.5957157611846924
55,masked_npe,47,3.5198061282818136,3.617655396461487
55,masked_npe,48,3.5057582488426795,3.612696766853333
55,masked_npe,49,3.488476606515737,3.6416170597076416
55,masked_npe,50,3.527708438726572,3.5945162773132324
55,masked_npe,51,3.4683975990001974,3.5906498432159424
55,masked_npe,52,3.514233974310068,3.608462810516357
55,masked_npe,53,3.4687037467956543,3.5743422508239746
55,masked_npe,54,3.441323665472177,3.6107311248779297
55,masked_npe,55,3.4531338214874268,3.599745512008667
55,masked_npe,56,3.5110403574430027,3.6292048692703247
55,masked_npe,57,3.470211047392625,3.589141845703125
55,masked_npe,58,3.484423362291776,3.573107957839966
55,masked_npe,59,3.497190787242009,3.633856296539306
55,masked_npe,60,3.4814085960388184,3.559572696685791
55,masked_npe,61,3.468904476899368,3.5813426971435547
55,masked_npe,62,3.4102712044349084,3.649893641471863
55,masked_npe,63,3.434269428253174,3.525717496871948
55,masked_npe,64,3.4366143299983096,3.6018136739730835
55,masked_npe,65,3.419873824486366,3.5852272510528564
55,masked_npe,66,3.4395690881288967,3.585843920707702
55,masked_npe,67,3.4502481130453257,3.606022000312805
55,masked_npe,68,3.475762990804819,3.6106204986572266
55,masked_npe,69,3.468731091572688,3.581199765205384
55,masked_npe,70,3.4524544935960035,3.579530358314514
55,masked_npe,71,3.453762256182157,3.602324724197388
55,masked_npe,72,3.440270002071674,3.5893871784210205
55,masked_npe,73,3.415525949918307,3.576927661895752
55,masked_npe,74,3.424764504799476,3.611899971961975
55,masked_npe,75,3.44439251606281,3.619954466819763
55,masked_npe,76,3.4318167796501746,3.630416870117188
55,masked_npe,77,3.4157210496755748,3.579242706298828
55,masked_npe,78,3.447151312461266,3.54793667793274
55,masked_npe,79,3.468673797754141,3.587104201316833
55,masked_npe,80,3.4152596913851223,3.625551104545593
55,masked_npe,81,3.4344550646268406,3.586505770683289
55,masked_npe,82,3.4073377022376428,3.57169246673584
55,masked_npe,83,3.440339546937209,3.5120596885681152
55,masked_npe,84,3.430644530516404,3.645525336265564
55,masked_npe,85,3.409813569142268,3.5551620721817017
55,masked_npe,86,3.434150970899142,3.634235382080078
55,masked_npe,87,3.409598570603591,3.558561086654663
55,masked_npe,88,3.4193855065565844,3.599319815635681
55,masked_npe,89,3.4484863464648905,3.5559717416763306
55,masked_npe,90,3.4600567450890174,3.5806175470352173
55,masked_npe,91,3.414525270462036,3.570086121559143
55,masked_npe,92,3.4378952980041504,3.557622194290161
55,masked_npe,93,3.4262726673713098,3.54780662059784
55,masked_npe,94,3.4300878598139835,3.5918097496032715
55,masked_npe,95,3.393290262955886,3.5717148780822754
55,masked_npe,96,3.4171380446507382,3.574462413787842
55,masked_npe,97,3.4190990924835205,3.552190661430359
55,masked_npe,98,3.426429656835703,3.602118730545044
55,masked_npe,99,3.400164347428542,3.520426630973816
55,masked_npe,100,3.4345419223491964,3.588847279548645
55,masked_npe,101,3.441368726583628,3.5792391300201416
55,masked_npe,102,3.4013955409710226,3.565286159515381
55,masked_npe,103,3.4173870453467736,3.6137253046035767
55,masked_npe,104,3.407520055770874,3.688639283180237
55,masked_npe,105,3.443172674912673,3.602359771728516
55,masked_npe,106,3.4078157314887414,3.58471941947937
55,masked_npe,107,3.410048979979295,3.608954668045044
55,masked_npe,108,3.418278987591083,3.6303906440734863
55,dedicated_npe,0,5.048396000495324,4.8476293087005615
55,dedicated_npe,1,4.50083222756019,4.465991735458374
55,dedicated_npe,2,4.069629687529344,4.012840747833252
55,dedicated_npe,3,3.574468704370352,3.416080474853516
55,dedicated_npe,4,3.0938323644491343,2.844441294670105
55,dedicated_npe,5,2.3726310546581564,2.185037016868592
55,dedicated_npe,6,2.0270028756215024,2.036021590232849
55,dedicated_npe,7,1.920222676717318,2.0461078882217407
55,dedicated_npe,8,1.7753535875907311,1.9773927927017207
55,dedicated_npe,9,1.7601872407473051,1.925208687782288
55,dedicated_npe,10,1.700138963185824,1.8726986646652224
55,dedicated_npe,11,1.6631327317311213,1.849554002285004
55,dedicated_npe,12,1.623528553889348,1.8567657470703125
55,dedicated_npe,13,1.612277104304387,1.83131742477417
55,dedicated_npe,14,1.5819992560606737,1.835995852947235
55,dedicated_npe,15,1.5792804864736705,1.8561021089553835
55,dedicated_npe,16,1.5761939653983483,1.8143752217292783
55,dedicated_npe,17,1.5534321069717407,1.831207036972046
55,dedicated_npe,18,1.542935353059035,1.877177119255066
55,dedicated_npe,19,1.522534993978647,1.835133969783783
55,dedicated_npe,20,1.504583450464102,1.872886598110199
55,dedicated_npe,21,1.5112722103412335,1.820850372314453
55,dedicated_npe,22,1.499161142569322,1.8266953825950625
55,dedicated_npe,23,1.5048411809481108,1.8131120204925537
55,dedicated_npe,24,1.514220063502972,1.7992558479309082
55,dedicated_npe,25,1.4860975192143366,1.8440807461738584
55,dedicated_npe,26,1.486047552182124,1.795364797115326
55,dedicated_npe,27,1.4662714829811685,1.841302216053009
55,dedicated_npe,28,1.4546578664046068,1.824249267578125
55,dedicated_npe,29,1.459502412722661,1.9244220852851868
55,dedicated_npe,30,1.475505095261794,1.7953570485115051
55,dedicated_npe,31,1.4455700745949378,1.839728593826294
55,dedicated_npe,32,1.428888045824491,1.7534058690071106
55,dedicated_npe,33,1.422165302129892,1.83314859867096
55,dedicated_npe,34,1.427476140168997,1.8005322813987732
55,dedicated_npe,35,1.4103578145687397,1.8392569422721865
55,dedicated_npe,36,1.407753183291509,1.8609915375709527
55,dedicated_npe,37,1.4078368498728826,1.7935237884521484
55,dedicated_npe,38,1.431398978600135,1.889371514320373
55,dedicated_npe,39,1.3977960898325994,1.791532039642334
55,dedicated_npe,40,1.3969279619363637,1.8301741480827327
55,dedicated_npe,41,1.4047650557297926,1.85330468416214
55,dedicated_npe,42,1.3763421315413256,1.821738600730896
55,dedicated_npe,43,1.353164140994732,1.778361201286316
55,dedicated_npe,44,1.3587398529052734,1.8409739136695864
55,dedicated_npe,45,1.3740690579781163,1.8083022832870483
55,dedicated_npe,46,1.3521511829816375,1.832985758781433
55,dedicated_npe,47,1.3406473765006433,1.8063356280326843
55,dedicated_npe,48,1.3797983756432166,2.0285966396331787
55,dedicated_npe,49,1.3590547763384306,1.8088823556900024
55,dedicated_npe,50,1.3339912983087392,1.838939905166626
55,dedicated_npe,51,1.3237563646756685,1.868437707424164
55,dedicated_npe,52,1.329194160608145,1.830366134643555
55,dedicated_npe,53,1.3052822351455688,1.806795299053192
55,dedicated_npe,54,1.310075860757094,1.823834240436554
55,dedicated_npe,55,1.3177443009156449,1.8560924530029297
55,dedicated_npe,56,1.3127685235096858,1.8503265380859373
55,dedicated_npe,57,1.3022388311532826,1.8642203211784365
55,retrain_without_f1_strong_t1,0,5.081655685718243,4.937154769897461
55,retrain_without_f1_strong_t1,1,4.585054214184101,4.519460916519165
55,retrain_without_f1_strong_t1,2,4.206518796774057,4.134826898574829
55,retrain_without_f1_strong_t1,3,3.808069412524884,3.777654647827149
55,retrain_without_f1_strong_t1,4,3.614723370625424,3.655606031417847
55,retrain_without_f1_strong_t1,5,3.539268603691688,3.6870405673980713
55,retrain_without_f1_strong_t1,6,3.4964171189528246,3.5801093578338623
55,retrain_without_f1_strong_t1,7,3.464836835861206,3.6364418268203735
55,retrain_without_f1_strong_t1,8,3.450827250113854,3.642632007598877
55,retrain_without_f1_strong_t1,9,3.435977037136371,3.6143115758895874
55,retrain_without_f1_strong_t1,10,3.425597961132343,3.64964771270752
55,retrain_without_f1_strong_t1,11,3.404788090632512,3.611021757125856
55,retrain_without_f1_strong_t1,12,3.3941802978515625,3.631382465362549
55,retrain_without_f1_strong_t1,13,3.384965052971473,3.6493486166000366
55,retrain_without_f1_strong_t1,14,3.38106186573322,3.635140419006348
55,retrain_without_f1_strong_t1,15,3.371499446722177,3.60994017124176
55,retrain_without_f1_strong_t1,16,3.352369730289166,3.605659365653992
55,retrain_without_f1_strong_t1,17,3.36103971187885,3.6526036262512207
55,retrain_without_f1_strong_t1,18,3.3505389873798075,3.6465189456939697
55,retrain_without_f1_strong_t1,19,3.338829187246469,3.627183198928833
55,retrain_without_f1_strong_t1,20,3.324335740162776,3.6290345191955566
55,retrain_without_f1_strong_t1,21,3.31804607464717,3.617508053779602
55,retrain_without_f1_strong_t1,22,3.313852823697604,3.617820143699646
55,retrain_without_f1_strong_t1,23,3.307886765553401,3.628722906112671
55,retrain_without_f1_strong_t1,24,3.298740350283109,3.622635841369629
55,retrain_without_f1_strong_t1,25,3.293486705193153,3.6136611700057983
55,retrain_without_f1_strong_t1,26,3.2885358333587646,3.644525408744812
55,retrain_without_f1_strong_t1,27,3.286123954332792,3.613133430480957
55,retrain_without_f1_strong_t1,28,3.283002413236178,3.661211133003235
55,retrain_without_f1_strong_t1,29,3.2725602296682506,3.627636075019837
55,retrain_without_f1_strong_t1,30,3.257841788805448,3.660916686058045
55,retrain_without_f1_strong_t1,31,3.2597778026874247,3.68099057674408
55,retrain_without_f2_strong_t2,0,5.098359291370098,4.963914155960083
55,retrain_without_f2_strong_t2,1,4.641609962169941,4.6177403926849365
55,retrain_without_f2_strong_t2,2,4.340573751009428,4.3443522453308105
55,retrain_without_f2_strong_t2,3,4.065260612047636,4.1007585525512695
55,retrain_without_f2_strong_t2,4,3.713106613892776,3.5107853412628174
55,retrain_without_f2_strong_t2,5,3.007233289571909,3.0168169736862183
55,retrain_without_f2_strong_t2,6,2.675913645670964,2.7754112482070923
55,retrain_without_f2_strong_t2,7,2.657904276481041,2.7806259393692017
55,retrain_without_f2_strong_t2,8,2.55991057249216,2.844075083732605
55,retrain_without_f2_strong_t2,9,2.522073122171255,2.708724617958069
55,retrain_without_f2_strong_t2,10,2.449840288895828,2.714387059211731
55,retrain_without_f2_strong_t2,11,2.413085313943716,2.693679451942444
55,retrain_without_f2_strong_t2,12,2.3820858551905704,2.6955103874206543
55,retrain_without_f2_strong_t2,13,2.367330459448008,2.707101583480835
55,retrain_without_f2_strong_t2,14,2.3870339210216818,2.6496245861053467
55,retrain_without_f2_strong_t2,15,2.3338525111858663,2.6178494691848755
55,retrain_without_f2_strong_t2,16,2.3127001432272105,2.6015965938568115
55,retrain_without_f2_strong_t2,17,2.321144067324125,2.707563281059265
55,retrain_without_f2_strong_t2,18,2.304641962051392,2.6582783460617065
55,retrain_without_f2_strong_t2,19,2.283174918248103,2.6420806646347046
55,retrain_without_f2_strong_t2,20,2.278858001415546,2.646676540374756
55,retrain_without_f2_strong_t2,21,2.2812349246098447,2.6502249240875244
55,retrain_without_f2_strong_t2,22,2.2628829662616434,2.6175163984298706
55,retrain_without_f2_strong_t2,23,2.253262299757737,2.578091025352478
55,retrain_without_f2_strong_t2,24,2.2490720565502462,2.619961261749268
55,retrain_without_f2_strong_t2,25,2.2427898737100453,2.605844259262085
55,retrain_without_f2_strong_t2,26,2.234360254727877,2.623190402984619
55,retrain_without_f2_strong_t2,27,2.2233792268312893,2.587465763092041
55,retrain_without_f2_strong_t2,28,2.237932351919321,2.707835078239441
55,retrain_without_f2_strong_t2,29,2.26273591701801,2.6819772720336914
55,retrain_without_f2_strong_t2,30,2.217797884574303,2.617796897888184
55,retrain_without_f2_strong_t2,31,2.189625098155095,2.679556488990784
55,retrain_without_f2_strong_t2,32,2.201747215711153,2.61892569065094
55,retrain_without_f2_strong_t2,33,2.1940157963679385,2.6514503955841064
55,retrain_without_f2_strong_t2,34,2.186562024630033,2.657423138618469
55,retrain_without_f2_strong_t2,35,2.1826115388136644,2.602117896080017
55,retrain_without_f2_strong_t2,36,2.171458702820998,2.659974813461304
55,retrain_without_f2_strong_t2,37,2.1578629933870754,2.61384916305542
55,retrain_without_f2_strong_t2,38,2.1622360853048472,2.632993698120117
55,retrain_without_f2_strong_t2,39,2.159851220937876,2.700036644935608
55,retrain_without_f2_strong_t2,40,2.1641548780294566,2.654499650001526
55,retrain_without_f2_strong_t2,41,2.15240687590379,2.656541109085083
55,retrain_without_f2_strong_t2,42,2.1371428049527683,2.645725011825561
55,retrain_without_f2_strong_t2,43,2.1328114729661207,2.6651731729507446
55,retrain_without_f2_strong_t2,44,2.133979393885686,2.631710171699524
55,retrain_without_f2_strong_t2,45,2.12582542346074,2.6404128074646
55,retrain_without_f2_strong_t2,46,2.127431135911208,2.685418009757996
55,retrain_without_f2_strong_t2,47,2.108895393518301,2.6711703538894653
55,retrain_without_f2_strong_t2,48,2.090621966582078,2.662343382835388
55,retrain_without_f3_dup_a,0,5.096935675694392,4.916647911071777
55,retrain_without_f3_dup_a,1,4.572539036090557,4.475819826126099
55,retrain_without_f3_dup_a,2,4.134119749069214,3.9997284412384033
55,retrain_without_f3_dup_a,3,3.5936068204733043,3.453784823417664
55,retrain_without_f3_dup_a,4,3.0890570237086368,2.829132556915283
55,retrain_without_f3_dup_a,5,2.3541981807121863,2.332066893577576
55,retrain_without_f3_dup_a,6,1.9984759184030385,2.0134142637252808
55,retrain_without_f3_dup_a,7,1.846789369216332,1.968707799911499
55,retrain_without_f3_dup_a,8,1.7803987356332631,2.019083857536316
55,retrain_without_f3_dup_a,9,1.7507347051913922,1.9405921697616573
55,retrain_without_f3_dup_a,10,1.709023383947519,1.951718807220459
55,retrain_without_f3_dup_a,11,1.66146366412823,1.9042262434959407
55,retrain_without_f3_dup_a,12,1.6343408181117132,1.868450284004212
55,retrain_without_f3_dup_a,13,1.6141442977465117,1.904645204544068
55,retrain_without_f3_dup_a,14,1.620219661639287,1.8553563952445984
55,retrain_without_f3_dup_a,15,1.587434979585501,1.837809443473816
55,retrain_without_f3_dup_a,16,1.5611459933794465,1.8075243830680847
55,retrain_without_f3_dup_a,17,1.5734707392179048,1.883575677871704
55,retrain_without_f3_dup_a,18,1.5552556147942176,1.8510842323303225
55,retrain_without_f3_dup_a,19,1.53295322564932,1.823874354362488
55,retrain_without_f3_dup_a,20,1.5198138126960168,1.826430439949036
55,retrain_without_f3_dup_a,21,1.5288792023291955,1.8178277015686035
55,retrain_without_f3_dup_a,22,1.504468826147226,1.797690212726593
55,retrain_without_f3_dup_a,23,1.501895546913147,1.773213505744934
55,retrain_without_f3_dup_a,24,1.4963087301987867,1.7836226224899292
55,retrain_without_f3_dup_a,25,1.4749747239626372,1.7697526812553406
55,retrain_without_f3_dup_a,26,1.4711453822942882,1.8130639791488647
55,retrain_without_f3_dup_a,27,1.4808049477063692,1.7542448043823242
55,retrain_without_f3_dup_a,28,1.473263254532447,1.90388423204422
55,retrain_without_f3_dup_a,29,1.477881202330956,1.783317804336548
55,retrain_without_f3_dup_a,30,1.4519093953646147,1.820048451423645
55,retrain_without_f3_dup_a,31,1.440444093484145,1.8273075819015503
55,retrain_without_f3_dup_a,32,1.439911732306847,1.809287667274475
55,retrain_without_f3_dup_a,33,1.443546982911917,1.8276403546333315
55,retrain_without_f3_dup_a,34,1.4410121899384718,1.7912299036979675
55,retrain_without_f3_dup_a,35,1.4317518014174242,1.755062758922577
55,retrain_without_f3_dup_a,36,1.4145498825953555,1.8359392285346985
55,retrain_without_f3_dup_a,37,1.407621796314533,1.7739156484603882
55,retrain_without_f3_dup_a,38,1.4099742816044734,1.786515474319458
55,retrain_without_f3_dup_a,39,1.406986539180462,1.832834362983704
55,retrain_without_f3_dup_a,40,1.4073832768660326,1.78721821308136
55,retrain_without_f3_dup_a,41,1.4044413016392634,1.8210808038711548
55,retrain_without_f3_dup_a,42,1.388923012293302,1.802298367023468
55,retrain_without_f3_dup_a,43,1.3748698509656463,1.8062531352043152
55,retrain_without_f3_dup_a,44,1.3762975472670336,1.7564461827278135
55,retrain_without_f3_dup_a,45,1.3696131706237793,1.809273600578308
55,retrain_without_f3_dup_a,46,1.369713489825909,1.8564387559890747
55,retrain_without_f3_dup_a,47,1.3706598923756526,1.826341092586517
55,retrain_without_f3_dup_a,48,1.3527431121239295,1.8136268854141235
55,retrain_without_f3_dup_a,49,1.3429704354359553,1.7735818028450012
55,retrain_without_f3_dup_a,50,1.3426430041973407,1.824421823024749
55,retrain_without_f3_dup_a,51,1.3492612196848943,1.825776755809784
55,retrain_without_f3_dup_a,52,1.342294142796443,1.796703815460205
55,retrain_without_f4_dup_b,0,5.096016773810754,4.915035963058472
55,retrain_without_f4_dup_b,1,4.571217133448674,4.480217695236206
55,retrain_without_f4_dup_b,2,4.133761332585261,4.000711798667908
55,retrain_without_f4_dup_b,3,3.589334873052744,3.4485045671463013
55,retrain_without_f4_dup_b,4,3.06725182900062,2.7701035737991333
55,retrain_without_f4_dup_b,5,2.302778849234948,2.2499743700027466
55,retrain_without_f4_dup_b,6,1.9687770696786733,1.966816246509552
55,retrain_without_f4_dup_b,7,1.836589418924772,1.987048864364624
55,retrain_without_f4_dup_b,8,1.7730530775510347,2.005605459213257
55,retrain_without_f4_dup_b,9,1.733212113380432,1.8745877742767327
55,retrain_without_f4_dup_b,10,1.7130955457687378,1.905391812324524
55,retrain_without_f4_dup_b,11,1.6551255813011756,1.908436894416809
55,retrain_without_f4_dup_b,12,1.6312165443713849,1.858854353427887
55,retrain_without_f4_dup_b,13,1.6119396686553955,1.8946466445922847
55,retrain_without_f4_dup_b,14,1.6420451494363637,1.8589720726013184
55,retrain_without_f4_dup_b,15,1.5961051629139826,1.8216739296913147
55,retrain_without_f4_dup_b,16,1.5559190603402944,1.785622775554657
55,retrain_without_f4_dup_b,17,1.5671747097602258,1.8894295692443848
55,retrain_without_f4_dup_b,18,1.5586825059010432,1.834000825881958
55,retrain_without_f4_dup_b,19,1.5266413321861854,1.80806577205658
55,retrain_without_f4_dup_b,20,1.5219856317226703,1.822862684726715
55,retrain_without_f4_dup_b,21,1.5177847697184637,1.821374833583832
55,retrain_without_f4_dup_b,22,1.5104842827870295,1.785752356052399
55,retrain_without_f4_dup_b,23,1.499125049664424,1.7525736689567566
55,retrain_without_f4_dup_b,24,1.4819821486106286,1.7492173314094543
55,retrain_without_f4_dup_b,25,1.4751832668597882,1.7646137475967407
55,retrain_without_f4_dup_b,26,1.4784800456120415,1.804758846759796
55,retrain_without_f4_dup_b,27,1.4778243945195124,1.761519432067871
55,retrain_without_f4_dup_b,28,1.4710850073741033,1.9117134809494016
55,retrain_without_f4_dup_b,29,1.478221398133498,1.799455642700195
55,retrain_without_f4_dup_b,30,1.4640401418392477,1.8123048543930047
55,retrain_without_f4_dup_b,31,1.4471446642508874,1.821528971195221
55,retrain_without_f4_dup_b,32,1.4454351296791663,1.826459050178528
55,retrain_without_f4_dup_b,33,1.4402174582848182,1.8083685040473936
55,retrain_without_f4_dup_b,34,1.445337543120751,1.782478153705597
55,retrain_without_f4_dup_b,35,1.4200775898419893,1.7498443722724917
55,retrain_without_f4_dup_b,36,1.4095029555834258,1.8207716345787048
55,retrain_without_f4_dup_b,37,1.4075759099080012,1.7737542390823364
55,retrain_without_f4_dup_b,38,1.4013134516202486,1.7749664783477783
55,retrain_without_f4_dup_b,39,1.3973051309585571,1.8326472043991089
55,retrain_without_f4_dup_b,40,1.3967073422211866,1.7694108486175537
55,retrain_without_f4_dup_b,41,1.403542472765996,1.817079246044159
55,retrain_without_f4_dup_b,42,1.3888134681261504,1.8148282766342163
55,retrain_without_f4_dup_b,43,1.379720009290255,1.8288941979408264
55,retrain_without_f4_dup_b,44,1.3716584810843837,1.7682260870933533
55,retrain_without_f4_dup_b,45,1.363396167755127,1.8047354221344
55,retrain_without_f4_dup_b,46,1.3610908434941218,1.838306963443756
55,retrain_without_f4_dup_b,47,1.3613311235721297,1.8430566787719729
55,retrain_without_f4_dup_b,48,1.338370836698092,1.8216692209243768
55,retrain_without_f4_dup_b,49,1.3403380467341497,1.7860145568847656
55,retrain_without_f5_null,0,5.078626155853272,4.8656182289123535
55,retrain_without_f5_null,1,4.520249183361347,4.41709303855896
55,retrain_without_f5_null,2,4.076463295863225,3.9462409019470215
55,retrain_without_f5_null,3,3.5597381591796875,3.417879104614258
55,retrain_without_f5_null,4,3.0527056730710544,2.773693084716797
55,retrain_without_f5_null,5,2.297490193293645,2.3611528873443604
55,retrain_without_f5_null,6,1.9890101964657123,2.055169701576233
55,retrain_without_f5_null,7,1.8471918656275823,1.938086986541748
55,retrain_without_f5_null,8,1.7812097989595854,1.9710431098937988
55,retrain_without_f5_null,9,1.74911852983328,1.9421928524971008
55,retrain_without_f5_null,10,1.7081629221255965,1.9125678539276123
55,retrain_without_f5_null,11,1.6556822611735418,1.870396852493286
55,retrain_without_f5_null,12,1.6275898951750536,1.8669268488883968
55,retrain_without_f5_null,13,1.6171868672737708,1.9034630060195925
55,retrain_without_f5_null,14,1.6136138622577374,1.8376681804656985
55,retrain_without_f5_null,15,1.5860314552600567,1.820903182029724
55,retrain_without_f5_null,16,1.5625989712201631,1.769469678401947
55,retrain_without_f5_null,17,1.5595956765688384,1.869781315326691
55,retrain_without_f5_null,18,1.5438218758656428,1.827226519584656
55,retrain_without_f5_null,19,1.5227684882970958,1.798180639743805
55,retrain_without_f5_null,20,1.5142525342794566,1.8034033179283144
55,retrain_without_f5_null,21,1.5102301377516527,1.7956290245056152
55,retrain_without_f5_null,22,1.4910575334842389,1.8100504875183103
55,retrain_without_f5_null,23,1.5073558458915124,1.775587260723114
55,retrain_without_f5_null,24,1.502979645362267,1.7402966022491455
55,retrain_without_f5_null,25,1.4751339508936956,1.7488461136817932
55,retrain_without_f5_null,26,1.4704482096892135,1.798409938812256
55,retrain_without_f5_null,27,1.469360773379986,1.7364524602890017
55,retrain_without_f5_null,28,1.4651079636353712,1.886212587356568
55,retrain_without_f5_null,29,1.4696642802311823,1.7785427570343018
55,retrain_without_f5_null,30,1.4512810523693378,1.816887378692627
55,retrain_without_f5_null,31,1.4342189660439124,1.822084128856659
55,retrain_without_f5_null,32,1.437622959797199,1.8210471868515008
55,retrain_without_f5_null,33,1.4314039853902965,1.790351390838623
55,retrain_without_f5_null,34,1.4296989349218516,1.7755009531974792
55,retrain_without_f5_null,35,1.418111663598281,1.7377044558525083
55,retrain_without_f5_null,36,1.4063385358223548,1.836092174053192
55,retrain_without_f5_null,37,1.4005221862059374,1.7725657224655151
55,retrain_without_f5_null,38,1.398284517801725,1.757323145866394
55,retrain_without_f5_null,39,1.3970591471745415,1.852395117282868
55,retrain_without_f5_null,40,1.3984365646655743,1.7880412340164185
55,retrain_without_f5_null,41,1.388638239640456,1.81865656375885
55,retrain_without_f5_null,42,1.3809738617676954,1.820035696029663
55,retrain_without_f5_null,43,1.368106062595661,1.83993136882782
55,retrain_without_f5_null,44,1.3715863869740412,1.7632285356521606
55,retrain_without_f5_null,45,1.3781160574692946,1.8334670066833496
55,retrain_without_f5_null,46,1.3663350343704224,1.843284785747528
55,retrain_without_f5_null,47,1.355181565651527,1.8538111448287964
55,retrain_without_f5_null,48,1.341873288154602,1.8525186777114868
55,retrain_without_f5_null,49,1.338075876235962,1.7755181789398191
55,retrain_without_f5_null,50,1.3345641172849214,1.787080466747284
55,retrain_without_f5_null,51,1.3372986133282,1.8145273327827447
55,retrain_without_f5_null,52,1.344061704782339,1.8050406575202944
55,retrain_without_f6_suppressor,0,5.085451236137977,4.878391742706299
55,retrain_without_f6_suppressor,1,4.530550369849572,4.441817283630371
55,retrain_without_f6_suppressor,2,4.11908901654757,4.025883436203003
55,retrain_without_f6_suppressor,3,3.6920161614051232,3.654288411140442
55,retrain_without_f6_suppressor,4,3.4722668941204367,3.5343908071517944
55,retrain_without_f6_suppressor,5,3.386101924456083,3.5402045249938965
55,retrain_without_f6_suppressor,6,3.337369497005756,3.415515184402466
55,retrain_without_f6_suppressor,7,3.30232258943411,3.450000643730164
55,retrain_without_f6_suppressor,8,3.283000010710496,3.474671959877014
55,retrain_without_f6_suppressor,9,3.268635199620173,3.454549789428711
55,retrain_without_f6_suppressor,10,3.2523301197932315,3.481308460235596
55,retrain_without_f6_suppressor,11,3.2344092222360463,3.437036871910095
55,retrain_without_f6_suppressor,12,3.223025395320012,3.4451531171798706
55,retrain_without_f6_suppressor,13,3.212580662507277,3.4601598978042603
55,retrain_without_f6_suppressor,14,3.2082650661468506,3.447029709815979
55,retrain_without_f6_suppressor,15,3.200014261099009,3.419615387916565
55,retrain_without_f6_suppressor,16,3.1796718560732327,3.4027740955352783
55,retrain_without_f6_suppressor,17,3.191234203485342,3.467600107192993
55,retrain_without_f6_suppressor,18,3.1788293581742506,3.4596636295318604
55,retrain_without_f6_suppressor,19,3.1656654064471903,3.4601038694381714
55,retrain_without_f6_suppressor,20,3.149835861646212,3.4611977338790894
55,retrain_without_f6_suppressor,21,3.146487749539889,3.434495687484741
55,retrain_without_f6_suppressor,22,3.142472982406616,3.425779104232788
55,retrain_without_f6_suppressor,23,3.141487928537222,3.430832505226136
55,retrain_without_f6_suppressor,24,3.124450243436373,3.427630066871643
55,retrain_without_f6_suppressor,25,3.122007131576538,3.41996705532074
55,retrain_without_f6_suppressor,26,3.118200650581947,3.468436598777771
55,retrain_without_f6_suppressor,27,3.108199192927434,3.4092817306518555
55,retrain_without_f6_suppressor,28,3.104981972621037,3.478905439376831
55,retrain_without_f6_suppressor,29,3.1011679355914774,3.440917134284973
55,retrain_without_f6_suppressor,30,3.076403361100417,3.488799214363098
55,retrain_without_f6_suppressor,31,3.083150716928335,3.4819319248199463
55,retrain_without_f6_suppressor,32,3.076588208858784,3.4808279275894165
55,retrain_without_f6_suppressor,33,3.0724395421835093,3.5105412006378174
55,retrain_without_f6_suppressor,34,3.065823591672457,3.476051688194275
55,retrain_without_f6_suppressor,35,3.049552293924185,3.480242252349853
55,retrain_without_f6_suppressor,36,3.046314973097581,3.512935876846313
55,retrain_without_f6_suppressor,37,3.030475121278029,3.475705862045288
55,retrain_without_f6_suppressor,38,3.031392134152926,3.477395415306092
55,retrain_without_f6_suppressor,39,3.0236282165233908,3.5214112997055054
55,retrain_without_f6_suppressor,40,3.0141679507035475,3.480218529701233
55,retrain_without_f6_suppressor,41,3.0131007524637075,3.562442898750305
55,retrain_without_f7_weak,0,5.08616304397583,4.895320415496826
55,retrain_without_f7_weak,1,4.542836079230676,4.4551920890808105
55,retrain_without_f7_weak,2,4.123348749600924,4.0159430503845215
55,retrain_without_f7_weak,3,3.648487292803251,3.541178584098816
55,retrain_without_f7_weak,4,3.222925461255587,3.0187288522720337
55,retrain_without_f7_weak,5,2.530635540301984,2.364870309829712
55,retrain_without_f7_weak,6,2.0583480504842906,2.0520811080932617
55,retrain_without_f7_weak,7,1.9497342843275804,2.0315998792648315
55,retrain_without_f7_weak,8,1.8545730847578783,2.083287477493286
55,retrain_without_f7_weak,9,1.8760158373759344,1.9988877773284912
55,retrain_without_f7_weak,10,1.8156814575195312,1.9729515314102173
55,retrain_without_f7_weak,11,1.7372116125546968,1.9641825556755064
55,retrain_without_f7_weak,12,1.719459240253155,1.955458164215088
55,retrain_without_f7_weak,13,1.6939543944138746,1.974744617938996
55,retrain_without_f7_weak,14,1.6933517180956328,1.910310566425324
55,retrain_without_f7_weak,15,1.6659752680705144,1.870705485343933
55,retrain_without_f7_weak,16,1.6350774765014648,1.8526015281677248
55,retrain_without_f7_weak,17,1.6481478489362276,1.9271451234817505
55,retrain_without_f7_weak,18,1.62792483659891,1.9006966948509216
55,retrain_without_f7_weak,19,1.6065149215551524,1.8906418085098269
55,retrain_without_f7_weak,20,1.603822112083435,1.883705079555512
55,retrain_without_f7_weak,21,1.5959460276823778,1.8799760341644287
55,retrain_without_f7_weak,22,1.5875243223630464,1.867402732372284
55,retrain_without_f7_weak,23,1.5779263423039362,1.8459343910217283
55,retrain_without_f7_weak,24,1.5799554678109975,1.8203338980674744
55,retrain_without_f7_weak,25,1.5771103363770704,1.8250133991241453
55,retrain_without_f7_weak,26,1.5582813849815955,1.8756957650184631
55,retrain_without_f7_weak,27,1.5514917281957774,1.7973317503929138
55,retrain_without_f7_weak,28,1.5535858869552612,1.945256173610688
55,retrain_without_f7_weak,29,1.5499466565939095,1.8753013610839844
55,retrain_without_f7_weak,30,1.5501997470855713,1.8915578126907349
55,retrain_without_f7_weak,31,1.5232836741667528,1.9092029929161072
55,retrain_without_f7_weak,32,1.5271161519564116,1.9062336683273315
55,retrain_without_f7_weak,33,1.5240930227132945,1.852555513381958
55,retrain_without_f7_weak,34,1.5189160383664644,1.854542315006256
55,retrain_without_f7_weak,35,1.502337987606342,1.8165194392204285
55,retrain_without_f7_weak,36,1.5016882144487822,1.8686593770980835
55,retrain_without_f7_weak,37,1.4897313026281505,1.8121617436409
55,retrain_without_f7_weak,38,1.4935153539364154,1.8291288614273071
55,retrain_without_f7_weak,39,1.4796186135365412,1.9070837497711184
55,retrain_without_f7_weak,40,1.4823552186672504,1.8273111581802368
55,retrain_without_f7_weak,41,1.4861483573913574,1.900029480457306
55,retrain_without_f7_weak,42,1.484942903885475,1.8564373254776
55,retrain_without_f7_weak,43,1.4645330172318678,1.849656164646149
55,retrain_without_f7_weak,44,1.5086720081476064,1.8164432644844053
55,retrain_without_f7_weak,45,1.4863211741814246,1.8820618391036987
55,retrain_without_f7_weak,46,1.4595936903586757,1.9098499417304995
55,retrain_without_f7_weak,47,1.444973707199097,1.890963852405548
55,retrain_without_f7_weak,48,1.438257520015423,1.8806358575820925
55,retrain_without_f7_weak,49,1.4399885030893178,1.8362585306167605
55,retrain_without_f7_weak,50,1.4344235475246725,1.847055077552796
55,retrain_without_f7_weak,51,1.4324044906176054,1.8370932340621948
55,retrain_without_f7_weak,52,1.4365477653650136,1.829668045043945
55,retrain_without_f8_bigcoef,0,5.092522547795222,4.9114649295806885
55,retrain_without_f8_bigcoef,1,4.581260094275842,4.522767782211304
55,retrain_without_f8_bigcoef,2,4.200663639948918,4.1285035610198975
55,retrain_without_f8_bigcoef,3,3.783936207111066,3.729357123374939
55,retrain_without_f8_bigcoef,4,3.401832048709576,3.2781938314437866
55,retrain_without_f8_bigcoef,5,2.742262051655696,2.5824100971221924
55,retrain_without_f8_bigcoef,6,2.253607694919293,2.355413913726806
55,retrain_without_f8_bigcoef,7,2.1385805240044227,2.242446541786194
55,retrain_without_f8_bigcoef,8,2.045651619250958,2.3290762901306152
55,retrain_without_f8_bigcoef,9,2.0532583731871386,2.186547040939331
55,retrain_without_f8_bigcoef,10,1.9785645925081687,2.2472232580184937
55,retrain_without_f8_bigcoef,11,1.9277460391704853,2.178299188613892
55,retrain_without_f8_bigcoef,12,1.900741641338055,2.178176760673523
55,retrain_without_f8_bigcoef,13,1.8833017991139336,2.1905605792999268
55,retrain_without_f8_bigcoef,14,1.882103369786189,2.136334180831909
55,retrain_without_f8_bigcoef,15,1.8442250306789687,2.1245874166488647
55,retrain_without_f8_bigcoef,16,1.8183072530306303,2.0747649669647217
55,retrain_without_f8_bigcoef,17,1.820090990800124,2.124908208847046
55,retrain_without_f8_bigcoef,18,1.8188906449538007,2.125752091407776
55,retrain_without_f8_bigcoef,19,1.7876446430499735,2.0877779722213745
55,retrain_without_f8_bigcoef,20,1.777717251044053,2.0719661712646484
55,retrain_without_f8_bigcoef,21,1.7767108862216656,2.0927127599716187
55,retrain_without_f8_bigcoef,22,1.78603523511153,2.155125856399536
55,retrain_without_f8_bigcoef,23,1.819916725158692,2.039298176765442
55,retrain_without_f8_bigcoef,24,1.7601802073992217,2.0229621529579163
55,retrain_without_f8_bigcoef,25,1.7511758437523477,2.045391261577606
55,retrain_without_f8_bigcoef,26,1.7420920592087965,2.061728537082672
55,retrain_without_f8_bigcoef,27,1.735488854921781,2.0417288541793823
55,retrain_without_f8_bigcoef,28,1.759918607198275,2.086966872215271
55,retrain_without_f8_bigcoef,29,1.7347209820380578,2.086892008781433
55,retrain_without_f8_bigcoef,30,1.7218859562507045,2.096447706222534
55,retrain_without_f8_bigcoef,31,1.7108508898661687,2.115819811820984
55,retrain_without_f8_bigcoef,32,1.7077529430389404,2.1132386922836304
55,retrain_without_f8_bigcoef,33,1.707242177082942,2.095300078392029
55,retrain_without_f8_bigcoef,34,1.703518353975736,2.065455913543701
55,retrain_without_f8_bigcoef,35,1.6915426070873554,2.0413053035736084
55,retrain_without_f8_bigcoef,36,1.6882306795853834,2.123841524124145
55,retrain_without_f8_bigcoef,37,1.6794809011312632,2.0508933067321777
55,retrain_without_f8_bigcoef,38,1.6789875305615938,2.070363759994507
55,retrain_without_f8_bigcoef,39,1.669450512299171,2.1171470880508423
55,retrain_without_f8_bigcoef,40,1.6684161791434655,2.0629066228866577
55,retrain_without_f8_bigcoef,41,1.6626412593401396,2.1047677993774414
55,retrain_without_f8_bigcoef,42,1.652451414328355,2.095042586326599
55,retrain_without_f8_bigcoef,43,1.6450769075980554,2.10307776927948
55,retrain_without_f8_bigcoef,44,1.6698464155197144,2.0559369325637817
55,retrain_without_f8_bigcoef,45,1.6364767459722669,2.098695039749145
55,retrain_without_f8_bigcoef,46,1.6313773210232074,2.126758337020874
55,retrain_without_f8_bigcoef,47,1.6611527571311364,2.1156822443008423
55,retrain_without_f8_bigcoef,48,1.6617220915280857,2.1469075679779053
55,retrain_without_f8_bigcoef,49,1.6306463204897368,2.0642672777175903
55,retrain_without_noise_0,0,5.059149265289307,4.855070114135742
55,retrain_without_noise_0,1,4.506699855511005,4.4093663692474365
55,retrain_without_noise_0,2,4.066701522240272,3.945854187011719
55,retrain_without_noise_0,3,3.575556755065918,3.461583137512207
55,retrain_without_noise_0,4,3.1483440032372108,2.9551491737365723
55,retrain_without_noise_0,5,2.460412483948928,2.346279263496399
55,retrain_without_noise_0,6,2.0139082303413978,2.020203828811645
55,retrain_without_noise_0,7,1.893110651236314,1.9618889689445496
55,retrain_without_noise_0,8,1.8149978472636297,2.0152812004089355
55,retrain_without_noise_0,9,1.7709001761216383,1.906553864479065
55,retrain_without_noise_0,10,1.7058514173214252,1.9017763137817385
55,retrain_without_noise_0,11,1.6551218032836914,1.8737603425979608
55,retrain_without_noise_0,12,1.6488615732926588,1.853765308856964
55,retrain_without_noise_0,13,1.6325483047045195,1.90883219242096
55,retrain_without_noise_0,14,1.619490045767564,1.8387640714645384
55,retrain_without_noise_0,15,1.5968958597916822,1.7950583696365356
55,retrain_without_noise_0,16,1.5687321424484253,1.7887099981307983
55,retrain_without_noise_0,17,1.5859899245775664,1.834642469882965
55,retrain_without_noise_0,18,1.5534378106777484,1.818538784980774
55,retrain_without_noise_0,19,1.5336000735943134,1.7807450890541077
55,retrain_without_noise_0,20,1.5218586829992442,1.7937004566192627
55,retrain_without_noise_0,21,1.5110177993774414,1.773828387260437
55,retrain_without_noise_0,22,1.5097474593382616,1.762110471725464
55,retrain_without_noise_0,23,1.5037738634989812,1.7572380900382996
55,retrain_without_noise_0,24,1.4928714678837702,1.736992120742798
55,retrain_without_noise_0,25,1.4764208793640137,1.746462345123291
55,retrain_without_noise_0,26,1.4825321986125066,1.771100401878357
55,retrain_without_noise_0,27,1.4698926852299616,1.72670179605484
55,retrain_without_noise_0,28,1.4795115819344151,1.8861183524131773
55,retrain_without_noise_0,29,1.4956070368106549,1.7697278261184692
55,retrain_without_noise_0,30,1.4527638783821692,1.823980987071991
55,retrain_without_noise_0,31,1.4385214952322154,1.8069672584533687
55,retrain_without_noise_0,32,1.4459075652636015,1.7997511625289917
55,retrain_without_noise_0,33,1.44154626589555,1.7790228724479675
55,retrain_without_noise_0,34,1.4387653240790734,1.763724684715271
55,retrain_without_noise_0,35,1.4331041207680335,1.745040237903595
55,retrain_without_noise_0,36,1.4238174603535578,1.80876886844635
55,retrain_without_noise_0,37,1.4069777452028716,1.73892480134964
55,retrain_without_noise_0,38,1.4097507916964018,1.752058744430542
55,retrain_without_noise_0,39,1.4017732785298274,1.8356701135635376
55,retrain_without_noise_0,40,1.4128286563433134,1.7847107648849487
55,retrain_without_noise_0,41,1.4027546460811908,1.7971850037574768
55,retrain_without_noise_0,42,1.3888412438906157,1.7979966402053833
55,retrain_without_noise_0,43,1.387967403118427,1.7710313200950625
55,retrain_without_noise_0,44,1.3980408540138831,1.7248173356056211
55,retrain_without_noise_0,45,1.3727798828711877,1.7931783199310305
55,retrain_without_noise_0,46,1.371524792451125,1.8198286294937127
55,retrain_without_noise_0,47,1.3936910170775194,1.818233847618103
55,retrain_without_noise_0,48,1.3912367270543025,1.8037055730819704
55,retrain_without_noise_0,49,1.3718551672421968,1.743220567703247
55,retrain_without_noise_0,50,1.3498106002807615,1.7694445848464966
55,retrain_without_noise_0,51,1.3438089260688195,1.7657689452171326
55,retrain_without_noise_0,52,1.3515513218366182,1.782321810722351
55,retrain_without_noise_0,53,1.3389741274026723,1.7596662044525146
55,retrain_without_noise_0,54,1.3434905914159925,1.844070672988892
55,retrain_without_noise_0,55,1.3197675943374634,1.8124751448631289
55,retrain_without_noise_0,56,1.3268096722089326,1.7857298851013184
55,retrain_without_noise_0,57,1.3277790546417236,1.822483777999878
55,retrain_without_noise_0,58,1.3139472099450915,1.8205917477607727
55,retrain_without_noise_0,59,1.321949527813838,1.8543222546577447
55,retrain_without_noise_0,60,1.3120446388538067,1.827308654785156
55,retrain_without_noise_0,61,1.3085891100076528,1.8563234210014343
55,retrain_without_noise_0,62,1.3071893545297475,1.826985478401184
55,retrain_without_noise_0,63,1.2974253434401293,1.7774089574813845
55,retrain_without_noise_0,64,1.2904363320424006,1.8074567914009088
55,retrain_without_noise_0,65,1.3063985751225398,1.8031747937202447
55,retrain_without_noise_0,66,1.2832713769032404,1.780329704284668
55,retrain_without_noise_0,67,1.2774517444463878,1.820935428142548
55,retrain_without_noise_0,68,1.2729776730904212,1.7974826097488403
55,retrain_without_noise_0,69,1.2648360637518077,1.7816226482391355
99,masked_npe,0,5.193116334768442,5.029628753662109
99,masked_npe,1,4.901599957392766,4.826064586639404
99,masked_npe,2,4.73105867092426,4.7162559032440186
99,masked_npe,3,4.539169238163875,4.509991645812988
99,masked_npe,4,4.351455028240498,4.347148895263672
99,masked_npe,5,4.272391209235559,4.347514629364014
99,masked_npe,6,4.188458534387442,4.276488542556763
99,masked_npe,7,4.171720101283147,4.2135326862335205
99,masked_npe,8,4.154052807734563,4.245984315872192
99,masked_npe,9,4.137952217688928,4.260574817657471
99,masked_npe,10,4.129525954906757,4.222539186477661
99,masked_npe,11,4.091076997610239,4.242990732192993
99,masked_npe,12,4.086962846609263,4.208294630050659
99,masked_npe,13,4.0688593204204855,4.152658462524414
99,masked_npe,14,4.044785004395705,4.109985589981079
99,masked_npe,15,3.97919669518104,4.147053003311157
99,masked_npe,16,3.9725362887749305,4.037917613983154
99,masked_npe,17,3.948295079744779,4.048293948173523
99,masked_npe,18,3.902885418671828,3.9964905977249146
99,masked_npe,19,3.897446210567768,4.00447690486908
99,masked_npe,20,3.817861520327056,3.918229103088379
99,masked_npe,21,3.775618461462168,4.007077932357788
99,masked_npe,22,3.804139687464788,3.8624573945999146
99,masked_npe,23,3.760454893112183,3.8389171361923218
99,masked_npe,24,3.7624179216531606,3.904055833816528
99,masked_npe,25,3.710248947143554,3.794940233230591
99,masked_npe,26,3.678544319592989,3.855458378791809
99,masked_npe,27,3.688912501701942,3.9003149271011353
99,masked_npe,28,3.6807055106529822,3.826358437538147
99,masked_npe,29,3.652772206526536,3.832403302192688
99,masked_npe,30,3.641399493584266,3.7776321172714233
99,masked_npe,31,3.6072355050307054,3.756899118423462
99,masked_npe,32,3.589991991336529,3.764559149742128
99,masked_npe,33,3.60283873631404,3.723821640014648
99,masked_npe,34,3.599713600598849,3.740066885948181
99,masked_npe,35,3.5917869347792406,3.702275156974793
99,masked_npe,36,3.581678793980525,3.759983777999878
99,masked_npe,37,3.585531693238478,3.73772394657135
99,masked_npe,38,3.5871712611271787,3.784482836723328
99,masked_npe,39,3.601381338559664,3.7285215854644775
99,masked_npe,40,3.6191847691169152,3.7480781078338623
99,masked_npe,41,3.5710942378410926,3.755601167678833
99,masked_npe,42,3.557202614270724,3.695986270904541
99,masked_npe,43,3.560167202582726,3.702276587486267
99,masked_npe,44,3.516305758402898,3.7414355278015137
99,masked_npe,45,3.557002746141874,3.695163130760193
99,masked_npe,46,3.5268851060133715,3.666557550430298
99,masked_npe,47,3.5246214316441464,3.714536190032959
99,masked_npe,48,3.5342725607065053,3.662603735923767
99,masked_npe,49,3.5108748032496524,3.660335540771485
99,masked_npe,50,3.530874967575073,3.670645475387573
99,masked_npe,51,3.520421138176552,3.632040023803711
99,masked_npe,52,3.547492118982168,3.721010327339173
99,masked_npe,53,3.500591388115516,3.738333940505981
99,masked_npe,54,3.5100257213299093,3.695198655128479
99,masked_npe,55,3.533466155712421,3.71467387676239
99,masked_npe,56,3.4996842604417067,3.684918165206909
99,masked_npe,57,3.490773549446693,3.670717716217041
99,masked_npe,58,3.4939178503476658,3.662540435791016
99,masked_npe,59,3.5236518749823937,3.614158034324646
99,masked_npe,60,3.5294028428884654,3.680684804916382
99,masked_npe,61,3.4798820385566125,3.638052940368652
99,masked_npe,62,3.500015350488516,3.660422921180725
99,masked_npe,63,3.482734698515672,3.654650926589966
99,masked_npe,64,3.474750096981342,3.682766556739807
99,masked_npe,65,3.493885333721454,3.6077109575271606
99,masked_npe,66,3.4836443937741794,3.6639325618743896
99,masked_npe,67,3.4844947228064904,3.65230655670166
99,masked_npe,68,3.4852712887984056,3.718787670135498
99,masked_npe,69,3.506191400381235,3.648529052734375
99,masked_npe,70,3.4954022077413707,3.684438943862915
99,masked_npe,71,3.4769653540391188,3.69704842567444
99,masked_npe,72,3.509492250589224,3.668647885322571
99,masked_npe,73,3.4850569504957933,3.671890258789064
99,masked_npe,74,3.4889027705559363,3.6579337120056152
99,masked_npe,75,3.4501846937032847,3.621243715286255
99,masked_npe,76,3.46696505179772,3.604897618293762
99,masked_npe,77,3.4752864287449765,3.645718574523926
99,masked_npe,78,3.4636849623460035,3.633694529533386
99,masked_npe,79,3.4791307632739725,3.6291465759277344
99,masked_npe,80,3.5068857486431417,3.641950845718384
99,masked_npe,81,3.4295726922842174,3.678984880447388
99,masked_npe,82,3.4841232299804688,3.628901362419128
99,masked_npe,83,3.487010332254263,3.643635034561157
99,masked_npe,84,3.4506773398472714,3.651378035545349
99,masked_npe,85,3.4599050191732554,3.639430165290833
99,masked_npe,86,3.4460449402148905,3.668808460235596
99,masked_npe,87,3.473299558346088,3.704793691635132
99,masked_npe,88,3.478531433985784,3.625518679618835
99,masked_npe,89,3.449469511325543,3.607502698898315
99,masked_npe,90,3.4508118079258847,3.6502314805984497
99,masked_npe,91,3.478314161300659,3.6270781755447374
99,masked_npe,92,3.430391843502338,3.611091732978821
99,masked_npe,93,3.468086132636437,3.643692851066589
99,masked_npe,94,3.436756134033203,3.6261165142059326
99,masked_npe,95,3.461117854485145,3.65326738357544
99,masked_npe,96,3.408349770766038,3.644249081611633
99,masked_npe,97,3.432164430618286,3.637809038162232
99,masked_npe,98,3.478829787327693,3.642897844314575
99,masked_npe,99,3.447927529995258,3.665268659591675
99,masked_npe,100,3.469624977845412,3.654644727706909
99,masked_npe,101,3.470588262264545,3.640082359313965
99,dedicated_npe,0,5.138861802908091,4.845407724380493
99,dedicated_npe,1,4.588299787961519,4.407250642776489
99,dedicated_npe,2,4.155139556297889,3.9679359197616577
99,dedicated_npe,3,3.69773110976586,3.537940740585327
99,dedicated_npe,4,3.2684723964104285,3.158823013305664
99,dedicated_npe,5,2.696692081598135,2.312530517578125
99,dedicated_npe,6,2.1104992903195896,2.048222064971924
99,dedicated_npe,7,1.969286350103525,1.9983876943588257
99,dedicated_npe,8,1.8410667914610643,1.9280130863189693
99,dedicated_npe,9,1.8008655584775484,1.9134212136268616
99,dedicated_npe,10,1.7761203784209032,1.8738698959350584
99,dedicated_npe,11,1.7347106566795936,1.8650522232055664
99,dedicated_npe,12,1.6957870355019202,1.8185870051383968
99,dedicated_npe,13,1.6851941989018366,1.8180687427520752
99,dedicated_npe,14,1.6407512151277983,1.77168470621109
99,dedicated_npe,15,1.649415868979234,1.8076103329658508
99,dedicated_npe,16,1.6201122173896203,1.8104960322380064
99,dedicated_npe,17,1.602042555809021,1.824040770530701
99,dedicated_npe,18,1.609367297245906,1.7870672941207886
99,dedicated_npe,19,1.5971503532849824,1.9239047765731807
99,dedicated_npe,20,1.6097700870954073,1.747772216796875
99,dedicated_npe,21,1.547430561139033,1.7110214233398438
99,dedicated_npe,22,1.5644060189907367,1.877834379673004
99,dedicated_npe,23,1.5602748302313,1.7569947242736816
99,dedicated_npe,24,1.5287625697942882,1.761526882648468
99,dedicated_npe,25,1.5184343136273897,1.725451648235321
99,dedicated_npe,26,1.505000582108131,1.7657760977745056
99,dedicated_npe,27,1.4905240077238815,1.8019922971725464
99,dedicated_npe,28,1.4886284608107347,1.7475048899650574
99,dedicated_npe,29,1.4981897610884447,1.8045320510864256
99,dedicated_npe,30,1.4920061001410851,1.7410444617271423
99,dedicated_npe,31,1.475524352147029,1.7481808066368103
99,dedicated_npe,32,1.482045788031358,1.7586296200752258
99,dedicated_npe,33,1.4799719865505512,1.7444204688072205
99,dedicated_npe,34,1.4488054330532367,1.787660539150238
99,dedicated_npe,35,1.448338169317979,1.7830699682235718
99,dedicated_npe,36,1.4505317211151123,1.717581033706665
99,dedicated_npe,37,1.4334633166973407,1.80541342496872
99,dedicated_npe,38,1.437191367149353,1.8134621381759644
99,dedicated_npe,39,1.4508010699198797,1.768830120563507
99,dedicated_npe,40,1.4188490647536058,1.7781705856323242
99,dedicated_npe,41,1.4072490747158344,1.7453954219818115
99,dedicated_npe,42,1.4178286240651057,1.7572070956230164
99,dedicated_npe,43,1.39980947971344,1.7974772453308103
99,dedicated_npe,44,1.4014394008196318,1.7608942985534668
99,dedicated_npe,45,1.405468252988962,1.7424323558807373
99,dedicated_npe,46,1.3876425119546745,1.77470600605011
99,retrain_without_f1_strong_t1,0,5.0582326375521145,4.820231676101685
99,retrain_without_f1_strong_t1,1,4.564441497509296,4.4476423263549805
99,retrain_without_f1_strong_t1,2,4.185127294980562,4.064929246902466
99,retrain_without_f1_strong_t1,3,3.803337574005127,3.7992080450057983
99,retrain_without_f1_strong_t1,4,3.638974373157208,3.735654830932617
99,retrain_without_f1_strong_t1,5,3.575673836928148,3.670491099357605
99,retrain_without_f1_strong_t1,6,3.531253686318031,3.6605513095855713
99,retrain_without_f1_strong_t1,7,3.50321810062115,3.65292239189148
99,retrain_without_f1_strong_t1,8,3.480831347979032,3.609748125076294
99,retrain_without_f1_strong_t1,9,3.466160627511832,3.670686721801758
99,retrain_without_f1_strong_t1,10,3.4470069591815653,3.6571966409683214
99,retrain_without_f1_strong_t1,11,3.4407578248244066,3.63390052318573
99,retrain_without_f1_strong_t1,12,3.433616363085233,3.625589370727539
99,retrain_without_f1_strong_t1,13,3.420108776826125,3.604530334472656
99,retrain_without_f1_strong_t1,14,3.409546833771926,3.648778796195984
99,retrain_without_f1_strong_t1,15,3.4032205801743727,3.6167829036712646
99,retrain_without_f1_strong_t1,16,3.391637527025663,3.597994089126587
99,retrain_without_f1_strong_t1,17,3.3799160443819485,3.634387135505676
99,retrain_without_f1_strong_t1,18,3.3756471230433536,3.629517555236816
99,retrain_without_f1_strong_t1,19,3.369917667829073,3.6503264904022217
99,retrain_without_f1_strong_t1,20,3.356995307482206,3.666877269744873
99,retrain_without_f1_strong_t1,21,3.365824387623713,3.6119500398635855
99,retrain_without_f1_strong_t1,22,3.3492047236515927,3.6296290159225455
99,retrain_without_f1_strong_t1,23,3.35036851809575,3.6603729724884033
99,retrain_without_f1_strong_t1,24,3.338783025741577,3.6759673357009888
99,retrain_without_f1_strong_t1,25,3.333826963718121,3.650677800178528
99,retrain_without_f1_strong_t1,26,3.3293985770298886,3.650032877922058
99,retrain_without_f1_strong_t1,27,3.3275934549478383,3.678441286087036
99,retrain_without_f1_strong_t1,28,3.308591054036067,3.599918484687805
99,retrain_without_f1_strong_t1,29,3.307878017425537,3.6534583568573
99,retrain_without_f1_strong_t1,30,3.304702648749718,3.664131283760071
99,retrain_without_f1_strong_t1,31,3.29232696386484,3.6746479272842407
99,retrain_without_f1_strong_t1,32,3.2946294454427867,3.6362035274505615
99,retrain_without_f1_strong_t1,33,3.292615963862493,3.6772540807724
99,retrain_without_f1_strong_t1,34,3.2755412688622108,3.63957142829895
99,retrain_without_f1_strong_t1,35,3.273198311145489,3.681464195251465
99,retrain_without_f1_strong_t1,36,3.252713496868427,3.647994041442871
99,retrain_without_f1_strong_t1,37,3.2643402906564565,3.643220663070679
99,retrain_without_f1_strong_t1,38,3.2561049461364746,3.685049295425415
99,retrain_without_f1_strong_t1,39,3.247079519125132,3.672235369682312
99,retrain_without_f1_strong_t1,40,3.2410321969252367,3.680353403091431
99,retrain_without_f1_strong_t1,41,3.225868133398203,3.71127998828888
99,retrain_without_f2_strong_t2,0,5.068022287808931,4.844946622848511
99,retrain_without_f2_strong_t2,1,4.618459921616775,4.519270181655884
99,retrain_without_f2_strong_t2,2,4.32464599609375,4.270100831985474
99,retrain_without_f2_strong_t2,3,4.094319600325364,4.112194776535034
99,retrain_without_f2_strong_t2,4,3.855177512535682,3.7229121923446655
99,retrain_without_f2_strong_t2,5,3.265282374161941,2.979366064071656
99,retrain_without_f2_strong_t2,6,2.7749421963324914,2.771820306777954
99,retrain_without_f2_strong_t2,7,2.616677027482253,2.64682674407959
99,retrain_without_f2_strong_t2,8,2.5503793312953067,2.646949052810669
99,retrain_without_f2_strong_t2,9,2.52795698092534,2.6421648263931274
99,retrain_without_f2_strong_t2,10,2.462244290571946,2.603200316429138
99,retrain_without_f2_strong_t2,11,2.434394194529607,2.6244678497314453
99,retrain_without_f2_strong_t2,12,2.411835248653705,2.5528125762939453
99,retrain_without_f2_strong_t2,13,2.3829972377190223,2.5535601377487183
99,retrain_without_f2_strong_t2,14,2.3630584386678843,2.5724637508392334
99,retrain_without_f2_strong_t2,15,2.352812620309683,2.5318539142608643
99,retrain_without_f2_strong_t2,16,2.336061092523428,2.5901939868927
99,retrain_without_f2_strong_t2,17,2.334705114364624,2.5371756553649902
99,retrain_without_f2_strong_t2,18,2.32827692765456,2.5649960041046143
99,retrain_without_f2_strong_t2,19,2.304967568470881,2.5256216526031494
99,retrain_without_f2_strong_t2,20,2.291836280089158,2.584293007850647
99,retrain_without_f2_strong_t2,21,2.306880785868718,2.5327908992767334
99,retrain_without_f2_strong_t2,22,2.2927643885979285,2.5302388668060303
99,retrain_without_f2_strong_t2,23,2.2745195718911977,2.5126012563705444
99,retrain_without_f2_strong_t2,24,2.2554609225346494,2.551316618919373
99,retrain_without_f2_strong_t2,25,2.2574451519892764,2.5264673233032227
99,retrain_without_f2_strong_t2,26,2.2599595326643724,2.5447843074798584
99,retrain_without_f2_strong_t2,27,2.243566494721633,2.523949980735779
99,retrain_without_f2_strong_t2,28,2.249935425244845,2.4844987392425537
99,retrain_without_f2_strong_t2,29,2.2403377386239858,2.545309901237488
99,retrain_without_f2_strong_t2,30,2.2345514480884257,2.5180044174194336
99,retrain_without_f2_strong_t2,31,2.209881140635564,2.5804229974746704
99,retrain_without_f2_strong_t2,32,2.2554880472329946,2.5237358808517456
99,retrain_without_f2_strong_t2,33,2.227870831122765,2.557892084121704
99,retrain_without_f2_strong_t2,34,2.220126518836388,2.552361845970154
99,retrain_without_f2_strong_t2,35,2.202258880321796,2.554833173751831
99,retrain_without_f2_strong_t2,36,2.184720369485708,2.531492829322815
99,retrain_without_f2_strong_t2,37,2.191258613879864,2.500574111938477
99,retrain_without_f2_strong_t2,38,2.181845664978028,2.5836273431777954
99,retrain_without_f2_strong_t2,39,2.196531497515165,2.5406625270843506
99,retrain_without_f2_strong_t2,40,2.1825796274038463,2.558396100997925
99,retrain_without_f2_strong_t2,41,2.178891842181866,2.599252939224243
99,retrain_without_f2_strong_t2,42,2.1752966917478123,2.554116725921631
99,retrain_without_f2_strong_t2,43,2.152909407248864,2.5334211587905884
99,retrain_without_f2_strong_t2,44,2.145249476799598,2.5420271158218384
99,retrain_without_f2_strong_t2,45,2.133104379360492,2.5088647603988647
99,retrain_without_f2_strong_t2,46,2.1484175461989183,2.556702852249145
99,retrain_without_f2_strong_t2,47,2.143090028029221,2.557554125785828
99,retrain_without_f2_strong_t2,48,2.1294076717816868,2.5973174571990967
99,retrain_without_f2_strong_t2,49,2.133564481368432,2.563010931015014
99,retrain_without_f2_strong_t2,50,2.130033804820134,2.545638084411621
99,retrain_without_f2_strong_t2,51,2.1296827976520243,2.5373969078063965
99,retrain_without_f2_strong_t2,52,2.1138667235007653,2.56604552268982
99,retrain_without_f2_strong_t2,53,2.106873769026536,2.6207199096679688
99,retrain_without_f3_dup_a,0,5.073941304133489,4.807730197906494
99,retrain_without_f3_dup_a,1,4.54401735159067,4.371981859207153
99,retrain_without_f3_dup_a,2,4.093846431145301,3.890219449996948
99,retrain_without_f3_dup_a,3,3.607359372652494,3.490926504135132
99,retrain_without_f3_dup_a,4,3.209904560675988,3.0415892601013184
99,retrain_without_f3_dup_a,5,2.545356383690468,2.2388144731521606
99,retrain_without_f3_dup_a,6,2.0783814833714414,2.1046491861343384
99,retrain_without_f3_dup_a,7,1.917722115149865,1.9465733170509336
99,retrain_without_f3_dup_a,8,1.831840111659124,1.901448130607605
99,retrain_without_f3_dup_a,9,1.7849727318837092,1.9302183985710144
99,retrain_without_f3_dup_a,10,1.7326039992845976,1.901320993900299
99,retrain_without_f3_dup_a,11,1.714693234517024,1.8633084893226624
99,retrain_without_f3_dup_a,12,1.686380230463468,1.8337178826332088
99,retrain_without_f3_dup_a,13,1.6569516108586235,1.817347526550293
99,retrain_without_f3_dup_a,14,1.6232645511627195,1.8089779019355767
99,retrain_without_f3_dup_a,15,1.6170574059853189,1.8068257570266724
99,retrain_without_f3_dup_a,16,1.5983721109536977,1.77566659450531
99,retrain_without_f3_dup_a,17,1.5828806987175574,1.7970606088638306
99,retrain_without_f3_dup_a,18,1.5755829444298377,1.759534239768982
99,retrain_without_f3_dup_a,19,1.555401169336759,1.7854098081588743
99,retrain_without_f3_dup_a,20,1.5481116496599638,1.824455976486206
99,retrain_without_f3_dup_a,21,1.5505936512580285,1.7583629488945007
99,retrain_without_f3_dup_a,22,1.560739278793335,1.765763759613037
99,retrain_without_f3_dup_a,23,1.585514866388761,1.7590495944023132
99,retrain_without_f3_dup_a,24,1.5054059487122755,1.8185639381408687
99,retrain_without_f3_dup_a,25,1.5084459781646729,1.7873997688293457
99,retrain_without_f3_dup_a,26,1.51029882981227,1.782282531261444
99,retrain_without_f3_dup_a,27,1.489434315608098,1.8120815753936768
99,retrain_without_f3_dup_a,28,1.5212363921678984,1.7602053880691528
99,retrain_without_f3_dup_a,29,1.525549081655649,1.824222445487976
99,retrain_without_f3_dup_a,30,1.5288285567210271,1.7779515981674194
99,retrain_without_f3_dup_a,31,1.4923961345966046,1.865386128425598
99,retrain_without_f3_dup_a,32,1.477628231048584,1.754296898841858
99,retrain_without_f3_dup_a,33,1.4571651770518377,1.7746429443359375
99,retrain_without_f3_dup_a,34,1.4558056684640737,1.8569623231887813
99,retrain_without_f3_dup_a,35,1.4795280878360455,1.819865643978119
99,retrain_without_f3_dup_a,36,1.4429011803406937,1.7605310678482056
99,retrain_without_f3_dup_a,37,1.4347738577769351,1.7337875962257383
99,retrain_without_f3_dup_a,38,1.4199862021666307,1.7751469016075134
99,retrain_without_f3_dup_a,39,1.4270059695610633,1.775453269481659
99,retrain_without_f3_dup_a,40,1.4048707393499522,1.7732828855514526
99,retrain_without_f3_dup_a,41,1.400602331528297,1.804516851902008
99,retrain_without_f3_dup_a,42,1.4139246757213886,1.7954506278038025
99,retrain_without_f3_dup_a,43,1.4023507650081928,1.7730562686920166
99,retrain_without_f3_dup_a,44,1.3945647661502545,1.764415621757507
99,retrain_without_f3_dup_a,45,1.382614520879892,1.7578898668289185
99,retrain_without_f3_dup_a,46,1.3794156496341412,1.8028289675712583
99,retrain_without_f3_dup_a,47,1.3801098603468676,1.793903946876526
99,retrain_without_f3_dup_a,48,1.3755645476854763,1.8466891646385195
99,retrain_without_f3_dup_a,49,1.3656772191707904,1.7842165231704712
99,retrain_without_f3_dup_a,50,1.3598028879899244,1.84165233373642
99,retrain_without_f3_dup_a,51,1.3838220834732056,1.7781797051429749
99,retrain_without_f3_dup_a,52,1.3623961026851947,1.783878743648529
99,retrain_without_f3_dup_a,53,1.3365818445499127,1.828258156776428
99,retrain_without_f3_dup_a,54,1.3415713493640606,1.7997867465019226
99,retrain_without_f3_dup_a,55,1.3327762530400202,1.8102721571922304
99,retrain_without_f3_dup_a,56,1.3321619950808012,1.821741223335266
99,retrain_without_f3_dup_a,57,1.3267488938111525,1.8171865344047544
99,retrain_without_f3_dup_a,58,1.3154612596218402,1.7796244621276855
99,retrain_without_f3_dup_a,59,1.3085705958879912,1.7491440176963806
99,retrain_without_f3_dup_a,60,1.3140406241783729,1.7874106764793396
99,retrain_without_f3_dup_a,61,1.3057922216562123,1.9057098627090447
99,retrain_without_f3_dup_a,62,1.2940064210158129,1.7987020015716553
99,retrain_without_f4_dup_b,0,5.07249509371244,4.8102867603302
99,retrain_without_f4_dup_b,1,4.542165316068209,4.375478506088257
99,retrain_without_f4_dup_b,2,4.092232722502488,3.901395320892334
99,retrain_without_f4_dup_b,3,3.605516378696149,3.504191637039185
99,retrain_without_f4_dup_b,4,3.204203403913058,3.036167025566101
99,retrain_without_f4_dup_b,5,2.5437620603121243,2.255938172340393
99,retrain_without_f4_dup_b,6,2.0853874133183408,2.080404758453369
99,retrain_without_f4_dup_b,7,1.9143283367156985,1.949162840843201
99,retrain_without_f4_dup_b,8,1.838866206315848,1.906159579753876
99,retrain_without_f4_dup_b,9,1.786670996592595,1.938948154449463
99,retrain_without_f4_dup_b,10,1.7294488136584942,1.9243645668029783
99,retrain_without_f4_dup_b,11,1.726228503080515,1.9177603721618648
99,retrain_without_f4_dup_b,12,1.697692192517794,1.821982383728028
99,retrain_without_f4_dup_b,13,1.6612775875971868,1.8149550557136536
99,retrain_without_f4_dup_b,14,1.6304425459641676,1.8157246708869927
99,retrain_without_f4_dup_b,15,1.625514186345614,1.817442417144776
99,retrain_without_f4_dup_b,16,1.6067796303675723,1.786129117012024
99,retrain_without_f4_dup_b,17,1.6011205636537993,1.809370398521424
99,retrain_without_f4_dup_b,18,1.5983106723198524,1.8098444938659668
99,retrain_without_f4_dup_b,19,1.5700849569760835,1.8018725514411928
99,retrain_without_f4_dup_b,20,1.5549049652539766,1.835982978343964
99,retrain_without_f4_dup_b,21,1.5614040264716516,1.7543669939041138
99,retrain_without_f4_dup_b,22,1.5451800639812765,1.816037356853485
99,retrain_without_f4_dup_b,23,1.543360866033114,1.783416569232941
99,retrain_without_f4_dup_b,24,1.5136273457453802,1.8296272158622744
99,retrain_without_f4_dup_b,25,1.5154973910405083,1.7813705801963806
99,retrain_without_f4_dup_b,26,1.5075061137859638,1.7852327823638916
99,retrain_without_f4_dup_b,27,1.5001441423709576,1.823034346103668
99,retrain_without_f4_dup_b,28,1.5075853146039522,1.7416117787361145
99,retrain_without_f4_dup_b,29,1.4872278433579664,1.7968953847885132
99,retrain_without_f4_dup_b,30,1.483002781867981,1.7779261469841003
99,retrain_without_f4_dup_b,31,1.456925135392409,1.813883304595948
99,retrain_without_f4_dup_b,32,1.4730315666932323,1.7514707446098328
99,retrain_without_f4_dup_b,33,1.4662205622746394,1.766502022743225
99,retrain_without_f4_dup_b,34,1.4412671969487116,1.7678605914115906
99,retrain_without_f4_dup_b,35,1.440465624515827,1.8040597438812256
99,retrain_without_f4_dup_b,36,1.4272994078122652,1.7555096745491028
99,retrain_without_f4_dup_b,37,1.4216349124908447,1.7372435331344604
99,retrain_without_f4_dup_b,38,1.4246847537847669,1.7794076800346377
99,retrain_without_f4_dup_b,39,1.426870401089008,1.783844769001007
99,retrain_without_f4_dup_b,40,1.4136958305652323,1.7663201689720154
99,retrain_without_f4_dup_b,41,1.3990936554395237,1.8199138045310967
99,retrain_without_f4_dup_b,42,1.4074017726458037,1.8081271052360528
99,retrain_without_f4_dup_b,43,1.3998355131882887,1.7671780586242676
99,retrain_without_f4_dup_b,44,1.4005258816939137,1.759317696094513
99,retrain_without_f4_dup_b,45,1.3775072464576137,1.7812277674674988
99,retrain_without_f4_dup_b,46,1.3839227511332586,1.8015455603599548
99,retrain_without_f4_dup_b,47,1.3643526022250836,1.8102099299430847
99,retrain_without_f4_dup_b,48,1.3619868021744947,1.8536670207977293
99,retrain_without_f4_dup_b,49,1.378280914746798,1.8126481175422668
99,retrain_without_f4_dup_b,50,1.3813313795970037,1.8009623885154724
99,retrain_without_f4_dup_b,51,1.372120793049152,1.8253493309021
99,retrain_without_f4_dup_b,52,1.3642092576393714,1.795970439910889
99,retrain_without_f4_dup_b,53,1.3388988238114576,1.8280224800109863
99,retrain_without_f4_dup_b,54,1.3387561394618108,1.7986713647842407
99,retrain_without_f4_dup_b,55,1.3313899957216704,1.848116755485535
99,retrain_without_f4_dup_b,56,1.3299772647710948,1.854796588420868
99,retrain_without_f4_dup_b,57,1.3199007511138916,1.834863483905792
99,retrain_without_f4_dup_b,58,1.329866418471703,1.8206398487091064
99,retrain_without_f4_dup_b,59,1.3209595038340642,1.7591655254364014
99,retrain_without_f4_dup_b,60,1.330355745095473,1.802980959415436
99,retrain_without_f4_dup_b,61,1.3086379032868605,1.9135263562202447
99,retrain_without_f4_dup_b,62,1.3014692893395057,1.8000996708869934
99,retrain_without_f5_null,0,5.035226235022912,4.745325565338135
99,retrain_without_f5_null,1,4.475347518920898,4.301891088485718
99,retrain_without_f5_null,2,4.032004356384277,3.860007524490357
99,retrain_without_f5_null,3,3.58009226505573,3.4885833263397217
99,retrain_without_f5_null,4,3.193922886481652,3.023229479789734
99,retrain_without_f5_null,5,2.5368289213914137,2.2806084156036377
99,retrain_without_f5_null,6,2.084502440232497,2.0538143515586853
99,retrain_without_f5_null,7,1.9049687202160173,1.946355938911438
99,retrain_without_f5_null,8,1.8337196295077984,1.9148144721984863
99,retrain_without_f5_null,9,1.8037156508519097,1.929562032222748
99,retrain_without_f5_null,10,1.7337957345522368,1.8793833255767824
99,retrain_without_f5_null,11,1.717629258449261,1.8497273921966555
99,retrain_without_f5_null,12,1.6885620722403891,1.8250791430473328
99,retrain_without_f5_null,13,1.6693422977740948,1.816711962223053
99,retrain_without_f5_null,14,1.6314433354597826,1.805524826049805
99,retrain_without_f5_null,15,1.6313596597084632,1.85886025428772
99,retrain_without_f5_null,16,1.6465590917147124,1.7894401550292969
99,retrain_without_f5_null,17,1.5877241904918964,1.7925869226455688
99,retrain_without_f5_null,18,1.5814237869702852,1.7886913418769836
99,retrain_without_f5_null,19,1.5779517889022827,1.7852144241333008
99,retrain_without_f5_null,20,1.5567651161780725,1.8371790051460264
99,retrain_without_f5_null,21,1.5813285662577703,1.7412307262420654
99,retrain_without_f5_null,22,1.5773891577353845,1.7955453395843506
99,retrain_without_f5_null,23,1.5434336753991933,1.770764172077179
99,retrain_without_f5_null,24,1.530608571492709,1.8221129775047304
99,retrain_without_f5_null,25,1.52177710716541,1.7672693133354187
99,retrain_without_f5_null,26,1.514303262417133,1.7778997421264648
99,retrain_without_f5_null,27,1.514256504865793,1.7759867906570437
99,retrain_without_f5_null,28,1.4920175075531006,1.7195188403129578
99,retrain_without_f5_null,29,1.496008689586933,1.7672314047813416
99,retrain_without_f5_null,30,1.4968973581607523,1.7626872062683103
99,retrain_without_f5_null,31,1.482175148450411,1.8172484636306765
99,retrain_without_f5_null,32,1.4969580448590791,1.737417459487915
99,retrain_without_f5_null,33,1.495021334061256,1.84136575460434
99,retrain_without_f5_null,34,1.509723085623521,1.7403837442398071
99,retrain_without_f5_null,35,1.4591823724599986,1.813367068767548
99,retrain_without_f5_null,36,1.4375691138781037,1.740165650844574
99,retrain_without_f5_null,37,1.4285599910295927,1.7119041085243225
99,retrain_without_f5_null,38,1.4333232274422278,1.8019171357154848
99,retrain_without_f5_null,39,1.481287589439979,1.7708650827407837
99,retrain_without_f5_null,40,1.4286810893278856,1.7546338438987732
99,retrain_without_f5_null,41,1.4091786971459022,1.7698352336883545
99,retrain_without_f5_null,42,1.4183902190281794,1.773767173290253
99,retrain_without_f5_null,43,1.409464872800387,1.746997952461243
99,retrain_without_f5_null,44,1.410300795848553,1.7364878058433533
99,retrain_without_f5_null,45,1.395831401531513,1.7677472829818726
99,retrain_without_f5_null,46,1.4310587644577026,1.7868582010269165
99,retrain_without_f5_null,47,1.4208285625164323,1.7862151265144348
99,retrain_without_f5_null,48,1.390948488162114,1.785638689994812
99,retrain_without_f5_null,49,1.3830924676014826,1.7481374144554138
99,retrain_without_f5_null,50,1.3820951810249915,1.7662063837051392
99,retrain_without_f5_null,51,1.3882622443712676,1.7652517557144165
99,retrain_without_f5_null,52,1.3791097952769351,1.7702151536941528
99,retrain_without_f5_null,53,1.358230444101187,1.7969266176223757
99,retrain_without_f5_null,54,1.3508672714233398,1.7560739517211914
99,retrain_without_f5_null,55,1.3454528221717248,1.783307671546936
99,retrain_without_f5_null,56,1.3474782613607554,1.7680071592330933
99,retrain_without_f5_null,57,1.349556042597844,1.8003027439117432
99,retrain_without_f5_null,58,1.3410448936315684,1.7401661276817322
99,retrain_without_f5_null,59,1.3266620544286876,1.7216259241104126
99,retrain_without_f5_null,60,1.3454948388613188,1.757564663887024
99,retrain_without_f5_null,61,1.331562298994798,1.8310633897781368
99,retrain_without_f5_null,62,1.321482309928307,1.7527750730514526
99,retrain_without_f6_suppressor,0,5.035891056060791,4.766328811645508
99,retrain_without_f6_suppressor,1,4.481412410736084,4.318056106567383
99,retrain_without_f6_suppressor,2,4.057395751659687,3.912245512008667
99,retrain_without_f6_suppressor,3,3.681556206483108,3.676981925964356
99,retrain_without_f6_suppressor,4,3.498380954448993,3.571401596069336
99,retrain_without_f6_suppressor,5,3.4252577744997463,3.494977831840515
99,retrain_without_f6_suppressor,6,3.378398436766404,3.4999297857284546
99,retrain_without_f6_suppressor,7,3.344340507800762,3.474155306816101
99,retrain_without_f6_suppressor,8,3.3290597658890944,3.4377965927124023
99,retrain_without_f6_suppressor,9,3.3069666899167576,3.492438554763794
99,retrain_without_f6_suppressor,10,3.2877810368171105,3.477585792541504
99,retrain_without_f6_suppressor,11,3.279763716917772,3.457271456718445
99,retrain_without_f6_suppressor,12,3.2771260738372803,3.441128253936768
99,retrain_without_f6_suppressor,13,3.259681353202233,3.4423240423202515
99,retrain_without_f6_suppressor,14,3.241449777896588,3.456968069076538
99,retrain_without_f6_suppressor,15,3.238235070155217,3.4356250762939453
99,retrain_without_f6_suppressor,16,3.226923649127667,3.4286019802093506
99,retrain_without_f6_suppressor,17,3.216883714382465,3.454562902450561
99,retrain_without_f6_suppressor,18,3.211519186313336,3.4533562660217285
99,retrain_without_f6_suppressor,19,3.206497174042922,3.469871640205384
99,retrain_without_f6_suppressor,20,3.190197229385376,3.4905261993408203
99,retrain_without_f6_suppressor,21,3.2003270295950084,3.419148325920105
99,retrain_without_f6_suppressor,22,3.1833613835848293,3.4502086639404297
99,retrain_without_f6_suppressor,23,3.1863757830399733,3.4828855991363525
99,retrain_without_f6_suppressor,24,3.1728406319251428,3.48539662361145
99,retrain_without_f6_suppressor,25,3.1642907032599816,3.461356043815613
99,retrain_without_f6_suppressor,26,3.1581708834721494,3.454251527786255
99,retrain_without_f6_suppressor,27,3.157619384618906,3.4835805892944336
99,retrain_without_f6_suppressor,28,3.144296040901771,3.415325164794922
99,retrain_without_f6_suppressor,29,3.1405412600590634,3.4687066078186035
99,retrain_without_f6_suppressor,30,3.1325897253476658,3.464174270629883
99,retrain_without_f6_suppressor,31,3.128121229318472,3.460686206817627
99,retrain_without_f6_suppressor,32,3.131079306969276,3.444541096687317
99,retrain_without_f6_suppressor,33,3.1184301926539493,3.468612790107727
99,retrain_without_f6_suppressor,34,3.1093995571136475,3.4591645002365112
99,retrain_without_f6_suppressor,35,3.1139975511110745,3.502969026565552
99,retrain_without_f6_suppressor,36,3.091491149022029,3.4501023292541504
99,retrain_without_f6_suppressor,37,3.090307730894822,3.431369185447693
99,retrain_without_f6_suppressor,38,3.0927280462705173,3.478909730911255
99,retrain_without_f6_suppressor,39,3.090279304064237,3.4809820652008057
99,retrain_without_f6_suppressor,40,3.076194708163922,3.4850186109542847
99,retrain_without_f6_suppressor,41,3.055553858096783,3.4951575994491577
99,retrain_without_f6_suppressor,42,3.052394683544452,3.5365647077560425
99,retrain_without_f6_suppressor,43,3.057458895903367,3.5017426013946533
99,retrain_without_f6_suppressor,44,3.0428783893585205,3.504979968070984
99,retrain_without_f6_suppressor,45,3.0355712267068715,3.494794249534607
99,retrain_without_f6_suppressor,46,3.035698725627019,3.54123318195343
99,retrain_without_f6_suppressor,47,3.0300765404334435,3.5059821605682373
99,retrain_without_f6_suppressor,48,3.00906489445613,3.5450950860977173
99,retrain_without_f6_suppressor,49,3.0087064596322866,3.521450161933899
99,retrain_without_f6_suppressor,50,3.016535080396212,3.5372015237808228
99,retrain_without_f6_suppressor,51,3.007393396817721,3.518551707267761
99,retrain_without_f6_suppressor,52,3.009386722858136,3.5325934886932373
99,retrain_without_f6_suppressor,53,2.984762558570275,3.506302833557129
99,retrain_without_f7_weak,0,5.063665023216834,4.792574405670166
99,retrain_without_f7_weak,1,4.526596216055063,4.371564149856567
99,retrain_without_f7_weak,2,4.104990115532508,3.930909037590027
99,retrain_without_f7_weak,3,3.6736487608689528,3.5970433950424194
99,retrain_without_f7_weak,4,3.319062929887038,3.2026294469833374
99,retrain_without_f7_weak,5,2.7370993540837216,2.374980926513672
99,retrain_without_f7_weak,6,2.1791711036975565,2.2952040433883667
99,retrain_without_f7_weak,7,2.0669266260587253,2.0751335620880127
99,retrain_without_f7_weak,8,1.9602009057998653,2.0372281074523926
99,retrain_without_f7_weak,9,1.8733987991626448,2.032617211341858
99,retrain_without_f7_weak,10,1.8214132418999305,2.004125237464905
99,retrain_without_f7_weak,11,1.8049237728118896,1.95633327960968
99,retrain_without_f7_weak,12,1.781859122789823,1.946854531764984
99,retrain_without_f7_weak,13,1.7458402560307429,1.90515285730362
99,retrain_without_f7_weak,14,1.717781873849722,1.9456928968429563
99,retrain_without_f7_weak,15,1.7198286239917462,1.917514085769653
99,retrain_without_f7_weak,16,1.6954106367551365,1.9059011936187744
99,retrain_without_f7_weak,17,1.6918642337505634,1.89218932390213
99,retrain_without_f7_weak,18,1.655891620195829,1.8772056102752688
99,retrain_without_f7_weak,19,1.6473166392399714,1.8992441296577447
99,retrain_without_f7_weak,20,1.6303185774729805,1.9578074216842647
99,retrain_without_f7_weak,21,1.6426866696431086,1.8598467111587524
99,retrain_without_f7_weak,22,1.641730941258944,1.90014398097992
99,retrain_without_f7_weak,23,1.62719870530642,1.857045471668244
99,retrain_without_f7_weak,24,1.609394706212557,1.937536597251892
99,retrain_without_f7_weak,25,1.60276158956381,1.8686009049415588
99,retrain_without_f7_weak,26,1.5913560757270226,1.8621931076049805
99,retrain_without_f7_weak,27,1.579747465940622,1.8927672505378723
99,retrain_without_f7_weak,28,1.5914403750346258,1.8528800010681152
99,retrain_without_f7_weak,29,1.5832435534550593,1.8414400219917293
99,retrain_without_f7_weak,30,1.5580696509434626,1.8733611702919009
99,retrain_without_f7_weak,31,1.5437643436285169,1.876910984516144
99,retrain_without_f7_weak,32,1.5540137932850764,1.8346245884895325
99,retrain_without_f7_weak,33,1.5494318466920118,1.8570432662963867
99,retrain_without_f7_weak,34,1.5271152349618764,1.834299921989441
99,retrain_without_f7_weak,35,1.518444987443777,1.8894480466842647
99,retrain_without_f7_weak,36,1.5109713352643526,1.836243987083435
99,retrain_without_f7_weak,37,1.5071232318878174,1.833033919334412
99,retrain_without_f7_weak,38,1.514754973925077,1.8959457278251648
99,retrain_without_f7_weak,39,1.5484722485909097,1.8541978597640991
99,retrain_without_f7_weak,40,1.4963763310359075,1.878278017044068
99,retrain_without_f7_weak,41,1.4911873432306142,1.855534493923188
99,retrain_without_f7_weak,42,1.4961814880371094,1.897549390792847
99,retrain_without_f7_weak,43,1.492278163249676,1.8608932495117188
99,retrain_without_f7_weak,44,1.492237980549152,1.8443312048912048
99,retrain_without_f7_weak,45,1.4660506156774669,1.844595730304718
99,retrain_without_f7_weak,46,1.4712031071002667,1.8817797899246216
99,retrain_without_f7_weak,47,1.452025560232309,1.880408227443695
99,retrain_without_f7_weak,48,1.4521459891245916,1.888843059539795
99,retrain_without_f7_weak,49,1.4601774032299335,1.9309571981430047
99,retrain_without_f7_weak,50,1.4781579879614024,1.8799567222595213
99,retrain_without_f7_weak,51,1.4551938130305364,1.872225284576416
99,retrain_without_f7_weak,52,1.4353297490340011,1.8799620270729065
99,retrain_without_f7_weak,53,1.4206774693268995,1.919005811214447
99,retrain_without_f7_weak,54,1.4260970170681293,1.85298353433609
99,retrain_without_f7_weak,55,1.408553279363192,1.9109178185462952
99,retrain_without_f7_weak,56,1.417129241503202,1.8921204805374143
99,retrain_without_f7_weak,57,1.4103239132807806,1.9176559448242188
99,retrain_without_f7_weak,58,1.3965142140021691,1.8654260039329529
99,retrain_without_f7_weak,59,1.391409837282621,1.842333137989044
99,retrain_without_f7_weak,60,1.4048618353330171,1.8977903127670288
99,retrain_without_f7_weak,61,1.4026654408528254,1.9413654208183289
99,retrain_without_f7_weak,62,1.3893668193083544,1.8806880116462708
99,retrain_without_f8_bigcoef,0,5.082018852233887,4.824155807495117
99,retrain_without_f8_bigcoef,1,4.577280264634353,4.436821699142456
99,retrain_without_f8_bigcoef,2,4.190611509176401,4.0264493227005005
99,retrain_without_f8_bigcoef,3,3.810280286348783,3.71480655670166
99,retrain_without_f8_bigcoef,4,3.496496420640212,3.350422024726868
99,retrain_without_f8_bigcoef,5,2.9339636655954213,2.506499528884888
99,retrain_without_f8_bigcoef,6,2.398095626097459,2.3214837312698364
99,retrain_without_f8_bigcoef,7,2.1779730319976807,2.21283495426178
99,retrain_without_f8_bigcoef,8,2.1006016456163845,2.148234486579895
99,retrain_without_f8_bigcoef,9,2.045694828033448,2.176508069038391
99,retrain_without_f8_bigcoef,10,1.9963885178932776,2.150580286979676
99,retrain_without_f8_bigcoef,11,1.9807130098342896,2.116718113422394
99,retrain_without_f8_bigcoef,12,1.9473421757037823,2.0928916931152344
99,retrain_without_f8_bigcoef,13,1.9328949726544893,2.045305728912353
99,retrain_without_f8_bigcoef,14,1.895334005355835,2.075572609901428
99,retrain_without_f8_bigcoef,15,1.8883609955127425,2.0458717346191406
99,retrain_without_f8_bigcoef,16,1.8750164050322315,2.0474072098731995
99,retrain_without_f8_bigcoef,17,1.8517424785173853,2.031464457511902
99,retrain_without_f8_bigcoef,18,1.8522957838498628,2.046066999435425
99,retrain_without_f8_bigcoef,19,1.8410729811741755,2.063090682029724
99,retrain_without_f8_bigcoef,20,1.820670925653897,2.089390516281128
99,retrain_without_f8_bigcoef,21,1.836042725122892,2.007566213607788
99,retrain_without_f8_bigcoef,22,1.804919389578012,2.015804648399353
99,retrain_without_f8_bigcoef,23,1.7991877427467933,2.0109065771102905
99,retrain_without_f8_bigcoef,24,1.784048236333407,2.038385033607483
99,retrain_without_f8_bigcoef,25,1.7819431653389564,2.013279914855957
99,retrain_without_f8_bigcoef,26,1.7793397628344023,2.0170242190361023
99,retrain_without_f8_bigcoef,27,1.7669573105298555,2.030555248260498
99,retrain_without_f8_bigcoef,28,1.7566212323995738,1.9969426393508911
99,retrain_without_f8_bigcoef,29,1.757933570788457,1.987262845039368
99,retrain_without_f8_bigcoef,30,1.7482362985610962,2.018467664718628
99,retrain_without_f8_bigcoef,31,1.739881708071782,2.054862260818481
99,retrain_without_f8_bigcoef,32,1.75457187799307,1.988641381263733
99,retrain_without_f8_bigcoef,33,1.7357001763123732,2.046168088912964
99,retrain_without_f8_bigcoef,34,1.7157214788290172,2.016974151134491
99,retrain_without_f8_bigcoef,35,1.7171624440413256,2.0511462688446045
99,retrain_without_f8_bigcoef,36,1.7094833025565517,1.9973358511924744
99,retrain_without_f8_bigcoef,37,1.7071763827250557,2.005430221557617
99,retrain_without_f8_bigcoef,38,1.7164817131482637,2.1204137802124023
99,retrain_without_f8_bigcoef,39,1.7589954412900484,1.9988590478897093
99,retrain_without_f8_bigcoef,40,1.680910119643578,2.029492855072021
99,retrain_without_f8_bigcoef,41,1.6830351536090558,2.019463300704956
99,retrain_without_f8_bigcoef,42,1.6828424838873055,2.049143075942993
99,retrain_without_f8_bigcoef,43,1.6754721678220308,1.9743465185165403
99,retrain_without_f8_bigcoef,44,1.6679606254284198,2.006543755531311
99,retrain_without_f8_bigcoef,45,1.6637818263127253,2.068758130073548
99,retrain_without_f8_bigcoef,46,1.6661208317830012,2.030112266540528
99,retrain_without_f8_bigcoef,47,1.6508017686697154,2.03786838054657
99,retrain_without_f8_bigcoef,48,1.6335010253466091,2.024535655975342
99,retrain_without_f8_bigcoef,49,1.6529359359007616,2.016248345375061
99,retrain_without_f8_bigcoef,50,1.6568852021143987,2.032373487949372
99,retrain_without_f8_bigcoef,51,1.6569957091258125,2.0438894033432007
99,retrain_without_f8_bigcoef,52,1.6364344725242028,2.001881599426269
99,retrain_without_f8_bigcoef,53,1.6227965354919434,2.053812623023987
99,retrain_without_f8_bigcoef,54,1.6107865021778986,2.0343981981277466
99,retrain_without_f8_bigcoef,55,1.6145733778293316,2.043230056762696
99,retrain_without_f8_bigcoef,56,1.6194909811019895,2.03203558921814
99,retrain_without_f8_bigcoef,57,1.60257521042457,2.087129235267639
99,retrain_without_f8_bigcoef,58,1.6220868825912476,2.031941294670105
99,retrain_without_f8_bigcoef,59,1.6034215688705444,1.992648124694824
99,retrain_without_f8_bigcoef,60,1.605543246636024,2.03234726190567
99,retrain_without_f8_bigcoef,61,1.5960224775167613,2.162515878677368
99,retrain_without_f8_bigcoef,62,1.59292863882505,2.040160655975342
99,retrain_without_f8_bigcoef,63,1.5833671276385968,2.0635313987731934
99,retrain_without_f8_bigcoef,64,1.5778019978449895,2.087143898010254
99,retrain_without_f8_bigcoef,65,1.5925925878378062,2.0631719827651978
99,retrain_without_f8_bigcoef,66,1.573953124193045,2.063868761062622
99,retrain_without_f8_bigcoef,67,1.5540005152042096,2.084137201309204
99,retrain_without_f8_bigcoef,68,1.561067324418288,2.0451772212982178
99,retrain_without_noise_0,0,5.042958442981426,4.757754802703857
99,retrain_without_noise_0,1,4.478143288539006,4.29985785484314
99,retrain_without_noise_0,2,4.031847146841196,3.852539300918579
99,retrain_without_noise_0,3,3.5976282083071194,3.5151021480560303
99,retrain_without_noise_0,4,3.2476075429182787,3.106346607208252
99,retrain_without_noise_0,5,2.6507919384883,2.258825421333313
99,retrain_without_noise_0,6,2.098864096861619,2.079490780830384
99,retrain_without_noise_0,7,1.9336201502726629,1.9495370984077447
99,retrain_without_noise_0,8,1.8418744527376616,1.9238110780715945
99,retrain_without_noise_0,9,1.7861784238081713,1.9612531065940857
99,retrain_without_noise_0,10,1.730906202242925,1.8786489963531487
99,retrain_without_noise_0,11,1.7218614358168385,1.8879140615463257
99,retrain_without_noise_0,12,1.6921865114798913,1.8449422121047967
99,retrain_without_noise_0,13,1.6637698411941528,1.8094561100006104
99,retrain_without_noise_0,14,1.6273421599314764,1.8222935199737549
99,retrain_without_noise_0,15,1.6165549846795888,1.8038427829742432
99,retrain_without_noise_0,16,1.602866530418396,1.8139744400978088
99,retrain_without_noise_0,17,1.5976944703322191,1.7844215035438538
99,retrain_without_noise_0,18,1.5931201531336858,1.8145805597305296
99,retrain_without_noise_0,19,1.5734084569490874,1.7970896363258362
99,retrain_without_noise_0,20,1.5485144486794105,1.8328232169151304
99,retrain_without_noise_0,21,1.5653765751765325,1.736196756362915
99,retrain_without_noise_0,22,1.5375641859494722,1.7929368615150452
99,retrain_without_noise_0,23,1.539382549432608,1.7555744647979736
99,retrain_without_noise_0,24,1.519570176418011,1.8001911640167236
99,retrain_without_noise_0,25,1.507449828661405,1.7678970694541931
99,retrain_without_noise_0,26,1.511670442727896,1.773387432098389
99,retrain_without_noise_0,27,1.4922657379737267,1.7763944864273071
99,retrain_without_noise_0,28,1.5145544822399433,1.7325427532196045
99,retrain_without_noise_0,29,1.505352836388808,1.7376288771629331
99,retrain_without_noise_0,30,1.4822238683700562,1.7473968267440796
99,retrain_without_noise_0,31,1.4597063981569731,1.7577661871910095
99,retrain_without_noise_0,32,1.4653813655559833,1.737082302570343
99,retrain_without_noise_0,33,1.4843251154972956,1.7756654024124146
99,retrain_without_noise_0,34,1.4520101730640118,1.7301549315452576
99,retrain_without_noise_0,35,1.4425110175059392,1.7796932458877563
99,retrain_without_noise_0,36,1.4333234108411348,1.7105282545089722
99,retrain_without_noise_0,37,1.4308965664643507,1.7154155373573303
99,retrain_without_noise_0,38,1.457776198020348,1.838940143585205
99,retrain_without_noise_0,39,1.4944051779233491,1.7612351775169373
99,retrain_without_noise_0,40,1.4203263887992272,1.763458013534546
99,retrain_without_noise_0,41,1.4353507940585797,1.8184584379196167
99,retrain_without_noise_0,42,1.4484430184731116,1.7885246276855469
99,retrain_without_noise_0,43,1.4165628139789288,1.72475004196167
99,retrain_without_noise_0,44,1.4104135036468506,1.7415315508842468
99,retrain_without_noise_0,45,1.40078643652109,1.7252649068832395
99,retrain_without_noise_0,46,1.3979074771587665,1.7862229347229004
99,retrain_without_noise_0,47,1.3993524863169744,1.7544134855270386
99,retrain_without_noise_0,48,1.3913311316416814,1.784888744354248
99,retrain_without_noise_0,49,1.392980300463163,1.857538998126984
99,retrain_without_noise_0,50,1.453225878568796,1.8332821130752563
99,retrain_without_noise_0,51,1.399794835310716,1.7662981152534485
99,retrain_without_noise_0,52,1.377023669389578,1.7767099142074585
99,retrain_without_noise_0,53,1.3644499687048106,1.8311055898666384
99,retrain_without_noise_0,54,1.3547145128250122,1.755894958972931
99,retrain_without_noise_0,55,1.3475894377781794,1.7922021746635437
99,retrain_without_noise_0,56,1.3571781103427594,1.7714590430259705
99,retrain_without_noise_0,57,1.357890450037443,1.805976688861847
99,retrain_without_noise_0,58,1.3436166506547194,1.7390190958976746
99,retrain_without_noise_0,59,1.3255969836161687,1.7341665625572205
99,retrain_without_noise_0,60,1.349240862406217,1.7659475207328796
99,retrain_without_noise_0,61,1.346944497181819,1.857606649398804
105,masked_npe,0,5.176702609428992,4.996374130249023
105,masked_npe,1,4.893989086151123,4.787360429763794
105,masked_npe,2,4.717569277836726,4.642602682113648
105,masked_npe,3,4.510983283703144,4.369696855545044
105,masked_npe,4,4.356575342325064,4.297041177749634
105,masked_npe,5,4.2863910014812765,4.255556106567383
105,masked_npe,6,4.220163858853853,4.226716756820679
105,masked_npe,7,4.188762151277983,4.150079727172852
105,masked_npe,8,4.158164537869967,4.140403032302856
105,masked_npe,9,4.137689370375413,4.127992391586304
105,masked_npe,10,4.14343184691209,4.148658752441406
105,masked_npe,11,4.135808761303242,4.11165189743042
105,masked_npe,12,4.059481290670542,4.06888747215271
105,masked_npe,13,4.025583854088416,4.019297480583191
105,masked_npe,14,4.010251155266395,3.951074004173279
105,masked_npe,15,3.976074127050546,3.960645794868469
105,masked_npe,16,3.940107363920945,3.952144026756287
105,masked_npe,17,3.93479323387146,3.969765901565552
105,masked_npe,18,3.884431013694176,3.897797465324402
105,masked_npe,19,3.87516975402832,3.885072112083435
105,masked_npe,20,3.847581368226272,3.846348762512207
105,masked_npe,21,3.804152562068059,3.86018967628479
105,masked_npe,22,3.82805897639348,3.8128042221069336
105,masked_npe,23,3.8156381386976976,3.800115346908569
105,masked_npe,24,3.780464172363281,3.746573090553284
105,masked_npe,25,3.774384076778705,3.769534230232239
105,masked_npe,26,3.728992058680608,3.773707866668701
105,masked_npe,27,3.718287999813373,3.714096546173096
105,masked_npe,28,3.682720899581909,3.6249241828918457
105,masked_npe,29,3.6953409818502574,3.646605610847473
105,masked_npe,30,3.649741539588341,3.636758327484131
105,masked_npe,31,3.634924155015212,3.605912446975708
105,masked_npe,32,3.631762999754685,3.642509579658508
105,masked_npe,33,3.5869549421163707,3.552815794944763
105,masked_npe,34,3.60208692917457,3.619701147079468
105,masked_npe,35,3.569664404942439,3.63023579120636
105,masked_npe,36,3.582843065261841,3.561190962791443
105,masked_npe,37,3.611517631090604,3.5515036582946777
105,masked_npe,38,3.5701542634230394,3.569421529769897
105,masked_npe,39,3.573347770250761,3.573923349380493
105,masked_npe,40,3.5544012509859524,3.6443707942962646
105,masked_npe,41,3.5749574991372914,3.608909130096436
105,masked_npe,42,3.561130908819345,3.5458041429519653
105,masked_npe,43,3.538718425310575,3.584120750427246
105,masked_npe,44,3.55909120119535,3.607856869697571
105,masked_npe,45,3.512213028394259,3.616227269172669
105,masked_npe,46,3.52396297454834,3.5811171531677246
105,masked_npe,47,3.494432045863225,3.5799872875213623
105,masked_npe,48,3.539041207386897,3.52979052066803
105,masked_npe,49,3.553597211837769,3.571478247642517
105,masked_npe,50,3.5211746325859656,3.589873671531677
105,masked_npe,51,3.517335671644944,3.5808337926864624
105,masked_npe,52,3.4774849598224344,3.5395878553390503
105,masked_npe,53,3.4987325301537147,3.5316237211227417
105,masked_npe,54,3.505150134746845,3.5473307371139526
105,masked_npe,55,3.4946854297931376,3.56373929977417
105,masked_npe,56,3.500810421430148,3.5531115531921387
105,masked_npe,57,3.5231534334329457,3.529766201972961
105,masked_npe,58,3.507348757523757,3.545768141746521
105,masked_npe,59,3.507409480901865,3.5551167726516724
105,masked_npe,60,3.4904110431671143,3.55630099773407
105,masked_npe,61,3.51303847019489,3.571172595024109
105,masked_npe,62,3.4762864663050723,3.5756397247314453
105,masked_npe,63,3.529023335530208,3.5623371601104736
105,masked_npe,64,3.486513137817383,3.504027485847473
105,masked_npe,65,3.475119572419387,3.5132315158843994
105,masked_npe,66,3.4834396288945126,3.5353728532791138
105,masked_npe,67,3.490345129599938,3.5973836183547974
105,masked_npe,68,3.516567303584172,3.546790719032288
105,masked_npe,69,3.496056153224065,3.559187650680542
105,masked_npe,70,3.4709378756009617,3.5473532676696777
105,masked_npe,71,3.4996664157280555,3.46224331855774
105,masked_npe,72,3.4628628217256985,3.559788942337036
105,masked_npe,73,3.479493783070491,3.532106041908264
105,masked_npe,74,3.4790442356696496,3.539504647254944
105,masked_npe,75,3.518336314421433,3.5091360807418823
105,masked_npe,76,3.476293031985944,3.5053889751434326
105,masked_npe,77,3.470077257889968,3.539601683616638
105,masked_npe,78,3.4722801538614125,3.520874500274658
105,masked_npe,79,3.4825918674468994,3.5349841117858887
105,masked_npe,80,3.4304356575012207,3.564434170722961
105,masked_npe,81,3.4728555495922384,3.5650168657302856
105,masked_npe,82,3.485687842735877,3.551102638244629
105,masked_npe,83,3.48174340908344,3.5520352125167847
105,masked_npe,84,3.4690149380610538,3.554388165473938
105,masked_npe,85,3.467195694263165,3.534562110900879
105,masked_npe,86,3.501003797237689,3.523109674453736
105,masked_npe,87,3.4624168689434347,3.5436770915985107
105,masked_npe,88,3.471423479226919,3.514689564704895
105,masked_npe,89,3.444026965361375,3.5527865886688232
105,masked_npe,90,3.472139230141273,3.5589561462402344
105,masked_npe,91,3.495174371279203,3.5188499689102173
105,masked_npe,92,3.436002731323242,3.5924686193466187
105,masked_npe,93,3.4755437007317176,3.5845913887023926
105,masked_npe,94,3.46214928993812,3.551367402076721
105,masked_npe,95,3.50409511419443,3.565476655960083
105,masked_npe,96,3.4564746159773607,3.536117434501648
105,dedicated_npe,0,5.077090373406043,4.752314329147339
105,dedicated_npe,1,4.535427753741924,4.366300582885742
105,dedicated_npe,2,4.104827349002544,3.88492751121521
105,dedicated_npe,3,3.632605681052575,3.461494326591492
105,dedicated_npe,4,3.2181792626014123,3.061121225357056
105,dedicated_npe,5,2.5762470135321984,2.2238926887512207
105,dedicated_npe,6,2.0771399369606605,2.244093656539917
105,dedicated_npe,7,2.0187404339130106,2.035122394561768
105,dedicated_npe,8,1.88064483495859,1.8793405890464785
105,dedicated_npe,9,1.8027636546355028,1.8428357243537905
105,dedicated_npe,10,1.7454631420282216,1.8525314927101133
105,dedicated_npe,11,1.7097838383454542,1.7767953276634216
105,dedicated_npe,12,1.6621778378119836,1.8144237995147705
105,dedicated_npe,13,1.6474891625917876,1.7963095903396606
105,dedicated_npe,14,1.6194994266216571,1.707722544670105
105,dedicated_npe,15,1.6021235722761888,1.754376471042633
105,dedicated_npe,16,1.583640089401832,1.8107760548591607
105,dedicated_npe,17,1.560874113669762,1.7904124855995178
105,dedicated_npe,18,1.5913850894341102,1.7713027596473694
105,dedicated_npe,19,1.554357858804556,1.7283567190170288
105,dedicated_npe,20,1.533763601229741,1.7602733969688416
105,dedicated_npe,21,1.5318553356023936,1.6943612098693848
105,dedicated_npe,22,1.5207913563801692,1.6862571239471436
105,dedicated_npe,23,1.4960343195841863,1.7361249327659607
105,dedicated_npe,24,1.49577954182258,1.6922500133514404
105,dedicated_npe,25,1.489976717875554,1.742701292037964
105,dedicated_npe,26,1.4924251391337469,1.7446452379226685
105,dedicated_npe,27,1.4822178712257972,1.715295433998108
105,dedicated_npe,28,1.4639051877535307,1.7528727054595947
105,dedicated_npe,29,1.4561959780179536,1.7061548829078674
105,dedicated_npe,30,1.43829083442688,1.7311174869537354
105,dedicated_npe,31,1.458305808214041,1.739859402179718
105,dedicated_npe,32,1.4579364519852858,1.7195347547531128
105,dedicated_npe,33,1.4267580692584698,1.691109538078308
105,dedicated_npe,34,1.4183715398495014,1.7179294228553772
105,dedicated_npe,35,1.407700226857112,1.757882595062256
105,dedicated_npe,36,1.4230582255583544,1.6813538670539856
105,dedicated_npe,37,1.4004881565387433,1.743712306022644
105,dedicated_npe,38,1.417724526845492,1.7543171644210815
105,dedicated_npe,39,1.3928812192036557,1.6738258600234983
105,dedicated_npe,40,1.4086454739937415,1.7205640077590942
105,dedicated_npe,41,1.4023127280748808,1.7580056190490725
105,dedicated_npe,42,1.385831667826726,1.7401472330093384
105,dedicated_npe,43,1.3776042736493623,1.7550759315490725
105,dedicated_npe,44,1.38594586115617,1.7624318599700928
105,dedicated_npe,45,1.3693143037649302,1.7336052656173706
105,dedicated_npe,46,1.3644974415118878,1.719843327999115
105,dedicated_npe,47,1.3517316213020911,1.7342392206192017
105,dedicated_npe,48,1.3488050882632916,1.7661603689193726
105,dedicated_npe,49,1.330776361318735,1.7734041213989258
105,dedicated_npe,50,1.3565515188070445,1.7582853436470032
105,dedicated_npe,51,1.3305245637893677,1.7931452989578247
105,dedicated_npe,52,1.3265495575391328,1.8136397004127505
105,dedicated_npe,53,1.3408903158628025,1.7636597156524658
105,dedicated_npe,54,1.326125401716966,1.754137396812439
105,dedicated_npe,55,1.3240269697629488,1.7346825003623962
105,dedicated_npe,56,1.3086854219436646,1.7756523489952087
105,dedicated_npe,57,1.3004518747329712,1.78868305683136
105,dedicated_npe,58,1.3029316480343158,1.7472665309906006
105,dedicated_npe,59,1.294200328680185,1.754317343235016
105,dedicated_npe,60,1.2824437434856708,1.7424293756484983
105,dedicated_npe,61,1.284701448220473,1.7915312051773071
105,dedicated_npe,62,1.282711991896996,1.7688207626342771
105,dedicated_npe,63,1.2696737142709584,1.8105628490448
105,dedicated_npe,64,1.2872502895501945,1.7967629432678225
105,retrain_without_f1_strong_t1,0,5.103902046497051,4.747378587722778
105,retrain_without_f1_strong_t1,1,4.59946269255418,4.397062301635742
105,retrain_without_f1_strong_t1,2,4.225377192864051,4.0378782749176025
105,retrain_without_f1_strong_t1,3,3.8469356573545017,3.69537091255188
105,retrain_without_f1_strong_t1,4,3.647960241024311,3.660566806793213
105,retrain_without_f1_strong_t1,5,3.577973274084238,3.644009113311768
105,retrain_without_f1_strong_t1,6,3.539791143857516,3.5962690114974976
105,retrain_without_f1_strong_t1,7,3.505813378554124,3.587567925453186
105,retrain_without_f1_strong_t1,8,3.494553620998676,3.565448760986328
105,retrain_without_f1_strong_t1,9,3.473773020964402,3.5493446588516235
105,retrain_without_f1_strong_t1,10,3.460581284302932,3.558678150177002
105,retrain_without_f1_strong_t1,11,3.4483263675983133,3.5126426219940186
105,retrain_without_f1_strong_t1,12,3.434922768519475,3.567715167999268
105,retrain_without_f1_strong_t1,13,3.4213524781740627,3.505443334579468
105,retrain_without_f1_strong_t1,14,3.418160053399893,3.4838688373565674
105,retrain_without_f1_strong_t1,15,3.4141524204841027,3.558483362197876
105,retrain_without_f1_strong_t1,16,3.40316051703233,3.532417058944702
105,retrain_without_f1_strong_t1,17,3.385981137935932,3.522345304489136
105,retrain_without_f1_strong_t1,18,3.3845288570110617,3.5393691062927246
105,retrain_without_f1_strong_t1,19,3.3753854494828444,3.5822936296463013
105,retrain_without_f1_strong_t1,20,3.374837563588069,3.593747854232788
105,retrain_without_f1_strong_t1,21,3.3731245811168966,3.560093402862549
105,retrain_without_f1_strong_t1,22,3.36453599196214,3.601889371871948
105,retrain_without_f1_strong_t1,23,3.3472344141740065,3.580119252204895
105,retrain_without_f1_strong_t1,24,3.341372930086576,3.606004238128662
105,retrain_without_f1_strong_t1,25,3.329975494971642,3.591409564018249
105,retrain_without_f1_strong_t1,26,3.325648436179528,3.573518872261048
105,retrain_without_f1_strong_t1,27,3.3173075089087853,3.622790098190308
105,retrain_without_f1_strong_t1,28,3.318451367891752,3.599562406539917
105,retrain_without_f1_strong_t1,29,3.2983549558199368,3.567109704017639
105,retrain_without_f1_strong_t1,30,3.3018124286945048,3.590335249900818
105,retrain_without_f1_strong_t1,31,3.298847253506,3.595366954803467
105,retrain_without_f1_strong_t1,32,3.295232607768132,3.608829140663147
105,retrain_without_f1_strong_t1,33,3.28158477636484,3.5945143699646
105,retrain_without_f1_strong_t1,34,3.2857241813953104,3.593814730644226
105,retrain_without_f1_strong_t1,35,3.2709056597489576,3.6062958240509033
105,retrain_without_f1_strong_t1,36,3.279158115386963,3.605196475982666
105,retrain_without_f1_strong_t1,37,3.266496933423556,3.6094586849212646
105,retrain_without_f1_strong_t1,38,3.2661016904390774,3.602112293243408
105,retrain_without_f1_strong_t1,39,3.265832552543053,3.6097545623779297
105,retrain_without_f2_strong_t2,0,5.108426974369929,4.772053956985474
105,retrain_without_f2_strong_t2,1,4.639742374420166,4.483032703399658
105,retrain_without_f2_strong_t2,2,4.329870223999023,4.220852851867676
105,retrain_without_f2_strong_t2,3,4.051833941386296,3.95878803730011
105,retrain_without_f2_strong_t2,4,3.6846359693087054,3.375065326690674
105,retrain_without_f2_strong_t2,5,2.974731500332172,2.794379115104676
105,retrain_without_f2_strong_t2,6,2.6535485157599816,2.6578911542892456
105,retrain_without_f2_strong_t2,7,2.534115112744845,2.620286703109741
105,retrain_without_f2_strong_t2,8,2.484615821104783,2.625310182571411
105,retrain_without_f2_strong_t2,9,2.450962671866784,2.5692124366760254
105,retrain_without_f2_strong_t2,10,2.421757514660175,2.600648164749145
105,retrain_without_f2_strong_t2,11,2.431427533809955,2.5353171825408936
105,retrain_without_f2_strong_t2,12,2.3752786929790792,2.543215394020081
105,retrain_without_f2_strong_t2,13,2.3492699586428127,2.465451240539551
105,retrain_without_f2_strong_t2,14,2.3356263087346005,2.456478238105774
105,retrain_without_f2_strong_t2,15,2.327468523612389,2.505883812904358
105,retrain_without_f2_strong_t2,16,2.31400412779588,2.4650447368621826
105,retrain_without_f2_strong_t2,17,2.290116420158973,2.4684929847717285
105,retrain_without_f2_strong_t2,18,2.2748532662024865,2.4318199157714844
105,retrain_without_f2_strong_t2,19,2.257221717100877,2.4813486337661743
105,retrain_without_f2_strong_t2,20,2.2507080114804783,2.515002727508545
105,retrain_without_f2_strong_t2,21,2.2545086237100453,2.4929553270339966
105,retrain_without_f2_strong_t2,22,2.255420024578388,2.5310264825820923
105,retrain_without_f2_strong_t2,23,2.21682227574862,2.4722028970718384
105,retrain_without_f2_strong_t2,24,2.2272337766794057,2.4973602294921875
105,retrain_without_f2_strong_t2,25,2.205919174047617,2.508391261100769
105,retrain_without_f2_strong_t2,26,2.2038972744574914,2.525721788406372
105,retrain_without_f2_strong_t2,27,2.202122028057392,2.5025898218154907
105,retrain_without_f2_strong_t2,28,2.1975074914785533,2.5108569860458374
105,retrain_without_f2_strong_t2,29,2.1824396206782413,2.475585579872132
105,retrain_without_f2_strong_t2,30,2.1748763781327467,2.433908700942993
105,retrain_without_f2_strong_t2,31,2.174630348499005,2.55704402923584
105,retrain_without_f2_strong_t2,32,2.1770987510681152,2.550359010696411
105,retrain_without_f2_strong_t2,33,2.1610487424410305,2.4842591285705566
105,retrain_without_f2_strong_t2,34,2.157247158197256,2.499528408050537
105,retrain_without_f2_strong_t2,35,2.153734078774085,2.51452100276947
105,retrain_without_f2_strong_t2,36,2.1551651037656345,2.5293285846710205
105,retrain_without_f2_strong_t2,37,2.157126701795138,2.509026050567627
105,retrain_without_f2_strong_t2,38,2.134747761946458,2.488729238510132
105,retrain_without_f2_strong_t2,39,2.1234953036675086,2.4695141315460205
105,retrain_without_f2_strong_t2,40,2.1279116593874416,2.480592370033264
105,retrain_without_f2_strong_t2,41,2.10891815332266,2.564375400543213
105,retrain_without_f2_strong_t2,42,2.119953045478234,2.510128736495972
105,retrain_without_f2_strong_t2,43,2.10365995993981,2.509680390357971
105,retrain_without_f3_dup_a,0,5.088876687563383,4.720931529998779
105,retrain_without_f3_dup_a,1,4.548697985135592,4.315186262130737
105,retrain_without_f3_dup_a,2,4.091151530926044,3.831236124038696
105,retrain_without_f3_dup_a,3,3.5631378430586595,3.3393505811691284
105,retrain_without_f3_dup_a,4,3.0755697580484243,2.73530113697052
105,retrain_without_f3_dup_a,5,2.3493122596007128,2.356428861618042
105,retrain_without_f3_dup_a,6,2.202086146061237,2.1195855140686035
105,retrain_without_f3_dup_a,7,1.9599482646355264,1.9727345705032349
105,retrain_without_f3_dup_a,8,1.864838746877817,1.8855162262916565
105,retrain_without_f3_dup_a,9,1.7626274457344642,1.854097306728363
105,retrain_without_f3_dup_a,10,1.735999950995812,1.814444720745087
105,retrain_without_f3_dup_a,11,1.6937764241145208,1.7809388637542725
105,retrain_without_f3_dup_a,12,1.6617977252373328,1.823509097099304
105,retrain_without_f3_dup_a,13,1.6198121217580943,1.7415773272514343
105,retrain_without_f3_dup_a,14,1.6083070314847503,1.6956872940063477
105,retrain_without_f3_dup_a,15,1.603502447788532,1.7994715571403503
105,retrain_without_f3_dup_a,16,1.5956244376989512,1.7040045261383057
105,retrain_without_f3_dup_a,17,1.5612881642121534,1.713402271270752
105,retrain_without_f3_dup_a,18,1.5596222419005177,1.6840614676475525
105,retrain_without_f3_dup_a,19,1.5441830525031457,1.72952002286911
105,retrain_without_f3_dup_a,20,1.5250604152679443,1.7270303964614868
105,retrain_without_f3_dup_a,21,1.5284473987726064,1.7325085997581482
105,retrain_without_f3_dup_a,22,1.5377159118652344,1.7866906523704529
105,retrain_without_f3_dup_a,23,1.507611320568965,1.720458447933197
105,retrain_without_f3_dup_a,24,1.502222308745751,1.766905128955841
105,retrain_without_f3_dup_a,25,1.4896437571598933,1.7239915132522583
105,retrain_without_f3_dup_a,26,1.4797438108004055,1.7366371750831604
105,retrain_without_f3_dup_a,27,1.510058962381803,1.7433065176010132
105,retrain_without_f3_dup_a,28,1.4744899456317608,1.7390573620796204
105,retrain_without_f3_dup_a,29,1.4462898511153002,1.7060652375221252
105,retrain_without_f3_dup_a,30,1.4475086468916674,1.6846038103103638
105,retrain_without_f3_dup_a,31,1.4518545957712026,1.7595512866973877
105,retrain_without_f3_dup_a,32,1.4399495858412523,1.7617543935775757
105,retrain_without_f3_dup_a,33,1.4267784448770375,1.7149773240089417
105,retrain_without_f3_dup_a,34,1.4252818456062903,1.713287174701691
105,retrain_without_f3_dup_a,35,1.41984760761261,1.7156788110733032
105,retrain_without_f3_dup_a,36,1.4152006185971773,1.716854214668274
105,retrain_without_f3_dup_a,37,1.4105110626954298,1.714276373386383
105,retrain_without_f3_dup_a,38,1.3983931082945604,1.7461302280426023
105,retrain_without_f3_dup_a,39,1.3927295666474562,1.7382633090019226
105,retrain_without_f3_dup_a,40,1.4004588218835683,1.7302867770195007
105,retrain_without_f3_dup_a,41,1.3905195823082557,1.783838987350464
105,retrain_without_f3_dup_a,42,1.3960307102936964,1.7949146628379822
105,retrain_without_f3_dup_a,43,1.3716723643816435,1.748443841934204
105,retrain_without_f4_dup_b,0,5.090521372281588,4.7231104373931885
105,retrain_without_f4_dup_b,1,4.550826366131123,4.317544937133789
105,retrain_without_f4_dup_b,2,4.089614134568435,3.825416922569275
105,retrain_without_f4_dup_b,3,3.561947602492112,3.3381235599517822
105,retrain_without_f4_dup_b,4,3.0859023240896373,2.7583879232406616
105,retrain_without_f4_dup_b,5,2.357975024443406,2.138834476470948
105,retrain_without_f4_dup_b,6,2.024837713975173,1.9754339456558228
105,retrain_without_f4_dup_b,7,1.857232405589177,1.9311403632164
105,retrain_without_f4_dup_b,8,1.8139185997155995,1.829829216003418
105,retrain_without_f4_dup_b,9,1.7673645202930155,1.7937015891075134
105,retrain_without_f4_dup_b,10,1.7341067790985107,1.812195360660553
105,retrain_without_f4_dup_b,11,1.663869940317594,1.76079261302948
105,retrain_without_f4_dup_b,12,1.6544772753348718,1.8230113983154297
105,retrain_without_f4_dup_b,13,1.6237290822542632,1.729314386844635
105,retrain_without_f4_dup_b,14,1.6100276525203998,1.6997917890548706
105,retrain_without_f4_dup_b,15,1.5889846361600437,1.7677406072616575
105,retrain_without_f4_dup_b,16,1.56632661819458,1.7399688959121704
105,retrain_without_f4_dup_b,17,1.5728786358466516,1.6993816494941711
105,retrain_without_f4_dup_b,18,1.549775169445918,1.6755534410476685
105,retrain_without_f4_dup_b,19,1.5321091138399563,1.7277501225471497
105,retrain_without_f4_dup_b,20,1.5215932405911958,1.7368552684783936
105,retrain_without_f4_dup_b,21,1.5265126961928148,1.7291719913482666
105,retrain_without_f4_dup_b,22,1.5177439818015466,1.7725512981414795
105,retrain_without_f4_dup_b,23,1.4979409713011522,1.7286144495010376
105,retrain_without_f4_dup_b,24,1.500170423434331,1.7485861778259275
105,retrain_without_f4_dup_b,25,1.485275525313157,1.7368128895759585
105,retrain_without_f4_dup_b,26,1.4762603778105516,1.7529955506324768
105,retrain_without_f4_dup_b,27,1.4748470599834735,1.765087068080902
105,retrain_without_f4_dup_b,28,1.4683974431111262,1.7621130347251892
105,retrain_without_f4_dup_b,29,1.4496785218899066,1.7128984928131104
105,retrain_without_f4_dup_b,30,1.449815685932453,1.6910635232925415
105,retrain_without_f4_dup_b,31,1.4514183631310096,1.7810474038124084
105,retrain_without_f4_dup_b,32,1.446439633002648,1.781567096710205
105,retrain_without_f4_dup_b,33,1.436234978529123,1.7316417694091797
105,retrain_without_f4_dup_b,34,1.4278574631764338,1.7454389929771423
105,retrain_without_f4_dup_b,35,1.424717930647043,1.7388562560081482
105,retrain_without_f4_dup_b,36,1.4247789749732385,1.741999864578247
105,retrain_without_f4_dup_b,37,1.4207474910295927,1.752242386341095
105,retrain_without_f4_dup_b,38,1.413908655826862,1.7352128624916077
105,retrain_without_f4_dup_b,39,1.3991155899488008,1.7319834232330322
105,retrain_without_f4_dup_b,40,1.40221552665417,1.7404731512069702
105,retrain_without_f4_dup_b,41,1.3773053517708411,1.790094971656799
105,retrain_without_f4_dup_b,42,1.394370280779325,1.8013474345207214
105,retrain_without_f4_dup_b,43,1.3796338943334727,1.7603049874305725
105,retrain_without_f5_null,0,5.064221418820894,4.673261880874634
105,retrain_without_f5_null,1,4.491518020629883,4.257067918777466
105,retrain_without_f5_null,2,4.0433286520151,3.7999887466430655
105,retrain_without_f5_null,3,3.5429901159726658,3.324963331222534
105,retrain_without_f5_null,4,3.083793383378249,2.7596465349197388
105,retrain_without_f5_null,5,2.352714474384601,2.073898196220398
105,retrain_without_f5_null,6,1.974907499093276,1.9325700402259829
105,retrain_without_f5_null,7,1.8374277353286743,1.8821202516555784
105,retrain_without_f5_null,8,1.7899573949667125,1.8744319677352903
105,retrain_without_f5_null,9,1.7239688634872437,1.7866873145103457
105,retrain_without_f5_null,10,1.6955737609129686,1.7750443816184998
105,retrain_without_f5_null,11,1.6517264751287608,1.726513385772705
105,retrain_without_f5_null,12,1.623120876458975,1.7709551453590393
105,retrain_without_f5_null,13,1.6063520908355713,1.701412558555603
105,retrain_without_f5_null,14,1.5823379296522877,1.654812574386597
105,retrain_without_f5_null,15,1.580566140321585,1.7520211338996887
105,retrain_without_f5_null,16,1.558570540868319,1.6791443824768066
105,retrain_without_f5_null,17,1.5457538733115563,1.6718093156814575
105,retrain_without_f5_null,18,1.5408144639088557,1.6472997069358826
105,retrain_without_f5_null,19,1.534346158687885,1.749487042427063
105,retrain_without_f5_null,20,1.5359660478738637,1.702737808227539
105,retrain_without_f5_null,21,1.5573022824067335,1.7420806884765625
105,retrain_without_f5_null,22,1.520876563512362,1.739749789237976
105,retrain_without_f5_null,23,1.4890496455706084,1.6857083439826963
105,retrain_without_f5_null,24,1.4972469898370595,1.7271071076393127
105,retrain_without_f5_null,25,1.4756734646283662,1.6995431184768677
105,retrain_without_f5_null,26,1.4752285938996534,1.7264022827148438
105,retrain_without_f5_null,27,1.4732181017215435,1.7601082921028135
105,retrain_without_f5_null,28,1.4780573203013494,1.707406222820282
105,retrain_without_f5_null,29,1.4511739382377038,1.676561713218689
105,retrain_without_f5_null,30,1.4461035636755135,1.6710026264190674
105,retrain_without_f5_null,31,1.4398596745270948,1.7101080417633057
105,retrain_without_f5_null,32,1.4327595509015596,1.7185004949569702
105,retrain_without_f5_null,33,1.4259814665867732,1.6815080046653748
105,retrain_without_f5_null,34,1.416653752326965,1.6839048862457275
105,retrain_without_f5_null,35,1.4113713044386644,1.7025815844535828
105,retrain_without_f5_null,36,1.421665017421429,1.7128841876983645
105,retrain_without_f5_null,37,1.418241519194383,1.6701382994651794
105,retrain_without_f5_null,38,1.3992152855946467,1.6997844576835632
105,retrain_without_f5_null,39,1.390725933588468,1.6948503255844116
105,retrain_without_f5_null,40,1.400656663454496,1.6693150401115415
105,retrain_without_f5_null,41,1.374972260915316,1.7456867098808289
105,retrain_without_f5_null,42,1.3932694930296678,1.7118321061134338
105,retrain_without_f5_null,43,1.3723562038861787,1.6989490389823914
105,retrain_without_f6_suppressor,0,5.0556942499600925,4.666463851928711
105,retrain_without_f6_suppressor,1,4.491306341611422,4.274423837661743
105,retrain_without_f6_suppressor,2,4.081243239916288,3.859234809875488
105,retrain_without_f6_suppressor,3,3.679095359948965,3.552829384803772
105,retrain_without_f6_suppressor,4,3.495301375022301,3.502042293548584
105,retrain_without_f6_suppressor,5,3.4072676988748403,3.4834734201431274
105,retrain_without_f6_suppressor,6,3.3688266093914327,3.4227726459503174
105,retrain_without_f6_suppressor,7,3.334047097426194,3.420561671257019
105,retrain_without_f6_suppressor,8,3.322084463559664,3.3857650756835938
105,retrain_without_f6_suppressor,9,3.304800748825073,3.3884220123291016
105,retrain_without_f6_suppressor,10,3.29187954389132,3.396378517150879
105,retrain_without_f6_suppressor,11,3.275364398956299,3.329679489135742
105,retrain_without_f6_suppressor,12,3.260625142317552,3.411623001098633
105,retrain_without_f6_suppressor,13,3.2464250784653883,3.335887670516968
105,retrain_without_f6_suppressor,14,3.240784791799692,3.3148298263549805
105,retrain_without_f6_suppressor,15,3.23629931303171,3.3953462839126587
105,retrain_without_f6_suppressor,16,3.225734967451829,3.3594603538513184
105,retrain_without_f6_suppressor,17,3.209438122235812,3.363051056861877
105,retrain_without_f6_suppressor,18,3.213749243662908,3.36512291431427
105,retrain_without_f6_suppressor,19,3.1999186185690074,3.418521761894226
105,retrain_without_f6_suppressor,20,3.2061223800365743,3.416573405265808
105,retrain_without_f6_suppressor,21,3.196785303262564,3.3847224712371826
105,retrain_without_f6_suppressor,22,3.1908113956451416,3.4235174655914307
105,retrain_without_f6_suppressor,23,3.174826035132775,3.430611252784729
105,retrain_without_f6_suppressor,24,3.171421656241784,3.4476464986801147
105,retrain_without_f6_suppressor,25,3.1599914660820594,3.411428451538086
105,retrain_without_f6_suppressor,26,3.159428229698768,3.4095118045806885
105,retrain_without_f6_suppressor,27,3.146456920183622,3.419085144996643
105,retrain_without_f6_suppressor,28,3.147663061435406,3.421739339828491
105,retrain_without_f6_suppressor,29,3.123725469295795,3.393340229988098
105,retrain_without_f6_suppressor,30,3.127402268923246,3.4123263359069824
105,retrain_without_f6_suppressor,31,3.1234257221221924,3.428248167037964
105,retrain_without_f6_suppressor,32,3.1294993804051328,3.448624849319458
105,retrain_without_f6_suppressor,33,3.109185897386991,3.403849124908448
105,retrain_without_f6_suppressor,34,3.0997173969562235,3.4267232418060303
105,retrain_without_f6_suppressor,35,3.0903274829571066,3.4371198415756226
105,retrain_without_f6_suppressor,36,3.0893135254199686,3.418935060501098
105,retrain_without_f6_suppressor,37,3.096340142763578,3.4217389822006226
105,retrain_without_f6_suppressor,38,3.081238086407001,3.450851798057556
105,retrain_without_f6_suppressor,39,3.074965110191932,3.4515029191970825
105,retrain_without_f7_weak,0,5.069528286273663,4.692638158798218
105,retrain_without_f7_weak,1,4.513868955465464,4.295435667037964
105,retrain_without_f7_weak,2,4.097503497050359,3.8642783164978014
105,retrain_without_f7_weak,3,3.631771931281457,3.4258075952529907
105,retrain_without_f7_weak,4,3.2038113337296705,2.913336992263794
105,retrain_without_f7_weak,5,2.4740393528571496,2.2108668088912964
105,retrain_without_f7_weak,6,2.072453361291152,2.069203972816468
105,retrain_without_f7_weak,7,1.9277974183742816,2.006742715835572
105,retrain_without_f7_weak,8,1.868137487998376,1.9318015575408936
105,retrain_without_f7_weak,9,1.8083650974126964,1.907892346382141
105,retrain_without_f7_weak,10,1.7773897372759306,1.883039832115173
105,retrain_without_f7_weak,11,1.7286372184753418,1.8409043550491333
105,retrain_without_f7_weak,12,1.7228967409867506,1.8688539862632751
105,retrain_without_f7_weak,13,1.7118563468639667,1.802750527858734
105,retrain_without_f7_weak,14,1.6890324720969567,1.7637006640434263
105,retrain_without_f7_weak,15,1.6859760559522188,1.8397687673568728
105,retrain_without_f7_weak,16,1.647283407358023,1.8523887991905208
105,retrain_without_f7_weak,17,1.660213433779203,1.7919150590896606
105,retrain_without_f7_weak,18,1.6295247261340802,1.7568193078041077
105,retrain_without_f7_weak,19,1.6048979667516856,1.82358992099762
105,retrain_without_f7_weak,20,1.608837008476257,1.80582058429718
105,retrain_without_f7_weak,21,1.6004797495328462,1.7997066974639893
105,retrain_without_f7_weak,22,1.6006605991950402,1.835126280784607
105,retrain_without_f7_weak,23,1.5778272702143743,1.7770719528198242
105,retrain_without_f7_weak,24,1.5768777498832116,1.8161948919296265
105,retrain_without_f7_weak,25,1.5629474566533017,1.81063574552536
105,retrain_without_f7_weak,26,1.5539883008370032,1.8070690631866453
105,retrain_without_f7_weak,27,1.5497557750115027,1.838011384010315
105,retrain_without_f7_weak,28,1.5476715197929969,1.832552433013916
105,retrain_without_f7_weak,29,1.5265521636376014,1.7921992540359497
105,retrain_without_f7_weak,30,1.5283139027082002,1.7666392922401428
105,retrain_without_f7_weak,31,1.5232957784946148,1.817290544509888
105,retrain_without_f7_weak,32,1.5075573737804706,1.8177754878997805
105,retrain_without_f7_weak,33,1.5060253876906176,1.8004462718963623
105,retrain_without_f7_weak,34,1.5037643634355986,1.7903830409049988
105,retrain_without_f7_weak,35,1.4970958416278546,1.774703860282898
105,retrain_without_f7_weak,36,1.4858310681123,1.816242933273316
105,retrain_without_f7_weak,37,1.503132728429941,1.784686028957367
105,retrain_without_f7_weak,38,1.4830720791449914,1.7908052802085876
105,retrain_without_f7_weak,39,1.4695079693427453,1.785788655281067
105,retrain_without_f7_weak,40,1.4885906256162202,1.7952374815940857
105,retrain_without_f7_weak,41,1.484528871682974,1.9157744646072388
105,retrain_without_f7_weak,42,1.525928332255437,1.806778073310852
105,retrain_without_f7_weak,43,1.481812101144057,1.7780515551567078
105,retrain_without_f8_bigcoef,0,5.084153725550725,4.714418411254883
105,retrain_without_f8_bigcoef,1,4.555739916287935,4.346668720245361
105,retrain_without_f8_bigcoef,2,4.177707525400015,3.966577291488648
105,retrain_without_f8_bigcoef,3,3.764745583901039,3.5839556455612183
105,retrain_without_f8_bigcoef,4,3.37880853506235,3.110850214958191
105,retrain_without_f8_bigcoef,5,2.6706387446476865,2.3996310234069824
105,retrain_without_f8_bigcoef,6,2.2775597205528846,2.273704290390014
105,retrain_without_f8_bigcoef,7,2.116191423856295,2.160101890563965
105,retrain_without_f8_bigcoef,8,2.0572876380040097,2.1348172426223755
105,retrain_without_f8_bigcoef,9,2.0034689536461463,2.044114589691162
105,retrain_without_f8_bigcoef,10,1.984428121493413,2.0700684785842896
105,retrain_without_f8_bigcoef,11,1.9560829676114595,2.0630533695220947
105,retrain_without_f8_bigcoef,12,1.919894539392912,2.061557650566101
105,retrain_without_f8_bigcoef,13,1.900798971836384,1.9890594482421875
105,retrain_without_f8_bigcoef,14,1.8958632946014404,1.9378587007522583
105,retrain_without_f8_bigcoef,15,1.8646274621670065,1.9702794551849363
105,retrain_without_f8_bigcoef,16,1.8379002992923443,2.0165992975234985
105,retrain_without_f8_bigcoef,17,1.8442269196877112,1.954559564590454
105,retrain_without_f8_bigcoef,18,1.8281698868824885,1.9353551268577576
105,retrain_without_f8_bigcoef,19,1.796081854746892,1.968960881233216
105,retrain_without_f8_bigcoef,20,1.7932070952195387,1.9768238067626955
105,retrain_without_f8_bigcoef,21,1.8084004475520208,1.9800052046775816
105,retrain_without_f8_bigcoef,22,1.7964221697587233,2.0146721601486206
105,retrain_without_f8_bigcoef,23,1.771433261724619,2.002105414867401
105,retrain_without_f8_bigcoef,24,1.754111693455623,1.9800434112548828
105,retrain_without_f8_bigcoef,25,1.74745289178995,1.999871134757996
105,retrain_without_f8_bigcoef,26,1.7478225231170654,1.9663706421852112
105,retrain_without_f8_bigcoef,27,1.747304888872,1.9642799496650696
105,retrain_without_f8_bigcoef,28,1.726459631553063,1.98491895198822
105,retrain_without_f8_bigcoef,29,1.7316792744856615,1.9395440816879272
105,retrain_without_f8_bigcoef,30,1.7271535121477568,1.9342799186706543
105,retrain_without_f8_bigcoef,31,1.7263984038279607,1.976402282714844
105,retrain_without_f8_bigcoef,32,1.7168599092043364,1.958367109298706
105,retrain_without_f8_bigcoef,33,1.7025225529303918,1.972051978111267
105,retrain_without_f8_bigcoef,34,1.6872644882935743,1.952627658843994
105,retrain_without_f8_bigcoef,35,1.691482397226187,1.925163447856903
105,retrain_without_f8_bigcoef,36,1.678337729894198,1.9537216424942017
105,retrain_without_f8_bigcoef,37,1.7061201884196355,1.9412432312965395
105,retrain_without_f8_bigcoef,38,1.67657025043781,1.9507980942726133
105,retrain_without_f8_bigcoef,39,1.6626877601330097,1.9427798986434937
105,retrain_without_f8_bigcoef,40,1.6677353198711689,1.9689574241638184
105,retrain_without_f8_bigcoef,41,1.6635647737062895,1.963088631629944
105,retrain_without_f8_bigcoef,42,1.67739593065702,2.0333006381988525
105,retrain_without_f8_bigcoef,43,1.689297162569486,1.9388076663017275
105,retrain_without_f8_bigcoef,44,1.6493345223940337,1.9766205549240112
105,retrain_without_f8_bigcoef,45,1.6504127245682936,1.9866616129875183
105,retrain_without_f8_bigcoef,46,1.638424799992488,1.9840073585510247
105,retrain_without_f8_bigcoef,47,1.6358067805950458,1.950483739376068
105,retrain_without_f8_bigcoef,48,1.6326736028377826,1.996976852416992
105,retrain_without_f8_bigcoef,49,1.6256296176176803,1.9566426277160645
105,retrain_without_f8_bigcoef,50,1.6319421438070445,1.9545170664787288
105,retrain_without_f8_bigcoef,51,1.617681356576773,1.923811197280884
105,retrain_without_f8_bigcoef,52,1.6125400158075185,1.9769874811172483
105,retrain_without_f8_bigcoef,53,1.5993120670318604,1.9845281839370728
105,retrain_without_f8_bigcoef,54,1.601455651796781,2.0496599674224854
105,retrain_without_f8_bigcoef,55,1.6079608568778403,1.984744548797608
105,retrain_without_f8_bigcoef,56,1.6054151975191555,1.979253888130188
105,retrain_without_f8_bigcoef,57,1.5919485825758717,2.052057206630707
105,retrain_without_f8_bigcoef,58,1.5825848212608924,1.9690311551094053
105,retrain_without_f8_bigcoef,59,1.5741285910973182,1.9658716917037964
105,retrain_without_f8_bigcoef,60,1.5779793354181142,2.030608654022217
105,retrain_without_f8_bigcoef,61,1.580809318102323,2.0081520080566406
105,retrain_without_f8_bigcoef,62,1.5729710964056165,1.9878546595573423
105,retrain_without_f8_bigcoef,63,1.5658218127030592,1.9880237579345703
105,retrain_without_f8_bigcoef,64,1.5583039063673754,1.9816622734069824
105,retrain_without_f8_bigcoef,65,1.5673119104825532,2.051843881607056
105,retrain_without_f8_bigcoef,66,1.5493121697352483,2.0237324237823486
105,retrain_without_f8_bigcoef,67,1.5346533701970029,2.006584048271179
105,retrain_without_f8_bigcoef,68,1.5421975667660053,2.024257779121399
105,retrain_without_f8_bigcoef,69,1.5311802992453942,2.02264267206192
105,retrain_without_f8_bigcoef,70,1.546123477128836,2.016931891441345
105,retrain_without_f8_bigcoef,71,1.5294104906228871,2.0402088165283203
105,retrain_without_f8_bigcoef,72,1.5248788870297945,2.0237892866134644
105,retrain_without_f8_bigcoef,73,1.5141123166451087,2.0641331672668457
105,retrain_without_f8_bigcoef,74,1.5147248965043287,2.025746464729309
105,retrain_without_f8_bigcoef,75,1.5226498475441566,2.0211219787597656
105,retrain_without_f8_bigcoef,76,1.527333406301645,2.054784655570984
105,retrain_without_noise_0,0,5.089314680833083,4.701071262359619
105,retrain_without_noise_0,1,4.516326170701247,4.26815938949585
105,retrain_without_noise_0,2,4.076310634613037,3.820061802864074
105,retrain_without_noise_0,3,3.587111197985136,3.350582242012024
105,retrain_without_noise_0,4,3.143189210158128,2.825410842895508
105,retrain_without_noise_0,5,2.411836734184852,2.124303102493286
105,retrain_without_noise_0,6,2.036990367449247,1.9752039313316343
105,retrain_without_noise_0,7,1.8745120396980872,1.916823387145996
105,retrain_without_noise_0,8,1.8288452166777391,1.8417030572891235
105,retrain_without_noise_0,9,1.7633822147662823,1.831238865852356
105,retrain_without_noise_0,10,1.7364778518676758,1.8347740173339844
105,retrain_without_noise_0,11,1.693198983485882,1.7668253779411316
105,retrain_without_noise_0,12,1.6508333041117742,1.7958565950393677
105,retrain_without_noise_0,13,1.6297673537180974,1.7085909247398376
105,retrain_without_noise_0,14,1.6158904020602889,1.7008046507835388
105,retrain_without_noise_0,15,1.5981728755510771,1.7454102039337158
105,retrain_without_noise_0,16,1.5714217057594886,1.718965470790863
105,retrain_without_noise_0,17,1.610328848545368,1.826483368873596
105,retrain_without_noise_0,18,1.5771351502491875,1.6850133538246157
105,retrain_without_noise_0,19,1.5776923161286571,1.7272846698760986
105,retrain_without_noise_0,20,1.5497379578076875,1.732011079788208
105,retrain_without_noise_0,21,1.551170147382296,1.7441181540489197
105,retrain_without_noise_0,22,1.5375915215565608,1.7944400906562803
105,retrain_without_noise_0,23,1.5156575257961566,1.71926087141037
105,retrain_without_noise_0,24,1.496099325326773,1.7372997999191284
105,retrain_without_noise_0,25,1.486892975293673,1.702809989452362
105,retrain_without_noise_0,26,1.4841130146613488,1.7068644165992737
105,retrain_without_noise_0,27,1.4757062471829927,1.76926189661026
105,retrain_without_noise_0,28,1.4838540278948271,1.7293820977211
105,retrain_without_noise_0,29,1.4684226421209483,1.692536234855652
105,retrain_without_noise_0,30,1.462890203182514,1.6685003638267517
105,retrain_without_noise_0,31,1.472251635331374,1.719722032546997
105,retrain_without_noise_0,32,1.4552189386807954,1.7124390006065369
105,retrain_without_noise_0,33,1.438368742282574,1.6998714208602903
105,retrain_without_noise_0,34,1.4303570985794067,1.6877468824386597
105,retrain_without_noise_0,35,1.4173770042566152,1.6770873069763184
105,retrain_without_noise_0,36,1.4221480259528527,1.7042070627212524
105,retrain_without_noise_0,37,1.4297530284294715,1.6858033537864685
105,retrain_without_noise_0,38,1.4104216282184308,1.7074421644210815
105,retrain_without_noise_0,39,1.4047465141002948,1.7170893549919128
105,retrain_without_noise_0,40,1.391086248251108,1.6795121431350708
105,retrain_without_noise_0,41,1.3778698994563177,1.748513102531433
105,retrain_without_noise_0,42,1.3952020498422475,1.7717881202697754
105,retrain_without_noise_0,43,1.3821115860572228,1.7131672501564026
105,retrain_without_noise_0,44,1.3968795262850249,1.8669034242630005
105,retrain_without_noise_0,45,1.4089353543061476,1.730435132980347
105,retrain_without_noise_0,46,1.3731803527245154,1.7187706232070925
105,retrain_without_noise_0,47,1.3695172254855816,1.7404457330703735
105,retrain_without_noise_0,48,1.370579224366408,1.741004228591919
105,retrain_without_noise_0,49,1.3584084877601037,1.688442885875702
105,retrain_without_noise_0,50,1.3617737293243408,1.7082889080047607
105,retrain_without_noise_0,51,1.3508284091949463,1.6752774119377136
105,retrain_without_noise_0,52,1.3446517449158888,1.7291290760040283
105,retrain_without_noise_0,53,1.3289853151027973,1.7440099120140076
105,retrain_without_noise_0,54,1.3575433217562165,1.782948911190033
105,retrain_without_noise_0,55,1.3394902761165912,1.7580424547195437
